captured_at_local,event_id,competition,category,home_team,away_team,kickoff_utc,minutes_to_kickoff,market,submarket,outcome,params,price
2026-10-08T00:01:27.752059+02:00,36609416,Brasileiro Serie B,Brazil,Avai FC SC,Londrina EC PR,2026-10-07T22:30:00+00:00,28.5375,soccer.asian_handicap,period=ft,home,handicap=-0.25,1.89
2026-10-08T00:01:27.752059+02:00,36609416,Brasileiro Serie B,Brazil,Avai FC SC,Londrina EC PR,2026-10-07T22:30:00+00:00,28.5375,soccer.asian_handicap,period=ft,away,handicap=-0.25,1.94
2026-10-08T00:01:27.752059+02:00,36609416,Brasileiro Serie B,Brazil,Avai FC SC,Londrina EC PR,2026-10-07T22:30:00+00:00,28.5375,soccer.asian_handicap,period=ft,home,handicap=-1.25,4.05
2026-10-08T00:01:27.752059+02:00,36609416,Brasileiro Serie B,Brazil,Avai FC SC,Londrina EC PR,2026-10-07T22:30:00+00:00,28.5375,soccer.asian_handicap,period=ft,away,handicap=-1.25,1.24
2026-10-08T00:01:27.752059+02:00,36609416,Brasileiro Serie B,Brazil,Avai FC SC,Londrina EC PR,2026-10-07T22:30:00+00:00,28.5375,soccer.asian_handicap,period=ft,home,handicap=-1,3.55
2026-10-08T00:01:27.752059+02:00,36609416,Brasileiro Serie B,Brazil,Avai FC SC,Londrina EC PR,2026-10-07T22:30:00+00:00,28.5375,soccer.asian_handicap,period=ft,away,handicap=-1,1.29
2026-10-08T00:01:27.752059+02:00,36609416,Brasileiro Serie B,Brazil,Avai FC SC,Londrina EC PR,2026-10-07T22:30:00+00:00,28.5375,soccer.asian_handicap,period=ft,home,handicap=-0.75,2.65
2026-10-08T00:01:27.752059+02:00,36609416,Brasileiro Serie B,Brazil,Avai FC SC,Londrina EC PR,2026-10-07T22:30:00+00:00,28.5375,soccer.asian_handicap,period=ft,away,handicap=-0.75,1.48
2026-10-08T00:01:27.752059+02:00,36609416,Brasileiro Serie B,Brazil,Avai FC SC,Londrina EC PR,2026-10-07T22:30:00+00:00,28.5375,soccer.asian_handicap,period=ft,home,handicap=-0.5,2.2
2026-10-08T00:01:27.752059+02:00,36609416,Brasileiro Serie B,Brazil,Avai FC SC,Londrina EC PR,2026-10-07T22:30:00+00:00,28.5375,soccer.asian_handicap,period=ft,away,handicap=-0.5,1.67
2026-10-08T00:01:27.752059+02:00,36609416,Brasileiro Serie B,Brazil,Avai FC SC,Londrina EC PR,2026-10-07T22:30:00+00:00,28.5375,soccer.asian_handicap,period=ft,home,handicap=0,1.55
2026-10-08T00:01:27.752059+02:00,36609416,Brasileiro Serie B,Brazil,Avai FC SC,Londrina EC PR,2026-10-07T22:30:00+00:00,28.5375,soccer.asian_handicap,period=ft,away,handicap=0,2.45
2026-10-08T00:01:27.752059+02:00,36609416,Brasileiro Serie B,Brazil,Avai FC SC,Londrina EC PR,2026-10-07T22:30:00+00:00,28.5375,soccer.asian_handicap,period=ft,home,handicap=0.25,1.4
2026-10-08T00:01:27.752059+02:00,36609416,Brasileiro Serie B,Brazil,Avai FC SC,Londrina EC PR,2026-10-07T22:30:00+00:00,28.5375,soccer.asian_handicap,period=ft,away,handicap=0.25,3.0
2026-10-08T00:01:27.752059+02:00,36609416,Brasileiro Serie B,Brazil,Avai FC SC,Londrina EC PR,2026-10-07T22:30:00+00:00,28.5375,soccer.asian_handicap,period=ft,home,handicap=0.5,1.3
2026-10-08T00:01:27.752059+02:00,36609416,Brasileiro Serie B,Brazil,Avai FC SC,Londrina EC PR,2026-10-07T22:30:00+00:00,28.5375,soccer.asian_handicap,period=ft,away,handicap=0.5,3.45
2026-10-08T00:01:27.752059+02:00,36609416,Brasileiro Serie B,Brazil,Avai FC SC,Londrina EC PR,2026-10-07T22:30:00+00:00,28.5375,soccer.asian_handicap,period=ft,home,handicap=0.75,1.19
2026-10-08T00:01:27.752059+02:00,36609416,Brasileiro Serie B,Brazil,Avai FC SC,Londrina EC PR,2026-10-07T22:30:00+00:00,28.5375,soccer.asian_handicap,period=ft,away,handicap=0.75,4.6
2026-10-08T00:01:27.752059+02:00,36609416,Brasileiro Serie B,Brazil,Avai FC SC,Londrina EC PR,2026-10-07T22:30:00+00:00,28.5375,soccer.double_chance,period=ft,draw_away,,1.66
2026-10-08T00:01:27.752059+02:00,36609416,Brasileiro Serie B,Brazil,Avai FC SC,Londrina EC PR,2026-10-07T22:30:00+00:00,28.5375,soccer.double_chance,period=ft,home_away,,1.36
2026-10-08T00:01:27.752059+02:00,36609416,Brasileiro Serie B,Brazil,Avai FC SC,Londrina EC PR,2026-10-07T22:30:00+00:00,28.5375,soccer.double_chance,period=ft,home_draw,,1.3
2026-10-08T00:01:27.752059+02:00,36609416,Brasileiro Serie B,Brazil,Avai FC SC,Londrina EC PR,2026-10-07T22:30:00+00:00,28.5375,soccer.match_odds,period=ft,home,,2.2
2026-10-08T00:01:27.752059+02:00,36609416,Brasileiro Serie B,Brazil,Avai FC SC,Londrina EC PR,2026-10-07T22:30:00+00:00,28.5375,soccer.match_odds,period=ft,draw,,3.1
2026-10-08T00:01:27.752059+02:00,36609416,Brasileiro Serie B,Brazil,Avai FC SC,Londrina EC PR,2026-10-07T22:30:00+00:00,28.5375,soccer.match_odds,period=ft,away,,3.5
2026-10-08T00:01:27.752059+02:00,36609416,Brasileiro Serie B,Brazil,Avai FC SC,Londrina EC PR,2026-10-07T22:30:00+00:00,28.5375,soccer.total_goals,period=ft,over,total=2.25,2.03
2026-10-08T00:01:27.752059+02:00,36609416,Brasileiro Serie B,Brazil,Avai FC SC,Londrina EC PR,2026-10-07T22:30:00+00:00,28.5375,soccer.total_goals,period=ft,under,total=2.25,1.8
2026-10-08T00:01:27.752059+02:00,36609416,Brasileiro Serie B,Brazil,Avai FC SC,Londrina EC PR,2026-10-07T22:30:00+00:00,28.5375,soccer.total_goals,period=ft,over,total=1.5,1.41
2026-10-08T00:01:27.752059+02:00,36609416,Brasileiro Serie B,Brazil,Avai FC SC,Londrina EC PR,2026-10-07T22:30:00+00:00,28.5375,soccer.total_goals,period=ft,under,total=1.5,2.85
2026-10-08T00:01:27.752059+02:00,36609416,Brasileiro Serie B,Brazil,Avai FC SC,Londrina EC PR,2026-10-07T22:30:00+00:00,28.5375,soccer.total_goals,period=ft,over,total=1.75,1.53
2026-10-08T00:01:27.752059+02:00,36609416,Brasileiro Serie B,Brazil,Avai FC SC,Londrina EC PR,2026-10-07T22:30:00+00:00,28.5375,soccer.total_goals,period=ft,under,total=1.75,2.5
2026-10-08T00:01:27.752059+02:00,36609416,Brasileiro Serie B,Brazil,Avai FC SC,Londrina EC PR,2026-10-07T22:30:00+00:00,28.5375,soccer.total_goals,period=ft,over,total=2,1.72
2026-10-08T00:01:27.752059+02:00,36609416,Brasileiro Serie B,Brazil,Avai FC SC,Londrina EC PR,2026-10-07T22:30:00+00:00,28.5375,soccer.total_goals,period=ft,under,total=2,2.13
2026-10-08T00:01:27.752059+02:00,36609416,Brasileiro Serie B,Brazil,Avai FC SC,Londrina EC PR,2026-10-07T22:30:00+00:00,28.5375,soccer.total_goals,period=ft,over,total=2.5,2.3
2026-10-08T00:01:27.752059+02:00,36609416,Brasileiro Serie B,Brazil,Avai FC SC,Londrina EC PR,2026-10-07T22:30:00+00:00,28.5375,soccer.total_goals,period=ft,under,total=2.5,1.6
2026-10-08T00:01:27.752059+02:00,36609416,Brasileiro Serie B,Brazil,Avai FC SC,Londrina EC PR,2026-10-07T22:30:00+00:00,28.5375,soccer.total_goals,period=ft,over,total=2.75,2.75
2026-10-08T00:01:27.752059+02:00,36609416,Brasileiro Serie B,Brazil,Avai FC SC,Londrina EC PR,2026-10-07T22:30:00+00:00,28.5375,soccer.total_goals,period=ft,under,total=2.75,1.45
2026-10-08T00:01:27.752059+02:00,36609416,Brasileiro Serie B,Brazil,Avai FC SC,Londrina EC PR,2026-10-07T22:30:00+00:00,28.5375,soccer.total_goals,period=ft,over,total=3.5,4.3
2026-10-08T00:01:27.752059+02:00,36609416,Brasileiro Serie B,Brazil,Avai FC SC,Londrina EC PR,2026-10-07T22:30:00+00:00,28.5375,soccer.total_goals,period=ft,under,total=3.5,1.21
2026-10-08T00:01:27.752059+02:00,36609397,Brasileiro Serie B,Brazil,Operario Ferroviario EC PR,Botafogo FC SP,2026-10-07T22:30:00+00:00,28.5375,soccer.asian_handicap,period=ft,home,handicap=-0.25,1.88
2026-10-08T00:01:27.752059+02:00,36609397,Brasileiro Serie B,Brazil,Operario Ferroviario EC PR,Botafogo FC SP,2026-10-07T22:30:00+00:00,28.5375,soccer.asian_handicap,period=ft,away,handicap=-0.25,1.96
2026-10-08T00:01:27.752059+02:00,36609397,Brasileiro Serie B,Brazil,Operario Ferroviario EC PR,Botafogo FC SP,2026-10-07T22:30:00+00:00,28.5375,soccer.asian_handicap,period=ft,home,handicap=-1.25,3.9
2026-10-08T00:01:27.752059+02:00,36609397,Brasileiro Serie B,Brazil,Operario Ferroviario EC PR,Botafogo FC SP,2026-10-07T22:30:00+00:00,28.5375,soccer.asian_handicap,period=ft,away,handicap=-1.25,1.25
2026-10-08T00:01:27.752059+02:00,36609397,Brasileiro Serie B,Brazil,Operario Ferroviario EC PR,Botafogo FC SP,2026-10-07T22:30:00+00:00,28.5375,soccer.asian_handicap,period=ft,home,handicap=-1,3.45
2026-10-08T00:01:27.752059+02:00,36609397,Brasileiro Serie B,Brazil,Operario Ferroviario EC PR,Botafogo FC SP,2026-10-07T22:30:00+00:00,28.5375,soccer.asian_handicap,period=ft,away,handicap=-1,1.31
2026-10-08T00:01:27.752059+02:00,36609397,Brasileiro Serie B,Brazil,Operario Ferroviario EC PR,Botafogo FC SP,2026-10-07T22:30:00+00:00,28.5375,soccer.asian_handicap,period=ft,home,handicap=-0.75,2.6
2026-10-08T00:01:27.752059+02:00,36609397,Brasileiro Serie B,Brazil,Operario Ferroviario EC PR,Botafogo FC SP,2026-10-07T22:30:00+00:00,28.5375,soccer.asian_handicap,period=ft,away,handicap=-0.75,1.5
2026-10-08T00:01:27.752059+02:00,36609397,Brasileiro Serie B,Brazil,Operario Ferroviario EC PR,Botafogo FC SP,2026-10-07T22:30:00+00:00,28.5375,soccer.asian_handicap,period=ft,home,handicap=-0.5,2.19
2026-10-08T00:01:27.752059+02:00,36609397,Brasileiro Serie B,Brazil,Operario Ferroviario EC PR,Botafogo FC SP,2026-10-07T22:30:00+00:00,28.5375,soccer.asian_handicap,period=ft,away,handicap=-0.5,1.69
2026-10-08T00:01:27.752059+02:00,36609397,Brasileiro Serie B,Brazil,Operario Ferroviario EC PR,Botafogo FC SP,2026-10-07T22:30:00+00:00,28.5375,soccer.asian_handicap,period=ft,home,handicap=0,1.55
2026-10-08T00:01:27.752059+02:00,36609397,Brasileiro Serie B,Brazil,Operario Ferroviario EC PR,Botafogo FC SP,2026-10-07T22:30:00+00:00,28.5375,soccer.asian_handicap,period=ft,away,handicap=0,2.45
2026-10-08T00:01:27.752059+02:00,36609397,Brasileiro Serie B,Brazil,Operario Ferroviario EC PR,Botafogo FC SP,2026-10-07T22:30:00+00:00,28.5375,soccer.asian_handicap,period=ft,home,handicap=0.25,1.4
2026-10-08T00:01:27.752059+02:00,36609397,Brasileiro Serie B,Brazil,Operario Ferroviario EC PR,Botafogo FC SP,2026-10-07T22:30:00+00:00,28.5375,soccer.asian_handicap,period=ft,away,handicap=0.25,2.95
2026-10-08T00:01:27.752059+02:00,36609397,Brasileiro Serie B,Brazil,Operario Ferroviario EC PR,Botafogo FC SP,2026-10-07T22:30:00+00:00,28.5375,soccer.asian_handicap,period=ft,home,handicap=0.5,1.31
2026-10-08T00:01:27.752059+02:00,36609397,Brasileiro Serie B,Brazil,Operario Ferroviario EC PR,Botafogo FC SP,2026-10-07T22:30:00+00:00,28.5375,soccer.asian_handicap,period=ft,away,handicap=0.5,3.4
2026-10-08T00:01:27.752059+02:00,36609397,Brasileiro Serie B,Brazil,Operario Ferroviario EC PR,Botafogo FC SP,2026-10-07T22:30:00+00:00,28.5375,soccer.asian_handicap,period=ft,home,handicap=0.75,1.2
2026-10-08T00:01:27.752059+02:00,36609397,Brasileiro Serie B,Brazil,Operario Ferroviario EC PR,Botafogo FC SP,2026-10-07T22:30:00+00:00,28.5375,soccer.asian_handicap,period=ft,away,handicap=0.75,4.55
2026-10-08T00:01:27.752059+02:00,36609397,Brasileiro Serie B,Brazil,Operario Ferroviario EC PR,Botafogo FC SP,2026-10-07T22:30:00+00:00,28.5375,soccer.double_chance,period=ft,draw_away,,1.68
2026-10-08T00:01:27.752059+02:00,36609397,Brasileiro Serie B,Brazil,Operario Ferroviario EC PR,Botafogo FC SP,2026-10-07T22:30:00+00:00,28.5375,soccer.double_chance,period=ft,home_away,,1.34
2026-10-08T00:01:27.752059+02:00,36609397,Brasileiro Serie B,Brazil,Operario Ferroviario EC PR,Botafogo FC SP,2026-10-07T22:30:00+00:00,28.5375,soccer.double_chance,period=ft,home_draw,,1.31
2026-10-08T00:01:27.752059+02:00,36609397,Brasileiro Serie B,Brazil,Operario Ferroviario EC PR,Botafogo FC SP,2026-10-07T22:30:00+00:00,28.5375,soccer.match_odds,period=ft,home,,2.19
2026-10-08T00:01:27.752059+02:00,36609397,Brasileiro Serie B,Brazil,Operario Ferroviario EC PR,Botafogo FC SP,2026-10-07T22:30:00+00:00,28.5375,soccer.match_odds,period=ft,draw,,3.25
2026-10-08T00:01:27.752059+02:00,36609397,Brasileiro Serie B,Brazil,Operario Ferroviario EC PR,Botafogo FC SP,2026-10-07T22:30:00+00:00,28.5375,soccer.match_odds,period=ft,away,,3.45
2026-10-08T00:01:27.752059+02:00,36609397,Brasileiro Serie B,Brazil,Operario Ferroviario EC PR,Botafogo FC SP,2026-10-07T22:30:00+00:00,28.5375,soccer.total_goals,period=ft,over,total=2.25,1.96
2026-10-08T00:01:27.752059+02:00,36609397,Brasileiro Serie B,Brazil,Operario Ferroviario EC PR,Botafogo FC SP,2026-10-07T22:30:00+00:00,28.5375,soccer.total_goals,period=ft,under,total=2.25,1.87
2026-10-08T00:01:27.752059+02:00,36609397,Brasileiro Serie B,Brazil,Operario Ferroviario EC PR,Botafogo FC SP,2026-10-07T22:30:00+00:00,28.5375,soccer.total_goals,period=ft,over,total=1.5,1.38
2026-10-08T00:01:27.752059+02:00,36609397,Brasileiro Serie B,Brazil,Operario Ferroviario EC PR,Botafogo FC SP,2026-10-07T22:30:00+00:00,28.5375,soccer.total_goals,period=ft,under,total=1.5,2.95
2026-10-08T00:01:27.752059+02:00,36609397,Brasileiro Serie B,Brazil,Operario Ferroviario EC PR,Botafogo FC SP,2026-10-07T22:30:00+00:00,28.5375,soccer.total_goals,period=ft,over,total=1.75,1.49
2026-10-08T00:01:27.752059+02:00,36609397,Brasileiro Serie B,Brazil,Operario Ferroviario EC PR,Botafogo FC SP,2026-10-07T22:30:00+00:00,28.5375,soccer.total_goals,period=ft,under,total=1.75,2.6
2026-10-08T00:01:27.752059+02:00,36609397,Brasileiro Serie B,Brazil,Operario Ferroviario EC PR,Botafogo FC SP,2026-10-07T22:30:00+00:00,28.5375,soccer.total_goals,period=ft,over,total=2,1.65
2026-10-08T00:01:27.752059+02:00,36609397,Brasileiro Serie B,Brazil,Operario Ferroviario EC PR,Botafogo FC SP,2026-10-07T22:30:00+00:00,28.5375,soccer.total_goals,period=ft,under,total=2,2.2
2026-10-08T00:01:27.752059+02:00,36609397,Brasileiro Serie B,Brazil,Operario Ferroviario EC PR,Botafogo FC SP,2026-10-07T22:30:00+00:00,28.5375,soccer.total_goals,period=ft,over,total=2.5,2.2
2026-10-08T00:01:27.752059+02:00,36609397,Brasileiro Serie B,Brazil,Operario Ferroviario EC PR,Botafogo FC SP,2026-10-07T22:30:00+00:00,28.5375,soccer.total_goals,period=ft,under,total=2.5,1.65
2026-10-08T00:01:27.752059+02:00,36609397,Brasileiro Serie B,Brazil,Operario Ferroviario EC PR,Botafogo FC SP,2026-10-07T22:30:00+00:00,28.5375,soccer.total_goals,period=ft,over,total=2.75,2.6
2026-10-08T00:01:27.752059+02:00,36609397,Brasileiro Serie B,Brazil,Operario Ferroviario EC PR,Botafogo FC SP,2026-10-07T22:30:00+00:00,28.5375,soccer.total_goals,period=ft,under,total=2.75,1.49
2026-10-08T00:01:27.752059+02:00,36609397,Brasileiro Serie B,Brazil,Operario Ferroviario EC PR,Botafogo FC SP,2026-10-07T22:30:00+00:00,28.5375,soccer.total_goals,period=ft,over,total=3.5,4.15
2026-10-08T00:01:27.752059+02:00,36609397,Brasileiro Serie B,Brazil,Operario Ferroviario EC PR,Botafogo FC SP,2026-10-07T22:30:00+00:00,28.5375,soccer.total_goals,period=ft,under,total=3.5,1.22
2026-10-08T00:01:27.752059+02:00,36609422,Brasileiro Serie B,Brazil,America FC MG,Fortaleza EC CE,2026-10-07T23:30:00+00:00,88.5375,soccer.asian_handicap,period=ft,home,handicap=0.5,1.91
2026-10-08T00:01:27.752059+02:00,36609422,Brasileiro Serie B,Brazil,America FC MG,Fortaleza EC CE,2026-10-07T23:30:00+00:00,88.5375,soccer.asian_handicap,period=ft,away,handicap=0.5,1.93
2026-10-08T00:01:27.752059+02:00,36609422,Brasileiro Serie B,Brazil,America FC MG,Fortaleza EC CE,2026-10-07T23:30:00+00:00,88.5375,soccer.asian_handicap,period=ft,home,handicap=-0.5,4.0
2026-10-08T00:01:27.752059+02:00,36609422,Brasileiro Serie B,Brazil,America FC MG,Fortaleza EC CE,2026-10-07T23:30:00+00:00,88.5375,soccer.asian_handicap,period=ft,away,handicap=-0.5,1.24
2026-10-08T00:01:27.752059+02:00,36609422,Brasileiro Serie B,Brazil,America FC MG,Fortaleza EC CE,2026-10-07T23:30:00+00:00,88.5375,soccer.asian_handicap,period=ft,home,handicap=-0.25,3.45
2026-10-08T00:01:27.752059+02:00,36609422,Brasileiro Serie B,Brazil,America FC MG,Fortaleza EC CE,2026-10-07T23:30:00+00:00,88.5375,soccer.asian_handicap,period=ft,away,handicap=-0.25,1.3
2026-10-08T00:01:27.752059+02:00,36609422,Brasileiro Serie B,Brazil,America FC MG,Fortaleza EC CE,2026-10-07T23:30:00+00:00,88.5375,soccer.asian_handicap,period=ft,home,handicap=0,2.95
2026-10-08T00:01:27.752059+02:00,36609422,Brasileiro Serie B,Brazil,America FC MG,Fortaleza EC CE,2026-10-07T23:30:00+00:00,88.5375,soccer.asian_handicap,period=ft,away,handicap=0,1.4
2026-10-08T00:01:27.752059+02:00,36609422,Brasileiro Serie B,Brazil,America FC MG,Fortaleza EC CE,2026-10-07T23:30:00+00:00,88.5375,soccer.asian_handicap,period=ft,home,handicap=0.25,2.25
2026-10-08T00:01:27.752059+02:00,36609422,Brasileiro Serie B,Brazil,America FC MG,Fortaleza EC CE,2026-10-07T23:30:00+00:00,88.5375,soccer.asian_handicap,period=ft,away,handicap=0.25,1.66
2026-10-08T00:01:27.752059+02:00,36609422,Brasileiro Serie B,Brazil,America FC MG,Fortaleza EC CE,2026-10-07T23:30:00+00:00,88.5375,soccer.asian_handicap,period=ft,home,handicap=0.75,1.66
2026-10-08T00:01:27.752059+02:00,36609422,Brasileiro Serie B,Brazil,America FC MG,Fortaleza EC CE,2026-10-07T23:30:00+00:00,88.5375,soccer.asian_handicap,period=ft,away,handicap=0.75,2.2
2026-10-08T00:01:27.752059+02:00,36609422,Brasileiro Serie B,Brazil,America FC MG,Fortaleza EC CE,2026-10-07T23:30:00+00:00,88.5375,soccer.asian_handicap,period=ft,home,handicap=1,1.42
2026-10-08T00:01:27.752059+02:00,36609422,Brasileiro Serie B,Brazil,America FC MG,Fortaleza EC CE,2026-10-07T23:30:00+00:00,88.5375,soccer.asian_handicap,period=ft,away,handicap=1,2.85
2026-10-08T00:01:27.752059+02:00,36609422,Brasileiro Serie B,Brazil,America FC MG,Fortaleza EC CE,2026-10-07T23:30:00+00:00,88.5375,soccer.asian_handicap,period=ft,home,handicap=1.25,1.33
2026-10-08T00:01:27.752059+02:00,36609422,Brasileiro Serie B,Brazil,America FC MG,Fortaleza EC CE,2026-10-07T23:30:00+00:00,88.5375,soccer.asian_handicap,period=ft,away,handicap=1.25,3.3
2026-10-08T00:01:27.752059+02:00,36609422,Brasileiro Serie B,Brazil,America FC MG,Fortaleza EC CE,2026-10-07T23:30:00+00:00,88.5375,soccer.asian_handicap,period=ft,home,handicap=1.5,1.27
2026-10-08T00:01:27.752059+02:00,36609422,Brasileiro Serie B,Brazil,America FC MG,Fortaleza EC CE,2026-10-07T23:30:00+00:00,88.5375,soccer.asian_handicap,period=ft,away,handicap=1.5,3.75
2026-10-08T00:01:27.752059+02:00,36609422,Brasileiro Serie B,Brazil,America FC MG,Fortaleza EC CE,2026-10-07T23:30:00+00:00,88.5375,soccer.double_chance,period=ft,draw_away,,1.24
2026-10-08T00:01:27.752059+02:00,36609422,Brasileiro Serie B,Brazil,America FC MG,Fortaleza EC CE,2026-10-07T23:30:00+00:00,88.5375,soccer.double_chance,period=ft,home_away,,1.3
2026-10-08T00:01:27.752059+02:00,36609422,Brasileiro Serie B,Brazil,America FC MG,Fortaleza EC CE,2026-10-07T23:30:00+00:00,88.5375,soccer.double_chance,period=ft,home_draw,,1.89
2026-10-08T00:01:27.752059+02:00,36609422,Brasileiro Serie B,Brazil,America FC MG,Fortaleza EC CE,2026-10-07T23:30:00+00:00,88.5375,soccer.match_odds,period=ft,home,,4.0
2026-10-08T00:01:27.752059+02:00,36609422,Brasileiro Serie B,Brazil,America FC MG,Fortaleza EC CE,2026-10-07T23:30:00+00:00,88.5375,soccer.match_odds,period=ft,draw,,3.5
2026-10-08T00:01:27.752059+02:00,36609422,Brasileiro Serie B,Brazil,America FC MG,Fortaleza EC CE,2026-10-07T23:30:00+00:00,88.5375,soccer.match_odds,period=ft,away,,1.92
2026-10-08T00:01:27.752059+02:00,36609422,Brasileiro Serie B,Brazil,America FC MG,Fortaleza EC CE,2026-10-07T23:30:00+00:00,88.5375,soccer.total_goals,period=ft,over,total=2.25,1.82
2026-10-08T00:01:27.752059+02:00,36609422,Brasileiro Serie B,Brazil,America FC MG,Fortaleza EC CE,2026-10-07T23:30:00+00:00,88.5375,soccer.total_goals,period=ft,under,total=2.25,2.01
2026-10-08T00:01:27.752059+02:00,36609422,Brasileiro Serie B,Brazil,America FC MG,Fortaleza EC CE,2026-10-07T23:30:00+00:00,88.5375,soccer.total_goals,period=ft,over,total=1.5,1.34
2026-10-08T00:01:27.752059+02:00,36609422,Brasileiro Serie B,Brazil,America FC MG,Fortaleza EC CE,2026-10-07T23:30:00+00:00,88.5375,soccer.total_goals,period=ft,under,total=1.5,3.2
2026-10-08T00:01:27.752059+02:00,36609422,Brasileiro Serie B,Brazil,America FC MG,Fortaleza EC CE,2026-10-07T23:30:00+00:00,88.5375,soccer.total_goals,period=ft,over,total=1.75,1.42
2026-10-08T00:01:27.752059+02:00,36609422,Brasileiro Serie B,Brazil,America FC MG,Fortaleza EC CE,2026-10-07T23:30:00+00:00,88.5375,soccer.total_goals,period=ft,under,total=1.75,2.8
2026-10-08T00:01:27.752059+02:00,36609422,Brasileiro Serie B,Brazil,America FC MG,Fortaleza EC CE,2026-10-07T23:30:00+00:00,88.5375,soccer.total_goals,period=ft,over,total=2,1.56
2026-10-08T00:01:27.752059+02:00,36609422,Brasileiro Serie B,Brazil,America FC MG,Fortaleza EC CE,2026-10-07T23:30:00+00:00,88.5375,soccer.total_goals,period=ft,under,total=2,2.45
2026-10-08T00:01:27.752059+02:00,36609422,Brasileiro Serie B,Brazil,America FC MG,Fortaleza EC CE,2026-10-07T23:30:00+00:00,88.5375,soccer.total_goals,period=ft,over,total=2.5,2.08
2026-10-08T00:01:27.752059+02:00,36609422,Brasileiro Serie B,Brazil,America FC MG,Fortaleza EC CE,2026-10-07T23:30:00+00:00,88.5375,soccer.total_goals,period=ft,under,total=2.5,1.75
2026-10-08T00:01:27.752059+02:00,36609422,Brasileiro Serie B,Brazil,America FC MG,Fortaleza EC CE,2026-10-07T23:30:00+00:00,88.5375,soccer.total_goals,period=ft,over,total=2.75,2.4
2026-10-08T00:01:27.752059+02:00,36609422,Brasileiro Serie B,Brazil,America FC MG,Fortaleza EC CE,2026-10-07T23:30:00+00:00,88.5375,soccer.total_goals,period=ft,under,total=2.75,1.56
2026-10-08T00:01:27.752059+02:00,36609422,Brasileiro Serie B,Brazil,America FC MG,Fortaleza EC CE,2026-10-07T23:30:00+00:00,88.5375,soccer.total_goals,period=ft,over,total=3.5,3.75
2026-10-08T00:01:27.752059+02:00,36609422,Brasileiro Serie B,Brazil,America FC MG,Fortaleza EC CE,2026-10-07T23:30:00+00:00,88.5375,soccer.total_goals,period=ft,under,total=3.5,1.26
2026-10-08T00:01:27.752059+02:00,36667093,Copa Uruguay,Uruguay,Libertad,CA Bella Vista,2026-10-07T23:00:00+00:00,58.5375,soccer.asian_handicap,period=ft,home,handicap=0.75,1.89
2026-10-08T00:01:27.752059+02:00,36667093,Copa Uruguay,Uruguay,Libertad,CA Bella Vista,2026-10-07T23:00:00+00:00,58.5375,soccer.asian_handicap,period=ft,away,handicap=0.75,1.8
2026-10-08T00:01:27.752059+02:00,36667093,Copa Uruguay,Uruguay,Libertad,CA Bella Vista,2026-10-07T23:00:00+00:00,58.5375,soccer.asian_handicap,period=ft,home,handicap=0,3.35
2026-10-08T00:01:27.752059+02:00,36667093,Copa Uruguay,Uruguay,Libertad,CA Bella Vista,2026-10-07T23:00:00+00:00,58.5375,soccer.asian_handicap,period=ft,away,handicap=0,1.24
2026-10-08T00:01:27.752059+02:00,36667093,Copa Uruguay,Uruguay,Libertad,CA Bella Vista,2026-10-07T23:00:00+00:00,58.5375,soccer.asian_handicap,period=ft,home,handicap=0.25,2.5
2026-10-08T00:01:27.752059+02:00,36667093,Copa Uruguay,Uruguay,Libertad,CA Bella Vista,2026-10-07T23:00:00+00:00,58.5375,soccer.asian_handicap,period=ft,away,handicap=0.25,1.42
2026-10-08T00:01:27.752059+02:00,36667093,Copa Uruguay,Uruguay,Libertad,CA Bella Vista,2026-10-07T23:00:00+00:00,58.5375,soccer.asian_handicap,period=ft,home,handicap=0.5,2.12
2026-10-08T00:01:27.752059+02:00,36667093,Copa Uruguay,Uruguay,Libertad,CA Bella Vista,2026-10-07T23:00:00+00:00,58.5375,soccer.asian_handicap,period=ft,away,handicap=0.5,1.61
2026-10-08T00:01:27.752059+02:00,36667093,Copa Uruguay,Uruguay,Libertad,CA Bella Vista,2026-10-07T23:00:00+00:00,58.5375,soccer.asian_handicap,period=ft,home,handicap=1,1.63
2026-10-08T00:01:27.752059+02:00,36667093,Copa Uruguay,Uruguay,Libertad,CA Bella Vista,2026-10-07T23:00:00+00:00,58.5375,soccer.asian_handicap,period=ft,away,handicap=1,2.08
2026-10-08T00:01:27.752059+02:00,36667093,Copa Uruguay,Uruguay,Libertad,CA Bella Vista,2026-10-07T23:00:00+00:00,58.5375,soccer.asian_handicap,period=ft,home,handicap=1.25,1.47
2026-10-08T00:01:27.752059+02:00,36667093,Copa Uruguay,Uruguay,Libertad,CA Bella Vista,2026-10-07T23:00:00+00:00,58.5375,soccer.asian_handicap,period=ft,away,handicap=1.25,2.35
2026-10-08T00:01:27.752059+02:00,36667093,Copa Uruguay,Uruguay,Libertad,CA Bella Vista,2026-10-07T23:00:00+00:00,58.5375,soccer.asian_handicap,period=ft,home,handicap=1.5,1.38
2026-10-08T00:01:27.752059+02:00,36667093,Copa Uruguay,Uruguay,Libertad,CA Bella Vista,2026-10-07T23:00:00+00:00,58.5375,soccer.asian_handicap,period=ft,away,handicap=1.5,2.65
2026-10-08T00:01:27.752059+02:00,36667093,Copa Uruguay,Uruguay,Libertad,CA Bella Vista,2026-10-07T23:00:00+00:00,58.5375,soccer.match_odds,period=ft,home,,4.35
2026-10-08T00:01:27.752059+02:00,36667093,Copa Uruguay,Uruguay,Libertad,CA Bella Vista,2026-10-07T23:00:00+00:00,58.5375,soccer.match_odds,period=ft,draw,,3.55
2026-10-08T00:01:27.752059+02:00,36667093,Copa Uruguay,Uruguay,Libertad,CA Bella Vista,2026-10-07T23:00:00+00:00,58.5375,soccer.match_odds,period=ft,away,,1.62
2026-10-08T00:01:27.752059+02:00,36667093,Copa Uruguay,Uruguay,Libertad,CA Bella Vista,2026-10-07T23:00:00+00:00,58.5375,soccer.total_goals,period=ft,over,total=2.5,1.8
2026-10-08T00:01:27.752059+02:00,36667093,Copa Uruguay,Uruguay,Libertad,CA Bella Vista,2026-10-07T23:00:00+00:00,58.5375,soccer.total_goals,period=ft,under,total=2.5,1.89
2026-10-08T00:01:27.752059+02:00,36667093,Copa Uruguay,Uruguay,Libertad,CA Bella Vista,2026-10-07T23:00:00+00:00,58.5375,soccer.total_goals,period=ft,over,total=1.75,1.29
2026-10-08T00:01:27.752059+02:00,36667093,Copa Uruguay,Uruguay,Libertad,CA Bella Vista,2026-10-07T23:00:00+00:00,58.5375,soccer.total_goals,period=ft,under,total=1.75,3.05
2026-10-08T00:01:27.752059+02:00,36667093,Copa Uruguay,Uruguay,Libertad,CA Bella Vista,2026-10-07T23:00:00+00:00,58.5375,soccer.total_goals,period=ft,over,total=2,1.37
2026-10-08T00:01:27.752059+02:00,36667093,Copa Uruguay,Uruguay,Libertad,CA Bella Vista,2026-10-07T23:00:00+00:00,58.5375,soccer.total_goals,period=ft,under,total=2,2.65
2026-10-08T00:01:27.752059+02:00,36667093,Copa Uruguay,Uruguay,Libertad,CA Bella Vista,2026-10-07T23:00:00+00:00,58.5375,soccer.total_goals,period=ft,over,total=2.25,1.59
2026-10-08T00:01:27.752059+02:00,36667093,Copa Uruguay,Uruguay,Libertad,CA Bella Vista,2026-10-07T23:00:00+00:00,58.5375,soccer.total_goals,period=ft,under,total=2.25,2.17
2026-10-08T00:01:27.752059+02:00,36667093,Copa Uruguay,Uruguay,Libertad,CA Bella Vista,2026-10-07T23:00:00+00:00,58.5375,soccer.total_goals,period=ft,over,total=2.75,2.01
2026-10-08T00:01:27.752059+02:00,36667093,Copa Uruguay,Uruguay,Libertad,CA Bella Vista,2026-10-07T23:00:00+00:00,58.5375,soccer.total_goals,period=ft,under,total=2.75,1.69
2026-10-08T00:01:27.752059+02:00,36667093,Copa Uruguay,Uruguay,Libertad,CA Bella Vista,2026-10-07T23:00:00+00:00,58.5375,soccer.total_goals,period=ft,over,total=3,2.3
2026-10-08T00:01:27.752059+02:00,36667093,Copa Uruguay,Uruguay,Libertad,CA Bella Vista,2026-10-07T23:00:00+00:00,58.5375,soccer.total_goals,period=ft,under,total=3,1.49
2026-10-08T00:01:27.752059+02:00,36667093,Copa Uruguay,Uruguay,Libertad,CA Bella Vista,2026-10-07T23:00:00+00:00,58.5375,soccer.total_goals,period=ft,over,total=3.25,2.6
2026-10-08T00:01:27.752059+02:00,36667093,Copa Uruguay,Uruguay,Libertad,CA Bella Vista,2026-10-07T23:00:00+00:00,58.5375,soccer.total_goals,period=ft,under,total=3.25,1.39
2026-10-08T00:01:27.752059+02:00,36657172,Copa Uruguay,Uruguay,Plaza Colonia,CA Juventud de Las Piedras,2026-10-07T23:00:00+00:00,58.5375,soccer.asian_handicap,period=ft,home,handicap=0.25,1.81
2026-10-08T00:01:27.752059+02:00,36657172,Copa Uruguay,Uruguay,Plaza Colonia,CA Juventud de Las Piedras,2026-10-07T23:00:00+00:00,58.5375,soccer.asian_handicap,period=ft,away,handicap=0.25,1.93
2026-10-08T00:01:27.752059+02:00,36657172,Copa Uruguay,Uruguay,Plaza Colonia,CA Juventud de Las Piedras,2026-10-07T23:00:00+00:00,58.5375,soccer.asian_handicap,period=ft,home,handicap=-0.5,3.15
2026-10-08T00:01:27.752059+02:00,36657172,Copa Uruguay,Uruguay,Plaza Colonia,CA Juventud de Las Piedras,2026-10-07T23:00:00+00:00,58.5375,soccer.asian_handicap,period=ft,away,handicap=-0.5,1.29
2026-10-08T00:01:27.752059+02:00,36657172,Copa Uruguay,Uruguay,Plaza Colonia,CA Juventud de Las Piedras,2026-10-07T23:00:00+00:00,58.5375,soccer.asian_handicap,period=ft,home,handicap=-0.25,2.7
2026-10-08T00:01:27.752059+02:00,36657172,Copa Uruguay,Uruguay,Plaza Colonia,CA Juventud de Las Piedras,2026-10-07T23:00:00+00:00,58.5375,soccer.asian_handicap,period=ft,away,handicap=-0.25,1.39
2026-10-08T00:01:27.752059+02:00,36657172,Copa Uruguay,Uruguay,Plaza Colonia,CA Juventud de Las Piedras,2026-10-07T23:00:00+00:00,58.5375,soccer.asian_handicap,period=ft,home,handicap=0,2.25
2026-10-08T00:01:27.752059+02:00,36657172,Copa Uruguay,Uruguay,Plaza Colonia,CA Juventud de Las Piedras,2026-10-07T23:00:00+00:00,58.5375,soccer.asian_handicap,period=ft,away,handicap=0,1.57
2026-10-08T00:01:27.752059+02:00,36657172,Copa Uruguay,Uruguay,Plaza Colonia,CA Juventud de Las Piedras,2026-10-07T23:00:00+00:00,58.5375,soccer.asian_handicap,period=ft,home,handicap=0.5,1.57
2026-10-08T00:01:27.752059+02:00,36657172,Copa Uruguay,Uruguay,Plaza Colonia,CA Juventud de Las Piedras,2026-10-07T23:00:00+00:00,58.5375,soccer.asian_handicap,period=ft,away,handicap=0.5,2.25
2026-10-08T00:01:27.752059+02:00,36657172,Copa Uruguay,Uruguay,Plaza Colonia,CA Juventud de Las Piedras,2026-10-07T23:00:00+00:00,58.5375,soccer.asian_handicap,period=ft,home,handicap=0.75,1.4
2026-10-08T00:01:27.752059+02:00,36657172,Copa Uruguay,Uruguay,Plaza Colonia,CA Juventud de Las Piedras,2026-10-07T23:00:00+00:00,58.5375,soccer.asian_handicap,period=ft,away,handicap=0.75,2.65
2026-10-08T00:01:27.752059+02:00,36657172,Copa Uruguay,Uruguay,Plaza Colonia,CA Juventud de Las Piedras,2026-10-07T23:00:00+00:00,58.5375,soccer.asian_handicap,period=ft,home,handicap=1,1.23
2026-10-08T00:01:27.752059+02:00,36657172,Copa Uruguay,Uruguay,Plaza Colonia,CA Juventud de Las Piedras,2026-10-07T23:00:00+00:00,58.5375,soccer.asian_handicap,period=ft,away,handicap=1,3.65
2026-10-08T00:01:27.752059+02:00,36657172,Copa Uruguay,Uruguay,Plaza Colonia,CA Juventud de Las Piedras,2026-10-07T23:00:00+00:00,58.5375,soccer.double_chance,period=ft,draw_away,,1.35
2026-10-08T00:01:27.752059+02:00,36657172,Copa Uruguay,Uruguay,Plaza Colonia,CA Juventud de Las Piedras,2026-10-07T23:00:00+00:00,58.5375,soccer.double_chance,period=ft,home_away,,1.39
2026-10-08T00:01:27.752059+02:00,36657172,Copa Uruguay,Uruguay,Plaza Colonia,CA Juventud de Las Piedras,2026-10-07T23:00:00+00:00,58.5375,soccer.double_chance,period=ft,home_draw,,1.57
2026-10-08T00:01:27.752059+02:00,36657172,Copa Uruguay,Uruguay,Plaza Colonia,CA Juventud de Las Piedras,2026-10-07T23:00:00+00:00,58.5375,soccer.match_odds,period=ft,home,,3.2
2026-10-08T00:01:27.752059+02:00,36657172,Copa Uruguay,Uruguay,Plaza Colonia,CA Juventud de Las Piedras,2026-10-07T23:00:00+00:00,58.5375,soccer.match_odds,period=ft,draw,,2.8
2026-10-08T00:01:27.752059+02:00,36657172,Copa Uruguay,Uruguay,Plaza Colonia,CA Juventud de Las Piedras,2026-10-07T23:00:00+00:00,58.5375,soccer.match_odds,period=ft,away,,2.25
2026-10-08T00:01:27.752059+02:00,36657172,Copa Uruguay,Uruguay,Plaza Colonia,CA Juventud de Las Piedras,2026-10-07T23:00:00+00:00,58.5375,soccer.total_goals,period=ft,over,total=2,1.78
2026-10-08T00:01:27.752059+02:00,36657172,Copa Uruguay,Uruguay,Plaza Colonia,CA Juventud de Las Piedras,2026-10-07T23:00:00+00:00,58.5375,soccer.total_goals,period=ft,under,total=2,1.98
2026-10-08T00:01:27.752059+02:00,36657172,Copa Uruguay,Uruguay,Plaza Colonia,CA Juventud de Las Piedras,2026-10-07T23:00:00+00:00,58.5375,soccer.total_goals,period=ft,over,total=1.25,1.26
2026-10-08T00:01:27.752059+02:00,36657172,Copa Uruguay,Uruguay,Plaza Colonia,CA Juventud de Las Piedras,2026-10-07T23:00:00+00:00,58.5375,soccer.total_goals,period=ft,under,total=1.25,3.35
2026-10-08T00:01:27.752059+02:00,36657172,Copa Uruguay,Uruguay,Plaza Colonia,CA Juventud de Las Piedras,2026-10-07T23:00:00+00:00,58.5375,soccer.total_goals,period=ft,over,total=1.5,1.42
2026-10-08T00:01:27.752059+02:00,36657172,Copa Uruguay,Uruguay,Plaza Colonia,CA Juventud de Las Piedras,2026-10-07T23:00:00+00:00,58.5375,soccer.total_goals,period=ft,under,total=1.5,2.6
2026-10-08T00:01:27.752059+02:00,36657172,Copa Uruguay,Uruguay,Plaza Colonia,CA Juventud de Las Piedras,2026-10-07T23:00:00+00:00,58.5375,soccer.total_goals,period=ft,over,total=1.75,1.55
2026-10-08T00:01:27.752059+02:00,36657172,Copa Uruguay,Uruguay,Plaza Colonia,CA Juventud de Las Piedras,2026-10-07T23:00:00+00:00,58.5375,soccer.total_goals,period=ft,under,total=1.75,2.3
2026-10-08T00:01:27.752059+02:00,36657172,Copa Uruguay,Uruguay,Plaza Colonia,CA Juventud de Las Piedras,2026-10-07T23:00:00+00:00,58.5375,soccer.total_goals,period=ft,over,total=2.25,2.08
2026-10-08T00:01:27.752059+02:00,36657172,Copa Uruguay,Uruguay,Plaza Colonia,CA Juventud de Las Piedras,2026-10-07T23:00:00+00:00,58.5375,soccer.total_goals,period=ft,under,total=2.25,1.67
2026-10-08T00:01:27.752059+02:00,36657172,Copa Uruguay,Uruguay,Plaza Colonia,CA Juventud de Las Piedras,2026-10-07T23:00:00+00:00,58.5375,soccer.total_goals,period=ft,over,total=2.5,2.35
2026-10-08T00:01:27.752059+02:00,36657172,Copa Uruguay,Uruguay,Plaza Colonia,CA Juventud de Las Piedras,2026-10-07T23:00:00+00:00,58.5375,soccer.total_goals,period=ft,under,total=2.5,1.5
2026-10-08T00:01:27.752059+02:00,36657172,Copa Uruguay,Uruguay,Plaza Colonia,CA Juventud de Las Piedras,2026-10-07T23:00:00+00:00,58.5375,soccer.total_goals,period=ft,over,total=2.75,2.8
2026-10-08T00:01:27.752059+02:00,36657172,Copa Uruguay,Uruguay,Plaza Colonia,CA Juventud de Las Piedras,2026-10-07T23:00:00+00:00,58.5375,soccer.total_goals,period=ft,under,total=2.75,1.36
2026-10-08T00:01:27.752059+02:00,36666889,Copa Venezuela,Venezuela,Barquisimeto SC,Aragua FC,2026-10-07T22:30:00+00:00,28.5375,soccer.asian_handicap,period=ft,home,handicap=0,1.9
2026-10-08T00:01:27.752059+02:00,36666889,Copa Venezuela,Venezuela,Barquisimeto SC,Aragua FC,2026-10-07T22:30:00+00:00,28.5375,soccer.asian_handicap,period=ft,away,handicap=0,1.8
2026-10-08T00:01:27.752059+02:00,36666889,Copa Venezuela,Venezuela,Barquisimeto SC,Aragua FC,2026-10-07T22:30:00+00:00,28.5375,soccer.asian_handicap,period=ft,home,handicap=-0.75,3.0
2026-10-08T00:01:27.752059+02:00,36666889,Copa Venezuela,Venezuela,Barquisimeto SC,Aragua FC,2026-10-07T22:30:00+00:00,28.5375,soccer.asian_handicap,period=ft,away,handicap=-0.75,1.29
2026-10-08T00:01:27.752059+02:00,36666889,Copa Venezuela,Venezuela,Barquisimeto SC,Aragua FC,2026-10-07T22:30:00+00:00,28.5375,soccer.asian_handicap,period=ft,home,handicap=-0.5,2.5
2026-10-08T00:01:27.752059+02:00,36666889,Copa Venezuela,Venezuela,Barquisimeto SC,Aragua FC,2026-10-07T22:30:00+00:00,28.5375,soccer.asian_handicap,period=ft,away,handicap=-0.5,1.42
2026-10-08T00:01:27.752059+02:00,36666889,Copa Venezuela,Venezuela,Barquisimeto SC,Aragua FC,2026-10-07T22:30:00+00:00,28.5375,soccer.asian_handicap,period=ft,home,handicap=-0.25,2.2
2026-10-08T00:01:27.752059+02:00,36666889,Copa Venezuela,Venezuela,Barquisimeto SC,Aragua FC,2026-10-07T22:30:00+00:00,28.5375,soccer.asian_handicap,period=ft,away,handicap=-0.25,1.56
2026-10-08T00:01:27.752059+02:00,36666889,Copa Venezuela,Venezuela,Barquisimeto SC,Aragua FC,2026-10-07T22:30:00+00:00,28.5375,soccer.asian_handicap,period=ft,home,handicap=0.25,1.62
2026-10-08T00:01:27.752059+02:00,36666889,Copa Venezuela,Venezuela,Barquisimeto SC,Aragua FC,2026-10-07T22:30:00+00:00,28.5375,soccer.asian_handicap,period=ft,away,handicap=0.25,2.1
2026-10-08T00:01:27.752059+02:00,36666889,Copa Venezuela,Venezuela,Barquisimeto SC,Aragua FC,2026-10-07T22:30:00+00:00,28.5375,soccer.asian_handicap,period=ft,home,handicap=0.5,1.47
2026-10-08T00:01:27.752059+02:00,36666889,Copa Venezuela,Venezuela,Barquisimeto SC,Aragua FC,2026-10-07T22:30:00+00:00,28.5375,soccer.asian_handicap,period=ft,away,handicap=0.5,2.35
2026-10-08T00:01:27.752059+02:00,36666889,Copa Venezuela,Venezuela,Barquisimeto SC,Aragua FC,2026-10-07T22:30:00+00:00,28.5375,soccer.asian_handicap,period=ft,home,handicap=0.75,1.33
2026-10-08T00:01:27.752059+02:00,36666889,Copa Venezuela,Venezuela,Barquisimeto SC,Aragua FC,2026-10-07T22:30:00+00:00,28.5375,soccer.asian_handicap,period=ft,away,handicap=0.75,2.85
2026-10-08T00:01:27.752059+02:00,36666889,Copa Venezuela,Venezuela,Barquisimeto SC,Aragua FC,2026-10-07T22:30:00+00:00,28.5375,soccer.double_chance,period=ft,draw_away,,1.48
2026-10-08T00:01:27.752059+02:00,36666889,Copa Venezuela,Venezuela,Barquisimeto SC,Aragua FC,2026-10-07T22:30:00+00:00,28.5375,soccer.double_chance,period=ft,home_away,,1.32
2026-10-08T00:01:27.752059+02:00,36666889,Copa Venezuela,Venezuela,Barquisimeto SC,Aragua FC,2026-10-07T22:30:00+00:00,28.5375,soccer.double_chance,period=ft,home_draw,,1.5
2026-10-08T00:01:27.752059+02:00,36666889,Copa Venezuela,Venezuela,Barquisimeto SC,Aragua FC,2026-10-07T22:30:00+00:00,28.5375,soccer.match_odds,period=ft,home,,2.55
2026-10-08T00:01:27.752059+02:00,36666889,Copa Venezuela,Venezuela,Barquisimeto SC,Aragua FC,2026-10-07T22:30:00+00:00,28.5375,soccer.match_odds,period=ft,draw,,3.1
2026-10-08T00:01:27.752059+02:00,36666889,Copa Venezuela,Venezuela,Barquisimeto SC,Aragua FC,2026-10-07T22:30:00+00:00,28.5375,soccer.match_odds,period=ft,away,,2.4
2026-10-08T00:01:27.752059+02:00,36666889,Copa Venezuela,Venezuela,Barquisimeto SC,Aragua FC,2026-10-07T22:30:00+00:00,28.5375,soccer.total_goals,period=ft,over,total=2.5,1.82
2026-10-08T00:01:27.752059+02:00,36666889,Copa Venezuela,Venezuela,Barquisimeto SC,Aragua FC,2026-10-07T22:30:00+00:00,28.5375,soccer.total_goals,period=ft,under,total=2.5,1.88
2026-10-08T00:01:27.752059+02:00,36666889,Copa Venezuela,Venezuela,Barquisimeto SC,Aragua FC,2026-10-07T22:30:00+00:00,28.5375,soccer.total_goals,period=ft,over,total=1.75,1.27
2026-10-08T00:01:27.752059+02:00,36666889,Copa Venezuela,Venezuela,Barquisimeto SC,Aragua FC,2026-10-07T22:30:00+00:00,28.5375,soccer.total_goals,period=ft,under,total=1.75,3.15
2026-10-08T00:01:27.752059+02:00,36666889,Copa Venezuela,Venezuela,Barquisimeto SC,Aragua FC,2026-10-07T22:30:00+00:00,28.5375,soccer.total_goals,period=ft,over,total=2,1.35
2026-10-08T00:01:27.752059+02:00,36666889,Copa Venezuela,Venezuela,Barquisimeto SC,Aragua FC,2026-10-07T22:30:00+00:00,28.5375,soccer.total_goals,period=ft,under,total=2,2.75
2026-10-08T00:01:27.752059+02:00,36666889,Copa Venezuela,Venezuela,Barquisimeto SC,Aragua FC,2026-10-07T22:30:00+00:00,28.5375,soccer.total_goals,period=ft,over,total=2.25,1.58
2026-10-08T00:01:27.752059+02:00,36666889,Copa Venezuela,Venezuela,Barquisimeto SC,Aragua FC,2026-10-07T22:30:00+00:00,28.5375,soccer.total_goals,period=ft,under,total=2.25,2.17
2026-10-08T00:01:27.752059+02:00,36666889,Copa Venezuela,Venezuela,Barquisimeto SC,Aragua FC,2026-10-07T22:30:00+00:00,28.5375,soccer.total_goals,period=ft,over,total=2.75,2.02
2026-10-08T00:01:27.752059+02:00,36666889,Copa Venezuela,Venezuela,Barquisimeto SC,Aragua FC,2026-10-07T22:30:00+00:00,28.5375,soccer.total_goals,period=ft,under,total=2.75,1.67
2026-10-08T00:01:27.752059+02:00,36666889,Copa Venezuela,Venezuela,Barquisimeto SC,Aragua FC,2026-10-07T22:30:00+00:00,28.5375,soccer.total_goals,period=ft,over,total=3,2.35
2026-10-08T00:01:27.752059+02:00,36666889,Copa Venezuela,Venezuela,Barquisimeto SC,Aragua FC,2026-10-07T22:30:00+00:00,28.5375,soccer.total_goals,period=ft,under,total=3,1.47
2026-10-08T00:01:27.752059+02:00,36666889,Copa Venezuela,Venezuela,Barquisimeto SC,Aragua FC,2026-10-07T22:30:00+00:00,28.5375,soccer.total_goals,period=ft,over,total=3.25,2.65
2026-10-08T00:01:27.752059+02:00,36666889,Copa Venezuela,Venezuela,Barquisimeto SC,Aragua FC,2026-10-07T22:30:00+00:00,28.5375,soccer.total_goals,period=ft,under,total=3.25,1.38
2026-10-08T00:01:27.752059+02:00,36679767,Mexico Copa Mexico,Mexico,Inter Playa Del Carmen,Ejidatarios de Bonfil FC,2026-10-07T23:00:00+00:00,58.5375,soccer.asian_handicap,period=ft,home,handicap=-0.5,1.8
2026-10-08T00:01:27.752059+02:00,36679767,Mexico Copa Mexico,Mexico,Inter Playa Del Carmen,Ejidatarios de Bonfil FC,2026-10-07T23:00:00+00:00,58.5375,soccer.asian_handicap,period=ft,away,handicap=-0.5,1.9
2026-10-08T00:01:27.752059+02:00,36679767,Mexico Copa Mexico,Mexico,Inter Playa Del Carmen,Ejidatarios de Bonfil FC,2026-10-07T23:00:00+00:00,58.5375,soccer.asian_handicap,period=ft,home,handicap=-1.25,2.75
2026-10-08T00:01:27.752059+02:00,36679767,Mexico Copa Mexico,Mexico,Inter Playa Del Carmen,Ejidatarios de Bonfil FC,2026-10-07T23:00:00+00:00,58.5375,soccer.asian_handicap,period=ft,away,handicap=-1.25,1.35
2026-10-08T00:01:27.752059+02:00,36679767,Mexico Copa Mexico,Mexico,Inter Playa Del Carmen,Ejidatarios de Bonfil FC,2026-10-07T23:00:00+00:00,58.5375,soccer.asian_handicap,period=ft,home,handicap=-1,2.4
2026-10-08T00:01:27.752059+02:00,36679767,Mexico Copa Mexico,Mexico,Inter Playa Del Carmen,Ejidatarios de Bonfil FC,2026-10-07T23:00:00+00:00,58.5375,soccer.asian_handicap,period=ft,away,handicap=-1,1.45
2026-10-08T00:01:27.752059+02:00,36679767,Mexico Copa Mexico,Mexico,Inter Playa Del Carmen,Ejidatarios de Bonfil FC,2026-10-07T23:00:00+00:00,58.5375,soccer.asian_handicap,period=ft,home,handicap=-0.75,2.02
2026-10-08T00:01:27.752059+02:00,36679767,Mexico Copa Mexico,Mexico,Inter Playa Del Carmen,Ejidatarios de Bonfil FC,2026-10-07T23:00:00+00:00,58.5375,soccer.asian_handicap,period=ft,away,handicap=-0.75,1.68
2026-10-08T00:01:27.752059+02:00,36679767,Mexico Copa Mexico,Mexico,Inter Playa Del Carmen,Ejidatarios de Bonfil FC,2026-10-07T23:00:00+00:00,58.5375,soccer.asian_handicap,period=ft,home,handicap=-0.25,1.58
2026-10-08T00:01:27.752059+02:00,36679767,Mexico Copa Mexico,Mexico,Inter Playa Del Carmen,Ejidatarios de Bonfil FC,2026-10-07T23:00:00+00:00,58.5375,soccer.asian_handicap,period=ft,away,handicap=-0.25,2.18
2026-10-08T00:01:27.752059+02:00,36679767,Mexico Copa Mexico,Mexico,Inter Playa Del Carmen,Ejidatarios de Bonfil FC,2026-10-07T23:00:00+00:00,58.5375,soccer.asian_handicap,period=ft,home,handicap=0,1.36
2026-10-08T00:01:27.752059+02:00,36679767,Mexico Copa Mexico,Mexico,Inter Playa Del Carmen,Ejidatarios de Bonfil FC,2026-10-07T23:00:00+00:00,58.5375,soccer.asian_handicap,period=ft,away,handicap=0,2.7
2026-10-08T00:01:27.752059+02:00,36679767,Mexico Copa Mexico,Mexico,Inter Playa Del Carmen,Ejidatarios de Bonfil FC,2026-10-07T23:00:00+00:00,58.5375,soccer.asian_handicap,period=ft,home,handicap=0.25,1.28
2026-10-08T00:01:27.752059+02:00,36679767,Mexico Copa Mexico,Mexico,Inter Playa Del Carmen,Ejidatarios de Bonfil FC,2026-10-07T23:00:00+00:00,58.5375,soccer.asian_handicap,period=ft,away,handicap=0.25,3.05
2026-10-08T00:01:27.752059+02:00,36679767,Mexico Copa Mexico,Mexico,Inter Playa Del Carmen,Ejidatarios de Bonfil FC,2026-10-07T23:00:00+00:00,58.5375,soccer.match_odds,period=ft,home,,1.79
2026-10-08T00:01:27.752059+02:00,36679767,Mexico Copa Mexico,Mexico,Inter Playa Del Carmen,Ejidatarios de Bonfil FC,2026-10-07T23:00:00+00:00,58.5375,soccer.match_odds,period=ft,draw,,3.5
2026-10-08T00:01:27.752059+02:00,36679767,Mexico Copa Mexico,Mexico,Inter Playa Del Carmen,Ejidatarios de Bonfil FC,2026-10-07T23:00:00+00:00,58.5375,soccer.match_odds,period=ft,away,,3.5
2026-10-08T00:01:27.752059+02:00,36679767,Mexico Copa Mexico,Mexico,Inter Playa Del Carmen,Ejidatarios de Bonfil FC,2026-10-07T23:00:00+00:00,58.5375,soccer.total_goals,period=ft,over,total=2.75,1.89
2026-10-08T00:01:27.752059+02:00,36679767,Mexico Copa Mexico,Mexico,Inter Playa Del Carmen,Ejidatarios de Bonfil FC,2026-10-07T23:00:00+00:00,58.5375,soccer.total_goals,period=ft,under,total=2.75,1.8
2026-10-08T00:01:27.752059+02:00,36679767,Mexico Copa Mexico,Mexico,Inter Playa Del Carmen,Ejidatarios de Bonfil FC,2026-10-07T23:00:00+00:00,58.5375,soccer.total_goals,period=ft,over,total=2,1.3
2026-10-08T00:01:27.752059+02:00,36679767,Mexico Copa Mexico,Mexico,Inter Playa Del Carmen,Ejidatarios de Bonfil FC,2026-10-07T23:00:00+00:00,58.5375,soccer.total_goals,period=ft,under,total=2,3.0
2026-10-08T00:01:27.752059+02:00,36679767,Mexico Copa Mexico,Mexico,Inter Playa Del Carmen,Ejidatarios de Bonfil FC,2026-10-07T23:00:00+00:00,58.5375,soccer.total_goals,period=ft,over,total=2.25,1.49
2026-10-08T00:01:27.752059+02:00,36679767,Mexico Copa Mexico,Mexico,Inter Playa Del Carmen,Ejidatarios de Bonfil FC,2026-10-07T23:00:00+00:00,58.5375,soccer.total_goals,period=ft,under,total=2.25,2.3
2026-10-08T00:01:27.752059+02:00,36679767,Mexico Copa Mexico,Mexico,Inter Playa Del Carmen,Ejidatarios de Bonfil FC,2026-10-07T23:00:00+00:00,58.5375,soccer.total_goals,period=ft,over,total=2.5,1.68
2026-10-08T00:01:27.752059+02:00,36679767,Mexico Copa Mexico,Mexico,Inter Playa Del Carmen,Ejidatarios de Bonfil FC,2026-10-07T23:00:00+00:00,58.5375,soccer.total_goals,period=ft,under,total=2.5,2.01
2026-10-08T00:01:27.752059+02:00,36679767,Mexico Copa Mexico,Mexico,Inter Playa Del Carmen,Ejidatarios de Bonfil FC,2026-10-07T23:00:00+00:00,58.5375,soccer.total_goals,period=ft,over,total=3,2.2
2026-10-08T00:01:27.752059+02:00,36679767,Mexico Copa Mexico,Mexico,Inter Playa Del Carmen,Ejidatarios de Bonfil FC,2026-10-07T23:00:00+00:00,58.5375,soccer.total_goals,period=ft,under,total=3,1.57
2026-10-08T00:01:27.752059+02:00,36679767,Mexico Copa Mexico,Mexico,Inter Playa Del Carmen,Ejidatarios de Bonfil FC,2026-10-07T23:00:00+00:00,58.5375,soccer.total_goals,period=ft,over,total=3.25,2.45
2026-10-08T00:01:27.752059+02:00,36679767,Mexico Copa Mexico,Mexico,Inter Playa Del Carmen,Ejidatarios de Bonfil FC,2026-10-07T23:00:00+00:00,58.5375,soccer.total_goals,period=ft,under,total=3.25,1.44
2026-10-08T00:01:27.752059+02:00,36679767,Mexico Copa Mexico,Mexico,Inter Playa Del Carmen,Ejidatarios de Bonfil FC,2026-10-07T23:00:00+00:00,58.5375,soccer.total_goals,period=ft,over,total=3.5,2.75
2026-10-08T00:01:27.752059+02:00,36679767,Mexico Copa Mexico,Mexico,Inter Playa Del Carmen,Ejidatarios de Bonfil FC,2026-10-07T23:00:00+00:00,58.5375,soccer.total_goals,period=ft,under,total=3.5,1.35
2026-10-08T00:01:27.752059+02:00,36435229,Brasileiro Serie A,Brazil,Clube do Remo PA,Gremio FB Porto Alegrense RS,2026-10-07T22:30:00+00:00,28.5375,soccer.asian_handicap,period=ft,home,handicap=-0.5,2.07
2026-10-08T00:01:27.752059+02:00,36435229,Brasileiro Serie A,Brazil,Clube do Remo PA,Gremio FB Porto Alegrense RS,2026-10-07T22:30:00+00:00,28.5375,soccer.asian_handicap,period=ft,away,handicap=-0.5,1.81
2026-10-08T00:01:27.752059+02:00,36435229,Brasileiro Serie A,Brazil,Clube do Remo PA,Gremio FB Porto Alegrense RS,2026-10-07T22:30:00+00:00,28.5375,soccer.asian_handicap,period=ft,home,handicap=-1.5,3.85
2026-10-08T00:01:27.752059+02:00,36435229,Brasileiro Serie A,Brazil,Clube do Remo PA,Gremio FB Porto Alegrense RS,2026-10-07T22:30:00+00:00,28.5375,soccer.asian_handicap,period=ft,away,handicap=-1.5,1.27
2026-10-08T00:01:27.752059+02:00,36435229,Brasileiro Serie A,Brazil,Clube do Remo PA,Gremio FB Porto Alegrense RS,2026-10-07T22:30:00+00:00,28.5375,soccer.asian_handicap,period=ft,home,handicap=-1.25,3.45
2026-10-08T00:01:27.752059+02:00,36435229,Brasileiro Serie A,Brazil,Clube do Remo PA,Gremio FB Porto Alegrense RS,2026-10-07T22:30:00+00:00,28.5375,soccer.asian_handicap,period=ft,away,handicap=-1.25,1.32
2026-10-08T00:01:27.752059+02:00,36435229,Brasileiro Serie A,Brazil,Clube do Remo PA,Gremio FB Porto Alegrense RS,2026-10-07T22:30:00+00:00,28.5375,soccer.asian_handicap,period=ft,home,handicap=-1,3.0
2026-10-08T00:01:27.752059+02:00,36435229,Brasileiro Serie A,Brazil,Clube do Remo PA,Gremio FB Porto Alegrense RS,2026-10-07T22:30:00+00:00,28.5375,soccer.asian_handicap,period=ft,away,handicap=-1,1.4
2026-10-08T00:01:27.752059+02:00,36435229,Brasileiro Serie A,Brazil,Clube do Remo PA,Gremio FB Porto Alegrense RS,2026-10-07T22:30:00+00:00,28.5375,soccer.asian_handicap,period=ft,home,handicap=-0.75,2.4
2026-10-08T00:01:27.752059+02:00,36435229,Brasileiro Serie A,Brazil,Clube do Remo PA,Gremio FB Porto Alegrense RS,2026-10-07T22:30:00+00:00,28.5375,soccer.asian_handicap,period=ft,away,handicap=-0.75,1.6
2026-10-08T00:01:27.752059+02:00,36435229,Brasileiro Serie A,Brazil,Clube do Remo PA,Gremio FB Porto Alegrense RS,2026-10-07T22:30:00+00:00,28.5375,soccer.asian_handicap,period=ft,home,handicap=-0.25,1.77
2026-10-08T00:01:27.752059+02:00,36435229,Brasileiro Serie A,Brazil,Clube do Remo PA,Gremio FB Porto Alegrense RS,2026-10-07T22:30:00+00:00,28.5375,soccer.asian_handicap,period=ft,away,handicap=-0.25,2.09
2026-10-08T00:01:27.752059+02:00,36435229,Brasileiro Serie A,Brazil,Clube do Remo PA,Gremio FB Porto Alegrense RS,2026-10-07T22:30:00+00:00,28.5375,soccer.asian_handicap,period=ft,home,handicap=0,1.49
2026-10-08T00:01:27.752059+02:00,36435229,Brasileiro Serie A,Brazil,Clube do Remo PA,Gremio FB Porto Alegrense RS,2026-10-07T22:30:00+00:00,28.5375,soccer.asian_handicap,period=ft,away,handicap=0,2.7
2026-10-08T00:01:27.752059+02:00,36435229,Brasileiro Serie A,Brazil,Clube do Remo PA,Gremio FB Porto Alegrense RS,2026-10-07T22:30:00+00:00,28.5375,soccer.asian_handicap,period=ft,home,handicap=0.25,1.36
2026-10-08T00:01:27.752059+02:00,36435229,Brasileiro Serie A,Brazil,Clube do Remo PA,Gremio FB Porto Alegrense RS,2026-10-07T22:30:00+00:00,28.5375,soccer.asian_handicap,period=ft,away,handicap=0.25,3.15
2026-10-08T00:01:27.752059+02:00,36435229,Brasileiro Serie A,Brazil,Clube do Remo PA,Gremio FB Porto Alegrense RS,2026-10-07T22:30:00+00:00,28.5375,soccer.asian_handicap,period=ft,home,handicap=0.5,1.29
2026-10-08T00:01:27.752059+02:00,36435229,Brasileiro Serie A,Brazil,Clube do Remo PA,Gremio FB Porto Alegrense RS,2026-10-07T22:30:00+00:00,28.5375,soccer.asian_handicap,period=ft,away,handicap=0.5,3.65
2026-10-08T00:01:27.752059+02:00,36435229,Brasileiro Serie A,Brazil,Clube do Remo PA,Gremio FB Porto Alegrense RS,2026-10-07T22:30:00+00:00,28.5375,soccer.double_chance,period=ft,draw_away,,1.78
2026-10-08T00:01:27.752059+02:00,36435229,Brasileiro Serie A,Brazil,Clube do Remo PA,Gremio FB Porto Alegrense RS,2026-10-07T22:30:00+00:00,28.5375,soccer.double_chance,period=ft,home_away,,1.31
2026-10-08T00:01:27.752059+02:00,36435229,Brasileiro Serie A,Brazil,Clube do Remo PA,Gremio FB Porto Alegrense RS,2026-10-07T22:30:00+00:00,28.5375,soccer.double_chance,period=ft,home_draw,,1.31
2026-10-08T00:01:27.752059+02:00,36435229,Brasileiro Serie A,Brazil,Clube do Remo PA,Gremio FB Porto Alegrense RS,2026-10-07T22:30:00+00:00,28.5375,soccer.match_odds,period=ft,home,,2.07
2026-10-08T00:01:27.752059+02:00,36435229,Brasileiro Serie A,Brazil,Clube do Remo PA,Gremio FB Porto Alegrense RS,2026-10-07T22:30:00+00:00,28.5375,soccer.match_odds,period=ft,draw,,3.45
2026-10-08T00:01:27.752059+02:00,36435229,Brasileiro Serie A,Brazil,Clube do Remo PA,Gremio FB Porto Alegrense RS,2026-10-07T22:30:00+00:00,28.5375,soccer.match_odds,period=ft,away,,3.7
2026-10-08T00:01:27.752059+02:00,36435229,Brasileiro Serie A,Brazil,Clube do Remo PA,Gremio FB Porto Alegrense RS,2026-10-07T22:30:00+00:00,28.5375,soccer.total_goals,period=ft,over,total=2.5,2.0
2026-10-08T00:01:27.752059+02:00,36435229,Brasileiro Serie A,Brazil,Clube do Remo PA,Gremio FB Porto Alegrense RS,2026-10-07T22:30:00+00:00,28.5375,soccer.total_goals,period=ft,under,total=2.5,1.86
2026-10-08T00:01:27.752059+02:00,36435229,Brasileiro Serie A,Brazil,Clube do Remo PA,Gremio FB Porto Alegrense RS,2026-10-07T22:30:00+00:00,28.5375,soccer.total_goals,period=ft,over,total=1.5,1.29
2026-10-08T00:01:27.752059+02:00,36435229,Brasileiro Serie A,Brazil,Clube do Remo PA,Gremio FB Porto Alegrense RS,2026-10-07T22:30:00+00:00,28.5375,soccer.total_goals,period=ft,under,total=1.5,3.55
2026-10-08T00:01:27.752059+02:00,36435229,Brasileiro Serie A,Brazil,Clube do Remo PA,Gremio FB Porto Alegrense RS,2026-10-07T22:30:00+00:00,28.5375,soccer.total_goals,period=ft,over,total=2,1.48
2026-10-08T00:01:27.752059+02:00,36435229,Brasileiro Serie A,Brazil,Clube do Remo PA,Gremio FB Porto Alegrense RS,2026-10-07T22:30:00+00:00,28.5375,soccer.total_goals,period=ft,under,total=2,2.7
2026-10-08T00:01:27.752059+02:00,36435229,Brasileiro Serie A,Brazil,Clube do Remo PA,Gremio FB Porto Alegrense RS,2026-10-07T22:30:00+00:00,28.5375,soccer.total_goals,period=ft,over,total=2.25,1.73
2026-10-08T00:01:27.752059+02:00,36435229,Brasileiro Serie A,Brazil,Clube do Remo PA,Gremio FB Porto Alegrense RS,2026-10-07T22:30:00+00:00,28.5375,soccer.total_goals,period=ft,under,total=2.25,2.13
2026-10-08T00:01:27.752059+02:00,36435229,Brasileiro Serie A,Brazil,Clube do Remo PA,Gremio FB Porto Alegrense RS,2026-10-07T22:30:00+00:00,28.5375,soccer.total_goals,period=ft,over,total=2.75,2.25
2026-10-08T00:01:27.752059+02:00,36435229,Brasileiro Serie A,Brazil,Clube do Remo PA,Gremio FB Porto Alegrense RS,2026-10-07T22:30:00+00:00,28.5375,soccer.total_goals,period=ft,under,total=2.75,1.66
2026-10-08T00:01:27.752059+02:00,36435229,Brasileiro Serie A,Brazil,Clube do Remo PA,Gremio FB Porto Alegrense RS,2026-10-07T22:30:00+00:00,28.5375,soccer.total_goals,period=ft,over,total=3,2.7
2026-10-08T00:01:27.752059+02:00,36435229,Brasileiro Serie A,Brazil,Clube do Remo PA,Gremio FB Porto Alegrense RS,2026-10-07T22:30:00+00:00,28.5375,soccer.total_goals,period=ft,under,total=3,1.47
2026-10-08T00:01:27.752059+02:00,36435229,Brasileiro Serie A,Brazil,Clube do Remo PA,Gremio FB Porto Alegrense RS,2026-10-07T22:30:00+00:00,28.5375,soccer.total_goals,period=ft,over,total=3.5,3.4
2026-10-08T00:01:27.752059+02:00,36435229,Brasileiro Serie A,Brazil,Clube do Remo PA,Gremio FB Porto Alegrense RS,2026-10-07T22:30:00+00:00,28.5375,soccer.total_goals,period=ft,under,total=3.5,1.32
2026-10-08T00:01:27.752059+02:00,36435229,Brasileiro Serie A,Brazil,Clube do Remo PA,Gremio FB Porto Alegrense RS,2026-10-07T22:30:00+00:00,28.5375,soccer.total_goals,period=ft,over,total=4.5,6.65
2026-10-08T00:01:27.752059+02:00,36435229,Brasileiro Serie A,Brazil,Clube do Remo PA,Gremio FB Porto Alegrense RS,2026-10-07T22:30:00+00:00,28.5375,soccer.total_goals,period=ft,under,total=4.5,1.11
2026-10-08T00:01:27.752059+02:00,36435228,Brasileiro Serie A,Brazil,Red Bull Bragantino SP,Mirassol FC SP,2026-10-07T22:30:00+00:00,28.5375,soccer.asian_handicap,period=ft,home,handicap=-0.75,1.95
2026-10-08T00:01:27.752059+02:00,36435228,Brasileiro Serie A,Brazil,Red Bull Bragantino SP,Mirassol FC SP,2026-10-07T22:30:00+00:00,28.5375,soccer.asian_handicap,period=ft,away,handicap=-0.75,1.93
2026-10-08T00:01:27.752059+02:00,36435228,Brasileiro Serie A,Brazil,Red Bull Bragantino SP,Mirassol FC SP,2026-10-07T22:30:00+00:00,28.5375,soccer.asian_handicap,period=ft,home,handicap=-1.75,3.75
2026-10-08T00:01:27.752059+02:00,36435228,Brasileiro Serie A,Brazil,Red Bull Bragantino SP,Mirassol FC SP,2026-10-07T22:30:00+00:00,28.5375,soccer.asian_handicap,period=ft,away,handicap=-1.75,1.28
2026-10-08T00:01:27.752059+02:00,36435228,Brasileiro Serie A,Brazil,Red Bull Bragantino SP,Mirassol FC SP,2026-10-07T22:30:00+00:00,28.5375,soccer.asian_handicap,period=ft,home,handicap=-1.5,3.0
2026-10-08T00:01:27.752059+02:00,36435228,Brasileiro Serie A,Brazil,Red Bull Bragantino SP,Mirassol FC SP,2026-10-07T22:30:00+00:00,28.5375,soccer.asian_handicap,period=ft,away,handicap=-1.5,1.4
2026-10-08T00:01:27.752059+02:00,36435228,Brasileiro Serie A,Brazil,Red Bull Bragantino SP,Mirassol FC SP,2026-10-07T22:30:00+00:00,28.5375,soccer.asian_handicap,period=ft,home,handicap=-1.25,2.65
2026-10-08T00:01:27.752059+02:00,36435228,Brasileiro Serie A,Brazil,Red Bull Bragantino SP,Mirassol FC SP,2026-10-07T22:30:00+00:00,28.5375,soccer.asian_handicap,period=ft,away,handicap=-1.25,1.5
2026-10-08T00:01:27.752059+02:00,36435228,Brasileiro Serie A,Brazil,Red Bull Bragantino SP,Mirassol FC SP,2026-10-07T22:30:00+00:00,28.5375,soccer.asian_handicap,period=ft,home,handicap=-1,2.3
2026-10-08T00:01:27.752059+02:00,36435228,Brasileiro Serie A,Brazil,Red Bull Bragantino SP,Mirassol FC SP,2026-10-07T22:30:00+00:00,28.5375,soccer.asian_handicap,period=ft,away,handicap=-1,1.65
2026-10-08T00:01:27.752059+02:00,36435228,Brasileiro Serie A,Brazil,Red Bull Bragantino SP,Mirassol FC SP,2026-10-07T22:30:00+00:00,28.5375,soccer.asian_handicap,period=ft,home,handicap=-0.5,1.72
2026-10-08T00:01:27.752059+02:00,36435228,Brasileiro Serie A,Brazil,Red Bull Bragantino SP,Mirassol FC SP,2026-10-07T22:30:00+00:00,28.5375,soccer.asian_handicap,period=ft,away,handicap=-0.5,2.17
2026-10-08T00:01:27.752059+02:00,36435228,Brasileiro Serie A,Brazil,Red Bull Bragantino SP,Mirassol FC SP,2026-10-07T22:30:00+00:00,28.5375,soccer.asian_handicap,period=ft,home,handicap=-0.25,1.51
2026-10-08T00:01:27.752059+02:00,36435228,Brasileiro Serie A,Brazil,Red Bull Bragantino SP,Mirassol FC SP,2026-10-07T22:30:00+00:00,28.5375,soccer.asian_handicap,period=ft,away,handicap=-0.25,2.6
2026-10-08T00:01:27.752059+02:00,36435228,Brasileiro Serie A,Brazil,Red Bull Bragantino SP,Mirassol FC SP,2026-10-07T22:30:00+00:00,28.5375,soccer.asian_handicap,period=ft,home,handicap=0,1.3
2026-10-08T00:01:27.752059+02:00,36435228,Brasileiro Serie A,Brazil,Red Bull Bragantino SP,Mirassol FC SP,2026-10-07T22:30:00+00:00,28.5375,soccer.asian_handicap,period=ft,away,handicap=0,3.6
2026-10-08T00:01:27.752059+02:00,36435228,Brasileiro Serie A,Brazil,Red Bull Bragantino SP,Mirassol FC SP,2026-10-07T22:30:00+00:00,28.5375,soccer.asian_handicap,period=ft,home,handicap=0.25,1.24
2026-10-08T00:01:27.752059+02:00,36435228,Brasileiro Serie A,Brazil,Red Bull Bragantino SP,Mirassol FC SP,2026-10-07T22:30:00+00:00,28.5375,soccer.asian_handicap,period=ft,away,handicap=0.25,4.2
2026-10-08T00:01:27.752059+02:00,36435228,Brasileiro Serie A,Brazil,Red Bull Bragantino SP,Mirassol FC SP,2026-10-07T22:30:00+00:00,28.5375,soccer.double_chance,period=ft,draw_away,,2.15
2026-10-08T00:01:27.752059+02:00,36435228,Brasileiro Serie A,Brazil,Red Bull Bragantino SP,Mirassol FC SP,2026-10-07T22:30:00+00:00,28.5375,soccer.double_chance,period=ft,home_away,,1.27
2026-10-08T00:01:27.752059+02:00,36435228,Brasileiro Serie A,Brazil,Red Bull Bragantino SP,Mirassol FC SP,2026-10-07T22:30:00+00:00,28.5375,soccer.double_chance,period=ft,home_draw,,1.2
2026-10-08T00:01:27.752059+02:00,36435228,Brasileiro Serie A,Brazil,Red Bull Bragantino SP,Mirassol FC SP,2026-10-07T22:30:00+00:00,28.5375,soccer.match_odds,period=ft,home,,1.72
2026-10-08T00:01:27.752059+02:00,36435228,Brasileiro Serie A,Brazil,Red Bull Bragantino SP,Mirassol FC SP,2026-10-07T22:30:00+00:00,28.5375,soccer.match_odds,period=ft,draw,,3.9
2026-10-08T00:01:27.752059+02:00,36435228,Brasileiro Serie A,Brazil,Red Bull Bragantino SP,Mirassol FC SP,2026-10-07T22:30:00+00:00,28.5375,soccer.match_odds,period=ft,away,,4.8
2026-10-08T00:01:27.752059+02:00,36435228,Brasileiro Serie A,Brazil,Red Bull Bragantino SP,Mirassol FC SP,2026-10-07T22:30:00+00:00,28.5375,soccer.total_goals,period=ft,over,total=2.75,1.89
2026-10-08T00:01:27.752059+02:00,36435228,Brasileiro Serie A,Brazil,Red Bull Bragantino SP,Mirassol FC SP,2026-10-07T22:30:00+00:00,28.5375,soccer.total_goals,period=ft,under,total=2.75,1.98
2026-10-08T00:01:27.752059+02:00,36435228,Brasileiro Serie A,Brazil,Red Bull Bragantino SP,Mirassol FC SP,2026-10-07T22:30:00+00:00,28.5375,soccer.total_goals,period=ft,over,total=1.5,1.21
2026-10-08T00:01:27.752059+02:00,36435228,Brasileiro Serie A,Brazil,Red Bull Bragantino SP,Mirassol FC SP,2026-10-07T22:30:00+00:00,28.5375,soccer.total_goals,period=ft,under,total=1.5,4.45
2026-10-08T00:01:27.752059+02:00,36435228,Brasileiro Serie A,Brazil,Red Bull Bragantino SP,Mirassol FC SP,2026-10-07T22:30:00+00:00,28.5375,soccer.total_goals,period=ft,over,total=2.25,1.5
2026-10-08T00:01:27.752059+02:00,36435228,Brasileiro Serie A,Brazil,Red Bull Bragantino SP,Mirassol FC SP,2026-10-07T22:30:00+00:00,28.5375,soccer.total_goals,period=ft,under,total=2.25,2.6
2026-10-08T00:01:27.752059+02:00,36435228,Brasileiro Serie A,Brazil,Red Bull Bragantino SP,Mirassol FC SP,2026-10-07T22:30:00+00:00,28.5375,soccer.total_goals,period=ft,over,total=2.5,1.69
2026-10-08T00:01:27.752059+02:00,36435228,Brasileiro Serie A,Brazil,Red Bull Bragantino SP,Mirassol FC SP,2026-10-07T22:30:00+00:00,28.5375,soccer.total_goals,period=ft,under,total=2.5,2.2
2026-10-08T00:01:27.752059+02:00,36435228,Brasileiro Serie A,Brazil,Red Bull Bragantino SP,Mirassol FC SP,2026-10-07T22:30:00+00:00,28.5375,soccer.total_goals,period=ft,over,total=3,2.16
2026-10-08T00:01:27.752059+02:00,36435228,Brasileiro Serie A,Brazil,Red Bull Bragantino SP,Mirassol FC SP,2026-10-07T22:30:00+00:00,28.5375,soccer.total_goals,period=ft,under,total=3,1.71
2026-10-08T00:01:27.752059+02:00,36435228,Brasileiro Serie A,Brazil,Red Bull Bragantino SP,Mirassol FC SP,2026-10-07T22:30:00+00:00,28.5375,soccer.total_goals,period=ft,over,total=3.25,2.45
2026-10-08T00:01:27.752059+02:00,36435228,Brasileiro Serie A,Brazil,Red Bull Bragantino SP,Mirassol FC SP,2026-10-07T22:30:00+00:00,28.5375,soccer.total_goals,period=ft,under,total=3.25,1.56
2026-10-08T00:01:27.752059+02:00,36435228,Brasileiro Serie A,Brazil,Red Bull Bragantino SP,Mirassol FC SP,2026-10-07T22:30:00+00:00,28.5375,soccer.total_goals,period=ft,over,total=3.5,2.75
2026-10-08T00:01:27.752059+02:00,36435228,Brasileiro Serie A,Brazil,Red Bull Bragantino SP,Mirassol FC SP,2026-10-07T22:30:00+00:00,28.5375,soccer.total_goals,period=ft,under,total=3.5,1.45
2026-10-08T00:01:27.752059+02:00,36435228,Brasileiro Serie A,Brazil,Red Bull Bragantino SP,Mirassol FC SP,2026-10-07T22:30:00+00:00,28.5375,soccer.total_goals,period=ft,over,total=4.5,5.25
2026-10-08T00:01:27.752059+02:00,36435228,Brasileiro Serie A,Brazil,Red Bull Bragantino SP,Mirassol FC SP,2026-10-07T22:30:00+00:00,28.5375,soccer.total_goals,period=ft,under,total=4.5,1.16
2026-10-08T00:01:27.752059+02:00,36435230,Brasileiro Serie A,Brazil,SC Internacional RS,SC Corinthians SP,2026-10-07T22:30:00+00:00,28.5375,soccer.asian_handicap,period=ft,home,handicap=-0.25,2.11
2026-10-08T00:01:27.752059+02:00,36435230,Brasileiro Serie A,Brazil,SC Internacional RS,SC Corinthians SP,2026-10-07T22:30:00+00:00,28.5375,soccer.asian_handicap,period=ft,away,handicap=-0.25,1.79
2026-10-08T00:01:27.752059+02:00,36435230,Brasileiro Serie A,Brazil,SC Internacional RS,SC Corinthians SP,2026-10-07T22:30:00+00:00,28.5375,soccer.asian_handicap,period=ft,home,handicap=-1.25,4.85
2026-10-08T00:01:27.752059+02:00,36435230,Brasileiro Serie A,Brazil,SC Internacional RS,SC Corinthians SP,2026-10-07T22:30:00+00:00,28.5375,soccer.asian_handicap,period=ft,away,handicap=-1.25,1.19
2026-10-08T00:01:27.752059+02:00,36435230,Brasileiro Serie A,Brazil,SC Internacional RS,SC Corinthians SP,2026-10-07T22:30:00+00:00,28.5375,soccer.asian_handicap,period=ft,home,handicap=-1,4.3
2026-10-08T00:01:27.752059+02:00,36435230,Brasileiro Serie A,Brazil,SC Internacional RS,SC Corinthians SP,2026-10-07T22:30:00+00:00,28.5375,soccer.asian_handicap,period=ft,away,handicap=-1,1.23
2026-10-08T00:01:27.752059+02:00,36435230,Brasileiro Serie A,Brazil,SC Internacional RS,SC Corinthians SP,2026-10-07T22:30:00+00:00,28.5375,soccer.asian_handicap,period=ft,home,handicap=-0.75,3.05
2026-10-08T00:01:27.752059+02:00,36435230,Brasileiro Serie A,Brazil,SC Internacional RS,SC Corinthians SP,2026-10-07T22:30:00+00:00,28.5375,soccer.asian_handicap,period=ft,away,handicap=-0.75,1.4
2026-10-08T00:01:27.752059+02:00,36435230,Brasileiro Serie A,Brazil,SC Internacional RS,SC Corinthians SP,2026-10-07T22:30:00+00:00,28.5375,soccer.asian_handicap,period=ft,home,handicap=-0.5,2.45
2026-10-08T00:01:27.752059+02:00,36435230,Brasileiro Serie A,Brazil,SC Internacional RS,SC Corinthians SP,2026-10-07T22:30:00+00:00,28.5375,soccer.asian_handicap,period=ft,away,handicap=-0.5,1.56
2026-10-08T00:01:27.752059+02:00,36435230,Brasileiro Serie A,Brazil,SC Internacional RS,SC Corinthians SP,2026-10-07T22:30:00+00:00,28.5375,soccer.asian_handicap,period=ft,home,handicap=0,1.69
2026-10-08T00:01:27.752059+02:00,36435230,Brasileiro Serie A,Brazil,SC Internacional RS,SC Corinthians SP,2026-10-07T22:30:00+00:00,28.5375,soccer.asian_handicap,period=ft,away,handicap=0,2.2
2026-10-08T00:01:27.752059+02:00,36435230,Brasileiro Serie A,Brazil,SC Internacional RS,SC Corinthians SP,2026-10-07T22:30:00+00:00,28.5375,soccer.asian_handicap,period=ft,home,handicap=0.25,1.48
2026-10-08T00:01:27.752059+02:00,36435230,Brasileiro Serie A,Brazil,SC Internacional RS,SC Corinthians SP,2026-10-07T22:30:00+00:00,28.5375,soccer.asian_handicap,period=ft,away,handicap=0.25,2.7
2026-10-08T00:01:27.752059+02:00,36435230,Brasileiro Serie A,Brazil,SC Internacional RS,SC Corinthians SP,2026-10-07T22:30:00+00:00,28.5375,soccer.asian_handicap,period=ft,home,handicap=0.5,1.36
2026-10-08T00:01:27.752059+02:00,36435230,Brasileiro Serie A,Brazil,SC Internacional RS,SC Corinthians SP,2026-10-07T22:30:00+00:00,28.5375,soccer.asian_handicap,period=ft,away,handicap=0.5,3.2
2026-10-08T00:01:27.752059+02:00,36435230,Brasileiro Serie A,Brazil,SC Internacional RS,SC Corinthians SP,2026-10-07T22:30:00+00:00,28.5375,soccer.asian_handicap,period=ft,home,handicap=0.75,1.23
2026-10-08T00:01:27.752059+02:00,36435230,Brasileiro Serie A,Brazil,SC Internacional RS,SC Corinthians SP,2026-10-07T22:30:00+00:00,28.5375,soccer.asian_handicap,period=ft,away,handicap=0.75,4.2
2026-10-08T00:01:27.752059+02:00,36435230,Brasileiro Serie A,Brazil,SC Internacional RS,SC Corinthians SP,2026-10-07T22:30:00+00:00,28.5375,soccer.double_chance,period=ft,draw_away,,1.56
2026-10-08T00:01:27.752059+02:00,36435230,Brasileiro Serie A,Brazil,SC Internacional RS,SC Corinthians SP,2026-10-07T22:30:00+00:00,28.5375,soccer.double_chance,period=ft,home_away,,1.39
2026-10-08T00:01:27.752059+02:00,36435230,Brasileiro Serie A,Brazil,SC Internacional RS,SC Corinthians SP,2026-10-07T22:30:00+00:00,28.5375,soccer.double_chance,period=ft,home_draw,,1.36
2026-10-08T00:01:27.752059+02:00,36435230,Brasileiro Serie A,Brazil,SC Internacional RS,SC Corinthians SP,2026-10-07T22:30:00+00:00,28.5375,soccer.match_odds,period=ft,home,,2.5
2026-10-08T00:01:27.752059+02:00,36435230,Brasileiro Serie A,Brazil,SC Internacional RS,SC Corinthians SP,2026-10-07T22:30:00+00:00,28.5375,soccer.match_odds,period=ft,draw,,3.0
2026-10-08T00:01:27.752059+02:00,36435230,Brasileiro Serie A,Brazil,SC Internacional RS,SC Corinthians SP,2026-10-07T22:30:00+00:00,28.5375,soccer.match_odds,period=ft,away,,3.25
2026-10-08T00:01:27.752059+02:00,36435230,Brasileiro Serie A,Brazil,SC Internacional RS,SC Corinthians SP,2026-10-07T22:30:00+00:00,28.5375,soccer.total_goals,period=ft,over,total=2,1.89
2026-10-08T00:01:27.752059+02:00,36435230,Brasileiro Serie A,Brazil,SC Internacional RS,SC Corinthians SP,2026-10-07T22:30:00+00:00,28.5375,soccer.total_goals,period=ft,under,total=2,1.98
2026-10-08T00:01:27.752059+02:00,36435230,Brasileiro Serie A,Brazil,SC Internacional RS,SC Corinthians SP,2026-10-07T22:30:00+00:00,28.5375,soccer.total_goals,period=ft,over,total=0.5,1.1
2026-10-08T00:01:27.752059+02:00,36435230,Brasileiro Serie A,Brazil,SC Internacional RS,SC Corinthians SP,2026-10-07T22:30:00+00:00,28.5375,soccer.total_goals,period=ft,under,total=0.5,6.95
2026-10-08T00:01:27.752059+02:00,36435230,Brasileiro Serie A,Brazil,SC Internacional RS,SC Corinthians SP,2026-10-07T22:30:00+00:00,28.5375,soccer.total_goals,period=ft,over,total=1.5,1.49
2026-10-08T00:01:27.752059+02:00,36435230,Brasileiro Serie A,Brazil,SC Internacional RS,SC Corinthians SP,2026-10-07T22:30:00+00:00,28.5375,soccer.total_goals,period=ft,under,total=1.5,2.65
2026-10-08T00:01:27.752059+02:00,36435230,Brasileiro Serie A,Brazil,SC Internacional RS,SC Corinthians SP,2026-10-07T22:30:00+00:00,28.5375,soccer.total_goals,period=ft,over,total=1.75,1.63
2026-10-08T00:01:27.752059+02:00,36435230,Brasileiro Serie A,Brazil,SC Internacional RS,SC Corinthians SP,2026-10-07T22:30:00+00:00,28.5375,soccer.total_goals,period=ft,under,total=1.75,2.3
2026-10-08T00:01:27.752059+02:00,36435230,Brasileiro Serie A,Brazil,SC Internacional RS,SC Corinthians SP,2026-10-07T22:30:00+00:00,28.5375,soccer.total_goals,period=ft,over,total=2.25,2.2
2026-10-08T00:01:27.752059+02:00,36435230,Brasileiro Serie A,Brazil,SC Internacional RS,SC Corinthians SP,2026-10-07T22:30:00+00:00,28.5375,soccer.total_goals,period=ft,under,total=2.25,1.69
2026-10-08T00:01:27.752059+02:00,36435230,Brasileiro Serie A,Brazil,SC Internacional RS,SC Corinthians SP,2026-10-07T22:30:00+00:00,28.5375,soccer.total_goals,period=ft,over,total=2.5,2.5
2026-10-08T00:01:27.752059+02:00,36435230,Brasileiro Serie A,Brazil,SC Internacional RS,SC Corinthians SP,2026-10-07T22:30:00+00:00,28.5375,soccer.total_goals,period=ft,under,total=2.5,1.53
2026-10-08T00:01:27.752059+02:00,36435230,Brasileiro Serie A,Brazil,SC Internacional RS,SC Corinthians SP,2026-10-07T22:30:00+00:00,28.5375,soccer.total_goals,period=ft,over,total=3.5,4.75
2026-10-08T00:01:27.752059+02:00,36435230,Brasileiro Serie A,Brazil,SC Internacional RS,SC Corinthians SP,2026-10-07T22:30:00+00:00,28.5375,soccer.total_goals,period=ft,under,total=3.5,1.19
2026-10-08T00:01:27.752059+02:00,36435231,Brasileiro Serie A,Brazil,EC Vitoria BA,Chapecoense SC,2026-10-07T23:00:00+00:00,58.5375,soccer.asian_handicap,period=ft,home,handicap=-1,1.87
2026-10-08T00:01:27.752059+02:00,36435231,Brasileiro Serie A,Brazil,EC Vitoria BA,Chapecoense SC,2026-10-07T23:00:00+00:00,58.5375,soccer.asian_handicap,period=ft,away,handicap=-1,2.01
2026-10-08T00:01:27.752059+02:00,36435231,Brasileiro Serie A,Brazil,EC Vitoria BA,Chapecoense SC,2026-10-07T23:00:00+00:00,58.5375,soccer.asian_handicap,period=ft,home,handicap=-2,4.05
2026-10-08T00:01:27.752059+02:00,36435231,Brasileiro Serie A,Brazil,EC Vitoria BA,Chapecoense SC,2026-10-07T23:00:00+00:00,58.5375,soccer.asian_handicap,period=ft,away,handicap=-2,1.25
2026-10-08T00:01:27.752059+02:00,36435231,Brasileiro Serie A,Brazil,EC Vitoria BA,Chapecoense SC,2026-10-07T23:00:00+00:00,58.5375,soccer.asian_handicap,period=ft,home,handicap=-1.75,3.0
2026-10-08T00:01:27.752059+02:00,36435231,Brasileiro Serie A,Brazil,EC Vitoria BA,Chapecoense SC,2026-10-07T23:00:00+00:00,58.5375,soccer.asian_handicap,period=ft,away,handicap=-1.75,1.4
2026-10-08T00:01:27.752059+02:00,36435231,Brasileiro Serie A,Brazil,EC Vitoria BA,Chapecoense SC,2026-10-07T23:00:00+00:00,58.5375,soccer.asian_handicap,period=ft,home,handicap=-1.5,2.45
2026-10-08T00:01:27.752059+02:00,36435231,Brasileiro Serie A,Brazil,EC Vitoria BA,Chapecoense SC,2026-10-07T23:00:00+00:00,58.5375,soccer.asian_handicap,period=ft,away,handicap=-1.5,1.56
2026-10-08T00:01:27.752059+02:00,36435231,Brasileiro Serie A,Brazil,EC Vitoria BA,Chapecoense SC,2026-10-07T23:00:00+00:00,58.5375,soccer.asian_handicap,period=ft,home,handicap=-1.25,2.17
2026-10-08T00:01:27.752059+02:00,36435231,Brasileiro Serie A,Brazil,EC Vitoria BA,Chapecoense SC,2026-10-07T23:00:00+00:00,58.5375,soccer.asian_handicap,period=ft,away,handicap=-1.25,1.72
2026-10-08T00:01:27.752059+02:00,36435231,Brasileiro Serie A,Brazil,EC Vitoria BA,Chapecoense SC,2026-10-07T23:00:00+00:00,58.5375,soccer.asian_handicap,period=ft,home,handicap=-0.75,1.63
2026-10-08T00:01:27.752059+02:00,36435231,Brasileiro Serie A,Brazil,EC Vitoria BA,Chapecoense SC,2026-10-07T23:00:00+00:00,58.5375,soccer.asian_handicap,period=ft,away,handicap=-0.75,2.3
2026-10-08T00:01:27.752059+02:00,36435231,Brasileiro Serie A,Brazil,EC Vitoria BA,Chapecoense SC,2026-10-07T23:00:00+00:00,58.5375,soccer.asian_handicap,period=ft,home,handicap=-0.5,1.5
2026-10-08T00:01:27.752059+02:00,36435231,Brasileiro Serie A,Brazil,EC Vitoria BA,Chapecoense SC,2026-10-07T23:00:00+00:00,58.5375,soccer.asian_handicap,period=ft,away,handicap=-0.5,2.65
2026-10-08T00:01:27.752059+02:00,36435231,Brasileiro Serie A,Brazil,EC Vitoria BA,Chapecoense SC,2026-10-07T23:00:00+00:00,58.5375,soccer.asian_handicap,period=ft,home,handicap=-0.25,1.33
2026-10-08T00:01:27.752059+02:00,36435231,Brasileiro Serie A,Brazil,EC Vitoria BA,Chapecoense SC,2026-10-07T23:00:00+00:00,58.5375,soccer.asian_handicap,period=ft,away,handicap=-0.25,3.35
2026-10-08T00:01:27.752059+02:00,36435231,Brasileiro Serie A,Brazil,EC Vitoria BA,Chapecoense SC,2026-10-07T23:00:00+00:00,58.5375,soccer.asian_handicap,period=ft,home,handicap=0,1.17
2026-10-08T00:01:27.752059+02:00,36435231,Brasileiro Serie A,Brazil,EC Vitoria BA,Chapecoense SC,2026-10-07T23:00:00+00:00,58.5375,soccer.asian_handicap,period=ft,away,handicap=0,5.15
2026-10-08T00:01:27.752059+02:00,36435231,Brasileiro Serie A,Brazil,EC Vitoria BA,Chapecoense SC,2026-10-07T23:00:00+00:00,58.5375,soccer.double_chance,period=ft,draw_away,,2.65
2026-10-08T00:01:27.752059+02:00,36435231,Brasileiro Serie A,Brazil,EC Vitoria BA,Chapecoense SC,2026-10-07T23:00:00+00:00,58.5375,soccer.double_chance,period=ft,home_away,,1.23
2026-10-08T00:01:27.752059+02:00,36435231,Brasileiro Serie A,Brazil,EC Vitoria BA,Chapecoense SC,2026-10-07T23:00:00+00:00,58.5375,soccer.double_chance,period=ft,home_draw,,1.12
2026-10-08T00:01:27.752059+02:00,36435231,Brasileiro Serie A,Brazil,EC Vitoria BA,Chapecoense SC,2026-10-07T23:00:00+00:00,58.5375,soccer.match_odds,period=ft,home,,1.5
2026-10-08T00:01:27.752059+02:00,36435231,Brasileiro Serie A,Brazil,EC Vitoria BA,Chapecoense SC,2026-10-07T23:00:00+00:00,58.5375,soccer.match_odds,period=ft,draw,,4.35
2026-10-08T00:01:27.752059+02:00,36435231,Brasileiro Serie A,Brazil,EC Vitoria BA,Chapecoense SC,2026-10-07T23:00:00+00:00,58.5375,soccer.match_odds,period=ft,away,,6.65
2026-10-08T00:01:27.752059+02:00,36435231,Brasileiro Serie A,Brazil,EC Vitoria BA,Chapecoense SC,2026-10-07T23:00:00+00:00,58.5375,soccer.total_goals,period=ft,over,total=2.75,2.04
2026-10-08T00:01:27.752059+02:00,36435231,Brasileiro Serie A,Brazil,EC Vitoria BA,Chapecoense SC,2026-10-07T23:00:00+00:00,58.5375,soccer.total_goals,period=ft,under,total=2.75,1.82
2026-10-08T00:01:27.752059+02:00,36435231,Brasileiro Serie A,Brazil,EC Vitoria BA,Chapecoense SC,2026-10-07T23:00:00+00:00,58.5375,soccer.total_goals,period=ft,over,total=1.5,1.25
2026-10-08T00:01:27.752059+02:00,36435231,Brasileiro Serie A,Brazil,EC Vitoria BA,Chapecoense SC,2026-10-07T23:00:00+00:00,58.5375,soccer.total_goals,period=ft,under,total=1.5,4.0
2026-10-08T00:01:27.752059+02:00,36435231,Brasileiro Serie A,Brazil,EC Vitoria BA,Chapecoense SC,2026-10-07T23:00:00+00:00,58.5375,soccer.total_goals,period=ft,over,total=2.25,1.59
2026-10-08T00:01:27.752059+02:00,36435231,Brasileiro Serie A,Brazil,EC Vitoria BA,Chapecoense SC,2026-10-07T23:00:00+00:00,58.5375,soccer.total_goals,period=ft,under,total=2.25,2.35
2026-10-08T00:01:27.752059+02:00,36435231,Brasileiro Serie A,Brazil,EC Vitoria BA,Chapecoense SC,2026-10-07T23:00:00+00:00,58.5375,soccer.total_goals,period=ft,over,total=2.5,1.8
2026-10-08T00:01:27.752059+02:00,36435231,Brasileiro Serie A,Brazil,EC Vitoria BA,Chapecoense SC,2026-10-07T23:00:00+00:00,58.5375,soccer.total_goals,period=ft,under,total=2.5,2.03
2026-10-08T00:01:27.752059+02:00,36435231,Brasileiro Serie A,Brazil,EC Vitoria BA,Chapecoense SC,2026-10-07T23:00:00+00:00,58.5375,soccer.total_goals,period=ft,over,total=3,2.35
2026-10-08T00:01:27.752059+02:00,36435231,Brasileiro Serie A,Brazil,EC Vitoria BA,Chapecoense SC,2026-10-07T23:00:00+00:00,58.5375,soccer.total_goals,period=ft,under,total=3,1.59
2026-10-08T00:01:27.752059+02:00,36435231,Brasileiro Serie A,Brazil,EC Vitoria BA,Chapecoense SC,2026-10-07T23:00:00+00:00,58.5375,soccer.total_goals,period=ft,over,total=3.25,2.7
2026-10-08T00:01:27.752059+02:00,36435231,Brasileiro Serie A,Brazil,EC Vitoria BA,Chapecoense SC,2026-10-07T23:00:00+00:00,58.5375,soccer.total_goals,period=ft,under,total=3.25,1.47
2026-10-08T00:01:27.752059+02:00,36435231,Brasileiro Serie A,Brazil,EC Vitoria BA,Chapecoense SC,2026-10-07T23:00:00+00:00,58.5375,soccer.total_goals,period=ft,over,total=3.5,3.0
2026-10-08T00:01:27.752059+02:00,36435231,Brasileiro Serie A,Brazil,EC Vitoria BA,Chapecoense SC,2026-10-07T23:00:00+00:00,58.5375,soccer.total_goals,period=ft,under,total=3.5,1.39
2026-10-08T00:01:27.752059+02:00,36435231,Brasileiro Serie A,Brazil,EC Vitoria BA,Chapecoense SC,2026-10-07T23:00:00+00:00,58.5375,soccer.total_goals,period=ft,over,total=4.5,5.85
2026-10-08T00:01:27.752059+02:00,36435231,Brasileiro Serie A,Brazil,EC Vitoria BA,Chapecoense SC,2026-10-07T23:00:00+00:00,58.5375,soccer.total_goals,period=ft,under,total=4.5,1.13
2026-10-08T00:01:27.752059+02:00,36435232,Brasileiro Serie A,Brazil,Botafogo FR RJ,CR Vasco da Gama RJ,2026-10-07T23:30:00+00:00,88.5375,soccer.asian_handicap,period=ft,home,handicap=0.25,1.89
2026-10-08T00:01:27.752059+02:00,36435232,Brasileiro Serie A,Brazil,Botafogo FR RJ,CR Vasco da Gama RJ,2026-10-07T23:30:00+00:00,88.5375,soccer.asian_handicap,period=ft,away,handicap=0.25,1.99
2026-10-08T00:01:27.752059+02:00,36435232,Brasileiro Serie A,Brazil,Botafogo FR RJ,CR Vasco da Gama RJ,2026-10-07T23:30:00+00:00,88.5375,soccer.asian_handicap,period=ft,home,handicap=-0.75,3.75
2026-10-08T00:01:27.752059+02:00,36435232,Brasileiro Serie A,Brazil,Botafogo FR RJ,CR Vasco da Gama RJ,2026-10-07T23:30:00+00:00,88.5375,soccer.asian_handicap,period=ft,away,handicap=-0.75,1.28
2026-10-08T00:01:27.752059+02:00,36435232,Brasileiro Serie A,Brazil,Botafogo FR RJ,CR Vasco da Gama RJ,2026-10-07T23:30:00+00:00,88.5375,soccer.asian_handicap,period=ft,home,handicap=-0.5,3.0
2026-10-08T00:01:27.752059+02:00,36435232,Brasileiro Serie A,Brazil,Botafogo FR RJ,CR Vasco da Gama RJ,2026-10-07T23:30:00+00:00,88.5375,soccer.asian_handicap,period=ft,away,handicap=-0.5,1.4
2026-10-08T00:01:27.752059+02:00,36435232,Brasileiro Serie A,Brazil,Botafogo FR RJ,CR Vasco da Gama RJ,2026-10-07T23:30:00+00:00,88.5375,soccer.asian_handicap,period=ft,home,handicap=-0.25,2.65
2026-10-08T00:01:27.752059+02:00,36435232,Brasileiro Serie A,Brazil,Botafogo FR RJ,CR Vasco da Gama RJ,2026-10-07T23:30:00+00:00,88.5375,soccer.asian_handicap,period=ft,away,handicap=-0.25,1.5
2026-10-08T00:01:27.752059+02:00,36435232,Brasileiro Serie A,Brazil,Botafogo FR RJ,CR Vasco da Gama RJ,2026-10-07T23:30:00+00:00,88.5375,soccer.asian_handicap,period=ft,home,handicap=0,2.25
2026-10-08T00:01:27.752059+02:00,36435232,Brasileiro Serie A,Brazil,Botafogo FR RJ,CR Vasco da Gama RJ,2026-10-07T23:30:00+00:00,88.5375,soccer.asian_handicap,period=ft,away,handicap=0,1.67
2026-10-08T00:01:27.752059+02:00,36435232,Brasileiro Serie A,Brazil,Botafogo FR RJ,CR Vasco da Gama RJ,2026-10-07T23:30:00+00:00,88.5375,soccer.asian_handicap,period=ft,home,handicap=0.5,1.67
2026-10-08T00:01:27.752059+02:00,36435232,Brasileiro Serie A,Brazil,Botafogo FR RJ,CR Vasco da Gama RJ,2026-10-07T23:30:00+00:00,88.5375,soccer.asian_handicap,period=ft,away,handicap=0.5,2.25
2026-10-08T00:01:27.752059+02:00,36435232,Brasileiro Serie A,Brazil,Botafogo FR RJ,CR Vasco da Gama RJ,2026-10-07T23:30:00+00:00,88.5375,soccer.asian_handicap,period=ft,home,handicap=0.75,1.49
2026-10-08T00:01:27.752059+02:00,36435232,Brasileiro Serie A,Brazil,Botafogo FR RJ,CR Vasco da Gama RJ,2026-10-07T23:30:00+00:00,88.5375,soccer.asian_handicap,period=ft,away,handicap=0.75,2.65
2026-10-08T00:01:27.752059+02:00,36435232,Brasileiro Serie A,Brazil,Botafogo FR RJ,CR Vasco da Gama RJ,2026-10-07T23:30:00+00:00,88.5375,soccer.asian_handicap,period=ft,home,handicap=1,1.31
2026-10-08T00:01:27.752059+02:00,36435232,Brasileiro Serie A,Brazil,Botafogo FR RJ,CR Vasco da Gama RJ,2026-10-07T23:30:00+00:00,88.5375,soccer.asian_handicap,period=ft,away,handicap=1,3.5
2026-10-08T00:01:27.752059+02:00,36435232,Brasileiro Serie A,Brazil,Botafogo FR RJ,CR Vasco da Gama RJ,2026-10-07T23:30:00+00:00,88.5375,soccer.asian_handicap,period=ft,home,handicap=1.25,1.26
2026-10-08T00:01:27.752059+02:00,36435232,Brasileiro Serie A,Brazil,Botafogo FR RJ,CR Vasco da Gama RJ,2026-10-07T23:30:00+00:00,88.5375,soccer.asian_handicap,period=ft,away,handicap=1.25,3.95
2026-10-08T00:01:27.752059+02:00,36435232,Brasileiro Serie A,Brazil,Botafogo FR RJ,CR Vasco da Gama RJ,2026-10-07T23:30:00+00:00,88.5375,soccer.double_chance,period=ft,draw_away,,1.4
2026-10-08T00:01:27.752059+02:00,36435232,Brasileiro Serie A,Brazil,Botafogo FR RJ,CR Vasco da Gama RJ,2026-10-07T23:30:00+00:00,88.5375,soccer.double_chance,period=ft,home_away,,1.3
2026-10-08T00:01:27.752059+02:00,36435232,Brasileiro Serie A,Brazil,Botafogo FR RJ,CR Vasco da Gama RJ,2026-10-07T23:30:00+00:00,88.5375,soccer.double_chance,period=ft,home_draw,,1.65
2026-10-08T00:01:27.752059+02:00,36435232,Brasileiro Serie A,Brazil,Botafogo FR RJ,CR Vasco da Gama RJ,2026-10-07T23:30:00+00:00,88.5375,soccer.match_odds,period=ft,home,,3.05
2026-10-08T00:01:27.752059+02:00,36435232,Brasileiro Serie A,Brazil,Botafogo FR RJ,CR Vasco da Gama RJ,2026-10-07T23:30:00+00:00,88.5375,soccer.match_odds,period=ft,draw,,3.65
2026-10-08T00:01:27.752059+02:00,36435232,Brasileiro Serie A,Brazil,Botafogo FR RJ,CR Vasco da Gama RJ,2026-10-07T23:30:00+00:00,88.5375,soccer.match_odds,period=ft,away,,2.25
2026-10-08T00:01:27.752059+02:00,36435232,Brasileiro Serie A,Brazil,Botafogo FR RJ,CR Vasco da Gama RJ,2026-10-07T23:30:00+00:00,88.5375,soccer.total_goals,period=ft,over,total=3,2.04
2026-10-08T00:01:27.752059+02:00,36435232,Brasileiro Serie A,Brazil,Botafogo FR RJ,CR Vasco da Gama RJ,2026-10-07T23:30:00+00:00,88.5375,soccer.total_goals,period=ft,under,total=3,1.82
2026-10-08T00:01:27.752059+02:00,36435232,Brasileiro Serie A,Brazil,Botafogo FR RJ,CR Vasco da Gama RJ,2026-10-07T23:30:00+00:00,88.5375,soccer.total_goals,period=ft,over,total=1.5,1.18
2026-10-08T00:01:27.752059+02:00,36435232,Brasileiro Serie A,Brazil,Botafogo FR RJ,CR Vasco da Gama RJ,2026-10-07T23:30:00+00:00,88.5375,soccer.total_goals,period=ft,under,total=1.5,4.85
2026-10-08T00:01:27.752059+02:00,36435232,Brasileiro Serie A,Brazil,Botafogo FR RJ,CR Vasco da Gama RJ,2026-10-07T23:30:00+00:00,88.5375,soccer.total_goals,period=ft,over,total=2.5,1.62
2026-10-08T00:01:27.752059+02:00,36435232,Brasileiro Serie A,Brazil,Botafogo FR RJ,CR Vasco da Gama RJ,2026-10-07T23:30:00+00:00,88.5375,soccer.total_goals,period=ft,under,total=2.5,2.3
2026-10-08T00:01:27.752059+02:00,36435232,Brasileiro Serie A,Brazil,Botafogo FR RJ,CR Vasco da Gama RJ,2026-10-07T23:30:00+00:00,88.5375,soccer.total_goals,period=ft,over,total=2.75,1.78
2026-10-08T00:01:27.752059+02:00,36435232,Brasileiro Serie A,Brazil,Botafogo FR RJ,CR Vasco da Gama RJ,2026-10-07T23:30:00+00:00,88.5375,soccer.total_goals,period=ft,under,total=2.75,2.06
2026-10-08T00:01:27.752059+02:00,36435232,Brasileiro Serie A,Brazil,Botafogo FR RJ,CR Vasco da Gama RJ,2026-10-07T23:30:00+00:00,88.5375,soccer.total_goals,period=ft,over,total=3.25,2.3
2026-10-08T00:01:27.752059+02:00,36435232,Brasileiro Serie A,Brazil,Botafogo FR RJ,CR Vasco da Gama RJ,2026-10-07T23:30:00+00:00,88.5375,soccer.total_goals,period=ft,under,total=3.25,1.63
2026-10-08T00:01:27.752059+02:00,36435232,Brasileiro Serie A,Brazil,Botafogo FR RJ,CR Vasco da Gama RJ,2026-10-07T23:30:00+00:00,88.5375,soccer.total_goals,period=ft,over,total=3.5,2.6
2026-10-08T00:01:27.752059+02:00,36435232,Brasileiro Serie A,Brazil,Botafogo FR RJ,CR Vasco da Gama RJ,2026-10-07T23:30:00+00:00,88.5375,soccer.total_goals,period=ft,under,total=3.5,1.51
2026-10-08T00:01:27.752059+02:00,36435232,Brasileiro Serie A,Brazil,Botafogo FR RJ,CR Vasco da Gama RJ,2026-10-07T23:30:00+00:00,88.5375,soccer.total_goals,period=ft,over,total=4.5,4.7
2026-10-08T00:01:27.752059+02:00,36435232,Brasileiro Serie A,Brazil,Botafogo FR RJ,CR Vasco da Gama RJ,2026-10-07T23:30:00+00:00,88.5375,soccer.total_goals,period=ft,under,total=4.5,1.19
2026-10-08T00:02:45.173503+02:00,36666889,Copa Venezuela,Venezuela,Barquisimeto SC,Aragua FC,2026-10-07T22:30:00+00:00,27.2471,soccer.asian_handicap,period=ft,home,handicap=0,1.9
2026-10-08T00:02:45.173503+02:00,36666889,Copa Venezuela,Venezuela,Barquisimeto SC,Aragua FC,2026-10-07T22:30:00+00:00,27.2471,soccer.asian_handicap,period=ft,away,handicap=0,1.8
2026-10-08T00:02:45.173503+02:00,36666889,Copa Venezuela,Venezuela,Barquisimeto SC,Aragua FC,2026-10-07T22:30:00+00:00,27.2471,soccer.asian_handicap,period=ft,home,handicap=-0.75,3.0
2026-10-08T00:02:45.173503+02:00,36666889,Copa Venezuela,Venezuela,Barquisimeto SC,Aragua FC,2026-10-07T22:30:00+00:00,27.2471,soccer.asian_handicap,period=ft,away,handicap=-0.75,1.29
2026-10-08T00:02:45.173503+02:00,36666889,Copa Venezuela,Venezuela,Barquisimeto SC,Aragua FC,2026-10-07T22:30:00+00:00,27.2471,soccer.asian_handicap,period=ft,home,handicap=-0.5,2.5
2026-10-08T00:02:45.173503+02:00,36666889,Copa Venezuela,Venezuela,Barquisimeto SC,Aragua FC,2026-10-07T22:30:00+00:00,27.2471,soccer.asian_handicap,period=ft,away,handicap=-0.5,1.42
2026-10-08T00:02:45.173503+02:00,36666889,Copa Venezuela,Venezuela,Barquisimeto SC,Aragua FC,2026-10-07T22:30:00+00:00,27.2471,soccer.asian_handicap,period=ft,home,handicap=-0.25,2.2
2026-10-08T00:02:45.173503+02:00,36666889,Copa Venezuela,Venezuela,Barquisimeto SC,Aragua FC,2026-10-07T22:30:00+00:00,27.2471,soccer.asian_handicap,period=ft,away,handicap=-0.25,1.56
2026-10-08T00:02:45.173503+02:00,36666889,Copa Venezuela,Venezuela,Barquisimeto SC,Aragua FC,2026-10-07T22:30:00+00:00,27.2471,soccer.asian_handicap,period=ft,home,handicap=0.25,1.62
2026-10-08T00:02:45.173503+02:00,36666889,Copa Venezuela,Venezuela,Barquisimeto SC,Aragua FC,2026-10-07T22:30:00+00:00,27.2471,soccer.asian_handicap,period=ft,away,handicap=0.25,2.1
2026-10-08T00:02:45.173503+02:00,36666889,Copa Venezuela,Venezuela,Barquisimeto SC,Aragua FC,2026-10-07T22:30:00+00:00,27.2471,soccer.asian_handicap,period=ft,home,handicap=0.5,1.47
2026-10-08T00:02:45.173503+02:00,36666889,Copa Venezuela,Venezuela,Barquisimeto SC,Aragua FC,2026-10-07T22:30:00+00:00,27.2471,soccer.asian_handicap,period=ft,away,handicap=0.5,2.35
2026-10-08T00:02:45.173503+02:00,36666889,Copa Venezuela,Venezuela,Barquisimeto SC,Aragua FC,2026-10-07T22:30:00+00:00,27.2471,soccer.asian_handicap,period=ft,home,handicap=0.75,1.33
2026-10-08T00:02:45.173503+02:00,36666889,Copa Venezuela,Venezuela,Barquisimeto SC,Aragua FC,2026-10-07T22:30:00+00:00,27.2471,soccer.asian_handicap,period=ft,away,handicap=0.75,2.85
2026-10-08T00:02:45.173503+02:00,36666889,Copa Venezuela,Venezuela,Barquisimeto SC,Aragua FC,2026-10-07T22:30:00+00:00,27.2471,soccer.double_chance,period=ft,draw_away,,1.48
2026-10-08T00:02:45.173503+02:00,36666889,Copa Venezuela,Venezuela,Barquisimeto SC,Aragua FC,2026-10-07T22:30:00+00:00,27.2471,soccer.double_chance,period=ft,home_away,,1.32
2026-10-08T00:02:45.173503+02:00,36666889,Copa Venezuela,Venezuela,Barquisimeto SC,Aragua FC,2026-10-07T22:30:00+00:00,27.2471,soccer.double_chance,period=ft,home_draw,,1.5
2026-10-08T00:02:45.173503+02:00,36666889,Copa Venezuela,Venezuela,Barquisimeto SC,Aragua FC,2026-10-07T22:30:00+00:00,27.2471,soccer.match_odds,period=ft,home,,2.55
2026-10-08T00:02:45.173503+02:00,36666889,Copa Venezuela,Venezuela,Barquisimeto SC,Aragua FC,2026-10-07T22:30:00+00:00,27.2471,soccer.match_odds,period=ft,draw,,3.1
2026-10-08T00:02:45.173503+02:00,36666889,Copa Venezuela,Venezuela,Barquisimeto SC,Aragua FC,2026-10-07T22:30:00+00:00,27.2471,soccer.match_odds,period=ft,away,,2.4
2026-10-08T00:02:45.173503+02:00,36666889,Copa Venezuela,Venezuela,Barquisimeto SC,Aragua FC,2026-10-07T22:30:00+00:00,27.2471,soccer.total_goals,period=ft,over,total=2.5,1.82
2026-10-08T00:02:45.173503+02:00,36666889,Copa Venezuela,Venezuela,Barquisimeto SC,Aragua FC,2026-10-07T22:30:00+00:00,27.2471,soccer.total_goals,period=ft,under,total=2.5,1.88
2026-10-08T00:02:45.173503+02:00,36666889,Copa Venezuela,Venezuela,Barquisimeto SC,Aragua FC,2026-10-07T22:30:00+00:00,27.2471,soccer.total_goals,period=ft,over,total=1.75,1.27
2026-10-08T00:02:45.173503+02:00,36666889,Copa Venezuela,Venezuela,Barquisimeto SC,Aragua FC,2026-10-07T22:30:00+00:00,27.2471,soccer.total_goals,period=ft,under,total=1.75,3.15
2026-10-08T00:02:45.173503+02:00,36666889,Copa Venezuela,Venezuela,Barquisimeto SC,Aragua FC,2026-10-07T22:30:00+00:00,27.2471,soccer.total_goals,period=ft,over,total=2,1.35
2026-10-08T00:02:45.173503+02:00,36666889,Copa Venezuela,Venezuela,Barquisimeto SC,Aragua FC,2026-10-07T22:30:00+00:00,27.2471,soccer.total_goals,period=ft,under,total=2,2.75
2026-10-08T00:02:45.173503+02:00,36666889,Copa Venezuela,Venezuela,Barquisimeto SC,Aragua FC,2026-10-07T22:30:00+00:00,27.2471,soccer.total_goals,period=ft,over,total=2.25,1.58
2026-10-08T00:02:45.173503+02:00,36666889,Copa Venezuela,Venezuela,Barquisimeto SC,Aragua FC,2026-10-07T22:30:00+00:00,27.2471,soccer.total_goals,period=ft,under,total=2.25,2.17
2026-10-08T00:02:45.173503+02:00,36666889,Copa Venezuela,Venezuela,Barquisimeto SC,Aragua FC,2026-10-07T22:30:00+00:00,27.2471,soccer.total_goals,period=ft,over,total=2.75,2.02
2026-10-08T00:02:45.173503+02:00,36666889,Copa Venezuela,Venezuela,Barquisimeto SC,Aragua FC,2026-10-07T22:30:00+00:00,27.2471,soccer.total_goals,period=ft,under,total=2.75,1.67
2026-10-08T00:02:45.173503+02:00,36666889,Copa Venezuela,Venezuela,Barquisimeto SC,Aragua FC,2026-10-07T22:30:00+00:00,27.2471,soccer.total_goals,period=ft,over,total=3,2.35
2026-10-08T00:02:45.173503+02:00,36666889,Copa Venezuela,Venezuela,Barquisimeto SC,Aragua FC,2026-10-07T22:30:00+00:00,27.2471,soccer.total_goals,period=ft,under,total=3,1.47
2026-10-08T00:02:45.173503+02:00,36666889,Copa Venezuela,Venezuela,Barquisimeto SC,Aragua FC,2026-10-07T22:30:00+00:00,27.2471,soccer.total_goals,period=ft,over,total=3.25,2.65
2026-10-08T00:02:45.173503+02:00,36666889,Copa Venezuela,Venezuela,Barquisimeto SC,Aragua FC,2026-10-07T22:30:00+00:00,27.2471,soccer.total_goals,period=ft,under,total=3.25,1.38
2026-10-08T00:02:45.173503+02:00,36679767,Mexico Copa Mexico,Mexico,Inter Playa Del Carmen,Ejidatarios de Bonfil FC,2026-10-07T23:00:00+00:00,57.2471,soccer.asian_handicap,period=ft,home,handicap=-0.5,1.8
2026-10-08T00:02:45.173503+02:00,36679767,Mexico Copa Mexico,Mexico,Inter Playa Del Carmen,Ejidatarios de Bonfil FC,2026-10-07T23:00:00+00:00,57.2471,soccer.asian_handicap,period=ft,away,handicap=-0.5,1.9
2026-10-08T00:02:45.173503+02:00,36679767,Mexico Copa Mexico,Mexico,Inter Playa Del Carmen,Ejidatarios de Bonfil FC,2026-10-07T23:00:00+00:00,57.2471,soccer.asian_handicap,period=ft,home,handicap=-1.25,2.75
2026-10-08T00:02:45.173503+02:00,36679767,Mexico Copa Mexico,Mexico,Inter Playa Del Carmen,Ejidatarios de Bonfil FC,2026-10-07T23:00:00+00:00,57.2471,soccer.asian_handicap,period=ft,away,handicap=-1.25,1.35
2026-10-08T00:02:45.173503+02:00,36679767,Mexico Copa Mexico,Mexico,Inter Playa Del Carmen,Ejidatarios de Bonfil FC,2026-10-07T23:00:00+00:00,57.2471,soccer.asian_handicap,period=ft,home,handicap=-1,2.4
2026-10-08T00:02:45.173503+02:00,36679767,Mexico Copa Mexico,Mexico,Inter Playa Del Carmen,Ejidatarios de Bonfil FC,2026-10-07T23:00:00+00:00,57.2471,soccer.asian_handicap,period=ft,away,handicap=-1,1.45
2026-10-08T00:02:45.173503+02:00,36679767,Mexico Copa Mexico,Mexico,Inter Playa Del Carmen,Ejidatarios de Bonfil FC,2026-10-07T23:00:00+00:00,57.2471,soccer.asian_handicap,period=ft,home,handicap=-0.75,2.02
2026-10-08T00:02:45.173503+02:00,36679767,Mexico Copa Mexico,Mexico,Inter Playa Del Carmen,Ejidatarios de Bonfil FC,2026-10-07T23:00:00+00:00,57.2471,soccer.asian_handicap,period=ft,away,handicap=-0.75,1.68
2026-10-08T00:02:45.173503+02:00,36679767,Mexico Copa Mexico,Mexico,Inter Playa Del Carmen,Ejidatarios de Bonfil FC,2026-10-07T23:00:00+00:00,57.2471,soccer.asian_handicap,period=ft,home,handicap=-0.25,1.58
2026-10-08T00:02:45.173503+02:00,36679767,Mexico Copa Mexico,Mexico,Inter Playa Del Carmen,Ejidatarios de Bonfil FC,2026-10-07T23:00:00+00:00,57.2471,soccer.asian_handicap,period=ft,away,handicap=-0.25,2.18
2026-10-08T00:02:45.173503+02:00,36679767,Mexico Copa Mexico,Mexico,Inter Playa Del Carmen,Ejidatarios de Bonfil FC,2026-10-07T23:00:00+00:00,57.2471,soccer.asian_handicap,period=ft,home,handicap=0,1.36
2026-10-08T00:02:45.173503+02:00,36679767,Mexico Copa Mexico,Mexico,Inter Playa Del Carmen,Ejidatarios de Bonfil FC,2026-10-07T23:00:00+00:00,57.2471,soccer.asian_handicap,period=ft,away,handicap=0,2.7
2026-10-08T00:02:45.173503+02:00,36679767,Mexico Copa Mexico,Mexico,Inter Playa Del Carmen,Ejidatarios de Bonfil FC,2026-10-07T23:00:00+00:00,57.2471,soccer.asian_handicap,period=ft,home,handicap=0.25,1.28
2026-10-08T00:02:45.173503+02:00,36679767,Mexico Copa Mexico,Mexico,Inter Playa Del Carmen,Ejidatarios de Bonfil FC,2026-10-07T23:00:00+00:00,57.2471,soccer.asian_handicap,period=ft,away,handicap=0.25,3.05
2026-10-08T00:02:45.173503+02:00,36679767,Mexico Copa Mexico,Mexico,Inter Playa Del Carmen,Ejidatarios de Bonfil FC,2026-10-07T23:00:00+00:00,57.2471,soccer.match_odds,period=ft,home,,1.79
2026-10-08T00:02:45.173503+02:00,36679767,Mexico Copa Mexico,Mexico,Inter Playa Del Carmen,Ejidatarios de Bonfil FC,2026-10-07T23:00:00+00:00,57.2471,soccer.match_odds,period=ft,draw,,3.5
2026-10-08T00:02:45.173503+02:00,36679767,Mexico Copa Mexico,Mexico,Inter Playa Del Carmen,Ejidatarios de Bonfil FC,2026-10-07T23:00:00+00:00,57.2471,soccer.match_odds,period=ft,away,,3.5
2026-10-08T00:02:45.173503+02:00,36679767,Mexico Copa Mexico,Mexico,Inter Playa Del Carmen,Ejidatarios de Bonfil FC,2026-10-07T23:00:00+00:00,57.2471,soccer.total_goals,period=ft,over,total=2.75,1.89
2026-10-08T00:02:45.173503+02:00,36679767,Mexico Copa Mexico,Mexico,Inter Playa Del Carmen,Ejidatarios de Bonfil FC,2026-10-07T23:00:00+00:00,57.2471,soccer.total_goals,period=ft,under,total=2.75,1.8
2026-10-08T00:02:45.173503+02:00,36679767,Mexico Copa Mexico,Mexico,Inter Playa Del Carmen,Ejidatarios de Bonfil FC,2026-10-07T23:00:00+00:00,57.2471,soccer.total_goals,period=ft,over,total=2,1.3
2026-10-08T00:02:45.173503+02:00,36679767,Mexico Copa Mexico,Mexico,Inter Playa Del Carmen,Ejidatarios de Bonfil FC,2026-10-07T23:00:00+00:00,57.2471,soccer.total_goals,period=ft,under,total=2,3.0
2026-10-08T00:02:45.173503+02:00,36679767,Mexico Copa Mexico,Mexico,Inter Playa Del Carmen,Ejidatarios de Bonfil FC,2026-10-07T23:00:00+00:00,57.2471,soccer.total_goals,period=ft,over,total=2.25,1.49
2026-10-08T00:02:45.173503+02:00,36679767,Mexico Copa Mexico,Mexico,Inter Playa Del Carmen,Ejidatarios de Bonfil FC,2026-10-07T23:00:00+00:00,57.2471,soccer.total_goals,period=ft,under,total=2.25,2.3
2026-10-08T00:02:45.173503+02:00,36679767,Mexico Copa Mexico,Mexico,Inter Playa Del Carmen,Ejidatarios de Bonfil FC,2026-10-07T23:00:00+00:00,57.2471,soccer.total_goals,period=ft,over,total=2.5,1.68
2026-10-08T00:02:45.173503+02:00,36679767,Mexico Copa Mexico,Mexico,Inter Playa Del Carmen,Ejidatarios de Bonfil FC,2026-10-07T23:00:00+00:00,57.2471,soccer.total_goals,period=ft,under,total=2.5,2.01
2026-10-08T00:02:45.173503+02:00,36679767,Mexico Copa Mexico,Mexico,Inter Playa Del Carmen,Ejidatarios de Bonfil FC,2026-10-07T23:00:00+00:00,57.2471,soccer.total_goals,period=ft,over,total=3,2.2
2026-10-08T00:02:45.173503+02:00,36679767,Mexico Copa Mexico,Mexico,Inter Playa Del Carmen,Ejidatarios de Bonfil FC,2026-10-07T23:00:00+00:00,57.2471,soccer.total_goals,period=ft,under,total=3,1.57
2026-10-08T00:02:45.173503+02:00,36679767,Mexico Copa Mexico,Mexico,Inter Playa Del Carmen,Ejidatarios de Bonfil FC,2026-10-07T23:00:00+00:00,57.2471,soccer.total_goals,period=ft,over,total=3.25,2.45
2026-10-08T00:02:45.173503+02:00,36679767,Mexico Copa Mexico,Mexico,Inter Playa Del Carmen,Ejidatarios de Bonfil FC,2026-10-07T23:00:00+00:00,57.2471,soccer.total_goals,period=ft,under,total=3.25,1.44
2026-10-08T00:02:45.173503+02:00,36679767,Mexico Copa Mexico,Mexico,Inter Playa Del Carmen,Ejidatarios de Bonfil FC,2026-10-07T23:00:00+00:00,57.2471,soccer.total_goals,period=ft,over,total=3.5,2.75
2026-10-08T00:02:45.173503+02:00,36679767,Mexico Copa Mexico,Mexico,Inter Playa Del Carmen,Ejidatarios de Bonfil FC,2026-10-07T23:00:00+00:00,57.2471,soccer.total_goals,period=ft,under,total=3.5,1.35
2026-10-08T00:02:45.173503+02:00,36609416,Brasileiro Serie B,Brazil,Avai FC SC,Londrina EC PR,2026-10-07T22:30:00+00:00,27.2471,soccer.asian_handicap,period=ft,home,handicap=-0.25,1.89
2026-10-08T00:02:45.173503+02:00,36609416,Brasileiro Serie B,Brazil,Avai FC SC,Londrina EC PR,2026-10-07T22:30:00+00:00,27.2471,soccer.asian_handicap,period=ft,away,handicap=-0.25,1.94
2026-10-08T00:02:45.173503+02:00,36609416,Brasileiro Serie B,Brazil,Avai FC SC,Londrina EC PR,2026-10-07T22:30:00+00:00,27.2471,soccer.asian_handicap,period=ft,home,handicap=-1.25,4.05
2026-10-08T00:02:45.173503+02:00,36609416,Brasileiro Serie B,Brazil,Avai FC SC,Londrina EC PR,2026-10-07T22:30:00+00:00,27.2471,soccer.asian_handicap,period=ft,away,handicap=-1.25,1.24
2026-10-08T00:02:45.173503+02:00,36609416,Brasileiro Serie B,Brazil,Avai FC SC,Londrina EC PR,2026-10-07T22:30:00+00:00,27.2471,soccer.asian_handicap,period=ft,home,handicap=-1,3.55
2026-10-08T00:02:45.173503+02:00,36609416,Brasileiro Serie B,Brazil,Avai FC SC,Londrina EC PR,2026-10-07T22:30:00+00:00,27.2471,soccer.asian_handicap,period=ft,away,handicap=-1,1.29
2026-10-08T00:02:45.173503+02:00,36609416,Brasileiro Serie B,Brazil,Avai FC SC,Londrina EC PR,2026-10-07T22:30:00+00:00,27.2471,soccer.asian_handicap,period=ft,home,handicap=-0.75,2.65
2026-10-08T00:02:45.173503+02:00,36609416,Brasileiro Serie B,Brazil,Avai FC SC,Londrina EC PR,2026-10-07T22:30:00+00:00,27.2471,soccer.asian_handicap,period=ft,away,handicap=-0.75,1.48
2026-10-08T00:02:45.173503+02:00,36609416,Brasileiro Serie B,Brazil,Avai FC SC,Londrina EC PR,2026-10-07T22:30:00+00:00,27.2471,soccer.asian_handicap,period=ft,home,handicap=-0.5,2.2
2026-10-08T00:02:45.173503+02:00,36609416,Brasileiro Serie B,Brazil,Avai FC SC,Londrina EC PR,2026-10-07T22:30:00+00:00,27.2471,soccer.asian_handicap,period=ft,away,handicap=-0.5,1.67
2026-10-08T00:02:45.173503+02:00,36609416,Brasileiro Serie B,Brazil,Avai FC SC,Londrina EC PR,2026-10-07T22:30:00+00:00,27.2471,soccer.asian_handicap,period=ft,home,handicap=0,1.55
2026-10-08T00:02:45.173503+02:00,36609416,Brasileiro Serie B,Brazil,Avai FC SC,Londrina EC PR,2026-10-07T22:30:00+00:00,27.2471,soccer.asian_handicap,period=ft,away,handicap=0,2.45
2026-10-08T00:02:45.173503+02:00,36609416,Brasileiro Serie B,Brazil,Avai FC SC,Londrina EC PR,2026-10-07T22:30:00+00:00,27.2471,soccer.asian_handicap,period=ft,home,handicap=0.25,1.4
2026-10-08T00:02:45.173503+02:00,36609416,Brasileiro Serie B,Brazil,Avai FC SC,Londrina EC PR,2026-10-07T22:30:00+00:00,27.2471,soccer.asian_handicap,period=ft,away,handicap=0.25,3.0
2026-10-08T00:02:45.173503+02:00,36609416,Brasileiro Serie B,Brazil,Avai FC SC,Londrina EC PR,2026-10-07T22:30:00+00:00,27.2471,soccer.asian_handicap,period=ft,home,handicap=0.5,1.3
2026-10-08T00:02:45.173503+02:00,36609416,Brasileiro Serie B,Brazil,Avai FC SC,Londrina EC PR,2026-10-07T22:30:00+00:00,27.2471,soccer.asian_handicap,period=ft,away,handicap=0.5,3.45
2026-10-08T00:02:45.173503+02:00,36609416,Brasileiro Serie B,Brazil,Avai FC SC,Londrina EC PR,2026-10-07T22:30:00+00:00,27.2471,soccer.asian_handicap,period=ft,home,handicap=0.75,1.19
2026-10-08T00:02:45.173503+02:00,36609416,Brasileiro Serie B,Brazil,Avai FC SC,Londrina EC PR,2026-10-07T22:30:00+00:00,27.2471,soccer.asian_handicap,period=ft,away,handicap=0.75,4.6
2026-10-08T00:02:45.173503+02:00,36609416,Brasileiro Serie B,Brazil,Avai FC SC,Londrina EC PR,2026-10-07T22:30:00+00:00,27.2471,soccer.double_chance,period=ft,draw_away,,1.66
2026-10-08T00:02:45.173503+02:00,36609416,Brasileiro Serie B,Brazil,Avai FC SC,Londrina EC PR,2026-10-07T22:30:00+00:00,27.2471,soccer.double_chance,period=ft,home_away,,1.36
2026-10-08T00:02:45.173503+02:00,36609416,Brasileiro Serie B,Brazil,Avai FC SC,Londrina EC PR,2026-10-07T22:30:00+00:00,27.2471,soccer.double_chance,period=ft,home_draw,,1.3
2026-10-08T00:02:45.173503+02:00,36609416,Brasileiro Serie B,Brazil,Avai FC SC,Londrina EC PR,2026-10-07T22:30:00+00:00,27.2471,soccer.match_odds,period=ft,home,,2.2
2026-10-08T00:02:45.173503+02:00,36609416,Brasileiro Serie B,Brazil,Avai FC SC,Londrina EC PR,2026-10-07T22:30:00+00:00,27.2471,soccer.match_odds,period=ft,draw,,3.1
2026-10-08T00:02:45.173503+02:00,36609416,Brasileiro Serie B,Brazil,Avai FC SC,Londrina EC PR,2026-10-07T22:30:00+00:00,27.2471,soccer.match_odds,period=ft,away,,3.5
2026-10-08T00:02:45.173503+02:00,36609416,Brasileiro Serie B,Brazil,Avai FC SC,Londrina EC PR,2026-10-07T22:30:00+00:00,27.2471,soccer.total_goals,period=ft,over,total=2.25,2.03
2026-10-08T00:02:45.173503+02:00,36609416,Brasileiro Serie B,Brazil,Avai FC SC,Londrina EC PR,2026-10-07T22:30:00+00:00,27.2471,soccer.total_goals,period=ft,under,total=2.25,1.8
2026-10-08T00:02:45.173503+02:00,36609416,Brasileiro Serie B,Brazil,Avai FC SC,Londrina EC PR,2026-10-07T22:30:00+00:00,27.2471,soccer.total_goals,period=ft,over,total=1.5,1.41
2026-10-08T00:02:45.173503+02:00,36609416,Brasileiro Serie B,Brazil,Avai FC SC,Londrina EC PR,2026-10-07T22:30:00+00:00,27.2471,soccer.total_goals,period=ft,under,total=1.5,2.85
2026-10-08T00:02:45.173503+02:00,36609416,Brasileiro Serie B,Brazil,Avai FC SC,Londrina EC PR,2026-10-07T22:30:00+00:00,27.2471,soccer.total_goals,period=ft,over,total=1.75,1.53
2026-10-08T00:02:45.173503+02:00,36609416,Brasileiro Serie B,Brazil,Avai FC SC,Londrina EC PR,2026-10-07T22:30:00+00:00,27.2471,soccer.total_goals,period=ft,under,total=1.75,2.5
2026-10-08T00:02:45.173503+02:00,36609416,Brasileiro Serie B,Brazil,Avai FC SC,Londrina EC PR,2026-10-07T22:30:00+00:00,27.2471,soccer.total_goals,period=ft,over,total=2,1.72
2026-10-08T00:02:45.173503+02:00,36609416,Brasileiro Serie B,Brazil,Avai FC SC,Londrina EC PR,2026-10-07T22:30:00+00:00,27.2471,soccer.total_goals,period=ft,under,total=2,2.13
2026-10-08T00:02:45.173503+02:00,36609416,Brasileiro Serie B,Brazil,Avai FC SC,Londrina EC PR,2026-10-07T22:30:00+00:00,27.2471,soccer.total_goals,period=ft,over,total=2.5,2.3
2026-10-08T00:02:45.173503+02:00,36609416,Brasileiro Serie B,Brazil,Avai FC SC,Londrina EC PR,2026-10-07T22:30:00+00:00,27.2471,soccer.total_goals,period=ft,under,total=2.5,1.6
2026-10-08T00:02:45.173503+02:00,36609416,Brasileiro Serie B,Brazil,Avai FC SC,Londrina EC PR,2026-10-07T22:30:00+00:00,27.2471,soccer.total_goals,period=ft,over,total=2.75,2.75
2026-10-08T00:02:45.173503+02:00,36609416,Brasileiro Serie B,Brazil,Avai FC SC,Londrina EC PR,2026-10-07T22:30:00+00:00,27.2471,soccer.total_goals,period=ft,under,total=2.75,1.45
2026-10-08T00:02:45.173503+02:00,36609416,Brasileiro Serie B,Brazil,Avai FC SC,Londrina EC PR,2026-10-07T22:30:00+00:00,27.2471,soccer.total_goals,period=ft,over,total=3.5,4.3
2026-10-08T00:02:45.173503+02:00,36609416,Brasileiro Serie B,Brazil,Avai FC SC,Londrina EC PR,2026-10-07T22:30:00+00:00,27.2471,soccer.total_goals,period=ft,under,total=3.5,1.21
2026-10-08T00:02:45.173503+02:00,36609397,Brasileiro Serie B,Brazil,Operario Ferroviario EC PR,Botafogo FC SP,2026-10-07T22:30:00+00:00,27.2471,soccer.asian_handicap,period=ft,home,handicap=-0.25,1.88
2026-10-08T00:02:45.173503+02:00,36609397,Brasileiro Serie B,Brazil,Operario Ferroviario EC PR,Botafogo FC SP,2026-10-07T22:30:00+00:00,27.2471,soccer.asian_handicap,period=ft,away,handicap=-0.25,1.96
2026-10-08T00:02:45.173503+02:00,36609397,Brasileiro Serie B,Brazil,Operario Ferroviario EC PR,Botafogo FC SP,2026-10-07T22:30:00+00:00,27.2471,soccer.asian_handicap,period=ft,home,handicap=-1.25,3.9
2026-10-08T00:02:45.173503+02:00,36609397,Brasileiro Serie B,Brazil,Operario Ferroviario EC PR,Botafogo FC SP,2026-10-07T22:30:00+00:00,27.2471,soccer.asian_handicap,period=ft,away,handicap=-1.25,1.25
2026-10-08T00:02:45.173503+02:00,36609397,Brasileiro Serie B,Brazil,Operario Ferroviario EC PR,Botafogo FC SP,2026-10-07T22:30:00+00:00,27.2471,soccer.asian_handicap,period=ft,home,handicap=-1,3.45
2026-10-08T00:02:45.173503+02:00,36609397,Brasileiro Serie B,Brazil,Operario Ferroviario EC PR,Botafogo FC SP,2026-10-07T22:30:00+00:00,27.2471,soccer.asian_handicap,period=ft,away,handicap=-1,1.31
2026-10-08T00:02:45.173503+02:00,36609397,Brasileiro Serie B,Brazil,Operario Ferroviario EC PR,Botafogo FC SP,2026-10-07T22:30:00+00:00,27.2471,soccer.asian_handicap,period=ft,home,handicap=-0.75,2.6
2026-10-08T00:02:45.173503+02:00,36609397,Brasileiro Serie B,Brazil,Operario Ferroviario EC PR,Botafogo FC SP,2026-10-07T22:30:00+00:00,27.2471,soccer.asian_handicap,period=ft,away,handicap=-0.75,1.5
2026-10-08T00:02:45.173503+02:00,36609397,Brasileiro Serie B,Brazil,Operario Ferroviario EC PR,Botafogo FC SP,2026-10-07T22:30:00+00:00,27.2471,soccer.asian_handicap,period=ft,home,handicap=-0.5,2.19
2026-10-08T00:02:45.173503+02:00,36609397,Brasileiro Serie B,Brazil,Operario Ferroviario EC PR,Botafogo FC SP,2026-10-07T22:30:00+00:00,27.2471,soccer.asian_handicap,period=ft,away,handicap=-0.5,1.69
2026-10-08T00:02:45.173503+02:00,36609397,Brasileiro Serie B,Brazil,Operario Ferroviario EC PR,Botafogo FC SP,2026-10-07T22:30:00+00:00,27.2471,soccer.asian_handicap,period=ft,home,handicap=0,1.55
2026-10-08T00:02:45.173503+02:00,36609397,Brasileiro Serie B,Brazil,Operario Ferroviario EC PR,Botafogo FC SP,2026-10-07T22:30:00+00:00,27.2471,soccer.asian_handicap,period=ft,away,handicap=0,2.45
2026-10-08T00:02:45.173503+02:00,36609397,Brasileiro Serie B,Brazil,Operario Ferroviario EC PR,Botafogo FC SP,2026-10-07T22:30:00+00:00,27.2471,soccer.asian_handicap,period=ft,home,handicap=0.25,1.4
2026-10-08T00:02:45.173503+02:00,36609397,Brasileiro Serie B,Brazil,Operario Ferroviario EC PR,Botafogo FC SP,2026-10-07T22:30:00+00:00,27.2471,soccer.asian_handicap,period=ft,away,handicap=0.25,2.95
2026-10-08T00:02:45.173503+02:00,36609397,Brasileiro Serie B,Brazil,Operario Ferroviario EC PR,Botafogo FC SP,2026-10-07T22:30:00+00:00,27.2471,soccer.asian_handicap,period=ft,home,handicap=0.5,1.31
2026-10-08T00:02:45.173503+02:00,36609397,Brasileiro Serie B,Brazil,Operario Ferroviario EC PR,Botafogo FC SP,2026-10-07T22:30:00+00:00,27.2471,soccer.asian_handicap,period=ft,away,handicap=0.5,3.4
2026-10-08T00:02:45.173503+02:00,36609397,Brasileiro Serie B,Brazil,Operario Ferroviario EC PR,Botafogo FC SP,2026-10-07T22:30:00+00:00,27.2471,soccer.asian_handicap,period=ft,home,handicap=0.75,1.2
2026-10-08T00:02:45.173503+02:00,36609397,Brasileiro Serie B,Brazil,Operario Ferroviario EC PR,Botafogo FC SP,2026-10-07T22:30:00+00:00,27.2471,soccer.asian_handicap,period=ft,away,handicap=0.75,4.55
2026-10-08T00:02:45.173503+02:00,36609397,Brasileiro Serie B,Brazil,Operario Ferroviario EC PR,Botafogo FC SP,2026-10-07T22:30:00+00:00,27.2471,soccer.double_chance,period=ft,draw_away,,1.68
2026-10-08T00:02:45.173503+02:00,36609397,Brasileiro Serie B,Brazil,Operario Ferroviario EC PR,Botafogo FC SP,2026-10-07T22:30:00+00:00,27.2471,soccer.double_chance,period=ft,home_away,,1.34
2026-10-08T00:02:45.173503+02:00,36609397,Brasileiro Serie B,Brazil,Operario Ferroviario EC PR,Botafogo FC SP,2026-10-07T22:30:00+00:00,27.2471,soccer.double_chance,period=ft,home_draw,,1.31
2026-10-08T00:02:45.173503+02:00,36609397,Brasileiro Serie B,Brazil,Operario Ferroviario EC PR,Botafogo FC SP,2026-10-07T22:30:00+00:00,27.2471,soccer.match_odds,period=ft,home,,2.19
2026-10-08T00:02:45.173503+02:00,36609397,Brasileiro Serie B,Brazil,Operario Ferroviario EC PR,Botafogo FC SP,2026-10-07T22:30:00+00:00,27.2471,soccer.match_odds,period=ft,draw,,3.25
2026-10-08T00:02:45.173503+02:00,36609397,Brasileiro Serie B,Brazil,Operario Ferroviario EC PR,Botafogo FC SP,2026-10-07T22:30:00+00:00,27.2471,soccer.match_odds,period=ft,away,,3.45
2026-10-08T00:02:45.173503+02:00,36609397,Brasileiro Serie B,Brazil,Operario Ferroviario EC PR,Botafogo FC SP,2026-10-07T22:30:00+00:00,27.2471,soccer.total_goals,period=ft,over,total=2.25,1.96
2026-10-08T00:02:45.173503+02:00,36609397,Brasileiro Serie B,Brazil,Operario Ferroviario EC PR,Botafogo FC SP,2026-10-07T22:30:00+00:00,27.2471,soccer.total_goals,period=ft,under,total=2.25,1.87
2026-10-08T00:02:45.173503+02:00,36609397,Brasileiro Serie B,Brazil,Operario Ferroviario EC PR,Botafogo FC SP,2026-10-07T22:30:00+00:00,27.2471,soccer.total_goals,period=ft,over,total=1.5,1.38
2026-10-08T00:02:45.173503+02:00,36609397,Brasileiro Serie B,Brazil,Operario Ferroviario EC PR,Botafogo FC SP,2026-10-07T22:30:00+00:00,27.2471,soccer.total_goals,period=ft,under,total=1.5,2.95
2026-10-08T00:02:45.173503+02:00,36609397,Brasileiro Serie B,Brazil,Operario Ferroviario EC PR,Botafogo FC SP,2026-10-07T22:30:00+00:00,27.2471,soccer.total_goals,period=ft,over,total=1.75,1.49
2026-10-08T00:02:45.173503+02:00,36609397,Brasileiro Serie B,Brazil,Operario Ferroviario EC PR,Botafogo FC SP,2026-10-07T22:30:00+00:00,27.2471,soccer.total_goals,period=ft,under,total=1.75,2.6
2026-10-08T00:02:45.173503+02:00,36609397,Brasileiro Serie B,Brazil,Operario Ferroviario EC PR,Botafogo FC SP,2026-10-07T22:30:00+00:00,27.2471,soccer.total_goals,period=ft,over,total=2,1.65
2026-10-08T00:02:45.173503+02:00,36609397,Brasileiro Serie B,Brazil,Operario Ferroviario EC PR,Botafogo FC SP,2026-10-07T22:30:00+00:00,27.2471,soccer.total_goals,period=ft,under,total=2,2.2
2026-10-08T00:02:45.173503+02:00,36609397,Brasileiro Serie B,Brazil,Operario Ferroviario EC PR,Botafogo FC SP,2026-10-07T22:30:00+00:00,27.2471,soccer.total_goals,period=ft,over,total=2.5,2.2
2026-10-08T00:02:45.173503+02:00,36609397,Brasileiro Serie B,Brazil,Operario Ferroviario EC PR,Botafogo FC SP,2026-10-07T22:30:00+00:00,27.2471,soccer.total_goals,period=ft,under,total=2.5,1.65
2026-10-08T00:02:45.173503+02:00,36609397,Brasileiro Serie B,Brazil,Operario Ferroviario EC PR,Botafogo FC SP,2026-10-07T22:30:00+00:00,27.2471,soccer.total_goals,period=ft,over,total=2.75,2.6
2026-10-08T00:02:45.173503+02:00,36609397,Brasileiro Serie B,Brazil,Operario Ferroviario EC PR,Botafogo FC SP,2026-10-07T22:30:00+00:00,27.2471,soccer.total_goals,period=ft,under,total=2.75,1.49
2026-10-08T00:02:45.173503+02:00,36609397,Brasileiro Serie B,Brazil,Operario Ferroviario EC PR,Botafogo FC SP,2026-10-07T22:30:00+00:00,27.2471,soccer.total_goals,period=ft,over,total=3.5,4.15
2026-10-08T00:02:45.173503+02:00,36609397,Brasileiro Serie B,Brazil,Operario Ferroviario EC PR,Botafogo FC SP,2026-10-07T22:30:00+00:00,27.2471,soccer.total_goals,period=ft,under,total=3.5,1.22
2026-10-08T00:02:45.173503+02:00,36609422,Brasileiro Serie B,Brazil,America FC MG,Fortaleza EC CE,2026-10-07T23:30:00+00:00,87.2471,soccer.asian_handicap,period=ft,home,handicap=0.5,1.91
2026-10-08T00:02:45.173503+02:00,36609422,Brasileiro Serie B,Brazil,America FC MG,Fortaleza EC CE,2026-10-07T23:30:00+00:00,87.2471,soccer.asian_handicap,period=ft,away,handicap=0.5,1.93
2026-10-08T00:02:45.173503+02:00,36609422,Brasileiro Serie B,Brazil,America FC MG,Fortaleza EC CE,2026-10-07T23:30:00+00:00,87.2471,soccer.asian_handicap,period=ft,home,handicap=-0.5,4.0
2026-10-08T00:02:45.173503+02:00,36609422,Brasileiro Serie B,Brazil,America FC MG,Fortaleza EC CE,2026-10-07T23:30:00+00:00,87.2471,soccer.asian_handicap,period=ft,away,handicap=-0.5,1.24
2026-10-08T00:02:45.173503+02:00,36609422,Brasileiro Serie B,Brazil,America FC MG,Fortaleza EC CE,2026-10-07T23:30:00+00:00,87.2471,soccer.asian_handicap,period=ft,home,handicap=-0.25,3.45
2026-10-08T00:02:45.173503+02:00,36609422,Brasileiro Serie B,Brazil,America FC MG,Fortaleza EC CE,2026-10-07T23:30:00+00:00,87.2471,soccer.asian_handicap,period=ft,away,handicap=-0.25,1.3
2026-10-08T00:02:45.173503+02:00,36609422,Brasileiro Serie B,Brazil,America FC MG,Fortaleza EC CE,2026-10-07T23:30:00+00:00,87.2471,soccer.asian_handicap,period=ft,home,handicap=0,2.95
2026-10-08T00:02:45.173503+02:00,36609422,Brasileiro Serie B,Brazil,America FC MG,Fortaleza EC CE,2026-10-07T23:30:00+00:00,87.2471,soccer.asian_handicap,period=ft,away,handicap=0,1.4
2026-10-08T00:02:45.173503+02:00,36609422,Brasileiro Serie B,Brazil,America FC MG,Fortaleza EC CE,2026-10-07T23:30:00+00:00,87.2471,soccer.asian_handicap,period=ft,home,handicap=0.25,2.25
2026-10-08T00:02:45.173503+02:00,36609422,Brasileiro Serie B,Brazil,America FC MG,Fortaleza EC CE,2026-10-07T23:30:00+00:00,87.2471,soccer.asian_handicap,period=ft,away,handicap=0.25,1.66
2026-10-08T00:02:45.173503+02:00,36609422,Brasileiro Serie B,Brazil,America FC MG,Fortaleza EC CE,2026-10-07T23:30:00+00:00,87.2471,soccer.asian_handicap,period=ft,home,handicap=0.75,1.66
2026-10-08T00:02:45.173503+02:00,36609422,Brasileiro Serie B,Brazil,America FC MG,Fortaleza EC CE,2026-10-07T23:30:00+00:00,87.2471,soccer.asian_handicap,period=ft,away,handicap=0.75,2.2
2026-10-08T00:02:45.173503+02:00,36609422,Brasileiro Serie B,Brazil,America FC MG,Fortaleza EC CE,2026-10-07T23:30:00+00:00,87.2471,soccer.asian_handicap,period=ft,home,handicap=1,1.42
2026-10-08T00:02:45.173503+02:00,36609422,Brasileiro Serie B,Brazil,America FC MG,Fortaleza EC CE,2026-10-07T23:30:00+00:00,87.2471,soccer.asian_handicap,period=ft,away,handicap=1,2.85
2026-10-08T00:02:45.173503+02:00,36609422,Brasileiro Serie B,Brazil,America FC MG,Fortaleza EC CE,2026-10-07T23:30:00+00:00,87.2471,soccer.asian_handicap,period=ft,home,handicap=1.25,1.33
2026-10-08T00:02:45.173503+02:00,36609422,Brasileiro Serie B,Brazil,America FC MG,Fortaleza EC CE,2026-10-07T23:30:00+00:00,87.2471,soccer.asian_handicap,period=ft,away,handicap=1.25,3.3
2026-10-08T00:02:45.173503+02:00,36609422,Brasileiro Serie B,Brazil,America FC MG,Fortaleza EC CE,2026-10-07T23:30:00+00:00,87.2471,soccer.asian_handicap,period=ft,home,handicap=1.5,1.27
2026-10-08T00:02:45.173503+02:00,36609422,Brasileiro Serie B,Brazil,America FC MG,Fortaleza EC CE,2026-10-07T23:30:00+00:00,87.2471,soccer.asian_handicap,period=ft,away,handicap=1.5,3.75
2026-10-08T00:02:45.173503+02:00,36609422,Brasileiro Serie B,Brazil,America FC MG,Fortaleza EC CE,2026-10-07T23:30:00+00:00,87.2471,soccer.double_chance,period=ft,draw_away,,1.24
2026-10-08T00:02:45.173503+02:00,36609422,Brasileiro Serie B,Brazil,America FC MG,Fortaleza EC CE,2026-10-07T23:30:00+00:00,87.2471,soccer.double_chance,period=ft,home_away,,1.3
2026-10-08T00:02:45.173503+02:00,36609422,Brasileiro Serie B,Brazil,America FC MG,Fortaleza EC CE,2026-10-07T23:30:00+00:00,87.2471,soccer.double_chance,period=ft,home_draw,,1.89
2026-10-08T00:02:45.173503+02:00,36609422,Brasileiro Serie B,Brazil,America FC MG,Fortaleza EC CE,2026-10-07T23:30:00+00:00,87.2471,soccer.match_odds,period=ft,home,,4.0
2026-10-08T00:02:45.173503+02:00,36609422,Brasileiro Serie B,Brazil,America FC MG,Fortaleza EC CE,2026-10-07T23:30:00+00:00,87.2471,soccer.match_odds,period=ft,draw,,3.5
2026-10-08T00:02:45.173503+02:00,36609422,Brasileiro Serie B,Brazil,America FC MG,Fortaleza EC CE,2026-10-07T23:30:00+00:00,87.2471,soccer.match_odds,period=ft,away,,1.92
2026-10-08T00:02:45.173503+02:00,36609422,Brasileiro Serie B,Brazil,America FC MG,Fortaleza EC CE,2026-10-07T23:30:00+00:00,87.2471,soccer.total_goals,period=ft,over,total=2.25,1.82
2026-10-08T00:02:45.173503+02:00,36609422,Brasileiro Serie B,Brazil,America FC MG,Fortaleza EC CE,2026-10-07T23:30:00+00:00,87.2471,soccer.total_goals,period=ft,under,total=2.25,2.01
2026-10-08T00:02:45.173503+02:00,36609422,Brasileiro Serie B,Brazil,America FC MG,Fortaleza EC CE,2026-10-07T23:30:00+00:00,87.2471,soccer.total_goals,period=ft,over,total=1.5,1.34
2026-10-08T00:02:45.173503+02:00,36609422,Brasileiro Serie B,Brazil,America FC MG,Fortaleza EC CE,2026-10-07T23:30:00+00:00,87.2471,soccer.total_goals,period=ft,under,total=1.5,3.2
2026-10-08T00:02:45.173503+02:00,36609422,Brasileiro Serie B,Brazil,America FC MG,Fortaleza EC CE,2026-10-07T23:30:00+00:00,87.2471,soccer.total_goals,period=ft,over,total=1.75,1.42
2026-10-08T00:02:45.173503+02:00,36609422,Brasileiro Serie B,Brazil,America FC MG,Fortaleza EC CE,2026-10-07T23:30:00+00:00,87.2471,soccer.total_goals,period=ft,under,total=1.75,2.8
2026-10-08T00:02:45.173503+02:00,36609422,Brasileiro Serie B,Brazil,America FC MG,Fortaleza EC CE,2026-10-07T23:30:00+00:00,87.2471,soccer.total_goals,period=ft,over,total=2,1.56
2026-10-08T00:02:45.173503+02:00,36609422,Brasileiro Serie B,Brazil,America FC MG,Fortaleza EC CE,2026-10-07T23:30:00+00:00,87.2471,soccer.total_goals,period=ft,under,total=2,2.45
2026-10-08T00:02:45.173503+02:00,36609422,Brasileiro Serie B,Brazil,America FC MG,Fortaleza EC CE,2026-10-07T23:30:00+00:00,87.2471,soccer.total_goals,period=ft,over,total=2.5,2.08
2026-10-08T00:02:45.173503+02:00,36609422,Brasileiro Serie B,Brazil,America FC MG,Fortaleza EC CE,2026-10-07T23:30:00+00:00,87.2471,soccer.total_goals,period=ft,under,total=2.5,1.75
2026-10-08T00:02:45.173503+02:00,36609422,Brasileiro Serie B,Brazil,America FC MG,Fortaleza EC CE,2026-10-07T23:30:00+00:00,87.2471,soccer.total_goals,period=ft,over,total=2.75,2.4
2026-10-08T00:02:45.173503+02:00,36609422,Brasileiro Serie B,Brazil,America FC MG,Fortaleza EC CE,2026-10-07T23:30:00+00:00,87.2471,soccer.total_goals,period=ft,under,total=2.75,1.56
2026-10-08T00:02:45.173503+02:00,36609422,Brasileiro Serie B,Brazil,America FC MG,Fortaleza EC CE,2026-10-07T23:30:00+00:00,87.2471,soccer.total_goals,period=ft,over,total=3.5,3.75
2026-10-08T00:02:45.173503+02:00,36609422,Brasileiro Serie B,Brazil,America FC MG,Fortaleza EC CE,2026-10-07T23:30:00+00:00,87.2471,soccer.total_goals,period=ft,under,total=3.5,1.26
2026-10-08T00:02:45.173503+02:00,36435229,Brasileiro Serie A,Brazil,Clube do Remo PA,Gremio FB Porto Alegrense RS,2026-10-07T22:30:00+00:00,27.2471,soccer.asian_handicap,period=ft,home,handicap=-0.5,2.07
2026-10-08T00:02:45.173503+02:00,36435229,Brasileiro Serie A,Brazil,Clube do Remo PA,Gremio FB Porto Alegrense RS,2026-10-07T22:30:00+00:00,27.2471,soccer.asian_handicap,period=ft,away,handicap=-0.5,1.81
2026-10-08T00:02:45.173503+02:00,36435229,Brasileiro Serie A,Brazil,Clube do Remo PA,Gremio FB Porto Alegrense RS,2026-10-07T22:30:00+00:00,27.2471,soccer.asian_handicap,period=ft,home,handicap=-1.5,3.85
2026-10-08T00:02:45.173503+02:00,36435229,Brasileiro Serie A,Brazil,Clube do Remo PA,Gremio FB Porto Alegrense RS,2026-10-07T22:30:00+00:00,27.2471,soccer.asian_handicap,period=ft,away,handicap=-1.5,1.27
2026-10-08T00:02:45.173503+02:00,36435229,Brasileiro Serie A,Brazil,Clube do Remo PA,Gremio FB Porto Alegrense RS,2026-10-07T22:30:00+00:00,27.2471,soccer.asian_handicap,period=ft,home,handicap=-1.25,3.45
2026-10-08T00:02:45.173503+02:00,36435229,Brasileiro Serie A,Brazil,Clube do Remo PA,Gremio FB Porto Alegrense RS,2026-10-07T22:30:00+00:00,27.2471,soccer.asian_handicap,period=ft,away,handicap=-1.25,1.32
2026-10-08T00:02:45.173503+02:00,36435229,Brasileiro Serie A,Brazil,Clube do Remo PA,Gremio FB Porto Alegrense RS,2026-10-07T22:30:00+00:00,27.2471,soccer.asian_handicap,period=ft,home,handicap=-1,3.0
2026-10-08T00:02:45.173503+02:00,36435229,Brasileiro Serie A,Brazil,Clube do Remo PA,Gremio FB Porto Alegrense RS,2026-10-07T22:30:00+00:00,27.2471,soccer.asian_handicap,period=ft,away,handicap=-1,1.4
2026-10-08T00:02:45.173503+02:00,36435229,Brasileiro Serie A,Brazil,Clube do Remo PA,Gremio FB Porto Alegrense RS,2026-10-07T22:30:00+00:00,27.2471,soccer.asian_handicap,period=ft,home,handicap=-0.75,2.4
2026-10-08T00:02:45.173503+02:00,36435229,Brasileiro Serie A,Brazil,Clube do Remo PA,Gremio FB Porto Alegrense RS,2026-10-07T22:30:00+00:00,27.2471,soccer.asian_handicap,period=ft,away,handicap=-0.75,1.6
2026-10-08T00:02:45.173503+02:00,36435229,Brasileiro Serie A,Brazil,Clube do Remo PA,Gremio FB Porto Alegrense RS,2026-10-07T22:30:00+00:00,27.2471,soccer.asian_handicap,period=ft,home,handicap=-0.25,1.77
2026-10-08T00:02:45.173503+02:00,36435229,Brasileiro Serie A,Brazil,Clube do Remo PA,Gremio FB Porto Alegrense RS,2026-10-07T22:30:00+00:00,27.2471,soccer.asian_handicap,period=ft,away,handicap=-0.25,2.09
2026-10-08T00:02:45.173503+02:00,36435229,Brasileiro Serie A,Brazil,Clube do Remo PA,Gremio FB Porto Alegrense RS,2026-10-07T22:30:00+00:00,27.2471,soccer.asian_handicap,period=ft,home,handicap=0,1.49
2026-10-08T00:02:45.173503+02:00,36435229,Brasileiro Serie A,Brazil,Clube do Remo PA,Gremio FB Porto Alegrense RS,2026-10-07T22:30:00+00:00,27.2471,soccer.asian_handicap,period=ft,away,handicap=0,2.7
2026-10-08T00:02:45.173503+02:00,36435229,Brasileiro Serie A,Brazil,Clube do Remo PA,Gremio FB Porto Alegrense RS,2026-10-07T22:30:00+00:00,27.2471,soccer.asian_handicap,period=ft,home,handicap=0.25,1.36
2026-10-08T00:02:45.173503+02:00,36435229,Brasileiro Serie A,Brazil,Clube do Remo PA,Gremio FB Porto Alegrense RS,2026-10-07T22:30:00+00:00,27.2471,soccer.asian_handicap,period=ft,away,handicap=0.25,3.15
2026-10-08T00:02:45.173503+02:00,36435229,Brasileiro Serie A,Brazil,Clube do Remo PA,Gremio FB Porto Alegrense RS,2026-10-07T22:30:00+00:00,27.2471,soccer.asian_handicap,period=ft,home,handicap=0.5,1.29
2026-10-08T00:02:45.173503+02:00,36435229,Brasileiro Serie A,Brazil,Clube do Remo PA,Gremio FB Porto Alegrense RS,2026-10-07T22:30:00+00:00,27.2471,soccer.asian_handicap,period=ft,away,handicap=0.5,3.65
2026-10-08T00:02:45.173503+02:00,36435229,Brasileiro Serie A,Brazil,Clube do Remo PA,Gremio FB Porto Alegrense RS,2026-10-07T22:30:00+00:00,27.2471,soccer.double_chance,period=ft,draw_away,,1.78
2026-10-08T00:02:45.173503+02:00,36435229,Brasileiro Serie A,Brazil,Clube do Remo PA,Gremio FB Porto Alegrense RS,2026-10-07T22:30:00+00:00,27.2471,soccer.double_chance,period=ft,home_away,,1.31
2026-10-08T00:02:45.173503+02:00,36435229,Brasileiro Serie A,Brazil,Clube do Remo PA,Gremio FB Porto Alegrense RS,2026-10-07T22:30:00+00:00,27.2471,soccer.double_chance,period=ft,home_draw,,1.31
2026-10-08T00:02:45.173503+02:00,36435229,Brasileiro Serie A,Brazil,Clube do Remo PA,Gremio FB Porto Alegrense RS,2026-10-07T22:30:00+00:00,27.2471,soccer.match_odds,period=ft,home,,2.07
2026-10-08T00:02:45.173503+02:00,36435229,Brasileiro Serie A,Brazil,Clube do Remo PA,Gremio FB Porto Alegrense RS,2026-10-07T22:30:00+00:00,27.2471,soccer.match_odds,period=ft,draw,,3.45
2026-10-08T00:02:45.173503+02:00,36435229,Brasileiro Serie A,Brazil,Clube do Remo PA,Gremio FB Porto Alegrense RS,2026-10-07T22:30:00+00:00,27.2471,soccer.match_odds,period=ft,away,,3.7
2026-10-08T00:02:45.173503+02:00,36435229,Brasileiro Serie A,Brazil,Clube do Remo PA,Gremio FB Porto Alegrense RS,2026-10-07T22:30:00+00:00,27.2471,soccer.total_goals,period=ft,over,total=2.5,2.0
2026-10-08T00:02:45.173503+02:00,36435229,Brasileiro Serie A,Brazil,Clube do Remo PA,Gremio FB Porto Alegrense RS,2026-10-07T22:30:00+00:00,27.2471,soccer.total_goals,period=ft,under,total=2.5,1.86
2026-10-08T00:02:45.173503+02:00,36435229,Brasileiro Serie A,Brazil,Clube do Remo PA,Gremio FB Porto Alegrense RS,2026-10-07T22:30:00+00:00,27.2471,soccer.total_goals,period=ft,over,total=1.5,1.29
2026-10-08T00:02:45.173503+02:00,36435229,Brasileiro Serie A,Brazil,Clube do Remo PA,Gremio FB Porto Alegrense RS,2026-10-07T22:30:00+00:00,27.2471,soccer.total_goals,period=ft,under,total=1.5,3.55
2026-10-08T00:02:45.173503+02:00,36435229,Brasileiro Serie A,Brazil,Clube do Remo PA,Gremio FB Porto Alegrense RS,2026-10-07T22:30:00+00:00,27.2471,soccer.total_goals,period=ft,over,total=2,1.48
2026-10-08T00:02:45.173503+02:00,36435229,Brasileiro Serie A,Brazil,Clube do Remo PA,Gremio FB Porto Alegrense RS,2026-10-07T22:30:00+00:00,27.2471,soccer.total_goals,period=ft,under,total=2,2.7
2026-10-08T00:02:45.173503+02:00,36435229,Brasileiro Serie A,Brazil,Clube do Remo PA,Gremio FB Porto Alegrense RS,2026-10-07T22:30:00+00:00,27.2471,soccer.total_goals,period=ft,over,total=2.25,1.73
2026-10-08T00:02:45.173503+02:00,36435229,Brasileiro Serie A,Brazil,Clube do Remo PA,Gremio FB Porto Alegrense RS,2026-10-07T22:30:00+00:00,27.2471,soccer.total_goals,period=ft,under,total=2.25,2.13
2026-10-08T00:02:45.173503+02:00,36435229,Brasileiro Serie A,Brazil,Clube do Remo PA,Gremio FB Porto Alegrense RS,2026-10-07T22:30:00+00:00,27.2471,soccer.total_goals,period=ft,over,total=2.75,2.25
2026-10-08T00:02:45.173503+02:00,36435229,Brasileiro Serie A,Brazil,Clube do Remo PA,Gremio FB Porto Alegrense RS,2026-10-07T22:30:00+00:00,27.2471,soccer.total_goals,period=ft,under,total=2.75,1.66
2026-10-08T00:02:45.173503+02:00,36435229,Brasileiro Serie A,Brazil,Clube do Remo PA,Gremio FB Porto Alegrense RS,2026-10-07T22:30:00+00:00,27.2471,soccer.total_goals,period=ft,over,total=3,2.7
2026-10-08T00:02:45.173503+02:00,36435229,Brasileiro Serie A,Brazil,Clube do Remo PA,Gremio FB Porto Alegrense RS,2026-10-07T22:30:00+00:00,27.2471,soccer.total_goals,period=ft,under,total=3,1.47
2026-10-08T00:02:45.173503+02:00,36435229,Brasileiro Serie A,Brazil,Clube do Remo PA,Gremio FB Porto Alegrense RS,2026-10-07T22:30:00+00:00,27.2471,soccer.total_goals,period=ft,over,total=3.5,3.4
2026-10-08T00:02:45.173503+02:00,36435229,Brasileiro Serie A,Brazil,Clube do Remo PA,Gremio FB Porto Alegrense RS,2026-10-07T22:30:00+00:00,27.2471,soccer.total_goals,period=ft,under,total=3.5,1.32
2026-10-08T00:02:45.173503+02:00,36435229,Brasileiro Serie A,Brazil,Clube do Remo PA,Gremio FB Porto Alegrense RS,2026-10-07T22:30:00+00:00,27.2471,soccer.total_goals,period=ft,over,total=4.5,6.65
2026-10-08T00:02:45.173503+02:00,36435229,Brasileiro Serie A,Brazil,Clube do Remo PA,Gremio FB Porto Alegrense RS,2026-10-07T22:30:00+00:00,27.2471,soccer.total_goals,period=ft,under,total=4.5,1.11
2026-10-08T00:02:45.173503+02:00,36435228,Brasileiro Serie A,Brazil,Red Bull Bragantino SP,Mirassol FC SP,2026-10-07T22:30:00+00:00,27.2471,soccer.asian_handicap,period=ft,home,handicap=-0.75,1.95
2026-10-08T00:02:45.173503+02:00,36435228,Brasileiro Serie A,Brazil,Red Bull Bragantino SP,Mirassol FC SP,2026-10-07T22:30:00+00:00,27.2471,soccer.asian_handicap,period=ft,away,handicap=-0.75,1.93
2026-10-08T00:02:45.173503+02:00,36435228,Brasileiro Serie A,Brazil,Red Bull Bragantino SP,Mirassol FC SP,2026-10-07T22:30:00+00:00,27.2471,soccer.asian_handicap,period=ft,home,handicap=-1.75,3.75
2026-10-08T00:02:45.173503+02:00,36435228,Brasileiro Serie A,Brazil,Red Bull Bragantino SP,Mirassol FC SP,2026-10-07T22:30:00+00:00,27.2471,soccer.asian_handicap,period=ft,away,handicap=-1.75,1.28
2026-10-08T00:02:45.173503+02:00,36435228,Brasileiro Serie A,Brazil,Red Bull Bragantino SP,Mirassol FC SP,2026-10-07T22:30:00+00:00,27.2471,soccer.asian_handicap,period=ft,home,handicap=-1.5,3.0
2026-10-08T00:02:45.173503+02:00,36435228,Brasileiro Serie A,Brazil,Red Bull Bragantino SP,Mirassol FC SP,2026-10-07T22:30:00+00:00,27.2471,soccer.asian_handicap,period=ft,away,handicap=-1.5,1.4
2026-10-08T00:02:45.173503+02:00,36435228,Brasileiro Serie A,Brazil,Red Bull Bragantino SP,Mirassol FC SP,2026-10-07T22:30:00+00:00,27.2471,soccer.asian_handicap,period=ft,home,handicap=-1.25,2.65
2026-10-08T00:02:45.173503+02:00,36435228,Brasileiro Serie A,Brazil,Red Bull Bragantino SP,Mirassol FC SP,2026-10-07T22:30:00+00:00,27.2471,soccer.asian_handicap,period=ft,away,handicap=-1.25,1.5
2026-10-08T00:02:45.173503+02:00,36435228,Brasileiro Serie A,Brazil,Red Bull Bragantino SP,Mirassol FC SP,2026-10-07T22:30:00+00:00,27.2471,soccer.asian_handicap,period=ft,home,handicap=-1,2.3
2026-10-08T00:02:45.173503+02:00,36435228,Brasileiro Serie A,Brazil,Red Bull Bragantino SP,Mirassol FC SP,2026-10-07T22:30:00+00:00,27.2471,soccer.asian_handicap,period=ft,away,handicap=-1,1.65
2026-10-08T00:02:45.173503+02:00,36435228,Brasileiro Serie A,Brazil,Red Bull Bragantino SP,Mirassol FC SP,2026-10-07T22:30:00+00:00,27.2471,soccer.asian_handicap,period=ft,home,handicap=-0.5,1.72
2026-10-08T00:02:45.173503+02:00,36435228,Brasileiro Serie A,Brazil,Red Bull Bragantino SP,Mirassol FC SP,2026-10-07T22:30:00+00:00,27.2471,soccer.asian_handicap,period=ft,away,handicap=-0.5,2.17
2026-10-08T00:02:45.173503+02:00,36435228,Brasileiro Serie A,Brazil,Red Bull Bragantino SP,Mirassol FC SP,2026-10-07T22:30:00+00:00,27.2471,soccer.asian_handicap,period=ft,home,handicap=-0.25,1.51
2026-10-08T00:02:45.173503+02:00,36435228,Brasileiro Serie A,Brazil,Red Bull Bragantino SP,Mirassol FC SP,2026-10-07T22:30:00+00:00,27.2471,soccer.asian_handicap,period=ft,away,handicap=-0.25,2.6
2026-10-08T00:02:45.173503+02:00,36435228,Brasileiro Serie A,Brazil,Red Bull Bragantino SP,Mirassol FC SP,2026-10-07T22:30:00+00:00,27.2471,soccer.asian_handicap,period=ft,home,handicap=0,1.3
2026-10-08T00:02:45.173503+02:00,36435228,Brasileiro Serie A,Brazil,Red Bull Bragantino SP,Mirassol FC SP,2026-10-07T22:30:00+00:00,27.2471,soccer.asian_handicap,period=ft,away,handicap=0,3.6
2026-10-08T00:02:45.173503+02:00,36435228,Brasileiro Serie A,Brazil,Red Bull Bragantino SP,Mirassol FC SP,2026-10-07T22:30:00+00:00,27.2471,soccer.asian_handicap,period=ft,home,handicap=0.25,1.24
2026-10-08T00:02:45.173503+02:00,36435228,Brasileiro Serie A,Brazil,Red Bull Bragantino SP,Mirassol FC SP,2026-10-07T22:30:00+00:00,27.2471,soccer.asian_handicap,period=ft,away,handicap=0.25,4.2
2026-10-08T00:02:45.173503+02:00,36435228,Brasileiro Serie A,Brazil,Red Bull Bragantino SP,Mirassol FC SP,2026-10-07T22:30:00+00:00,27.2471,soccer.double_chance,period=ft,draw_away,,2.15
2026-10-08T00:02:45.173503+02:00,36435228,Brasileiro Serie A,Brazil,Red Bull Bragantino SP,Mirassol FC SP,2026-10-07T22:30:00+00:00,27.2471,soccer.double_chance,period=ft,home_away,,1.27
2026-10-08T00:02:45.173503+02:00,36435228,Brasileiro Serie A,Brazil,Red Bull Bragantino SP,Mirassol FC SP,2026-10-07T22:30:00+00:00,27.2471,soccer.double_chance,period=ft,home_draw,,1.2
2026-10-08T00:02:45.173503+02:00,36435228,Brasileiro Serie A,Brazil,Red Bull Bragantino SP,Mirassol FC SP,2026-10-07T22:30:00+00:00,27.2471,soccer.match_odds,period=ft,home,,1.72
2026-10-08T00:02:45.173503+02:00,36435228,Brasileiro Serie A,Brazil,Red Bull Bragantino SP,Mirassol FC SP,2026-10-07T22:30:00+00:00,27.2471,soccer.match_odds,period=ft,draw,,3.9
2026-10-08T00:02:45.173503+02:00,36435228,Brasileiro Serie A,Brazil,Red Bull Bragantino SP,Mirassol FC SP,2026-10-07T22:30:00+00:00,27.2471,soccer.match_odds,period=ft,away,,4.8
2026-10-08T00:02:45.173503+02:00,36435228,Brasileiro Serie A,Brazil,Red Bull Bragantino SP,Mirassol FC SP,2026-10-07T22:30:00+00:00,27.2471,soccer.total_goals,period=ft,over,total=2.75,1.89
2026-10-08T00:02:45.173503+02:00,36435228,Brasileiro Serie A,Brazil,Red Bull Bragantino SP,Mirassol FC SP,2026-10-07T22:30:00+00:00,27.2471,soccer.total_goals,period=ft,under,total=2.75,1.98
2026-10-08T00:02:45.173503+02:00,36435228,Brasileiro Serie A,Brazil,Red Bull Bragantino SP,Mirassol FC SP,2026-10-07T22:30:00+00:00,27.2471,soccer.total_goals,period=ft,over,total=1.5,1.21
2026-10-08T00:02:45.173503+02:00,36435228,Brasileiro Serie A,Brazil,Red Bull Bragantino SP,Mirassol FC SP,2026-10-07T22:30:00+00:00,27.2471,soccer.total_goals,period=ft,under,total=1.5,4.45
2026-10-08T00:02:45.173503+02:00,36435228,Brasileiro Serie A,Brazil,Red Bull Bragantino SP,Mirassol FC SP,2026-10-07T22:30:00+00:00,27.2471,soccer.total_goals,period=ft,over,total=2.25,1.5
2026-10-08T00:02:45.173503+02:00,36435228,Brasileiro Serie A,Brazil,Red Bull Bragantino SP,Mirassol FC SP,2026-10-07T22:30:00+00:00,27.2471,soccer.total_goals,period=ft,under,total=2.25,2.6
2026-10-08T00:02:45.173503+02:00,36435228,Brasileiro Serie A,Brazil,Red Bull Bragantino SP,Mirassol FC SP,2026-10-07T22:30:00+00:00,27.2471,soccer.total_goals,period=ft,over,total=2.5,1.69
2026-10-08T00:02:45.173503+02:00,36435228,Brasileiro Serie A,Brazil,Red Bull Bragantino SP,Mirassol FC SP,2026-10-07T22:30:00+00:00,27.2471,soccer.total_goals,period=ft,under,total=2.5,2.2
2026-10-08T00:02:45.173503+02:00,36435228,Brasileiro Serie A,Brazil,Red Bull Bragantino SP,Mirassol FC SP,2026-10-07T22:30:00+00:00,27.2471,soccer.total_goals,period=ft,over,total=3,2.16
2026-10-08T00:02:45.173503+02:00,36435228,Brasileiro Serie A,Brazil,Red Bull Bragantino SP,Mirassol FC SP,2026-10-07T22:30:00+00:00,27.2471,soccer.total_goals,period=ft,under,total=3,1.71
2026-10-08T00:02:45.173503+02:00,36435228,Brasileiro Serie A,Brazil,Red Bull Bragantino SP,Mirassol FC SP,2026-10-07T22:30:00+00:00,27.2471,soccer.total_goals,period=ft,over,total=3.25,2.45
2026-10-08T00:02:45.173503+02:00,36435228,Brasileiro Serie A,Brazil,Red Bull Bragantino SP,Mirassol FC SP,2026-10-07T22:30:00+00:00,27.2471,soccer.total_goals,period=ft,under,total=3.25,1.56
2026-10-08T00:02:45.173503+02:00,36435228,Brasileiro Serie A,Brazil,Red Bull Bragantino SP,Mirassol FC SP,2026-10-07T22:30:00+00:00,27.2471,soccer.total_goals,period=ft,over,total=3.5,2.75
2026-10-08T00:02:45.173503+02:00,36435228,Brasileiro Serie A,Brazil,Red Bull Bragantino SP,Mirassol FC SP,2026-10-07T22:30:00+00:00,27.2471,soccer.total_goals,period=ft,under,total=3.5,1.45
2026-10-08T00:02:45.173503+02:00,36435228,Brasileiro Serie A,Brazil,Red Bull Bragantino SP,Mirassol FC SP,2026-10-07T22:30:00+00:00,27.2471,soccer.total_goals,period=ft,over,total=4.5,5.25
2026-10-08T00:02:45.173503+02:00,36435228,Brasileiro Serie A,Brazil,Red Bull Bragantino SP,Mirassol FC SP,2026-10-07T22:30:00+00:00,27.2471,soccer.total_goals,period=ft,under,total=4.5,1.16
2026-10-08T00:02:45.173503+02:00,36435230,Brasileiro Serie A,Brazil,SC Internacional RS,SC Corinthians SP,2026-10-07T22:30:00+00:00,27.2471,soccer.asian_handicap,period=ft,home,handicap=-0.25,2.11
2026-10-08T00:02:45.173503+02:00,36435230,Brasileiro Serie A,Brazil,SC Internacional RS,SC Corinthians SP,2026-10-07T22:30:00+00:00,27.2471,soccer.asian_handicap,period=ft,away,handicap=-0.25,1.79
2026-10-08T00:02:45.173503+02:00,36435230,Brasileiro Serie A,Brazil,SC Internacional RS,SC Corinthians SP,2026-10-07T22:30:00+00:00,27.2471,soccer.asian_handicap,period=ft,home,handicap=-1.25,4.85
2026-10-08T00:02:45.173503+02:00,36435230,Brasileiro Serie A,Brazil,SC Internacional RS,SC Corinthians SP,2026-10-07T22:30:00+00:00,27.2471,soccer.asian_handicap,period=ft,away,handicap=-1.25,1.19
2026-10-08T00:02:45.173503+02:00,36435230,Brasileiro Serie A,Brazil,SC Internacional RS,SC Corinthians SP,2026-10-07T22:30:00+00:00,27.2471,soccer.asian_handicap,period=ft,home,handicap=-1,4.3
2026-10-08T00:02:45.173503+02:00,36435230,Brasileiro Serie A,Brazil,SC Internacional RS,SC Corinthians SP,2026-10-07T22:30:00+00:00,27.2471,soccer.asian_handicap,period=ft,away,handicap=-1,1.23
2026-10-08T00:02:45.173503+02:00,36435230,Brasileiro Serie A,Brazil,SC Internacional RS,SC Corinthians SP,2026-10-07T22:30:00+00:00,27.2471,soccer.asian_handicap,period=ft,home,handicap=-0.75,3.05
2026-10-08T00:02:45.173503+02:00,36435230,Brasileiro Serie A,Brazil,SC Internacional RS,SC Corinthians SP,2026-10-07T22:30:00+00:00,27.2471,soccer.asian_handicap,period=ft,away,handicap=-0.75,1.4
2026-10-08T00:02:45.173503+02:00,36435230,Brasileiro Serie A,Brazil,SC Internacional RS,SC Corinthians SP,2026-10-07T22:30:00+00:00,27.2471,soccer.asian_handicap,period=ft,home,handicap=-0.5,2.45
2026-10-08T00:02:45.173503+02:00,36435230,Brasileiro Serie A,Brazil,SC Internacional RS,SC Corinthians SP,2026-10-07T22:30:00+00:00,27.2471,soccer.asian_handicap,period=ft,away,handicap=-0.5,1.56
2026-10-08T00:02:45.173503+02:00,36435230,Brasileiro Serie A,Brazil,SC Internacional RS,SC Corinthians SP,2026-10-07T22:30:00+00:00,27.2471,soccer.asian_handicap,period=ft,home,handicap=0,1.69
2026-10-08T00:02:45.173503+02:00,36435230,Brasileiro Serie A,Brazil,SC Internacional RS,SC Corinthians SP,2026-10-07T22:30:00+00:00,27.2471,soccer.asian_handicap,period=ft,away,handicap=0,2.2
2026-10-08T00:02:45.173503+02:00,36435230,Brasileiro Serie A,Brazil,SC Internacional RS,SC Corinthians SP,2026-10-07T22:30:00+00:00,27.2471,soccer.asian_handicap,period=ft,home,handicap=0.25,1.48
2026-10-08T00:02:45.173503+02:00,36435230,Brasileiro Serie A,Brazil,SC Internacional RS,SC Corinthians SP,2026-10-07T22:30:00+00:00,27.2471,soccer.asian_handicap,period=ft,away,handicap=0.25,2.7
2026-10-08T00:02:45.173503+02:00,36435230,Brasileiro Serie A,Brazil,SC Internacional RS,SC Corinthians SP,2026-10-07T22:30:00+00:00,27.2471,soccer.asian_handicap,period=ft,home,handicap=0.5,1.36
2026-10-08T00:02:45.173503+02:00,36435230,Brasileiro Serie A,Brazil,SC Internacional RS,SC Corinthians SP,2026-10-07T22:30:00+00:00,27.2471,soccer.asian_handicap,period=ft,away,handicap=0.5,3.2
2026-10-08T00:02:45.173503+02:00,36435230,Brasileiro Serie A,Brazil,SC Internacional RS,SC Corinthians SP,2026-10-07T22:30:00+00:00,27.2471,soccer.asian_handicap,period=ft,home,handicap=0.75,1.23
2026-10-08T00:02:45.173503+02:00,36435230,Brasileiro Serie A,Brazil,SC Internacional RS,SC Corinthians SP,2026-10-07T22:30:00+00:00,27.2471,soccer.asian_handicap,period=ft,away,handicap=0.75,4.2
2026-10-08T00:02:45.173503+02:00,36435230,Brasileiro Serie A,Brazil,SC Internacional RS,SC Corinthians SP,2026-10-07T22:30:00+00:00,27.2471,soccer.double_chance,period=ft,draw_away,,1.56
2026-10-08T00:02:45.173503+02:00,36435230,Brasileiro Serie A,Brazil,SC Internacional RS,SC Corinthians SP,2026-10-07T22:30:00+00:00,27.2471,soccer.double_chance,period=ft,home_away,,1.39
2026-10-08T00:02:45.173503+02:00,36435230,Brasileiro Serie A,Brazil,SC Internacional RS,SC Corinthians SP,2026-10-07T22:30:00+00:00,27.2471,soccer.double_chance,period=ft,home_draw,,1.36
2026-10-08T00:02:45.173503+02:00,36435230,Brasileiro Serie A,Brazil,SC Internacional RS,SC Corinthians SP,2026-10-07T22:30:00+00:00,27.2471,soccer.match_odds,period=ft,home,,2.5
2026-10-08T00:02:45.173503+02:00,36435230,Brasileiro Serie A,Brazil,SC Internacional RS,SC Corinthians SP,2026-10-07T22:30:00+00:00,27.2471,soccer.match_odds,period=ft,draw,,3.0
2026-10-08T00:02:45.173503+02:00,36435230,Brasileiro Serie A,Brazil,SC Internacional RS,SC Corinthians SP,2026-10-07T22:30:00+00:00,27.2471,soccer.match_odds,period=ft,away,,3.25
2026-10-08T00:02:45.173503+02:00,36435230,Brasileiro Serie A,Brazil,SC Internacional RS,SC Corinthians SP,2026-10-07T22:30:00+00:00,27.2471,soccer.total_goals,period=ft,over,total=2,1.89
2026-10-08T00:02:45.173503+02:00,36435230,Brasileiro Serie A,Brazil,SC Internacional RS,SC Corinthians SP,2026-10-07T22:30:00+00:00,27.2471,soccer.total_goals,period=ft,under,total=2,1.98
2026-10-08T00:02:45.173503+02:00,36435230,Brasileiro Serie A,Brazil,SC Internacional RS,SC Corinthians SP,2026-10-07T22:30:00+00:00,27.2471,soccer.total_goals,period=ft,over,total=0.5,1.1
2026-10-08T00:02:45.173503+02:00,36435230,Brasileiro Serie A,Brazil,SC Internacional RS,SC Corinthians SP,2026-10-07T22:30:00+00:00,27.2471,soccer.total_goals,period=ft,under,total=0.5,6.95
2026-10-08T00:02:45.173503+02:00,36435230,Brasileiro Serie A,Brazil,SC Internacional RS,SC Corinthians SP,2026-10-07T22:30:00+00:00,27.2471,soccer.total_goals,period=ft,over,total=1.5,1.49
2026-10-08T00:02:45.173503+02:00,36435230,Brasileiro Serie A,Brazil,SC Internacional RS,SC Corinthians SP,2026-10-07T22:30:00+00:00,27.2471,soccer.total_goals,period=ft,under,total=1.5,2.65
2026-10-08T00:02:45.173503+02:00,36435230,Brasileiro Serie A,Brazil,SC Internacional RS,SC Corinthians SP,2026-10-07T22:30:00+00:00,27.2471,soccer.total_goals,period=ft,over,total=1.75,1.63
2026-10-08T00:02:45.173503+02:00,36435230,Brasileiro Serie A,Brazil,SC Internacional RS,SC Corinthians SP,2026-10-07T22:30:00+00:00,27.2471,soccer.total_goals,period=ft,under,total=1.75,2.3
2026-10-08T00:02:45.173503+02:00,36435230,Brasileiro Serie A,Brazil,SC Internacional RS,SC Corinthians SP,2026-10-07T22:30:00+00:00,27.2471,soccer.total_goals,period=ft,over,total=2.25,2.2
2026-10-08T00:02:45.173503+02:00,36435230,Brasileiro Serie A,Brazil,SC Internacional RS,SC Corinthians SP,2026-10-07T22:30:00+00:00,27.2471,soccer.total_goals,period=ft,under,total=2.25,1.69
2026-10-08T00:02:45.173503+02:00,36435230,Brasileiro Serie A,Brazil,SC Internacional RS,SC Corinthians SP,2026-10-07T22:30:00+00:00,27.2471,soccer.total_goals,period=ft,over,total=2.5,2.5
2026-10-08T00:02:45.173503+02:00,36435230,Brasileiro Serie A,Brazil,SC Internacional RS,SC Corinthians SP,2026-10-07T22:30:00+00:00,27.2471,soccer.total_goals,period=ft,under,total=2.5,1.53
2026-10-08T00:02:45.173503+02:00,36435230,Brasileiro Serie A,Brazil,SC Internacional RS,SC Corinthians SP,2026-10-07T22:30:00+00:00,27.2471,soccer.total_goals,period=ft,over,total=3.5,4.75
2026-10-08T00:02:45.173503+02:00,36435230,Brasileiro Serie A,Brazil,SC Internacional RS,SC Corinthians SP,2026-10-07T22:30:00+00:00,27.2471,soccer.total_goals,period=ft,under,total=3.5,1.19
2026-10-08T00:02:45.173503+02:00,36435231,Brasileiro Serie A,Brazil,EC Vitoria BA,Chapecoense SC,2026-10-07T23:00:00+00:00,57.2471,soccer.asian_handicap,period=ft,home,handicap=-1,1.87
2026-10-08T00:02:45.173503+02:00,36435231,Brasileiro Serie A,Brazil,EC Vitoria BA,Chapecoense SC,2026-10-07T23:00:00+00:00,57.2471,soccer.asian_handicap,period=ft,away,handicap=-1,2.01
2026-10-08T00:02:45.173503+02:00,36435231,Brasileiro Serie A,Brazil,EC Vitoria BA,Chapecoense SC,2026-10-07T23:00:00+00:00,57.2471,soccer.asian_handicap,period=ft,home,handicap=-2,4.05
2026-10-08T00:02:45.173503+02:00,36435231,Brasileiro Serie A,Brazil,EC Vitoria BA,Chapecoense SC,2026-10-07T23:00:00+00:00,57.2471,soccer.asian_handicap,period=ft,away,handicap=-2,1.25
2026-10-08T00:02:45.173503+02:00,36435231,Brasileiro Serie A,Brazil,EC Vitoria BA,Chapecoense SC,2026-10-07T23:00:00+00:00,57.2471,soccer.asian_handicap,period=ft,home,handicap=-1.75,3.0
2026-10-08T00:02:45.173503+02:00,36435231,Brasileiro Serie A,Brazil,EC Vitoria BA,Chapecoense SC,2026-10-07T23:00:00+00:00,57.2471,soccer.asian_handicap,period=ft,away,handicap=-1.75,1.4
2026-10-08T00:02:45.173503+02:00,36435231,Brasileiro Serie A,Brazil,EC Vitoria BA,Chapecoense SC,2026-10-07T23:00:00+00:00,57.2471,soccer.asian_handicap,period=ft,home,handicap=-1.5,2.45
2026-10-08T00:02:45.173503+02:00,36435231,Brasileiro Serie A,Brazil,EC Vitoria BA,Chapecoense SC,2026-10-07T23:00:00+00:00,57.2471,soccer.asian_handicap,period=ft,away,handicap=-1.5,1.56
2026-10-08T00:02:45.173503+02:00,36435231,Brasileiro Serie A,Brazil,EC Vitoria BA,Chapecoense SC,2026-10-07T23:00:00+00:00,57.2471,soccer.asian_handicap,period=ft,home,handicap=-1.25,2.17
2026-10-08T00:02:45.173503+02:00,36435231,Brasileiro Serie A,Brazil,EC Vitoria BA,Chapecoense SC,2026-10-07T23:00:00+00:00,57.2471,soccer.asian_handicap,period=ft,away,handicap=-1.25,1.72
2026-10-08T00:02:45.173503+02:00,36435231,Brasileiro Serie A,Brazil,EC Vitoria BA,Chapecoense SC,2026-10-07T23:00:00+00:00,57.2471,soccer.asian_handicap,period=ft,home,handicap=-0.75,1.63
2026-10-08T00:02:45.173503+02:00,36435231,Brasileiro Serie A,Brazil,EC Vitoria BA,Chapecoense SC,2026-10-07T23:00:00+00:00,57.2471,soccer.asian_handicap,period=ft,away,handicap=-0.75,2.3
2026-10-08T00:02:45.173503+02:00,36435231,Brasileiro Serie A,Brazil,EC Vitoria BA,Chapecoense SC,2026-10-07T23:00:00+00:00,57.2471,soccer.asian_handicap,period=ft,home,handicap=-0.5,1.5
2026-10-08T00:02:45.173503+02:00,36435231,Brasileiro Serie A,Brazil,EC Vitoria BA,Chapecoense SC,2026-10-07T23:00:00+00:00,57.2471,soccer.asian_handicap,period=ft,away,handicap=-0.5,2.65
2026-10-08T00:02:45.173503+02:00,36435231,Brasileiro Serie A,Brazil,EC Vitoria BA,Chapecoense SC,2026-10-07T23:00:00+00:00,57.2471,soccer.asian_handicap,period=ft,home,handicap=-0.25,1.33
2026-10-08T00:02:45.173503+02:00,36435231,Brasileiro Serie A,Brazil,EC Vitoria BA,Chapecoense SC,2026-10-07T23:00:00+00:00,57.2471,soccer.asian_handicap,period=ft,away,handicap=-0.25,3.35
2026-10-08T00:02:45.173503+02:00,36435231,Brasileiro Serie A,Brazil,EC Vitoria BA,Chapecoense SC,2026-10-07T23:00:00+00:00,57.2471,soccer.asian_handicap,period=ft,home,handicap=0,1.17
2026-10-08T00:02:45.173503+02:00,36435231,Brasileiro Serie A,Brazil,EC Vitoria BA,Chapecoense SC,2026-10-07T23:00:00+00:00,57.2471,soccer.asian_handicap,period=ft,away,handicap=0,5.15
2026-10-08T00:02:45.173503+02:00,36435231,Brasileiro Serie A,Brazil,EC Vitoria BA,Chapecoense SC,2026-10-07T23:00:00+00:00,57.2471,soccer.double_chance,period=ft,draw_away,,2.65
2026-10-08T00:02:45.173503+02:00,36435231,Brasileiro Serie A,Brazil,EC Vitoria BA,Chapecoense SC,2026-10-07T23:00:00+00:00,57.2471,soccer.double_chance,period=ft,home_away,,1.23
2026-10-08T00:02:45.173503+02:00,36435231,Brasileiro Serie A,Brazil,EC Vitoria BA,Chapecoense SC,2026-10-07T23:00:00+00:00,57.2471,soccer.double_chance,period=ft,home_draw,,1.12
2026-10-08T00:02:45.173503+02:00,36435231,Brasileiro Serie A,Brazil,EC Vitoria BA,Chapecoense SC,2026-10-07T23:00:00+00:00,57.2471,soccer.match_odds,period=ft,home,,1.5
2026-10-08T00:02:45.173503+02:00,36435231,Brasileiro Serie A,Brazil,EC Vitoria BA,Chapecoense SC,2026-10-07T23:00:00+00:00,57.2471,soccer.match_odds,period=ft,draw,,4.35
2026-10-08T00:02:45.173503+02:00,36435231,Brasileiro Serie A,Brazil,EC Vitoria BA,Chapecoense SC,2026-10-07T23:00:00+00:00,57.2471,soccer.match_odds,period=ft,away,,6.65
2026-10-08T00:02:45.173503+02:00,36435231,Brasileiro Serie A,Brazil,EC Vitoria BA,Chapecoense SC,2026-10-07T23:00:00+00:00,57.2471,soccer.total_goals,period=ft,over,total=2.75,2.04
2026-10-08T00:02:45.173503+02:00,36435231,Brasileiro Serie A,Brazil,EC Vitoria BA,Chapecoense SC,2026-10-07T23:00:00+00:00,57.2471,soccer.total_goals,period=ft,under,total=2.75,1.82
2026-10-08T00:02:45.173503+02:00,36435231,Brasileiro Serie A,Brazil,EC Vitoria BA,Chapecoense SC,2026-10-07T23:00:00+00:00,57.2471,soccer.total_goals,period=ft,over,total=1.5,1.25
2026-10-08T00:02:45.173503+02:00,36435231,Brasileiro Serie A,Brazil,EC Vitoria BA,Chapecoense SC,2026-10-07T23:00:00+00:00,57.2471,soccer.total_goals,period=ft,under,total=1.5,4.0
2026-10-08T00:02:45.173503+02:00,36435231,Brasileiro Serie A,Brazil,EC Vitoria BA,Chapecoense SC,2026-10-07T23:00:00+00:00,57.2471,soccer.total_goals,period=ft,over,total=2.25,1.59
2026-10-08T00:02:45.173503+02:00,36435231,Brasileiro Serie A,Brazil,EC Vitoria BA,Chapecoense SC,2026-10-07T23:00:00+00:00,57.2471,soccer.total_goals,period=ft,under,total=2.25,2.35
2026-10-08T00:02:45.173503+02:00,36435231,Brasileiro Serie A,Brazil,EC Vitoria BA,Chapecoense SC,2026-10-07T23:00:00+00:00,57.2471,soccer.total_goals,period=ft,over,total=2.5,1.8
2026-10-08T00:02:45.173503+02:00,36435231,Brasileiro Serie A,Brazil,EC Vitoria BA,Chapecoense SC,2026-10-07T23:00:00+00:00,57.2471,soccer.total_goals,period=ft,under,total=2.5,2.03
2026-10-08T00:02:45.173503+02:00,36435231,Brasileiro Serie A,Brazil,EC Vitoria BA,Chapecoense SC,2026-10-07T23:00:00+00:00,57.2471,soccer.total_goals,period=ft,over,total=3,2.35
2026-10-08T00:02:45.173503+02:00,36435231,Brasileiro Serie A,Brazil,EC Vitoria BA,Chapecoense SC,2026-10-07T23:00:00+00:00,57.2471,soccer.total_goals,period=ft,under,total=3,1.59
2026-10-08T00:02:45.173503+02:00,36435231,Brasileiro Serie A,Brazil,EC Vitoria BA,Chapecoense SC,2026-10-07T23:00:00+00:00,57.2471,soccer.total_goals,period=ft,over,total=3.25,2.7
2026-10-08T00:02:45.173503+02:00,36435231,Brasileiro Serie A,Brazil,EC Vitoria BA,Chapecoense SC,2026-10-07T23:00:00+00:00,57.2471,soccer.total_goals,period=ft,under,total=3.25,1.47
2026-10-08T00:02:45.173503+02:00,36435231,Brasileiro Serie A,Brazil,EC Vitoria BA,Chapecoense SC,2026-10-07T23:00:00+00:00,57.2471,soccer.total_goals,period=ft,over,total=3.5,3.0
2026-10-08T00:02:45.173503+02:00,36435231,Brasileiro Serie A,Brazil,EC Vitoria BA,Chapecoense SC,2026-10-07T23:00:00+00:00,57.2471,soccer.total_goals,period=ft,under,total=3.5,1.39
2026-10-08T00:02:45.173503+02:00,36435231,Brasileiro Serie A,Brazil,EC Vitoria BA,Chapecoense SC,2026-10-07T23:00:00+00:00,57.2471,soccer.total_goals,period=ft,over,total=4.5,5.85
2026-10-08T00:02:45.173503+02:00,36435231,Brasileiro Serie A,Brazil,EC Vitoria BA,Chapecoense SC,2026-10-07T23:00:00+00:00,57.2471,soccer.total_goals,period=ft,under,total=4.5,1.13
2026-10-08T00:02:45.173503+02:00,36435232,Brasileiro Serie A,Brazil,Botafogo FR RJ,CR Vasco da Gama RJ,2026-10-07T23:30:00+00:00,87.2471,soccer.asian_handicap,period=ft,home,handicap=0.25,1.89
2026-10-08T00:02:45.173503+02:00,36435232,Brasileiro Serie A,Brazil,Botafogo FR RJ,CR Vasco da Gama RJ,2026-10-07T23:30:00+00:00,87.2471,soccer.asian_handicap,period=ft,away,handicap=0.25,1.99
2026-10-08T00:02:45.173503+02:00,36435232,Brasileiro Serie A,Brazil,Botafogo FR RJ,CR Vasco da Gama RJ,2026-10-07T23:30:00+00:00,87.2471,soccer.asian_handicap,period=ft,home,handicap=-0.75,3.75
2026-10-08T00:02:45.173503+02:00,36435232,Brasileiro Serie A,Brazil,Botafogo FR RJ,CR Vasco da Gama RJ,2026-10-07T23:30:00+00:00,87.2471,soccer.asian_handicap,period=ft,away,handicap=-0.75,1.28
2026-10-08T00:02:45.173503+02:00,36435232,Brasileiro Serie A,Brazil,Botafogo FR RJ,CR Vasco da Gama RJ,2026-10-07T23:30:00+00:00,87.2471,soccer.asian_handicap,period=ft,home,handicap=-0.5,3.0
2026-10-08T00:02:45.173503+02:00,36435232,Brasileiro Serie A,Brazil,Botafogo FR RJ,CR Vasco da Gama RJ,2026-10-07T23:30:00+00:00,87.2471,soccer.asian_handicap,period=ft,away,handicap=-0.5,1.4
2026-10-08T00:02:45.173503+02:00,36435232,Brasileiro Serie A,Brazil,Botafogo FR RJ,CR Vasco da Gama RJ,2026-10-07T23:30:00+00:00,87.2471,soccer.asian_handicap,period=ft,home,handicap=-0.25,2.65
2026-10-08T00:02:45.173503+02:00,36435232,Brasileiro Serie A,Brazil,Botafogo FR RJ,CR Vasco da Gama RJ,2026-10-07T23:30:00+00:00,87.2471,soccer.asian_handicap,period=ft,away,handicap=-0.25,1.5
2026-10-08T00:02:45.173503+02:00,36435232,Brasileiro Serie A,Brazil,Botafogo FR RJ,CR Vasco da Gama RJ,2026-10-07T23:30:00+00:00,87.2471,soccer.asian_handicap,period=ft,home,handicap=0,2.25
2026-10-08T00:02:45.173503+02:00,36435232,Brasileiro Serie A,Brazil,Botafogo FR RJ,CR Vasco da Gama RJ,2026-10-07T23:30:00+00:00,87.2471,soccer.asian_handicap,period=ft,away,handicap=0,1.67
2026-10-08T00:02:45.173503+02:00,36435232,Brasileiro Serie A,Brazil,Botafogo FR RJ,CR Vasco da Gama RJ,2026-10-07T23:30:00+00:00,87.2471,soccer.asian_handicap,period=ft,home,handicap=0.5,1.67
2026-10-08T00:02:45.173503+02:00,36435232,Brasileiro Serie A,Brazil,Botafogo FR RJ,CR Vasco da Gama RJ,2026-10-07T23:30:00+00:00,87.2471,soccer.asian_handicap,period=ft,away,handicap=0.5,2.25
2026-10-08T00:02:45.173503+02:00,36435232,Brasileiro Serie A,Brazil,Botafogo FR RJ,CR Vasco da Gama RJ,2026-10-07T23:30:00+00:00,87.2471,soccer.asian_handicap,period=ft,home,handicap=0.75,1.49
2026-10-08T00:02:45.173503+02:00,36435232,Brasileiro Serie A,Brazil,Botafogo FR RJ,CR Vasco da Gama RJ,2026-10-07T23:30:00+00:00,87.2471,soccer.asian_handicap,period=ft,away,handicap=0.75,2.65
2026-10-08T00:02:45.173503+02:00,36435232,Brasileiro Serie A,Brazil,Botafogo FR RJ,CR Vasco da Gama RJ,2026-10-07T23:30:00+00:00,87.2471,soccer.asian_handicap,period=ft,home,handicap=1,1.31
2026-10-08T00:02:45.173503+02:00,36435232,Brasileiro Serie A,Brazil,Botafogo FR RJ,CR Vasco da Gama RJ,2026-10-07T23:30:00+00:00,87.2471,soccer.asian_handicap,period=ft,away,handicap=1,3.5
2026-10-08T00:02:45.173503+02:00,36435232,Brasileiro Serie A,Brazil,Botafogo FR RJ,CR Vasco da Gama RJ,2026-10-07T23:30:00+00:00,87.2471,soccer.asian_handicap,period=ft,home,handicap=1.25,1.26
2026-10-08T00:02:45.173503+02:00,36435232,Brasileiro Serie A,Brazil,Botafogo FR RJ,CR Vasco da Gama RJ,2026-10-07T23:30:00+00:00,87.2471,soccer.asian_handicap,period=ft,away,handicap=1.25,3.95
2026-10-08T00:02:45.173503+02:00,36435232,Brasileiro Serie A,Brazil,Botafogo FR RJ,CR Vasco da Gama RJ,2026-10-07T23:30:00+00:00,87.2471,soccer.double_chance,period=ft,draw_away,,1.4
2026-10-08T00:02:45.173503+02:00,36435232,Brasileiro Serie A,Brazil,Botafogo FR RJ,CR Vasco da Gama RJ,2026-10-07T23:30:00+00:00,87.2471,soccer.double_chance,period=ft,home_away,,1.3
2026-10-08T00:02:45.173503+02:00,36435232,Brasileiro Serie A,Brazil,Botafogo FR RJ,CR Vasco da Gama RJ,2026-10-07T23:30:00+00:00,87.2471,soccer.double_chance,period=ft,home_draw,,1.65
2026-10-08T00:02:45.173503+02:00,36435232,Brasileiro Serie A,Brazil,Botafogo FR RJ,CR Vasco da Gama RJ,2026-10-07T23:30:00+00:00,87.2471,soccer.match_odds,period=ft,home,,3.05
2026-10-08T00:02:45.173503+02:00,36435232,Brasileiro Serie A,Brazil,Botafogo FR RJ,CR Vasco da Gama RJ,2026-10-07T23:30:00+00:00,87.2471,soccer.match_odds,period=ft,draw,,3.65
2026-10-08T00:02:45.173503+02:00,36435232,Brasileiro Serie A,Brazil,Botafogo FR RJ,CR Vasco da Gama RJ,2026-10-07T23:30:00+00:00,87.2471,soccer.match_odds,period=ft,away,,2.25
2026-10-08T00:02:45.173503+02:00,36435232,Brasileiro Serie A,Brazil,Botafogo FR RJ,CR Vasco da Gama RJ,2026-10-07T23:30:00+00:00,87.2471,soccer.total_goals,period=ft,over,total=3,2.04
2026-10-08T00:02:45.173503+02:00,36435232,Brasileiro Serie A,Brazil,Botafogo FR RJ,CR Vasco da Gama RJ,2026-10-07T23:30:00+00:00,87.2471,soccer.total_goals,period=ft,under,total=3,1.82
2026-10-08T00:02:45.173503+02:00,36435232,Brasileiro Serie A,Brazil,Botafogo FR RJ,CR Vasco da Gama RJ,2026-10-07T23:30:00+00:00,87.2471,soccer.total_goals,period=ft,over,total=1.5,1.18
2026-10-08T00:02:45.173503+02:00,36435232,Brasileiro Serie A,Brazil,Botafogo FR RJ,CR Vasco da Gama RJ,2026-10-07T23:30:00+00:00,87.2471,soccer.total_goals,period=ft,under,total=1.5,4.85
2026-10-08T00:02:45.173503+02:00,36435232,Brasileiro Serie A,Brazil,Botafogo FR RJ,CR Vasco da Gama RJ,2026-10-07T23:30:00+00:00,87.2471,soccer.total_goals,period=ft,over,total=2.5,1.62
2026-10-08T00:02:45.173503+02:00,36435232,Brasileiro Serie A,Brazil,Botafogo FR RJ,CR Vasco da Gama RJ,2026-10-07T23:30:00+00:00,87.2471,soccer.total_goals,period=ft,under,total=2.5,2.3
2026-10-08T00:02:45.173503+02:00,36435232,Brasileiro Serie A,Brazil,Botafogo FR RJ,CR Vasco da Gama RJ,2026-10-07T23:30:00+00:00,87.2471,soccer.total_goals,period=ft,over,total=2.75,1.78
2026-10-08T00:02:45.173503+02:00,36435232,Brasileiro Serie A,Brazil,Botafogo FR RJ,CR Vasco da Gama RJ,2026-10-07T23:30:00+00:00,87.2471,soccer.total_goals,period=ft,under,total=2.75,2.06
2026-10-08T00:02:45.173503+02:00,36435232,Brasileiro Serie A,Brazil,Botafogo FR RJ,CR Vasco da Gama RJ,2026-10-07T23:30:00+00:00,87.2471,soccer.total_goals,period=ft,over,total=3.25,2.3
2026-10-08T00:02:45.173503+02:00,36435232,Brasileiro Serie A,Brazil,Botafogo FR RJ,CR Vasco da Gama RJ,2026-10-07T23:30:00+00:00,87.2471,soccer.total_goals,period=ft,under,total=3.25,1.63
2026-10-08T00:02:45.173503+02:00,36435232,Brasileiro Serie A,Brazil,Botafogo FR RJ,CR Vasco da Gama RJ,2026-10-07T23:30:00+00:00,87.2471,soccer.total_goals,period=ft,over,total=3.5,2.6
2026-10-08T00:02:45.173503+02:00,36435232,Brasileiro Serie A,Brazil,Botafogo FR RJ,CR Vasco da Gama RJ,2026-10-07T23:30:00+00:00,87.2471,soccer.total_goals,period=ft,under,total=3.5,1.51
2026-10-08T00:02:45.173503+02:00,36435232,Brasileiro Serie A,Brazil,Botafogo FR RJ,CR Vasco da Gama RJ,2026-10-07T23:30:00+00:00,87.2471,soccer.total_goals,period=ft,over,total=4.5,4.7
2026-10-08T00:02:45.173503+02:00,36435232,Brasileiro Serie A,Brazil,Botafogo FR RJ,CR Vasco da Gama RJ,2026-10-07T23:30:00+00:00,87.2471,soccer.total_goals,period=ft,under,total=4.5,1.19
2026-10-08T00:02:45.173503+02:00,36667093,Copa Uruguay,Uruguay,Libertad,CA Bella Vista,2026-10-07T23:00:00+00:00,57.2471,soccer.asian_handicap,period=ft,home,handicap=0.75,1.89
2026-10-08T00:02:45.173503+02:00,36667093,Copa Uruguay,Uruguay,Libertad,CA Bella Vista,2026-10-07T23:00:00+00:00,57.2471,soccer.asian_handicap,period=ft,away,handicap=0.75,1.8
2026-10-08T00:02:45.173503+02:00,36667093,Copa Uruguay,Uruguay,Libertad,CA Bella Vista,2026-10-07T23:00:00+00:00,57.2471,soccer.asian_handicap,period=ft,home,handicap=0,3.35
2026-10-08T00:02:45.173503+02:00,36667093,Copa Uruguay,Uruguay,Libertad,CA Bella Vista,2026-10-07T23:00:00+00:00,57.2471,soccer.asian_handicap,period=ft,away,handicap=0,1.24
2026-10-08T00:02:45.173503+02:00,36667093,Copa Uruguay,Uruguay,Libertad,CA Bella Vista,2026-10-07T23:00:00+00:00,57.2471,soccer.asian_handicap,period=ft,home,handicap=0.25,2.5
2026-10-08T00:02:45.173503+02:00,36667093,Copa Uruguay,Uruguay,Libertad,CA Bella Vista,2026-10-07T23:00:00+00:00,57.2471,soccer.asian_handicap,period=ft,away,handicap=0.25,1.42
2026-10-08T00:02:45.173503+02:00,36667093,Copa Uruguay,Uruguay,Libertad,CA Bella Vista,2026-10-07T23:00:00+00:00,57.2471,soccer.asian_handicap,period=ft,home,handicap=0.5,2.12
2026-10-08T00:02:45.173503+02:00,36667093,Copa Uruguay,Uruguay,Libertad,CA Bella Vista,2026-10-07T23:00:00+00:00,57.2471,soccer.asian_handicap,period=ft,away,handicap=0.5,1.61
2026-10-08T00:02:45.173503+02:00,36667093,Copa Uruguay,Uruguay,Libertad,CA Bella Vista,2026-10-07T23:00:00+00:00,57.2471,soccer.asian_handicap,period=ft,home,handicap=1,1.63
2026-10-08T00:02:45.173503+02:00,36667093,Copa Uruguay,Uruguay,Libertad,CA Bella Vista,2026-10-07T23:00:00+00:00,57.2471,soccer.asian_handicap,period=ft,away,handicap=1,2.08
2026-10-08T00:02:45.173503+02:00,36667093,Copa Uruguay,Uruguay,Libertad,CA Bella Vista,2026-10-07T23:00:00+00:00,57.2471,soccer.asian_handicap,period=ft,home,handicap=1.25,1.47
2026-10-08T00:02:45.173503+02:00,36667093,Copa Uruguay,Uruguay,Libertad,CA Bella Vista,2026-10-07T23:00:00+00:00,57.2471,soccer.asian_handicap,period=ft,away,handicap=1.25,2.35
2026-10-08T00:02:45.173503+02:00,36667093,Copa Uruguay,Uruguay,Libertad,CA Bella Vista,2026-10-07T23:00:00+00:00,57.2471,soccer.asian_handicap,period=ft,home,handicap=1.5,1.38
2026-10-08T00:02:45.173503+02:00,36667093,Copa Uruguay,Uruguay,Libertad,CA Bella Vista,2026-10-07T23:00:00+00:00,57.2471,soccer.asian_handicap,period=ft,away,handicap=1.5,2.65
2026-10-08T00:02:45.173503+02:00,36667093,Copa Uruguay,Uruguay,Libertad,CA Bella Vista,2026-10-07T23:00:00+00:00,57.2471,soccer.match_odds,period=ft,home,,4.35
2026-10-08T00:02:45.173503+02:00,36667093,Copa Uruguay,Uruguay,Libertad,CA Bella Vista,2026-10-07T23:00:00+00:00,57.2471,soccer.match_odds,period=ft,draw,,3.55
2026-10-08T00:02:45.173503+02:00,36667093,Copa Uruguay,Uruguay,Libertad,CA Bella Vista,2026-10-07T23:00:00+00:00,57.2471,soccer.match_odds,period=ft,away,,1.62
2026-10-08T00:02:45.173503+02:00,36667093,Copa Uruguay,Uruguay,Libertad,CA Bella Vista,2026-10-07T23:00:00+00:00,57.2471,soccer.total_goals,period=ft,over,total=2.5,1.8
2026-10-08T00:02:45.173503+02:00,36667093,Copa Uruguay,Uruguay,Libertad,CA Bella Vista,2026-10-07T23:00:00+00:00,57.2471,soccer.total_goals,period=ft,under,total=2.5,1.89
2026-10-08T00:02:45.173503+02:00,36667093,Copa Uruguay,Uruguay,Libertad,CA Bella Vista,2026-10-07T23:00:00+00:00,57.2471,soccer.total_goals,period=ft,over,total=1.75,1.29
2026-10-08T00:02:45.173503+02:00,36667093,Copa Uruguay,Uruguay,Libertad,CA Bella Vista,2026-10-07T23:00:00+00:00,57.2471,soccer.total_goals,period=ft,under,total=1.75,3.05
2026-10-08T00:02:45.173503+02:00,36667093,Copa Uruguay,Uruguay,Libertad,CA Bella Vista,2026-10-07T23:00:00+00:00,57.2471,soccer.total_goals,period=ft,over,total=2,1.37
2026-10-08T00:02:45.173503+02:00,36667093,Copa Uruguay,Uruguay,Libertad,CA Bella Vista,2026-10-07T23:00:00+00:00,57.2471,soccer.total_goals,period=ft,under,total=2,2.65
2026-10-08T00:02:45.173503+02:00,36667093,Copa Uruguay,Uruguay,Libertad,CA Bella Vista,2026-10-07T23:00:00+00:00,57.2471,soccer.total_goals,period=ft,over,total=2.25,1.59
2026-10-08T00:02:45.173503+02:00,36667093,Copa Uruguay,Uruguay,Libertad,CA Bella Vista,2026-10-07T23:00:00+00:00,57.2471,soccer.total_goals,period=ft,under,total=2.25,2.17
2026-10-08T00:02:45.173503+02:00,36667093,Copa Uruguay,Uruguay,Libertad,CA Bella Vista,2026-10-07T23:00:00+00:00,57.2471,soccer.total_goals,period=ft,over,total=2.75,2.01
2026-10-08T00:02:45.173503+02:00,36667093,Copa Uruguay,Uruguay,Libertad,CA Bella Vista,2026-10-07T23:00:00+00:00,57.2471,soccer.total_goals,period=ft,under,total=2.75,1.69
2026-10-08T00:02:45.173503+02:00,36667093,Copa Uruguay,Uruguay,Libertad,CA Bella Vista,2026-10-07T23:00:00+00:00,57.2471,soccer.total_goals,period=ft,over,total=3,2.3
2026-10-08T00:02:45.173503+02:00,36667093,Copa Uruguay,Uruguay,Libertad,CA Bella Vista,2026-10-07T23:00:00+00:00,57.2471,soccer.total_goals,period=ft,under,total=3,1.49
2026-10-08T00:02:45.173503+02:00,36667093,Copa Uruguay,Uruguay,Libertad,CA Bella Vista,2026-10-07T23:00:00+00:00,57.2471,soccer.total_goals,period=ft,over,total=3.25,2.6
2026-10-08T00:02:45.173503+02:00,36667093,Copa Uruguay,Uruguay,Libertad,CA Bella Vista,2026-10-07T23:00:00+00:00,57.2471,soccer.total_goals,period=ft,under,total=3.25,1.39
2026-10-08T00:02:45.173503+02:00,36657172,Copa Uruguay,Uruguay,Plaza Colonia,CA Juventud de Las Piedras,2026-10-07T23:00:00+00:00,57.2471,soccer.asian_handicap,period=ft,home,handicap=0.25,1.81
2026-10-08T00:02:45.173503+02:00,36657172,Copa Uruguay,Uruguay,Plaza Colonia,CA Juventud de Las Piedras,2026-10-07T23:00:00+00:00,57.2471,soccer.asian_handicap,period=ft,away,handicap=0.25,1.93
2026-10-08T00:02:45.173503+02:00,36657172,Copa Uruguay,Uruguay,Plaza Colonia,CA Juventud de Las Piedras,2026-10-07T23:00:00+00:00,57.2471,soccer.asian_handicap,period=ft,home,handicap=-0.5,3.15
2026-10-08T00:02:45.173503+02:00,36657172,Copa Uruguay,Uruguay,Plaza Colonia,CA Juventud de Las Piedras,2026-10-07T23:00:00+00:00,57.2471,soccer.asian_handicap,period=ft,away,handicap=-0.5,1.29
2026-10-08T00:02:45.173503+02:00,36657172,Copa Uruguay,Uruguay,Plaza Colonia,CA Juventud de Las Piedras,2026-10-07T23:00:00+00:00,57.2471,soccer.asian_handicap,period=ft,home,handicap=-0.25,2.7
2026-10-08T00:02:45.173503+02:00,36657172,Copa Uruguay,Uruguay,Plaza Colonia,CA Juventud de Las Piedras,2026-10-07T23:00:00+00:00,57.2471,soccer.asian_handicap,period=ft,away,handicap=-0.25,1.39
2026-10-08T00:02:45.173503+02:00,36657172,Copa Uruguay,Uruguay,Plaza Colonia,CA Juventud de Las Piedras,2026-10-07T23:00:00+00:00,57.2471,soccer.asian_handicap,period=ft,home,handicap=0,2.25
2026-10-08T00:02:45.173503+02:00,36657172,Copa Uruguay,Uruguay,Plaza Colonia,CA Juventud de Las Piedras,2026-10-07T23:00:00+00:00,57.2471,soccer.asian_handicap,period=ft,away,handicap=0,1.57
2026-10-08T00:02:45.173503+02:00,36657172,Copa Uruguay,Uruguay,Plaza Colonia,CA Juventud de Las Piedras,2026-10-07T23:00:00+00:00,57.2471,soccer.asian_handicap,period=ft,home,handicap=0.5,1.57
2026-10-08T00:02:45.173503+02:00,36657172,Copa Uruguay,Uruguay,Plaza Colonia,CA Juventud de Las Piedras,2026-10-07T23:00:00+00:00,57.2471,soccer.asian_handicap,period=ft,away,handicap=0.5,2.25
2026-10-08T00:02:45.173503+02:00,36657172,Copa Uruguay,Uruguay,Plaza Colonia,CA Juventud de Las Piedras,2026-10-07T23:00:00+00:00,57.2471,soccer.asian_handicap,period=ft,home,handicap=0.75,1.4
2026-10-08T00:02:45.173503+02:00,36657172,Copa Uruguay,Uruguay,Plaza Colonia,CA Juventud de Las Piedras,2026-10-07T23:00:00+00:00,57.2471,soccer.asian_handicap,period=ft,away,handicap=0.75,2.65
2026-10-08T00:02:45.173503+02:00,36657172,Copa Uruguay,Uruguay,Plaza Colonia,CA Juventud de Las Piedras,2026-10-07T23:00:00+00:00,57.2471,soccer.asian_handicap,period=ft,home,handicap=1,1.23
2026-10-08T00:02:45.173503+02:00,36657172,Copa Uruguay,Uruguay,Plaza Colonia,CA Juventud de Las Piedras,2026-10-07T23:00:00+00:00,57.2471,soccer.asian_handicap,period=ft,away,handicap=1,3.65
2026-10-08T00:02:45.173503+02:00,36657172,Copa Uruguay,Uruguay,Plaza Colonia,CA Juventud de Las Piedras,2026-10-07T23:00:00+00:00,57.2471,soccer.double_chance,period=ft,draw_away,,1.35
2026-10-08T00:02:45.173503+02:00,36657172,Copa Uruguay,Uruguay,Plaza Colonia,CA Juventud de Las Piedras,2026-10-07T23:00:00+00:00,57.2471,soccer.double_chance,period=ft,home_away,,1.39
2026-10-08T00:02:45.173503+02:00,36657172,Copa Uruguay,Uruguay,Plaza Colonia,CA Juventud de Las Piedras,2026-10-07T23:00:00+00:00,57.2471,soccer.double_chance,period=ft,home_draw,,1.57
2026-10-08T00:02:45.173503+02:00,36657172,Copa Uruguay,Uruguay,Plaza Colonia,CA Juventud de Las Piedras,2026-10-07T23:00:00+00:00,57.2471,soccer.match_odds,period=ft,home,,3.2
2026-10-08T00:02:45.173503+02:00,36657172,Copa Uruguay,Uruguay,Plaza Colonia,CA Juventud de Las Piedras,2026-10-07T23:00:00+00:00,57.2471,soccer.match_odds,period=ft,draw,,2.8
2026-10-08T00:02:45.173503+02:00,36657172,Copa Uruguay,Uruguay,Plaza Colonia,CA Juventud de Las Piedras,2026-10-07T23:00:00+00:00,57.2471,soccer.match_odds,period=ft,away,,2.25
2026-10-08T00:02:45.173503+02:00,36657172,Copa Uruguay,Uruguay,Plaza Colonia,CA Juventud de Las Piedras,2026-10-07T23:00:00+00:00,57.2471,soccer.total_goals,period=ft,over,total=2,1.78
2026-10-08T00:02:45.173503+02:00,36657172,Copa Uruguay,Uruguay,Plaza Colonia,CA Juventud de Las Piedras,2026-10-07T23:00:00+00:00,57.2471,soccer.total_goals,period=ft,under,total=2,1.98
2026-10-08T00:02:45.173503+02:00,36657172,Copa Uruguay,Uruguay,Plaza Colonia,CA Juventud de Las Piedras,2026-10-07T23:00:00+00:00,57.2471,soccer.total_goals,period=ft,over,total=1.25,1.26
2026-10-08T00:02:45.173503+02:00,36657172,Copa Uruguay,Uruguay,Plaza Colonia,CA Juventud de Las Piedras,2026-10-07T23:00:00+00:00,57.2471,soccer.total_goals,period=ft,under,total=1.25,3.35
2026-10-08T00:02:45.173503+02:00,36657172,Copa Uruguay,Uruguay,Plaza Colonia,CA Juventud de Las Piedras,2026-10-07T23:00:00+00:00,57.2471,soccer.total_goals,period=ft,over,total=1.5,1.42
2026-10-08T00:02:45.173503+02:00,36657172,Copa Uruguay,Uruguay,Plaza Colonia,CA Juventud de Las Piedras,2026-10-07T23:00:00+00:00,57.2471,soccer.total_goals,period=ft,under,total=1.5,2.6
2026-10-08T00:02:45.173503+02:00,36657172,Copa Uruguay,Uruguay,Plaza Colonia,CA Juventud de Las Piedras,2026-10-07T23:00:00+00:00,57.2471,soccer.total_goals,period=ft,over,total=1.75,1.55
2026-10-08T00:02:45.173503+02:00,36657172,Copa Uruguay,Uruguay,Plaza Colonia,CA Juventud de Las Piedras,2026-10-07T23:00:00+00:00,57.2471,soccer.total_goals,period=ft,under,total=1.75,2.3
2026-10-08T00:02:45.173503+02:00,36657172,Copa Uruguay,Uruguay,Plaza Colonia,CA Juventud de Las Piedras,2026-10-07T23:00:00+00:00,57.2471,soccer.total_goals,period=ft,over,total=2.25,2.08
2026-10-08T00:02:45.173503+02:00,36657172,Copa Uruguay,Uruguay,Plaza Colonia,CA Juventud de Las Piedras,2026-10-07T23:00:00+00:00,57.2471,soccer.total_goals,period=ft,under,total=2.25,1.67
2026-10-08T00:02:45.173503+02:00,36657172,Copa Uruguay,Uruguay,Plaza Colonia,CA Juventud de Las Piedras,2026-10-07T23:00:00+00:00,57.2471,soccer.total_goals,period=ft,over,total=2.5,2.35
2026-10-08T00:02:45.173503+02:00,36657172,Copa Uruguay,Uruguay,Plaza Colonia,CA Juventud de Las Piedras,2026-10-07T23:00:00+00:00,57.2471,soccer.total_goals,period=ft,under,total=2.5,1.5
2026-10-08T00:02:45.173503+02:00,36657172,Copa Uruguay,Uruguay,Plaza Colonia,CA Juventud de Las Piedras,2026-10-07T23:00:00+00:00,57.2471,soccer.total_goals,period=ft,over,total=2.75,2.8
2026-10-08T00:02:45.173503+02:00,36657172,Copa Uruguay,Uruguay,Plaza Colonia,CA Juventud de Las Piedras,2026-10-07T23:00:00+00:00,57.2471,soccer.total_goals,period=ft,under,total=2.75,1.36
2026-10-08T00:04:43.361736+02:00,36679767,Mexico Copa Mexico,Mexico,Inter Playa Del Carmen,Ejidatarios de Bonfil FC,2026-10-07T23:00:00+00:00,55.2773,soccer.asian_handicap,period=ft,home,handicap=-0.5,1.8
2026-10-08T00:04:43.361736+02:00,36679767,Mexico Copa Mexico,Mexico,Inter Playa Del Carmen,Ejidatarios de Bonfil FC,2026-10-07T23:00:00+00:00,55.2773,soccer.asian_handicap,period=ft,away,handicap=-0.5,1.9
2026-10-08T00:04:43.361736+02:00,36679767,Mexico Copa Mexico,Mexico,Inter Playa Del Carmen,Ejidatarios de Bonfil FC,2026-10-07T23:00:00+00:00,55.2773,soccer.asian_handicap,period=ft,home,handicap=-1.25,2.75
2026-10-08T00:04:43.361736+02:00,36679767,Mexico Copa Mexico,Mexico,Inter Playa Del Carmen,Ejidatarios de Bonfil FC,2026-10-07T23:00:00+00:00,55.2773,soccer.asian_handicap,period=ft,away,handicap=-1.25,1.35
2026-10-08T00:04:43.361736+02:00,36679767,Mexico Copa Mexico,Mexico,Inter Playa Del Carmen,Ejidatarios de Bonfil FC,2026-10-07T23:00:00+00:00,55.2773,soccer.asian_handicap,period=ft,home,handicap=-1,2.4
2026-10-08T00:04:43.361736+02:00,36679767,Mexico Copa Mexico,Mexico,Inter Playa Del Carmen,Ejidatarios de Bonfil FC,2026-10-07T23:00:00+00:00,55.2773,soccer.asian_handicap,period=ft,away,handicap=-1,1.45
2026-10-08T00:04:43.361736+02:00,36679767,Mexico Copa Mexico,Mexico,Inter Playa Del Carmen,Ejidatarios de Bonfil FC,2026-10-07T23:00:00+00:00,55.2773,soccer.asian_handicap,period=ft,home,handicap=-0.75,2.02
2026-10-08T00:04:43.361736+02:00,36679767,Mexico Copa Mexico,Mexico,Inter Playa Del Carmen,Ejidatarios de Bonfil FC,2026-10-07T23:00:00+00:00,55.2773,soccer.asian_handicap,period=ft,away,handicap=-0.75,1.68
2026-10-08T00:04:43.361736+02:00,36679767,Mexico Copa Mexico,Mexico,Inter Playa Del Carmen,Ejidatarios de Bonfil FC,2026-10-07T23:00:00+00:00,55.2773,soccer.asian_handicap,period=ft,home,handicap=-0.25,1.58
2026-10-08T00:04:43.361736+02:00,36679767,Mexico Copa Mexico,Mexico,Inter Playa Del Carmen,Ejidatarios de Bonfil FC,2026-10-07T23:00:00+00:00,55.2773,soccer.asian_handicap,period=ft,away,handicap=-0.25,2.18
2026-10-08T00:04:43.361736+02:00,36679767,Mexico Copa Mexico,Mexico,Inter Playa Del Carmen,Ejidatarios de Bonfil FC,2026-10-07T23:00:00+00:00,55.2773,soccer.asian_handicap,period=ft,home,handicap=0,1.36
2026-10-08T00:04:43.361736+02:00,36679767,Mexico Copa Mexico,Mexico,Inter Playa Del Carmen,Ejidatarios de Bonfil FC,2026-10-07T23:00:00+00:00,55.2773,soccer.asian_handicap,period=ft,away,handicap=0,2.7
2026-10-08T00:04:43.361736+02:00,36679767,Mexico Copa Mexico,Mexico,Inter Playa Del Carmen,Ejidatarios de Bonfil FC,2026-10-07T23:00:00+00:00,55.2773,soccer.asian_handicap,period=ft,home,handicap=0.25,1.28
2026-10-08T00:04:43.361736+02:00,36679767,Mexico Copa Mexico,Mexico,Inter Playa Del Carmen,Ejidatarios de Bonfil FC,2026-10-07T23:00:00+00:00,55.2773,soccer.asian_handicap,period=ft,away,handicap=0.25,3.05
2026-10-08T00:04:43.361736+02:00,36679767,Mexico Copa Mexico,Mexico,Inter Playa Del Carmen,Ejidatarios de Bonfil FC,2026-10-07T23:00:00+00:00,55.2773,soccer.match_odds,period=ft,home,,1.79
2026-10-08T00:04:43.361736+02:00,36679767,Mexico Copa Mexico,Mexico,Inter Playa Del Carmen,Ejidatarios de Bonfil FC,2026-10-07T23:00:00+00:00,55.2773,soccer.match_odds,period=ft,draw,,3.5
2026-10-08T00:04:43.361736+02:00,36679767,Mexico Copa Mexico,Mexico,Inter Playa Del Carmen,Ejidatarios de Bonfil FC,2026-10-07T23:00:00+00:00,55.2773,soccer.match_odds,period=ft,away,,3.5
2026-10-08T00:04:43.361736+02:00,36679767,Mexico Copa Mexico,Mexico,Inter Playa Del Carmen,Ejidatarios de Bonfil FC,2026-10-07T23:00:00+00:00,55.2773,soccer.total_goals,period=ft,over,total=2.75,1.89
2026-10-08T00:04:43.361736+02:00,36679767,Mexico Copa Mexico,Mexico,Inter Playa Del Carmen,Ejidatarios de Bonfil FC,2026-10-07T23:00:00+00:00,55.2773,soccer.total_goals,period=ft,under,total=2.75,1.8
2026-10-08T00:04:43.361736+02:00,36679767,Mexico Copa Mexico,Mexico,Inter Playa Del Carmen,Ejidatarios de Bonfil FC,2026-10-07T23:00:00+00:00,55.2773,soccer.total_goals,period=ft,over,total=2,1.3
2026-10-08T00:04:43.361736+02:00,36679767,Mexico Copa Mexico,Mexico,Inter Playa Del Carmen,Ejidatarios de Bonfil FC,2026-10-07T23:00:00+00:00,55.2773,soccer.total_goals,period=ft,under,total=2,3.0
2026-10-08T00:04:43.361736+02:00,36679767,Mexico Copa Mexico,Mexico,Inter Playa Del Carmen,Ejidatarios de Bonfil FC,2026-10-07T23:00:00+00:00,55.2773,soccer.total_goals,period=ft,over,total=2.25,1.49
2026-10-08T00:04:43.361736+02:00,36679767,Mexico Copa Mexico,Mexico,Inter Playa Del Carmen,Ejidatarios de Bonfil FC,2026-10-07T23:00:00+00:00,55.2773,soccer.total_goals,period=ft,under,total=2.25,2.3
2026-10-08T00:04:43.361736+02:00,36679767,Mexico Copa Mexico,Mexico,Inter Playa Del Carmen,Ejidatarios de Bonfil FC,2026-10-07T23:00:00+00:00,55.2773,soccer.total_goals,period=ft,over,total=2.5,1.68
2026-10-08T00:04:43.361736+02:00,36679767,Mexico Copa Mexico,Mexico,Inter Playa Del Carmen,Ejidatarios de Bonfil FC,2026-10-07T23:00:00+00:00,55.2773,soccer.total_goals,period=ft,under,total=2.5,2.01
2026-10-08T00:04:43.361736+02:00,36679767,Mexico Copa Mexico,Mexico,Inter Playa Del Carmen,Ejidatarios de Bonfil FC,2026-10-07T23:00:00+00:00,55.2773,soccer.total_goals,period=ft,over,total=3,2.2
2026-10-08T00:04:43.361736+02:00,36679767,Mexico Copa Mexico,Mexico,Inter Playa Del Carmen,Ejidatarios de Bonfil FC,2026-10-07T23:00:00+00:00,55.2773,soccer.total_goals,period=ft,under,total=3,1.57
2026-10-08T00:04:43.361736+02:00,36679767,Mexico Copa Mexico,Mexico,Inter Playa Del Carmen,Ejidatarios de Bonfil FC,2026-10-07T23:00:00+00:00,55.2773,soccer.total_goals,period=ft,over,total=3.25,2.45
2026-10-08T00:04:43.361736+02:00,36679767,Mexico Copa Mexico,Mexico,Inter Playa Del Carmen,Ejidatarios de Bonfil FC,2026-10-07T23:00:00+00:00,55.2773,soccer.total_goals,period=ft,under,total=3.25,1.44
2026-10-08T00:04:43.361736+02:00,36679767,Mexico Copa Mexico,Mexico,Inter Playa Del Carmen,Ejidatarios de Bonfil FC,2026-10-07T23:00:00+00:00,55.2773,soccer.total_goals,period=ft,over,total=3.5,2.75
2026-10-08T00:04:43.361736+02:00,36679767,Mexico Copa Mexico,Mexico,Inter Playa Del Carmen,Ejidatarios de Bonfil FC,2026-10-07T23:00:00+00:00,55.2773,soccer.total_goals,period=ft,under,total=3.5,1.35
2026-10-08T00:04:43.361736+02:00,36666889,Copa Venezuela,Venezuela,Barquisimeto SC,Aragua FC,2026-10-07T22:30:00+00:00,25.2773,soccer.asian_handicap,period=ft,home,handicap=0,1.9
2026-10-08T00:04:43.361736+02:00,36666889,Copa Venezuela,Venezuela,Barquisimeto SC,Aragua FC,2026-10-07T22:30:00+00:00,25.2773,soccer.asian_handicap,period=ft,away,handicap=0,1.8
2026-10-08T00:04:43.361736+02:00,36666889,Copa Venezuela,Venezuela,Barquisimeto SC,Aragua FC,2026-10-07T22:30:00+00:00,25.2773,soccer.asian_handicap,period=ft,home,handicap=-0.75,3.0
2026-10-08T00:04:43.361736+02:00,36666889,Copa Venezuela,Venezuela,Barquisimeto SC,Aragua FC,2026-10-07T22:30:00+00:00,25.2773,soccer.asian_handicap,period=ft,away,handicap=-0.75,1.29
2026-10-08T00:04:43.361736+02:00,36666889,Copa Venezuela,Venezuela,Barquisimeto SC,Aragua FC,2026-10-07T22:30:00+00:00,25.2773,soccer.asian_handicap,period=ft,home,handicap=-0.5,2.5
2026-10-08T00:04:43.361736+02:00,36666889,Copa Venezuela,Venezuela,Barquisimeto SC,Aragua FC,2026-10-07T22:30:00+00:00,25.2773,soccer.asian_handicap,period=ft,away,handicap=-0.5,1.42
2026-10-08T00:04:43.361736+02:00,36666889,Copa Venezuela,Venezuela,Barquisimeto SC,Aragua FC,2026-10-07T22:30:00+00:00,25.2773,soccer.asian_handicap,period=ft,home,handicap=-0.25,2.2
2026-10-08T00:04:43.361736+02:00,36666889,Copa Venezuela,Venezuela,Barquisimeto SC,Aragua FC,2026-10-07T22:30:00+00:00,25.2773,soccer.asian_handicap,period=ft,away,handicap=-0.25,1.56
2026-10-08T00:04:43.361736+02:00,36666889,Copa Venezuela,Venezuela,Barquisimeto SC,Aragua FC,2026-10-07T22:30:00+00:00,25.2773,soccer.asian_handicap,period=ft,home,handicap=0.25,1.62
2026-10-08T00:04:43.361736+02:00,36666889,Copa Venezuela,Venezuela,Barquisimeto SC,Aragua FC,2026-10-07T22:30:00+00:00,25.2773,soccer.asian_handicap,period=ft,away,handicap=0.25,2.1
2026-10-08T00:04:43.361736+02:00,36666889,Copa Venezuela,Venezuela,Barquisimeto SC,Aragua FC,2026-10-07T22:30:00+00:00,25.2773,soccer.asian_handicap,period=ft,home,handicap=0.5,1.47
2026-10-08T00:04:43.361736+02:00,36666889,Copa Venezuela,Venezuela,Barquisimeto SC,Aragua FC,2026-10-07T22:30:00+00:00,25.2773,soccer.asian_handicap,period=ft,away,handicap=0.5,2.35
2026-10-08T00:04:43.361736+02:00,36666889,Copa Venezuela,Venezuela,Barquisimeto SC,Aragua FC,2026-10-07T22:30:00+00:00,25.2773,soccer.asian_handicap,period=ft,home,handicap=0.75,1.33
2026-10-08T00:04:43.361736+02:00,36666889,Copa Venezuela,Venezuela,Barquisimeto SC,Aragua FC,2026-10-07T22:30:00+00:00,25.2773,soccer.asian_handicap,period=ft,away,handicap=0.75,2.85
2026-10-08T00:04:43.361736+02:00,36666889,Copa Venezuela,Venezuela,Barquisimeto SC,Aragua FC,2026-10-07T22:30:00+00:00,25.2773,soccer.double_chance,period=ft,draw_away,,1.48
2026-10-08T00:04:43.361736+02:00,36666889,Copa Venezuela,Venezuela,Barquisimeto SC,Aragua FC,2026-10-07T22:30:00+00:00,25.2773,soccer.double_chance,period=ft,home_away,,1.32
2026-10-08T00:04:43.361736+02:00,36666889,Copa Venezuela,Venezuela,Barquisimeto SC,Aragua FC,2026-10-07T22:30:00+00:00,25.2773,soccer.double_chance,period=ft,home_draw,,1.5
2026-10-08T00:04:43.361736+02:00,36666889,Copa Venezuela,Venezuela,Barquisimeto SC,Aragua FC,2026-10-07T22:30:00+00:00,25.2773,soccer.match_odds,period=ft,home,,2.55
2026-10-08T00:04:43.361736+02:00,36666889,Copa Venezuela,Venezuela,Barquisimeto SC,Aragua FC,2026-10-07T22:30:00+00:00,25.2773,soccer.match_odds,period=ft,draw,,3.1
2026-10-08T00:04:43.361736+02:00,36666889,Copa Venezuela,Venezuela,Barquisimeto SC,Aragua FC,2026-10-07T22:30:00+00:00,25.2773,soccer.match_odds,period=ft,away,,2.4
2026-10-08T00:04:43.361736+02:00,36666889,Copa Venezuela,Venezuela,Barquisimeto SC,Aragua FC,2026-10-07T22:30:00+00:00,25.2773,soccer.total_goals,period=ft,over,total=2.5,1.82
2026-10-08T00:04:43.361736+02:00,36666889,Copa Venezuela,Venezuela,Barquisimeto SC,Aragua FC,2026-10-07T22:30:00+00:00,25.2773,soccer.total_goals,period=ft,under,total=2.5,1.88
2026-10-08T00:04:43.361736+02:00,36666889,Copa Venezuela,Venezuela,Barquisimeto SC,Aragua FC,2026-10-07T22:30:00+00:00,25.2773,soccer.total_goals,period=ft,over,total=1.75,1.27
2026-10-08T00:04:43.361736+02:00,36666889,Copa Venezuela,Venezuela,Barquisimeto SC,Aragua FC,2026-10-07T22:30:00+00:00,25.2773,soccer.total_goals,period=ft,under,total=1.75,3.15
2026-10-08T00:04:43.361736+02:00,36666889,Copa Venezuela,Venezuela,Barquisimeto SC,Aragua FC,2026-10-07T22:30:00+00:00,25.2773,soccer.total_goals,period=ft,over,total=2,1.35
2026-10-08T00:04:43.361736+02:00,36666889,Copa Venezuela,Venezuela,Barquisimeto SC,Aragua FC,2026-10-07T22:30:00+00:00,25.2773,soccer.total_goals,period=ft,under,total=2,2.75
2026-10-08T00:04:43.361736+02:00,36666889,Copa Venezuela,Venezuela,Barquisimeto SC,Aragua FC,2026-10-07T22:30:00+00:00,25.2773,soccer.total_goals,period=ft,over,total=2.25,1.58
2026-10-08T00:04:43.361736+02:00,36666889,Copa Venezuela,Venezuela,Barquisimeto SC,Aragua FC,2026-10-07T22:30:00+00:00,25.2773,soccer.total_goals,period=ft,under,total=2.25,2.17
2026-10-08T00:04:43.361736+02:00,36666889,Copa Venezuela,Venezuela,Barquisimeto SC,Aragua FC,2026-10-07T22:30:00+00:00,25.2773,soccer.total_goals,period=ft,over,total=2.75,2.02
2026-10-08T00:04:43.361736+02:00,36666889,Copa Venezuela,Venezuela,Barquisimeto SC,Aragua FC,2026-10-07T22:30:00+00:00,25.2773,soccer.total_goals,period=ft,under,total=2.75,1.67
2026-10-08T00:04:43.361736+02:00,36666889,Copa Venezuela,Venezuela,Barquisimeto SC,Aragua FC,2026-10-07T22:30:00+00:00,25.2773,soccer.total_goals,period=ft,over,total=3,2.35
2026-10-08T00:04:43.361736+02:00,36666889,Copa Venezuela,Venezuela,Barquisimeto SC,Aragua FC,2026-10-07T22:30:00+00:00,25.2773,soccer.total_goals,period=ft,under,total=3,1.47
2026-10-08T00:04:43.361736+02:00,36666889,Copa Venezuela,Venezuela,Barquisimeto SC,Aragua FC,2026-10-07T22:30:00+00:00,25.2773,soccer.total_goals,period=ft,over,total=3.25,2.65
2026-10-08T00:04:43.361736+02:00,36666889,Copa Venezuela,Venezuela,Barquisimeto SC,Aragua FC,2026-10-07T22:30:00+00:00,25.2773,soccer.total_goals,period=ft,under,total=3.25,1.38
2026-10-08T00:04:43.361736+02:00,36667093,Copa Uruguay,Uruguay,Libertad,CA Bella Vista,2026-10-07T23:00:00+00:00,55.2773,soccer.asian_handicap,period=ft,home,handicap=0.75,1.89
2026-10-08T00:04:43.361736+02:00,36667093,Copa Uruguay,Uruguay,Libertad,CA Bella Vista,2026-10-07T23:00:00+00:00,55.2773,soccer.asian_handicap,period=ft,away,handicap=0.75,1.8
2026-10-08T00:04:43.361736+02:00,36667093,Copa Uruguay,Uruguay,Libertad,CA Bella Vista,2026-10-07T23:00:00+00:00,55.2773,soccer.asian_handicap,period=ft,home,handicap=0,3.35
2026-10-08T00:04:43.361736+02:00,36667093,Copa Uruguay,Uruguay,Libertad,CA Bella Vista,2026-10-07T23:00:00+00:00,55.2773,soccer.asian_handicap,period=ft,away,handicap=0,1.24
2026-10-08T00:04:43.361736+02:00,36667093,Copa Uruguay,Uruguay,Libertad,CA Bella Vista,2026-10-07T23:00:00+00:00,55.2773,soccer.asian_handicap,period=ft,home,handicap=0.25,2.5
2026-10-08T00:04:43.361736+02:00,36667093,Copa Uruguay,Uruguay,Libertad,CA Bella Vista,2026-10-07T23:00:00+00:00,55.2773,soccer.asian_handicap,period=ft,away,handicap=0.25,1.42
2026-10-08T00:04:43.361736+02:00,36667093,Copa Uruguay,Uruguay,Libertad,CA Bella Vista,2026-10-07T23:00:00+00:00,55.2773,soccer.asian_handicap,period=ft,home,handicap=0.5,2.12
2026-10-08T00:04:43.361736+02:00,36667093,Copa Uruguay,Uruguay,Libertad,CA Bella Vista,2026-10-07T23:00:00+00:00,55.2773,soccer.asian_handicap,period=ft,away,handicap=0.5,1.61
2026-10-08T00:04:43.361736+02:00,36667093,Copa Uruguay,Uruguay,Libertad,CA Bella Vista,2026-10-07T23:00:00+00:00,55.2773,soccer.asian_handicap,period=ft,home,handicap=1,1.63
2026-10-08T00:04:43.361736+02:00,36667093,Copa Uruguay,Uruguay,Libertad,CA Bella Vista,2026-10-07T23:00:00+00:00,55.2773,soccer.asian_handicap,period=ft,away,handicap=1,2.08
2026-10-08T00:04:43.361736+02:00,36667093,Copa Uruguay,Uruguay,Libertad,CA Bella Vista,2026-10-07T23:00:00+00:00,55.2773,soccer.asian_handicap,period=ft,home,handicap=1.25,1.47
2026-10-08T00:04:43.361736+02:00,36667093,Copa Uruguay,Uruguay,Libertad,CA Bella Vista,2026-10-07T23:00:00+00:00,55.2773,soccer.asian_handicap,period=ft,away,handicap=1.25,2.35
2026-10-08T00:04:43.361736+02:00,36667093,Copa Uruguay,Uruguay,Libertad,CA Bella Vista,2026-10-07T23:00:00+00:00,55.2773,soccer.asian_handicap,period=ft,home,handicap=1.5,1.38
2026-10-08T00:04:43.361736+02:00,36667093,Copa Uruguay,Uruguay,Libertad,CA Bella Vista,2026-10-07T23:00:00+00:00,55.2773,soccer.asian_handicap,period=ft,away,handicap=1.5,2.65
2026-10-08T00:04:43.361736+02:00,36667093,Copa Uruguay,Uruguay,Libertad,CA Bella Vista,2026-10-07T23:00:00+00:00,55.2773,soccer.match_odds,period=ft,home,,4.35
2026-10-08T00:04:43.361736+02:00,36667093,Copa Uruguay,Uruguay,Libertad,CA Bella Vista,2026-10-07T23:00:00+00:00,55.2773,soccer.match_odds,period=ft,draw,,3.55
2026-10-08T00:04:43.361736+02:00,36667093,Copa Uruguay,Uruguay,Libertad,CA Bella Vista,2026-10-07T23:00:00+00:00,55.2773,soccer.match_odds,period=ft,away,,1.62
2026-10-08T00:04:43.361736+02:00,36667093,Copa Uruguay,Uruguay,Libertad,CA Bella Vista,2026-10-07T23:00:00+00:00,55.2773,soccer.total_goals,period=ft,over,total=2.5,1.8
2026-10-08T00:04:43.361736+02:00,36667093,Copa Uruguay,Uruguay,Libertad,CA Bella Vista,2026-10-07T23:00:00+00:00,55.2773,soccer.total_goals,period=ft,under,total=2.5,1.89
2026-10-08T00:04:43.361736+02:00,36667093,Copa Uruguay,Uruguay,Libertad,CA Bella Vista,2026-10-07T23:00:00+00:00,55.2773,soccer.total_goals,period=ft,over,total=1.75,1.29
2026-10-08T00:04:43.361736+02:00,36667093,Copa Uruguay,Uruguay,Libertad,CA Bella Vista,2026-10-07T23:00:00+00:00,55.2773,soccer.total_goals,period=ft,under,total=1.75,3.05
2026-10-08T00:04:43.361736+02:00,36667093,Copa Uruguay,Uruguay,Libertad,CA Bella Vista,2026-10-07T23:00:00+00:00,55.2773,soccer.total_goals,period=ft,over,total=2,1.37
2026-10-08T00:04:43.361736+02:00,36667093,Copa Uruguay,Uruguay,Libertad,CA Bella Vista,2026-10-07T23:00:00+00:00,55.2773,soccer.total_goals,period=ft,under,total=2,2.65
2026-10-08T00:04:43.361736+02:00,36667093,Copa Uruguay,Uruguay,Libertad,CA Bella Vista,2026-10-07T23:00:00+00:00,55.2773,soccer.total_goals,period=ft,over,total=2.25,1.59
2026-10-08T00:04:43.361736+02:00,36667093,Copa Uruguay,Uruguay,Libertad,CA Bella Vista,2026-10-07T23:00:00+00:00,55.2773,soccer.total_goals,period=ft,under,total=2.25,2.17
2026-10-08T00:04:43.361736+02:00,36667093,Copa Uruguay,Uruguay,Libertad,CA Bella Vista,2026-10-07T23:00:00+00:00,55.2773,soccer.total_goals,period=ft,over,total=2.75,2.01
2026-10-08T00:04:43.361736+02:00,36667093,Copa Uruguay,Uruguay,Libertad,CA Bella Vista,2026-10-07T23:00:00+00:00,55.2773,soccer.total_goals,period=ft,under,total=2.75,1.69
2026-10-08T00:04:43.361736+02:00,36667093,Copa Uruguay,Uruguay,Libertad,CA Bella Vista,2026-10-07T23:00:00+00:00,55.2773,soccer.total_goals,period=ft,over,total=3,2.3
2026-10-08T00:04:43.361736+02:00,36667093,Copa Uruguay,Uruguay,Libertad,CA Bella Vista,2026-10-07T23:00:00+00:00,55.2773,soccer.total_goals,period=ft,under,total=3,1.49
2026-10-08T00:04:43.361736+02:00,36667093,Copa Uruguay,Uruguay,Libertad,CA Bella Vista,2026-10-07T23:00:00+00:00,55.2773,soccer.total_goals,period=ft,over,total=3.25,2.6
2026-10-08T00:04:43.361736+02:00,36667093,Copa Uruguay,Uruguay,Libertad,CA Bella Vista,2026-10-07T23:00:00+00:00,55.2773,soccer.total_goals,period=ft,under,total=3.25,1.39
2026-10-08T00:04:43.361736+02:00,36657172,Copa Uruguay,Uruguay,Plaza Colonia,CA Juventud de Las Piedras,2026-10-07T23:00:00+00:00,55.2773,soccer.asian_handicap,period=ft,home,handicap=0.25,1.81
2026-10-08T00:04:43.361736+02:00,36657172,Copa Uruguay,Uruguay,Plaza Colonia,CA Juventud de Las Piedras,2026-10-07T23:00:00+00:00,55.2773,soccer.asian_handicap,period=ft,away,handicap=0.25,1.93
2026-10-08T00:04:43.361736+02:00,36657172,Copa Uruguay,Uruguay,Plaza Colonia,CA Juventud de Las Piedras,2026-10-07T23:00:00+00:00,55.2773,soccer.asian_handicap,period=ft,home,handicap=-0.5,3.15
2026-10-08T00:04:43.361736+02:00,36657172,Copa Uruguay,Uruguay,Plaza Colonia,CA Juventud de Las Piedras,2026-10-07T23:00:00+00:00,55.2773,soccer.asian_handicap,period=ft,away,handicap=-0.5,1.29
2026-10-08T00:04:43.361736+02:00,36657172,Copa Uruguay,Uruguay,Plaza Colonia,CA Juventud de Las Piedras,2026-10-07T23:00:00+00:00,55.2773,soccer.asian_handicap,period=ft,home,handicap=-0.25,2.7
2026-10-08T00:04:43.361736+02:00,36657172,Copa Uruguay,Uruguay,Plaza Colonia,CA Juventud de Las Piedras,2026-10-07T23:00:00+00:00,55.2773,soccer.asian_handicap,period=ft,away,handicap=-0.25,1.39
2026-10-08T00:04:43.361736+02:00,36657172,Copa Uruguay,Uruguay,Plaza Colonia,CA Juventud de Las Piedras,2026-10-07T23:00:00+00:00,55.2773,soccer.asian_handicap,period=ft,home,handicap=0,2.25
2026-10-08T00:04:43.361736+02:00,36657172,Copa Uruguay,Uruguay,Plaza Colonia,CA Juventud de Las Piedras,2026-10-07T23:00:00+00:00,55.2773,soccer.asian_handicap,period=ft,away,handicap=0,1.57
2026-10-08T00:04:43.361736+02:00,36657172,Copa Uruguay,Uruguay,Plaza Colonia,CA Juventud de Las Piedras,2026-10-07T23:00:00+00:00,55.2773,soccer.asian_handicap,period=ft,home,handicap=0.5,1.57
2026-10-08T00:04:43.361736+02:00,36657172,Copa Uruguay,Uruguay,Plaza Colonia,CA Juventud de Las Piedras,2026-10-07T23:00:00+00:00,55.2773,soccer.asian_handicap,period=ft,away,handicap=0.5,2.25
2026-10-08T00:04:43.361736+02:00,36657172,Copa Uruguay,Uruguay,Plaza Colonia,CA Juventud de Las Piedras,2026-10-07T23:00:00+00:00,55.2773,soccer.asian_handicap,period=ft,home,handicap=0.75,1.4
2026-10-08T00:04:43.361736+02:00,36657172,Copa Uruguay,Uruguay,Plaza Colonia,CA Juventud de Las Piedras,2026-10-07T23:00:00+00:00,55.2773,soccer.asian_handicap,period=ft,away,handicap=0.75,2.65
2026-10-08T00:04:43.361736+02:00,36657172,Copa Uruguay,Uruguay,Plaza Colonia,CA Juventud de Las Piedras,2026-10-07T23:00:00+00:00,55.2773,soccer.asian_handicap,period=ft,home,handicap=1,1.23
2026-10-08T00:04:43.361736+02:00,36657172,Copa Uruguay,Uruguay,Plaza Colonia,CA Juventud de Las Piedras,2026-10-07T23:00:00+00:00,55.2773,soccer.asian_handicap,period=ft,away,handicap=1,3.65
2026-10-08T00:04:43.361736+02:00,36657172,Copa Uruguay,Uruguay,Plaza Colonia,CA Juventud de Las Piedras,2026-10-07T23:00:00+00:00,55.2773,soccer.double_chance,period=ft,draw_away,,1.35
2026-10-08T00:04:43.361736+02:00,36657172,Copa Uruguay,Uruguay,Plaza Colonia,CA Juventud de Las Piedras,2026-10-07T23:00:00+00:00,55.2773,soccer.double_chance,period=ft,home_away,,1.39
2026-10-08T00:04:43.361736+02:00,36657172,Copa Uruguay,Uruguay,Plaza Colonia,CA Juventud de Las Piedras,2026-10-07T23:00:00+00:00,55.2773,soccer.double_chance,period=ft,home_draw,,1.57
2026-10-08T00:04:43.361736+02:00,36657172,Copa Uruguay,Uruguay,Plaza Colonia,CA Juventud de Las Piedras,2026-10-07T23:00:00+00:00,55.2773,soccer.match_odds,period=ft,home,,3.2
2026-10-08T00:04:43.361736+02:00,36657172,Copa Uruguay,Uruguay,Plaza Colonia,CA Juventud de Las Piedras,2026-10-07T23:00:00+00:00,55.2773,soccer.match_odds,period=ft,draw,,2.8
2026-10-08T00:04:43.361736+02:00,36657172,Copa Uruguay,Uruguay,Plaza Colonia,CA Juventud de Las Piedras,2026-10-07T23:00:00+00:00,55.2773,soccer.match_odds,period=ft,away,,2.25
2026-10-08T00:04:43.361736+02:00,36657172,Copa Uruguay,Uruguay,Plaza Colonia,CA Juventud de Las Piedras,2026-10-07T23:00:00+00:00,55.2773,soccer.total_goals,period=ft,over,total=2,1.78
2026-10-08T00:04:43.361736+02:00,36657172,Copa Uruguay,Uruguay,Plaza Colonia,CA Juventud de Las Piedras,2026-10-07T23:00:00+00:00,55.2773,soccer.total_goals,period=ft,under,total=2,1.98
2026-10-08T00:04:43.361736+02:00,36657172,Copa Uruguay,Uruguay,Plaza Colonia,CA Juventud de Las Piedras,2026-10-07T23:00:00+00:00,55.2773,soccer.total_goals,period=ft,over,total=1.25,1.26
2026-10-08T00:04:43.361736+02:00,36657172,Copa Uruguay,Uruguay,Plaza Colonia,CA Juventud de Las Piedras,2026-10-07T23:00:00+00:00,55.2773,soccer.total_goals,period=ft,under,total=1.25,3.35
2026-10-08T00:04:43.361736+02:00,36657172,Copa Uruguay,Uruguay,Plaza Colonia,CA Juventud de Las Piedras,2026-10-07T23:00:00+00:00,55.2773,soccer.total_goals,period=ft,over,total=1.5,1.42
2026-10-08T00:04:43.361736+02:00,36657172,Copa Uruguay,Uruguay,Plaza Colonia,CA Juventud de Las Piedras,2026-10-07T23:00:00+00:00,55.2773,soccer.total_goals,period=ft,under,total=1.5,2.6
2026-10-08T00:04:43.361736+02:00,36657172,Copa Uruguay,Uruguay,Plaza Colonia,CA Juventud de Las Piedras,2026-10-07T23:00:00+00:00,55.2773,soccer.total_goals,period=ft,over,total=1.75,1.55
2026-10-08T00:04:43.361736+02:00,36657172,Copa Uruguay,Uruguay,Plaza Colonia,CA Juventud de Las Piedras,2026-10-07T23:00:00+00:00,55.2773,soccer.total_goals,period=ft,under,total=1.75,2.3
2026-10-08T00:04:43.361736+02:00,36657172,Copa Uruguay,Uruguay,Plaza Colonia,CA Juventud de Las Piedras,2026-10-07T23:00:00+00:00,55.2773,soccer.total_goals,period=ft,over,total=2.25,2.08
2026-10-08T00:04:43.361736+02:00,36657172,Copa Uruguay,Uruguay,Plaza Colonia,CA Juventud de Las Piedras,2026-10-07T23:00:00+00:00,55.2773,soccer.total_goals,period=ft,under,total=2.25,1.67
2026-10-08T00:04:43.361736+02:00,36657172,Copa Uruguay,Uruguay,Plaza Colonia,CA Juventud de Las Piedras,2026-10-07T23:00:00+00:00,55.2773,soccer.total_goals,period=ft,over,total=2.5,2.35
2026-10-08T00:04:43.361736+02:00,36657172,Copa Uruguay,Uruguay,Plaza Colonia,CA Juventud de Las Piedras,2026-10-07T23:00:00+00:00,55.2773,soccer.total_goals,period=ft,under,total=2.5,1.5
2026-10-08T00:04:43.361736+02:00,36657172,Copa Uruguay,Uruguay,Plaza Colonia,CA Juventud de Las Piedras,2026-10-07T23:00:00+00:00,55.2773,soccer.total_goals,period=ft,over,total=2.75,2.8
2026-10-08T00:04:43.361736+02:00,36657172,Copa Uruguay,Uruguay,Plaza Colonia,CA Juventud de Las Piedras,2026-10-07T23:00:00+00:00,55.2773,soccer.total_goals,period=ft,under,total=2.75,1.36
2026-10-08T00:04:43.361736+02:00,36609416,Brasileiro Serie B,Brazil,Avai FC SC,Londrina EC PR,2026-10-07T22:30:00+00:00,25.2773,soccer.asian_handicap,period=ft,home,handicap=-0.25,1.89
2026-10-08T00:04:43.361736+02:00,36609416,Brasileiro Serie B,Brazil,Avai FC SC,Londrina EC PR,2026-10-07T22:30:00+00:00,25.2773,soccer.asian_handicap,period=ft,away,handicap=-0.25,1.94
2026-10-08T00:04:43.361736+02:00,36609416,Brasileiro Serie B,Brazil,Avai FC SC,Londrina EC PR,2026-10-07T22:30:00+00:00,25.2773,soccer.asian_handicap,period=ft,home,handicap=-1.25,4.05
2026-10-08T00:04:43.361736+02:00,36609416,Brasileiro Serie B,Brazil,Avai FC SC,Londrina EC PR,2026-10-07T22:30:00+00:00,25.2773,soccer.asian_handicap,period=ft,away,handicap=-1.25,1.24
2026-10-08T00:04:43.361736+02:00,36609416,Brasileiro Serie B,Brazil,Avai FC SC,Londrina EC PR,2026-10-07T22:30:00+00:00,25.2773,soccer.asian_handicap,period=ft,home,handicap=-1,3.55
2026-10-08T00:04:43.361736+02:00,36609416,Brasileiro Serie B,Brazil,Avai FC SC,Londrina EC PR,2026-10-07T22:30:00+00:00,25.2773,soccer.asian_handicap,period=ft,away,handicap=-1,1.29
2026-10-08T00:04:43.361736+02:00,36609416,Brasileiro Serie B,Brazil,Avai FC SC,Londrina EC PR,2026-10-07T22:30:00+00:00,25.2773,soccer.asian_handicap,period=ft,home,handicap=-0.75,2.65
2026-10-08T00:04:43.361736+02:00,36609416,Brasileiro Serie B,Brazil,Avai FC SC,Londrina EC PR,2026-10-07T22:30:00+00:00,25.2773,soccer.asian_handicap,period=ft,away,handicap=-0.75,1.48
2026-10-08T00:04:43.361736+02:00,36609416,Brasileiro Serie B,Brazil,Avai FC SC,Londrina EC PR,2026-10-07T22:30:00+00:00,25.2773,soccer.asian_handicap,period=ft,home,handicap=-0.5,2.2
2026-10-08T00:04:43.361736+02:00,36609416,Brasileiro Serie B,Brazil,Avai FC SC,Londrina EC PR,2026-10-07T22:30:00+00:00,25.2773,soccer.asian_handicap,period=ft,away,handicap=-0.5,1.67
2026-10-08T00:04:43.361736+02:00,36609416,Brasileiro Serie B,Brazil,Avai FC SC,Londrina EC PR,2026-10-07T22:30:00+00:00,25.2773,soccer.asian_handicap,period=ft,home,handicap=0,1.55
2026-10-08T00:04:43.361736+02:00,36609416,Brasileiro Serie B,Brazil,Avai FC SC,Londrina EC PR,2026-10-07T22:30:00+00:00,25.2773,soccer.asian_handicap,period=ft,away,handicap=0,2.45
2026-10-08T00:04:43.361736+02:00,36609416,Brasileiro Serie B,Brazil,Avai FC SC,Londrina EC PR,2026-10-07T22:30:00+00:00,25.2773,soccer.asian_handicap,period=ft,home,handicap=0.25,1.4
2026-10-08T00:04:43.361736+02:00,36609416,Brasileiro Serie B,Brazil,Avai FC SC,Londrina EC PR,2026-10-07T22:30:00+00:00,25.2773,soccer.asian_handicap,period=ft,away,handicap=0.25,3.0
2026-10-08T00:04:43.361736+02:00,36609416,Brasileiro Serie B,Brazil,Avai FC SC,Londrina EC PR,2026-10-07T22:30:00+00:00,25.2773,soccer.asian_handicap,period=ft,home,handicap=0.5,1.3
2026-10-08T00:04:43.361736+02:00,36609416,Brasileiro Serie B,Brazil,Avai FC SC,Londrina EC PR,2026-10-07T22:30:00+00:00,25.2773,soccer.asian_handicap,period=ft,away,handicap=0.5,3.45
2026-10-08T00:04:43.361736+02:00,36609416,Brasileiro Serie B,Brazil,Avai FC SC,Londrina EC PR,2026-10-07T22:30:00+00:00,25.2773,soccer.asian_handicap,period=ft,home,handicap=0.75,1.19
2026-10-08T00:04:43.361736+02:00,36609416,Brasileiro Serie B,Brazil,Avai FC SC,Londrina EC PR,2026-10-07T22:30:00+00:00,25.2773,soccer.asian_handicap,period=ft,away,handicap=0.75,4.6
2026-10-08T00:04:43.361736+02:00,36609416,Brasileiro Serie B,Brazil,Avai FC SC,Londrina EC PR,2026-10-07T22:30:00+00:00,25.2773,soccer.double_chance,period=ft,draw_away,,1.66
2026-10-08T00:04:43.361736+02:00,36609416,Brasileiro Serie B,Brazil,Avai FC SC,Londrina EC PR,2026-10-07T22:30:00+00:00,25.2773,soccer.double_chance,period=ft,home_away,,1.36
2026-10-08T00:04:43.361736+02:00,36609416,Brasileiro Serie B,Brazil,Avai FC SC,Londrina EC PR,2026-10-07T22:30:00+00:00,25.2773,soccer.double_chance,period=ft,home_draw,,1.3
2026-10-08T00:04:43.361736+02:00,36609416,Brasileiro Serie B,Brazil,Avai FC SC,Londrina EC PR,2026-10-07T22:30:00+00:00,25.2773,soccer.match_odds,period=ft,home,,2.2
2026-10-08T00:04:43.361736+02:00,36609416,Brasileiro Serie B,Brazil,Avai FC SC,Londrina EC PR,2026-10-07T22:30:00+00:00,25.2773,soccer.match_odds,period=ft,draw,,3.1
2026-10-08T00:04:43.361736+02:00,36609416,Brasileiro Serie B,Brazil,Avai FC SC,Londrina EC PR,2026-10-07T22:30:00+00:00,25.2773,soccer.match_odds,period=ft,away,,3.5
2026-10-08T00:04:43.361736+02:00,36609416,Brasileiro Serie B,Brazil,Avai FC SC,Londrina EC PR,2026-10-07T22:30:00+00:00,25.2773,soccer.total_goals,period=ft,over,total=2.25,2.03
2026-10-08T00:04:43.361736+02:00,36609416,Brasileiro Serie B,Brazil,Avai FC SC,Londrina EC PR,2026-10-07T22:30:00+00:00,25.2773,soccer.total_goals,period=ft,under,total=2.25,1.8
2026-10-08T00:04:43.361736+02:00,36609416,Brasileiro Serie B,Brazil,Avai FC SC,Londrina EC PR,2026-10-07T22:30:00+00:00,25.2773,soccer.total_goals,period=ft,over,total=1.5,1.41
2026-10-08T00:04:43.361736+02:00,36609416,Brasileiro Serie B,Brazil,Avai FC SC,Londrina EC PR,2026-10-07T22:30:00+00:00,25.2773,soccer.total_goals,period=ft,under,total=1.5,2.85
2026-10-08T00:04:43.361736+02:00,36609416,Brasileiro Serie B,Brazil,Avai FC SC,Londrina EC PR,2026-10-07T22:30:00+00:00,25.2773,soccer.total_goals,period=ft,over,total=1.75,1.53
2026-10-08T00:04:43.361736+02:00,36609416,Brasileiro Serie B,Brazil,Avai FC SC,Londrina EC PR,2026-10-07T22:30:00+00:00,25.2773,soccer.total_goals,period=ft,under,total=1.75,2.5
2026-10-08T00:04:43.361736+02:00,36609416,Brasileiro Serie B,Brazil,Avai FC SC,Londrina EC PR,2026-10-07T22:30:00+00:00,25.2773,soccer.total_goals,period=ft,over,total=2,1.72
2026-10-08T00:04:43.361736+02:00,36609416,Brasileiro Serie B,Brazil,Avai FC SC,Londrina EC PR,2026-10-07T22:30:00+00:00,25.2773,soccer.total_goals,period=ft,under,total=2,2.13
2026-10-08T00:04:43.361736+02:00,36609416,Brasileiro Serie B,Brazil,Avai FC SC,Londrina EC PR,2026-10-07T22:30:00+00:00,25.2773,soccer.total_goals,period=ft,over,total=2.5,2.3
2026-10-08T00:04:43.361736+02:00,36609416,Brasileiro Serie B,Brazil,Avai FC SC,Londrina EC PR,2026-10-07T22:30:00+00:00,25.2773,soccer.total_goals,period=ft,under,total=2.5,1.6
2026-10-08T00:04:43.361736+02:00,36609416,Brasileiro Serie B,Brazil,Avai FC SC,Londrina EC PR,2026-10-07T22:30:00+00:00,25.2773,soccer.total_goals,period=ft,over,total=2.75,2.75
2026-10-08T00:04:43.361736+02:00,36609416,Brasileiro Serie B,Brazil,Avai FC SC,Londrina EC PR,2026-10-07T22:30:00+00:00,25.2773,soccer.total_goals,period=ft,under,total=2.75,1.45
2026-10-08T00:04:43.361736+02:00,36609416,Brasileiro Serie B,Brazil,Avai FC SC,Londrina EC PR,2026-10-07T22:30:00+00:00,25.2773,soccer.total_goals,period=ft,over,total=3.5,4.3
2026-10-08T00:04:43.361736+02:00,36609416,Brasileiro Serie B,Brazil,Avai FC SC,Londrina EC PR,2026-10-07T22:30:00+00:00,25.2773,soccer.total_goals,period=ft,under,total=3.5,1.21
2026-10-08T00:04:43.361736+02:00,36609397,Brasileiro Serie B,Brazil,Operario Ferroviario EC PR,Botafogo FC SP,2026-10-07T22:30:00+00:00,25.2773,soccer.asian_handicap,period=ft,home,handicap=-0.25,1.88
2026-10-08T00:04:43.361736+02:00,36609397,Brasileiro Serie B,Brazil,Operario Ferroviario EC PR,Botafogo FC SP,2026-10-07T22:30:00+00:00,25.2773,soccer.asian_handicap,period=ft,away,handicap=-0.25,1.96
2026-10-08T00:04:43.361736+02:00,36609397,Brasileiro Serie B,Brazil,Operario Ferroviario EC PR,Botafogo FC SP,2026-10-07T22:30:00+00:00,25.2773,soccer.asian_handicap,period=ft,home,handicap=-1.25,3.9
2026-10-08T00:04:43.361736+02:00,36609397,Brasileiro Serie B,Brazil,Operario Ferroviario EC PR,Botafogo FC SP,2026-10-07T22:30:00+00:00,25.2773,soccer.asian_handicap,period=ft,away,handicap=-1.25,1.25
2026-10-08T00:04:43.361736+02:00,36609397,Brasileiro Serie B,Brazil,Operario Ferroviario EC PR,Botafogo FC SP,2026-10-07T22:30:00+00:00,25.2773,soccer.asian_handicap,period=ft,home,handicap=-1,3.45
2026-10-08T00:04:43.361736+02:00,36609397,Brasileiro Serie B,Brazil,Operario Ferroviario EC PR,Botafogo FC SP,2026-10-07T22:30:00+00:00,25.2773,soccer.asian_handicap,period=ft,away,handicap=-1,1.31
2026-10-08T00:04:43.361736+02:00,36609397,Brasileiro Serie B,Brazil,Operario Ferroviario EC PR,Botafogo FC SP,2026-10-07T22:30:00+00:00,25.2773,soccer.asian_handicap,period=ft,home,handicap=-0.75,2.6
2026-10-08T00:04:43.361736+02:00,36609397,Brasileiro Serie B,Brazil,Operario Ferroviario EC PR,Botafogo FC SP,2026-10-07T22:30:00+00:00,25.2773,soccer.asian_handicap,period=ft,away,handicap=-0.75,1.5
2026-10-08T00:04:43.361736+02:00,36609397,Brasileiro Serie B,Brazil,Operario Ferroviario EC PR,Botafogo FC SP,2026-10-07T22:30:00+00:00,25.2773,soccer.asian_handicap,period=ft,home,handicap=-0.5,2.19
2026-10-08T00:04:43.361736+02:00,36609397,Brasileiro Serie B,Brazil,Operario Ferroviario EC PR,Botafogo FC SP,2026-10-07T22:30:00+00:00,25.2773,soccer.asian_handicap,period=ft,away,handicap=-0.5,1.69
2026-10-08T00:04:43.361736+02:00,36609397,Brasileiro Serie B,Brazil,Operario Ferroviario EC PR,Botafogo FC SP,2026-10-07T22:30:00+00:00,25.2773,soccer.asian_handicap,period=ft,home,handicap=0,1.55
2026-10-08T00:04:43.361736+02:00,36609397,Brasileiro Serie B,Brazil,Operario Ferroviario EC PR,Botafogo FC SP,2026-10-07T22:30:00+00:00,25.2773,soccer.asian_handicap,period=ft,away,handicap=0,2.45
2026-10-08T00:04:43.361736+02:00,36609397,Brasileiro Serie B,Brazil,Operario Ferroviario EC PR,Botafogo FC SP,2026-10-07T22:30:00+00:00,25.2773,soccer.asian_handicap,period=ft,home,handicap=0.25,1.4
2026-10-08T00:04:43.361736+02:00,36609397,Brasileiro Serie B,Brazil,Operario Ferroviario EC PR,Botafogo FC SP,2026-10-07T22:30:00+00:00,25.2773,soccer.asian_handicap,period=ft,away,handicap=0.25,2.95
2026-10-08T00:04:43.361736+02:00,36609397,Brasileiro Serie B,Brazil,Operario Ferroviario EC PR,Botafogo FC SP,2026-10-07T22:30:00+00:00,25.2773,soccer.asian_handicap,period=ft,home,handicap=0.5,1.31
2026-10-08T00:04:43.361736+02:00,36609397,Brasileiro Serie B,Brazil,Operario Ferroviario EC PR,Botafogo FC SP,2026-10-07T22:30:00+00:00,25.2773,soccer.asian_handicap,period=ft,away,handicap=0.5,3.4
2026-10-08T00:04:43.361736+02:00,36609397,Brasileiro Serie B,Brazil,Operario Ferroviario EC PR,Botafogo FC SP,2026-10-07T22:30:00+00:00,25.2773,soccer.asian_handicap,period=ft,home,handicap=0.75,1.2
2026-10-08T00:04:43.361736+02:00,36609397,Brasileiro Serie B,Brazil,Operario Ferroviario EC PR,Botafogo FC SP,2026-10-07T22:30:00+00:00,25.2773,soccer.asian_handicap,period=ft,away,handicap=0.75,4.55
2026-10-08T00:04:43.361736+02:00,36609397,Brasileiro Serie B,Brazil,Operario Ferroviario EC PR,Botafogo FC SP,2026-10-07T22:30:00+00:00,25.2773,soccer.double_chance,period=ft,draw_away,,1.68
2026-10-08T00:04:43.361736+02:00,36609397,Brasileiro Serie B,Brazil,Operario Ferroviario EC PR,Botafogo FC SP,2026-10-07T22:30:00+00:00,25.2773,soccer.double_chance,period=ft,home_away,,1.34
2026-10-08T00:04:43.361736+02:00,36609397,Brasileiro Serie B,Brazil,Operario Ferroviario EC PR,Botafogo FC SP,2026-10-07T22:30:00+00:00,25.2773,soccer.double_chance,period=ft,home_draw,,1.31
2026-10-08T00:04:43.361736+02:00,36609397,Brasileiro Serie B,Brazil,Operario Ferroviario EC PR,Botafogo FC SP,2026-10-07T22:30:00+00:00,25.2773,soccer.match_odds,period=ft,home,,2.19
2026-10-08T00:04:43.361736+02:00,36609397,Brasileiro Serie B,Brazil,Operario Ferroviario EC PR,Botafogo FC SP,2026-10-07T22:30:00+00:00,25.2773,soccer.match_odds,period=ft,draw,,3.25
2026-10-08T00:04:43.361736+02:00,36609397,Brasileiro Serie B,Brazil,Operario Ferroviario EC PR,Botafogo FC SP,2026-10-07T22:30:00+00:00,25.2773,soccer.match_odds,period=ft,away,,3.45
2026-10-08T00:04:43.361736+02:00,36609397,Brasileiro Serie B,Brazil,Operario Ferroviario EC PR,Botafogo FC SP,2026-10-07T22:30:00+00:00,25.2773,soccer.total_goals,period=ft,over,total=2.25,1.96
2026-10-08T00:04:43.361736+02:00,36609397,Brasileiro Serie B,Brazil,Operario Ferroviario EC PR,Botafogo FC SP,2026-10-07T22:30:00+00:00,25.2773,soccer.total_goals,period=ft,under,total=2.25,1.87
2026-10-08T00:04:43.361736+02:00,36609397,Brasileiro Serie B,Brazil,Operario Ferroviario EC PR,Botafogo FC SP,2026-10-07T22:30:00+00:00,25.2773,soccer.total_goals,period=ft,over,total=1.5,1.38
2026-10-08T00:04:43.361736+02:00,36609397,Brasileiro Serie B,Brazil,Operario Ferroviario EC PR,Botafogo FC SP,2026-10-07T22:30:00+00:00,25.2773,soccer.total_goals,period=ft,under,total=1.5,2.95
2026-10-08T00:04:43.361736+02:00,36609397,Brasileiro Serie B,Brazil,Operario Ferroviario EC PR,Botafogo FC SP,2026-10-07T22:30:00+00:00,25.2773,soccer.total_goals,period=ft,over,total=1.75,1.49
2026-10-08T00:04:43.361736+02:00,36609397,Brasileiro Serie B,Brazil,Operario Ferroviario EC PR,Botafogo FC SP,2026-10-07T22:30:00+00:00,25.2773,soccer.total_goals,period=ft,under,total=1.75,2.6
2026-10-08T00:04:43.361736+02:00,36609397,Brasileiro Serie B,Brazil,Operario Ferroviario EC PR,Botafogo FC SP,2026-10-07T22:30:00+00:00,25.2773,soccer.total_goals,period=ft,over,total=2,1.65
2026-10-08T00:04:43.361736+02:00,36609397,Brasileiro Serie B,Brazil,Operario Ferroviario EC PR,Botafogo FC SP,2026-10-07T22:30:00+00:00,25.2773,soccer.total_goals,period=ft,under,total=2,2.2
2026-10-08T00:04:43.361736+02:00,36609397,Brasileiro Serie B,Brazil,Operario Ferroviario EC PR,Botafogo FC SP,2026-10-07T22:30:00+00:00,25.2773,soccer.total_goals,period=ft,over,total=2.5,2.2
2026-10-08T00:04:43.361736+02:00,36609397,Brasileiro Serie B,Brazil,Operario Ferroviario EC PR,Botafogo FC SP,2026-10-07T22:30:00+00:00,25.2773,soccer.total_goals,period=ft,under,total=2.5,1.65
2026-10-08T00:04:43.361736+02:00,36609397,Brasileiro Serie B,Brazil,Operario Ferroviario EC PR,Botafogo FC SP,2026-10-07T22:30:00+00:00,25.2773,soccer.total_goals,period=ft,over,total=2.75,2.6
2026-10-08T00:04:43.361736+02:00,36609397,Brasileiro Serie B,Brazil,Operario Ferroviario EC PR,Botafogo FC SP,2026-10-07T22:30:00+00:00,25.2773,soccer.total_goals,period=ft,under,total=2.75,1.49
2026-10-08T00:04:43.361736+02:00,36609397,Brasileiro Serie B,Brazil,Operario Ferroviario EC PR,Botafogo FC SP,2026-10-07T22:30:00+00:00,25.2773,soccer.total_goals,period=ft,over,total=3.5,4.15
2026-10-08T00:04:43.361736+02:00,36609397,Brasileiro Serie B,Brazil,Operario Ferroviario EC PR,Botafogo FC SP,2026-10-07T22:30:00+00:00,25.2773,soccer.total_goals,period=ft,under,total=3.5,1.22
2026-10-08T00:04:43.361736+02:00,36609422,Brasileiro Serie B,Brazil,America FC MG,Fortaleza EC CE,2026-10-07T23:30:00+00:00,85.2773,soccer.asian_handicap,period=ft,home,handicap=0.5,1.91
2026-10-08T00:04:43.361736+02:00,36609422,Brasileiro Serie B,Brazil,America FC MG,Fortaleza EC CE,2026-10-07T23:30:00+00:00,85.2773,soccer.asian_handicap,period=ft,away,handicap=0.5,1.93
2026-10-08T00:04:43.361736+02:00,36609422,Brasileiro Serie B,Brazil,America FC MG,Fortaleza EC CE,2026-10-07T23:30:00+00:00,85.2773,soccer.asian_handicap,period=ft,home,handicap=-0.5,4.0
2026-10-08T00:04:43.361736+02:00,36609422,Brasileiro Serie B,Brazil,America FC MG,Fortaleza EC CE,2026-10-07T23:30:00+00:00,85.2773,soccer.asian_handicap,period=ft,away,handicap=-0.5,1.24
2026-10-08T00:04:43.361736+02:00,36609422,Brasileiro Serie B,Brazil,America FC MG,Fortaleza EC CE,2026-10-07T23:30:00+00:00,85.2773,soccer.asian_handicap,period=ft,home,handicap=-0.25,3.45
2026-10-08T00:04:43.361736+02:00,36609422,Brasileiro Serie B,Brazil,America FC MG,Fortaleza EC CE,2026-10-07T23:30:00+00:00,85.2773,soccer.asian_handicap,period=ft,away,handicap=-0.25,1.3
2026-10-08T00:04:43.361736+02:00,36609422,Brasileiro Serie B,Brazil,America FC MG,Fortaleza EC CE,2026-10-07T23:30:00+00:00,85.2773,soccer.asian_handicap,period=ft,home,handicap=0,2.95
2026-10-08T00:04:43.361736+02:00,36609422,Brasileiro Serie B,Brazil,America FC MG,Fortaleza EC CE,2026-10-07T23:30:00+00:00,85.2773,soccer.asian_handicap,period=ft,away,handicap=0,1.4
2026-10-08T00:04:43.361736+02:00,36609422,Brasileiro Serie B,Brazil,America FC MG,Fortaleza EC CE,2026-10-07T23:30:00+00:00,85.2773,soccer.asian_handicap,period=ft,home,handicap=0.25,2.25
2026-10-08T00:04:43.361736+02:00,36609422,Brasileiro Serie B,Brazil,America FC MG,Fortaleza EC CE,2026-10-07T23:30:00+00:00,85.2773,soccer.asian_handicap,period=ft,away,handicap=0.25,1.66
2026-10-08T00:04:43.361736+02:00,36609422,Brasileiro Serie B,Brazil,America FC MG,Fortaleza EC CE,2026-10-07T23:30:00+00:00,85.2773,soccer.asian_handicap,period=ft,home,handicap=0.75,1.66
2026-10-08T00:04:43.361736+02:00,36609422,Brasileiro Serie B,Brazil,America FC MG,Fortaleza EC CE,2026-10-07T23:30:00+00:00,85.2773,soccer.asian_handicap,period=ft,away,handicap=0.75,2.2
2026-10-08T00:04:43.361736+02:00,36609422,Brasileiro Serie B,Brazil,America FC MG,Fortaleza EC CE,2026-10-07T23:30:00+00:00,85.2773,soccer.asian_handicap,period=ft,home,handicap=1,1.42
2026-10-08T00:04:43.361736+02:00,36609422,Brasileiro Serie B,Brazil,America FC MG,Fortaleza EC CE,2026-10-07T23:30:00+00:00,85.2773,soccer.asian_handicap,period=ft,away,handicap=1,2.85
2026-10-08T00:04:43.361736+02:00,36609422,Brasileiro Serie B,Brazil,America FC MG,Fortaleza EC CE,2026-10-07T23:30:00+00:00,85.2773,soccer.asian_handicap,period=ft,home,handicap=1.25,1.33
2026-10-08T00:04:43.361736+02:00,36609422,Brasileiro Serie B,Brazil,America FC MG,Fortaleza EC CE,2026-10-07T23:30:00+00:00,85.2773,soccer.asian_handicap,period=ft,away,handicap=1.25,3.3
2026-10-08T00:04:43.361736+02:00,36609422,Brasileiro Serie B,Brazil,America FC MG,Fortaleza EC CE,2026-10-07T23:30:00+00:00,85.2773,soccer.asian_handicap,period=ft,home,handicap=1.5,1.27
2026-10-08T00:04:43.361736+02:00,36609422,Brasileiro Serie B,Brazil,America FC MG,Fortaleza EC CE,2026-10-07T23:30:00+00:00,85.2773,soccer.asian_handicap,period=ft,away,handicap=1.5,3.75
2026-10-08T00:04:43.361736+02:00,36609422,Brasileiro Serie B,Brazil,America FC MG,Fortaleza EC CE,2026-10-07T23:30:00+00:00,85.2773,soccer.double_chance,period=ft,draw_away,,1.24
2026-10-08T00:04:43.361736+02:00,36609422,Brasileiro Serie B,Brazil,America FC MG,Fortaleza EC CE,2026-10-07T23:30:00+00:00,85.2773,soccer.double_chance,period=ft,home_away,,1.3
2026-10-08T00:04:43.361736+02:00,36609422,Brasileiro Serie B,Brazil,America FC MG,Fortaleza EC CE,2026-10-07T23:30:00+00:00,85.2773,soccer.double_chance,period=ft,home_draw,,1.89
2026-10-08T00:04:43.361736+02:00,36609422,Brasileiro Serie B,Brazil,America FC MG,Fortaleza EC CE,2026-10-07T23:30:00+00:00,85.2773,soccer.match_odds,period=ft,home,,4.0
2026-10-08T00:04:43.361736+02:00,36609422,Brasileiro Serie B,Brazil,America FC MG,Fortaleza EC CE,2026-10-07T23:30:00+00:00,85.2773,soccer.match_odds,period=ft,draw,,3.5
2026-10-08T00:04:43.361736+02:00,36609422,Brasileiro Serie B,Brazil,America FC MG,Fortaleza EC CE,2026-10-07T23:30:00+00:00,85.2773,soccer.match_odds,period=ft,away,,1.92
2026-10-08T00:04:43.361736+02:00,36609422,Brasileiro Serie B,Brazil,America FC MG,Fortaleza EC CE,2026-10-07T23:30:00+00:00,85.2773,soccer.total_goals,period=ft,over,total=2.25,1.82
2026-10-08T00:04:43.361736+02:00,36609422,Brasileiro Serie B,Brazil,America FC MG,Fortaleza EC CE,2026-10-07T23:30:00+00:00,85.2773,soccer.total_goals,period=ft,under,total=2.25,2.01
2026-10-08T00:04:43.361736+02:00,36609422,Brasileiro Serie B,Brazil,America FC MG,Fortaleza EC CE,2026-10-07T23:30:00+00:00,85.2773,soccer.total_goals,period=ft,over,total=1.5,1.34
2026-10-08T00:04:43.361736+02:00,36609422,Brasileiro Serie B,Brazil,America FC MG,Fortaleza EC CE,2026-10-07T23:30:00+00:00,85.2773,soccer.total_goals,period=ft,under,total=1.5,3.2
2026-10-08T00:04:43.361736+02:00,36609422,Brasileiro Serie B,Brazil,America FC MG,Fortaleza EC CE,2026-10-07T23:30:00+00:00,85.2773,soccer.total_goals,period=ft,over,total=1.75,1.42
2026-10-08T00:04:43.361736+02:00,36609422,Brasileiro Serie B,Brazil,America FC MG,Fortaleza EC CE,2026-10-07T23:30:00+00:00,85.2773,soccer.total_goals,period=ft,under,total=1.75,2.8
2026-10-08T00:04:43.361736+02:00,36609422,Brasileiro Serie B,Brazil,America FC MG,Fortaleza EC CE,2026-10-07T23:30:00+00:00,85.2773,soccer.total_goals,period=ft,over,total=2,1.56
2026-10-08T00:04:43.361736+02:00,36609422,Brasileiro Serie B,Brazil,America FC MG,Fortaleza EC CE,2026-10-07T23:30:00+00:00,85.2773,soccer.total_goals,period=ft,under,total=2,2.45
2026-10-08T00:04:43.361736+02:00,36609422,Brasileiro Serie B,Brazil,America FC MG,Fortaleza EC CE,2026-10-07T23:30:00+00:00,85.2773,soccer.total_goals,period=ft,over,total=2.5,2.08
2026-10-08T00:04:43.361736+02:00,36609422,Brasileiro Serie B,Brazil,America FC MG,Fortaleza EC CE,2026-10-07T23:30:00+00:00,85.2773,soccer.total_goals,period=ft,under,total=2.5,1.75
2026-10-08T00:04:43.361736+02:00,36609422,Brasileiro Serie B,Brazil,America FC MG,Fortaleza EC CE,2026-10-07T23:30:00+00:00,85.2773,soccer.total_goals,period=ft,over,total=2.75,2.4
2026-10-08T00:04:43.361736+02:00,36609422,Brasileiro Serie B,Brazil,America FC MG,Fortaleza EC CE,2026-10-07T23:30:00+00:00,85.2773,soccer.total_goals,period=ft,under,total=2.75,1.56
2026-10-08T00:04:43.361736+02:00,36609422,Brasileiro Serie B,Brazil,America FC MG,Fortaleza EC CE,2026-10-07T23:30:00+00:00,85.2773,soccer.total_goals,period=ft,over,total=3.5,3.75
2026-10-08T00:04:43.361736+02:00,36609422,Brasileiro Serie B,Brazil,America FC MG,Fortaleza EC CE,2026-10-07T23:30:00+00:00,85.2773,soccer.total_goals,period=ft,under,total=3.5,1.26
2026-10-08T00:04:43.361736+02:00,36435229,Brasileiro Serie A,Brazil,Clube do Remo PA,Gremio FB Porto Alegrense RS,2026-10-07T22:30:00+00:00,25.2773,soccer.asian_handicap,period=ft,home,handicap=-0.5,2.07
2026-10-08T00:04:43.361736+02:00,36435229,Brasileiro Serie A,Brazil,Clube do Remo PA,Gremio FB Porto Alegrense RS,2026-10-07T22:30:00+00:00,25.2773,soccer.asian_handicap,period=ft,away,handicap=-0.5,1.81
2026-10-08T00:04:43.361736+02:00,36435229,Brasileiro Serie A,Brazil,Clube do Remo PA,Gremio FB Porto Alegrense RS,2026-10-07T22:30:00+00:00,25.2773,soccer.asian_handicap,period=ft,home,handicap=-1.5,3.85
2026-10-08T00:04:43.361736+02:00,36435229,Brasileiro Serie A,Brazil,Clube do Remo PA,Gremio FB Porto Alegrense RS,2026-10-07T22:30:00+00:00,25.2773,soccer.asian_handicap,period=ft,away,handicap=-1.5,1.27
2026-10-08T00:04:43.361736+02:00,36435229,Brasileiro Serie A,Brazil,Clube do Remo PA,Gremio FB Porto Alegrense RS,2026-10-07T22:30:00+00:00,25.2773,soccer.asian_handicap,period=ft,home,handicap=-1.25,3.45
2026-10-08T00:04:43.361736+02:00,36435229,Brasileiro Serie A,Brazil,Clube do Remo PA,Gremio FB Porto Alegrense RS,2026-10-07T22:30:00+00:00,25.2773,soccer.asian_handicap,period=ft,away,handicap=-1.25,1.32
2026-10-08T00:04:43.361736+02:00,36435229,Brasileiro Serie A,Brazil,Clube do Remo PA,Gremio FB Porto Alegrense RS,2026-10-07T22:30:00+00:00,25.2773,soccer.asian_handicap,period=ft,home,handicap=-1,3.0
2026-10-08T00:04:43.361736+02:00,36435229,Brasileiro Serie A,Brazil,Clube do Remo PA,Gremio FB Porto Alegrense RS,2026-10-07T22:30:00+00:00,25.2773,soccer.asian_handicap,period=ft,away,handicap=-1,1.4
2026-10-08T00:04:43.361736+02:00,36435229,Brasileiro Serie A,Brazil,Clube do Remo PA,Gremio FB Porto Alegrense RS,2026-10-07T22:30:00+00:00,25.2773,soccer.asian_handicap,period=ft,home,handicap=-0.75,2.4
2026-10-08T00:04:43.361736+02:00,36435229,Brasileiro Serie A,Brazil,Clube do Remo PA,Gremio FB Porto Alegrense RS,2026-10-07T22:30:00+00:00,25.2773,soccer.asian_handicap,period=ft,away,handicap=-0.75,1.6
2026-10-08T00:04:43.361736+02:00,36435229,Brasileiro Serie A,Brazil,Clube do Remo PA,Gremio FB Porto Alegrense RS,2026-10-07T22:30:00+00:00,25.2773,soccer.asian_handicap,period=ft,home,handicap=-0.25,1.77
2026-10-08T00:04:43.361736+02:00,36435229,Brasileiro Serie A,Brazil,Clube do Remo PA,Gremio FB Porto Alegrense RS,2026-10-07T22:30:00+00:00,25.2773,soccer.asian_handicap,period=ft,away,handicap=-0.25,2.09
2026-10-08T00:04:43.361736+02:00,36435229,Brasileiro Serie A,Brazil,Clube do Remo PA,Gremio FB Porto Alegrense RS,2026-10-07T22:30:00+00:00,25.2773,soccer.asian_handicap,period=ft,home,handicap=0,1.49
2026-10-08T00:04:43.361736+02:00,36435229,Brasileiro Serie A,Brazil,Clube do Remo PA,Gremio FB Porto Alegrense RS,2026-10-07T22:30:00+00:00,25.2773,soccer.asian_handicap,period=ft,away,handicap=0,2.7
2026-10-08T00:04:43.361736+02:00,36435229,Brasileiro Serie A,Brazil,Clube do Remo PA,Gremio FB Porto Alegrense RS,2026-10-07T22:30:00+00:00,25.2773,soccer.asian_handicap,period=ft,home,handicap=0.25,1.36
2026-10-08T00:04:43.361736+02:00,36435229,Brasileiro Serie A,Brazil,Clube do Remo PA,Gremio FB Porto Alegrense RS,2026-10-07T22:30:00+00:00,25.2773,soccer.asian_handicap,period=ft,away,handicap=0.25,3.15
2026-10-08T00:04:43.361736+02:00,36435229,Brasileiro Serie A,Brazil,Clube do Remo PA,Gremio FB Porto Alegrense RS,2026-10-07T22:30:00+00:00,25.2773,soccer.asian_handicap,period=ft,home,handicap=0.5,1.29
2026-10-08T00:04:43.361736+02:00,36435229,Brasileiro Serie A,Brazil,Clube do Remo PA,Gremio FB Porto Alegrense RS,2026-10-07T22:30:00+00:00,25.2773,soccer.asian_handicap,period=ft,away,handicap=0.5,3.65
2026-10-08T00:04:43.361736+02:00,36435229,Brasileiro Serie A,Brazil,Clube do Remo PA,Gremio FB Porto Alegrense RS,2026-10-07T22:30:00+00:00,25.2773,soccer.double_chance,period=ft,draw_away,,1.78
2026-10-08T00:04:43.361736+02:00,36435229,Brasileiro Serie A,Brazil,Clube do Remo PA,Gremio FB Porto Alegrense RS,2026-10-07T22:30:00+00:00,25.2773,soccer.double_chance,period=ft,home_away,,1.31
2026-10-08T00:04:43.361736+02:00,36435229,Brasileiro Serie A,Brazil,Clube do Remo PA,Gremio FB Porto Alegrense RS,2026-10-07T22:30:00+00:00,25.2773,soccer.double_chance,period=ft,home_draw,,1.31
2026-10-08T00:04:43.361736+02:00,36435229,Brasileiro Serie A,Brazil,Clube do Remo PA,Gremio FB Porto Alegrense RS,2026-10-07T22:30:00+00:00,25.2773,soccer.match_odds,period=ft,home,,2.07
2026-10-08T00:04:43.361736+02:00,36435229,Brasileiro Serie A,Brazil,Clube do Remo PA,Gremio FB Porto Alegrense RS,2026-10-07T22:30:00+00:00,25.2773,soccer.match_odds,period=ft,draw,,3.45
2026-10-08T00:04:43.361736+02:00,36435229,Brasileiro Serie A,Brazil,Clube do Remo PA,Gremio FB Porto Alegrense RS,2026-10-07T22:30:00+00:00,25.2773,soccer.match_odds,period=ft,away,,3.7
2026-10-08T00:04:43.361736+02:00,36435229,Brasileiro Serie A,Brazil,Clube do Remo PA,Gremio FB Porto Alegrense RS,2026-10-07T22:30:00+00:00,25.2773,soccer.total_goals,period=ft,over,total=2.5,2.0
2026-10-08T00:04:43.361736+02:00,36435229,Brasileiro Serie A,Brazil,Clube do Remo PA,Gremio FB Porto Alegrense RS,2026-10-07T22:30:00+00:00,25.2773,soccer.total_goals,period=ft,under,total=2.5,1.86
2026-10-08T00:04:43.361736+02:00,36435229,Brasileiro Serie A,Brazil,Clube do Remo PA,Gremio FB Porto Alegrense RS,2026-10-07T22:30:00+00:00,25.2773,soccer.total_goals,period=ft,over,total=1.5,1.29
2026-10-08T00:04:43.361736+02:00,36435229,Brasileiro Serie A,Brazil,Clube do Remo PA,Gremio FB Porto Alegrense RS,2026-10-07T22:30:00+00:00,25.2773,soccer.total_goals,period=ft,under,total=1.5,3.55
2026-10-08T00:04:43.361736+02:00,36435229,Brasileiro Serie A,Brazil,Clube do Remo PA,Gremio FB Porto Alegrense RS,2026-10-07T22:30:00+00:00,25.2773,soccer.total_goals,period=ft,over,total=2,1.48
2026-10-08T00:04:43.361736+02:00,36435229,Brasileiro Serie A,Brazil,Clube do Remo PA,Gremio FB Porto Alegrense RS,2026-10-07T22:30:00+00:00,25.2773,soccer.total_goals,period=ft,under,total=2,2.7
2026-10-08T00:04:43.361736+02:00,36435229,Brasileiro Serie A,Brazil,Clube do Remo PA,Gremio FB Porto Alegrense RS,2026-10-07T22:30:00+00:00,25.2773,soccer.total_goals,period=ft,over,total=2.25,1.73
2026-10-08T00:04:43.361736+02:00,36435229,Brasileiro Serie A,Brazil,Clube do Remo PA,Gremio FB Porto Alegrense RS,2026-10-07T22:30:00+00:00,25.2773,soccer.total_goals,period=ft,under,total=2.25,2.13
2026-10-08T00:04:43.361736+02:00,36435229,Brasileiro Serie A,Brazil,Clube do Remo PA,Gremio FB Porto Alegrense RS,2026-10-07T22:30:00+00:00,25.2773,soccer.total_goals,period=ft,over,total=2.75,2.25
2026-10-08T00:04:43.361736+02:00,36435229,Brasileiro Serie A,Brazil,Clube do Remo PA,Gremio FB Porto Alegrense RS,2026-10-07T22:30:00+00:00,25.2773,soccer.total_goals,period=ft,under,total=2.75,1.66
2026-10-08T00:04:43.361736+02:00,36435229,Brasileiro Serie A,Brazil,Clube do Remo PA,Gremio FB Porto Alegrense RS,2026-10-07T22:30:00+00:00,25.2773,soccer.total_goals,period=ft,over,total=3,2.7
2026-10-08T00:04:43.361736+02:00,36435229,Brasileiro Serie A,Brazil,Clube do Remo PA,Gremio FB Porto Alegrense RS,2026-10-07T22:30:00+00:00,25.2773,soccer.total_goals,period=ft,under,total=3,1.47
2026-10-08T00:04:43.361736+02:00,36435229,Brasileiro Serie A,Brazil,Clube do Remo PA,Gremio FB Porto Alegrense RS,2026-10-07T22:30:00+00:00,25.2773,soccer.total_goals,period=ft,over,total=3.5,3.4
2026-10-08T00:04:43.361736+02:00,36435229,Brasileiro Serie A,Brazil,Clube do Remo PA,Gremio FB Porto Alegrense RS,2026-10-07T22:30:00+00:00,25.2773,soccer.total_goals,period=ft,under,total=3.5,1.32
2026-10-08T00:04:43.361736+02:00,36435229,Brasileiro Serie A,Brazil,Clube do Remo PA,Gremio FB Porto Alegrense RS,2026-10-07T22:30:00+00:00,25.2773,soccer.total_goals,period=ft,over,total=4.5,6.65
2026-10-08T00:04:43.361736+02:00,36435229,Brasileiro Serie A,Brazil,Clube do Remo PA,Gremio FB Porto Alegrense RS,2026-10-07T22:30:00+00:00,25.2773,soccer.total_goals,period=ft,under,total=4.5,1.11
2026-10-08T00:04:43.361736+02:00,36435228,Brasileiro Serie A,Brazil,Red Bull Bragantino SP,Mirassol FC SP,2026-10-07T22:30:00+00:00,25.2773,soccer.asian_handicap,period=ft,home,handicap=-0.75,1.95
2026-10-08T00:04:43.361736+02:00,36435228,Brasileiro Serie A,Brazil,Red Bull Bragantino SP,Mirassol FC SP,2026-10-07T22:30:00+00:00,25.2773,soccer.asian_handicap,period=ft,away,handicap=-0.75,1.93
2026-10-08T00:04:43.361736+02:00,36435228,Brasileiro Serie A,Brazil,Red Bull Bragantino SP,Mirassol FC SP,2026-10-07T22:30:00+00:00,25.2773,soccer.asian_handicap,period=ft,home,handicap=-1.75,3.75
2026-10-08T00:04:43.361736+02:00,36435228,Brasileiro Serie A,Brazil,Red Bull Bragantino SP,Mirassol FC SP,2026-10-07T22:30:00+00:00,25.2773,soccer.asian_handicap,period=ft,away,handicap=-1.75,1.28
2026-10-08T00:04:43.361736+02:00,36435228,Brasileiro Serie A,Brazil,Red Bull Bragantino SP,Mirassol FC SP,2026-10-07T22:30:00+00:00,25.2773,soccer.asian_handicap,period=ft,home,handicap=-1.5,3.0
2026-10-08T00:04:43.361736+02:00,36435228,Brasileiro Serie A,Brazil,Red Bull Bragantino SP,Mirassol FC SP,2026-10-07T22:30:00+00:00,25.2773,soccer.asian_handicap,period=ft,away,handicap=-1.5,1.4
2026-10-08T00:04:43.361736+02:00,36435228,Brasileiro Serie A,Brazil,Red Bull Bragantino SP,Mirassol FC SP,2026-10-07T22:30:00+00:00,25.2773,soccer.asian_handicap,period=ft,home,handicap=-1.25,2.65
2026-10-08T00:04:43.361736+02:00,36435228,Brasileiro Serie A,Brazil,Red Bull Bragantino SP,Mirassol FC SP,2026-10-07T22:30:00+00:00,25.2773,soccer.asian_handicap,period=ft,away,handicap=-1.25,1.5
2026-10-08T00:04:43.361736+02:00,36435228,Brasileiro Serie A,Brazil,Red Bull Bragantino SP,Mirassol FC SP,2026-10-07T22:30:00+00:00,25.2773,soccer.asian_handicap,period=ft,home,handicap=-1,2.3
2026-10-08T00:04:43.361736+02:00,36435228,Brasileiro Serie A,Brazil,Red Bull Bragantino SP,Mirassol FC SP,2026-10-07T22:30:00+00:00,25.2773,soccer.asian_handicap,period=ft,away,handicap=-1,1.65
2026-10-08T00:04:43.361736+02:00,36435228,Brasileiro Serie A,Brazil,Red Bull Bragantino SP,Mirassol FC SP,2026-10-07T22:30:00+00:00,25.2773,soccer.asian_handicap,period=ft,home,handicap=-0.5,1.72
2026-10-08T00:04:43.361736+02:00,36435228,Brasileiro Serie A,Brazil,Red Bull Bragantino SP,Mirassol FC SP,2026-10-07T22:30:00+00:00,25.2773,soccer.asian_handicap,period=ft,away,handicap=-0.5,2.17
2026-10-08T00:04:43.361736+02:00,36435228,Brasileiro Serie A,Brazil,Red Bull Bragantino SP,Mirassol FC SP,2026-10-07T22:30:00+00:00,25.2773,soccer.asian_handicap,period=ft,home,handicap=-0.25,1.51
2026-10-08T00:04:43.361736+02:00,36435228,Brasileiro Serie A,Brazil,Red Bull Bragantino SP,Mirassol FC SP,2026-10-07T22:30:00+00:00,25.2773,soccer.asian_handicap,period=ft,away,handicap=-0.25,2.6
2026-10-08T00:04:43.361736+02:00,36435228,Brasileiro Serie A,Brazil,Red Bull Bragantino SP,Mirassol FC SP,2026-10-07T22:30:00+00:00,25.2773,soccer.asian_handicap,period=ft,home,handicap=0,1.3
2026-10-08T00:04:43.361736+02:00,36435228,Brasileiro Serie A,Brazil,Red Bull Bragantino SP,Mirassol FC SP,2026-10-07T22:30:00+00:00,25.2773,soccer.asian_handicap,period=ft,away,handicap=0,3.6
2026-10-08T00:04:43.361736+02:00,36435228,Brasileiro Serie A,Brazil,Red Bull Bragantino SP,Mirassol FC SP,2026-10-07T22:30:00+00:00,25.2773,soccer.asian_handicap,period=ft,home,handicap=0.25,1.24
2026-10-08T00:04:43.361736+02:00,36435228,Brasileiro Serie A,Brazil,Red Bull Bragantino SP,Mirassol FC SP,2026-10-07T22:30:00+00:00,25.2773,soccer.asian_handicap,period=ft,away,handicap=0.25,4.2
2026-10-08T00:04:43.361736+02:00,36435228,Brasileiro Serie A,Brazil,Red Bull Bragantino SP,Mirassol FC SP,2026-10-07T22:30:00+00:00,25.2773,soccer.double_chance,period=ft,draw_away,,2.15
2026-10-08T00:04:43.361736+02:00,36435228,Brasileiro Serie A,Brazil,Red Bull Bragantino SP,Mirassol FC SP,2026-10-07T22:30:00+00:00,25.2773,soccer.double_chance,period=ft,home_away,,1.27
2026-10-08T00:04:43.361736+02:00,36435228,Brasileiro Serie A,Brazil,Red Bull Bragantino SP,Mirassol FC SP,2026-10-07T22:30:00+00:00,25.2773,soccer.double_chance,period=ft,home_draw,,1.2
2026-10-08T00:04:43.361736+02:00,36435228,Brasileiro Serie A,Brazil,Red Bull Bragantino SP,Mirassol FC SP,2026-10-07T22:30:00+00:00,25.2773,soccer.match_odds,period=ft,home,,1.72
2026-10-08T00:04:43.361736+02:00,36435228,Brasileiro Serie A,Brazil,Red Bull Bragantino SP,Mirassol FC SP,2026-10-07T22:30:00+00:00,25.2773,soccer.match_odds,period=ft,draw,,3.9
2026-10-08T00:04:43.361736+02:00,36435228,Brasileiro Serie A,Brazil,Red Bull Bragantino SP,Mirassol FC SP,2026-10-07T22:30:00+00:00,25.2773,soccer.match_odds,period=ft,away,,4.8
2026-10-08T00:04:43.361736+02:00,36435228,Brasileiro Serie A,Brazil,Red Bull Bragantino SP,Mirassol FC SP,2026-10-07T22:30:00+00:00,25.2773,soccer.total_goals,period=ft,over,total=2.75,1.89
2026-10-08T00:04:43.361736+02:00,36435228,Brasileiro Serie A,Brazil,Red Bull Bragantino SP,Mirassol FC SP,2026-10-07T22:30:00+00:00,25.2773,soccer.total_goals,period=ft,under,total=2.75,1.98
2026-10-08T00:04:43.361736+02:00,36435228,Brasileiro Serie A,Brazil,Red Bull Bragantino SP,Mirassol FC SP,2026-10-07T22:30:00+00:00,25.2773,soccer.total_goals,period=ft,over,total=1.5,1.21
2026-10-08T00:04:43.361736+02:00,36435228,Brasileiro Serie A,Brazil,Red Bull Bragantino SP,Mirassol FC SP,2026-10-07T22:30:00+00:00,25.2773,soccer.total_goals,period=ft,under,total=1.5,4.45
2026-10-08T00:04:43.361736+02:00,36435228,Brasileiro Serie A,Brazil,Red Bull Bragantino SP,Mirassol FC SP,2026-10-07T22:30:00+00:00,25.2773,soccer.total_goals,period=ft,over,total=2.25,1.5
2026-10-08T00:04:43.361736+02:00,36435228,Brasileiro Serie A,Brazil,Red Bull Bragantino SP,Mirassol FC SP,2026-10-07T22:30:00+00:00,25.2773,soccer.total_goals,period=ft,under,total=2.25,2.6
2026-10-08T00:04:43.361736+02:00,36435228,Brasileiro Serie A,Brazil,Red Bull Bragantino SP,Mirassol FC SP,2026-10-07T22:30:00+00:00,25.2773,soccer.total_goals,period=ft,over,total=2.5,1.69
2026-10-08T00:04:43.361736+02:00,36435228,Brasileiro Serie A,Brazil,Red Bull Bragantino SP,Mirassol FC SP,2026-10-07T22:30:00+00:00,25.2773,soccer.total_goals,period=ft,under,total=2.5,2.2
2026-10-08T00:04:43.361736+02:00,36435228,Brasileiro Serie A,Brazil,Red Bull Bragantino SP,Mirassol FC SP,2026-10-07T22:30:00+00:00,25.2773,soccer.total_goals,period=ft,over,total=3,2.16
2026-10-08T00:04:43.361736+02:00,36435228,Brasileiro Serie A,Brazil,Red Bull Bragantino SP,Mirassol FC SP,2026-10-07T22:30:00+00:00,25.2773,soccer.total_goals,period=ft,under,total=3,1.71
2026-10-08T00:04:43.361736+02:00,36435228,Brasileiro Serie A,Brazil,Red Bull Bragantino SP,Mirassol FC SP,2026-10-07T22:30:00+00:00,25.2773,soccer.total_goals,period=ft,over,total=3.25,2.45
2026-10-08T00:04:43.361736+02:00,36435228,Brasileiro Serie A,Brazil,Red Bull Bragantino SP,Mirassol FC SP,2026-10-07T22:30:00+00:00,25.2773,soccer.total_goals,period=ft,under,total=3.25,1.56
2026-10-08T00:04:43.361736+02:00,36435228,Brasileiro Serie A,Brazil,Red Bull Bragantino SP,Mirassol FC SP,2026-10-07T22:30:00+00:00,25.2773,soccer.total_goals,period=ft,over,total=3.5,2.75
2026-10-08T00:04:43.361736+02:00,36435228,Brasileiro Serie A,Brazil,Red Bull Bragantino SP,Mirassol FC SP,2026-10-07T22:30:00+00:00,25.2773,soccer.total_goals,period=ft,under,total=3.5,1.45
2026-10-08T00:04:43.361736+02:00,36435228,Brasileiro Serie A,Brazil,Red Bull Bragantino SP,Mirassol FC SP,2026-10-07T22:30:00+00:00,25.2773,soccer.total_goals,period=ft,over,total=4.5,5.25
2026-10-08T00:04:43.361736+02:00,36435228,Brasileiro Serie A,Brazil,Red Bull Bragantino SP,Mirassol FC SP,2026-10-07T22:30:00+00:00,25.2773,soccer.total_goals,period=ft,under,total=4.5,1.16
2026-10-08T00:04:43.361736+02:00,36435230,Brasileiro Serie A,Brazil,SC Internacional RS,SC Corinthians SP,2026-10-07T22:30:00+00:00,25.2773,soccer.asian_handicap,period=ft,home,handicap=-0.25,2.12
2026-10-08T00:04:43.361736+02:00,36435230,Brasileiro Serie A,Brazil,SC Internacional RS,SC Corinthians SP,2026-10-07T22:30:00+00:00,25.2773,soccer.asian_handicap,period=ft,away,handicap=-0.25,1.78
2026-10-08T00:04:43.361736+02:00,36435230,Brasileiro Serie A,Brazil,SC Internacional RS,SC Corinthians SP,2026-10-07T22:30:00+00:00,25.2773,soccer.asian_handicap,period=ft,home,handicap=-1.25,4.9
2026-10-08T00:04:43.361736+02:00,36435230,Brasileiro Serie A,Brazil,SC Internacional RS,SC Corinthians SP,2026-10-07T22:30:00+00:00,25.2773,soccer.asian_handicap,period=ft,away,handicap=-1.25,1.19
2026-10-08T00:04:43.361736+02:00,36435230,Brasileiro Serie A,Brazil,SC Internacional RS,SC Corinthians SP,2026-10-07T22:30:00+00:00,25.2773,soccer.asian_handicap,period=ft,home,handicap=-1,4.35
2026-10-08T00:04:43.361736+02:00,36435230,Brasileiro Serie A,Brazil,SC Internacional RS,SC Corinthians SP,2026-10-07T22:30:00+00:00,25.2773,soccer.asian_handicap,period=ft,away,handicap=-1,1.22
2026-10-08T00:04:43.361736+02:00,36435230,Brasileiro Serie A,Brazil,SC Internacional RS,SC Corinthians SP,2026-10-07T22:30:00+00:00,25.2773,soccer.asian_handicap,period=ft,home,handicap=-0.75,3.05
2026-10-08T00:04:43.361736+02:00,36435230,Brasileiro Serie A,Brazil,SC Internacional RS,SC Corinthians SP,2026-10-07T22:30:00+00:00,25.2773,soccer.asian_handicap,period=ft,away,handicap=-0.75,1.39
2026-10-08T00:04:43.361736+02:00,36435230,Brasileiro Serie A,Brazil,SC Internacional RS,SC Corinthians SP,2026-10-07T22:30:00+00:00,25.2773,soccer.asian_handicap,period=ft,home,handicap=-0.5,2.5
2026-10-08T00:04:43.361736+02:00,36435230,Brasileiro Serie A,Brazil,SC Internacional RS,SC Corinthians SP,2026-10-07T22:30:00+00:00,25.2773,soccer.asian_handicap,period=ft,away,handicap=-0.5,1.55
2026-10-08T00:04:43.361736+02:00,36435230,Brasileiro Serie A,Brazil,SC Internacional RS,SC Corinthians SP,2026-10-07T22:30:00+00:00,25.2773,soccer.asian_handicap,period=ft,home,handicap=0,1.7
2026-10-08T00:04:43.361736+02:00,36435230,Brasileiro Serie A,Brazil,SC Internacional RS,SC Corinthians SP,2026-10-07T22:30:00+00:00,25.2773,soccer.asian_handicap,period=ft,away,handicap=0,2.2
2026-10-08T00:04:43.361736+02:00,36435230,Brasileiro Serie A,Brazil,SC Internacional RS,SC Corinthians SP,2026-10-07T22:30:00+00:00,25.2773,soccer.asian_handicap,period=ft,home,handicap=0.25,1.48
2026-10-08T00:04:43.361736+02:00,36435230,Brasileiro Serie A,Brazil,SC Internacional RS,SC Corinthians SP,2026-10-07T22:30:00+00:00,25.2773,soccer.asian_handicap,period=ft,away,handicap=0.25,2.7
2026-10-08T00:04:43.361736+02:00,36435230,Brasileiro Serie A,Brazil,SC Internacional RS,SC Corinthians SP,2026-10-07T22:30:00+00:00,25.2773,soccer.asian_handicap,period=ft,home,handicap=0.5,1.36
2026-10-08T00:04:43.361736+02:00,36435230,Brasileiro Serie A,Brazil,SC Internacional RS,SC Corinthians SP,2026-10-07T22:30:00+00:00,25.2773,soccer.asian_handicap,period=ft,away,handicap=0.5,3.2
2026-10-08T00:04:43.361736+02:00,36435230,Brasileiro Serie A,Brazil,SC Internacional RS,SC Corinthians SP,2026-10-07T22:30:00+00:00,25.2773,soccer.asian_handicap,period=ft,home,handicap=0.75,1.24
2026-10-08T00:04:43.361736+02:00,36435230,Brasileiro Serie A,Brazil,SC Internacional RS,SC Corinthians SP,2026-10-07T22:30:00+00:00,25.2773,soccer.asian_handicap,period=ft,away,handicap=0.75,4.2
2026-10-08T00:04:43.361736+02:00,36435230,Brasileiro Serie A,Brazil,SC Internacional RS,SC Corinthians SP,2026-10-07T22:30:00+00:00,25.2773,soccer.double_chance,period=ft,draw_away,,1.56
2026-10-08T00:04:43.361736+02:00,36435230,Brasileiro Serie A,Brazil,SC Internacional RS,SC Corinthians SP,2026-10-07T22:30:00+00:00,25.2773,soccer.double_chance,period=ft,home_away,,1.4
2026-10-08T00:04:43.361736+02:00,36435230,Brasileiro Serie A,Brazil,SC Internacional RS,SC Corinthians SP,2026-10-07T22:30:00+00:00,25.2773,soccer.double_chance,period=ft,home_draw,,1.37
2026-10-08T00:04:43.361736+02:00,36435230,Brasileiro Serie A,Brazil,SC Internacional RS,SC Corinthians SP,2026-10-07T22:30:00+00:00,25.2773,soccer.match_odds,period=ft,home,,2.5
2026-10-08T00:04:43.361736+02:00,36435230,Brasileiro Serie A,Brazil,SC Internacional RS,SC Corinthians SP,2026-10-07T22:30:00+00:00,25.2773,soccer.match_odds,period=ft,draw,,3.0
2026-10-08T00:04:43.361736+02:00,36435230,Brasileiro Serie A,Brazil,SC Internacional RS,SC Corinthians SP,2026-10-07T22:30:00+00:00,25.2773,soccer.match_odds,period=ft,away,,3.2
2026-10-08T00:04:43.361736+02:00,36435230,Brasileiro Serie A,Brazil,SC Internacional RS,SC Corinthians SP,2026-10-07T22:30:00+00:00,25.2773,soccer.total_goals,period=ft,over,total=2,1.89
2026-10-08T00:04:43.361736+02:00,36435230,Brasileiro Serie A,Brazil,SC Internacional RS,SC Corinthians SP,2026-10-07T22:30:00+00:00,25.2773,soccer.total_goals,period=ft,under,total=2,1.98
2026-10-08T00:04:43.361736+02:00,36435230,Brasileiro Serie A,Brazil,SC Internacional RS,SC Corinthians SP,2026-10-07T22:30:00+00:00,25.2773,soccer.total_goals,period=ft,over,total=0.5,1.1
2026-10-08T00:04:43.361736+02:00,36435230,Brasileiro Serie A,Brazil,SC Internacional RS,SC Corinthians SP,2026-10-07T22:30:00+00:00,25.2773,soccer.total_goals,period=ft,under,total=0.5,6.95
2026-10-08T00:04:43.361736+02:00,36435230,Brasileiro Serie A,Brazil,SC Internacional RS,SC Corinthians SP,2026-10-07T22:30:00+00:00,25.2773,soccer.total_goals,period=ft,over,total=1.5,1.49
2026-10-08T00:04:43.361736+02:00,36435230,Brasileiro Serie A,Brazil,SC Internacional RS,SC Corinthians SP,2026-10-07T22:30:00+00:00,25.2773,soccer.total_goals,period=ft,under,total=1.5,2.65
2026-10-08T00:04:43.361736+02:00,36435230,Brasileiro Serie A,Brazil,SC Internacional RS,SC Corinthians SP,2026-10-07T22:30:00+00:00,25.2773,soccer.total_goals,period=ft,over,total=1.75,1.63
2026-10-08T00:04:43.361736+02:00,36435230,Brasileiro Serie A,Brazil,SC Internacional RS,SC Corinthians SP,2026-10-07T22:30:00+00:00,25.2773,soccer.total_goals,period=ft,under,total=1.75,2.3
2026-10-08T00:04:43.361736+02:00,36435230,Brasileiro Serie A,Brazil,SC Internacional RS,SC Corinthians SP,2026-10-07T22:30:00+00:00,25.2773,soccer.total_goals,period=ft,over,total=2.25,2.2
2026-10-08T00:04:43.361736+02:00,36435230,Brasileiro Serie A,Brazil,SC Internacional RS,SC Corinthians SP,2026-10-07T22:30:00+00:00,25.2773,soccer.total_goals,period=ft,under,total=2.25,1.69
2026-10-08T00:04:43.361736+02:00,36435230,Brasileiro Serie A,Brazil,SC Internacional RS,SC Corinthians SP,2026-10-07T22:30:00+00:00,25.2773,soccer.total_goals,period=ft,over,total=2.5,2.5
2026-10-08T00:04:43.361736+02:00,36435230,Brasileiro Serie A,Brazil,SC Internacional RS,SC Corinthians SP,2026-10-07T22:30:00+00:00,25.2773,soccer.total_goals,period=ft,under,total=2.5,1.53
2026-10-08T00:04:43.361736+02:00,36435230,Brasileiro Serie A,Brazil,SC Internacional RS,SC Corinthians SP,2026-10-07T22:30:00+00:00,25.2773,soccer.total_goals,period=ft,over,total=3.5,4.75
2026-10-08T00:04:43.361736+02:00,36435230,Brasileiro Serie A,Brazil,SC Internacional RS,SC Corinthians SP,2026-10-07T22:30:00+00:00,25.2773,soccer.total_goals,period=ft,under,total=3.5,1.19
2026-10-08T00:04:43.361736+02:00,36435231,Brasileiro Serie A,Brazil,EC Vitoria BA,Chapecoense SC,2026-10-07T23:00:00+00:00,55.2773,soccer.asian_handicap,period=ft,home,handicap=-1,1.87
2026-10-08T00:04:43.361736+02:00,36435231,Brasileiro Serie A,Brazil,EC Vitoria BA,Chapecoense SC,2026-10-07T23:00:00+00:00,55.2773,soccer.asian_handicap,period=ft,away,handicap=-1,2.01
2026-10-08T00:04:43.361736+02:00,36435231,Brasileiro Serie A,Brazil,EC Vitoria BA,Chapecoense SC,2026-10-07T23:00:00+00:00,55.2773,soccer.asian_handicap,period=ft,home,handicap=-2,4.05
2026-10-08T00:04:43.361736+02:00,36435231,Brasileiro Serie A,Brazil,EC Vitoria BA,Chapecoense SC,2026-10-07T23:00:00+00:00,55.2773,soccer.asian_handicap,period=ft,away,handicap=-2,1.25
2026-10-08T00:04:43.361736+02:00,36435231,Brasileiro Serie A,Brazil,EC Vitoria BA,Chapecoense SC,2026-10-07T23:00:00+00:00,55.2773,soccer.asian_handicap,period=ft,home,handicap=-1.75,3.0
2026-10-08T00:04:43.361736+02:00,36435231,Brasileiro Serie A,Brazil,EC Vitoria BA,Chapecoense SC,2026-10-07T23:00:00+00:00,55.2773,soccer.asian_handicap,period=ft,away,handicap=-1.75,1.4
2026-10-08T00:04:43.361736+02:00,36435231,Brasileiro Serie A,Brazil,EC Vitoria BA,Chapecoense SC,2026-10-07T23:00:00+00:00,55.2773,soccer.asian_handicap,period=ft,home,handicap=-1.5,2.45
2026-10-08T00:04:43.361736+02:00,36435231,Brasileiro Serie A,Brazil,EC Vitoria BA,Chapecoense SC,2026-10-07T23:00:00+00:00,55.2773,soccer.asian_handicap,period=ft,away,handicap=-1.5,1.56
2026-10-08T00:04:43.361736+02:00,36435231,Brasileiro Serie A,Brazil,EC Vitoria BA,Chapecoense SC,2026-10-07T23:00:00+00:00,55.2773,soccer.asian_handicap,period=ft,home,handicap=-1.25,2.17
2026-10-08T00:04:43.361736+02:00,36435231,Brasileiro Serie A,Brazil,EC Vitoria BA,Chapecoense SC,2026-10-07T23:00:00+00:00,55.2773,soccer.asian_handicap,period=ft,away,handicap=-1.25,1.72
2026-10-08T00:04:43.361736+02:00,36435231,Brasileiro Serie A,Brazil,EC Vitoria BA,Chapecoense SC,2026-10-07T23:00:00+00:00,55.2773,soccer.asian_handicap,period=ft,home,handicap=-0.75,1.63
2026-10-08T00:04:43.361736+02:00,36435231,Brasileiro Serie A,Brazil,EC Vitoria BA,Chapecoense SC,2026-10-07T23:00:00+00:00,55.2773,soccer.asian_handicap,period=ft,away,handicap=-0.75,2.3
2026-10-08T00:04:43.361736+02:00,36435231,Brasileiro Serie A,Brazil,EC Vitoria BA,Chapecoense SC,2026-10-07T23:00:00+00:00,55.2773,soccer.asian_handicap,period=ft,home,handicap=-0.5,1.5
2026-10-08T00:04:43.361736+02:00,36435231,Brasileiro Serie A,Brazil,EC Vitoria BA,Chapecoense SC,2026-10-07T23:00:00+00:00,55.2773,soccer.asian_handicap,period=ft,away,handicap=-0.5,2.65
2026-10-08T00:04:43.361736+02:00,36435231,Brasileiro Serie A,Brazil,EC Vitoria BA,Chapecoense SC,2026-10-07T23:00:00+00:00,55.2773,soccer.asian_handicap,period=ft,home,handicap=-0.25,1.33
2026-10-08T00:04:43.361736+02:00,36435231,Brasileiro Serie A,Brazil,EC Vitoria BA,Chapecoense SC,2026-10-07T23:00:00+00:00,55.2773,soccer.asian_handicap,period=ft,away,handicap=-0.25,3.35
2026-10-08T00:04:43.361736+02:00,36435231,Brasileiro Serie A,Brazil,EC Vitoria BA,Chapecoense SC,2026-10-07T23:00:00+00:00,55.2773,soccer.asian_handicap,period=ft,home,handicap=0,1.17
2026-10-08T00:04:43.361736+02:00,36435231,Brasileiro Serie A,Brazil,EC Vitoria BA,Chapecoense SC,2026-10-07T23:00:00+00:00,55.2773,soccer.asian_handicap,period=ft,away,handicap=0,5.15
2026-10-08T00:04:43.361736+02:00,36435231,Brasileiro Serie A,Brazil,EC Vitoria BA,Chapecoense SC,2026-10-07T23:00:00+00:00,55.2773,soccer.double_chance,period=ft,draw_away,,2.65
2026-10-08T00:04:43.361736+02:00,36435231,Brasileiro Serie A,Brazil,EC Vitoria BA,Chapecoense SC,2026-10-07T23:00:00+00:00,55.2773,soccer.double_chance,period=ft,home_away,,1.23
2026-10-08T00:04:43.361736+02:00,36435231,Brasileiro Serie A,Brazil,EC Vitoria BA,Chapecoense SC,2026-10-07T23:00:00+00:00,55.2773,soccer.double_chance,period=ft,home_draw,,1.12
2026-10-08T00:04:43.361736+02:00,36435231,Brasileiro Serie A,Brazil,EC Vitoria BA,Chapecoense SC,2026-10-07T23:00:00+00:00,55.2773,soccer.match_odds,period=ft,home,,1.5
2026-10-08T00:04:43.361736+02:00,36435231,Brasileiro Serie A,Brazil,EC Vitoria BA,Chapecoense SC,2026-10-07T23:00:00+00:00,55.2773,soccer.match_odds,period=ft,draw,,4.35
2026-10-08T00:04:43.361736+02:00,36435231,Brasileiro Serie A,Brazil,EC Vitoria BA,Chapecoense SC,2026-10-07T23:00:00+00:00,55.2773,soccer.match_odds,period=ft,away,,6.65
2026-10-08T00:04:43.361736+02:00,36435231,Brasileiro Serie A,Brazil,EC Vitoria BA,Chapecoense SC,2026-10-07T23:00:00+00:00,55.2773,soccer.total_goals,period=ft,over,total=2.75,2.04
2026-10-08T00:04:43.361736+02:00,36435231,Brasileiro Serie A,Brazil,EC Vitoria BA,Chapecoense SC,2026-10-07T23:00:00+00:00,55.2773,soccer.total_goals,period=ft,under,total=2.75,1.82
2026-10-08T00:04:43.361736+02:00,36435231,Brasileiro Serie A,Brazil,EC Vitoria BA,Chapecoense SC,2026-10-07T23:00:00+00:00,55.2773,soccer.total_goals,period=ft,over,total=1.5,1.25
2026-10-08T00:04:43.361736+02:00,36435231,Brasileiro Serie A,Brazil,EC Vitoria BA,Chapecoense SC,2026-10-07T23:00:00+00:00,55.2773,soccer.total_goals,period=ft,under,total=1.5,4.0
2026-10-08T00:04:43.361736+02:00,36435231,Brasileiro Serie A,Brazil,EC Vitoria BA,Chapecoense SC,2026-10-07T23:00:00+00:00,55.2773,soccer.total_goals,period=ft,over,total=2.25,1.59
2026-10-08T00:04:43.361736+02:00,36435231,Brasileiro Serie A,Brazil,EC Vitoria BA,Chapecoense SC,2026-10-07T23:00:00+00:00,55.2773,soccer.total_goals,period=ft,under,total=2.25,2.35
2026-10-08T00:04:43.361736+02:00,36435231,Brasileiro Serie A,Brazil,EC Vitoria BA,Chapecoense SC,2026-10-07T23:00:00+00:00,55.2773,soccer.total_goals,period=ft,over,total=2.5,1.8
2026-10-08T00:04:43.361736+02:00,36435231,Brasileiro Serie A,Brazil,EC Vitoria BA,Chapecoense SC,2026-10-07T23:00:00+00:00,55.2773,soccer.total_goals,period=ft,under,total=2.5,2.03
2026-10-08T00:04:43.361736+02:00,36435231,Brasileiro Serie A,Brazil,EC Vitoria BA,Chapecoense SC,2026-10-07T23:00:00+00:00,55.2773,soccer.total_goals,period=ft,over,total=3,2.35
2026-10-08T00:04:43.361736+02:00,36435231,Brasileiro Serie A,Brazil,EC Vitoria BA,Chapecoense SC,2026-10-07T23:00:00+00:00,55.2773,soccer.total_goals,period=ft,under,total=3,1.59
2026-10-08T00:04:43.361736+02:00,36435231,Brasileiro Serie A,Brazil,EC Vitoria BA,Chapecoense SC,2026-10-07T23:00:00+00:00,55.2773,soccer.total_goals,period=ft,over,total=3.25,2.7
2026-10-08T00:04:43.361736+02:00,36435231,Brasileiro Serie A,Brazil,EC Vitoria BA,Chapecoense SC,2026-10-07T23:00:00+00:00,55.2773,soccer.total_goals,period=ft,under,total=3.25,1.47
2026-10-08T00:04:43.361736+02:00,36435231,Brasileiro Serie A,Brazil,EC Vitoria BA,Chapecoense SC,2026-10-07T23:00:00+00:00,55.2773,soccer.total_goals,period=ft,over,total=3.5,3.0
2026-10-08T00:04:43.361736+02:00,36435231,Brasileiro Serie A,Brazil,EC Vitoria BA,Chapecoense SC,2026-10-07T23:00:00+00:00,55.2773,soccer.total_goals,period=ft,under,total=3.5,1.39
2026-10-08T00:04:43.361736+02:00,36435231,Brasileiro Serie A,Brazil,EC Vitoria BA,Chapecoense SC,2026-10-07T23:00:00+00:00,55.2773,soccer.total_goals,period=ft,over,total=4.5,5.85
2026-10-08T00:04:43.361736+02:00,36435231,Brasileiro Serie A,Brazil,EC Vitoria BA,Chapecoense SC,2026-10-07T23:00:00+00:00,55.2773,soccer.total_goals,period=ft,under,total=4.5,1.13
2026-10-08T00:04:43.361736+02:00,36435232,Brasileiro Serie A,Brazil,Botafogo FR RJ,CR Vasco da Gama RJ,2026-10-07T23:30:00+00:00,85.2773,soccer.asian_handicap,period=ft,home,handicap=0.25,1.89
2026-10-08T00:04:43.361736+02:00,36435232,Brasileiro Serie A,Brazil,Botafogo FR RJ,CR Vasco da Gama RJ,2026-10-07T23:30:00+00:00,85.2773,soccer.asian_handicap,period=ft,away,handicap=0.25,1.99
2026-10-08T00:04:43.361736+02:00,36435232,Brasileiro Serie A,Brazil,Botafogo FR RJ,CR Vasco da Gama RJ,2026-10-07T23:30:00+00:00,85.2773,soccer.asian_handicap,period=ft,home,handicap=-0.75,3.75
2026-10-08T00:04:43.361736+02:00,36435232,Brasileiro Serie A,Brazil,Botafogo FR RJ,CR Vasco da Gama RJ,2026-10-07T23:30:00+00:00,85.2773,soccer.asian_handicap,period=ft,away,handicap=-0.75,1.28
2026-10-08T00:04:43.361736+02:00,36435232,Brasileiro Serie A,Brazil,Botafogo FR RJ,CR Vasco da Gama RJ,2026-10-07T23:30:00+00:00,85.2773,soccer.asian_handicap,period=ft,home,handicap=-0.5,3.0
2026-10-08T00:04:43.361736+02:00,36435232,Brasileiro Serie A,Brazil,Botafogo FR RJ,CR Vasco da Gama RJ,2026-10-07T23:30:00+00:00,85.2773,soccer.asian_handicap,period=ft,away,handicap=-0.5,1.4
2026-10-08T00:04:43.361736+02:00,36435232,Brasileiro Serie A,Brazil,Botafogo FR RJ,CR Vasco da Gama RJ,2026-10-07T23:30:00+00:00,85.2773,soccer.asian_handicap,period=ft,home,handicap=-0.25,2.65
2026-10-08T00:04:43.361736+02:00,36435232,Brasileiro Serie A,Brazil,Botafogo FR RJ,CR Vasco da Gama RJ,2026-10-07T23:30:00+00:00,85.2773,soccer.asian_handicap,period=ft,away,handicap=-0.25,1.5
2026-10-08T00:04:43.361736+02:00,36435232,Brasileiro Serie A,Brazil,Botafogo FR RJ,CR Vasco da Gama RJ,2026-10-07T23:30:00+00:00,85.2773,soccer.asian_handicap,period=ft,home,handicap=0,2.25
2026-10-08T00:04:43.361736+02:00,36435232,Brasileiro Serie A,Brazil,Botafogo FR RJ,CR Vasco da Gama RJ,2026-10-07T23:30:00+00:00,85.2773,soccer.asian_handicap,period=ft,away,handicap=0,1.67
2026-10-08T00:04:43.361736+02:00,36435232,Brasileiro Serie A,Brazil,Botafogo FR RJ,CR Vasco da Gama RJ,2026-10-07T23:30:00+00:00,85.2773,soccer.asian_handicap,period=ft,home,handicap=0.5,1.67
2026-10-08T00:04:43.361736+02:00,36435232,Brasileiro Serie A,Brazil,Botafogo FR RJ,CR Vasco da Gama RJ,2026-10-07T23:30:00+00:00,85.2773,soccer.asian_handicap,period=ft,away,handicap=0.5,2.25
2026-10-08T00:04:43.361736+02:00,36435232,Brasileiro Serie A,Brazil,Botafogo FR RJ,CR Vasco da Gama RJ,2026-10-07T23:30:00+00:00,85.2773,soccer.asian_handicap,period=ft,home,handicap=0.75,1.49
2026-10-08T00:04:43.361736+02:00,36435232,Brasileiro Serie A,Brazil,Botafogo FR RJ,CR Vasco da Gama RJ,2026-10-07T23:30:00+00:00,85.2773,soccer.asian_handicap,period=ft,away,handicap=0.75,2.65
2026-10-08T00:04:43.361736+02:00,36435232,Brasileiro Serie A,Brazil,Botafogo FR RJ,CR Vasco da Gama RJ,2026-10-07T23:30:00+00:00,85.2773,soccer.asian_handicap,period=ft,home,handicap=1,1.31
2026-10-08T00:04:43.361736+02:00,36435232,Brasileiro Serie A,Brazil,Botafogo FR RJ,CR Vasco da Gama RJ,2026-10-07T23:30:00+00:00,85.2773,soccer.asian_handicap,period=ft,away,handicap=1,3.5
2026-10-08T00:04:43.361736+02:00,36435232,Brasileiro Serie A,Brazil,Botafogo FR RJ,CR Vasco da Gama RJ,2026-10-07T23:30:00+00:00,85.2773,soccer.asian_handicap,period=ft,home,handicap=1.25,1.26
2026-10-08T00:04:43.361736+02:00,36435232,Brasileiro Serie A,Brazil,Botafogo FR RJ,CR Vasco da Gama RJ,2026-10-07T23:30:00+00:00,85.2773,soccer.asian_handicap,period=ft,away,handicap=1.25,3.95
2026-10-08T00:04:43.361736+02:00,36435232,Brasileiro Serie A,Brazil,Botafogo FR RJ,CR Vasco da Gama RJ,2026-10-07T23:30:00+00:00,85.2773,soccer.double_chance,period=ft,draw_away,,1.4
2026-10-08T00:04:43.361736+02:00,36435232,Brasileiro Serie A,Brazil,Botafogo FR RJ,CR Vasco da Gama RJ,2026-10-07T23:30:00+00:00,85.2773,soccer.double_chance,period=ft,home_away,,1.3
2026-10-08T00:04:43.361736+02:00,36435232,Brasileiro Serie A,Brazil,Botafogo FR RJ,CR Vasco da Gama RJ,2026-10-07T23:30:00+00:00,85.2773,soccer.double_chance,period=ft,home_draw,,1.65
2026-10-08T00:04:43.361736+02:00,36435232,Brasileiro Serie A,Brazil,Botafogo FR RJ,CR Vasco da Gama RJ,2026-10-07T23:30:00+00:00,85.2773,soccer.match_odds,period=ft,home,,3.05
2026-10-08T00:04:43.361736+02:00,36435232,Brasileiro Serie A,Brazil,Botafogo FR RJ,CR Vasco da Gama RJ,2026-10-07T23:30:00+00:00,85.2773,soccer.match_odds,period=ft,draw,,3.65
2026-10-08T00:04:43.361736+02:00,36435232,Brasileiro Serie A,Brazil,Botafogo FR RJ,CR Vasco da Gama RJ,2026-10-07T23:30:00+00:00,85.2773,soccer.match_odds,period=ft,away,,2.25
2026-10-08T00:04:43.361736+02:00,36435232,Brasileiro Serie A,Brazil,Botafogo FR RJ,CR Vasco da Gama RJ,2026-10-07T23:30:00+00:00,85.2773,soccer.total_goals,period=ft,over,total=3,2.04
2026-10-08T00:04:43.361736+02:00,36435232,Brasileiro Serie A,Brazil,Botafogo FR RJ,CR Vasco da Gama RJ,2026-10-07T23:30:00+00:00,85.2773,soccer.total_goals,period=ft,under,total=3,1.82
2026-10-08T00:04:43.361736+02:00,36435232,Brasileiro Serie A,Brazil,Botafogo FR RJ,CR Vasco da Gama RJ,2026-10-07T23:30:00+00:00,85.2773,soccer.total_goals,period=ft,over,total=1.5,1.18
2026-10-08T00:04:43.361736+02:00,36435232,Brasileiro Serie A,Brazil,Botafogo FR RJ,CR Vasco da Gama RJ,2026-10-07T23:30:00+00:00,85.2773,soccer.total_goals,period=ft,under,total=1.5,4.85
2026-10-08T00:04:43.361736+02:00,36435232,Brasileiro Serie A,Brazil,Botafogo FR RJ,CR Vasco da Gama RJ,2026-10-07T23:30:00+00:00,85.2773,soccer.total_goals,period=ft,over,total=2.5,1.62
2026-10-08T00:04:43.361736+02:00,36435232,Brasileiro Serie A,Brazil,Botafogo FR RJ,CR Vasco da Gama RJ,2026-10-07T23:30:00+00:00,85.2773,soccer.total_goals,period=ft,under,total=2.5,2.3
2026-10-08T00:04:43.361736+02:00,36435232,Brasileiro Serie A,Brazil,Botafogo FR RJ,CR Vasco da Gama RJ,2026-10-07T23:30:00+00:00,85.2773,soccer.total_goals,period=ft,over,total=2.75,1.78
2026-10-08T00:04:43.361736+02:00,36435232,Brasileiro Serie A,Brazil,Botafogo FR RJ,CR Vasco da Gama RJ,2026-10-07T23:30:00+00:00,85.2773,soccer.total_goals,period=ft,under,total=2.75,2.06
2026-10-08T00:04:43.361736+02:00,36435232,Brasileiro Serie A,Brazil,Botafogo FR RJ,CR Vasco da Gama RJ,2026-10-07T23:30:00+00:00,85.2773,soccer.total_goals,period=ft,over,total=3.25,2.3
2026-10-08T00:04:43.361736+02:00,36435232,Brasileiro Serie A,Brazil,Botafogo FR RJ,CR Vasco da Gama RJ,2026-10-07T23:30:00+00:00,85.2773,soccer.total_goals,period=ft,under,total=3.25,1.63
2026-10-08T00:04:43.361736+02:00,36435232,Brasileiro Serie A,Brazil,Botafogo FR RJ,CR Vasco da Gama RJ,2026-10-07T23:30:00+00:00,85.2773,soccer.total_goals,period=ft,over,total=3.5,2.6
2026-10-08T00:04:43.361736+02:00,36435232,Brasileiro Serie A,Brazil,Botafogo FR RJ,CR Vasco da Gama RJ,2026-10-07T23:30:00+00:00,85.2773,soccer.total_goals,period=ft,under,total=3.5,1.51
2026-10-08T00:04:43.361736+02:00,36435232,Brasileiro Serie A,Brazil,Botafogo FR RJ,CR Vasco da Gama RJ,2026-10-07T23:30:00+00:00,85.2773,soccer.total_goals,period=ft,over,total=4.5,4.7
2026-10-08T00:04:43.361736+02:00,36435232,Brasileiro Serie A,Brazil,Botafogo FR RJ,CR Vasco da Gama RJ,2026-10-07T23:30:00+00:00,85.2773,soccer.total_goals,period=ft,under,total=4.5,1.19
2026-10-08T00:06:44.306993+02:00,36666889,Copa Venezuela,Venezuela,Barquisimeto SC,Aragua FC,2026-10-07T22:30:00+00:00,23.2616,soccer.asian_handicap,period=ft,home,handicap=0,1.9
2026-10-08T00:06:44.306993+02:00,36666889,Copa Venezuela,Venezuela,Barquisimeto SC,Aragua FC,2026-10-07T22:30:00+00:00,23.2616,soccer.asian_handicap,period=ft,away,handicap=0,1.8
2026-10-08T00:06:44.306993+02:00,36666889,Copa Venezuela,Venezuela,Barquisimeto SC,Aragua FC,2026-10-07T22:30:00+00:00,23.2616,soccer.asian_handicap,period=ft,home,handicap=-0.75,3.0
2026-10-08T00:06:44.306993+02:00,36666889,Copa Venezuela,Venezuela,Barquisimeto SC,Aragua FC,2026-10-07T22:30:00+00:00,23.2616,soccer.asian_handicap,period=ft,away,handicap=-0.75,1.29
2026-10-08T00:06:44.306993+02:00,36666889,Copa Venezuela,Venezuela,Barquisimeto SC,Aragua FC,2026-10-07T22:30:00+00:00,23.2616,soccer.asian_handicap,period=ft,home,handicap=-0.5,2.5
2026-10-08T00:06:44.306993+02:00,36666889,Copa Venezuela,Venezuela,Barquisimeto SC,Aragua FC,2026-10-07T22:30:00+00:00,23.2616,soccer.asian_handicap,period=ft,away,handicap=-0.5,1.42
2026-10-08T00:06:44.306993+02:00,36666889,Copa Venezuela,Venezuela,Barquisimeto SC,Aragua FC,2026-10-07T22:30:00+00:00,23.2616,soccer.asian_handicap,period=ft,home,handicap=-0.25,2.2
2026-10-08T00:06:44.306993+02:00,36666889,Copa Venezuela,Venezuela,Barquisimeto SC,Aragua FC,2026-10-07T22:30:00+00:00,23.2616,soccer.asian_handicap,period=ft,away,handicap=-0.25,1.56
2026-10-08T00:06:44.306993+02:00,36666889,Copa Venezuela,Venezuela,Barquisimeto SC,Aragua FC,2026-10-07T22:30:00+00:00,23.2616,soccer.asian_handicap,period=ft,home,handicap=0.25,1.62
2026-10-08T00:06:44.306993+02:00,36666889,Copa Venezuela,Venezuela,Barquisimeto SC,Aragua FC,2026-10-07T22:30:00+00:00,23.2616,soccer.asian_handicap,period=ft,away,handicap=0.25,2.1
2026-10-08T00:06:44.306993+02:00,36666889,Copa Venezuela,Venezuela,Barquisimeto SC,Aragua FC,2026-10-07T22:30:00+00:00,23.2616,soccer.asian_handicap,period=ft,home,handicap=0.5,1.47
2026-10-08T00:06:44.306993+02:00,36666889,Copa Venezuela,Venezuela,Barquisimeto SC,Aragua FC,2026-10-07T22:30:00+00:00,23.2616,soccer.asian_handicap,period=ft,away,handicap=0.5,2.35
2026-10-08T00:06:44.306993+02:00,36666889,Copa Venezuela,Venezuela,Barquisimeto SC,Aragua FC,2026-10-07T22:30:00+00:00,23.2616,soccer.asian_handicap,period=ft,home,handicap=0.75,1.33
2026-10-08T00:06:44.306993+02:00,36666889,Copa Venezuela,Venezuela,Barquisimeto SC,Aragua FC,2026-10-07T22:30:00+00:00,23.2616,soccer.asian_handicap,period=ft,away,handicap=0.75,2.85
2026-10-08T00:06:44.306993+02:00,36666889,Copa Venezuela,Venezuela,Barquisimeto SC,Aragua FC,2026-10-07T22:30:00+00:00,23.2616,soccer.double_chance,period=ft,draw_away,,1.48
2026-10-08T00:06:44.306993+02:00,36666889,Copa Venezuela,Venezuela,Barquisimeto SC,Aragua FC,2026-10-07T22:30:00+00:00,23.2616,soccer.double_chance,period=ft,home_away,,1.32
2026-10-08T00:06:44.306993+02:00,36666889,Copa Venezuela,Venezuela,Barquisimeto SC,Aragua FC,2026-10-07T22:30:00+00:00,23.2616,soccer.double_chance,period=ft,home_draw,,1.5
2026-10-08T00:06:44.306993+02:00,36666889,Copa Venezuela,Venezuela,Barquisimeto SC,Aragua FC,2026-10-07T22:30:00+00:00,23.2616,soccer.match_odds,period=ft,home,,2.55
2026-10-08T00:06:44.306993+02:00,36666889,Copa Venezuela,Venezuela,Barquisimeto SC,Aragua FC,2026-10-07T22:30:00+00:00,23.2616,soccer.match_odds,period=ft,draw,,3.1
2026-10-08T00:06:44.306993+02:00,36666889,Copa Venezuela,Venezuela,Barquisimeto SC,Aragua FC,2026-10-07T22:30:00+00:00,23.2616,soccer.match_odds,period=ft,away,,2.4
2026-10-08T00:06:44.306993+02:00,36666889,Copa Venezuela,Venezuela,Barquisimeto SC,Aragua FC,2026-10-07T22:30:00+00:00,23.2616,soccer.total_goals,period=ft,over,total=2.5,1.82
2026-10-08T00:06:44.306993+02:00,36666889,Copa Venezuela,Venezuela,Barquisimeto SC,Aragua FC,2026-10-07T22:30:00+00:00,23.2616,soccer.total_goals,period=ft,under,total=2.5,1.88
2026-10-08T00:06:44.306993+02:00,36666889,Copa Venezuela,Venezuela,Barquisimeto SC,Aragua FC,2026-10-07T22:30:00+00:00,23.2616,soccer.total_goals,period=ft,over,total=1.75,1.27
2026-10-08T00:06:44.306993+02:00,36666889,Copa Venezuela,Venezuela,Barquisimeto SC,Aragua FC,2026-10-07T22:30:00+00:00,23.2616,soccer.total_goals,period=ft,under,total=1.75,3.15
2026-10-08T00:06:44.306993+02:00,36666889,Copa Venezuela,Venezuela,Barquisimeto SC,Aragua FC,2026-10-07T22:30:00+00:00,23.2616,soccer.total_goals,period=ft,over,total=2,1.35
2026-10-08T00:06:44.306993+02:00,36666889,Copa Venezuela,Venezuela,Barquisimeto SC,Aragua FC,2026-10-07T22:30:00+00:00,23.2616,soccer.total_goals,period=ft,under,total=2,2.75
2026-10-08T00:06:44.306993+02:00,36666889,Copa Venezuela,Venezuela,Barquisimeto SC,Aragua FC,2026-10-07T22:30:00+00:00,23.2616,soccer.total_goals,period=ft,over,total=2.25,1.58
2026-10-08T00:06:44.306993+02:00,36666889,Copa Venezuela,Venezuela,Barquisimeto SC,Aragua FC,2026-10-07T22:30:00+00:00,23.2616,soccer.total_goals,period=ft,under,total=2.25,2.17
2026-10-08T00:06:44.306993+02:00,36666889,Copa Venezuela,Venezuela,Barquisimeto SC,Aragua FC,2026-10-07T22:30:00+00:00,23.2616,soccer.total_goals,period=ft,over,total=2.75,2.02
2026-10-08T00:06:44.306993+02:00,36666889,Copa Venezuela,Venezuela,Barquisimeto SC,Aragua FC,2026-10-07T22:30:00+00:00,23.2616,soccer.total_goals,period=ft,under,total=2.75,1.67
2026-10-08T00:06:44.306993+02:00,36666889,Copa Venezuela,Venezuela,Barquisimeto SC,Aragua FC,2026-10-07T22:30:00+00:00,23.2616,soccer.total_goals,period=ft,over,total=3,2.35
2026-10-08T00:06:44.306993+02:00,36666889,Copa Venezuela,Venezuela,Barquisimeto SC,Aragua FC,2026-10-07T22:30:00+00:00,23.2616,soccer.total_goals,period=ft,under,total=3,1.47
2026-10-08T00:06:44.306993+02:00,36666889,Copa Venezuela,Venezuela,Barquisimeto SC,Aragua FC,2026-10-07T22:30:00+00:00,23.2616,soccer.total_goals,period=ft,over,total=3.25,2.65
2026-10-08T00:06:44.306993+02:00,36666889,Copa Venezuela,Venezuela,Barquisimeto SC,Aragua FC,2026-10-07T22:30:00+00:00,23.2616,soccer.total_goals,period=ft,under,total=3.25,1.38
2026-10-08T00:06:44.306993+02:00,36679767,Mexico Copa Mexico,Mexico,Inter Playa Del Carmen,Ejidatarios de Bonfil FC,2026-10-07T23:00:00+00:00,53.2616,soccer.asian_handicap,period=ft,home,handicap=-0.5,1.8
2026-10-08T00:06:44.306993+02:00,36679767,Mexico Copa Mexico,Mexico,Inter Playa Del Carmen,Ejidatarios de Bonfil FC,2026-10-07T23:00:00+00:00,53.2616,soccer.asian_handicap,period=ft,away,handicap=-0.5,1.9
2026-10-08T00:06:44.306993+02:00,36679767,Mexico Copa Mexico,Mexico,Inter Playa Del Carmen,Ejidatarios de Bonfil FC,2026-10-07T23:00:00+00:00,53.2616,soccer.asian_handicap,period=ft,home,handicap=-1.25,2.75
2026-10-08T00:06:44.306993+02:00,36679767,Mexico Copa Mexico,Mexico,Inter Playa Del Carmen,Ejidatarios de Bonfil FC,2026-10-07T23:00:00+00:00,53.2616,soccer.asian_handicap,period=ft,away,handicap=-1.25,1.35
2026-10-08T00:06:44.306993+02:00,36679767,Mexico Copa Mexico,Mexico,Inter Playa Del Carmen,Ejidatarios de Bonfil FC,2026-10-07T23:00:00+00:00,53.2616,soccer.asian_handicap,period=ft,home,handicap=-1,2.4
2026-10-08T00:06:44.306993+02:00,36679767,Mexico Copa Mexico,Mexico,Inter Playa Del Carmen,Ejidatarios de Bonfil FC,2026-10-07T23:00:00+00:00,53.2616,soccer.asian_handicap,period=ft,away,handicap=-1,1.45
2026-10-08T00:06:44.306993+02:00,36679767,Mexico Copa Mexico,Mexico,Inter Playa Del Carmen,Ejidatarios de Bonfil FC,2026-10-07T23:00:00+00:00,53.2616,soccer.asian_handicap,period=ft,home,handicap=-0.75,2.02
2026-10-08T00:06:44.306993+02:00,36679767,Mexico Copa Mexico,Mexico,Inter Playa Del Carmen,Ejidatarios de Bonfil FC,2026-10-07T23:00:00+00:00,53.2616,soccer.asian_handicap,period=ft,away,handicap=-0.75,1.68
2026-10-08T00:06:44.306993+02:00,36679767,Mexico Copa Mexico,Mexico,Inter Playa Del Carmen,Ejidatarios de Bonfil FC,2026-10-07T23:00:00+00:00,53.2616,soccer.asian_handicap,period=ft,home,handicap=-0.25,1.58
2026-10-08T00:06:44.306993+02:00,36679767,Mexico Copa Mexico,Mexico,Inter Playa Del Carmen,Ejidatarios de Bonfil FC,2026-10-07T23:00:00+00:00,53.2616,soccer.asian_handicap,period=ft,away,handicap=-0.25,2.18
2026-10-08T00:06:44.306993+02:00,36679767,Mexico Copa Mexico,Mexico,Inter Playa Del Carmen,Ejidatarios de Bonfil FC,2026-10-07T23:00:00+00:00,53.2616,soccer.asian_handicap,period=ft,home,handicap=0,1.36
2026-10-08T00:06:44.306993+02:00,36679767,Mexico Copa Mexico,Mexico,Inter Playa Del Carmen,Ejidatarios de Bonfil FC,2026-10-07T23:00:00+00:00,53.2616,soccer.asian_handicap,period=ft,away,handicap=0,2.7
2026-10-08T00:06:44.306993+02:00,36679767,Mexico Copa Mexico,Mexico,Inter Playa Del Carmen,Ejidatarios de Bonfil FC,2026-10-07T23:00:00+00:00,53.2616,soccer.asian_handicap,period=ft,home,handicap=0.25,1.28
2026-10-08T00:06:44.306993+02:00,36679767,Mexico Copa Mexico,Mexico,Inter Playa Del Carmen,Ejidatarios de Bonfil FC,2026-10-07T23:00:00+00:00,53.2616,soccer.asian_handicap,period=ft,away,handicap=0.25,3.05
2026-10-08T00:06:44.306993+02:00,36679767,Mexico Copa Mexico,Mexico,Inter Playa Del Carmen,Ejidatarios de Bonfil FC,2026-10-07T23:00:00+00:00,53.2616,soccer.match_odds,period=ft,home,,1.79
2026-10-08T00:06:44.306993+02:00,36679767,Mexico Copa Mexico,Mexico,Inter Playa Del Carmen,Ejidatarios de Bonfil FC,2026-10-07T23:00:00+00:00,53.2616,soccer.match_odds,period=ft,draw,,3.5
2026-10-08T00:06:44.306993+02:00,36679767,Mexico Copa Mexico,Mexico,Inter Playa Del Carmen,Ejidatarios de Bonfil FC,2026-10-07T23:00:00+00:00,53.2616,soccer.match_odds,period=ft,away,,3.5
2026-10-08T00:06:44.306993+02:00,36679767,Mexico Copa Mexico,Mexico,Inter Playa Del Carmen,Ejidatarios de Bonfil FC,2026-10-07T23:00:00+00:00,53.2616,soccer.total_goals,period=ft,over,total=2.75,1.89
2026-10-08T00:06:44.306993+02:00,36679767,Mexico Copa Mexico,Mexico,Inter Playa Del Carmen,Ejidatarios de Bonfil FC,2026-10-07T23:00:00+00:00,53.2616,soccer.total_goals,period=ft,under,total=2.75,1.8
2026-10-08T00:06:44.306993+02:00,36679767,Mexico Copa Mexico,Mexico,Inter Playa Del Carmen,Ejidatarios de Bonfil FC,2026-10-07T23:00:00+00:00,53.2616,soccer.total_goals,period=ft,over,total=2,1.3
2026-10-08T00:06:44.306993+02:00,36679767,Mexico Copa Mexico,Mexico,Inter Playa Del Carmen,Ejidatarios de Bonfil FC,2026-10-07T23:00:00+00:00,53.2616,soccer.total_goals,period=ft,under,total=2,3.0
2026-10-08T00:06:44.306993+02:00,36679767,Mexico Copa Mexico,Mexico,Inter Playa Del Carmen,Ejidatarios de Bonfil FC,2026-10-07T23:00:00+00:00,53.2616,soccer.total_goals,period=ft,over,total=2.25,1.49
2026-10-08T00:06:44.306993+02:00,36679767,Mexico Copa Mexico,Mexico,Inter Playa Del Carmen,Ejidatarios de Bonfil FC,2026-10-07T23:00:00+00:00,53.2616,soccer.total_goals,period=ft,under,total=2.25,2.3
2026-10-08T00:06:44.306993+02:00,36679767,Mexico Copa Mexico,Mexico,Inter Playa Del Carmen,Ejidatarios de Bonfil FC,2026-10-07T23:00:00+00:00,53.2616,soccer.total_goals,period=ft,over,total=2.5,1.68
2026-10-08T00:06:44.306993+02:00,36679767,Mexico Copa Mexico,Mexico,Inter Playa Del Carmen,Ejidatarios de Bonfil FC,2026-10-07T23:00:00+00:00,53.2616,soccer.total_goals,period=ft,under,total=2.5,2.01
2026-10-08T00:06:44.306993+02:00,36679767,Mexico Copa Mexico,Mexico,Inter Playa Del Carmen,Ejidatarios de Bonfil FC,2026-10-07T23:00:00+00:00,53.2616,soccer.total_goals,period=ft,over,total=3,2.2
2026-10-08T00:06:44.306993+02:00,36679767,Mexico Copa Mexico,Mexico,Inter Playa Del Carmen,Ejidatarios de Bonfil FC,2026-10-07T23:00:00+00:00,53.2616,soccer.total_goals,period=ft,under,total=3,1.57
2026-10-08T00:06:44.306993+02:00,36679767,Mexico Copa Mexico,Mexico,Inter Playa Del Carmen,Ejidatarios de Bonfil FC,2026-10-07T23:00:00+00:00,53.2616,soccer.total_goals,period=ft,over,total=3.25,2.45
2026-10-08T00:06:44.306993+02:00,36679767,Mexico Copa Mexico,Mexico,Inter Playa Del Carmen,Ejidatarios de Bonfil FC,2026-10-07T23:00:00+00:00,53.2616,soccer.total_goals,period=ft,under,total=3.25,1.44
2026-10-08T00:06:44.306993+02:00,36679767,Mexico Copa Mexico,Mexico,Inter Playa Del Carmen,Ejidatarios de Bonfil FC,2026-10-07T23:00:00+00:00,53.2616,soccer.total_goals,period=ft,over,total=3.5,2.75
2026-10-08T00:06:44.306993+02:00,36679767,Mexico Copa Mexico,Mexico,Inter Playa Del Carmen,Ejidatarios de Bonfil FC,2026-10-07T23:00:00+00:00,53.2616,soccer.total_goals,period=ft,under,total=3.5,1.35
2026-10-08T00:06:44.306993+02:00,36667093,Copa Uruguay,Uruguay,Libertad,CA Bella Vista,2026-10-07T23:00:00+00:00,53.2616,soccer.asian_handicap,period=ft,home,handicap=0.75,1.89
2026-10-08T00:06:44.306993+02:00,36667093,Copa Uruguay,Uruguay,Libertad,CA Bella Vista,2026-10-07T23:00:00+00:00,53.2616,soccer.asian_handicap,period=ft,away,handicap=0.75,1.8
2026-10-08T00:06:44.306993+02:00,36667093,Copa Uruguay,Uruguay,Libertad,CA Bella Vista,2026-10-07T23:00:00+00:00,53.2616,soccer.asian_handicap,period=ft,home,handicap=0,3.35
2026-10-08T00:06:44.306993+02:00,36667093,Copa Uruguay,Uruguay,Libertad,CA Bella Vista,2026-10-07T23:00:00+00:00,53.2616,soccer.asian_handicap,period=ft,away,handicap=0,1.24
2026-10-08T00:06:44.306993+02:00,36667093,Copa Uruguay,Uruguay,Libertad,CA Bella Vista,2026-10-07T23:00:00+00:00,53.2616,soccer.asian_handicap,period=ft,home,handicap=0.25,2.5
2026-10-08T00:06:44.306993+02:00,36667093,Copa Uruguay,Uruguay,Libertad,CA Bella Vista,2026-10-07T23:00:00+00:00,53.2616,soccer.asian_handicap,period=ft,away,handicap=0.25,1.42
2026-10-08T00:06:44.306993+02:00,36667093,Copa Uruguay,Uruguay,Libertad,CA Bella Vista,2026-10-07T23:00:00+00:00,53.2616,soccer.asian_handicap,period=ft,home,handicap=0.5,2.12
2026-10-08T00:06:44.306993+02:00,36667093,Copa Uruguay,Uruguay,Libertad,CA Bella Vista,2026-10-07T23:00:00+00:00,53.2616,soccer.asian_handicap,period=ft,away,handicap=0.5,1.61
2026-10-08T00:06:44.306993+02:00,36667093,Copa Uruguay,Uruguay,Libertad,CA Bella Vista,2026-10-07T23:00:00+00:00,53.2616,soccer.asian_handicap,period=ft,home,handicap=1,1.63
2026-10-08T00:06:44.306993+02:00,36667093,Copa Uruguay,Uruguay,Libertad,CA Bella Vista,2026-10-07T23:00:00+00:00,53.2616,soccer.asian_handicap,period=ft,away,handicap=1,2.08
2026-10-08T00:06:44.306993+02:00,36667093,Copa Uruguay,Uruguay,Libertad,CA Bella Vista,2026-10-07T23:00:00+00:00,53.2616,soccer.asian_handicap,period=ft,home,handicap=1.25,1.47
2026-10-08T00:06:44.306993+02:00,36667093,Copa Uruguay,Uruguay,Libertad,CA Bella Vista,2026-10-07T23:00:00+00:00,53.2616,soccer.asian_handicap,period=ft,away,handicap=1.25,2.35
2026-10-08T00:06:44.306993+02:00,36667093,Copa Uruguay,Uruguay,Libertad,CA Bella Vista,2026-10-07T23:00:00+00:00,53.2616,soccer.asian_handicap,period=ft,home,handicap=1.5,1.38
2026-10-08T00:06:44.306993+02:00,36667093,Copa Uruguay,Uruguay,Libertad,CA Bella Vista,2026-10-07T23:00:00+00:00,53.2616,soccer.asian_handicap,period=ft,away,handicap=1.5,2.65
2026-10-08T00:06:44.306993+02:00,36667093,Copa Uruguay,Uruguay,Libertad,CA Bella Vista,2026-10-07T23:00:00+00:00,53.2616,soccer.match_odds,period=ft,home,,4.35
2026-10-08T00:06:44.306993+02:00,36667093,Copa Uruguay,Uruguay,Libertad,CA Bella Vista,2026-10-07T23:00:00+00:00,53.2616,soccer.match_odds,period=ft,draw,,3.55
2026-10-08T00:06:44.306993+02:00,36667093,Copa Uruguay,Uruguay,Libertad,CA Bella Vista,2026-10-07T23:00:00+00:00,53.2616,soccer.match_odds,period=ft,away,,1.62
2026-10-08T00:06:44.306993+02:00,36667093,Copa Uruguay,Uruguay,Libertad,CA Bella Vista,2026-10-07T23:00:00+00:00,53.2616,soccer.total_goals,period=ft,over,total=2.5,1.8
2026-10-08T00:06:44.306993+02:00,36667093,Copa Uruguay,Uruguay,Libertad,CA Bella Vista,2026-10-07T23:00:00+00:00,53.2616,soccer.total_goals,period=ft,under,total=2.5,1.89
2026-10-08T00:06:44.306993+02:00,36667093,Copa Uruguay,Uruguay,Libertad,CA Bella Vista,2026-10-07T23:00:00+00:00,53.2616,soccer.total_goals,period=ft,over,total=1.75,1.29
2026-10-08T00:06:44.306993+02:00,36667093,Copa Uruguay,Uruguay,Libertad,CA Bella Vista,2026-10-07T23:00:00+00:00,53.2616,soccer.total_goals,period=ft,under,total=1.75,3.05
2026-10-08T00:06:44.306993+02:00,36667093,Copa Uruguay,Uruguay,Libertad,CA Bella Vista,2026-10-07T23:00:00+00:00,53.2616,soccer.total_goals,period=ft,over,total=2,1.37
2026-10-08T00:06:44.306993+02:00,36667093,Copa Uruguay,Uruguay,Libertad,CA Bella Vista,2026-10-07T23:00:00+00:00,53.2616,soccer.total_goals,period=ft,under,total=2,2.65
2026-10-08T00:06:44.306993+02:00,36667093,Copa Uruguay,Uruguay,Libertad,CA Bella Vista,2026-10-07T23:00:00+00:00,53.2616,soccer.total_goals,period=ft,over,total=2.25,1.59
2026-10-08T00:06:44.306993+02:00,36667093,Copa Uruguay,Uruguay,Libertad,CA Bella Vista,2026-10-07T23:00:00+00:00,53.2616,soccer.total_goals,period=ft,under,total=2.25,2.17
2026-10-08T00:06:44.306993+02:00,36667093,Copa Uruguay,Uruguay,Libertad,CA Bella Vista,2026-10-07T23:00:00+00:00,53.2616,soccer.total_goals,period=ft,over,total=2.75,2.01
2026-10-08T00:06:44.306993+02:00,36667093,Copa Uruguay,Uruguay,Libertad,CA Bella Vista,2026-10-07T23:00:00+00:00,53.2616,soccer.total_goals,period=ft,under,total=2.75,1.69
2026-10-08T00:06:44.306993+02:00,36667093,Copa Uruguay,Uruguay,Libertad,CA Bella Vista,2026-10-07T23:00:00+00:00,53.2616,soccer.total_goals,period=ft,over,total=3,2.3
2026-10-08T00:06:44.306993+02:00,36667093,Copa Uruguay,Uruguay,Libertad,CA Bella Vista,2026-10-07T23:00:00+00:00,53.2616,soccer.total_goals,period=ft,under,total=3,1.49
2026-10-08T00:06:44.306993+02:00,36667093,Copa Uruguay,Uruguay,Libertad,CA Bella Vista,2026-10-07T23:00:00+00:00,53.2616,soccer.total_goals,period=ft,over,total=3.25,2.6
2026-10-08T00:06:44.306993+02:00,36667093,Copa Uruguay,Uruguay,Libertad,CA Bella Vista,2026-10-07T23:00:00+00:00,53.2616,soccer.total_goals,period=ft,under,total=3.25,1.39
2026-10-08T00:06:44.306993+02:00,36657172,Copa Uruguay,Uruguay,Plaza Colonia,CA Juventud de Las Piedras,2026-10-07T23:00:00+00:00,53.2616,soccer.asian_handicap,period=ft,home,handicap=0.25,1.81
2026-10-08T00:06:44.306993+02:00,36657172,Copa Uruguay,Uruguay,Plaza Colonia,CA Juventud de Las Piedras,2026-10-07T23:00:00+00:00,53.2616,soccer.asian_handicap,period=ft,away,handicap=0.25,1.93
2026-10-08T00:06:44.306993+02:00,36657172,Copa Uruguay,Uruguay,Plaza Colonia,CA Juventud de Las Piedras,2026-10-07T23:00:00+00:00,53.2616,soccer.asian_handicap,period=ft,home,handicap=-0.5,3.15
2026-10-08T00:06:44.306993+02:00,36657172,Copa Uruguay,Uruguay,Plaza Colonia,CA Juventud de Las Piedras,2026-10-07T23:00:00+00:00,53.2616,soccer.asian_handicap,period=ft,away,handicap=-0.5,1.29
2026-10-08T00:06:44.306993+02:00,36657172,Copa Uruguay,Uruguay,Plaza Colonia,CA Juventud de Las Piedras,2026-10-07T23:00:00+00:00,53.2616,soccer.asian_handicap,period=ft,home,handicap=-0.25,2.7
2026-10-08T00:06:44.306993+02:00,36657172,Copa Uruguay,Uruguay,Plaza Colonia,CA Juventud de Las Piedras,2026-10-07T23:00:00+00:00,53.2616,soccer.asian_handicap,period=ft,away,handicap=-0.25,1.39
2026-10-08T00:06:44.306993+02:00,36657172,Copa Uruguay,Uruguay,Plaza Colonia,CA Juventud de Las Piedras,2026-10-07T23:00:00+00:00,53.2616,soccer.asian_handicap,period=ft,home,handicap=0,2.25
2026-10-08T00:06:44.306993+02:00,36657172,Copa Uruguay,Uruguay,Plaza Colonia,CA Juventud de Las Piedras,2026-10-07T23:00:00+00:00,53.2616,soccer.asian_handicap,period=ft,away,handicap=0,1.57
2026-10-08T00:06:44.306993+02:00,36657172,Copa Uruguay,Uruguay,Plaza Colonia,CA Juventud de Las Piedras,2026-10-07T23:00:00+00:00,53.2616,soccer.asian_handicap,period=ft,home,handicap=0.5,1.57
2026-10-08T00:06:44.306993+02:00,36657172,Copa Uruguay,Uruguay,Plaza Colonia,CA Juventud de Las Piedras,2026-10-07T23:00:00+00:00,53.2616,soccer.asian_handicap,period=ft,away,handicap=0.5,2.25
2026-10-08T00:06:44.306993+02:00,36657172,Copa Uruguay,Uruguay,Plaza Colonia,CA Juventud de Las Piedras,2026-10-07T23:00:00+00:00,53.2616,soccer.asian_handicap,period=ft,home,handicap=0.75,1.4
2026-10-08T00:06:44.306993+02:00,36657172,Copa Uruguay,Uruguay,Plaza Colonia,CA Juventud de Las Piedras,2026-10-07T23:00:00+00:00,53.2616,soccer.asian_handicap,period=ft,away,handicap=0.75,2.65
2026-10-08T00:06:44.306993+02:00,36657172,Copa Uruguay,Uruguay,Plaza Colonia,CA Juventud de Las Piedras,2026-10-07T23:00:00+00:00,53.2616,soccer.asian_handicap,period=ft,home,handicap=1,1.23
2026-10-08T00:06:44.306993+02:00,36657172,Copa Uruguay,Uruguay,Plaza Colonia,CA Juventud de Las Piedras,2026-10-07T23:00:00+00:00,53.2616,soccer.asian_handicap,period=ft,away,handicap=1,3.65
2026-10-08T00:06:44.306993+02:00,36657172,Copa Uruguay,Uruguay,Plaza Colonia,CA Juventud de Las Piedras,2026-10-07T23:00:00+00:00,53.2616,soccer.double_chance,period=ft,draw_away,,1.34
2026-10-08T00:06:44.306993+02:00,36657172,Copa Uruguay,Uruguay,Plaza Colonia,CA Juventud de Las Piedras,2026-10-07T23:00:00+00:00,53.2616,soccer.double_chance,period=ft,home_away,,1.38
2026-10-08T00:06:44.306993+02:00,36657172,Copa Uruguay,Uruguay,Plaza Colonia,CA Juventud de Las Piedras,2026-10-07T23:00:00+00:00,53.2616,soccer.double_chance,period=ft,home_draw,,1.59
2026-10-08T00:06:44.306993+02:00,36657172,Copa Uruguay,Uruguay,Plaza Colonia,CA Juventud de Las Piedras,2026-10-07T23:00:00+00:00,53.2616,soccer.match_odds,period=ft,home,,3.2
2026-10-08T00:06:44.306993+02:00,36657172,Copa Uruguay,Uruguay,Plaza Colonia,CA Juventud de Las Piedras,2026-10-07T23:00:00+00:00,53.2616,soccer.match_odds,period=ft,draw,,2.8
2026-10-08T00:06:44.306993+02:00,36657172,Copa Uruguay,Uruguay,Plaza Colonia,CA Juventud de Las Piedras,2026-10-07T23:00:00+00:00,53.2616,soccer.match_odds,period=ft,away,,2.25
2026-10-08T00:06:44.306993+02:00,36657172,Copa Uruguay,Uruguay,Plaza Colonia,CA Juventud de Las Piedras,2026-10-07T23:00:00+00:00,53.2616,soccer.total_goals,period=ft,over,total=2,1.78
2026-10-08T00:06:44.306993+02:00,36657172,Copa Uruguay,Uruguay,Plaza Colonia,CA Juventud de Las Piedras,2026-10-07T23:00:00+00:00,53.2616,soccer.total_goals,period=ft,under,total=2,1.98
2026-10-08T00:06:44.306993+02:00,36657172,Copa Uruguay,Uruguay,Plaza Colonia,CA Juventud de Las Piedras,2026-10-07T23:00:00+00:00,53.2616,soccer.total_goals,period=ft,over,total=1.25,1.26
2026-10-08T00:06:44.306993+02:00,36657172,Copa Uruguay,Uruguay,Plaza Colonia,CA Juventud de Las Piedras,2026-10-07T23:00:00+00:00,53.2616,soccer.total_goals,period=ft,under,total=1.25,3.35
2026-10-08T00:06:44.306993+02:00,36657172,Copa Uruguay,Uruguay,Plaza Colonia,CA Juventud de Las Piedras,2026-10-07T23:00:00+00:00,53.2616,soccer.total_goals,period=ft,over,total=1.5,1.42
2026-10-08T00:06:44.306993+02:00,36657172,Copa Uruguay,Uruguay,Plaza Colonia,CA Juventud de Las Piedras,2026-10-07T23:00:00+00:00,53.2616,soccer.total_goals,period=ft,under,total=1.5,2.6
2026-10-08T00:06:44.306993+02:00,36657172,Copa Uruguay,Uruguay,Plaza Colonia,CA Juventud de Las Piedras,2026-10-07T23:00:00+00:00,53.2616,soccer.total_goals,period=ft,over,total=1.75,1.55
2026-10-08T00:06:44.306993+02:00,36657172,Copa Uruguay,Uruguay,Plaza Colonia,CA Juventud de Las Piedras,2026-10-07T23:00:00+00:00,53.2616,soccer.total_goals,period=ft,under,total=1.75,2.3
2026-10-08T00:06:44.306993+02:00,36657172,Copa Uruguay,Uruguay,Plaza Colonia,CA Juventud de Las Piedras,2026-10-07T23:00:00+00:00,53.2616,soccer.total_goals,period=ft,over,total=2.25,2.08
2026-10-08T00:06:44.306993+02:00,36657172,Copa Uruguay,Uruguay,Plaza Colonia,CA Juventud de Las Piedras,2026-10-07T23:00:00+00:00,53.2616,soccer.total_goals,period=ft,under,total=2.25,1.67
2026-10-08T00:06:44.306993+02:00,36657172,Copa Uruguay,Uruguay,Plaza Colonia,CA Juventud de Las Piedras,2026-10-07T23:00:00+00:00,53.2616,soccer.total_goals,period=ft,over,total=2.5,2.35
2026-10-08T00:06:44.306993+02:00,36657172,Copa Uruguay,Uruguay,Plaza Colonia,CA Juventud de Las Piedras,2026-10-07T23:00:00+00:00,53.2616,soccer.total_goals,period=ft,under,total=2.5,1.5
2026-10-08T00:06:44.306993+02:00,36657172,Copa Uruguay,Uruguay,Plaza Colonia,CA Juventud de Las Piedras,2026-10-07T23:00:00+00:00,53.2616,soccer.total_goals,period=ft,over,total=2.75,2.8
2026-10-08T00:06:44.306993+02:00,36657172,Copa Uruguay,Uruguay,Plaza Colonia,CA Juventud de Las Piedras,2026-10-07T23:00:00+00:00,53.2616,soccer.total_goals,period=ft,under,total=2.75,1.36
2026-10-08T00:06:44.306993+02:00,36609416,Brasileiro Serie B,Brazil,Avai FC SC,Londrina EC PR,2026-10-07T22:30:00+00:00,23.2616,soccer.asian_handicap,period=ft,home,handicap=-0.25,1.89
2026-10-08T00:06:44.306993+02:00,36609416,Brasileiro Serie B,Brazil,Avai FC SC,Londrina EC PR,2026-10-07T22:30:00+00:00,23.2616,soccer.asian_handicap,period=ft,away,handicap=-0.25,1.94
2026-10-08T00:06:44.306993+02:00,36609416,Brasileiro Serie B,Brazil,Avai FC SC,Londrina EC PR,2026-10-07T22:30:00+00:00,23.2616,soccer.asian_handicap,period=ft,home,handicap=-1.25,4.05
2026-10-08T00:06:44.306993+02:00,36609416,Brasileiro Serie B,Brazil,Avai FC SC,Londrina EC PR,2026-10-07T22:30:00+00:00,23.2616,soccer.asian_handicap,period=ft,away,handicap=-1.25,1.24
2026-10-08T00:06:44.306993+02:00,36609416,Brasileiro Serie B,Brazil,Avai FC SC,Londrina EC PR,2026-10-07T22:30:00+00:00,23.2616,soccer.asian_handicap,period=ft,home,handicap=-1,3.55
2026-10-08T00:06:44.306993+02:00,36609416,Brasileiro Serie B,Brazil,Avai FC SC,Londrina EC PR,2026-10-07T22:30:00+00:00,23.2616,soccer.asian_handicap,period=ft,away,handicap=-1,1.29
2026-10-08T00:06:44.306993+02:00,36609416,Brasileiro Serie B,Brazil,Avai FC SC,Londrina EC PR,2026-10-07T22:30:00+00:00,23.2616,soccer.asian_handicap,period=ft,home,handicap=-0.75,2.65
2026-10-08T00:06:44.306993+02:00,36609416,Brasileiro Serie B,Brazil,Avai FC SC,Londrina EC PR,2026-10-07T22:30:00+00:00,23.2616,soccer.asian_handicap,period=ft,away,handicap=-0.75,1.48
2026-10-08T00:06:44.306993+02:00,36609416,Brasileiro Serie B,Brazil,Avai FC SC,Londrina EC PR,2026-10-07T22:30:00+00:00,23.2616,soccer.asian_handicap,period=ft,home,handicap=-0.5,2.2
2026-10-08T00:06:44.306993+02:00,36609416,Brasileiro Serie B,Brazil,Avai FC SC,Londrina EC PR,2026-10-07T22:30:00+00:00,23.2616,soccer.asian_handicap,period=ft,away,handicap=-0.5,1.67
2026-10-08T00:06:44.306993+02:00,36609416,Brasileiro Serie B,Brazil,Avai FC SC,Londrina EC PR,2026-10-07T22:30:00+00:00,23.2616,soccer.asian_handicap,period=ft,home,handicap=0,1.55
2026-10-08T00:06:44.306993+02:00,36609416,Brasileiro Serie B,Brazil,Avai FC SC,Londrina EC PR,2026-10-07T22:30:00+00:00,23.2616,soccer.asian_handicap,period=ft,away,handicap=0,2.45
2026-10-08T00:06:44.306993+02:00,36609416,Brasileiro Serie B,Brazil,Avai FC SC,Londrina EC PR,2026-10-07T22:30:00+00:00,23.2616,soccer.asian_handicap,period=ft,home,handicap=0.25,1.4
2026-10-08T00:06:44.306993+02:00,36609416,Brasileiro Serie B,Brazil,Avai FC SC,Londrina EC PR,2026-10-07T22:30:00+00:00,23.2616,soccer.asian_handicap,period=ft,away,handicap=0.25,3.0
2026-10-08T00:06:44.306993+02:00,36609416,Brasileiro Serie B,Brazil,Avai FC SC,Londrina EC PR,2026-10-07T22:30:00+00:00,23.2616,soccer.asian_handicap,period=ft,home,handicap=0.5,1.3
2026-10-08T00:06:44.306993+02:00,36609416,Brasileiro Serie B,Brazil,Avai FC SC,Londrina EC PR,2026-10-07T22:30:00+00:00,23.2616,soccer.asian_handicap,period=ft,away,handicap=0.5,3.45
2026-10-08T00:06:44.306993+02:00,36609416,Brasileiro Serie B,Brazil,Avai FC SC,Londrina EC PR,2026-10-07T22:30:00+00:00,23.2616,soccer.asian_handicap,period=ft,home,handicap=0.75,1.19
2026-10-08T00:06:44.306993+02:00,36609416,Brasileiro Serie B,Brazil,Avai FC SC,Londrina EC PR,2026-10-07T22:30:00+00:00,23.2616,soccer.asian_handicap,period=ft,away,handicap=0.75,4.6
2026-10-08T00:06:44.306993+02:00,36609416,Brasileiro Serie B,Brazil,Avai FC SC,Londrina EC PR,2026-10-07T22:30:00+00:00,23.2616,soccer.double_chance,period=ft,draw_away,,1.66
2026-10-08T00:06:44.306993+02:00,36609416,Brasileiro Serie B,Brazil,Avai FC SC,Londrina EC PR,2026-10-07T22:30:00+00:00,23.2616,soccer.double_chance,period=ft,home_away,,1.36
2026-10-08T00:06:44.306993+02:00,36609416,Brasileiro Serie B,Brazil,Avai FC SC,Londrina EC PR,2026-10-07T22:30:00+00:00,23.2616,soccer.double_chance,period=ft,home_draw,,1.3
2026-10-08T00:06:44.306993+02:00,36609416,Brasileiro Serie B,Brazil,Avai FC SC,Londrina EC PR,2026-10-07T22:30:00+00:00,23.2616,soccer.match_odds,period=ft,home,,2.2
2026-10-08T00:06:44.306993+02:00,36609416,Brasileiro Serie B,Brazil,Avai FC SC,Londrina EC PR,2026-10-07T22:30:00+00:00,23.2616,soccer.match_odds,period=ft,draw,,3.1
2026-10-08T00:06:44.306993+02:00,36609416,Brasileiro Serie B,Brazil,Avai FC SC,Londrina EC PR,2026-10-07T22:30:00+00:00,23.2616,soccer.match_odds,period=ft,away,,3.5
2026-10-08T00:06:44.306993+02:00,36609416,Brasileiro Serie B,Brazil,Avai FC SC,Londrina EC PR,2026-10-07T22:30:00+00:00,23.2616,soccer.total_goals,period=ft,over,total=2.25,2.03
2026-10-08T00:06:44.306993+02:00,36609416,Brasileiro Serie B,Brazil,Avai FC SC,Londrina EC PR,2026-10-07T22:30:00+00:00,23.2616,soccer.total_goals,period=ft,under,total=2.25,1.8
2026-10-08T00:06:44.306993+02:00,36609416,Brasileiro Serie B,Brazil,Avai FC SC,Londrina EC PR,2026-10-07T22:30:00+00:00,23.2616,soccer.total_goals,period=ft,over,total=1.5,1.41
2026-10-08T00:06:44.306993+02:00,36609416,Brasileiro Serie B,Brazil,Avai FC SC,Londrina EC PR,2026-10-07T22:30:00+00:00,23.2616,soccer.total_goals,period=ft,under,total=1.5,2.85
2026-10-08T00:06:44.306993+02:00,36609416,Brasileiro Serie B,Brazil,Avai FC SC,Londrina EC PR,2026-10-07T22:30:00+00:00,23.2616,soccer.total_goals,period=ft,over,total=1.75,1.53
2026-10-08T00:06:44.306993+02:00,36609416,Brasileiro Serie B,Brazil,Avai FC SC,Londrina EC PR,2026-10-07T22:30:00+00:00,23.2616,soccer.total_goals,period=ft,under,total=1.75,2.5
2026-10-08T00:06:44.306993+02:00,36609416,Brasileiro Serie B,Brazil,Avai FC SC,Londrina EC PR,2026-10-07T22:30:00+00:00,23.2616,soccer.total_goals,period=ft,over,total=2,1.72
2026-10-08T00:06:44.306993+02:00,36609416,Brasileiro Serie B,Brazil,Avai FC SC,Londrina EC PR,2026-10-07T22:30:00+00:00,23.2616,soccer.total_goals,period=ft,under,total=2,2.13
2026-10-08T00:06:44.306993+02:00,36609416,Brasileiro Serie B,Brazil,Avai FC SC,Londrina EC PR,2026-10-07T22:30:00+00:00,23.2616,soccer.total_goals,period=ft,over,total=2.5,2.3
2026-10-08T00:06:44.306993+02:00,36609416,Brasileiro Serie B,Brazil,Avai FC SC,Londrina EC PR,2026-10-07T22:30:00+00:00,23.2616,soccer.total_goals,period=ft,under,total=2.5,1.6
2026-10-08T00:06:44.306993+02:00,36609416,Brasileiro Serie B,Brazil,Avai FC SC,Londrina EC PR,2026-10-07T22:30:00+00:00,23.2616,soccer.total_goals,period=ft,over,total=2.75,2.75
2026-10-08T00:06:44.306993+02:00,36609416,Brasileiro Serie B,Brazil,Avai FC SC,Londrina EC PR,2026-10-07T22:30:00+00:00,23.2616,soccer.total_goals,period=ft,under,total=2.75,1.45
2026-10-08T00:06:44.306993+02:00,36609416,Brasileiro Serie B,Brazil,Avai FC SC,Londrina EC PR,2026-10-07T22:30:00+00:00,23.2616,soccer.total_goals,period=ft,over,total=3.5,4.3
2026-10-08T00:06:44.306993+02:00,36609416,Brasileiro Serie B,Brazil,Avai FC SC,Londrina EC PR,2026-10-07T22:30:00+00:00,23.2616,soccer.total_goals,period=ft,under,total=3.5,1.21
2026-10-08T00:06:44.306993+02:00,36609397,Brasileiro Serie B,Brazil,Operario Ferroviario EC PR,Botafogo FC SP,2026-10-07T22:30:00+00:00,23.2616,soccer.asian_handicap,period=ft,home,handicap=-0.25,1.92
2026-10-08T00:06:44.306993+02:00,36609397,Brasileiro Serie B,Brazil,Operario Ferroviario EC PR,Botafogo FC SP,2026-10-07T22:30:00+00:00,23.2616,soccer.asian_handicap,period=ft,away,handicap=-0.25,1.92
2026-10-08T00:06:44.306993+02:00,36609397,Brasileiro Serie B,Brazil,Operario Ferroviario EC PR,Botafogo FC SP,2026-10-07T22:30:00+00:00,23.2616,soccer.asian_handicap,period=ft,home,handicap=-1.25,4.0
2026-10-08T00:06:44.306993+02:00,36609397,Brasileiro Serie B,Brazil,Operario Ferroviario EC PR,Botafogo FC SP,2026-10-07T22:30:00+00:00,23.2616,soccer.asian_handicap,period=ft,away,handicap=-1.25,1.24
2026-10-08T00:06:44.306993+02:00,36609397,Brasileiro Serie B,Brazil,Operario Ferroviario EC PR,Botafogo FC SP,2026-10-07T22:30:00+00:00,23.2616,soccer.asian_handicap,period=ft,home,handicap=-1,3.55
2026-10-08T00:06:44.306993+02:00,36609397,Brasileiro Serie B,Brazil,Operario Ferroviario EC PR,Botafogo FC SP,2026-10-07T22:30:00+00:00,23.2616,soccer.asian_handicap,period=ft,away,handicap=-1,1.29
2026-10-08T00:06:44.306993+02:00,36609397,Brasileiro Serie B,Brazil,Operario Ferroviario EC PR,Botafogo FC SP,2026-10-07T22:30:00+00:00,23.2616,soccer.asian_handicap,period=ft,home,handicap=-0.75,2.65
2026-10-08T00:06:44.306993+02:00,36609397,Brasileiro Serie B,Brazil,Operario Ferroviario EC PR,Botafogo FC SP,2026-10-07T22:30:00+00:00,23.2616,soccer.asian_handicap,period=ft,away,handicap=-0.75,1.48
2026-10-08T00:06:44.306993+02:00,36609397,Brasileiro Serie B,Brazil,Operario Ferroviario EC PR,Botafogo FC SP,2026-10-07T22:30:00+00:00,23.2616,soccer.asian_handicap,period=ft,home,handicap=-0.5,2.2
2026-10-08T00:06:44.306993+02:00,36609397,Brasileiro Serie B,Brazil,Operario Ferroviario EC PR,Botafogo FC SP,2026-10-07T22:30:00+00:00,23.2616,soccer.asian_handicap,period=ft,away,handicap=-0.5,1.67
2026-10-08T00:06:44.306993+02:00,36609397,Brasileiro Serie B,Brazil,Operario Ferroviario EC PR,Botafogo FC SP,2026-10-07T22:30:00+00:00,23.2616,soccer.asian_handicap,period=ft,home,handicap=0,1.58
2026-10-08T00:06:44.306993+02:00,36609397,Brasileiro Serie B,Brazil,Operario Ferroviario EC PR,Botafogo FC SP,2026-10-07T22:30:00+00:00,23.2616,soccer.asian_handicap,period=ft,away,handicap=0,2.4
2026-10-08T00:06:44.306993+02:00,36609397,Brasileiro Serie B,Brazil,Operario Ferroviario EC PR,Botafogo FC SP,2026-10-07T22:30:00+00:00,23.2616,soccer.asian_handicap,period=ft,home,handicap=0.25,1.42
2026-10-08T00:06:44.306993+02:00,36609397,Brasileiro Serie B,Brazil,Operario Ferroviario EC PR,Botafogo FC SP,2026-10-07T22:30:00+00:00,23.2616,soccer.asian_handicap,period=ft,away,handicap=0.25,2.9
2026-10-08T00:06:44.306993+02:00,36609397,Brasileiro Serie B,Brazil,Operario Ferroviario EC PR,Botafogo FC SP,2026-10-07T22:30:00+00:00,23.2616,soccer.asian_handicap,period=ft,home,handicap=0.5,1.32
2026-10-08T00:06:44.306993+02:00,36609397,Brasileiro Serie B,Brazil,Operario Ferroviario EC PR,Botafogo FC SP,2026-10-07T22:30:00+00:00,23.2616,soccer.asian_handicap,period=ft,away,handicap=0.5,3.35
2026-10-08T00:06:44.306993+02:00,36609397,Brasileiro Serie B,Brazil,Operario Ferroviario EC PR,Botafogo FC SP,2026-10-07T22:30:00+00:00,23.2616,soccer.asian_handicap,period=ft,home,handicap=0.75,1.21
2026-10-08T00:06:44.306993+02:00,36609397,Brasileiro Serie B,Brazil,Operario Ferroviario EC PR,Botafogo FC SP,2026-10-07T22:30:00+00:00,23.2616,soccer.asian_handicap,period=ft,away,handicap=0.75,4.4
2026-10-08T00:06:44.306993+02:00,36609397,Brasileiro Serie B,Brazil,Operario Ferroviario EC PR,Botafogo FC SP,2026-10-07T22:30:00+00:00,23.2616,soccer.double_chance,period=ft,draw_away,,1.65
2026-10-08T00:06:44.306993+02:00,36609397,Brasileiro Serie B,Brazil,Operario Ferroviario EC PR,Botafogo FC SP,2026-10-07T22:30:00+00:00,23.2616,soccer.double_chance,period=ft,home_away,,1.34
2026-10-08T00:06:44.306993+02:00,36609397,Brasileiro Serie B,Brazil,Operario Ferroviario EC PR,Botafogo FC SP,2026-10-07T22:30:00+00:00,23.2616,soccer.double_chance,period=ft,home_draw,,1.32
2026-10-08T00:06:44.306993+02:00,36609397,Brasileiro Serie B,Brazil,Operario Ferroviario EC PR,Botafogo FC SP,2026-10-07T22:30:00+00:00,23.2616,soccer.match_odds,period=ft,home,,2.2
2026-10-08T00:06:44.306993+02:00,36609397,Brasileiro Serie B,Brazil,Operario Ferroviario EC PR,Botafogo FC SP,2026-10-07T22:30:00+00:00,23.2616,soccer.match_odds,period=ft,draw,,3.2
2026-10-08T00:06:44.306993+02:00,36609397,Brasileiro Serie B,Brazil,Operario Ferroviario EC PR,Botafogo FC SP,2026-10-07T22:30:00+00:00,23.2616,soccer.match_odds,period=ft,away,,3.35
2026-10-08T00:06:44.306993+02:00,36609397,Brasileiro Serie B,Brazil,Operario Ferroviario EC PR,Botafogo FC SP,2026-10-07T22:30:00+00:00,23.2616,soccer.total_goals,period=ft,over,total=2.25,1.97
2026-10-08T00:06:44.306993+02:00,36609397,Brasileiro Serie B,Brazil,Operario Ferroviario EC PR,Botafogo FC SP,2026-10-07T22:30:00+00:00,23.2616,soccer.total_goals,period=ft,under,total=2.25,1.86
2026-10-08T00:06:44.306993+02:00,36609397,Brasileiro Serie B,Brazil,Operario Ferroviario EC PR,Botafogo FC SP,2026-10-07T22:30:00+00:00,23.2616,soccer.total_goals,period=ft,over,total=1.5,1.39
2026-10-08T00:06:44.306993+02:00,36609397,Brasileiro Serie B,Brazil,Operario Ferroviario EC PR,Botafogo FC SP,2026-10-07T22:30:00+00:00,23.2616,soccer.total_goals,period=ft,under,total=1.5,2.95
2026-10-08T00:06:44.306993+02:00,36609397,Brasileiro Serie B,Brazil,Operario Ferroviario EC PR,Botafogo FC SP,2026-10-07T22:30:00+00:00,23.2616,soccer.total_goals,period=ft,over,total=1.75,1.49
2026-10-08T00:06:44.306993+02:00,36609397,Brasileiro Serie B,Brazil,Operario Ferroviario EC PR,Botafogo FC SP,2026-10-07T22:30:00+00:00,23.2616,soccer.total_goals,period=ft,under,total=1.75,2.6
2026-10-08T00:06:44.306993+02:00,36609397,Brasileiro Serie B,Brazil,Operario Ferroviario EC PR,Botafogo FC SP,2026-10-07T22:30:00+00:00,23.2616,soccer.total_goals,period=ft,over,total=2,1.66
2026-10-08T00:06:44.306993+02:00,36609397,Brasileiro Serie B,Brazil,Operario Ferroviario EC PR,Botafogo FC SP,2026-10-07T22:30:00+00:00,23.2616,soccer.total_goals,period=ft,under,total=2,2.2
2026-10-08T00:06:44.306993+02:00,36609397,Brasileiro Serie B,Brazil,Operario Ferroviario EC PR,Botafogo FC SP,2026-10-07T22:30:00+00:00,23.2616,soccer.total_goals,period=ft,over,total=2.5,2.2
2026-10-08T00:06:44.306993+02:00,36609397,Brasileiro Serie B,Brazil,Operario Ferroviario EC PR,Botafogo FC SP,2026-10-07T22:30:00+00:00,23.2616,soccer.total_goals,period=ft,under,total=2.5,1.65
2026-10-08T00:06:44.306993+02:00,36609397,Brasileiro Serie B,Brazil,Operario Ferroviario EC PR,Botafogo FC SP,2026-10-07T22:30:00+00:00,23.2616,soccer.total_goals,period=ft,over,total=2.75,2.6
2026-10-08T00:06:44.306993+02:00,36609397,Brasileiro Serie B,Brazil,Operario Ferroviario EC PR,Botafogo FC SP,2026-10-07T22:30:00+00:00,23.2616,soccer.total_goals,period=ft,under,total=2.75,1.48
2026-10-08T00:06:44.306993+02:00,36609397,Brasileiro Serie B,Brazil,Operario Ferroviario EC PR,Botafogo FC SP,2026-10-07T22:30:00+00:00,23.2616,soccer.total_goals,period=ft,over,total=3.5,4.15
2026-10-08T00:06:44.306993+02:00,36609397,Brasileiro Serie B,Brazil,Operario Ferroviario EC PR,Botafogo FC SP,2026-10-07T22:30:00+00:00,23.2616,soccer.total_goals,period=ft,under,total=3.5,1.22
2026-10-08T00:06:44.306993+02:00,36609422,Brasileiro Serie B,Brazil,America FC MG,Fortaleza EC CE,2026-10-07T23:30:00+00:00,83.2616,soccer.asian_handicap,period=ft,home,handicap=0.5,1.92
2026-10-08T00:06:44.306993+02:00,36609422,Brasileiro Serie B,Brazil,America FC MG,Fortaleza EC CE,2026-10-07T23:30:00+00:00,83.2616,soccer.asian_handicap,period=ft,away,handicap=0.5,1.92
2026-10-08T00:06:44.306993+02:00,36609422,Brasileiro Serie B,Brazil,America FC MG,Fortaleza EC CE,2026-10-07T23:30:00+00:00,83.2616,soccer.asian_handicap,period=ft,home,handicap=-0.5,4.0
2026-10-08T00:06:44.306993+02:00,36609422,Brasileiro Serie B,Brazil,America FC MG,Fortaleza EC CE,2026-10-07T23:30:00+00:00,83.2616,soccer.asian_handicap,period=ft,away,handicap=-0.5,1.24
2026-10-08T00:06:44.306993+02:00,36609422,Brasileiro Serie B,Brazil,America FC MG,Fortaleza EC CE,2026-10-07T23:30:00+00:00,83.2616,soccer.asian_handicap,period=ft,home,handicap=-0.25,3.5
2026-10-08T00:06:44.306993+02:00,36609422,Brasileiro Serie B,Brazil,America FC MG,Fortaleza EC CE,2026-10-07T23:30:00+00:00,83.2616,soccer.asian_handicap,period=ft,away,handicap=-0.25,1.3
2026-10-08T00:06:44.306993+02:00,36609422,Brasileiro Serie B,Brazil,America FC MG,Fortaleza EC CE,2026-10-07T23:30:00+00:00,83.2616,soccer.asian_handicap,period=ft,home,handicap=0,3.0
2026-10-08T00:06:44.306993+02:00,36609422,Brasileiro Serie B,Brazil,America FC MG,Fortaleza EC CE,2026-10-07T23:30:00+00:00,83.2616,soccer.asian_handicap,period=ft,away,handicap=0,1.4
2026-10-08T00:06:44.306993+02:00,36609422,Brasileiro Serie B,Brazil,America FC MG,Fortaleza EC CE,2026-10-07T23:30:00+00:00,83.2616,soccer.asian_handicap,period=ft,home,handicap=0.25,2.25
2026-10-08T00:06:44.306993+02:00,36609422,Brasileiro Serie B,Brazil,America FC MG,Fortaleza EC CE,2026-10-07T23:30:00+00:00,83.2616,soccer.asian_handicap,period=ft,away,handicap=0.25,1.65
2026-10-08T00:06:44.306993+02:00,36609422,Brasileiro Serie B,Brazil,America FC MG,Fortaleza EC CE,2026-10-07T23:30:00+00:00,83.2616,soccer.asian_handicap,period=ft,home,handicap=0.75,1.67
2026-10-08T00:06:44.306993+02:00,36609422,Brasileiro Serie B,Brazil,America FC MG,Fortaleza EC CE,2026-10-07T23:30:00+00:00,83.2616,soccer.asian_handicap,period=ft,away,handicap=0.75,2.2
2026-10-08T00:06:44.306993+02:00,36609422,Brasileiro Serie B,Brazil,America FC MG,Fortaleza EC CE,2026-10-07T23:30:00+00:00,83.2616,soccer.asian_handicap,period=ft,home,handicap=1,1.43
2026-10-08T00:06:44.306993+02:00,36609422,Brasileiro Serie B,Brazil,America FC MG,Fortaleza EC CE,2026-10-07T23:30:00+00:00,83.2616,soccer.asian_handicap,period=ft,away,handicap=1,2.85
2026-10-08T00:06:44.306993+02:00,36609422,Brasileiro Serie B,Brazil,America FC MG,Fortaleza EC CE,2026-10-07T23:30:00+00:00,83.2616,soccer.asian_handicap,period=ft,home,handicap=1.25,1.33
2026-10-08T00:06:44.306993+02:00,36609422,Brasileiro Serie B,Brazil,America FC MG,Fortaleza EC CE,2026-10-07T23:30:00+00:00,83.2616,soccer.asian_handicap,period=ft,away,handicap=1.25,3.3
2026-10-08T00:06:44.306993+02:00,36609422,Brasileiro Serie B,Brazil,America FC MG,Fortaleza EC CE,2026-10-07T23:30:00+00:00,83.2616,soccer.asian_handicap,period=ft,home,handicap=1.5,1.27
2026-10-08T00:06:44.306993+02:00,36609422,Brasileiro Serie B,Brazil,America FC MG,Fortaleza EC CE,2026-10-07T23:30:00+00:00,83.2616,soccer.asian_handicap,period=ft,away,handicap=1.5,3.75
2026-10-08T00:06:44.306993+02:00,36609422,Brasileiro Serie B,Brazil,America FC MG,Fortaleza EC CE,2026-10-07T23:30:00+00:00,83.2616,soccer.double_chance,period=ft,draw_away,,1.24
2026-10-08T00:06:44.306993+02:00,36609422,Brasileiro Serie B,Brazil,America FC MG,Fortaleza EC CE,2026-10-07T23:30:00+00:00,83.2616,soccer.double_chance,period=ft,home_away,,1.3
2026-10-08T00:06:44.306993+02:00,36609422,Brasileiro Serie B,Brazil,America FC MG,Fortaleza EC CE,2026-10-07T23:30:00+00:00,83.2616,soccer.double_chance,period=ft,home_draw,,1.89
2026-10-08T00:06:44.306993+02:00,36609422,Brasileiro Serie B,Brazil,America FC MG,Fortaleza EC CE,2026-10-07T23:30:00+00:00,83.2616,soccer.match_odds,period=ft,home,,4.05
2026-10-08T00:06:44.306993+02:00,36609422,Brasileiro Serie B,Brazil,America FC MG,Fortaleza EC CE,2026-10-07T23:30:00+00:00,83.2616,soccer.match_odds,period=ft,draw,,3.5
2026-10-08T00:06:44.306993+02:00,36609422,Brasileiro Serie B,Brazil,America FC MG,Fortaleza EC CE,2026-10-07T23:30:00+00:00,83.2616,soccer.match_odds,period=ft,away,,1.91
2026-10-08T00:06:44.306993+02:00,36609422,Brasileiro Serie B,Brazil,America FC MG,Fortaleza EC CE,2026-10-07T23:30:00+00:00,83.2616,soccer.total_goals,period=ft,over,total=2.25,1.82
2026-10-08T00:06:44.306993+02:00,36609422,Brasileiro Serie B,Brazil,America FC MG,Fortaleza EC CE,2026-10-07T23:30:00+00:00,83.2616,soccer.total_goals,period=ft,under,total=2.25,2.01
2026-10-08T00:06:44.306993+02:00,36609422,Brasileiro Serie B,Brazil,America FC MG,Fortaleza EC CE,2026-10-07T23:30:00+00:00,83.2616,soccer.total_goals,period=ft,over,total=1.5,1.34
2026-10-08T00:06:44.306993+02:00,36609422,Brasileiro Serie B,Brazil,America FC MG,Fortaleza EC CE,2026-10-07T23:30:00+00:00,83.2616,soccer.total_goals,period=ft,under,total=1.5,3.2
2026-10-08T00:06:44.306993+02:00,36609422,Brasileiro Serie B,Brazil,America FC MG,Fortaleza EC CE,2026-10-07T23:30:00+00:00,83.2616,soccer.total_goals,period=ft,over,total=1.75,1.42
2026-10-08T00:06:44.306993+02:00,36609422,Brasileiro Serie B,Brazil,America FC MG,Fortaleza EC CE,2026-10-07T23:30:00+00:00,83.2616,soccer.total_goals,period=ft,under,total=1.75,2.85
2026-10-08T00:06:44.306993+02:00,36609422,Brasileiro Serie B,Brazil,America FC MG,Fortaleza EC CE,2026-10-07T23:30:00+00:00,83.2616,soccer.total_goals,period=ft,over,total=2,1.55
2026-10-08T00:06:44.306993+02:00,36609422,Brasileiro Serie B,Brazil,America FC MG,Fortaleza EC CE,2026-10-07T23:30:00+00:00,83.2616,soccer.total_goals,period=ft,under,total=2,2.45
2026-10-08T00:06:44.306993+02:00,36609422,Brasileiro Serie B,Brazil,America FC MG,Fortaleza EC CE,2026-10-07T23:30:00+00:00,83.2616,soccer.total_goals,period=ft,over,total=2.5,2.08
2026-10-08T00:06:44.306993+02:00,36609422,Brasileiro Serie B,Brazil,America FC MG,Fortaleza EC CE,2026-10-07T23:30:00+00:00,83.2616,soccer.total_goals,period=ft,under,total=2.5,1.75
2026-10-08T00:06:44.306993+02:00,36609422,Brasileiro Serie B,Brazil,America FC MG,Fortaleza EC CE,2026-10-07T23:30:00+00:00,83.2616,soccer.total_goals,period=ft,over,total=2.75,2.4
2026-10-08T00:06:44.306993+02:00,36609422,Brasileiro Serie B,Brazil,America FC MG,Fortaleza EC CE,2026-10-07T23:30:00+00:00,83.2616,soccer.total_goals,period=ft,under,total=2.75,1.56
2026-10-08T00:06:44.306993+02:00,36609422,Brasileiro Serie B,Brazil,America FC MG,Fortaleza EC CE,2026-10-07T23:30:00+00:00,83.2616,soccer.total_goals,period=ft,over,total=3.5,3.75
2026-10-08T00:06:44.306993+02:00,36609422,Brasileiro Serie B,Brazil,America FC MG,Fortaleza EC CE,2026-10-07T23:30:00+00:00,83.2616,soccer.total_goals,period=ft,under,total=3.5,1.26
2026-10-08T00:06:44.306993+02:00,36435229,Brasileiro Serie A,Brazil,Clube do Remo PA,Gremio FB Porto Alegrense RS,2026-10-07T22:30:00+00:00,23.2616,soccer.asian_handicap,period=ft,home,handicap=-0.5,2.07
2026-10-08T00:06:44.306993+02:00,36435229,Brasileiro Serie A,Brazil,Clube do Remo PA,Gremio FB Porto Alegrense RS,2026-10-07T22:30:00+00:00,23.2616,soccer.asian_handicap,period=ft,away,handicap=-0.5,1.81
2026-10-08T00:06:44.306993+02:00,36435229,Brasileiro Serie A,Brazil,Clube do Remo PA,Gremio FB Porto Alegrense RS,2026-10-07T22:30:00+00:00,23.2616,soccer.asian_handicap,period=ft,home,handicap=-1.5,3.85
2026-10-08T00:06:44.306993+02:00,36435229,Brasileiro Serie A,Brazil,Clube do Remo PA,Gremio FB Porto Alegrense RS,2026-10-07T22:30:00+00:00,23.2616,soccer.asian_handicap,period=ft,away,handicap=-1.5,1.27
2026-10-08T00:06:44.306993+02:00,36435229,Brasileiro Serie A,Brazil,Clube do Remo PA,Gremio FB Porto Alegrense RS,2026-10-07T22:30:00+00:00,23.2616,soccer.asian_handicap,period=ft,home,handicap=-1.25,3.45
2026-10-08T00:06:44.306993+02:00,36435229,Brasileiro Serie A,Brazil,Clube do Remo PA,Gremio FB Porto Alegrense RS,2026-10-07T22:30:00+00:00,23.2616,soccer.asian_handicap,period=ft,away,handicap=-1.25,1.32
2026-10-08T00:06:44.306993+02:00,36435229,Brasileiro Serie A,Brazil,Clube do Remo PA,Gremio FB Porto Alegrense RS,2026-10-07T22:30:00+00:00,23.2616,soccer.asian_handicap,period=ft,home,handicap=-1,3.0
2026-10-08T00:06:44.306993+02:00,36435229,Brasileiro Serie A,Brazil,Clube do Remo PA,Gremio FB Porto Alegrense RS,2026-10-07T22:30:00+00:00,23.2616,soccer.asian_handicap,period=ft,away,handicap=-1,1.4
2026-10-08T00:06:44.306993+02:00,36435229,Brasileiro Serie A,Brazil,Clube do Remo PA,Gremio FB Porto Alegrense RS,2026-10-07T22:30:00+00:00,23.2616,soccer.asian_handicap,period=ft,home,handicap=-0.75,2.4
2026-10-08T00:06:44.306993+02:00,36435229,Brasileiro Serie A,Brazil,Clube do Remo PA,Gremio FB Porto Alegrense RS,2026-10-07T22:30:00+00:00,23.2616,soccer.asian_handicap,period=ft,away,handicap=-0.75,1.6
2026-10-08T00:06:44.306993+02:00,36435229,Brasileiro Serie A,Brazil,Clube do Remo PA,Gremio FB Porto Alegrense RS,2026-10-07T22:30:00+00:00,23.2616,soccer.asian_handicap,period=ft,home,handicap=-0.25,1.77
2026-10-08T00:06:44.306993+02:00,36435229,Brasileiro Serie A,Brazil,Clube do Remo PA,Gremio FB Porto Alegrense RS,2026-10-07T22:30:00+00:00,23.2616,soccer.asian_handicap,period=ft,away,handicap=-0.25,2.09
2026-10-08T00:06:44.306993+02:00,36435229,Brasileiro Serie A,Brazil,Clube do Remo PA,Gremio FB Porto Alegrense RS,2026-10-07T22:30:00+00:00,23.2616,soccer.asian_handicap,period=ft,home,handicap=0,1.49
2026-10-08T00:06:44.306993+02:00,36435229,Brasileiro Serie A,Brazil,Clube do Remo PA,Gremio FB Porto Alegrense RS,2026-10-07T22:30:00+00:00,23.2616,soccer.asian_handicap,period=ft,away,handicap=0,2.7
2026-10-08T00:06:44.306993+02:00,36435229,Brasileiro Serie A,Brazil,Clube do Remo PA,Gremio FB Porto Alegrense RS,2026-10-07T22:30:00+00:00,23.2616,soccer.asian_handicap,period=ft,home,handicap=0.25,1.36
2026-10-08T00:06:44.306993+02:00,36435229,Brasileiro Serie A,Brazil,Clube do Remo PA,Gremio FB Porto Alegrense RS,2026-10-07T22:30:00+00:00,23.2616,soccer.asian_handicap,period=ft,away,handicap=0.25,3.15
2026-10-08T00:06:44.306993+02:00,36435229,Brasileiro Serie A,Brazil,Clube do Remo PA,Gremio FB Porto Alegrense RS,2026-10-07T22:30:00+00:00,23.2616,soccer.asian_handicap,period=ft,home,handicap=0.5,1.29
2026-10-08T00:06:44.306993+02:00,36435229,Brasileiro Serie A,Brazil,Clube do Remo PA,Gremio FB Porto Alegrense RS,2026-10-07T22:30:00+00:00,23.2616,soccer.asian_handicap,period=ft,away,handicap=0.5,3.65
2026-10-08T00:06:44.306993+02:00,36435229,Brasileiro Serie A,Brazil,Clube do Remo PA,Gremio FB Porto Alegrense RS,2026-10-07T22:30:00+00:00,23.2616,soccer.double_chance,period=ft,draw_away,,1.78
2026-10-08T00:06:44.306993+02:00,36435229,Brasileiro Serie A,Brazil,Clube do Remo PA,Gremio FB Porto Alegrense RS,2026-10-07T22:30:00+00:00,23.2616,soccer.double_chance,period=ft,home_away,,1.31
2026-10-08T00:06:44.306993+02:00,36435229,Brasileiro Serie A,Brazil,Clube do Remo PA,Gremio FB Porto Alegrense RS,2026-10-07T22:30:00+00:00,23.2616,soccer.double_chance,period=ft,home_draw,,1.31
2026-10-08T00:06:44.306993+02:00,36435229,Brasileiro Serie A,Brazil,Clube do Remo PA,Gremio FB Porto Alegrense RS,2026-10-07T22:30:00+00:00,23.2616,soccer.match_odds,period=ft,home,,2.07
2026-10-08T00:06:44.306993+02:00,36435229,Brasileiro Serie A,Brazil,Clube do Remo PA,Gremio FB Porto Alegrense RS,2026-10-07T22:30:00+00:00,23.2616,soccer.match_odds,period=ft,draw,,3.45
2026-10-08T00:06:44.306993+02:00,36435229,Brasileiro Serie A,Brazil,Clube do Remo PA,Gremio FB Porto Alegrense RS,2026-10-07T22:30:00+00:00,23.2616,soccer.match_odds,period=ft,away,,3.7
2026-10-08T00:06:44.306993+02:00,36435229,Brasileiro Serie A,Brazil,Clube do Remo PA,Gremio FB Porto Alegrense RS,2026-10-07T22:30:00+00:00,23.2616,soccer.total_goals,period=ft,over,total=2.5,2.0
2026-10-08T00:06:44.306993+02:00,36435229,Brasileiro Serie A,Brazil,Clube do Remo PA,Gremio FB Porto Alegrense RS,2026-10-07T22:30:00+00:00,23.2616,soccer.total_goals,period=ft,under,total=2.5,1.86
2026-10-08T00:06:44.306993+02:00,36435229,Brasileiro Serie A,Brazil,Clube do Remo PA,Gremio FB Porto Alegrense RS,2026-10-07T22:30:00+00:00,23.2616,soccer.total_goals,period=ft,over,total=1.5,1.29
2026-10-08T00:06:44.306993+02:00,36435229,Brasileiro Serie A,Brazil,Clube do Remo PA,Gremio FB Porto Alegrense RS,2026-10-07T22:30:00+00:00,23.2616,soccer.total_goals,period=ft,under,total=1.5,3.55
2026-10-08T00:06:44.306993+02:00,36435229,Brasileiro Serie A,Brazil,Clube do Remo PA,Gremio FB Porto Alegrense RS,2026-10-07T22:30:00+00:00,23.2616,soccer.total_goals,period=ft,over,total=2,1.48
2026-10-08T00:06:44.306993+02:00,36435229,Brasileiro Serie A,Brazil,Clube do Remo PA,Gremio FB Porto Alegrense RS,2026-10-07T22:30:00+00:00,23.2616,soccer.total_goals,period=ft,under,total=2,2.7
2026-10-08T00:06:44.306993+02:00,36435229,Brasileiro Serie A,Brazil,Clube do Remo PA,Gremio FB Porto Alegrense RS,2026-10-07T22:30:00+00:00,23.2616,soccer.total_goals,period=ft,over,total=2.25,1.73
2026-10-08T00:06:44.306993+02:00,36435229,Brasileiro Serie A,Brazil,Clube do Remo PA,Gremio FB Porto Alegrense RS,2026-10-07T22:30:00+00:00,23.2616,soccer.total_goals,period=ft,under,total=2.25,2.13
2026-10-08T00:06:44.306993+02:00,36435229,Brasileiro Serie A,Brazil,Clube do Remo PA,Gremio FB Porto Alegrense RS,2026-10-07T22:30:00+00:00,23.2616,soccer.total_goals,period=ft,over,total=2.75,2.25
2026-10-08T00:06:44.306993+02:00,36435229,Brasileiro Serie A,Brazil,Clube do Remo PA,Gremio FB Porto Alegrense RS,2026-10-07T22:30:00+00:00,23.2616,soccer.total_goals,period=ft,under,total=2.75,1.66
2026-10-08T00:06:44.306993+02:00,36435229,Brasileiro Serie A,Brazil,Clube do Remo PA,Gremio FB Porto Alegrense RS,2026-10-07T22:30:00+00:00,23.2616,soccer.total_goals,period=ft,over,total=3,2.7
2026-10-08T00:06:44.306993+02:00,36435229,Brasileiro Serie A,Brazil,Clube do Remo PA,Gremio FB Porto Alegrense RS,2026-10-07T22:30:00+00:00,23.2616,soccer.total_goals,period=ft,under,total=3,1.47
2026-10-08T00:06:44.306993+02:00,36435229,Brasileiro Serie A,Brazil,Clube do Remo PA,Gremio FB Porto Alegrense RS,2026-10-07T22:30:00+00:00,23.2616,soccer.total_goals,period=ft,over,total=3.5,3.4
2026-10-08T00:06:44.306993+02:00,36435229,Brasileiro Serie A,Brazil,Clube do Remo PA,Gremio FB Porto Alegrense RS,2026-10-07T22:30:00+00:00,23.2616,soccer.total_goals,period=ft,under,total=3.5,1.32
2026-10-08T00:06:44.306993+02:00,36435229,Brasileiro Serie A,Brazil,Clube do Remo PA,Gremio FB Porto Alegrense RS,2026-10-07T22:30:00+00:00,23.2616,soccer.total_goals,period=ft,over,total=4.5,6.65
2026-10-08T00:06:44.306993+02:00,36435229,Brasileiro Serie A,Brazil,Clube do Remo PA,Gremio FB Porto Alegrense RS,2026-10-07T22:30:00+00:00,23.2616,soccer.total_goals,period=ft,under,total=4.5,1.11
2026-10-08T00:06:44.306993+02:00,36435228,Brasileiro Serie A,Brazil,Red Bull Bragantino SP,Mirassol FC SP,2026-10-07T22:30:00+00:00,23.2616,soccer.asian_handicap,period=ft,home,handicap=-0.75,1.95
2026-10-08T00:06:44.306993+02:00,36435228,Brasileiro Serie A,Brazil,Red Bull Bragantino SP,Mirassol FC SP,2026-10-07T22:30:00+00:00,23.2616,soccer.asian_handicap,period=ft,away,handicap=-0.75,1.93
2026-10-08T00:06:44.306993+02:00,36435228,Brasileiro Serie A,Brazil,Red Bull Bragantino SP,Mirassol FC SP,2026-10-07T22:30:00+00:00,23.2616,soccer.asian_handicap,period=ft,home,handicap=-1.75,3.75
2026-10-08T00:06:44.306993+02:00,36435228,Brasileiro Serie A,Brazil,Red Bull Bragantino SP,Mirassol FC SP,2026-10-07T22:30:00+00:00,23.2616,soccer.asian_handicap,period=ft,away,handicap=-1.75,1.28
2026-10-08T00:06:44.306993+02:00,36435228,Brasileiro Serie A,Brazil,Red Bull Bragantino SP,Mirassol FC SP,2026-10-07T22:30:00+00:00,23.2616,soccer.asian_handicap,period=ft,home,handicap=-1.5,3.0
2026-10-08T00:06:44.306993+02:00,36435228,Brasileiro Serie A,Brazil,Red Bull Bragantino SP,Mirassol FC SP,2026-10-07T22:30:00+00:00,23.2616,soccer.asian_handicap,period=ft,away,handicap=-1.5,1.4
2026-10-08T00:06:44.306993+02:00,36435228,Brasileiro Serie A,Brazil,Red Bull Bragantino SP,Mirassol FC SP,2026-10-07T22:30:00+00:00,23.2616,soccer.asian_handicap,period=ft,home,handicap=-1.25,2.65
2026-10-08T00:06:44.306993+02:00,36435228,Brasileiro Serie A,Brazil,Red Bull Bragantino SP,Mirassol FC SP,2026-10-07T22:30:00+00:00,23.2616,soccer.asian_handicap,period=ft,away,handicap=-1.25,1.5
2026-10-08T00:06:44.306993+02:00,36435228,Brasileiro Serie A,Brazil,Red Bull Bragantino SP,Mirassol FC SP,2026-10-07T22:30:00+00:00,23.2616,soccer.asian_handicap,period=ft,home,handicap=-1,2.3
2026-10-08T00:06:44.306993+02:00,36435228,Brasileiro Serie A,Brazil,Red Bull Bragantino SP,Mirassol FC SP,2026-10-07T22:30:00+00:00,23.2616,soccer.asian_handicap,period=ft,away,handicap=-1,1.65
2026-10-08T00:06:44.306993+02:00,36435228,Brasileiro Serie A,Brazil,Red Bull Bragantino SP,Mirassol FC SP,2026-10-07T22:30:00+00:00,23.2616,soccer.asian_handicap,period=ft,home,handicap=-0.5,1.72
2026-10-08T00:06:44.306993+02:00,36435228,Brasileiro Serie A,Brazil,Red Bull Bragantino SP,Mirassol FC SP,2026-10-07T22:30:00+00:00,23.2616,soccer.asian_handicap,period=ft,away,handicap=-0.5,2.17
2026-10-08T00:06:44.306993+02:00,36435228,Brasileiro Serie A,Brazil,Red Bull Bragantino SP,Mirassol FC SP,2026-10-07T22:30:00+00:00,23.2616,soccer.asian_handicap,period=ft,home,handicap=-0.25,1.51
2026-10-08T00:06:44.306993+02:00,36435228,Brasileiro Serie A,Brazil,Red Bull Bragantino SP,Mirassol FC SP,2026-10-07T22:30:00+00:00,23.2616,soccer.asian_handicap,period=ft,away,handicap=-0.25,2.6
2026-10-08T00:06:44.306993+02:00,36435228,Brasileiro Serie A,Brazil,Red Bull Bragantino SP,Mirassol FC SP,2026-10-07T22:30:00+00:00,23.2616,soccer.asian_handicap,period=ft,home,handicap=0,1.3
2026-10-08T00:06:44.306993+02:00,36435228,Brasileiro Serie A,Brazil,Red Bull Bragantino SP,Mirassol FC SP,2026-10-07T22:30:00+00:00,23.2616,soccer.asian_handicap,period=ft,away,handicap=0,3.6
2026-10-08T00:06:44.306993+02:00,36435228,Brasileiro Serie A,Brazil,Red Bull Bragantino SP,Mirassol FC SP,2026-10-07T22:30:00+00:00,23.2616,soccer.asian_handicap,period=ft,home,handicap=0.25,1.24
2026-10-08T00:06:44.306993+02:00,36435228,Brasileiro Serie A,Brazil,Red Bull Bragantino SP,Mirassol FC SP,2026-10-07T22:30:00+00:00,23.2616,soccer.asian_handicap,period=ft,away,handicap=0.25,4.2
2026-10-08T00:06:44.306993+02:00,36435228,Brasileiro Serie A,Brazil,Red Bull Bragantino SP,Mirassol FC SP,2026-10-07T22:30:00+00:00,23.2616,soccer.double_chance,period=ft,draw_away,,2.15
2026-10-08T00:06:44.306993+02:00,36435228,Brasileiro Serie A,Brazil,Red Bull Bragantino SP,Mirassol FC SP,2026-10-07T22:30:00+00:00,23.2616,soccer.double_chance,period=ft,home_away,,1.27
2026-10-08T00:06:44.306993+02:00,36435228,Brasileiro Serie A,Brazil,Red Bull Bragantino SP,Mirassol FC SP,2026-10-07T22:30:00+00:00,23.2616,soccer.double_chance,period=ft,home_draw,,1.2
2026-10-08T00:06:44.306993+02:00,36435228,Brasileiro Serie A,Brazil,Red Bull Bragantino SP,Mirassol FC SP,2026-10-07T22:30:00+00:00,23.2616,soccer.match_odds,period=ft,home,,1.72
2026-10-08T00:06:44.306993+02:00,36435228,Brasileiro Serie A,Brazil,Red Bull Bragantino SP,Mirassol FC SP,2026-10-07T22:30:00+00:00,23.2616,soccer.match_odds,period=ft,draw,,3.9
2026-10-08T00:06:44.306993+02:00,36435228,Brasileiro Serie A,Brazil,Red Bull Bragantino SP,Mirassol FC SP,2026-10-07T22:30:00+00:00,23.2616,soccer.match_odds,period=ft,away,,4.8
2026-10-08T00:06:44.306993+02:00,36435228,Brasileiro Serie A,Brazil,Red Bull Bragantino SP,Mirassol FC SP,2026-10-07T22:30:00+00:00,23.2616,soccer.total_goals,period=ft,over,total=2.75,1.89
2026-10-08T00:06:44.306993+02:00,36435228,Brasileiro Serie A,Brazil,Red Bull Bragantino SP,Mirassol FC SP,2026-10-07T22:30:00+00:00,23.2616,soccer.total_goals,period=ft,under,total=2.75,1.98
2026-10-08T00:06:44.306993+02:00,36435228,Brasileiro Serie A,Brazil,Red Bull Bragantino SP,Mirassol FC SP,2026-10-07T22:30:00+00:00,23.2616,soccer.total_goals,period=ft,over,total=1.5,1.21
2026-10-08T00:06:44.306993+02:00,36435228,Brasileiro Serie A,Brazil,Red Bull Bragantino SP,Mirassol FC SP,2026-10-07T22:30:00+00:00,23.2616,soccer.total_goals,period=ft,under,total=1.5,4.45
2026-10-08T00:06:44.306993+02:00,36435228,Brasileiro Serie A,Brazil,Red Bull Bragantino SP,Mirassol FC SP,2026-10-07T22:30:00+00:00,23.2616,soccer.total_goals,period=ft,over,total=2.25,1.5
2026-10-08T00:06:44.306993+02:00,36435228,Brasileiro Serie A,Brazil,Red Bull Bragantino SP,Mirassol FC SP,2026-10-07T22:30:00+00:00,23.2616,soccer.total_goals,period=ft,under,total=2.25,2.6
2026-10-08T00:06:44.306993+02:00,36435228,Brasileiro Serie A,Brazil,Red Bull Bragantino SP,Mirassol FC SP,2026-10-07T22:30:00+00:00,23.2616,soccer.total_goals,period=ft,over,total=2.5,1.69
2026-10-08T00:06:44.306993+02:00,36435228,Brasileiro Serie A,Brazil,Red Bull Bragantino SP,Mirassol FC SP,2026-10-07T22:30:00+00:00,23.2616,soccer.total_goals,period=ft,under,total=2.5,2.2
2026-10-08T00:06:44.306993+02:00,36435228,Brasileiro Serie A,Brazil,Red Bull Bragantino SP,Mirassol FC SP,2026-10-07T22:30:00+00:00,23.2616,soccer.total_goals,period=ft,over,total=3,2.16
2026-10-08T00:06:44.306993+02:00,36435228,Brasileiro Serie A,Brazil,Red Bull Bragantino SP,Mirassol FC SP,2026-10-07T22:30:00+00:00,23.2616,soccer.total_goals,period=ft,under,total=3,1.71
2026-10-08T00:06:44.306993+02:00,36435228,Brasileiro Serie A,Brazil,Red Bull Bragantino SP,Mirassol FC SP,2026-10-07T22:30:00+00:00,23.2616,soccer.total_goals,period=ft,over,total=3.25,2.45
2026-10-08T00:06:44.306993+02:00,36435228,Brasileiro Serie A,Brazil,Red Bull Bragantino SP,Mirassol FC SP,2026-10-07T22:30:00+00:00,23.2616,soccer.total_goals,period=ft,under,total=3.25,1.56
2026-10-08T00:06:44.306993+02:00,36435228,Brasileiro Serie A,Brazil,Red Bull Bragantino SP,Mirassol FC SP,2026-10-07T22:30:00+00:00,23.2616,soccer.total_goals,period=ft,over,total=3.5,2.75
2026-10-08T00:06:44.306993+02:00,36435228,Brasileiro Serie A,Brazil,Red Bull Bragantino SP,Mirassol FC SP,2026-10-07T22:30:00+00:00,23.2616,soccer.total_goals,period=ft,under,total=3.5,1.45
2026-10-08T00:06:44.306993+02:00,36435228,Brasileiro Serie A,Brazil,Red Bull Bragantino SP,Mirassol FC SP,2026-10-07T22:30:00+00:00,23.2616,soccer.total_goals,period=ft,over,total=4.5,5.25
2026-10-08T00:06:44.306993+02:00,36435228,Brasileiro Serie A,Brazil,Red Bull Bragantino SP,Mirassol FC SP,2026-10-07T22:30:00+00:00,23.2616,soccer.total_goals,period=ft,under,total=4.5,1.16
2026-10-08T00:06:44.306993+02:00,36435230,Brasileiro Serie A,Brazil,SC Internacional RS,SC Corinthians SP,2026-10-07T22:30:00+00:00,23.2616,soccer.asian_handicap,period=ft,home,handicap=-0.25,2.12
2026-10-08T00:06:44.306993+02:00,36435230,Brasileiro Serie A,Brazil,SC Internacional RS,SC Corinthians SP,2026-10-07T22:30:00+00:00,23.2616,soccer.asian_handicap,period=ft,away,handicap=-0.25,1.78
2026-10-08T00:06:44.306993+02:00,36435230,Brasileiro Serie A,Brazil,SC Internacional RS,SC Corinthians SP,2026-10-07T22:30:00+00:00,23.2616,soccer.asian_handicap,period=ft,home,handicap=-1.25,4.9
2026-10-08T00:06:44.306993+02:00,36435230,Brasileiro Serie A,Brazil,SC Internacional RS,SC Corinthians SP,2026-10-07T22:30:00+00:00,23.2616,soccer.asian_handicap,period=ft,away,handicap=-1.25,1.19
2026-10-08T00:06:44.306993+02:00,36435230,Brasileiro Serie A,Brazil,SC Internacional RS,SC Corinthians SP,2026-10-07T22:30:00+00:00,23.2616,soccer.asian_handicap,period=ft,home,handicap=-1,4.3
2026-10-08T00:06:44.306993+02:00,36435230,Brasileiro Serie A,Brazil,SC Internacional RS,SC Corinthians SP,2026-10-07T22:30:00+00:00,23.2616,soccer.asian_handicap,period=ft,away,handicap=-1,1.22
2026-10-08T00:06:44.306993+02:00,36435230,Brasileiro Serie A,Brazil,SC Internacional RS,SC Corinthians SP,2026-10-07T22:30:00+00:00,23.2616,soccer.asian_handicap,period=ft,home,handicap=-0.75,3.05
2026-10-08T00:06:44.306993+02:00,36435230,Brasileiro Serie A,Brazil,SC Internacional RS,SC Corinthians SP,2026-10-07T22:30:00+00:00,23.2616,soccer.asian_handicap,period=ft,away,handicap=-0.75,1.39
2026-10-08T00:06:44.306993+02:00,36435230,Brasileiro Serie A,Brazil,SC Internacional RS,SC Corinthians SP,2026-10-07T22:30:00+00:00,23.2616,soccer.asian_handicap,period=ft,home,handicap=-0.5,2.5
2026-10-08T00:06:44.306993+02:00,36435230,Brasileiro Serie A,Brazil,SC Internacional RS,SC Corinthians SP,2026-10-07T22:30:00+00:00,23.2616,soccer.asian_handicap,period=ft,away,handicap=-0.5,1.56
2026-10-08T00:06:44.306993+02:00,36435230,Brasileiro Serie A,Brazil,SC Internacional RS,SC Corinthians SP,2026-10-07T22:30:00+00:00,23.2616,soccer.asian_handicap,period=ft,home,handicap=0,1.7
2026-10-08T00:06:44.306993+02:00,36435230,Brasileiro Serie A,Brazil,SC Internacional RS,SC Corinthians SP,2026-10-07T22:30:00+00:00,23.2616,soccer.asian_handicap,period=ft,away,handicap=0,2.2
2026-10-08T00:06:44.306993+02:00,36435230,Brasileiro Serie A,Brazil,SC Internacional RS,SC Corinthians SP,2026-10-07T22:30:00+00:00,23.2616,soccer.asian_handicap,period=ft,home,handicap=0.25,1.48
2026-10-08T00:06:44.306993+02:00,36435230,Brasileiro Serie A,Brazil,SC Internacional RS,SC Corinthians SP,2026-10-07T22:30:00+00:00,23.2616,soccer.asian_handicap,period=ft,away,handicap=0.25,2.7
2026-10-08T00:06:44.306993+02:00,36435230,Brasileiro Serie A,Brazil,SC Internacional RS,SC Corinthians SP,2026-10-07T22:30:00+00:00,23.2616,soccer.asian_handicap,period=ft,home,handicap=0.5,1.36
2026-10-08T00:06:44.306993+02:00,36435230,Brasileiro Serie A,Brazil,SC Internacional RS,SC Corinthians SP,2026-10-07T22:30:00+00:00,23.2616,soccer.asian_handicap,period=ft,away,handicap=0.5,3.2
2026-10-08T00:06:44.306993+02:00,36435230,Brasileiro Serie A,Brazil,SC Internacional RS,SC Corinthians SP,2026-10-07T22:30:00+00:00,23.2616,soccer.asian_handicap,period=ft,home,handicap=0.75,1.23
2026-10-08T00:06:44.306993+02:00,36435230,Brasileiro Serie A,Brazil,SC Internacional RS,SC Corinthians SP,2026-10-07T22:30:00+00:00,23.2616,soccer.asian_handicap,period=ft,away,handicap=0.75,4.2
2026-10-08T00:06:44.306993+02:00,36435230,Brasileiro Serie A,Brazil,SC Internacional RS,SC Corinthians SP,2026-10-07T22:30:00+00:00,23.2616,soccer.double_chance,period=ft,draw_away,,1.56
2026-10-08T00:06:44.306993+02:00,36435230,Brasileiro Serie A,Brazil,SC Internacional RS,SC Corinthians SP,2026-10-07T22:30:00+00:00,23.2616,soccer.double_chance,period=ft,home_away,,1.4
2026-10-08T00:06:44.306993+02:00,36435230,Brasileiro Serie A,Brazil,SC Internacional RS,SC Corinthians SP,2026-10-07T22:30:00+00:00,23.2616,soccer.double_chance,period=ft,home_draw,,1.36
2026-10-08T00:06:44.306993+02:00,36435230,Brasileiro Serie A,Brazil,SC Internacional RS,SC Corinthians SP,2026-10-07T22:30:00+00:00,23.2616,soccer.match_odds,period=ft,home,,2.5
2026-10-08T00:06:44.306993+02:00,36435230,Brasileiro Serie A,Brazil,SC Internacional RS,SC Corinthians SP,2026-10-07T22:30:00+00:00,23.2616,soccer.match_odds,period=ft,draw,,3.0
2026-10-08T00:06:44.306993+02:00,36435230,Brasileiro Serie A,Brazil,SC Internacional RS,SC Corinthians SP,2026-10-07T22:30:00+00:00,23.2616,soccer.match_odds,period=ft,away,,3.2
2026-10-08T00:06:44.306993+02:00,36435230,Brasileiro Serie A,Brazil,SC Internacional RS,SC Corinthians SP,2026-10-07T22:30:00+00:00,23.2616,soccer.total_goals,period=ft,over,total=2,1.89
2026-10-08T00:06:44.306993+02:00,36435230,Brasileiro Serie A,Brazil,SC Internacional RS,SC Corinthians SP,2026-10-07T22:30:00+00:00,23.2616,soccer.total_goals,period=ft,under,total=2,1.98
2026-10-08T00:06:44.306993+02:00,36435230,Brasileiro Serie A,Brazil,SC Internacional RS,SC Corinthians SP,2026-10-07T22:30:00+00:00,23.2616,soccer.total_goals,period=ft,over,total=0.5,1.1
2026-10-08T00:06:44.306993+02:00,36435230,Brasileiro Serie A,Brazil,SC Internacional RS,SC Corinthians SP,2026-10-07T22:30:00+00:00,23.2616,soccer.total_goals,period=ft,under,total=0.5,6.95
2026-10-08T00:06:44.306993+02:00,36435230,Brasileiro Serie A,Brazil,SC Internacional RS,SC Corinthians SP,2026-10-07T22:30:00+00:00,23.2616,soccer.total_goals,period=ft,over,total=1.5,1.49
2026-10-08T00:06:44.306993+02:00,36435230,Brasileiro Serie A,Brazil,SC Internacional RS,SC Corinthians SP,2026-10-07T22:30:00+00:00,23.2616,soccer.total_goals,period=ft,under,total=1.5,2.65
2026-10-08T00:06:44.306993+02:00,36435230,Brasileiro Serie A,Brazil,SC Internacional RS,SC Corinthians SP,2026-10-07T22:30:00+00:00,23.2616,soccer.total_goals,period=ft,over,total=1.75,1.63
2026-10-08T00:06:44.306993+02:00,36435230,Brasileiro Serie A,Brazil,SC Internacional RS,SC Corinthians SP,2026-10-07T22:30:00+00:00,23.2616,soccer.total_goals,period=ft,under,total=1.75,2.3
2026-10-08T00:06:44.306993+02:00,36435230,Brasileiro Serie A,Brazil,SC Internacional RS,SC Corinthians SP,2026-10-07T22:30:00+00:00,23.2616,soccer.total_goals,period=ft,over,total=2.25,2.2
2026-10-08T00:06:44.306993+02:00,36435230,Brasileiro Serie A,Brazil,SC Internacional RS,SC Corinthians SP,2026-10-07T22:30:00+00:00,23.2616,soccer.total_goals,period=ft,under,total=2.25,1.69
2026-10-08T00:06:44.306993+02:00,36435230,Brasileiro Serie A,Brazil,SC Internacional RS,SC Corinthians SP,2026-10-07T22:30:00+00:00,23.2616,soccer.total_goals,period=ft,over,total=2.5,2.5
2026-10-08T00:06:44.306993+02:00,36435230,Brasileiro Serie A,Brazil,SC Internacional RS,SC Corinthians SP,2026-10-07T22:30:00+00:00,23.2616,soccer.total_goals,period=ft,under,total=2.5,1.53
2026-10-08T00:06:44.306993+02:00,36435230,Brasileiro Serie A,Brazil,SC Internacional RS,SC Corinthians SP,2026-10-07T22:30:00+00:00,23.2616,soccer.total_goals,period=ft,over,total=3.5,4.75
2026-10-08T00:06:44.306993+02:00,36435230,Brasileiro Serie A,Brazil,SC Internacional RS,SC Corinthians SP,2026-10-07T22:30:00+00:00,23.2616,soccer.total_goals,period=ft,under,total=3.5,1.19
2026-10-08T00:06:44.306993+02:00,36435231,Brasileiro Serie A,Brazil,EC Vitoria BA,Chapecoense SC,2026-10-07T23:00:00+00:00,53.2616,soccer.asian_handicap,period=ft,home,handicap=-1,1.94
2026-10-08T00:06:44.306993+02:00,36435231,Brasileiro Serie A,Brazil,EC Vitoria BA,Chapecoense SC,2026-10-07T23:00:00+00:00,53.2616,soccer.asian_handicap,period=ft,away,handicap=-1,1.94
2026-10-08T00:06:44.306993+02:00,36435231,Brasileiro Serie A,Brazil,EC Vitoria BA,Chapecoense SC,2026-10-07T23:00:00+00:00,53.2616,soccer.asian_handicap,period=ft,home,handicap=-2,4.25
2026-10-08T00:06:44.306993+02:00,36435231,Brasileiro Serie A,Brazil,EC Vitoria BA,Chapecoense SC,2026-10-07T23:00:00+00:00,53.2616,soccer.asian_handicap,period=ft,away,handicap=-2,1.23
2026-10-08T00:06:44.306993+02:00,36435231,Brasileiro Serie A,Brazil,EC Vitoria BA,Chapecoense SC,2026-10-07T23:00:00+00:00,53.2616,soccer.asian_handicap,period=ft,home,handicap=-1.75,3.1
2026-10-08T00:06:44.306993+02:00,36435231,Brasileiro Serie A,Brazil,EC Vitoria BA,Chapecoense SC,2026-10-07T23:00:00+00:00,53.2616,soccer.asian_handicap,period=ft,away,handicap=-1.75,1.38
2026-10-08T00:06:44.306993+02:00,36435231,Brasileiro Serie A,Brazil,EC Vitoria BA,Chapecoense SC,2026-10-07T23:00:00+00:00,53.2616,soccer.asian_handicap,period=ft,home,handicap=-1.5,2.55
2026-10-08T00:06:44.306993+02:00,36435231,Brasileiro Serie A,Brazil,EC Vitoria BA,Chapecoense SC,2026-10-07T23:00:00+00:00,53.2616,soccer.asian_handicap,period=ft,away,handicap=-1.5,1.53
2026-10-08T00:06:44.306993+02:00,36435231,Brasileiro Serie A,Brazil,EC Vitoria BA,Chapecoense SC,2026-10-07T23:00:00+00:00,53.2616,soccer.asian_handicap,period=ft,home,handicap=-1.25,2.2
2026-10-08T00:06:44.306993+02:00,36435231,Brasileiro Serie A,Brazil,EC Vitoria BA,Chapecoense SC,2026-10-07T23:00:00+00:00,53.2616,soccer.asian_handicap,period=ft,away,handicap=-1.25,1.68
2026-10-08T00:06:44.306993+02:00,36435231,Brasileiro Serie A,Brazil,EC Vitoria BA,Chapecoense SC,2026-10-07T23:00:00+00:00,53.2616,soccer.asian_handicap,period=ft,home,handicap=-0.75,1.67
2026-10-08T00:06:44.306993+02:00,36435231,Brasileiro Serie A,Brazil,EC Vitoria BA,Chapecoense SC,2026-10-07T23:00:00+00:00,53.2616,soccer.asian_handicap,period=ft,away,handicap=-0.75,2.25
2026-10-08T00:06:44.306993+02:00,36435231,Brasileiro Serie A,Brazil,EC Vitoria BA,Chapecoense SC,2026-10-07T23:00:00+00:00,53.2616,soccer.asian_handicap,period=ft,home,handicap=-0.5,1.53
2026-10-08T00:06:44.306993+02:00,36435231,Brasileiro Serie A,Brazil,EC Vitoria BA,Chapecoense SC,2026-10-07T23:00:00+00:00,53.2616,soccer.asian_handicap,period=ft,away,handicap=-0.5,2.55
2026-10-08T00:06:44.306993+02:00,36435231,Brasileiro Serie A,Brazil,EC Vitoria BA,Chapecoense SC,2026-10-07T23:00:00+00:00,53.2616,soccer.asian_handicap,period=ft,home,handicap=-0.25,1.35
2026-10-08T00:06:44.306993+02:00,36435231,Brasileiro Serie A,Brazil,EC Vitoria BA,Chapecoense SC,2026-10-07T23:00:00+00:00,53.2616,soccer.asian_handicap,period=ft,away,handicap=-0.25,3.2
2026-10-08T00:06:44.306993+02:00,36435231,Brasileiro Serie A,Brazil,EC Vitoria BA,Chapecoense SC,2026-10-07T23:00:00+00:00,53.2616,soccer.asian_handicap,period=ft,home,handicap=0,1.19
2026-10-08T00:06:44.306993+02:00,36435231,Brasileiro Serie A,Brazil,EC Vitoria BA,Chapecoense SC,2026-10-07T23:00:00+00:00,53.2616,soccer.asian_handicap,period=ft,away,handicap=0,4.85
2026-10-08T00:06:44.306993+02:00,36435231,Brasileiro Serie A,Brazil,EC Vitoria BA,Chapecoense SC,2026-10-07T23:00:00+00:00,53.2616,soccer.double_chance,period=ft,draw_away,,2.55
2026-10-08T00:06:44.306993+02:00,36435231,Brasileiro Serie A,Brazil,EC Vitoria BA,Chapecoense SC,2026-10-07T23:00:00+00:00,53.2616,soccer.double_chance,period=ft,home_away,,1.24
2026-10-08T00:06:44.306993+02:00,36435231,Brasileiro Serie A,Brazil,EC Vitoria BA,Chapecoense SC,2026-10-07T23:00:00+00:00,53.2616,soccer.double_chance,period=ft,home_draw,,1.14
2026-10-08T00:06:44.306993+02:00,36435231,Brasileiro Serie A,Brazil,EC Vitoria BA,Chapecoense SC,2026-10-07T23:00:00+00:00,53.2616,soccer.match_odds,period=ft,home,,1.54
2026-10-08T00:06:44.306993+02:00,36435231,Brasileiro Serie A,Brazil,EC Vitoria BA,Chapecoense SC,2026-10-07T23:00:00+00:00,53.2616,soccer.match_odds,period=ft,draw,,4.25
2026-10-08T00:06:44.306993+02:00,36435231,Brasileiro Serie A,Brazil,EC Vitoria BA,Chapecoense SC,2026-10-07T23:00:00+00:00,53.2616,soccer.match_odds,period=ft,away,,6.3
2026-10-08T00:06:44.306993+02:00,36435231,Brasileiro Serie A,Brazil,EC Vitoria BA,Chapecoense SC,2026-10-07T23:00:00+00:00,53.2616,soccer.total_goals,period=ft,over,total=2.5,1.84
2026-10-08T00:06:44.306993+02:00,36435231,Brasileiro Serie A,Brazil,EC Vitoria BA,Chapecoense SC,2026-10-07T23:00:00+00:00,53.2616,soccer.total_goals,period=ft,under,total=2.5,2.03
2026-10-08T00:06:44.306993+02:00,36435231,Brasileiro Serie A,Brazil,EC Vitoria BA,Chapecoense SC,2026-10-07T23:00:00+00:00,53.2616,soccer.total_goals,period=ft,over,total=1.5,1.25
2026-10-08T00:06:44.306993+02:00,36435231,Brasileiro Serie A,Brazil,EC Vitoria BA,Chapecoense SC,2026-10-07T23:00:00+00:00,53.2616,soccer.total_goals,period=ft,under,total=1.5,3.95
2026-10-08T00:06:44.306993+02:00,36435231,Brasileiro Serie A,Brazil,EC Vitoria BA,Chapecoense SC,2026-10-07T23:00:00+00:00,53.2616,soccer.total_goals,period=ft,over,total=2,1.39
2026-10-08T00:06:44.306993+02:00,36435231,Brasileiro Serie A,Brazil,EC Vitoria BA,Chapecoense SC,2026-10-07T23:00:00+00:00,53.2616,soccer.total_goals,period=ft,under,total=2,3.05
2026-10-08T00:06:44.306993+02:00,36435231,Brasileiro Serie A,Brazil,EC Vitoria BA,Chapecoense SC,2026-10-07T23:00:00+00:00,53.2616,soccer.total_goals,period=ft,over,total=2.25,1.6
2026-10-08T00:06:44.306993+02:00,36435231,Brasileiro Serie A,Brazil,EC Vitoria BA,Chapecoense SC,2026-10-07T23:00:00+00:00,53.2616,soccer.total_goals,period=ft,under,total=2.25,2.35
2026-10-08T00:06:44.306993+02:00,36435231,Brasileiro Serie A,Brazil,EC Vitoria BA,Chapecoense SC,2026-10-07T23:00:00+00:00,53.2616,soccer.total_goals,period=ft,over,total=2.75,2.04
2026-10-08T00:06:44.306993+02:00,36435231,Brasileiro Serie A,Brazil,EC Vitoria BA,Chapecoense SC,2026-10-07T23:00:00+00:00,53.2616,soccer.total_goals,period=ft,under,total=2.75,1.8
2026-10-08T00:06:44.306993+02:00,36435231,Brasileiro Serie A,Brazil,EC Vitoria BA,Chapecoense SC,2026-10-07T23:00:00+00:00,53.2616,soccer.total_goals,period=ft,over,total=3,2.4
2026-10-08T00:06:44.306993+02:00,36435231,Brasileiro Serie A,Brazil,EC Vitoria BA,Chapecoense SC,2026-10-07T23:00:00+00:00,53.2616,soccer.total_goals,period=ft,under,total=3,1.58
2026-10-08T00:06:44.306993+02:00,36435231,Brasileiro Serie A,Brazil,EC Vitoria BA,Chapecoense SC,2026-10-07T23:00:00+00:00,53.2616,soccer.total_goals,period=ft,over,total=3.5,3.05
2026-10-08T00:06:44.306993+02:00,36435231,Brasileiro Serie A,Brazil,EC Vitoria BA,Chapecoense SC,2026-10-07T23:00:00+00:00,53.2616,soccer.total_goals,period=ft,under,total=3.5,1.38
2026-10-08T00:06:44.306993+02:00,36435231,Brasileiro Serie A,Brazil,EC Vitoria BA,Chapecoense SC,2026-10-07T23:00:00+00:00,53.2616,soccer.total_goals,period=ft,over,total=4.5,5.95
2026-10-08T00:06:44.306993+02:00,36435231,Brasileiro Serie A,Brazil,EC Vitoria BA,Chapecoense SC,2026-10-07T23:00:00+00:00,53.2616,soccer.total_goals,period=ft,under,total=4.5,1.13
2026-10-08T00:06:44.306993+02:00,36435232,Brasileiro Serie A,Brazil,Botafogo FR RJ,CR Vasco da Gama RJ,2026-10-07T23:30:00+00:00,83.2616,soccer.asian_handicap,period=ft,home,handicap=0.25,1.89
2026-10-08T00:06:44.306993+02:00,36435232,Brasileiro Serie A,Brazil,Botafogo FR RJ,CR Vasco da Gama RJ,2026-10-07T23:30:00+00:00,83.2616,soccer.asian_handicap,period=ft,away,handicap=0.25,1.99
2026-10-08T00:06:44.306993+02:00,36435232,Brasileiro Serie A,Brazil,Botafogo FR RJ,CR Vasco da Gama RJ,2026-10-07T23:30:00+00:00,83.2616,soccer.asian_handicap,period=ft,home,handicap=-0.75,3.75
2026-10-08T00:06:44.306993+02:00,36435232,Brasileiro Serie A,Brazil,Botafogo FR RJ,CR Vasco da Gama RJ,2026-10-07T23:30:00+00:00,83.2616,soccer.asian_handicap,period=ft,away,handicap=-0.75,1.28
2026-10-08T00:06:44.306993+02:00,36435232,Brasileiro Serie A,Brazil,Botafogo FR RJ,CR Vasco da Gama RJ,2026-10-07T23:30:00+00:00,83.2616,soccer.asian_handicap,period=ft,home,handicap=-0.5,3.0
2026-10-08T00:06:44.306993+02:00,36435232,Brasileiro Serie A,Brazil,Botafogo FR RJ,CR Vasco da Gama RJ,2026-10-07T23:30:00+00:00,83.2616,soccer.asian_handicap,period=ft,away,handicap=-0.5,1.4
2026-10-08T00:06:44.306993+02:00,36435232,Brasileiro Serie A,Brazil,Botafogo FR RJ,CR Vasco da Gama RJ,2026-10-07T23:30:00+00:00,83.2616,soccer.asian_handicap,period=ft,home,handicap=-0.25,2.65
2026-10-08T00:06:44.306993+02:00,36435232,Brasileiro Serie A,Brazil,Botafogo FR RJ,CR Vasco da Gama RJ,2026-10-07T23:30:00+00:00,83.2616,soccer.asian_handicap,period=ft,away,handicap=-0.25,1.5
2026-10-08T00:06:44.306993+02:00,36435232,Brasileiro Serie A,Brazil,Botafogo FR RJ,CR Vasco da Gama RJ,2026-10-07T23:30:00+00:00,83.2616,soccer.asian_handicap,period=ft,home,handicap=0,2.25
2026-10-08T00:06:44.306993+02:00,36435232,Brasileiro Serie A,Brazil,Botafogo FR RJ,CR Vasco da Gama RJ,2026-10-07T23:30:00+00:00,83.2616,soccer.asian_handicap,period=ft,away,handicap=0,1.67
2026-10-08T00:06:44.306993+02:00,36435232,Brasileiro Serie A,Brazil,Botafogo FR RJ,CR Vasco da Gama RJ,2026-10-07T23:30:00+00:00,83.2616,soccer.asian_handicap,period=ft,home,handicap=0.5,1.67
2026-10-08T00:06:44.306993+02:00,36435232,Brasileiro Serie A,Brazil,Botafogo FR RJ,CR Vasco da Gama RJ,2026-10-07T23:30:00+00:00,83.2616,soccer.asian_handicap,period=ft,away,handicap=0.5,2.25
2026-10-08T00:06:44.306993+02:00,36435232,Brasileiro Serie A,Brazil,Botafogo FR RJ,CR Vasco da Gama RJ,2026-10-07T23:30:00+00:00,83.2616,soccer.asian_handicap,period=ft,home,handicap=0.75,1.49
2026-10-08T00:06:44.306993+02:00,36435232,Brasileiro Serie A,Brazil,Botafogo FR RJ,CR Vasco da Gama RJ,2026-10-07T23:30:00+00:00,83.2616,soccer.asian_handicap,period=ft,away,handicap=0.75,2.65
2026-10-08T00:06:44.306993+02:00,36435232,Brasileiro Serie A,Brazil,Botafogo FR RJ,CR Vasco da Gama RJ,2026-10-07T23:30:00+00:00,83.2616,soccer.asian_handicap,period=ft,home,handicap=1,1.31
2026-10-08T00:06:44.306993+02:00,36435232,Brasileiro Serie A,Brazil,Botafogo FR RJ,CR Vasco da Gama RJ,2026-10-07T23:30:00+00:00,83.2616,soccer.asian_handicap,period=ft,away,handicap=1,3.5
2026-10-08T00:06:44.306993+02:00,36435232,Brasileiro Serie A,Brazil,Botafogo FR RJ,CR Vasco da Gama RJ,2026-10-07T23:30:00+00:00,83.2616,soccer.asian_handicap,period=ft,home,handicap=1.25,1.26
2026-10-08T00:06:44.306993+02:00,36435232,Brasileiro Serie A,Brazil,Botafogo FR RJ,CR Vasco da Gama RJ,2026-10-07T23:30:00+00:00,83.2616,soccer.asian_handicap,period=ft,away,handicap=1.25,3.95
2026-10-08T00:06:44.306993+02:00,36435232,Brasileiro Serie A,Brazil,Botafogo FR RJ,CR Vasco da Gama RJ,2026-10-07T23:30:00+00:00,83.2616,soccer.double_chance,period=ft,draw_away,,1.4
2026-10-08T00:06:44.306993+02:00,36435232,Brasileiro Serie A,Brazil,Botafogo FR RJ,CR Vasco da Gama RJ,2026-10-07T23:30:00+00:00,83.2616,soccer.double_chance,period=ft,home_away,,1.3
2026-10-08T00:06:44.306993+02:00,36435232,Brasileiro Serie A,Brazil,Botafogo FR RJ,CR Vasco da Gama RJ,2026-10-07T23:30:00+00:00,83.2616,soccer.double_chance,period=ft,home_draw,,1.65
2026-10-08T00:06:44.306993+02:00,36435232,Brasileiro Serie A,Brazil,Botafogo FR RJ,CR Vasco da Gama RJ,2026-10-07T23:30:00+00:00,83.2616,soccer.match_odds,period=ft,home,,3.05
2026-10-08T00:06:44.306993+02:00,36435232,Brasileiro Serie A,Brazil,Botafogo FR RJ,CR Vasco da Gama RJ,2026-10-07T23:30:00+00:00,83.2616,soccer.match_odds,period=ft,draw,,3.65
2026-10-08T00:06:44.306993+02:00,36435232,Brasileiro Serie A,Brazil,Botafogo FR RJ,CR Vasco da Gama RJ,2026-10-07T23:30:00+00:00,83.2616,soccer.match_odds,period=ft,away,,2.25
2026-10-08T00:06:44.306993+02:00,36435232,Brasileiro Serie A,Brazil,Botafogo FR RJ,CR Vasco da Gama RJ,2026-10-07T23:30:00+00:00,83.2616,soccer.total_goals,period=ft,over,total=3,2.04
2026-10-08T00:06:44.306993+02:00,36435232,Brasileiro Serie A,Brazil,Botafogo FR RJ,CR Vasco da Gama RJ,2026-10-07T23:30:00+00:00,83.2616,soccer.total_goals,period=ft,under,total=3,1.82
2026-10-08T00:06:44.306993+02:00,36435232,Brasileiro Serie A,Brazil,Botafogo FR RJ,CR Vasco da Gama RJ,2026-10-07T23:30:00+00:00,83.2616,soccer.total_goals,period=ft,over,total=1.5,1.18
2026-10-08T00:06:44.306993+02:00,36435232,Brasileiro Serie A,Brazil,Botafogo FR RJ,CR Vasco da Gama RJ,2026-10-07T23:30:00+00:00,83.2616,soccer.total_goals,period=ft,under,total=1.5,4.85
2026-10-08T00:06:44.306993+02:00,36435232,Brasileiro Serie A,Brazil,Botafogo FR RJ,CR Vasco da Gama RJ,2026-10-07T23:30:00+00:00,83.2616,soccer.total_goals,period=ft,over,total=2.5,1.62
2026-10-08T00:06:44.306993+02:00,36435232,Brasileiro Serie A,Brazil,Botafogo FR RJ,CR Vasco da Gama RJ,2026-10-07T23:30:00+00:00,83.2616,soccer.total_goals,period=ft,under,total=2.5,2.3
2026-10-08T00:06:44.306993+02:00,36435232,Brasileiro Serie A,Brazil,Botafogo FR RJ,CR Vasco da Gama RJ,2026-10-07T23:30:00+00:00,83.2616,soccer.total_goals,period=ft,over,total=2.75,1.78
2026-10-08T00:06:44.306993+02:00,36435232,Brasileiro Serie A,Brazil,Botafogo FR RJ,CR Vasco da Gama RJ,2026-10-07T23:30:00+00:00,83.2616,soccer.total_goals,period=ft,under,total=2.75,2.06
2026-10-08T00:06:44.306993+02:00,36435232,Brasileiro Serie A,Brazil,Botafogo FR RJ,CR Vasco da Gama RJ,2026-10-07T23:30:00+00:00,83.2616,soccer.total_goals,period=ft,over,total=3.25,2.3
2026-10-08T00:06:44.306993+02:00,36435232,Brasileiro Serie A,Brazil,Botafogo FR RJ,CR Vasco da Gama RJ,2026-10-07T23:30:00+00:00,83.2616,soccer.total_goals,period=ft,under,total=3.25,1.63
2026-10-08T00:06:44.306993+02:00,36435232,Brasileiro Serie A,Brazil,Botafogo FR RJ,CR Vasco da Gama RJ,2026-10-07T23:30:00+00:00,83.2616,soccer.total_goals,period=ft,over,total=3.5,2.6
2026-10-08T00:06:44.306993+02:00,36435232,Brasileiro Serie A,Brazil,Botafogo FR RJ,CR Vasco da Gama RJ,2026-10-07T23:30:00+00:00,83.2616,soccer.total_goals,period=ft,under,total=3.5,1.51
2026-10-08T00:06:44.306993+02:00,36435232,Brasileiro Serie A,Brazil,Botafogo FR RJ,CR Vasco da Gama RJ,2026-10-07T23:30:00+00:00,83.2616,soccer.total_goals,period=ft,over,total=4.5,4.7
2026-10-08T00:06:44.306993+02:00,36435232,Brasileiro Serie A,Brazil,Botafogo FR RJ,CR Vasco da Gama RJ,2026-10-07T23:30:00+00:00,83.2616,soccer.total_goals,period=ft,under,total=4.5,1.19
2026-10-08T00:08:38.203073+02:00,36679767,Mexico Copa Mexico,Mexico,Inter Playa Del Carmen,Ejidatarios de Bonfil FC,2026-10-07T23:00:00+00:00,51.3633,soccer.asian_handicap,period=ft,home,handicap=-0.5,1.8
2026-10-08T00:08:38.203073+02:00,36679767,Mexico Copa Mexico,Mexico,Inter Playa Del Carmen,Ejidatarios de Bonfil FC,2026-10-07T23:00:00+00:00,51.3633,soccer.asian_handicap,period=ft,away,handicap=-0.5,1.9
2026-10-08T00:08:38.203073+02:00,36679767,Mexico Copa Mexico,Mexico,Inter Playa Del Carmen,Ejidatarios de Bonfil FC,2026-10-07T23:00:00+00:00,51.3633,soccer.asian_handicap,period=ft,home,handicap=-1.25,2.75
2026-10-08T00:08:38.203073+02:00,36679767,Mexico Copa Mexico,Mexico,Inter Playa Del Carmen,Ejidatarios de Bonfil FC,2026-10-07T23:00:00+00:00,51.3633,soccer.asian_handicap,period=ft,away,handicap=-1.25,1.35
2026-10-08T00:08:38.203073+02:00,36679767,Mexico Copa Mexico,Mexico,Inter Playa Del Carmen,Ejidatarios de Bonfil FC,2026-10-07T23:00:00+00:00,51.3633,soccer.asian_handicap,period=ft,home,handicap=-1,2.4
2026-10-08T00:08:38.203073+02:00,36679767,Mexico Copa Mexico,Mexico,Inter Playa Del Carmen,Ejidatarios de Bonfil FC,2026-10-07T23:00:00+00:00,51.3633,soccer.asian_handicap,period=ft,away,handicap=-1,1.45
2026-10-08T00:08:38.203073+02:00,36679767,Mexico Copa Mexico,Mexico,Inter Playa Del Carmen,Ejidatarios de Bonfil FC,2026-10-07T23:00:00+00:00,51.3633,soccer.asian_handicap,period=ft,home,handicap=-0.75,2.02
2026-10-08T00:08:38.203073+02:00,36679767,Mexico Copa Mexico,Mexico,Inter Playa Del Carmen,Ejidatarios de Bonfil FC,2026-10-07T23:00:00+00:00,51.3633,soccer.asian_handicap,period=ft,away,handicap=-0.75,1.68
2026-10-08T00:08:38.203073+02:00,36679767,Mexico Copa Mexico,Mexico,Inter Playa Del Carmen,Ejidatarios de Bonfil FC,2026-10-07T23:00:00+00:00,51.3633,soccer.asian_handicap,period=ft,home,handicap=-0.25,1.58
2026-10-08T00:08:38.203073+02:00,36679767,Mexico Copa Mexico,Mexico,Inter Playa Del Carmen,Ejidatarios de Bonfil FC,2026-10-07T23:00:00+00:00,51.3633,soccer.asian_handicap,period=ft,away,handicap=-0.25,2.18
2026-10-08T00:08:38.203073+02:00,36679767,Mexico Copa Mexico,Mexico,Inter Playa Del Carmen,Ejidatarios de Bonfil FC,2026-10-07T23:00:00+00:00,51.3633,soccer.asian_handicap,period=ft,home,handicap=0,1.36
2026-10-08T00:08:38.203073+02:00,36679767,Mexico Copa Mexico,Mexico,Inter Playa Del Carmen,Ejidatarios de Bonfil FC,2026-10-07T23:00:00+00:00,51.3633,soccer.asian_handicap,period=ft,away,handicap=0,2.7
2026-10-08T00:08:38.203073+02:00,36679767,Mexico Copa Mexico,Mexico,Inter Playa Del Carmen,Ejidatarios de Bonfil FC,2026-10-07T23:00:00+00:00,51.3633,soccer.asian_handicap,period=ft,home,handicap=0.25,1.28
2026-10-08T00:08:38.203073+02:00,36679767,Mexico Copa Mexico,Mexico,Inter Playa Del Carmen,Ejidatarios de Bonfil FC,2026-10-07T23:00:00+00:00,51.3633,soccer.asian_handicap,period=ft,away,handicap=0.25,3.05
2026-10-08T00:08:38.203073+02:00,36679767,Mexico Copa Mexico,Mexico,Inter Playa Del Carmen,Ejidatarios de Bonfil FC,2026-10-07T23:00:00+00:00,51.3633,soccer.match_odds,period=ft,home,,1.79
2026-10-08T00:08:38.203073+02:00,36679767,Mexico Copa Mexico,Mexico,Inter Playa Del Carmen,Ejidatarios de Bonfil FC,2026-10-07T23:00:00+00:00,51.3633,soccer.match_odds,period=ft,draw,,3.5
2026-10-08T00:08:38.203073+02:00,36679767,Mexico Copa Mexico,Mexico,Inter Playa Del Carmen,Ejidatarios de Bonfil FC,2026-10-07T23:00:00+00:00,51.3633,soccer.match_odds,period=ft,away,,3.5
2026-10-08T00:08:38.203073+02:00,36679767,Mexico Copa Mexico,Mexico,Inter Playa Del Carmen,Ejidatarios de Bonfil FC,2026-10-07T23:00:00+00:00,51.3633,soccer.total_goals,period=ft,over,total=2.75,1.89
2026-10-08T00:08:38.203073+02:00,36679767,Mexico Copa Mexico,Mexico,Inter Playa Del Carmen,Ejidatarios de Bonfil FC,2026-10-07T23:00:00+00:00,51.3633,soccer.total_goals,period=ft,under,total=2.75,1.8
2026-10-08T00:08:38.203073+02:00,36679767,Mexico Copa Mexico,Mexico,Inter Playa Del Carmen,Ejidatarios de Bonfil FC,2026-10-07T23:00:00+00:00,51.3633,soccer.total_goals,period=ft,over,total=2,1.3
2026-10-08T00:08:38.203073+02:00,36679767,Mexico Copa Mexico,Mexico,Inter Playa Del Carmen,Ejidatarios de Bonfil FC,2026-10-07T23:00:00+00:00,51.3633,soccer.total_goals,period=ft,under,total=2,3.0
2026-10-08T00:08:38.203073+02:00,36679767,Mexico Copa Mexico,Mexico,Inter Playa Del Carmen,Ejidatarios de Bonfil FC,2026-10-07T23:00:00+00:00,51.3633,soccer.total_goals,period=ft,over,total=2.25,1.49
2026-10-08T00:08:38.203073+02:00,36679767,Mexico Copa Mexico,Mexico,Inter Playa Del Carmen,Ejidatarios de Bonfil FC,2026-10-07T23:00:00+00:00,51.3633,soccer.total_goals,period=ft,under,total=2.25,2.3
2026-10-08T00:08:38.203073+02:00,36679767,Mexico Copa Mexico,Mexico,Inter Playa Del Carmen,Ejidatarios de Bonfil FC,2026-10-07T23:00:00+00:00,51.3633,soccer.total_goals,period=ft,over,total=2.5,1.68
2026-10-08T00:08:38.203073+02:00,36679767,Mexico Copa Mexico,Mexico,Inter Playa Del Carmen,Ejidatarios de Bonfil FC,2026-10-07T23:00:00+00:00,51.3633,soccer.total_goals,period=ft,under,total=2.5,2.01
2026-10-08T00:08:38.203073+02:00,36679767,Mexico Copa Mexico,Mexico,Inter Playa Del Carmen,Ejidatarios de Bonfil FC,2026-10-07T23:00:00+00:00,51.3633,soccer.total_goals,period=ft,over,total=3,2.2
2026-10-08T00:08:38.203073+02:00,36679767,Mexico Copa Mexico,Mexico,Inter Playa Del Carmen,Ejidatarios de Bonfil FC,2026-10-07T23:00:00+00:00,51.3633,soccer.total_goals,period=ft,under,total=3,1.57
2026-10-08T00:08:38.203073+02:00,36679767,Mexico Copa Mexico,Mexico,Inter Playa Del Carmen,Ejidatarios de Bonfil FC,2026-10-07T23:00:00+00:00,51.3633,soccer.total_goals,period=ft,over,total=3.25,2.45
2026-10-08T00:08:38.203073+02:00,36679767,Mexico Copa Mexico,Mexico,Inter Playa Del Carmen,Ejidatarios de Bonfil FC,2026-10-07T23:00:00+00:00,51.3633,soccer.total_goals,period=ft,under,total=3.25,1.44
2026-10-08T00:08:38.203073+02:00,36679767,Mexico Copa Mexico,Mexico,Inter Playa Del Carmen,Ejidatarios de Bonfil FC,2026-10-07T23:00:00+00:00,51.3633,soccer.total_goals,period=ft,over,total=3.5,2.75
2026-10-08T00:08:38.203073+02:00,36679767,Mexico Copa Mexico,Mexico,Inter Playa Del Carmen,Ejidatarios de Bonfil FC,2026-10-07T23:00:00+00:00,51.3633,soccer.total_goals,period=ft,under,total=3.5,1.35
2026-10-08T00:08:38.203073+02:00,36667093,Copa Uruguay,Uruguay,Libertad,CA Bella Vista,2026-10-07T23:00:00+00:00,51.3633,soccer.asian_handicap,period=ft,home,handicap=0.75,1.89
2026-10-08T00:08:38.203073+02:00,36667093,Copa Uruguay,Uruguay,Libertad,CA Bella Vista,2026-10-07T23:00:00+00:00,51.3633,soccer.asian_handicap,period=ft,away,handicap=0.75,1.8
2026-10-08T00:08:38.203073+02:00,36667093,Copa Uruguay,Uruguay,Libertad,CA Bella Vista,2026-10-07T23:00:00+00:00,51.3633,soccer.asian_handicap,period=ft,home,handicap=0,3.35
2026-10-08T00:08:38.203073+02:00,36667093,Copa Uruguay,Uruguay,Libertad,CA Bella Vista,2026-10-07T23:00:00+00:00,51.3633,soccer.asian_handicap,period=ft,away,handicap=0,1.24
2026-10-08T00:08:38.203073+02:00,36667093,Copa Uruguay,Uruguay,Libertad,CA Bella Vista,2026-10-07T23:00:00+00:00,51.3633,soccer.asian_handicap,period=ft,home,handicap=0.25,2.5
2026-10-08T00:08:38.203073+02:00,36667093,Copa Uruguay,Uruguay,Libertad,CA Bella Vista,2026-10-07T23:00:00+00:00,51.3633,soccer.asian_handicap,period=ft,away,handicap=0.25,1.42
2026-10-08T00:08:38.203073+02:00,36667093,Copa Uruguay,Uruguay,Libertad,CA Bella Vista,2026-10-07T23:00:00+00:00,51.3633,soccer.asian_handicap,period=ft,home,handicap=0.5,2.12
2026-10-08T00:08:38.203073+02:00,36667093,Copa Uruguay,Uruguay,Libertad,CA Bella Vista,2026-10-07T23:00:00+00:00,51.3633,soccer.asian_handicap,period=ft,away,handicap=0.5,1.61
2026-10-08T00:08:38.203073+02:00,36667093,Copa Uruguay,Uruguay,Libertad,CA Bella Vista,2026-10-07T23:00:00+00:00,51.3633,soccer.asian_handicap,period=ft,home,handicap=1,1.63
2026-10-08T00:08:38.203073+02:00,36667093,Copa Uruguay,Uruguay,Libertad,CA Bella Vista,2026-10-07T23:00:00+00:00,51.3633,soccer.asian_handicap,period=ft,away,handicap=1,2.08
2026-10-08T00:08:38.203073+02:00,36667093,Copa Uruguay,Uruguay,Libertad,CA Bella Vista,2026-10-07T23:00:00+00:00,51.3633,soccer.asian_handicap,period=ft,home,handicap=1.25,1.47
2026-10-08T00:08:38.203073+02:00,36667093,Copa Uruguay,Uruguay,Libertad,CA Bella Vista,2026-10-07T23:00:00+00:00,51.3633,soccer.asian_handicap,period=ft,away,handicap=1.25,2.35
2026-10-08T00:08:38.203073+02:00,36667093,Copa Uruguay,Uruguay,Libertad,CA Bella Vista,2026-10-07T23:00:00+00:00,51.3633,soccer.asian_handicap,period=ft,home,handicap=1.5,1.38
2026-10-08T00:08:38.203073+02:00,36667093,Copa Uruguay,Uruguay,Libertad,CA Bella Vista,2026-10-07T23:00:00+00:00,51.3633,soccer.asian_handicap,period=ft,away,handicap=1.5,2.65
2026-10-08T00:08:38.203073+02:00,36667093,Copa Uruguay,Uruguay,Libertad,CA Bella Vista,2026-10-07T23:00:00+00:00,51.3633,soccer.match_odds,period=ft,home,,4.35
2026-10-08T00:08:38.203073+02:00,36667093,Copa Uruguay,Uruguay,Libertad,CA Bella Vista,2026-10-07T23:00:00+00:00,51.3633,soccer.match_odds,period=ft,draw,,3.55
2026-10-08T00:08:38.203073+02:00,36667093,Copa Uruguay,Uruguay,Libertad,CA Bella Vista,2026-10-07T23:00:00+00:00,51.3633,soccer.match_odds,period=ft,away,,1.62
2026-10-08T00:08:38.203073+02:00,36667093,Copa Uruguay,Uruguay,Libertad,CA Bella Vista,2026-10-07T23:00:00+00:00,51.3633,soccer.total_goals,period=ft,over,total=2.5,1.8
2026-10-08T00:08:38.203073+02:00,36667093,Copa Uruguay,Uruguay,Libertad,CA Bella Vista,2026-10-07T23:00:00+00:00,51.3633,soccer.total_goals,period=ft,under,total=2.5,1.89
2026-10-08T00:08:38.203073+02:00,36667093,Copa Uruguay,Uruguay,Libertad,CA Bella Vista,2026-10-07T23:00:00+00:00,51.3633,soccer.total_goals,period=ft,over,total=1.75,1.29
2026-10-08T00:08:38.203073+02:00,36667093,Copa Uruguay,Uruguay,Libertad,CA Bella Vista,2026-10-07T23:00:00+00:00,51.3633,soccer.total_goals,period=ft,under,total=1.75,3.05
2026-10-08T00:08:38.203073+02:00,36667093,Copa Uruguay,Uruguay,Libertad,CA Bella Vista,2026-10-07T23:00:00+00:00,51.3633,soccer.total_goals,period=ft,over,total=2,1.37
2026-10-08T00:08:38.203073+02:00,36667093,Copa Uruguay,Uruguay,Libertad,CA Bella Vista,2026-10-07T23:00:00+00:00,51.3633,soccer.total_goals,period=ft,under,total=2,2.65
2026-10-08T00:08:38.203073+02:00,36667093,Copa Uruguay,Uruguay,Libertad,CA Bella Vista,2026-10-07T23:00:00+00:00,51.3633,soccer.total_goals,period=ft,over,total=2.25,1.59
2026-10-08T00:08:38.203073+02:00,36667093,Copa Uruguay,Uruguay,Libertad,CA Bella Vista,2026-10-07T23:00:00+00:00,51.3633,soccer.total_goals,period=ft,under,total=2.25,2.17
2026-10-08T00:08:38.203073+02:00,36667093,Copa Uruguay,Uruguay,Libertad,CA Bella Vista,2026-10-07T23:00:00+00:00,51.3633,soccer.total_goals,period=ft,over,total=2.75,2.01
2026-10-08T00:08:38.203073+02:00,36667093,Copa Uruguay,Uruguay,Libertad,CA Bella Vista,2026-10-07T23:00:00+00:00,51.3633,soccer.total_goals,period=ft,under,total=2.75,1.69
2026-10-08T00:08:38.203073+02:00,36667093,Copa Uruguay,Uruguay,Libertad,CA Bella Vista,2026-10-07T23:00:00+00:00,51.3633,soccer.total_goals,period=ft,over,total=3,2.3
2026-10-08T00:08:38.203073+02:00,36667093,Copa Uruguay,Uruguay,Libertad,CA Bella Vista,2026-10-07T23:00:00+00:00,51.3633,soccer.total_goals,period=ft,under,total=3,1.49
2026-10-08T00:08:38.203073+02:00,36667093,Copa Uruguay,Uruguay,Libertad,CA Bella Vista,2026-10-07T23:00:00+00:00,51.3633,soccer.total_goals,period=ft,over,total=3.25,2.6
2026-10-08T00:08:38.203073+02:00,36667093,Copa Uruguay,Uruguay,Libertad,CA Bella Vista,2026-10-07T23:00:00+00:00,51.3633,soccer.total_goals,period=ft,under,total=3.25,1.39
2026-10-08T00:08:38.203073+02:00,36657172,Copa Uruguay,Uruguay,Plaza Colonia,CA Juventud de Las Piedras,2026-10-07T23:00:00+00:00,51.3633,soccer.asian_handicap,period=ft,home,handicap=0.25,1.81
2026-10-08T00:08:38.203073+02:00,36657172,Copa Uruguay,Uruguay,Plaza Colonia,CA Juventud de Las Piedras,2026-10-07T23:00:00+00:00,51.3633,soccer.asian_handicap,period=ft,away,handicap=0.25,1.93
2026-10-08T00:08:38.203073+02:00,36657172,Copa Uruguay,Uruguay,Plaza Colonia,CA Juventud de Las Piedras,2026-10-07T23:00:00+00:00,51.3633,soccer.asian_handicap,period=ft,home,handicap=-0.5,3.15
2026-10-08T00:08:38.203073+02:00,36657172,Copa Uruguay,Uruguay,Plaza Colonia,CA Juventud de Las Piedras,2026-10-07T23:00:00+00:00,51.3633,soccer.asian_handicap,period=ft,away,handicap=-0.5,1.29
2026-10-08T00:08:38.203073+02:00,36657172,Copa Uruguay,Uruguay,Plaza Colonia,CA Juventud de Las Piedras,2026-10-07T23:00:00+00:00,51.3633,soccer.asian_handicap,period=ft,home,handicap=-0.25,2.7
2026-10-08T00:08:38.203073+02:00,36657172,Copa Uruguay,Uruguay,Plaza Colonia,CA Juventud de Las Piedras,2026-10-07T23:00:00+00:00,51.3633,soccer.asian_handicap,period=ft,away,handicap=-0.25,1.39
2026-10-08T00:08:38.203073+02:00,36657172,Copa Uruguay,Uruguay,Plaza Colonia,CA Juventud de Las Piedras,2026-10-07T23:00:00+00:00,51.3633,soccer.asian_handicap,period=ft,home,handicap=0,2.25
2026-10-08T00:08:38.203073+02:00,36657172,Copa Uruguay,Uruguay,Plaza Colonia,CA Juventud de Las Piedras,2026-10-07T23:00:00+00:00,51.3633,soccer.asian_handicap,period=ft,away,handicap=0,1.57
2026-10-08T00:08:38.203073+02:00,36657172,Copa Uruguay,Uruguay,Plaza Colonia,CA Juventud de Las Piedras,2026-10-07T23:00:00+00:00,51.3633,soccer.asian_handicap,period=ft,home,handicap=0.5,1.57
2026-10-08T00:08:38.203073+02:00,36657172,Copa Uruguay,Uruguay,Plaza Colonia,CA Juventud de Las Piedras,2026-10-07T23:00:00+00:00,51.3633,soccer.asian_handicap,period=ft,away,handicap=0.5,2.25
2026-10-08T00:08:38.203073+02:00,36657172,Copa Uruguay,Uruguay,Plaza Colonia,CA Juventud de Las Piedras,2026-10-07T23:00:00+00:00,51.3633,soccer.asian_handicap,period=ft,home,handicap=0.75,1.4
2026-10-08T00:08:38.203073+02:00,36657172,Copa Uruguay,Uruguay,Plaza Colonia,CA Juventud de Las Piedras,2026-10-07T23:00:00+00:00,51.3633,soccer.asian_handicap,period=ft,away,handicap=0.75,2.65
2026-10-08T00:08:38.203073+02:00,36657172,Copa Uruguay,Uruguay,Plaza Colonia,CA Juventud de Las Piedras,2026-10-07T23:00:00+00:00,51.3633,soccer.asian_handicap,period=ft,home,handicap=1,1.23
2026-10-08T00:08:38.203073+02:00,36657172,Copa Uruguay,Uruguay,Plaza Colonia,CA Juventud de Las Piedras,2026-10-07T23:00:00+00:00,51.3633,soccer.asian_handicap,period=ft,away,handicap=1,3.65
2026-10-08T00:08:38.203073+02:00,36657172,Copa Uruguay,Uruguay,Plaza Colonia,CA Juventud de Las Piedras,2026-10-07T23:00:00+00:00,51.3633,soccer.double_chance,period=ft,draw_away,,1.34
2026-10-08T00:08:38.203073+02:00,36657172,Copa Uruguay,Uruguay,Plaza Colonia,CA Juventud de Las Piedras,2026-10-07T23:00:00+00:00,51.3633,soccer.double_chance,period=ft,home_away,,1.38
2026-10-08T00:08:38.203073+02:00,36657172,Copa Uruguay,Uruguay,Plaza Colonia,CA Juventud de Las Piedras,2026-10-07T23:00:00+00:00,51.3633,soccer.double_chance,period=ft,home_draw,,1.59
2026-10-08T00:08:38.203073+02:00,36657172,Copa Uruguay,Uruguay,Plaza Colonia,CA Juventud de Las Piedras,2026-10-07T23:00:00+00:00,51.3633,soccer.match_odds,period=ft,home,,3.2
2026-10-08T00:08:38.203073+02:00,36657172,Copa Uruguay,Uruguay,Plaza Colonia,CA Juventud de Las Piedras,2026-10-07T23:00:00+00:00,51.3633,soccer.match_odds,period=ft,draw,,2.8
2026-10-08T00:08:38.203073+02:00,36657172,Copa Uruguay,Uruguay,Plaza Colonia,CA Juventud de Las Piedras,2026-10-07T23:00:00+00:00,51.3633,soccer.match_odds,period=ft,away,,2.25
2026-10-08T00:08:38.203073+02:00,36657172,Copa Uruguay,Uruguay,Plaza Colonia,CA Juventud de Las Piedras,2026-10-07T23:00:00+00:00,51.3633,soccer.total_goals,period=ft,over,total=2,1.78
2026-10-08T00:08:38.203073+02:00,36657172,Copa Uruguay,Uruguay,Plaza Colonia,CA Juventud de Las Piedras,2026-10-07T23:00:00+00:00,51.3633,soccer.total_goals,period=ft,under,total=2,1.98
2026-10-08T00:08:38.203073+02:00,36657172,Copa Uruguay,Uruguay,Plaza Colonia,CA Juventud de Las Piedras,2026-10-07T23:00:00+00:00,51.3633,soccer.total_goals,period=ft,over,total=1.25,1.26
2026-10-08T00:08:38.203073+02:00,36657172,Copa Uruguay,Uruguay,Plaza Colonia,CA Juventud de Las Piedras,2026-10-07T23:00:00+00:00,51.3633,soccer.total_goals,period=ft,under,total=1.25,3.35
2026-10-08T00:08:38.203073+02:00,36657172,Copa Uruguay,Uruguay,Plaza Colonia,CA Juventud de Las Piedras,2026-10-07T23:00:00+00:00,51.3633,soccer.total_goals,period=ft,over,total=1.5,1.42
2026-10-08T00:08:38.203073+02:00,36657172,Copa Uruguay,Uruguay,Plaza Colonia,CA Juventud de Las Piedras,2026-10-07T23:00:00+00:00,51.3633,soccer.total_goals,period=ft,under,total=1.5,2.6
2026-10-08T00:08:38.203073+02:00,36657172,Copa Uruguay,Uruguay,Plaza Colonia,CA Juventud de Las Piedras,2026-10-07T23:00:00+00:00,51.3633,soccer.total_goals,period=ft,over,total=1.75,1.55
2026-10-08T00:08:38.203073+02:00,36657172,Copa Uruguay,Uruguay,Plaza Colonia,CA Juventud de Las Piedras,2026-10-07T23:00:00+00:00,51.3633,soccer.total_goals,period=ft,under,total=1.75,2.3
2026-10-08T00:08:38.203073+02:00,36657172,Copa Uruguay,Uruguay,Plaza Colonia,CA Juventud de Las Piedras,2026-10-07T23:00:00+00:00,51.3633,soccer.total_goals,period=ft,over,total=2.25,2.08
2026-10-08T00:08:38.203073+02:00,36657172,Copa Uruguay,Uruguay,Plaza Colonia,CA Juventud de Las Piedras,2026-10-07T23:00:00+00:00,51.3633,soccer.total_goals,period=ft,under,total=2.25,1.67
2026-10-08T00:08:38.203073+02:00,36657172,Copa Uruguay,Uruguay,Plaza Colonia,CA Juventud de Las Piedras,2026-10-07T23:00:00+00:00,51.3633,soccer.total_goals,period=ft,over,total=2.5,2.35
2026-10-08T00:08:38.203073+02:00,36657172,Copa Uruguay,Uruguay,Plaza Colonia,CA Juventud de Las Piedras,2026-10-07T23:00:00+00:00,51.3633,soccer.total_goals,period=ft,under,total=2.5,1.5
2026-10-08T00:08:38.203073+02:00,36657172,Copa Uruguay,Uruguay,Plaza Colonia,CA Juventud de Las Piedras,2026-10-07T23:00:00+00:00,51.3633,soccer.total_goals,period=ft,over,total=2.75,2.8
2026-10-08T00:08:38.203073+02:00,36657172,Copa Uruguay,Uruguay,Plaza Colonia,CA Juventud de Las Piedras,2026-10-07T23:00:00+00:00,51.3633,soccer.total_goals,period=ft,under,total=2.75,1.36
2026-10-08T00:08:38.203073+02:00,36609416,Brasileiro Serie B,Brazil,Avai FC SC,Londrina EC PR,2026-10-07T22:30:00+00:00,21.3633,soccer.asian_handicap,period=ft,home,handicap=-0.25,1.89
2026-10-08T00:08:38.203073+02:00,36609416,Brasileiro Serie B,Brazil,Avai FC SC,Londrina EC PR,2026-10-07T22:30:00+00:00,21.3633,soccer.asian_handicap,period=ft,away,handicap=-0.25,1.94
2026-10-08T00:08:38.203073+02:00,36609416,Brasileiro Serie B,Brazil,Avai FC SC,Londrina EC PR,2026-10-07T22:30:00+00:00,21.3633,soccer.asian_handicap,period=ft,home,handicap=-1.25,4.05
2026-10-08T00:08:38.203073+02:00,36609416,Brasileiro Serie B,Brazil,Avai FC SC,Londrina EC PR,2026-10-07T22:30:00+00:00,21.3633,soccer.asian_handicap,period=ft,away,handicap=-1.25,1.24
2026-10-08T00:08:38.203073+02:00,36609416,Brasileiro Serie B,Brazil,Avai FC SC,Londrina EC PR,2026-10-07T22:30:00+00:00,21.3633,soccer.asian_handicap,period=ft,home,handicap=-1,3.55
2026-10-08T00:08:38.203073+02:00,36609416,Brasileiro Serie B,Brazil,Avai FC SC,Londrina EC PR,2026-10-07T22:30:00+00:00,21.3633,soccer.asian_handicap,period=ft,away,handicap=-1,1.29
2026-10-08T00:08:38.203073+02:00,36609416,Brasileiro Serie B,Brazil,Avai FC SC,Londrina EC PR,2026-10-07T22:30:00+00:00,21.3633,soccer.asian_handicap,period=ft,home,handicap=-0.75,2.65
2026-10-08T00:08:38.203073+02:00,36609416,Brasileiro Serie B,Brazil,Avai FC SC,Londrina EC PR,2026-10-07T22:30:00+00:00,21.3633,soccer.asian_handicap,period=ft,away,handicap=-0.75,1.48
2026-10-08T00:08:38.203073+02:00,36609416,Brasileiro Serie B,Brazil,Avai FC SC,Londrina EC PR,2026-10-07T22:30:00+00:00,21.3633,soccer.asian_handicap,period=ft,home,handicap=-0.5,2.2
2026-10-08T00:08:38.203073+02:00,36609416,Brasileiro Serie B,Brazil,Avai FC SC,Londrina EC PR,2026-10-07T22:30:00+00:00,21.3633,soccer.asian_handicap,period=ft,away,handicap=-0.5,1.67
2026-10-08T00:08:38.203073+02:00,36609416,Brasileiro Serie B,Brazil,Avai FC SC,Londrina EC PR,2026-10-07T22:30:00+00:00,21.3633,soccer.asian_handicap,period=ft,home,handicap=0,1.55
2026-10-08T00:08:38.203073+02:00,36609416,Brasileiro Serie B,Brazil,Avai FC SC,Londrina EC PR,2026-10-07T22:30:00+00:00,21.3633,soccer.asian_handicap,period=ft,away,handicap=0,2.45
2026-10-08T00:08:38.203073+02:00,36609416,Brasileiro Serie B,Brazil,Avai FC SC,Londrina EC PR,2026-10-07T22:30:00+00:00,21.3633,soccer.asian_handicap,period=ft,home,handicap=0.25,1.4
2026-10-08T00:08:38.203073+02:00,36609416,Brasileiro Serie B,Brazil,Avai FC SC,Londrina EC PR,2026-10-07T22:30:00+00:00,21.3633,soccer.asian_handicap,period=ft,away,handicap=0.25,3.0
2026-10-08T00:08:38.203073+02:00,36609416,Brasileiro Serie B,Brazil,Avai FC SC,Londrina EC PR,2026-10-07T22:30:00+00:00,21.3633,soccer.asian_handicap,period=ft,home,handicap=0.5,1.3
2026-10-08T00:08:38.203073+02:00,36609416,Brasileiro Serie B,Brazil,Avai FC SC,Londrina EC PR,2026-10-07T22:30:00+00:00,21.3633,soccer.asian_handicap,period=ft,away,handicap=0.5,3.45
2026-10-08T00:08:38.203073+02:00,36609416,Brasileiro Serie B,Brazil,Avai FC SC,Londrina EC PR,2026-10-07T22:30:00+00:00,21.3633,soccer.asian_handicap,period=ft,home,handicap=0.75,1.19
2026-10-08T00:08:38.203073+02:00,36609416,Brasileiro Serie B,Brazil,Avai FC SC,Londrina EC PR,2026-10-07T22:30:00+00:00,21.3633,soccer.asian_handicap,period=ft,away,handicap=0.75,4.6
2026-10-08T00:08:38.203073+02:00,36609416,Brasileiro Serie B,Brazil,Avai FC SC,Londrina EC PR,2026-10-07T22:30:00+00:00,21.3633,soccer.double_chance,period=ft,draw_away,,1.66
2026-10-08T00:08:38.203073+02:00,36609416,Brasileiro Serie B,Brazil,Avai FC SC,Londrina EC PR,2026-10-07T22:30:00+00:00,21.3633,soccer.double_chance,period=ft,home_away,,1.36
2026-10-08T00:08:38.203073+02:00,36609416,Brasileiro Serie B,Brazil,Avai FC SC,Londrina EC PR,2026-10-07T22:30:00+00:00,21.3633,soccer.double_chance,period=ft,home_draw,,1.3
2026-10-08T00:08:38.203073+02:00,36609416,Brasileiro Serie B,Brazil,Avai FC SC,Londrina EC PR,2026-10-07T22:30:00+00:00,21.3633,soccer.match_odds,period=ft,home,,2.2
2026-10-08T00:08:38.203073+02:00,36609416,Brasileiro Serie B,Brazil,Avai FC SC,Londrina EC PR,2026-10-07T22:30:00+00:00,21.3633,soccer.match_odds,period=ft,draw,,3.1
2026-10-08T00:08:38.203073+02:00,36609416,Brasileiro Serie B,Brazil,Avai FC SC,Londrina EC PR,2026-10-07T22:30:00+00:00,21.3633,soccer.match_odds,period=ft,away,,3.5
2026-10-08T00:08:38.203073+02:00,36609416,Brasileiro Serie B,Brazil,Avai FC SC,Londrina EC PR,2026-10-07T22:30:00+00:00,21.3633,soccer.total_goals,period=ft,over,total=2.25,2.03
2026-10-08T00:08:38.203073+02:00,36609416,Brasileiro Serie B,Brazil,Avai FC SC,Londrina EC PR,2026-10-07T22:30:00+00:00,21.3633,soccer.total_goals,period=ft,under,total=2.25,1.8
2026-10-08T00:08:38.203073+02:00,36609416,Brasileiro Serie B,Brazil,Avai FC SC,Londrina EC PR,2026-10-07T22:30:00+00:00,21.3633,soccer.total_goals,period=ft,over,total=1.5,1.41
2026-10-08T00:08:38.203073+02:00,36609416,Brasileiro Serie B,Brazil,Avai FC SC,Londrina EC PR,2026-10-07T22:30:00+00:00,21.3633,soccer.total_goals,period=ft,under,total=1.5,2.85
2026-10-08T00:08:38.203073+02:00,36609416,Brasileiro Serie B,Brazil,Avai FC SC,Londrina EC PR,2026-10-07T22:30:00+00:00,21.3633,soccer.total_goals,period=ft,over,total=1.75,1.53
2026-10-08T00:08:38.203073+02:00,36609416,Brasileiro Serie B,Brazil,Avai FC SC,Londrina EC PR,2026-10-07T22:30:00+00:00,21.3633,soccer.total_goals,period=ft,under,total=1.75,2.5
2026-10-08T00:08:38.203073+02:00,36609416,Brasileiro Serie B,Brazil,Avai FC SC,Londrina EC PR,2026-10-07T22:30:00+00:00,21.3633,soccer.total_goals,period=ft,over,total=2,1.72
2026-10-08T00:08:38.203073+02:00,36609416,Brasileiro Serie B,Brazil,Avai FC SC,Londrina EC PR,2026-10-07T22:30:00+00:00,21.3633,soccer.total_goals,period=ft,under,total=2,2.13
2026-10-08T00:08:38.203073+02:00,36609416,Brasileiro Serie B,Brazil,Avai FC SC,Londrina EC PR,2026-10-07T22:30:00+00:00,21.3633,soccer.total_goals,period=ft,over,total=2.5,2.3
2026-10-08T00:08:38.203073+02:00,36609416,Brasileiro Serie B,Brazil,Avai FC SC,Londrina EC PR,2026-10-07T22:30:00+00:00,21.3633,soccer.total_goals,period=ft,under,total=2.5,1.6
2026-10-08T00:08:38.203073+02:00,36609416,Brasileiro Serie B,Brazil,Avai FC SC,Londrina EC PR,2026-10-07T22:30:00+00:00,21.3633,soccer.total_goals,period=ft,over,total=2.75,2.75
2026-10-08T00:08:38.203073+02:00,36609416,Brasileiro Serie B,Brazil,Avai FC SC,Londrina EC PR,2026-10-07T22:30:00+00:00,21.3633,soccer.total_goals,period=ft,under,total=2.75,1.45
2026-10-08T00:08:38.203073+02:00,36609416,Brasileiro Serie B,Brazil,Avai FC SC,Londrina EC PR,2026-10-07T22:30:00+00:00,21.3633,soccer.total_goals,period=ft,over,total=3.5,4.3
2026-10-08T00:08:38.203073+02:00,36609416,Brasileiro Serie B,Brazil,Avai FC SC,Londrina EC PR,2026-10-07T22:30:00+00:00,21.3633,soccer.total_goals,period=ft,under,total=3.5,1.21
2026-10-08T00:08:38.203073+02:00,36609397,Brasileiro Serie B,Brazil,Operario Ferroviario EC PR,Botafogo FC SP,2026-10-07T22:30:00+00:00,21.3633,soccer.asian_handicap,period=ft,home,handicap=-0.25,1.92
2026-10-08T00:08:38.203073+02:00,36609397,Brasileiro Serie B,Brazil,Operario Ferroviario EC PR,Botafogo FC SP,2026-10-07T22:30:00+00:00,21.3633,soccer.asian_handicap,period=ft,away,handicap=-0.25,1.92
2026-10-08T00:08:38.203073+02:00,36609397,Brasileiro Serie B,Brazil,Operario Ferroviario EC PR,Botafogo FC SP,2026-10-07T22:30:00+00:00,21.3633,soccer.asian_handicap,period=ft,home,handicap=-1.25,4.0
2026-10-08T00:08:38.203073+02:00,36609397,Brasileiro Serie B,Brazil,Operario Ferroviario EC PR,Botafogo FC SP,2026-10-07T22:30:00+00:00,21.3633,soccer.asian_handicap,period=ft,away,handicap=-1.25,1.24
2026-10-08T00:08:38.203073+02:00,36609397,Brasileiro Serie B,Brazil,Operario Ferroviario EC PR,Botafogo FC SP,2026-10-07T22:30:00+00:00,21.3633,soccer.asian_handicap,period=ft,home,handicap=-1,3.55
2026-10-08T00:08:38.203073+02:00,36609397,Brasileiro Serie B,Brazil,Operario Ferroviario EC PR,Botafogo FC SP,2026-10-07T22:30:00+00:00,21.3633,soccer.asian_handicap,period=ft,away,handicap=-1,1.29
2026-10-08T00:08:38.203073+02:00,36609397,Brasileiro Serie B,Brazil,Operario Ferroviario EC PR,Botafogo FC SP,2026-10-07T22:30:00+00:00,21.3633,soccer.asian_handicap,period=ft,home,handicap=-0.75,2.65
2026-10-08T00:08:38.203073+02:00,36609397,Brasileiro Serie B,Brazil,Operario Ferroviario EC PR,Botafogo FC SP,2026-10-07T22:30:00+00:00,21.3633,soccer.asian_handicap,period=ft,away,handicap=-0.75,1.48
2026-10-08T00:08:38.203073+02:00,36609397,Brasileiro Serie B,Brazil,Operario Ferroviario EC PR,Botafogo FC SP,2026-10-07T22:30:00+00:00,21.3633,soccer.asian_handicap,period=ft,home,handicap=-0.5,2.2
2026-10-08T00:08:38.203073+02:00,36609397,Brasileiro Serie B,Brazil,Operario Ferroviario EC PR,Botafogo FC SP,2026-10-07T22:30:00+00:00,21.3633,soccer.asian_handicap,period=ft,away,handicap=-0.5,1.67
2026-10-08T00:08:38.203073+02:00,36609397,Brasileiro Serie B,Brazil,Operario Ferroviario EC PR,Botafogo FC SP,2026-10-07T22:30:00+00:00,21.3633,soccer.asian_handicap,period=ft,home,handicap=0,1.58
2026-10-08T00:08:38.203073+02:00,36609397,Brasileiro Serie B,Brazil,Operario Ferroviario EC PR,Botafogo FC SP,2026-10-07T22:30:00+00:00,21.3633,soccer.asian_handicap,period=ft,away,handicap=0,2.4
2026-10-08T00:08:38.203073+02:00,36609397,Brasileiro Serie B,Brazil,Operario Ferroviario EC PR,Botafogo FC SP,2026-10-07T22:30:00+00:00,21.3633,soccer.asian_handicap,period=ft,home,handicap=0.25,1.42
2026-10-08T00:08:38.203073+02:00,36609397,Brasileiro Serie B,Brazil,Operario Ferroviario EC PR,Botafogo FC SP,2026-10-07T22:30:00+00:00,21.3633,soccer.asian_handicap,period=ft,away,handicap=0.25,2.9
2026-10-08T00:08:38.203073+02:00,36609397,Brasileiro Serie B,Brazil,Operario Ferroviario EC PR,Botafogo FC SP,2026-10-07T22:30:00+00:00,21.3633,soccer.asian_handicap,period=ft,home,handicap=0.5,1.32
2026-10-08T00:08:38.203073+02:00,36609397,Brasileiro Serie B,Brazil,Operario Ferroviario EC PR,Botafogo FC SP,2026-10-07T22:30:00+00:00,21.3633,soccer.asian_handicap,period=ft,away,handicap=0.5,3.35
2026-10-08T00:08:38.203073+02:00,36609397,Brasileiro Serie B,Brazil,Operario Ferroviario EC PR,Botafogo FC SP,2026-10-07T22:30:00+00:00,21.3633,soccer.asian_handicap,period=ft,home,handicap=0.75,1.21
2026-10-08T00:08:38.203073+02:00,36609397,Brasileiro Serie B,Brazil,Operario Ferroviario EC PR,Botafogo FC SP,2026-10-07T22:30:00+00:00,21.3633,soccer.asian_handicap,period=ft,away,handicap=0.75,4.4
2026-10-08T00:08:38.203073+02:00,36609397,Brasileiro Serie B,Brazil,Operario Ferroviario EC PR,Botafogo FC SP,2026-10-07T22:30:00+00:00,21.3633,soccer.double_chance,period=ft,draw_away,,1.65
2026-10-08T00:08:38.203073+02:00,36609397,Brasileiro Serie B,Brazil,Operario Ferroviario EC PR,Botafogo FC SP,2026-10-07T22:30:00+00:00,21.3633,soccer.double_chance,period=ft,home_away,,1.34
2026-10-08T00:08:38.203073+02:00,36609397,Brasileiro Serie B,Brazil,Operario Ferroviario EC PR,Botafogo FC SP,2026-10-07T22:30:00+00:00,21.3633,soccer.double_chance,period=ft,home_draw,,1.32
2026-10-08T00:08:38.203073+02:00,36609397,Brasileiro Serie B,Brazil,Operario Ferroviario EC PR,Botafogo FC SP,2026-10-07T22:30:00+00:00,21.3633,soccer.match_odds,period=ft,home,,2.2
2026-10-08T00:08:38.203073+02:00,36609397,Brasileiro Serie B,Brazil,Operario Ferroviario EC PR,Botafogo FC SP,2026-10-07T22:30:00+00:00,21.3633,soccer.match_odds,period=ft,draw,,3.2
2026-10-08T00:08:38.203073+02:00,36609397,Brasileiro Serie B,Brazil,Operario Ferroviario EC PR,Botafogo FC SP,2026-10-07T22:30:00+00:00,21.3633,soccer.match_odds,period=ft,away,,3.35
2026-10-08T00:08:38.203073+02:00,36609397,Brasileiro Serie B,Brazil,Operario Ferroviario EC PR,Botafogo FC SP,2026-10-07T22:30:00+00:00,21.3633,soccer.total_goals,period=ft,over,total=2.25,1.97
2026-10-08T00:08:38.203073+02:00,36609397,Brasileiro Serie B,Brazil,Operario Ferroviario EC PR,Botafogo FC SP,2026-10-07T22:30:00+00:00,21.3633,soccer.total_goals,period=ft,under,total=2.25,1.86
2026-10-08T00:08:38.203073+02:00,36609397,Brasileiro Serie B,Brazil,Operario Ferroviario EC PR,Botafogo FC SP,2026-10-07T22:30:00+00:00,21.3633,soccer.total_goals,period=ft,over,total=1.5,1.39
2026-10-08T00:08:38.203073+02:00,36609397,Brasileiro Serie B,Brazil,Operario Ferroviario EC PR,Botafogo FC SP,2026-10-07T22:30:00+00:00,21.3633,soccer.total_goals,period=ft,under,total=1.5,2.95
2026-10-08T00:08:38.203073+02:00,36609397,Brasileiro Serie B,Brazil,Operario Ferroviario EC PR,Botafogo FC SP,2026-10-07T22:30:00+00:00,21.3633,soccer.total_goals,period=ft,over,total=1.75,1.49
2026-10-08T00:08:38.203073+02:00,36609397,Brasileiro Serie B,Brazil,Operario Ferroviario EC PR,Botafogo FC SP,2026-10-07T22:30:00+00:00,21.3633,soccer.total_goals,period=ft,under,total=1.75,2.6
2026-10-08T00:08:38.203073+02:00,36609397,Brasileiro Serie B,Brazil,Operario Ferroviario EC PR,Botafogo FC SP,2026-10-07T22:30:00+00:00,21.3633,soccer.total_goals,period=ft,over,total=2,1.66
2026-10-08T00:08:38.203073+02:00,36609397,Brasileiro Serie B,Brazil,Operario Ferroviario EC PR,Botafogo FC SP,2026-10-07T22:30:00+00:00,21.3633,soccer.total_goals,period=ft,under,total=2,2.2
2026-10-08T00:08:38.203073+02:00,36609397,Brasileiro Serie B,Brazil,Operario Ferroviario EC PR,Botafogo FC SP,2026-10-07T22:30:00+00:00,21.3633,soccer.total_goals,period=ft,over,total=2.5,2.2
2026-10-08T00:08:38.203073+02:00,36609397,Brasileiro Serie B,Brazil,Operario Ferroviario EC PR,Botafogo FC SP,2026-10-07T22:30:00+00:00,21.3633,soccer.total_goals,period=ft,under,total=2.5,1.65
2026-10-08T00:08:38.203073+02:00,36609397,Brasileiro Serie B,Brazil,Operario Ferroviario EC PR,Botafogo FC SP,2026-10-07T22:30:00+00:00,21.3633,soccer.total_goals,period=ft,over,total=2.75,2.6
2026-10-08T00:08:38.203073+02:00,36609397,Brasileiro Serie B,Brazil,Operario Ferroviario EC PR,Botafogo FC SP,2026-10-07T22:30:00+00:00,21.3633,soccer.total_goals,period=ft,under,total=2.75,1.48
2026-10-08T00:08:38.203073+02:00,36609397,Brasileiro Serie B,Brazil,Operario Ferroviario EC PR,Botafogo FC SP,2026-10-07T22:30:00+00:00,21.3633,soccer.total_goals,period=ft,over,total=3.5,4.15
2026-10-08T00:08:38.203073+02:00,36609397,Brasileiro Serie B,Brazil,Operario Ferroviario EC PR,Botafogo FC SP,2026-10-07T22:30:00+00:00,21.3633,soccer.total_goals,period=ft,under,total=3.5,1.22
2026-10-08T00:08:38.203073+02:00,36609422,Brasileiro Serie B,Brazil,America FC MG,Fortaleza EC CE,2026-10-07T23:30:00+00:00,81.3633,soccer.asian_handicap,period=ft,home,handicap=0.5,1.92
2026-10-08T00:08:38.203073+02:00,36609422,Brasileiro Serie B,Brazil,America FC MG,Fortaleza EC CE,2026-10-07T23:30:00+00:00,81.3633,soccer.asian_handicap,period=ft,away,handicap=0.5,1.92
2026-10-08T00:08:38.203073+02:00,36609422,Brasileiro Serie B,Brazil,America FC MG,Fortaleza EC CE,2026-10-07T23:30:00+00:00,81.3633,soccer.asian_handicap,period=ft,home,handicap=-0.5,4.0
2026-10-08T00:08:38.203073+02:00,36609422,Brasileiro Serie B,Brazil,America FC MG,Fortaleza EC CE,2026-10-07T23:30:00+00:00,81.3633,soccer.asian_handicap,period=ft,away,handicap=-0.5,1.24
2026-10-08T00:08:38.203073+02:00,36609422,Brasileiro Serie B,Brazil,America FC MG,Fortaleza EC CE,2026-10-07T23:30:00+00:00,81.3633,soccer.asian_handicap,period=ft,home,handicap=-0.25,3.5
2026-10-08T00:08:38.203073+02:00,36609422,Brasileiro Serie B,Brazil,America FC MG,Fortaleza EC CE,2026-10-07T23:30:00+00:00,81.3633,soccer.asian_handicap,period=ft,away,handicap=-0.25,1.3
2026-10-08T00:08:38.203073+02:00,36609422,Brasileiro Serie B,Brazil,America FC MG,Fortaleza EC CE,2026-10-07T23:30:00+00:00,81.3633,soccer.asian_handicap,period=ft,home,handicap=0,3.0
2026-10-08T00:08:38.203073+02:00,36609422,Brasileiro Serie B,Brazil,America FC MG,Fortaleza EC CE,2026-10-07T23:30:00+00:00,81.3633,soccer.asian_handicap,period=ft,away,handicap=0,1.4
2026-10-08T00:08:38.203073+02:00,36609422,Brasileiro Serie B,Brazil,America FC MG,Fortaleza EC CE,2026-10-07T23:30:00+00:00,81.3633,soccer.asian_handicap,period=ft,home,handicap=0.25,2.25
2026-10-08T00:08:38.203073+02:00,36609422,Brasileiro Serie B,Brazil,America FC MG,Fortaleza EC CE,2026-10-07T23:30:00+00:00,81.3633,soccer.asian_handicap,period=ft,away,handicap=0.25,1.65
2026-10-08T00:08:38.203073+02:00,36609422,Brasileiro Serie B,Brazil,America FC MG,Fortaleza EC CE,2026-10-07T23:30:00+00:00,81.3633,soccer.asian_handicap,period=ft,home,handicap=0.75,1.67
2026-10-08T00:08:38.203073+02:00,36609422,Brasileiro Serie B,Brazil,America FC MG,Fortaleza EC CE,2026-10-07T23:30:00+00:00,81.3633,soccer.asian_handicap,period=ft,away,handicap=0.75,2.2
2026-10-08T00:08:38.203073+02:00,36609422,Brasileiro Serie B,Brazil,America FC MG,Fortaleza EC CE,2026-10-07T23:30:00+00:00,81.3633,soccer.asian_handicap,period=ft,home,handicap=1,1.43
2026-10-08T00:08:38.203073+02:00,36609422,Brasileiro Serie B,Brazil,America FC MG,Fortaleza EC CE,2026-10-07T23:30:00+00:00,81.3633,soccer.asian_handicap,period=ft,away,handicap=1,2.85
2026-10-08T00:08:38.203073+02:00,36609422,Brasileiro Serie B,Brazil,America FC MG,Fortaleza EC CE,2026-10-07T23:30:00+00:00,81.3633,soccer.asian_handicap,period=ft,home,handicap=1.25,1.33
2026-10-08T00:08:38.203073+02:00,36609422,Brasileiro Serie B,Brazil,America FC MG,Fortaleza EC CE,2026-10-07T23:30:00+00:00,81.3633,soccer.asian_handicap,period=ft,away,handicap=1.25,3.3
2026-10-08T00:08:38.203073+02:00,36609422,Brasileiro Serie B,Brazil,America FC MG,Fortaleza EC CE,2026-10-07T23:30:00+00:00,81.3633,soccer.asian_handicap,period=ft,home,handicap=1.5,1.27
2026-10-08T00:08:38.203073+02:00,36609422,Brasileiro Serie B,Brazil,America FC MG,Fortaleza EC CE,2026-10-07T23:30:00+00:00,81.3633,soccer.asian_handicap,period=ft,away,handicap=1.5,3.75
2026-10-08T00:08:38.203073+02:00,36609422,Brasileiro Serie B,Brazil,America FC MG,Fortaleza EC CE,2026-10-07T23:30:00+00:00,81.3633,soccer.double_chance,period=ft,draw_away,,1.24
2026-10-08T00:08:38.203073+02:00,36609422,Brasileiro Serie B,Brazil,America FC MG,Fortaleza EC CE,2026-10-07T23:30:00+00:00,81.3633,soccer.double_chance,period=ft,home_away,,1.3
2026-10-08T00:08:38.203073+02:00,36609422,Brasileiro Serie B,Brazil,America FC MG,Fortaleza EC CE,2026-10-07T23:30:00+00:00,81.3633,soccer.double_chance,period=ft,home_draw,,1.89
2026-10-08T00:08:38.203073+02:00,36609422,Brasileiro Serie B,Brazil,America FC MG,Fortaleza EC CE,2026-10-07T23:30:00+00:00,81.3633,soccer.match_odds,period=ft,home,,4.05
2026-10-08T00:08:38.203073+02:00,36609422,Brasileiro Serie B,Brazil,America FC MG,Fortaleza EC CE,2026-10-07T23:30:00+00:00,81.3633,soccer.match_odds,period=ft,draw,,3.5
2026-10-08T00:08:38.203073+02:00,36609422,Brasileiro Serie B,Brazil,America FC MG,Fortaleza EC CE,2026-10-07T23:30:00+00:00,81.3633,soccer.match_odds,period=ft,away,,1.91
2026-10-08T00:08:38.203073+02:00,36609422,Brasileiro Serie B,Brazil,America FC MG,Fortaleza EC CE,2026-10-07T23:30:00+00:00,81.3633,soccer.total_goals,period=ft,over,total=2.25,1.82
2026-10-08T00:08:38.203073+02:00,36609422,Brasileiro Serie B,Brazil,America FC MG,Fortaleza EC CE,2026-10-07T23:30:00+00:00,81.3633,soccer.total_goals,period=ft,under,total=2.25,2.01
2026-10-08T00:08:38.203073+02:00,36609422,Brasileiro Serie B,Brazil,America FC MG,Fortaleza EC CE,2026-10-07T23:30:00+00:00,81.3633,soccer.total_goals,period=ft,over,total=1.5,1.34
2026-10-08T00:08:38.203073+02:00,36609422,Brasileiro Serie B,Brazil,America FC MG,Fortaleza EC CE,2026-10-07T23:30:00+00:00,81.3633,soccer.total_goals,period=ft,under,total=1.5,3.2
2026-10-08T00:08:38.203073+02:00,36609422,Brasileiro Serie B,Brazil,America FC MG,Fortaleza EC CE,2026-10-07T23:30:00+00:00,81.3633,soccer.total_goals,period=ft,over,total=1.75,1.42
2026-10-08T00:08:38.203073+02:00,36609422,Brasileiro Serie B,Brazil,America FC MG,Fortaleza EC CE,2026-10-07T23:30:00+00:00,81.3633,soccer.total_goals,period=ft,under,total=1.75,2.85
2026-10-08T00:08:38.203073+02:00,36609422,Brasileiro Serie B,Brazil,America FC MG,Fortaleza EC CE,2026-10-07T23:30:00+00:00,81.3633,soccer.total_goals,period=ft,over,total=2,1.55
2026-10-08T00:08:38.203073+02:00,36609422,Brasileiro Serie B,Brazil,America FC MG,Fortaleza EC CE,2026-10-07T23:30:00+00:00,81.3633,soccer.total_goals,period=ft,under,total=2,2.45
2026-10-08T00:08:38.203073+02:00,36609422,Brasileiro Serie B,Brazil,America FC MG,Fortaleza EC CE,2026-10-07T23:30:00+00:00,81.3633,soccer.total_goals,period=ft,over,total=2.5,2.08
2026-10-08T00:08:38.203073+02:00,36609422,Brasileiro Serie B,Brazil,America FC MG,Fortaleza EC CE,2026-10-07T23:30:00+00:00,81.3633,soccer.total_goals,period=ft,under,total=2.5,1.75
2026-10-08T00:08:38.203073+02:00,36609422,Brasileiro Serie B,Brazil,America FC MG,Fortaleza EC CE,2026-10-07T23:30:00+00:00,81.3633,soccer.total_goals,period=ft,over,total=2.75,2.4
2026-10-08T00:08:38.203073+02:00,36609422,Brasileiro Serie B,Brazil,America FC MG,Fortaleza EC CE,2026-10-07T23:30:00+00:00,81.3633,soccer.total_goals,period=ft,under,total=2.75,1.56
2026-10-08T00:08:38.203073+02:00,36609422,Brasileiro Serie B,Brazil,America FC MG,Fortaleza EC CE,2026-10-07T23:30:00+00:00,81.3633,soccer.total_goals,period=ft,over,total=3.5,3.75
2026-10-08T00:08:38.203073+02:00,36609422,Brasileiro Serie B,Brazil,America FC MG,Fortaleza EC CE,2026-10-07T23:30:00+00:00,81.3633,soccer.total_goals,period=ft,under,total=3.5,1.26
2026-10-08T00:08:38.203073+02:00,36435229,Brasileiro Serie A,Brazil,Clube do Remo PA,Gremio FB Porto Alegrense RS,2026-10-07T22:30:00+00:00,21.3633,soccer.asian_handicap,period=ft,home,handicap=-0.5,2.07
2026-10-08T00:08:38.203073+02:00,36435229,Brasileiro Serie A,Brazil,Clube do Remo PA,Gremio FB Porto Alegrense RS,2026-10-07T22:30:00+00:00,21.3633,soccer.asian_handicap,period=ft,away,handicap=-0.5,1.81
2026-10-08T00:08:38.203073+02:00,36435229,Brasileiro Serie A,Brazil,Clube do Remo PA,Gremio FB Porto Alegrense RS,2026-10-07T22:30:00+00:00,21.3633,soccer.asian_handicap,period=ft,home,handicap=-1.5,3.85
2026-10-08T00:08:38.203073+02:00,36435229,Brasileiro Serie A,Brazil,Clube do Remo PA,Gremio FB Porto Alegrense RS,2026-10-07T22:30:00+00:00,21.3633,soccer.asian_handicap,period=ft,away,handicap=-1.5,1.27
2026-10-08T00:08:38.203073+02:00,36435229,Brasileiro Serie A,Brazil,Clube do Remo PA,Gremio FB Porto Alegrense RS,2026-10-07T22:30:00+00:00,21.3633,soccer.asian_handicap,period=ft,home,handicap=-1.25,3.45
2026-10-08T00:08:38.203073+02:00,36435229,Brasileiro Serie A,Brazil,Clube do Remo PA,Gremio FB Porto Alegrense RS,2026-10-07T22:30:00+00:00,21.3633,soccer.asian_handicap,period=ft,away,handicap=-1.25,1.32
2026-10-08T00:08:38.203073+02:00,36435229,Brasileiro Serie A,Brazil,Clube do Remo PA,Gremio FB Porto Alegrense RS,2026-10-07T22:30:00+00:00,21.3633,soccer.asian_handicap,period=ft,home,handicap=-1,3.0
2026-10-08T00:08:38.203073+02:00,36435229,Brasileiro Serie A,Brazil,Clube do Remo PA,Gremio FB Porto Alegrense RS,2026-10-07T22:30:00+00:00,21.3633,soccer.asian_handicap,period=ft,away,handicap=-1,1.4
2026-10-08T00:08:38.203073+02:00,36435229,Brasileiro Serie A,Brazil,Clube do Remo PA,Gremio FB Porto Alegrense RS,2026-10-07T22:30:00+00:00,21.3633,soccer.asian_handicap,period=ft,home,handicap=-0.75,2.4
2026-10-08T00:08:38.203073+02:00,36435229,Brasileiro Serie A,Brazil,Clube do Remo PA,Gremio FB Porto Alegrense RS,2026-10-07T22:30:00+00:00,21.3633,soccer.asian_handicap,period=ft,away,handicap=-0.75,1.6
2026-10-08T00:08:38.203073+02:00,36435229,Brasileiro Serie A,Brazil,Clube do Remo PA,Gremio FB Porto Alegrense RS,2026-10-07T22:30:00+00:00,21.3633,soccer.asian_handicap,period=ft,home,handicap=-0.25,1.77
2026-10-08T00:08:38.203073+02:00,36435229,Brasileiro Serie A,Brazil,Clube do Remo PA,Gremio FB Porto Alegrense RS,2026-10-07T22:30:00+00:00,21.3633,soccer.asian_handicap,period=ft,away,handicap=-0.25,2.09
2026-10-08T00:08:38.203073+02:00,36435229,Brasileiro Serie A,Brazil,Clube do Remo PA,Gremio FB Porto Alegrense RS,2026-10-07T22:30:00+00:00,21.3633,soccer.asian_handicap,period=ft,home,handicap=0,1.49
2026-10-08T00:08:38.203073+02:00,36435229,Brasileiro Serie A,Brazil,Clube do Remo PA,Gremio FB Porto Alegrense RS,2026-10-07T22:30:00+00:00,21.3633,soccer.asian_handicap,period=ft,away,handicap=0,2.7
2026-10-08T00:08:38.203073+02:00,36435229,Brasileiro Serie A,Brazil,Clube do Remo PA,Gremio FB Porto Alegrense RS,2026-10-07T22:30:00+00:00,21.3633,soccer.asian_handicap,period=ft,home,handicap=0.25,1.36
2026-10-08T00:08:38.203073+02:00,36435229,Brasileiro Serie A,Brazil,Clube do Remo PA,Gremio FB Porto Alegrense RS,2026-10-07T22:30:00+00:00,21.3633,soccer.asian_handicap,period=ft,away,handicap=0.25,3.15
2026-10-08T00:08:38.203073+02:00,36435229,Brasileiro Serie A,Brazil,Clube do Remo PA,Gremio FB Porto Alegrense RS,2026-10-07T22:30:00+00:00,21.3633,soccer.asian_handicap,period=ft,home,handicap=0.5,1.29
2026-10-08T00:08:38.203073+02:00,36435229,Brasileiro Serie A,Brazil,Clube do Remo PA,Gremio FB Porto Alegrense RS,2026-10-07T22:30:00+00:00,21.3633,soccer.asian_handicap,period=ft,away,handicap=0.5,3.65
2026-10-08T00:08:38.203073+02:00,36435229,Brasileiro Serie A,Brazil,Clube do Remo PA,Gremio FB Porto Alegrense RS,2026-10-07T22:30:00+00:00,21.3633,soccer.double_chance,period=ft,draw_away,,1.78
2026-10-08T00:08:38.203073+02:00,36435229,Brasileiro Serie A,Brazil,Clube do Remo PA,Gremio FB Porto Alegrense RS,2026-10-07T22:30:00+00:00,21.3633,soccer.double_chance,period=ft,home_away,,1.31
2026-10-08T00:08:38.203073+02:00,36435229,Brasileiro Serie A,Brazil,Clube do Remo PA,Gremio FB Porto Alegrense RS,2026-10-07T22:30:00+00:00,21.3633,soccer.double_chance,period=ft,home_draw,,1.31
2026-10-08T00:08:38.203073+02:00,36435229,Brasileiro Serie A,Brazil,Clube do Remo PA,Gremio FB Porto Alegrense RS,2026-10-07T22:30:00+00:00,21.3633,soccer.match_odds,period=ft,home,,2.07
2026-10-08T00:08:38.203073+02:00,36435229,Brasileiro Serie A,Brazil,Clube do Remo PA,Gremio FB Porto Alegrense RS,2026-10-07T22:30:00+00:00,21.3633,soccer.match_odds,period=ft,draw,,3.45
2026-10-08T00:08:38.203073+02:00,36435229,Brasileiro Serie A,Brazil,Clube do Remo PA,Gremio FB Porto Alegrense RS,2026-10-07T22:30:00+00:00,21.3633,soccer.match_odds,period=ft,away,,3.7
2026-10-08T00:08:38.203073+02:00,36435229,Brasileiro Serie A,Brazil,Clube do Remo PA,Gremio FB Porto Alegrense RS,2026-10-07T22:30:00+00:00,21.3633,soccer.total_goals,period=ft,over,total=2.5,2.0
2026-10-08T00:08:38.203073+02:00,36435229,Brasileiro Serie A,Brazil,Clube do Remo PA,Gremio FB Porto Alegrense RS,2026-10-07T22:30:00+00:00,21.3633,soccer.total_goals,period=ft,under,total=2.5,1.86
2026-10-08T00:08:38.203073+02:00,36435229,Brasileiro Serie A,Brazil,Clube do Remo PA,Gremio FB Porto Alegrense RS,2026-10-07T22:30:00+00:00,21.3633,soccer.total_goals,period=ft,over,total=1.5,1.29
2026-10-08T00:08:38.203073+02:00,36435229,Brasileiro Serie A,Brazil,Clube do Remo PA,Gremio FB Porto Alegrense RS,2026-10-07T22:30:00+00:00,21.3633,soccer.total_goals,period=ft,under,total=1.5,3.55
2026-10-08T00:08:38.203073+02:00,36435229,Brasileiro Serie A,Brazil,Clube do Remo PA,Gremio FB Porto Alegrense RS,2026-10-07T22:30:00+00:00,21.3633,soccer.total_goals,period=ft,over,total=2,1.48
2026-10-08T00:08:38.203073+02:00,36435229,Brasileiro Serie A,Brazil,Clube do Remo PA,Gremio FB Porto Alegrense RS,2026-10-07T22:30:00+00:00,21.3633,soccer.total_goals,period=ft,under,total=2,2.7
2026-10-08T00:08:38.203073+02:00,36435229,Brasileiro Serie A,Brazil,Clube do Remo PA,Gremio FB Porto Alegrense RS,2026-10-07T22:30:00+00:00,21.3633,soccer.total_goals,period=ft,over,total=2.25,1.73
2026-10-08T00:08:38.203073+02:00,36435229,Brasileiro Serie A,Brazil,Clube do Remo PA,Gremio FB Porto Alegrense RS,2026-10-07T22:30:00+00:00,21.3633,soccer.total_goals,period=ft,under,total=2.25,2.13
2026-10-08T00:08:38.203073+02:00,36435229,Brasileiro Serie A,Brazil,Clube do Remo PA,Gremio FB Porto Alegrense RS,2026-10-07T22:30:00+00:00,21.3633,soccer.total_goals,period=ft,over,total=2.75,2.25
2026-10-08T00:08:38.203073+02:00,36435229,Brasileiro Serie A,Brazil,Clube do Remo PA,Gremio FB Porto Alegrense RS,2026-10-07T22:30:00+00:00,21.3633,soccer.total_goals,period=ft,under,total=2.75,1.66
2026-10-08T00:08:38.203073+02:00,36435229,Brasileiro Serie A,Brazil,Clube do Remo PA,Gremio FB Porto Alegrense RS,2026-10-07T22:30:00+00:00,21.3633,soccer.total_goals,period=ft,over,total=3,2.7
2026-10-08T00:08:38.203073+02:00,36435229,Brasileiro Serie A,Brazil,Clube do Remo PA,Gremio FB Porto Alegrense RS,2026-10-07T22:30:00+00:00,21.3633,soccer.total_goals,period=ft,under,total=3,1.47
2026-10-08T00:08:38.203073+02:00,36435229,Brasileiro Serie A,Brazil,Clube do Remo PA,Gremio FB Porto Alegrense RS,2026-10-07T22:30:00+00:00,21.3633,soccer.total_goals,period=ft,over,total=3.5,3.4
2026-10-08T00:08:38.203073+02:00,36435229,Brasileiro Serie A,Brazil,Clube do Remo PA,Gremio FB Porto Alegrense RS,2026-10-07T22:30:00+00:00,21.3633,soccer.total_goals,period=ft,under,total=3.5,1.32
2026-10-08T00:08:38.203073+02:00,36435229,Brasileiro Serie A,Brazil,Clube do Remo PA,Gremio FB Porto Alegrense RS,2026-10-07T22:30:00+00:00,21.3633,soccer.total_goals,period=ft,over,total=4.5,6.65
2026-10-08T00:08:38.203073+02:00,36435229,Brasileiro Serie A,Brazil,Clube do Remo PA,Gremio FB Porto Alegrense RS,2026-10-07T22:30:00+00:00,21.3633,soccer.total_goals,period=ft,under,total=4.5,1.11
2026-10-08T00:08:38.203073+02:00,36435228,Brasileiro Serie A,Brazil,Red Bull Bragantino SP,Mirassol FC SP,2026-10-07T22:30:00+00:00,21.3633,soccer.asian_handicap,period=ft,home,handicap=-0.75,1.95
2026-10-08T00:08:38.203073+02:00,36435228,Brasileiro Serie A,Brazil,Red Bull Bragantino SP,Mirassol FC SP,2026-10-07T22:30:00+00:00,21.3633,soccer.asian_handicap,period=ft,away,handicap=-0.75,1.93
2026-10-08T00:08:38.203073+02:00,36435228,Brasileiro Serie A,Brazil,Red Bull Bragantino SP,Mirassol FC SP,2026-10-07T22:30:00+00:00,21.3633,soccer.asian_handicap,period=ft,home,handicap=-1.75,3.75
2026-10-08T00:08:38.203073+02:00,36435228,Brasileiro Serie A,Brazil,Red Bull Bragantino SP,Mirassol FC SP,2026-10-07T22:30:00+00:00,21.3633,soccer.asian_handicap,period=ft,away,handicap=-1.75,1.28
2026-10-08T00:08:38.203073+02:00,36435228,Brasileiro Serie A,Brazil,Red Bull Bragantino SP,Mirassol FC SP,2026-10-07T22:30:00+00:00,21.3633,soccer.asian_handicap,period=ft,home,handicap=-1.5,3.0
2026-10-08T00:08:38.203073+02:00,36435228,Brasileiro Serie A,Brazil,Red Bull Bragantino SP,Mirassol FC SP,2026-10-07T22:30:00+00:00,21.3633,soccer.asian_handicap,period=ft,away,handicap=-1.5,1.4
2026-10-08T00:08:38.203073+02:00,36435228,Brasileiro Serie A,Brazil,Red Bull Bragantino SP,Mirassol FC SP,2026-10-07T22:30:00+00:00,21.3633,soccer.asian_handicap,period=ft,home,handicap=-1.25,2.65
2026-10-08T00:08:38.203073+02:00,36435228,Brasileiro Serie A,Brazil,Red Bull Bragantino SP,Mirassol FC SP,2026-10-07T22:30:00+00:00,21.3633,soccer.asian_handicap,period=ft,away,handicap=-1.25,1.5
2026-10-08T00:08:38.203073+02:00,36435228,Brasileiro Serie A,Brazil,Red Bull Bragantino SP,Mirassol FC SP,2026-10-07T22:30:00+00:00,21.3633,soccer.asian_handicap,period=ft,home,handicap=-1,2.3
2026-10-08T00:08:38.203073+02:00,36435228,Brasileiro Serie A,Brazil,Red Bull Bragantino SP,Mirassol FC SP,2026-10-07T22:30:00+00:00,21.3633,soccer.asian_handicap,period=ft,away,handicap=-1,1.65
2026-10-08T00:08:38.203073+02:00,36435228,Brasileiro Serie A,Brazil,Red Bull Bragantino SP,Mirassol FC SP,2026-10-07T22:30:00+00:00,21.3633,soccer.asian_handicap,period=ft,home,handicap=-0.5,1.72
2026-10-08T00:08:38.203073+02:00,36435228,Brasileiro Serie A,Brazil,Red Bull Bragantino SP,Mirassol FC SP,2026-10-07T22:30:00+00:00,21.3633,soccer.asian_handicap,period=ft,away,handicap=-0.5,2.17
2026-10-08T00:08:38.203073+02:00,36435228,Brasileiro Serie A,Brazil,Red Bull Bragantino SP,Mirassol FC SP,2026-10-07T22:30:00+00:00,21.3633,soccer.asian_handicap,period=ft,home,handicap=-0.25,1.51
2026-10-08T00:08:38.203073+02:00,36435228,Brasileiro Serie A,Brazil,Red Bull Bragantino SP,Mirassol FC SP,2026-10-07T22:30:00+00:00,21.3633,soccer.asian_handicap,period=ft,away,handicap=-0.25,2.6
2026-10-08T00:08:38.203073+02:00,36435228,Brasileiro Serie A,Brazil,Red Bull Bragantino SP,Mirassol FC SP,2026-10-07T22:30:00+00:00,21.3633,soccer.asian_handicap,period=ft,home,handicap=0,1.3
2026-10-08T00:08:38.203073+02:00,36435228,Brasileiro Serie A,Brazil,Red Bull Bragantino SP,Mirassol FC SP,2026-10-07T22:30:00+00:00,21.3633,soccer.asian_handicap,period=ft,away,handicap=0,3.6
2026-10-08T00:08:38.203073+02:00,36435228,Brasileiro Serie A,Brazil,Red Bull Bragantino SP,Mirassol FC SP,2026-10-07T22:30:00+00:00,21.3633,soccer.asian_handicap,period=ft,home,handicap=0.25,1.24
2026-10-08T00:08:38.203073+02:00,36435228,Brasileiro Serie A,Brazil,Red Bull Bragantino SP,Mirassol FC SP,2026-10-07T22:30:00+00:00,21.3633,soccer.asian_handicap,period=ft,away,handicap=0.25,4.2
2026-10-08T00:08:38.203073+02:00,36435228,Brasileiro Serie A,Brazil,Red Bull Bragantino SP,Mirassol FC SP,2026-10-07T22:30:00+00:00,21.3633,soccer.double_chance,period=ft,draw_away,,2.15
2026-10-08T00:08:38.203073+02:00,36435228,Brasileiro Serie A,Brazil,Red Bull Bragantino SP,Mirassol FC SP,2026-10-07T22:30:00+00:00,21.3633,soccer.double_chance,period=ft,home_away,,1.27
2026-10-08T00:08:38.203073+02:00,36435228,Brasileiro Serie A,Brazil,Red Bull Bragantino SP,Mirassol FC SP,2026-10-07T22:30:00+00:00,21.3633,soccer.double_chance,period=ft,home_draw,,1.2
2026-10-08T00:08:38.203073+02:00,36435228,Brasileiro Serie A,Brazil,Red Bull Bragantino SP,Mirassol FC SP,2026-10-07T22:30:00+00:00,21.3633,soccer.match_odds,period=ft,home,,1.72
2026-10-08T00:08:38.203073+02:00,36435228,Brasileiro Serie A,Brazil,Red Bull Bragantino SP,Mirassol FC SP,2026-10-07T22:30:00+00:00,21.3633,soccer.match_odds,period=ft,draw,,3.9
2026-10-08T00:08:38.203073+02:00,36435228,Brasileiro Serie A,Brazil,Red Bull Bragantino SP,Mirassol FC SP,2026-10-07T22:30:00+00:00,21.3633,soccer.match_odds,period=ft,away,,4.8
2026-10-08T00:08:38.203073+02:00,36435228,Brasileiro Serie A,Brazil,Red Bull Bragantino SP,Mirassol FC SP,2026-10-07T22:30:00+00:00,21.3633,soccer.total_goals,period=ft,over,total=2.75,1.89
2026-10-08T00:08:38.203073+02:00,36435228,Brasileiro Serie A,Brazil,Red Bull Bragantino SP,Mirassol FC SP,2026-10-07T22:30:00+00:00,21.3633,soccer.total_goals,period=ft,under,total=2.75,1.98
2026-10-08T00:08:38.203073+02:00,36435228,Brasileiro Serie A,Brazil,Red Bull Bragantino SP,Mirassol FC SP,2026-10-07T22:30:00+00:00,21.3633,soccer.total_goals,period=ft,over,total=1.5,1.21
2026-10-08T00:08:38.203073+02:00,36435228,Brasileiro Serie A,Brazil,Red Bull Bragantino SP,Mirassol FC SP,2026-10-07T22:30:00+00:00,21.3633,soccer.total_goals,period=ft,under,total=1.5,4.45
2026-10-08T00:08:38.203073+02:00,36435228,Brasileiro Serie A,Brazil,Red Bull Bragantino SP,Mirassol FC SP,2026-10-07T22:30:00+00:00,21.3633,soccer.total_goals,period=ft,over,total=2.25,1.5
2026-10-08T00:08:38.203073+02:00,36435228,Brasileiro Serie A,Brazil,Red Bull Bragantino SP,Mirassol FC SP,2026-10-07T22:30:00+00:00,21.3633,soccer.total_goals,period=ft,under,total=2.25,2.6
2026-10-08T00:08:38.203073+02:00,36435228,Brasileiro Serie A,Brazil,Red Bull Bragantino SP,Mirassol FC SP,2026-10-07T22:30:00+00:00,21.3633,soccer.total_goals,period=ft,over,total=2.5,1.69
2026-10-08T00:08:38.203073+02:00,36435228,Brasileiro Serie A,Brazil,Red Bull Bragantino SP,Mirassol FC SP,2026-10-07T22:30:00+00:00,21.3633,soccer.total_goals,period=ft,under,total=2.5,2.2
2026-10-08T00:08:38.203073+02:00,36435228,Brasileiro Serie A,Brazil,Red Bull Bragantino SP,Mirassol FC SP,2026-10-07T22:30:00+00:00,21.3633,soccer.total_goals,period=ft,over,total=3,2.16
2026-10-08T00:08:38.203073+02:00,36435228,Brasileiro Serie A,Brazil,Red Bull Bragantino SP,Mirassol FC SP,2026-10-07T22:30:00+00:00,21.3633,soccer.total_goals,period=ft,under,total=3,1.71
2026-10-08T00:08:38.203073+02:00,36435228,Brasileiro Serie A,Brazil,Red Bull Bragantino SP,Mirassol FC SP,2026-10-07T22:30:00+00:00,21.3633,soccer.total_goals,period=ft,over,total=3.25,2.45
2026-10-08T00:08:38.203073+02:00,36435228,Brasileiro Serie A,Brazil,Red Bull Bragantino SP,Mirassol FC SP,2026-10-07T22:30:00+00:00,21.3633,soccer.total_goals,period=ft,under,total=3.25,1.56
2026-10-08T00:08:38.203073+02:00,36435228,Brasileiro Serie A,Brazil,Red Bull Bragantino SP,Mirassol FC SP,2026-10-07T22:30:00+00:00,21.3633,soccer.total_goals,period=ft,over,total=3.5,2.75
2026-10-08T00:08:38.203073+02:00,36435228,Brasileiro Serie A,Brazil,Red Bull Bragantino SP,Mirassol FC SP,2026-10-07T22:30:00+00:00,21.3633,soccer.total_goals,period=ft,under,total=3.5,1.45
2026-10-08T00:08:38.203073+02:00,36435228,Brasileiro Serie A,Brazil,Red Bull Bragantino SP,Mirassol FC SP,2026-10-07T22:30:00+00:00,21.3633,soccer.total_goals,period=ft,over,total=4.5,5.25
2026-10-08T00:08:38.203073+02:00,36435228,Brasileiro Serie A,Brazil,Red Bull Bragantino SP,Mirassol FC SP,2026-10-07T22:30:00+00:00,21.3633,soccer.total_goals,period=ft,under,total=4.5,1.16
2026-10-08T00:08:38.203073+02:00,36435230,Brasileiro Serie A,Brazil,SC Internacional RS,SC Corinthians SP,2026-10-07T22:30:00+00:00,21.3633,soccer.asian_handicap,period=ft,home,handicap=-0.25,2.12
2026-10-08T00:08:38.203073+02:00,36435230,Brasileiro Serie A,Brazil,SC Internacional RS,SC Corinthians SP,2026-10-07T22:30:00+00:00,21.3633,soccer.asian_handicap,period=ft,away,handicap=-0.25,1.78
2026-10-08T00:08:38.203073+02:00,36435230,Brasileiro Serie A,Brazil,SC Internacional RS,SC Corinthians SP,2026-10-07T22:30:00+00:00,21.3633,soccer.asian_handicap,period=ft,home,handicap=-1.25,4.9
2026-10-08T00:08:38.203073+02:00,36435230,Brasileiro Serie A,Brazil,SC Internacional RS,SC Corinthians SP,2026-10-07T22:30:00+00:00,21.3633,soccer.asian_handicap,period=ft,away,handicap=-1.25,1.19
2026-10-08T00:08:38.203073+02:00,36435230,Brasileiro Serie A,Brazil,SC Internacional RS,SC Corinthians SP,2026-10-07T22:30:00+00:00,21.3633,soccer.asian_handicap,period=ft,home,handicap=-1,4.3
2026-10-08T00:08:38.203073+02:00,36435230,Brasileiro Serie A,Brazil,SC Internacional RS,SC Corinthians SP,2026-10-07T22:30:00+00:00,21.3633,soccer.asian_handicap,period=ft,away,handicap=-1,1.22
2026-10-08T00:08:38.203073+02:00,36435230,Brasileiro Serie A,Brazil,SC Internacional RS,SC Corinthians SP,2026-10-07T22:30:00+00:00,21.3633,soccer.asian_handicap,period=ft,home,handicap=-0.75,3.05
2026-10-08T00:08:38.203073+02:00,36435230,Brasileiro Serie A,Brazil,SC Internacional RS,SC Corinthians SP,2026-10-07T22:30:00+00:00,21.3633,soccer.asian_handicap,period=ft,away,handicap=-0.75,1.39
2026-10-08T00:08:38.203073+02:00,36435230,Brasileiro Serie A,Brazil,SC Internacional RS,SC Corinthians SP,2026-10-07T22:30:00+00:00,21.3633,soccer.asian_handicap,period=ft,home,handicap=-0.5,2.5
2026-10-08T00:08:38.203073+02:00,36435230,Brasileiro Serie A,Brazil,SC Internacional RS,SC Corinthians SP,2026-10-07T22:30:00+00:00,21.3633,soccer.asian_handicap,period=ft,away,handicap=-0.5,1.56
2026-10-08T00:08:38.203073+02:00,36435230,Brasileiro Serie A,Brazil,SC Internacional RS,SC Corinthians SP,2026-10-07T22:30:00+00:00,21.3633,soccer.asian_handicap,period=ft,home,handicap=0,1.7
2026-10-08T00:08:38.203073+02:00,36435230,Brasileiro Serie A,Brazil,SC Internacional RS,SC Corinthians SP,2026-10-07T22:30:00+00:00,21.3633,soccer.asian_handicap,period=ft,away,handicap=0,2.2
2026-10-08T00:08:38.203073+02:00,36435230,Brasileiro Serie A,Brazil,SC Internacional RS,SC Corinthians SP,2026-10-07T22:30:00+00:00,21.3633,soccer.asian_handicap,period=ft,home,handicap=0.25,1.48
2026-10-08T00:08:38.203073+02:00,36435230,Brasileiro Serie A,Brazil,SC Internacional RS,SC Corinthians SP,2026-10-07T22:30:00+00:00,21.3633,soccer.asian_handicap,period=ft,away,handicap=0.25,2.7
2026-10-08T00:08:38.203073+02:00,36435230,Brasileiro Serie A,Brazil,SC Internacional RS,SC Corinthians SP,2026-10-07T22:30:00+00:00,21.3633,soccer.asian_handicap,period=ft,home,handicap=0.5,1.36
2026-10-08T00:08:38.203073+02:00,36435230,Brasileiro Serie A,Brazil,SC Internacional RS,SC Corinthians SP,2026-10-07T22:30:00+00:00,21.3633,soccer.asian_handicap,period=ft,away,handicap=0.5,3.2
2026-10-08T00:08:38.203073+02:00,36435230,Brasileiro Serie A,Brazil,SC Internacional RS,SC Corinthians SP,2026-10-07T22:30:00+00:00,21.3633,soccer.asian_handicap,period=ft,home,handicap=0.75,1.23
2026-10-08T00:08:38.203073+02:00,36435230,Brasileiro Serie A,Brazil,SC Internacional RS,SC Corinthians SP,2026-10-07T22:30:00+00:00,21.3633,soccer.asian_handicap,period=ft,away,handicap=0.75,4.2
2026-10-08T00:08:38.203073+02:00,36435230,Brasileiro Serie A,Brazil,SC Internacional RS,SC Corinthians SP,2026-10-07T22:30:00+00:00,21.3633,soccer.double_chance,period=ft,draw_away,,1.56
2026-10-08T00:08:38.203073+02:00,36435230,Brasileiro Serie A,Brazil,SC Internacional RS,SC Corinthians SP,2026-10-07T22:30:00+00:00,21.3633,soccer.double_chance,period=ft,home_away,,1.4
2026-10-08T00:08:38.203073+02:00,36435230,Brasileiro Serie A,Brazil,SC Internacional RS,SC Corinthians SP,2026-10-07T22:30:00+00:00,21.3633,soccer.double_chance,period=ft,home_draw,,1.36
2026-10-08T00:08:38.203073+02:00,36435230,Brasileiro Serie A,Brazil,SC Internacional RS,SC Corinthians SP,2026-10-07T22:30:00+00:00,21.3633,soccer.match_odds,period=ft,home,,2.5
2026-10-08T00:08:38.203073+02:00,36435230,Brasileiro Serie A,Brazil,SC Internacional RS,SC Corinthians SP,2026-10-07T22:30:00+00:00,21.3633,soccer.match_odds,period=ft,draw,,3.0
2026-10-08T00:08:38.203073+02:00,36435230,Brasileiro Serie A,Brazil,SC Internacional RS,SC Corinthians SP,2026-10-07T22:30:00+00:00,21.3633,soccer.match_odds,period=ft,away,,3.2
2026-10-08T00:08:38.203073+02:00,36435230,Brasileiro Serie A,Brazil,SC Internacional RS,SC Corinthians SP,2026-10-07T22:30:00+00:00,21.3633,soccer.total_goals,period=ft,over,total=2,1.89
2026-10-08T00:08:38.203073+02:00,36435230,Brasileiro Serie A,Brazil,SC Internacional RS,SC Corinthians SP,2026-10-07T22:30:00+00:00,21.3633,soccer.total_goals,period=ft,under,total=2,1.98
2026-10-08T00:08:38.203073+02:00,36435230,Brasileiro Serie A,Brazil,SC Internacional RS,SC Corinthians SP,2026-10-07T22:30:00+00:00,21.3633,soccer.total_goals,period=ft,over,total=0.5,1.1
2026-10-08T00:08:38.203073+02:00,36435230,Brasileiro Serie A,Brazil,SC Internacional RS,SC Corinthians SP,2026-10-07T22:30:00+00:00,21.3633,soccer.total_goals,period=ft,under,total=0.5,6.95
2026-10-08T00:08:38.203073+02:00,36435230,Brasileiro Serie A,Brazil,SC Internacional RS,SC Corinthians SP,2026-10-07T22:30:00+00:00,21.3633,soccer.total_goals,period=ft,over,total=1.5,1.49
2026-10-08T00:08:38.203073+02:00,36435230,Brasileiro Serie A,Brazil,SC Internacional RS,SC Corinthians SP,2026-10-07T22:30:00+00:00,21.3633,soccer.total_goals,period=ft,under,total=1.5,2.65
2026-10-08T00:08:38.203073+02:00,36435230,Brasileiro Serie A,Brazil,SC Internacional RS,SC Corinthians SP,2026-10-07T22:30:00+00:00,21.3633,soccer.total_goals,period=ft,over,total=1.75,1.63
2026-10-08T00:08:38.203073+02:00,36435230,Brasileiro Serie A,Brazil,SC Internacional RS,SC Corinthians SP,2026-10-07T22:30:00+00:00,21.3633,soccer.total_goals,period=ft,under,total=1.75,2.3
2026-10-08T00:08:38.203073+02:00,36435230,Brasileiro Serie A,Brazil,SC Internacional RS,SC Corinthians SP,2026-10-07T22:30:00+00:00,21.3633,soccer.total_goals,period=ft,over,total=2.25,2.2
2026-10-08T00:08:38.203073+02:00,36435230,Brasileiro Serie A,Brazil,SC Internacional RS,SC Corinthians SP,2026-10-07T22:30:00+00:00,21.3633,soccer.total_goals,period=ft,under,total=2.25,1.69
2026-10-08T00:08:38.203073+02:00,36435230,Brasileiro Serie A,Brazil,SC Internacional RS,SC Corinthians SP,2026-10-07T22:30:00+00:00,21.3633,soccer.total_goals,period=ft,over,total=2.5,2.5
2026-10-08T00:08:38.203073+02:00,36435230,Brasileiro Serie A,Brazil,SC Internacional RS,SC Corinthians SP,2026-10-07T22:30:00+00:00,21.3633,soccer.total_goals,period=ft,under,total=2.5,1.53
2026-10-08T00:08:38.203073+02:00,36435230,Brasileiro Serie A,Brazil,SC Internacional RS,SC Corinthians SP,2026-10-07T22:30:00+00:00,21.3633,soccer.total_goals,period=ft,over,total=3.5,4.75
2026-10-08T00:08:38.203073+02:00,36435230,Brasileiro Serie A,Brazil,SC Internacional RS,SC Corinthians SP,2026-10-07T22:30:00+00:00,21.3633,soccer.total_goals,period=ft,under,total=3.5,1.19
2026-10-08T00:08:38.203073+02:00,36435231,Brasileiro Serie A,Brazil,EC Vitoria BA,Chapecoense SC,2026-10-07T23:00:00+00:00,51.3633,soccer.asian_handicap,period=ft,home,handicap=-1,2.03
2026-10-08T00:08:38.203073+02:00,36435231,Brasileiro Serie A,Brazil,EC Vitoria BA,Chapecoense SC,2026-10-07T23:00:00+00:00,51.3633,soccer.asian_handicap,period=ft,away,handicap=-1,1.85
2026-10-08T00:08:38.203073+02:00,36435231,Brasileiro Serie A,Brazil,EC Vitoria BA,Chapecoense SC,2026-10-07T23:00:00+00:00,51.3633,soccer.asian_handicap,period=ft,home,handicap=-2,4.65
2026-10-08T00:08:38.203073+02:00,36435231,Brasileiro Serie A,Brazil,EC Vitoria BA,Chapecoense SC,2026-10-07T23:00:00+00:00,51.3633,soccer.asian_handicap,period=ft,away,handicap=-2,1.2
2026-10-08T00:08:38.203073+02:00,36435231,Brasileiro Serie A,Brazil,EC Vitoria BA,Chapecoense SC,2026-10-07T23:00:00+00:00,51.3633,soccer.asian_handicap,period=ft,home,handicap=-1.75,3.3
2026-10-08T00:08:38.203073+02:00,36435231,Brasileiro Serie A,Brazil,EC Vitoria BA,Chapecoense SC,2026-10-07T23:00:00+00:00,51.3633,soccer.asian_handicap,period=ft,away,handicap=-1.75,1.34
2026-10-08T00:08:38.203073+02:00,36435231,Brasileiro Serie A,Brazil,EC Vitoria BA,Chapecoense SC,2026-10-07T23:00:00+00:00,51.3633,soccer.asian_handicap,period=ft,home,handicap=-1.5,2.7
2026-10-08T00:08:38.203073+02:00,36435231,Brasileiro Serie A,Brazil,EC Vitoria BA,Chapecoense SC,2026-10-07T23:00:00+00:00,51.3633,soccer.asian_handicap,period=ft,away,handicap=-1.5,1.49
2026-10-08T00:08:38.203073+02:00,36435231,Brasileiro Serie A,Brazil,EC Vitoria BA,Chapecoense SC,2026-10-07T23:00:00+00:00,51.3633,soccer.asian_handicap,period=ft,home,handicap=-1.25,2.35
2026-10-08T00:08:38.203073+02:00,36435231,Brasileiro Serie A,Brazil,EC Vitoria BA,Chapecoense SC,2026-10-07T23:00:00+00:00,51.3633,soccer.asian_handicap,period=ft,away,handicap=-1.25,1.61
2026-10-08T00:08:38.203073+02:00,36435231,Brasileiro Serie A,Brazil,EC Vitoria BA,Chapecoense SC,2026-10-07T23:00:00+00:00,51.3633,soccer.asian_handicap,period=ft,home,handicap=-0.75,1.74
2026-10-08T00:08:38.203073+02:00,36435231,Brasileiro Serie A,Brazil,EC Vitoria BA,Chapecoense SC,2026-10-07T23:00:00+00:00,51.3633,soccer.asian_handicap,period=ft,away,handicap=-0.75,2.14
2026-10-08T00:08:38.203073+02:00,36435231,Brasileiro Serie A,Brazil,EC Vitoria BA,Chapecoense SC,2026-10-07T23:00:00+00:00,51.3633,soccer.asian_handicap,period=ft,home,handicap=-0.5,1.57
2026-10-08T00:08:38.203073+02:00,36435231,Brasileiro Serie A,Brazil,EC Vitoria BA,Chapecoense SC,2026-10-07T23:00:00+00:00,51.3633,soccer.asian_handicap,period=ft,away,handicap=-0.5,2.45
2026-10-08T00:08:38.203073+02:00,36435231,Brasileiro Serie A,Brazil,EC Vitoria BA,Chapecoense SC,2026-10-07T23:00:00+00:00,51.3633,soccer.asian_handicap,period=ft,home,handicap=-0.25,1.39
2026-10-08T00:08:38.203073+02:00,36435231,Brasileiro Serie A,Brazil,EC Vitoria BA,Chapecoense SC,2026-10-07T23:00:00+00:00,51.3633,soccer.asian_handicap,period=ft,away,handicap=-0.25,3.05
2026-10-08T00:08:38.203073+02:00,36435231,Brasileiro Serie A,Brazil,EC Vitoria BA,Chapecoense SC,2026-10-07T23:00:00+00:00,51.3633,soccer.asian_handicap,period=ft,home,handicap=0,1.21
2026-10-08T00:08:38.203073+02:00,36435231,Brasileiro Serie A,Brazil,EC Vitoria BA,Chapecoense SC,2026-10-07T23:00:00+00:00,51.3633,soccer.asian_handicap,period=ft,away,handicap=0,4.5
2026-10-08T00:08:38.203073+02:00,36435231,Brasileiro Serie A,Brazil,EC Vitoria BA,Chapecoense SC,2026-10-07T23:00:00+00:00,51.3633,soccer.double_chance,period=ft,draw_away,,2.4
2026-10-08T00:08:38.203073+02:00,36435231,Brasileiro Serie A,Brazil,EC Vitoria BA,Chapecoense SC,2026-10-07T23:00:00+00:00,51.3633,soccer.double_chance,period=ft,home_away,,1.25
2026-10-08T00:08:38.203073+02:00,36435231,Brasileiro Serie A,Brazil,EC Vitoria BA,Chapecoense SC,2026-10-07T23:00:00+00:00,51.3633,soccer.double_chance,period=ft,home_draw,,1.15
2026-10-08T00:08:38.203073+02:00,36435231,Brasileiro Serie A,Brazil,EC Vitoria BA,Chapecoense SC,2026-10-07T23:00:00+00:00,51.3633,soccer.match_odds,period=ft,home,,1.58
2026-10-08T00:08:38.203073+02:00,36435231,Brasileiro Serie A,Brazil,EC Vitoria BA,Chapecoense SC,2026-10-07T23:00:00+00:00,51.3633,soccer.match_odds,period=ft,draw,,4.1
2026-10-08T00:08:38.203073+02:00,36435231,Brasileiro Serie A,Brazil,EC Vitoria BA,Chapecoense SC,2026-10-07T23:00:00+00:00,51.3633,soccer.match_odds,period=ft,away,,5.9
2026-10-08T00:08:38.203073+02:00,36435231,Brasileiro Serie A,Brazil,EC Vitoria BA,Chapecoense SC,2026-10-07T23:00:00+00:00,51.3633,soccer.total_goals,period=ft,over,total=2.5,1.86
2026-10-08T00:08:38.203073+02:00,36435231,Brasileiro Serie A,Brazil,EC Vitoria BA,Chapecoense SC,2026-10-07T23:00:00+00:00,51.3633,soccer.total_goals,period=ft,under,total=2.5,2.01
2026-10-08T00:08:38.203073+02:00,36435231,Brasileiro Serie A,Brazil,EC Vitoria BA,Chapecoense SC,2026-10-07T23:00:00+00:00,51.3633,soccer.total_goals,period=ft,over,total=1.5,1.26
2026-10-08T00:08:38.203073+02:00,36435231,Brasileiro Serie A,Brazil,EC Vitoria BA,Chapecoense SC,2026-10-07T23:00:00+00:00,51.3633,soccer.total_goals,period=ft,under,total=1.5,3.85
2026-10-08T00:08:38.203073+02:00,36435231,Brasileiro Serie A,Brazil,EC Vitoria BA,Chapecoense SC,2026-10-07T23:00:00+00:00,51.3633,soccer.total_goals,period=ft,over,total=2,1.4
2026-10-08T00:08:38.203073+02:00,36435231,Brasileiro Serie A,Brazil,EC Vitoria BA,Chapecoense SC,2026-10-07T23:00:00+00:00,51.3633,soccer.total_goals,period=ft,under,total=2,2.95
2026-10-08T00:08:38.203073+02:00,36435231,Brasileiro Serie A,Brazil,EC Vitoria BA,Chapecoense SC,2026-10-07T23:00:00+00:00,51.3633,soccer.total_goals,period=ft,over,total=2.25,1.62
2026-10-08T00:08:38.203073+02:00,36435231,Brasileiro Serie A,Brazil,EC Vitoria BA,Chapecoense SC,2026-10-07T23:00:00+00:00,51.3633,soccer.total_goals,period=ft,under,total=2.25,2.3
2026-10-08T00:08:38.203073+02:00,36435231,Brasileiro Serie A,Brazil,EC Vitoria BA,Chapecoense SC,2026-10-07T23:00:00+00:00,51.3633,soccer.total_goals,period=ft,over,total=2.75,2.07
2026-10-08T00:08:38.203073+02:00,36435231,Brasileiro Serie A,Brazil,EC Vitoria BA,Chapecoense SC,2026-10-07T23:00:00+00:00,51.3633,soccer.total_goals,period=ft,under,total=2.75,1.77
2026-10-08T00:08:38.203073+02:00,36435231,Brasileiro Serie A,Brazil,EC Vitoria BA,Chapecoense SC,2026-10-07T23:00:00+00:00,51.3633,soccer.total_goals,period=ft,over,total=3,2.45
2026-10-08T00:08:38.203073+02:00,36435231,Brasileiro Serie A,Brazil,EC Vitoria BA,Chapecoense SC,2026-10-07T23:00:00+00:00,51.3633,soccer.total_goals,period=ft,under,total=3,1.55
2026-10-08T00:08:38.203073+02:00,36435231,Brasileiro Serie A,Brazil,EC Vitoria BA,Chapecoense SC,2026-10-07T23:00:00+00:00,51.3633,soccer.total_goals,period=ft,over,total=3.5,3.1
2026-10-08T00:08:38.203073+02:00,36435231,Brasileiro Serie A,Brazil,EC Vitoria BA,Chapecoense SC,2026-10-07T23:00:00+00:00,51.3633,soccer.total_goals,period=ft,under,total=3.5,1.36
2026-10-08T00:08:38.203073+02:00,36435231,Brasileiro Serie A,Brazil,EC Vitoria BA,Chapecoense SC,2026-10-07T23:00:00+00:00,51.3633,soccer.total_goals,period=ft,over,total=4.5,6.15
2026-10-08T00:08:38.203073+02:00,36435231,Brasileiro Serie A,Brazil,EC Vitoria BA,Chapecoense SC,2026-10-07T23:00:00+00:00,51.3633,soccer.total_goals,period=ft,under,total=4.5,1.12
2026-10-08T00:08:38.203073+02:00,36435232,Brasileiro Serie A,Brazil,Botafogo FR RJ,CR Vasco da Gama RJ,2026-10-07T23:30:00+00:00,81.3633,soccer.asian_handicap,period=ft,home,handicap=0.25,1.89
2026-10-08T00:08:38.203073+02:00,36435232,Brasileiro Serie A,Brazil,Botafogo FR RJ,CR Vasco da Gama RJ,2026-10-07T23:30:00+00:00,81.3633,soccer.asian_handicap,period=ft,away,handicap=0.25,1.99
2026-10-08T00:08:38.203073+02:00,36435232,Brasileiro Serie A,Brazil,Botafogo FR RJ,CR Vasco da Gama RJ,2026-10-07T23:30:00+00:00,81.3633,soccer.asian_handicap,period=ft,home,handicap=-0.75,3.75
2026-10-08T00:08:38.203073+02:00,36435232,Brasileiro Serie A,Brazil,Botafogo FR RJ,CR Vasco da Gama RJ,2026-10-07T23:30:00+00:00,81.3633,soccer.asian_handicap,period=ft,away,handicap=-0.75,1.28
2026-10-08T00:08:38.203073+02:00,36435232,Brasileiro Serie A,Brazil,Botafogo FR RJ,CR Vasco da Gama RJ,2026-10-07T23:30:00+00:00,81.3633,soccer.asian_handicap,period=ft,home,handicap=-0.5,3.0
2026-10-08T00:08:38.203073+02:00,36435232,Brasileiro Serie A,Brazil,Botafogo FR RJ,CR Vasco da Gama RJ,2026-10-07T23:30:00+00:00,81.3633,soccer.asian_handicap,period=ft,away,handicap=-0.5,1.4
2026-10-08T00:08:38.203073+02:00,36435232,Brasileiro Serie A,Brazil,Botafogo FR RJ,CR Vasco da Gama RJ,2026-10-07T23:30:00+00:00,81.3633,soccer.asian_handicap,period=ft,home,handicap=-0.25,2.65
2026-10-08T00:08:38.203073+02:00,36435232,Brasileiro Serie A,Brazil,Botafogo FR RJ,CR Vasco da Gama RJ,2026-10-07T23:30:00+00:00,81.3633,soccer.asian_handicap,period=ft,away,handicap=-0.25,1.5
2026-10-08T00:08:38.203073+02:00,36435232,Brasileiro Serie A,Brazil,Botafogo FR RJ,CR Vasco da Gama RJ,2026-10-07T23:30:00+00:00,81.3633,soccer.asian_handicap,period=ft,home,handicap=0,2.25
2026-10-08T00:08:38.203073+02:00,36435232,Brasileiro Serie A,Brazil,Botafogo FR RJ,CR Vasco da Gama RJ,2026-10-07T23:30:00+00:00,81.3633,soccer.asian_handicap,period=ft,away,handicap=0,1.67
2026-10-08T00:08:38.203073+02:00,36435232,Brasileiro Serie A,Brazil,Botafogo FR RJ,CR Vasco da Gama RJ,2026-10-07T23:30:00+00:00,81.3633,soccer.asian_handicap,period=ft,home,handicap=0.5,1.67
2026-10-08T00:08:38.203073+02:00,36435232,Brasileiro Serie A,Brazil,Botafogo FR RJ,CR Vasco da Gama RJ,2026-10-07T23:30:00+00:00,81.3633,soccer.asian_handicap,period=ft,away,handicap=0.5,2.25
2026-10-08T00:08:38.203073+02:00,36435232,Brasileiro Serie A,Brazil,Botafogo FR RJ,CR Vasco da Gama RJ,2026-10-07T23:30:00+00:00,81.3633,soccer.asian_handicap,period=ft,home,handicap=0.75,1.49
2026-10-08T00:08:38.203073+02:00,36435232,Brasileiro Serie A,Brazil,Botafogo FR RJ,CR Vasco da Gama RJ,2026-10-07T23:30:00+00:00,81.3633,soccer.asian_handicap,period=ft,away,handicap=0.75,2.65
2026-10-08T00:08:38.203073+02:00,36435232,Brasileiro Serie A,Brazil,Botafogo FR RJ,CR Vasco da Gama RJ,2026-10-07T23:30:00+00:00,81.3633,soccer.asian_handicap,period=ft,home,handicap=1,1.31
2026-10-08T00:08:38.203073+02:00,36435232,Brasileiro Serie A,Brazil,Botafogo FR RJ,CR Vasco da Gama RJ,2026-10-07T23:30:00+00:00,81.3633,soccer.asian_handicap,period=ft,away,handicap=1,3.5
2026-10-08T00:08:38.203073+02:00,36435232,Brasileiro Serie A,Brazil,Botafogo FR RJ,CR Vasco da Gama RJ,2026-10-07T23:30:00+00:00,81.3633,soccer.asian_handicap,period=ft,home,handicap=1.25,1.26
2026-10-08T00:08:38.203073+02:00,36435232,Brasileiro Serie A,Brazil,Botafogo FR RJ,CR Vasco da Gama RJ,2026-10-07T23:30:00+00:00,81.3633,soccer.asian_handicap,period=ft,away,handicap=1.25,3.95
2026-10-08T00:08:38.203073+02:00,36435232,Brasileiro Serie A,Brazil,Botafogo FR RJ,CR Vasco da Gama RJ,2026-10-07T23:30:00+00:00,81.3633,soccer.double_chance,period=ft,draw_away,,1.4
2026-10-08T00:08:38.203073+02:00,36435232,Brasileiro Serie A,Brazil,Botafogo FR RJ,CR Vasco da Gama RJ,2026-10-07T23:30:00+00:00,81.3633,soccer.double_chance,period=ft,home_away,,1.3
2026-10-08T00:08:38.203073+02:00,36435232,Brasileiro Serie A,Brazil,Botafogo FR RJ,CR Vasco da Gama RJ,2026-10-07T23:30:00+00:00,81.3633,soccer.double_chance,period=ft,home_draw,,1.65
2026-10-08T00:08:38.203073+02:00,36435232,Brasileiro Serie A,Brazil,Botafogo FR RJ,CR Vasco da Gama RJ,2026-10-07T23:30:00+00:00,81.3633,soccer.match_odds,period=ft,home,,3.05
2026-10-08T00:08:38.203073+02:00,36435232,Brasileiro Serie A,Brazil,Botafogo FR RJ,CR Vasco da Gama RJ,2026-10-07T23:30:00+00:00,81.3633,soccer.match_odds,period=ft,draw,,3.65
2026-10-08T00:08:38.203073+02:00,36435232,Brasileiro Serie A,Brazil,Botafogo FR RJ,CR Vasco da Gama RJ,2026-10-07T23:30:00+00:00,81.3633,soccer.match_odds,period=ft,away,,2.25
2026-10-08T00:08:38.203073+02:00,36435232,Brasileiro Serie A,Brazil,Botafogo FR RJ,CR Vasco da Gama RJ,2026-10-07T23:30:00+00:00,81.3633,soccer.total_goals,period=ft,over,total=3,2.04
2026-10-08T00:08:38.203073+02:00,36435232,Brasileiro Serie A,Brazil,Botafogo FR RJ,CR Vasco da Gama RJ,2026-10-07T23:30:00+00:00,81.3633,soccer.total_goals,period=ft,under,total=3,1.82
2026-10-08T00:08:38.203073+02:00,36435232,Brasileiro Serie A,Brazil,Botafogo FR RJ,CR Vasco da Gama RJ,2026-10-07T23:30:00+00:00,81.3633,soccer.total_goals,period=ft,over,total=1.5,1.18
2026-10-08T00:08:38.203073+02:00,36435232,Brasileiro Serie A,Brazil,Botafogo FR RJ,CR Vasco da Gama RJ,2026-10-07T23:30:00+00:00,81.3633,soccer.total_goals,period=ft,under,total=1.5,4.85
2026-10-08T00:08:38.203073+02:00,36435232,Brasileiro Serie A,Brazil,Botafogo FR RJ,CR Vasco da Gama RJ,2026-10-07T23:30:00+00:00,81.3633,soccer.total_goals,period=ft,over,total=2.5,1.62
2026-10-08T00:08:38.203073+02:00,36435232,Brasileiro Serie A,Brazil,Botafogo FR RJ,CR Vasco da Gama RJ,2026-10-07T23:30:00+00:00,81.3633,soccer.total_goals,period=ft,under,total=2.5,2.3
2026-10-08T00:08:38.203073+02:00,36435232,Brasileiro Serie A,Brazil,Botafogo FR RJ,CR Vasco da Gama RJ,2026-10-07T23:30:00+00:00,81.3633,soccer.total_goals,period=ft,over,total=2.75,1.78
2026-10-08T00:08:38.203073+02:00,36435232,Brasileiro Serie A,Brazil,Botafogo FR RJ,CR Vasco da Gama RJ,2026-10-07T23:30:00+00:00,81.3633,soccer.total_goals,period=ft,under,total=2.75,2.06
2026-10-08T00:08:38.203073+02:00,36435232,Brasileiro Serie A,Brazil,Botafogo FR RJ,CR Vasco da Gama RJ,2026-10-07T23:30:00+00:00,81.3633,soccer.total_goals,period=ft,over,total=3.25,2.3
2026-10-08T00:08:38.203073+02:00,36435232,Brasileiro Serie A,Brazil,Botafogo FR RJ,CR Vasco da Gama RJ,2026-10-07T23:30:00+00:00,81.3633,soccer.total_goals,period=ft,under,total=3.25,1.63
2026-10-08T00:08:38.203073+02:00,36435232,Brasileiro Serie A,Brazil,Botafogo FR RJ,CR Vasco da Gama RJ,2026-10-07T23:30:00+00:00,81.3633,soccer.total_goals,period=ft,over,total=3.5,2.6
2026-10-08T00:08:38.203073+02:00,36435232,Brasileiro Serie A,Brazil,Botafogo FR RJ,CR Vasco da Gama RJ,2026-10-07T23:30:00+00:00,81.3633,soccer.total_goals,period=ft,under,total=3.5,1.51
2026-10-08T00:08:38.203073+02:00,36435232,Brasileiro Serie A,Brazil,Botafogo FR RJ,CR Vasco da Gama RJ,2026-10-07T23:30:00+00:00,81.3633,soccer.total_goals,period=ft,over,total=4.5,4.7
2026-10-08T00:08:38.203073+02:00,36435232,Brasileiro Serie A,Brazil,Botafogo FR RJ,CR Vasco da Gama RJ,2026-10-07T23:30:00+00:00,81.3633,soccer.total_goals,period=ft,under,total=4.5,1.19
2026-10-08T00:08:38.203073+02:00,36666889,Copa Venezuela,Venezuela,Barquisimeto SC,Aragua FC,2026-10-07T22:30:00+00:00,21.3633,soccer.asian_handicap,period=ft,home,handicap=0,1.9
2026-10-08T00:08:38.203073+02:00,36666889,Copa Venezuela,Venezuela,Barquisimeto SC,Aragua FC,2026-10-07T22:30:00+00:00,21.3633,soccer.asian_handicap,period=ft,away,handicap=0,1.8
2026-10-08T00:08:38.203073+02:00,36666889,Copa Venezuela,Venezuela,Barquisimeto SC,Aragua FC,2026-10-07T22:30:00+00:00,21.3633,soccer.asian_handicap,period=ft,home,handicap=-0.75,3.0
2026-10-08T00:08:38.203073+02:00,36666889,Copa Venezuela,Venezuela,Barquisimeto SC,Aragua FC,2026-10-07T22:30:00+00:00,21.3633,soccer.asian_handicap,period=ft,away,handicap=-0.75,1.29
2026-10-08T00:08:38.203073+02:00,36666889,Copa Venezuela,Venezuela,Barquisimeto SC,Aragua FC,2026-10-07T22:30:00+00:00,21.3633,soccer.asian_handicap,period=ft,home,handicap=-0.5,2.5
2026-10-08T00:08:38.203073+02:00,36666889,Copa Venezuela,Venezuela,Barquisimeto SC,Aragua FC,2026-10-07T22:30:00+00:00,21.3633,soccer.asian_handicap,period=ft,away,handicap=-0.5,1.42
2026-10-08T00:08:38.203073+02:00,36666889,Copa Venezuela,Venezuela,Barquisimeto SC,Aragua FC,2026-10-07T22:30:00+00:00,21.3633,soccer.asian_handicap,period=ft,home,handicap=-0.25,2.2
2026-10-08T00:08:38.203073+02:00,36666889,Copa Venezuela,Venezuela,Barquisimeto SC,Aragua FC,2026-10-07T22:30:00+00:00,21.3633,soccer.asian_handicap,period=ft,away,handicap=-0.25,1.56
2026-10-08T00:08:38.203073+02:00,36666889,Copa Venezuela,Venezuela,Barquisimeto SC,Aragua FC,2026-10-07T22:30:00+00:00,21.3633,soccer.asian_handicap,period=ft,home,handicap=0.25,1.62
2026-10-08T00:08:38.203073+02:00,36666889,Copa Venezuela,Venezuela,Barquisimeto SC,Aragua FC,2026-10-07T22:30:00+00:00,21.3633,soccer.asian_handicap,period=ft,away,handicap=0.25,2.1
2026-10-08T00:08:38.203073+02:00,36666889,Copa Venezuela,Venezuela,Barquisimeto SC,Aragua FC,2026-10-07T22:30:00+00:00,21.3633,soccer.asian_handicap,period=ft,home,handicap=0.5,1.47
2026-10-08T00:08:38.203073+02:00,36666889,Copa Venezuela,Venezuela,Barquisimeto SC,Aragua FC,2026-10-07T22:30:00+00:00,21.3633,soccer.asian_handicap,period=ft,away,handicap=0.5,2.35
2026-10-08T00:08:38.203073+02:00,36666889,Copa Venezuela,Venezuela,Barquisimeto SC,Aragua FC,2026-10-07T22:30:00+00:00,21.3633,soccer.asian_handicap,period=ft,home,handicap=0.75,1.33
2026-10-08T00:08:38.203073+02:00,36666889,Copa Venezuela,Venezuela,Barquisimeto SC,Aragua FC,2026-10-07T22:30:00+00:00,21.3633,soccer.asian_handicap,period=ft,away,handicap=0.75,2.85
2026-10-08T00:08:38.203073+02:00,36666889,Copa Venezuela,Venezuela,Barquisimeto SC,Aragua FC,2026-10-07T22:30:00+00:00,21.3633,soccer.double_chance,period=ft,draw_away,,1.48
2026-10-08T00:08:38.203073+02:00,36666889,Copa Venezuela,Venezuela,Barquisimeto SC,Aragua FC,2026-10-07T22:30:00+00:00,21.3633,soccer.double_chance,period=ft,home_away,,1.32
2026-10-08T00:08:38.203073+02:00,36666889,Copa Venezuela,Venezuela,Barquisimeto SC,Aragua FC,2026-10-07T22:30:00+00:00,21.3633,soccer.double_chance,period=ft,home_draw,,1.5
2026-10-08T00:08:38.203073+02:00,36666889,Copa Venezuela,Venezuela,Barquisimeto SC,Aragua FC,2026-10-07T22:30:00+00:00,21.3633,soccer.match_odds,period=ft,home,,2.55
2026-10-08T00:08:38.203073+02:00,36666889,Copa Venezuela,Venezuela,Barquisimeto SC,Aragua FC,2026-10-07T22:30:00+00:00,21.3633,soccer.match_odds,period=ft,draw,,3.1
2026-10-08T00:08:38.203073+02:00,36666889,Copa Venezuela,Venezuela,Barquisimeto SC,Aragua FC,2026-10-07T22:30:00+00:00,21.3633,soccer.match_odds,period=ft,away,,2.4
2026-10-08T00:08:38.203073+02:00,36666889,Copa Venezuela,Venezuela,Barquisimeto SC,Aragua FC,2026-10-07T22:30:00+00:00,21.3633,soccer.total_goals,period=ft,over,total=2.5,1.82
2026-10-08T00:08:38.203073+02:00,36666889,Copa Venezuela,Venezuela,Barquisimeto SC,Aragua FC,2026-10-07T22:30:00+00:00,21.3633,soccer.total_goals,period=ft,under,total=2.5,1.88
2026-10-08T00:08:38.203073+02:00,36666889,Copa Venezuela,Venezuela,Barquisimeto SC,Aragua FC,2026-10-07T22:30:00+00:00,21.3633,soccer.total_goals,period=ft,over,total=1.75,1.27
2026-10-08T00:08:38.203073+02:00,36666889,Copa Venezuela,Venezuela,Barquisimeto SC,Aragua FC,2026-10-07T22:30:00+00:00,21.3633,soccer.total_goals,period=ft,under,total=1.75,3.15
2026-10-08T00:08:38.203073+02:00,36666889,Copa Venezuela,Venezuela,Barquisimeto SC,Aragua FC,2026-10-07T22:30:00+00:00,21.3633,soccer.total_goals,period=ft,over,total=2,1.35
2026-10-08T00:08:38.203073+02:00,36666889,Copa Venezuela,Venezuela,Barquisimeto SC,Aragua FC,2026-10-07T22:30:00+00:00,21.3633,soccer.total_goals,period=ft,under,total=2,2.75
2026-10-08T00:08:38.203073+02:00,36666889,Copa Venezuela,Venezuela,Barquisimeto SC,Aragua FC,2026-10-07T22:30:00+00:00,21.3633,soccer.total_goals,period=ft,over,total=2.25,1.58
2026-10-08T00:08:38.203073+02:00,36666889,Copa Venezuela,Venezuela,Barquisimeto SC,Aragua FC,2026-10-07T22:30:00+00:00,21.3633,soccer.total_goals,period=ft,under,total=2.25,2.17
2026-10-08T00:08:38.203073+02:00,36666889,Copa Venezuela,Venezuela,Barquisimeto SC,Aragua FC,2026-10-07T22:30:00+00:00,21.3633,soccer.total_goals,period=ft,over,total=2.75,2.02
2026-10-08T00:08:38.203073+02:00,36666889,Copa Venezuela,Venezuela,Barquisimeto SC,Aragua FC,2026-10-07T22:30:00+00:00,21.3633,soccer.total_goals,period=ft,under,total=2.75,1.67
2026-10-08T00:08:38.203073+02:00,36666889,Copa Venezuela,Venezuela,Barquisimeto SC,Aragua FC,2026-10-07T22:30:00+00:00,21.3633,soccer.total_goals,period=ft,over,total=3,2.35
2026-10-08T00:08:38.203073+02:00,36666889,Copa Venezuela,Venezuela,Barquisimeto SC,Aragua FC,2026-10-07T22:30:00+00:00,21.3633,soccer.total_goals,period=ft,under,total=3,1.47
2026-10-08T00:08:38.203073+02:00,36666889,Copa Venezuela,Venezuela,Barquisimeto SC,Aragua FC,2026-10-07T22:30:00+00:00,21.3633,soccer.total_goals,period=ft,over,total=3.25,2.65
2026-10-08T00:08:38.203073+02:00,36666889,Copa Venezuela,Venezuela,Barquisimeto SC,Aragua FC,2026-10-07T22:30:00+00:00,21.3633,soccer.total_goals,period=ft,under,total=3.25,1.38
2026-10-08T00:10:55.908926+02:00,36667093,Copa Uruguay,Uruguay,Libertad,CA Bella Vista,2026-10-07T23:00:00+00:00,49.0682,soccer.asian_handicap,period=ft,home,handicap=0.75,1.89
2026-10-08T00:10:55.908926+02:00,36667093,Copa Uruguay,Uruguay,Libertad,CA Bella Vista,2026-10-07T23:00:00+00:00,49.0682,soccer.asian_handicap,period=ft,away,handicap=0.75,1.8
2026-10-08T00:10:55.908926+02:00,36667093,Copa Uruguay,Uruguay,Libertad,CA Bella Vista,2026-10-07T23:00:00+00:00,49.0682,soccer.asian_handicap,period=ft,home,handicap=0,3.35
2026-10-08T00:10:55.908926+02:00,36667093,Copa Uruguay,Uruguay,Libertad,CA Bella Vista,2026-10-07T23:00:00+00:00,49.0682,soccer.asian_handicap,period=ft,away,handicap=0,1.24
2026-10-08T00:10:55.908926+02:00,36667093,Copa Uruguay,Uruguay,Libertad,CA Bella Vista,2026-10-07T23:00:00+00:00,49.0682,soccer.asian_handicap,period=ft,home,handicap=0.25,2.5
2026-10-08T00:10:55.908926+02:00,36667093,Copa Uruguay,Uruguay,Libertad,CA Bella Vista,2026-10-07T23:00:00+00:00,49.0682,soccer.asian_handicap,period=ft,away,handicap=0.25,1.42
2026-10-08T00:10:55.908926+02:00,36667093,Copa Uruguay,Uruguay,Libertad,CA Bella Vista,2026-10-07T23:00:00+00:00,49.0682,soccer.asian_handicap,period=ft,home,handicap=0.5,2.12
2026-10-08T00:10:55.908926+02:00,36667093,Copa Uruguay,Uruguay,Libertad,CA Bella Vista,2026-10-07T23:00:00+00:00,49.0682,soccer.asian_handicap,period=ft,away,handicap=0.5,1.61
2026-10-08T00:10:55.908926+02:00,36667093,Copa Uruguay,Uruguay,Libertad,CA Bella Vista,2026-10-07T23:00:00+00:00,49.0682,soccer.asian_handicap,period=ft,home,handicap=1,1.63
2026-10-08T00:10:55.908926+02:00,36667093,Copa Uruguay,Uruguay,Libertad,CA Bella Vista,2026-10-07T23:00:00+00:00,49.0682,soccer.asian_handicap,period=ft,away,handicap=1,2.08
2026-10-08T00:10:55.908926+02:00,36667093,Copa Uruguay,Uruguay,Libertad,CA Bella Vista,2026-10-07T23:00:00+00:00,49.0682,soccer.asian_handicap,period=ft,home,handicap=1.25,1.47
2026-10-08T00:10:55.908926+02:00,36667093,Copa Uruguay,Uruguay,Libertad,CA Bella Vista,2026-10-07T23:00:00+00:00,49.0682,soccer.asian_handicap,period=ft,away,handicap=1.25,2.35
2026-10-08T00:10:55.908926+02:00,36667093,Copa Uruguay,Uruguay,Libertad,CA Bella Vista,2026-10-07T23:00:00+00:00,49.0682,soccer.asian_handicap,period=ft,home,handicap=1.5,1.38
2026-10-08T00:10:55.908926+02:00,36667093,Copa Uruguay,Uruguay,Libertad,CA Bella Vista,2026-10-07T23:00:00+00:00,49.0682,soccer.asian_handicap,period=ft,away,handicap=1.5,2.65
2026-10-08T00:10:55.908926+02:00,36667093,Copa Uruguay,Uruguay,Libertad,CA Bella Vista,2026-10-07T23:00:00+00:00,49.0682,soccer.match_odds,period=ft,home,,4.35
2026-10-08T00:10:55.908926+02:00,36667093,Copa Uruguay,Uruguay,Libertad,CA Bella Vista,2026-10-07T23:00:00+00:00,49.0682,soccer.match_odds,period=ft,draw,,3.55
2026-10-08T00:10:55.908926+02:00,36667093,Copa Uruguay,Uruguay,Libertad,CA Bella Vista,2026-10-07T23:00:00+00:00,49.0682,soccer.match_odds,period=ft,away,,1.62
2026-10-08T00:10:55.908926+02:00,36667093,Copa Uruguay,Uruguay,Libertad,CA Bella Vista,2026-10-07T23:00:00+00:00,49.0682,soccer.total_goals,period=ft,over,total=2.5,1.8
2026-10-08T00:10:55.908926+02:00,36667093,Copa Uruguay,Uruguay,Libertad,CA Bella Vista,2026-10-07T23:00:00+00:00,49.0682,soccer.total_goals,period=ft,under,total=2.5,1.89
2026-10-08T00:10:55.908926+02:00,36667093,Copa Uruguay,Uruguay,Libertad,CA Bella Vista,2026-10-07T23:00:00+00:00,49.0682,soccer.total_goals,period=ft,over,total=1.75,1.29
2026-10-08T00:10:55.908926+02:00,36667093,Copa Uruguay,Uruguay,Libertad,CA Bella Vista,2026-10-07T23:00:00+00:00,49.0682,soccer.total_goals,period=ft,under,total=1.75,3.05
2026-10-08T00:10:55.908926+02:00,36667093,Copa Uruguay,Uruguay,Libertad,CA Bella Vista,2026-10-07T23:00:00+00:00,49.0682,soccer.total_goals,period=ft,over,total=2,1.37
2026-10-08T00:10:55.908926+02:00,36667093,Copa Uruguay,Uruguay,Libertad,CA Bella Vista,2026-10-07T23:00:00+00:00,49.0682,soccer.total_goals,period=ft,under,total=2,2.65
2026-10-08T00:10:55.908926+02:00,36667093,Copa Uruguay,Uruguay,Libertad,CA Bella Vista,2026-10-07T23:00:00+00:00,49.0682,soccer.total_goals,period=ft,over,total=2.25,1.59
2026-10-08T00:10:55.908926+02:00,36667093,Copa Uruguay,Uruguay,Libertad,CA Bella Vista,2026-10-07T23:00:00+00:00,49.0682,soccer.total_goals,period=ft,under,total=2.25,2.17
2026-10-08T00:10:55.908926+02:00,36667093,Copa Uruguay,Uruguay,Libertad,CA Bella Vista,2026-10-07T23:00:00+00:00,49.0682,soccer.total_goals,period=ft,over,total=2.75,2.01
2026-10-08T00:10:55.908926+02:00,36667093,Copa Uruguay,Uruguay,Libertad,CA Bella Vista,2026-10-07T23:00:00+00:00,49.0682,soccer.total_goals,period=ft,under,total=2.75,1.69
2026-10-08T00:10:55.908926+02:00,36667093,Copa Uruguay,Uruguay,Libertad,CA Bella Vista,2026-10-07T23:00:00+00:00,49.0682,soccer.total_goals,period=ft,over,total=3,2.3
2026-10-08T00:10:55.908926+02:00,36667093,Copa Uruguay,Uruguay,Libertad,CA Bella Vista,2026-10-07T23:00:00+00:00,49.0682,soccer.total_goals,period=ft,under,total=3,1.49
2026-10-08T00:10:55.908926+02:00,36667093,Copa Uruguay,Uruguay,Libertad,CA Bella Vista,2026-10-07T23:00:00+00:00,49.0682,soccer.total_goals,period=ft,over,total=3.25,2.6
2026-10-08T00:10:55.908926+02:00,36667093,Copa Uruguay,Uruguay,Libertad,CA Bella Vista,2026-10-07T23:00:00+00:00,49.0682,soccer.total_goals,period=ft,under,total=3.25,1.39
2026-10-08T00:10:55.908926+02:00,36657172,Copa Uruguay,Uruguay,Plaza Colonia,CA Juventud de Las Piedras,2026-10-07T23:00:00+00:00,49.0682,soccer.asian_handicap,period=ft,home,handicap=0.25,1.81
2026-10-08T00:10:55.908926+02:00,36657172,Copa Uruguay,Uruguay,Plaza Colonia,CA Juventud de Las Piedras,2026-10-07T23:00:00+00:00,49.0682,soccer.asian_handicap,period=ft,away,handicap=0.25,1.93
2026-10-08T00:10:55.908926+02:00,36657172,Copa Uruguay,Uruguay,Plaza Colonia,CA Juventud de Las Piedras,2026-10-07T23:00:00+00:00,49.0682,soccer.asian_handicap,period=ft,home,handicap=-0.5,3.15
2026-10-08T00:10:55.908926+02:00,36657172,Copa Uruguay,Uruguay,Plaza Colonia,CA Juventud de Las Piedras,2026-10-07T23:00:00+00:00,49.0682,soccer.asian_handicap,period=ft,away,handicap=-0.5,1.29
2026-10-08T00:10:55.908926+02:00,36657172,Copa Uruguay,Uruguay,Plaza Colonia,CA Juventud de Las Piedras,2026-10-07T23:00:00+00:00,49.0682,soccer.asian_handicap,period=ft,home,handicap=-0.25,2.7
2026-10-08T00:10:55.908926+02:00,36657172,Copa Uruguay,Uruguay,Plaza Colonia,CA Juventud de Las Piedras,2026-10-07T23:00:00+00:00,49.0682,soccer.asian_handicap,period=ft,away,handicap=-0.25,1.39
2026-10-08T00:10:55.908926+02:00,36657172,Copa Uruguay,Uruguay,Plaza Colonia,CA Juventud de Las Piedras,2026-10-07T23:00:00+00:00,49.0682,soccer.asian_handicap,period=ft,home,handicap=0,2.25
2026-10-08T00:10:55.908926+02:00,36657172,Copa Uruguay,Uruguay,Plaza Colonia,CA Juventud de Las Piedras,2026-10-07T23:00:00+00:00,49.0682,soccer.asian_handicap,period=ft,away,handicap=0,1.57
2026-10-08T00:10:55.908926+02:00,36657172,Copa Uruguay,Uruguay,Plaza Colonia,CA Juventud de Las Piedras,2026-10-07T23:00:00+00:00,49.0682,soccer.asian_handicap,period=ft,home,handicap=0.5,1.57
2026-10-08T00:10:55.908926+02:00,36657172,Copa Uruguay,Uruguay,Plaza Colonia,CA Juventud de Las Piedras,2026-10-07T23:00:00+00:00,49.0682,soccer.asian_handicap,period=ft,away,handicap=0.5,2.25
2026-10-08T00:10:55.908926+02:00,36657172,Copa Uruguay,Uruguay,Plaza Colonia,CA Juventud de Las Piedras,2026-10-07T23:00:00+00:00,49.0682,soccer.asian_handicap,period=ft,home,handicap=0.75,1.4
2026-10-08T00:10:55.908926+02:00,36657172,Copa Uruguay,Uruguay,Plaza Colonia,CA Juventud de Las Piedras,2026-10-07T23:00:00+00:00,49.0682,soccer.asian_handicap,period=ft,away,handicap=0.75,2.65
2026-10-08T00:10:55.908926+02:00,36657172,Copa Uruguay,Uruguay,Plaza Colonia,CA Juventud de Las Piedras,2026-10-07T23:00:00+00:00,49.0682,soccer.asian_handicap,period=ft,home,handicap=1,1.23
2026-10-08T00:10:55.908926+02:00,36657172,Copa Uruguay,Uruguay,Plaza Colonia,CA Juventud de Las Piedras,2026-10-07T23:00:00+00:00,49.0682,soccer.asian_handicap,period=ft,away,handicap=1,3.65
2026-10-08T00:10:55.908926+02:00,36657172,Copa Uruguay,Uruguay,Plaza Colonia,CA Juventud de Las Piedras,2026-10-07T23:00:00+00:00,49.0682,soccer.double_chance,period=ft,draw_away,,1.34
2026-10-08T00:10:55.908926+02:00,36657172,Copa Uruguay,Uruguay,Plaza Colonia,CA Juventud de Las Piedras,2026-10-07T23:00:00+00:00,49.0682,soccer.double_chance,period=ft,home_away,,1.38
2026-10-08T00:10:55.908926+02:00,36657172,Copa Uruguay,Uruguay,Plaza Colonia,CA Juventud de Las Piedras,2026-10-07T23:00:00+00:00,49.0682,soccer.double_chance,period=ft,home_draw,,1.59
2026-10-08T00:10:55.908926+02:00,36657172,Copa Uruguay,Uruguay,Plaza Colonia,CA Juventud de Las Piedras,2026-10-07T23:00:00+00:00,49.0682,soccer.match_odds,period=ft,home,,3.2
2026-10-08T00:10:55.908926+02:00,36657172,Copa Uruguay,Uruguay,Plaza Colonia,CA Juventud de Las Piedras,2026-10-07T23:00:00+00:00,49.0682,soccer.match_odds,period=ft,draw,,2.8
2026-10-08T00:10:55.908926+02:00,36657172,Copa Uruguay,Uruguay,Plaza Colonia,CA Juventud de Las Piedras,2026-10-07T23:00:00+00:00,49.0682,soccer.match_odds,period=ft,away,,2.25
2026-10-08T00:10:55.908926+02:00,36657172,Copa Uruguay,Uruguay,Plaza Colonia,CA Juventud de Las Piedras,2026-10-07T23:00:00+00:00,49.0682,soccer.total_goals,period=ft,over,total=2,1.78
2026-10-08T00:10:55.908926+02:00,36657172,Copa Uruguay,Uruguay,Plaza Colonia,CA Juventud de Las Piedras,2026-10-07T23:00:00+00:00,49.0682,soccer.total_goals,period=ft,under,total=2,1.98
2026-10-08T00:10:55.908926+02:00,36657172,Copa Uruguay,Uruguay,Plaza Colonia,CA Juventud de Las Piedras,2026-10-07T23:00:00+00:00,49.0682,soccer.total_goals,period=ft,over,total=1.25,1.26
2026-10-08T00:10:55.908926+02:00,36657172,Copa Uruguay,Uruguay,Plaza Colonia,CA Juventud de Las Piedras,2026-10-07T23:00:00+00:00,49.0682,soccer.total_goals,period=ft,under,total=1.25,3.35
2026-10-08T00:10:55.908926+02:00,36657172,Copa Uruguay,Uruguay,Plaza Colonia,CA Juventud de Las Piedras,2026-10-07T23:00:00+00:00,49.0682,soccer.total_goals,period=ft,over,total=1.5,1.42
2026-10-08T00:10:55.908926+02:00,36657172,Copa Uruguay,Uruguay,Plaza Colonia,CA Juventud de Las Piedras,2026-10-07T23:00:00+00:00,49.0682,soccer.total_goals,period=ft,under,total=1.5,2.6
2026-10-08T00:10:55.908926+02:00,36657172,Copa Uruguay,Uruguay,Plaza Colonia,CA Juventud de Las Piedras,2026-10-07T23:00:00+00:00,49.0682,soccer.total_goals,period=ft,over,total=1.75,1.55
2026-10-08T00:10:55.908926+02:00,36657172,Copa Uruguay,Uruguay,Plaza Colonia,CA Juventud de Las Piedras,2026-10-07T23:00:00+00:00,49.0682,soccer.total_goals,period=ft,under,total=1.75,2.3
2026-10-08T00:10:55.908926+02:00,36657172,Copa Uruguay,Uruguay,Plaza Colonia,CA Juventud de Las Piedras,2026-10-07T23:00:00+00:00,49.0682,soccer.total_goals,period=ft,over,total=2.25,2.08
2026-10-08T00:10:55.908926+02:00,36657172,Copa Uruguay,Uruguay,Plaza Colonia,CA Juventud de Las Piedras,2026-10-07T23:00:00+00:00,49.0682,soccer.total_goals,period=ft,under,total=2.25,1.67
2026-10-08T00:10:55.908926+02:00,36657172,Copa Uruguay,Uruguay,Plaza Colonia,CA Juventud de Las Piedras,2026-10-07T23:00:00+00:00,49.0682,soccer.total_goals,period=ft,over,total=2.5,2.35
2026-10-08T00:10:55.908926+02:00,36657172,Copa Uruguay,Uruguay,Plaza Colonia,CA Juventud de Las Piedras,2026-10-07T23:00:00+00:00,49.0682,soccer.total_goals,period=ft,under,total=2.5,1.5
2026-10-08T00:10:55.908926+02:00,36657172,Copa Uruguay,Uruguay,Plaza Colonia,CA Juventud de Las Piedras,2026-10-07T23:00:00+00:00,49.0682,soccer.total_goals,period=ft,over,total=2.75,2.8
2026-10-08T00:10:55.908926+02:00,36657172,Copa Uruguay,Uruguay,Plaza Colonia,CA Juventud de Las Piedras,2026-10-07T23:00:00+00:00,49.0682,soccer.total_goals,period=ft,under,total=2.75,1.36
2026-10-08T00:10:55.908926+02:00,36679767,Mexico Copa Mexico,Mexico,Inter Playa Del Carmen,Ejidatarios de Bonfil FC,2026-10-07T23:00:00+00:00,49.0682,soccer.asian_handicap,period=ft,home,handicap=-0.5,1.8
2026-10-08T00:10:55.908926+02:00,36679767,Mexico Copa Mexico,Mexico,Inter Playa Del Carmen,Ejidatarios de Bonfil FC,2026-10-07T23:00:00+00:00,49.0682,soccer.asian_handicap,period=ft,away,handicap=-0.5,1.9
2026-10-08T00:10:55.908926+02:00,36679767,Mexico Copa Mexico,Mexico,Inter Playa Del Carmen,Ejidatarios de Bonfil FC,2026-10-07T23:00:00+00:00,49.0682,soccer.asian_handicap,period=ft,home,handicap=-1.25,2.75
2026-10-08T00:10:55.908926+02:00,36679767,Mexico Copa Mexico,Mexico,Inter Playa Del Carmen,Ejidatarios de Bonfil FC,2026-10-07T23:00:00+00:00,49.0682,soccer.asian_handicap,period=ft,away,handicap=-1.25,1.35
2026-10-08T00:10:55.908926+02:00,36679767,Mexico Copa Mexico,Mexico,Inter Playa Del Carmen,Ejidatarios de Bonfil FC,2026-10-07T23:00:00+00:00,49.0682,soccer.asian_handicap,period=ft,home,handicap=-1,2.4
2026-10-08T00:10:55.908926+02:00,36679767,Mexico Copa Mexico,Mexico,Inter Playa Del Carmen,Ejidatarios de Bonfil FC,2026-10-07T23:00:00+00:00,49.0682,soccer.asian_handicap,period=ft,away,handicap=-1,1.45
2026-10-08T00:10:55.908926+02:00,36679767,Mexico Copa Mexico,Mexico,Inter Playa Del Carmen,Ejidatarios de Bonfil FC,2026-10-07T23:00:00+00:00,49.0682,soccer.asian_handicap,period=ft,home,handicap=-0.75,2.02
2026-10-08T00:10:55.908926+02:00,36679767,Mexico Copa Mexico,Mexico,Inter Playa Del Carmen,Ejidatarios de Bonfil FC,2026-10-07T23:00:00+00:00,49.0682,soccer.asian_handicap,period=ft,away,handicap=-0.75,1.68
2026-10-08T00:10:55.908926+02:00,36679767,Mexico Copa Mexico,Mexico,Inter Playa Del Carmen,Ejidatarios de Bonfil FC,2026-10-07T23:00:00+00:00,49.0682,soccer.asian_handicap,period=ft,home,handicap=-0.25,1.58
2026-10-08T00:10:55.908926+02:00,36679767,Mexico Copa Mexico,Mexico,Inter Playa Del Carmen,Ejidatarios de Bonfil FC,2026-10-07T23:00:00+00:00,49.0682,soccer.asian_handicap,period=ft,away,handicap=-0.25,2.18
2026-10-08T00:10:55.908926+02:00,36679767,Mexico Copa Mexico,Mexico,Inter Playa Del Carmen,Ejidatarios de Bonfil FC,2026-10-07T23:00:00+00:00,49.0682,soccer.asian_handicap,period=ft,home,handicap=0,1.36
2026-10-08T00:10:55.908926+02:00,36679767,Mexico Copa Mexico,Mexico,Inter Playa Del Carmen,Ejidatarios de Bonfil FC,2026-10-07T23:00:00+00:00,49.0682,soccer.asian_handicap,period=ft,away,handicap=0,2.7
2026-10-08T00:10:55.908926+02:00,36679767,Mexico Copa Mexico,Mexico,Inter Playa Del Carmen,Ejidatarios de Bonfil FC,2026-10-07T23:00:00+00:00,49.0682,soccer.asian_handicap,period=ft,home,handicap=0.25,1.28
2026-10-08T00:10:55.908926+02:00,36679767,Mexico Copa Mexico,Mexico,Inter Playa Del Carmen,Ejidatarios de Bonfil FC,2026-10-07T23:00:00+00:00,49.0682,soccer.asian_handicap,period=ft,away,handicap=0.25,3.05
2026-10-08T00:10:55.908926+02:00,36679767,Mexico Copa Mexico,Mexico,Inter Playa Del Carmen,Ejidatarios de Bonfil FC,2026-10-07T23:00:00+00:00,49.0682,soccer.match_odds,period=ft,home,,1.79
2026-10-08T00:10:55.908926+02:00,36679767,Mexico Copa Mexico,Mexico,Inter Playa Del Carmen,Ejidatarios de Bonfil FC,2026-10-07T23:00:00+00:00,49.0682,soccer.match_odds,period=ft,draw,,3.5
2026-10-08T00:10:55.908926+02:00,36679767,Mexico Copa Mexico,Mexico,Inter Playa Del Carmen,Ejidatarios de Bonfil FC,2026-10-07T23:00:00+00:00,49.0682,soccer.match_odds,period=ft,away,,3.5
2026-10-08T00:10:55.908926+02:00,36679767,Mexico Copa Mexico,Mexico,Inter Playa Del Carmen,Ejidatarios de Bonfil FC,2026-10-07T23:00:00+00:00,49.0682,soccer.total_goals,period=ft,over,total=2.75,1.89
2026-10-08T00:10:55.908926+02:00,36679767,Mexico Copa Mexico,Mexico,Inter Playa Del Carmen,Ejidatarios de Bonfil FC,2026-10-07T23:00:00+00:00,49.0682,soccer.total_goals,period=ft,under,total=2.75,1.8
2026-10-08T00:10:55.908926+02:00,36679767,Mexico Copa Mexico,Mexico,Inter Playa Del Carmen,Ejidatarios de Bonfil FC,2026-10-07T23:00:00+00:00,49.0682,soccer.total_goals,period=ft,over,total=2,1.3
2026-10-08T00:10:55.908926+02:00,36679767,Mexico Copa Mexico,Mexico,Inter Playa Del Carmen,Ejidatarios de Bonfil FC,2026-10-07T23:00:00+00:00,49.0682,soccer.total_goals,period=ft,under,total=2,3.0
2026-10-08T00:10:55.908926+02:00,36679767,Mexico Copa Mexico,Mexico,Inter Playa Del Carmen,Ejidatarios de Bonfil FC,2026-10-07T23:00:00+00:00,49.0682,soccer.total_goals,period=ft,over,total=2.25,1.49
2026-10-08T00:10:55.908926+02:00,36679767,Mexico Copa Mexico,Mexico,Inter Playa Del Carmen,Ejidatarios de Bonfil FC,2026-10-07T23:00:00+00:00,49.0682,soccer.total_goals,period=ft,under,total=2.25,2.3
2026-10-08T00:10:55.908926+02:00,36679767,Mexico Copa Mexico,Mexico,Inter Playa Del Carmen,Ejidatarios de Bonfil FC,2026-10-07T23:00:00+00:00,49.0682,soccer.total_goals,period=ft,over,total=2.5,1.68
2026-10-08T00:10:55.908926+02:00,36679767,Mexico Copa Mexico,Mexico,Inter Playa Del Carmen,Ejidatarios de Bonfil FC,2026-10-07T23:00:00+00:00,49.0682,soccer.total_goals,period=ft,under,total=2.5,2.01
2026-10-08T00:10:55.908926+02:00,36679767,Mexico Copa Mexico,Mexico,Inter Playa Del Carmen,Ejidatarios de Bonfil FC,2026-10-07T23:00:00+00:00,49.0682,soccer.total_goals,period=ft,over,total=3,2.2
2026-10-08T00:10:55.908926+02:00,36679767,Mexico Copa Mexico,Mexico,Inter Playa Del Carmen,Ejidatarios de Bonfil FC,2026-10-07T23:00:00+00:00,49.0682,soccer.total_goals,period=ft,under,total=3,1.57
2026-10-08T00:10:55.908926+02:00,36679767,Mexico Copa Mexico,Mexico,Inter Playa Del Carmen,Ejidatarios de Bonfil FC,2026-10-07T23:00:00+00:00,49.0682,soccer.total_goals,period=ft,over,total=3.25,2.45
2026-10-08T00:10:55.908926+02:00,36679767,Mexico Copa Mexico,Mexico,Inter Playa Del Carmen,Ejidatarios de Bonfil FC,2026-10-07T23:00:00+00:00,49.0682,soccer.total_goals,period=ft,under,total=3.25,1.44
2026-10-08T00:10:55.908926+02:00,36679767,Mexico Copa Mexico,Mexico,Inter Playa Del Carmen,Ejidatarios de Bonfil FC,2026-10-07T23:00:00+00:00,49.0682,soccer.total_goals,period=ft,over,total=3.5,2.75
2026-10-08T00:10:55.908926+02:00,36679767,Mexico Copa Mexico,Mexico,Inter Playa Del Carmen,Ejidatarios de Bonfil FC,2026-10-07T23:00:00+00:00,49.0682,soccer.total_goals,period=ft,under,total=3.5,1.35
2026-10-08T00:10:55.908926+02:00,36435229,Brasileiro Serie A,Brazil,Clube do Remo PA,Gremio FB Porto Alegrense RS,2026-10-07T22:30:00+00:00,19.0682,soccer.asian_handicap,period=ft,home,handicap=-0.5,2.07
2026-10-08T00:10:55.908926+02:00,36435229,Brasileiro Serie A,Brazil,Clube do Remo PA,Gremio FB Porto Alegrense RS,2026-10-07T22:30:00+00:00,19.0682,soccer.asian_handicap,period=ft,away,handicap=-0.5,1.81
2026-10-08T00:10:55.908926+02:00,36435229,Brasileiro Serie A,Brazil,Clube do Remo PA,Gremio FB Porto Alegrense RS,2026-10-07T22:30:00+00:00,19.0682,soccer.asian_handicap,period=ft,home,handicap=-1.5,3.85
2026-10-08T00:10:55.908926+02:00,36435229,Brasileiro Serie A,Brazil,Clube do Remo PA,Gremio FB Porto Alegrense RS,2026-10-07T22:30:00+00:00,19.0682,soccer.asian_handicap,period=ft,away,handicap=-1.5,1.27
2026-10-08T00:10:55.908926+02:00,36435229,Brasileiro Serie A,Brazil,Clube do Remo PA,Gremio FB Porto Alegrense RS,2026-10-07T22:30:00+00:00,19.0682,soccer.asian_handicap,period=ft,home,handicap=-1.25,3.45
2026-10-08T00:10:55.908926+02:00,36435229,Brasileiro Serie A,Brazil,Clube do Remo PA,Gremio FB Porto Alegrense RS,2026-10-07T22:30:00+00:00,19.0682,soccer.asian_handicap,period=ft,away,handicap=-1.25,1.32
2026-10-08T00:10:55.908926+02:00,36435229,Brasileiro Serie A,Brazil,Clube do Remo PA,Gremio FB Porto Alegrense RS,2026-10-07T22:30:00+00:00,19.0682,soccer.asian_handicap,period=ft,home,handicap=-1,3.0
2026-10-08T00:10:55.908926+02:00,36435229,Brasileiro Serie A,Brazil,Clube do Remo PA,Gremio FB Porto Alegrense RS,2026-10-07T22:30:00+00:00,19.0682,soccer.asian_handicap,period=ft,away,handicap=-1,1.4
2026-10-08T00:10:55.908926+02:00,36435229,Brasileiro Serie A,Brazil,Clube do Remo PA,Gremio FB Porto Alegrense RS,2026-10-07T22:30:00+00:00,19.0682,soccer.asian_handicap,period=ft,home,handicap=-0.75,2.4
2026-10-08T00:10:55.908926+02:00,36435229,Brasileiro Serie A,Brazil,Clube do Remo PA,Gremio FB Porto Alegrense RS,2026-10-07T22:30:00+00:00,19.0682,soccer.asian_handicap,period=ft,away,handicap=-0.75,1.6
2026-10-08T00:10:55.908926+02:00,36435229,Brasileiro Serie A,Brazil,Clube do Remo PA,Gremio FB Porto Alegrense RS,2026-10-07T22:30:00+00:00,19.0682,soccer.asian_handicap,period=ft,home,handicap=-0.25,1.77
2026-10-08T00:10:55.908926+02:00,36435229,Brasileiro Serie A,Brazil,Clube do Remo PA,Gremio FB Porto Alegrense RS,2026-10-07T22:30:00+00:00,19.0682,soccer.asian_handicap,period=ft,away,handicap=-0.25,2.09
2026-10-08T00:10:55.908926+02:00,36435229,Brasileiro Serie A,Brazil,Clube do Remo PA,Gremio FB Porto Alegrense RS,2026-10-07T22:30:00+00:00,19.0682,soccer.asian_handicap,period=ft,home,handicap=0,1.49
2026-10-08T00:10:55.908926+02:00,36435229,Brasileiro Serie A,Brazil,Clube do Remo PA,Gremio FB Porto Alegrense RS,2026-10-07T22:30:00+00:00,19.0682,soccer.asian_handicap,period=ft,away,handicap=0,2.7
2026-10-08T00:10:55.908926+02:00,36435229,Brasileiro Serie A,Brazil,Clube do Remo PA,Gremio FB Porto Alegrense RS,2026-10-07T22:30:00+00:00,19.0682,soccer.asian_handicap,period=ft,home,handicap=0.25,1.36
2026-10-08T00:10:55.908926+02:00,36435229,Brasileiro Serie A,Brazil,Clube do Remo PA,Gremio FB Porto Alegrense RS,2026-10-07T22:30:00+00:00,19.0682,soccer.asian_handicap,period=ft,away,handicap=0.25,3.15
2026-10-08T00:10:55.908926+02:00,36435229,Brasileiro Serie A,Brazil,Clube do Remo PA,Gremio FB Porto Alegrense RS,2026-10-07T22:30:00+00:00,19.0682,soccer.asian_handicap,period=ft,home,handicap=0.5,1.29
2026-10-08T00:10:55.908926+02:00,36435229,Brasileiro Serie A,Brazil,Clube do Remo PA,Gremio FB Porto Alegrense RS,2026-10-07T22:30:00+00:00,19.0682,soccer.asian_handicap,period=ft,away,handicap=0.5,3.65
2026-10-08T00:10:55.908926+02:00,36435229,Brasileiro Serie A,Brazil,Clube do Remo PA,Gremio FB Porto Alegrense RS,2026-10-07T22:30:00+00:00,19.0682,soccer.double_chance,period=ft,draw_away,,1.78
2026-10-08T00:10:55.908926+02:00,36435229,Brasileiro Serie A,Brazil,Clube do Remo PA,Gremio FB Porto Alegrense RS,2026-10-07T22:30:00+00:00,19.0682,soccer.double_chance,period=ft,home_away,,1.31
2026-10-08T00:10:55.908926+02:00,36435229,Brasileiro Serie A,Brazil,Clube do Remo PA,Gremio FB Porto Alegrense RS,2026-10-07T22:30:00+00:00,19.0682,soccer.double_chance,period=ft,home_draw,,1.31
2026-10-08T00:10:55.908926+02:00,36435229,Brasileiro Serie A,Brazil,Clube do Remo PA,Gremio FB Porto Alegrense RS,2026-10-07T22:30:00+00:00,19.0682,soccer.match_odds,period=ft,home,,2.07
2026-10-08T00:10:55.908926+02:00,36435229,Brasileiro Serie A,Brazil,Clube do Remo PA,Gremio FB Porto Alegrense RS,2026-10-07T22:30:00+00:00,19.0682,soccer.match_odds,period=ft,draw,,3.45
2026-10-08T00:10:55.908926+02:00,36435229,Brasileiro Serie A,Brazil,Clube do Remo PA,Gremio FB Porto Alegrense RS,2026-10-07T22:30:00+00:00,19.0682,soccer.match_odds,period=ft,away,,3.7
2026-10-08T00:10:55.908926+02:00,36435229,Brasileiro Serie A,Brazil,Clube do Remo PA,Gremio FB Porto Alegrense RS,2026-10-07T22:30:00+00:00,19.0682,soccer.total_goals,period=ft,over,total=2.5,2.0
2026-10-08T00:10:55.908926+02:00,36435229,Brasileiro Serie A,Brazil,Clube do Remo PA,Gremio FB Porto Alegrense RS,2026-10-07T22:30:00+00:00,19.0682,soccer.total_goals,period=ft,under,total=2.5,1.86
2026-10-08T00:10:55.908926+02:00,36435229,Brasileiro Serie A,Brazil,Clube do Remo PA,Gremio FB Porto Alegrense RS,2026-10-07T22:30:00+00:00,19.0682,soccer.total_goals,period=ft,over,total=1.5,1.29
2026-10-08T00:10:55.908926+02:00,36435229,Brasileiro Serie A,Brazil,Clube do Remo PA,Gremio FB Porto Alegrense RS,2026-10-07T22:30:00+00:00,19.0682,soccer.total_goals,period=ft,under,total=1.5,3.55
2026-10-08T00:10:55.908926+02:00,36435229,Brasileiro Serie A,Brazil,Clube do Remo PA,Gremio FB Porto Alegrense RS,2026-10-07T22:30:00+00:00,19.0682,soccer.total_goals,period=ft,over,total=2,1.48
2026-10-08T00:10:55.908926+02:00,36435229,Brasileiro Serie A,Brazil,Clube do Remo PA,Gremio FB Porto Alegrense RS,2026-10-07T22:30:00+00:00,19.0682,soccer.total_goals,period=ft,under,total=2,2.7
2026-10-08T00:10:55.908926+02:00,36435229,Brasileiro Serie A,Brazil,Clube do Remo PA,Gremio FB Porto Alegrense RS,2026-10-07T22:30:00+00:00,19.0682,soccer.total_goals,period=ft,over,total=2.25,1.73
2026-10-08T00:10:55.908926+02:00,36435229,Brasileiro Serie A,Brazil,Clube do Remo PA,Gremio FB Porto Alegrense RS,2026-10-07T22:30:00+00:00,19.0682,soccer.total_goals,period=ft,under,total=2.25,2.13
2026-10-08T00:10:55.908926+02:00,36435229,Brasileiro Serie A,Brazil,Clube do Remo PA,Gremio FB Porto Alegrense RS,2026-10-07T22:30:00+00:00,19.0682,soccer.total_goals,period=ft,over,total=2.75,2.25
2026-10-08T00:10:55.908926+02:00,36435229,Brasileiro Serie A,Brazil,Clube do Remo PA,Gremio FB Porto Alegrense RS,2026-10-07T22:30:00+00:00,19.0682,soccer.total_goals,period=ft,under,total=2.75,1.66
2026-10-08T00:10:55.908926+02:00,36435229,Brasileiro Serie A,Brazil,Clube do Remo PA,Gremio FB Porto Alegrense RS,2026-10-07T22:30:00+00:00,19.0682,soccer.total_goals,period=ft,over,total=3,2.7
2026-10-08T00:10:55.908926+02:00,36435229,Brasileiro Serie A,Brazil,Clube do Remo PA,Gremio FB Porto Alegrense RS,2026-10-07T22:30:00+00:00,19.0682,soccer.total_goals,period=ft,under,total=3,1.47
2026-10-08T00:10:55.908926+02:00,36435229,Brasileiro Serie A,Brazil,Clube do Remo PA,Gremio FB Porto Alegrense RS,2026-10-07T22:30:00+00:00,19.0682,soccer.total_goals,period=ft,over,total=3.5,3.4
2026-10-08T00:10:55.908926+02:00,36435229,Brasileiro Serie A,Brazil,Clube do Remo PA,Gremio FB Porto Alegrense RS,2026-10-07T22:30:00+00:00,19.0682,soccer.total_goals,period=ft,under,total=3.5,1.32
2026-10-08T00:10:55.908926+02:00,36435229,Brasileiro Serie A,Brazil,Clube do Remo PA,Gremio FB Porto Alegrense RS,2026-10-07T22:30:00+00:00,19.0682,soccer.total_goals,period=ft,over,total=4.5,6.65
2026-10-08T00:10:55.908926+02:00,36435229,Brasileiro Serie A,Brazil,Clube do Remo PA,Gremio FB Porto Alegrense RS,2026-10-07T22:30:00+00:00,19.0682,soccer.total_goals,period=ft,under,total=4.5,1.11
2026-10-08T00:10:55.908926+02:00,36435228,Brasileiro Serie A,Brazil,Red Bull Bragantino SP,Mirassol FC SP,2026-10-07T22:30:00+00:00,19.0682,soccer.asian_handicap,period=ft,home,handicap=-0.75,1.95
2026-10-08T00:10:55.908926+02:00,36435228,Brasileiro Serie A,Brazil,Red Bull Bragantino SP,Mirassol FC SP,2026-10-07T22:30:00+00:00,19.0682,soccer.asian_handicap,period=ft,away,handicap=-0.75,1.93
2026-10-08T00:10:55.908926+02:00,36435228,Brasileiro Serie A,Brazil,Red Bull Bragantino SP,Mirassol FC SP,2026-10-07T22:30:00+00:00,19.0682,soccer.asian_handicap,period=ft,home,handicap=-1.75,3.75
2026-10-08T00:10:55.908926+02:00,36435228,Brasileiro Serie A,Brazil,Red Bull Bragantino SP,Mirassol FC SP,2026-10-07T22:30:00+00:00,19.0682,soccer.asian_handicap,period=ft,away,handicap=-1.75,1.28
2026-10-08T00:10:55.908926+02:00,36435228,Brasileiro Serie A,Brazil,Red Bull Bragantino SP,Mirassol FC SP,2026-10-07T22:30:00+00:00,19.0682,soccer.asian_handicap,period=ft,home,handicap=-1.5,3.0
2026-10-08T00:10:55.908926+02:00,36435228,Brasileiro Serie A,Brazil,Red Bull Bragantino SP,Mirassol FC SP,2026-10-07T22:30:00+00:00,19.0682,soccer.asian_handicap,period=ft,away,handicap=-1.5,1.4
2026-10-08T00:10:55.908926+02:00,36435228,Brasileiro Serie A,Brazil,Red Bull Bragantino SP,Mirassol FC SP,2026-10-07T22:30:00+00:00,19.0682,soccer.asian_handicap,period=ft,home,handicap=-1.25,2.65
2026-10-08T00:10:55.908926+02:00,36435228,Brasileiro Serie A,Brazil,Red Bull Bragantino SP,Mirassol FC SP,2026-10-07T22:30:00+00:00,19.0682,soccer.asian_handicap,period=ft,away,handicap=-1.25,1.5
2026-10-08T00:10:55.908926+02:00,36435228,Brasileiro Serie A,Brazil,Red Bull Bragantino SP,Mirassol FC SP,2026-10-07T22:30:00+00:00,19.0682,soccer.asian_handicap,period=ft,home,handicap=-1,2.3
2026-10-08T00:10:55.908926+02:00,36435228,Brasileiro Serie A,Brazil,Red Bull Bragantino SP,Mirassol FC SP,2026-10-07T22:30:00+00:00,19.0682,soccer.asian_handicap,period=ft,away,handicap=-1,1.64
2026-10-08T00:10:55.908926+02:00,36435228,Brasileiro Serie A,Brazil,Red Bull Bragantino SP,Mirassol FC SP,2026-10-07T22:30:00+00:00,19.0682,soccer.asian_handicap,period=ft,home,handicap=-0.5,1.72
2026-10-08T00:10:55.908926+02:00,36435228,Brasileiro Serie A,Brazil,Red Bull Bragantino SP,Mirassol FC SP,2026-10-07T22:30:00+00:00,19.0682,soccer.asian_handicap,period=ft,away,handicap=-0.5,2.17
2026-10-08T00:10:55.908926+02:00,36435228,Brasileiro Serie A,Brazil,Red Bull Bragantino SP,Mirassol FC SP,2026-10-07T22:30:00+00:00,19.0682,soccer.asian_handicap,period=ft,home,handicap=-0.25,1.51
2026-10-08T00:10:55.908926+02:00,36435228,Brasileiro Serie A,Brazil,Red Bull Bragantino SP,Mirassol FC SP,2026-10-07T22:30:00+00:00,19.0682,soccer.asian_handicap,period=ft,away,handicap=-0.25,2.6
2026-10-08T00:10:55.908926+02:00,36435228,Brasileiro Serie A,Brazil,Red Bull Bragantino SP,Mirassol FC SP,2026-10-07T22:30:00+00:00,19.0682,soccer.asian_handicap,period=ft,home,handicap=0,1.3
2026-10-08T00:10:55.908926+02:00,36435228,Brasileiro Serie A,Brazil,Red Bull Bragantino SP,Mirassol FC SP,2026-10-07T22:30:00+00:00,19.0682,soccer.asian_handicap,period=ft,away,handicap=0,3.6
2026-10-08T00:10:55.908926+02:00,36435228,Brasileiro Serie A,Brazil,Red Bull Bragantino SP,Mirassol FC SP,2026-10-07T22:30:00+00:00,19.0682,soccer.asian_handicap,period=ft,home,handicap=0.25,1.24
2026-10-08T00:10:55.908926+02:00,36435228,Brasileiro Serie A,Brazil,Red Bull Bragantino SP,Mirassol FC SP,2026-10-07T22:30:00+00:00,19.0682,soccer.asian_handicap,period=ft,away,handicap=0.25,4.15
2026-10-08T00:10:55.908926+02:00,36435228,Brasileiro Serie A,Brazil,Red Bull Bragantino SP,Mirassol FC SP,2026-10-07T22:30:00+00:00,19.0682,soccer.double_chance,period=ft,draw_away,,2.15
2026-10-08T00:10:55.908926+02:00,36435228,Brasileiro Serie A,Brazil,Red Bull Bragantino SP,Mirassol FC SP,2026-10-07T22:30:00+00:00,19.0682,soccer.double_chance,period=ft,home_away,,1.27
2026-10-08T00:10:55.908926+02:00,36435228,Brasileiro Serie A,Brazil,Red Bull Bragantino SP,Mirassol FC SP,2026-10-07T22:30:00+00:00,19.0682,soccer.double_chance,period=ft,home_draw,,1.2
2026-10-08T00:10:55.908926+02:00,36435228,Brasileiro Serie A,Brazil,Red Bull Bragantino SP,Mirassol FC SP,2026-10-07T22:30:00+00:00,19.0682,soccer.match_odds,period=ft,home,,1.73
2026-10-08T00:10:55.908926+02:00,36435228,Brasileiro Serie A,Brazil,Red Bull Bragantino SP,Mirassol FC SP,2026-10-07T22:30:00+00:00,19.0682,soccer.match_odds,period=ft,draw,,3.9
2026-10-08T00:10:55.908926+02:00,36435228,Brasileiro Serie A,Brazil,Red Bull Bragantino SP,Mirassol FC SP,2026-10-07T22:30:00+00:00,19.0682,soccer.match_odds,period=ft,away,,4.8
2026-10-08T00:10:55.908926+02:00,36435228,Brasileiro Serie A,Brazil,Red Bull Bragantino SP,Mirassol FC SP,2026-10-07T22:30:00+00:00,19.0682,soccer.total_goals,period=ft,over,total=2.75,1.89
2026-10-08T00:10:55.908926+02:00,36435228,Brasileiro Serie A,Brazil,Red Bull Bragantino SP,Mirassol FC SP,2026-10-07T22:30:00+00:00,19.0682,soccer.total_goals,period=ft,under,total=2.75,1.98
2026-10-08T00:10:55.908926+02:00,36435228,Brasileiro Serie A,Brazil,Red Bull Bragantino SP,Mirassol FC SP,2026-10-07T22:30:00+00:00,19.0682,soccer.total_goals,period=ft,over,total=1.5,1.21
2026-10-08T00:10:55.908926+02:00,36435228,Brasileiro Serie A,Brazil,Red Bull Bragantino SP,Mirassol FC SP,2026-10-07T22:30:00+00:00,19.0682,soccer.total_goals,period=ft,under,total=1.5,4.45
2026-10-08T00:10:55.908926+02:00,36435228,Brasileiro Serie A,Brazil,Red Bull Bragantino SP,Mirassol FC SP,2026-10-07T22:30:00+00:00,19.0682,soccer.total_goals,period=ft,over,total=2.25,1.5
2026-10-08T00:10:55.908926+02:00,36435228,Brasileiro Serie A,Brazil,Red Bull Bragantino SP,Mirassol FC SP,2026-10-07T22:30:00+00:00,19.0682,soccer.total_goals,period=ft,under,total=2.25,2.6
2026-10-08T00:10:55.908926+02:00,36435228,Brasileiro Serie A,Brazil,Red Bull Bragantino SP,Mirassol FC SP,2026-10-07T22:30:00+00:00,19.0682,soccer.total_goals,period=ft,over,total=2.5,1.69
2026-10-08T00:10:55.908926+02:00,36435228,Brasileiro Serie A,Brazil,Red Bull Bragantino SP,Mirassol FC SP,2026-10-07T22:30:00+00:00,19.0682,soccer.total_goals,period=ft,under,total=2.5,2.2
2026-10-08T00:10:55.908926+02:00,36435228,Brasileiro Serie A,Brazil,Red Bull Bragantino SP,Mirassol FC SP,2026-10-07T22:30:00+00:00,19.0682,soccer.total_goals,period=ft,over,total=3,2.16
2026-10-08T00:10:55.908926+02:00,36435228,Brasileiro Serie A,Brazil,Red Bull Bragantino SP,Mirassol FC SP,2026-10-07T22:30:00+00:00,19.0682,soccer.total_goals,period=ft,under,total=3,1.71
2026-10-08T00:10:55.908926+02:00,36435228,Brasileiro Serie A,Brazil,Red Bull Bragantino SP,Mirassol FC SP,2026-10-07T22:30:00+00:00,19.0682,soccer.total_goals,period=ft,over,total=3.25,2.45
2026-10-08T00:10:55.908926+02:00,36435228,Brasileiro Serie A,Brazil,Red Bull Bragantino SP,Mirassol FC SP,2026-10-07T22:30:00+00:00,19.0682,soccer.total_goals,period=ft,under,total=3.25,1.56
2026-10-08T00:10:55.908926+02:00,36435228,Brasileiro Serie A,Brazil,Red Bull Bragantino SP,Mirassol FC SP,2026-10-07T22:30:00+00:00,19.0682,soccer.total_goals,period=ft,over,total=3.5,2.75
2026-10-08T00:10:55.908926+02:00,36435228,Brasileiro Serie A,Brazil,Red Bull Bragantino SP,Mirassol FC SP,2026-10-07T22:30:00+00:00,19.0682,soccer.total_goals,period=ft,under,total=3.5,1.45
2026-10-08T00:10:55.908926+02:00,36435228,Brasileiro Serie A,Brazil,Red Bull Bragantino SP,Mirassol FC SP,2026-10-07T22:30:00+00:00,19.0682,soccer.total_goals,period=ft,over,total=4.5,5.25
2026-10-08T00:10:55.908926+02:00,36435228,Brasileiro Serie A,Brazil,Red Bull Bragantino SP,Mirassol FC SP,2026-10-07T22:30:00+00:00,19.0682,soccer.total_goals,period=ft,under,total=4.5,1.16
2026-10-08T00:10:55.908926+02:00,36435230,Brasileiro Serie A,Brazil,SC Internacional RS,SC Corinthians SP,2026-10-07T22:30:00+00:00,19.0682,soccer.asian_handicap,period=ft,home,handicap=-0.25,2.13
2026-10-08T00:10:55.908926+02:00,36435230,Brasileiro Serie A,Brazil,SC Internacional RS,SC Corinthians SP,2026-10-07T22:30:00+00:00,19.0682,soccer.asian_handicap,period=ft,away,handicap=-0.25,1.78
2026-10-08T00:10:55.908926+02:00,36435230,Brasileiro Serie A,Brazil,SC Internacional RS,SC Corinthians SP,2026-10-07T22:30:00+00:00,19.0682,soccer.asian_handicap,period=ft,home,handicap=-1.25,4.9
2026-10-08T00:10:55.908926+02:00,36435230,Brasileiro Serie A,Brazil,SC Internacional RS,SC Corinthians SP,2026-10-07T22:30:00+00:00,19.0682,soccer.asian_handicap,period=ft,away,handicap=-1.25,1.19
2026-10-08T00:10:55.908926+02:00,36435230,Brasileiro Serie A,Brazil,SC Internacional RS,SC Corinthians SP,2026-10-07T22:30:00+00:00,19.0682,soccer.asian_handicap,period=ft,home,handicap=-1,4.35
2026-10-08T00:10:55.908926+02:00,36435230,Brasileiro Serie A,Brazil,SC Internacional RS,SC Corinthians SP,2026-10-07T22:30:00+00:00,19.0682,soccer.asian_handicap,period=ft,away,handicap=-1,1.22
2026-10-08T00:10:55.908926+02:00,36435230,Brasileiro Serie A,Brazil,SC Internacional RS,SC Corinthians SP,2026-10-07T22:30:00+00:00,19.0682,soccer.asian_handicap,period=ft,home,handicap=-0.75,3.05
2026-10-08T00:10:55.908926+02:00,36435230,Brasileiro Serie A,Brazil,SC Internacional RS,SC Corinthians SP,2026-10-07T22:30:00+00:00,19.0682,soccer.asian_handicap,period=ft,away,handicap=-0.75,1.39
2026-10-08T00:10:55.908926+02:00,36435230,Brasileiro Serie A,Brazil,SC Internacional RS,SC Corinthians SP,2026-10-07T22:30:00+00:00,19.0682,soccer.asian_handicap,period=ft,home,handicap=-0.5,2.5
2026-10-08T00:10:55.908926+02:00,36435230,Brasileiro Serie A,Brazil,SC Internacional RS,SC Corinthians SP,2026-10-07T22:30:00+00:00,19.0682,soccer.asian_handicap,period=ft,away,handicap=-0.5,1.55
2026-10-08T00:10:55.908926+02:00,36435230,Brasileiro Serie A,Brazil,SC Internacional RS,SC Corinthians SP,2026-10-07T22:30:00+00:00,19.0682,soccer.asian_handicap,period=ft,home,handicap=0,1.71
2026-10-08T00:10:55.908926+02:00,36435230,Brasileiro Serie A,Brazil,SC Internacional RS,SC Corinthians SP,2026-10-07T22:30:00+00:00,19.0682,soccer.asian_handicap,period=ft,away,handicap=0,2.18
2026-10-08T00:10:55.908926+02:00,36435230,Brasileiro Serie A,Brazil,SC Internacional RS,SC Corinthians SP,2026-10-07T22:30:00+00:00,19.0682,soccer.asian_handicap,period=ft,home,handicap=0.25,1.49
2026-10-08T00:10:55.908926+02:00,36435230,Brasileiro Serie A,Brazil,SC Internacional RS,SC Corinthians SP,2026-10-07T22:30:00+00:00,19.0682,soccer.asian_handicap,period=ft,away,handicap=0.25,2.65
2026-10-08T00:10:55.908926+02:00,36435230,Brasileiro Serie A,Brazil,SC Internacional RS,SC Corinthians SP,2026-10-07T22:30:00+00:00,19.0682,soccer.asian_handicap,period=ft,home,handicap=0.5,1.37
2026-10-08T00:10:55.908926+02:00,36435230,Brasileiro Serie A,Brazil,SC Internacional RS,SC Corinthians SP,2026-10-07T22:30:00+00:00,19.0682,soccer.asian_handicap,period=ft,away,handicap=0.5,3.15
2026-10-08T00:10:55.908926+02:00,36435230,Brasileiro Serie A,Brazil,SC Internacional RS,SC Corinthians SP,2026-10-07T22:30:00+00:00,19.0682,soccer.asian_handicap,period=ft,home,handicap=0.75,1.24
2026-10-08T00:10:55.908926+02:00,36435230,Brasileiro Serie A,Brazil,SC Internacional RS,SC Corinthians SP,2026-10-07T22:30:00+00:00,19.0682,soccer.asian_handicap,period=ft,away,handicap=0.75,4.15
2026-10-08T00:10:55.908926+02:00,36435230,Brasileiro Serie A,Brazil,SC Internacional RS,SC Corinthians SP,2026-10-07T22:30:00+00:00,19.0682,soccer.double_chance,period=ft,draw_away,,1.55
2026-10-08T00:10:55.908926+02:00,36435230,Brasileiro Serie A,Brazil,SC Internacional RS,SC Corinthians SP,2026-10-07T22:30:00+00:00,19.0682,soccer.double_chance,period=ft,home_away,,1.39
2026-10-08T00:10:55.908926+02:00,36435230,Brasileiro Serie A,Brazil,SC Internacional RS,SC Corinthians SP,2026-10-07T22:30:00+00:00,19.0682,soccer.double_chance,period=ft,home_draw,,1.37
2026-10-08T00:10:55.908926+02:00,36435230,Brasileiro Serie A,Brazil,SC Internacional RS,SC Corinthians SP,2026-10-07T22:30:00+00:00,19.0682,soccer.match_odds,period=ft,home,,2.5
2026-10-08T00:10:55.908926+02:00,36435230,Brasileiro Serie A,Brazil,SC Internacional RS,SC Corinthians SP,2026-10-07T22:30:00+00:00,19.0682,soccer.match_odds,period=ft,draw,,3.0
2026-10-08T00:10:55.908926+02:00,36435230,Brasileiro Serie A,Brazil,SC Internacional RS,SC Corinthians SP,2026-10-07T22:30:00+00:00,19.0682,soccer.match_odds,period=ft,away,,3.2
2026-10-08T00:10:55.908926+02:00,36435230,Brasileiro Serie A,Brazil,SC Internacional RS,SC Corinthians SP,2026-10-07T22:30:00+00:00,19.0682,soccer.total_goals,period=ft,over,total=2,1.89
2026-10-08T00:10:55.908926+02:00,36435230,Brasileiro Serie A,Brazil,SC Internacional RS,SC Corinthians SP,2026-10-07T22:30:00+00:00,19.0682,soccer.total_goals,period=ft,under,total=2,1.98
2026-10-08T00:10:55.908926+02:00,36435230,Brasileiro Serie A,Brazil,SC Internacional RS,SC Corinthians SP,2026-10-07T22:30:00+00:00,19.0682,soccer.total_goals,period=ft,over,total=0.5,1.1
2026-10-08T00:10:55.908926+02:00,36435230,Brasileiro Serie A,Brazil,SC Internacional RS,SC Corinthians SP,2026-10-07T22:30:00+00:00,19.0682,soccer.total_goals,period=ft,under,total=0.5,6.95
2026-10-08T00:10:55.908926+02:00,36435230,Brasileiro Serie A,Brazil,SC Internacional RS,SC Corinthians SP,2026-10-07T22:30:00+00:00,19.0682,soccer.total_goals,period=ft,over,total=1.5,1.49
2026-10-08T00:10:55.908926+02:00,36435230,Brasileiro Serie A,Brazil,SC Internacional RS,SC Corinthians SP,2026-10-07T22:30:00+00:00,19.0682,soccer.total_goals,period=ft,under,total=1.5,2.65
2026-10-08T00:10:55.908926+02:00,36435230,Brasileiro Serie A,Brazil,SC Internacional RS,SC Corinthians SP,2026-10-07T22:30:00+00:00,19.0682,soccer.total_goals,period=ft,over,total=1.75,1.63
2026-10-08T00:10:55.908926+02:00,36435230,Brasileiro Serie A,Brazil,SC Internacional RS,SC Corinthians SP,2026-10-07T22:30:00+00:00,19.0682,soccer.total_goals,period=ft,under,total=1.75,2.3
2026-10-08T00:10:55.908926+02:00,36435230,Brasileiro Serie A,Brazil,SC Internacional RS,SC Corinthians SP,2026-10-07T22:30:00+00:00,19.0682,soccer.total_goals,period=ft,over,total=2.25,2.2
2026-10-08T00:10:55.908926+02:00,36435230,Brasileiro Serie A,Brazil,SC Internacional RS,SC Corinthians SP,2026-10-07T22:30:00+00:00,19.0682,soccer.total_goals,period=ft,under,total=2.25,1.69
2026-10-08T00:10:55.908926+02:00,36435230,Brasileiro Serie A,Brazil,SC Internacional RS,SC Corinthians SP,2026-10-07T22:30:00+00:00,19.0682,soccer.total_goals,period=ft,over,total=2.5,2.5
2026-10-08T00:10:55.908926+02:00,36435230,Brasileiro Serie A,Brazil,SC Internacional RS,SC Corinthians SP,2026-10-07T22:30:00+00:00,19.0682,soccer.total_goals,period=ft,under,total=2.5,1.53
2026-10-08T00:10:55.908926+02:00,36435230,Brasileiro Serie A,Brazil,SC Internacional RS,SC Corinthians SP,2026-10-07T22:30:00+00:00,19.0682,soccer.total_goals,period=ft,over,total=3.5,4.75
2026-10-08T00:10:55.908926+02:00,36435230,Brasileiro Serie A,Brazil,SC Internacional RS,SC Corinthians SP,2026-10-07T22:30:00+00:00,19.0682,soccer.total_goals,period=ft,under,total=3.5,1.19
2026-10-08T00:10:55.908926+02:00,36435231,Brasileiro Serie A,Brazil,EC Vitoria BA,Chapecoense SC,2026-10-07T23:00:00+00:00,49.0682,soccer.asian_handicap,period=ft,home,handicap=-1,2.01
2026-10-08T00:10:55.908926+02:00,36435231,Brasileiro Serie A,Brazil,EC Vitoria BA,Chapecoense SC,2026-10-07T23:00:00+00:00,49.0682,soccer.asian_handicap,period=ft,away,handicap=-1,1.87
2026-10-08T00:10:55.908926+02:00,36435231,Brasileiro Serie A,Brazil,EC Vitoria BA,Chapecoense SC,2026-10-07T23:00:00+00:00,49.0682,soccer.asian_handicap,period=ft,home,handicap=-2,4.55
2026-10-08T00:10:55.908926+02:00,36435231,Brasileiro Serie A,Brazil,EC Vitoria BA,Chapecoense SC,2026-10-07T23:00:00+00:00,49.0682,soccer.asian_handicap,period=ft,away,handicap=-2,1.21
2026-10-08T00:10:55.908926+02:00,36435231,Brasileiro Serie A,Brazil,EC Vitoria BA,Chapecoense SC,2026-10-07T23:00:00+00:00,49.0682,soccer.asian_handicap,period=ft,home,handicap=-1.75,3.25
2026-10-08T00:10:55.908926+02:00,36435231,Brasileiro Serie A,Brazil,EC Vitoria BA,Chapecoense SC,2026-10-07T23:00:00+00:00,49.0682,soccer.asian_handicap,period=ft,away,handicap=-1.75,1.35
2026-10-08T00:10:55.908926+02:00,36435231,Brasileiro Serie A,Brazil,EC Vitoria BA,Chapecoense SC,2026-10-07T23:00:00+00:00,49.0682,soccer.asian_handicap,period=ft,home,handicap=-1.5,2.65
2026-10-08T00:10:55.908926+02:00,36435231,Brasileiro Serie A,Brazil,EC Vitoria BA,Chapecoense SC,2026-10-07T23:00:00+00:00,49.0682,soccer.asian_handicap,period=ft,away,handicap=-1.5,1.5
2026-10-08T00:10:55.908926+02:00,36435231,Brasileiro Serie A,Brazil,EC Vitoria BA,Chapecoense SC,2026-10-07T23:00:00+00:00,49.0682,soccer.asian_handicap,period=ft,home,handicap=-1.25,2.3
2026-10-08T00:10:55.908926+02:00,36435231,Brasileiro Serie A,Brazil,EC Vitoria BA,Chapecoense SC,2026-10-07T23:00:00+00:00,49.0682,soccer.asian_handicap,period=ft,away,handicap=-1.25,1.63
2026-10-08T00:10:55.908926+02:00,36435231,Brasileiro Serie A,Brazil,EC Vitoria BA,Chapecoense SC,2026-10-07T23:00:00+00:00,49.0682,soccer.asian_handicap,period=ft,home,handicap=-0.75,1.72
2026-10-08T00:10:55.908926+02:00,36435231,Brasileiro Serie A,Brazil,EC Vitoria BA,Chapecoense SC,2026-10-07T23:00:00+00:00,49.0682,soccer.asian_handicap,period=ft,away,handicap=-0.75,2.17
2026-10-08T00:10:55.908926+02:00,36435231,Brasileiro Serie A,Brazil,EC Vitoria BA,Chapecoense SC,2026-10-07T23:00:00+00:00,49.0682,soccer.asian_handicap,period=ft,home,handicap=-0.5,1.56
2026-10-08T00:10:55.908926+02:00,36435231,Brasileiro Serie A,Brazil,EC Vitoria BA,Chapecoense SC,2026-10-07T23:00:00+00:00,49.0682,soccer.asian_handicap,period=ft,away,handicap=-0.5,2.45
2026-10-08T00:10:55.908926+02:00,36435231,Brasileiro Serie A,Brazil,EC Vitoria BA,Chapecoense SC,2026-10-07T23:00:00+00:00,49.0682,soccer.asian_handicap,period=ft,home,handicap=-0.25,1.38
2026-10-08T00:10:55.908926+02:00,36435231,Brasileiro Serie A,Brazil,EC Vitoria BA,Chapecoense SC,2026-10-07T23:00:00+00:00,49.0682,soccer.asian_handicap,period=ft,away,handicap=-0.25,3.1
2026-10-08T00:10:55.908926+02:00,36435231,Brasileiro Serie A,Brazil,EC Vitoria BA,Chapecoense SC,2026-10-07T23:00:00+00:00,49.0682,soccer.asian_handicap,period=ft,home,handicap=0,1.2
2026-10-08T00:10:55.908926+02:00,36435231,Brasileiro Serie A,Brazil,EC Vitoria BA,Chapecoense SC,2026-10-07T23:00:00+00:00,49.0682,soccer.asian_handicap,period=ft,away,handicap=0,4.6
2026-10-08T00:10:55.908926+02:00,36435231,Brasileiro Serie A,Brazil,EC Vitoria BA,Chapecoense SC,2026-10-07T23:00:00+00:00,49.0682,soccer.double_chance,period=ft,draw_away,,2.45
2026-10-08T00:10:55.908926+02:00,36435231,Brasileiro Serie A,Brazil,EC Vitoria BA,Chapecoense SC,2026-10-07T23:00:00+00:00,49.0682,soccer.double_chance,period=ft,home_away,,1.25
2026-10-08T00:10:55.908926+02:00,36435231,Brasileiro Serie A,Brazil,EC Vitoria BA,Chapecoense SC,2026-10-07T23:00:00+00:00,49.0682,soccer.double_chance,period=ft,home_draw,,1.15
2026-10-08T00:10:55.908926+02:00,36435231,Brasileiro Serie A,Brazil,EC Vitoria BA,Chapecoense SC,2026-10-07T23:00:00+00:00,49.0682,soccer.match_odds,period=ft,home,,1.57
2026-10-08T00:10:55.908926+02:00,36435231,Brasileiro Serie A,Brazil,EC Vitoria BA,Chapecoense SC,2026-10-07T23:00:00+00:00,49.0682,soccer.match_odds,period=ft,draw,,4.15
2026-10-08T00:10:55.908926+02:00,36435231,Brasileiro Serie A,Brazil,EC Vitoria BA,Chapecoense SC,2026-10-07T23:00:00+00:00,49.0682,soccer.match_odds,period=ft,away,,6.0
2026-10-08T00:10:55.908926+02:00,36435231,Brasileiro Serie A,Brazil,EC Vitoria BA,Chapecoense SC,2026-10-07T23:00:00+00:00,49.0682,soccer.total_goals,period=ft,over,total=2.5,1.85
2026-10-08T00:10:55.908926+02:00,36435231,Brasileiro Serie A,Brazil,EC Vitoria BA,Chapecoense SC,2026-10-07T23:00:00+00:00,49.0682,soccer.total_goals,period=ft,under,total=2.5,2.01
2026-10-08T00:10:55.908926+02:00,36435231,Brasileiro Serie A,Brazil,EC Vitoria BA,Chapecoense SC,2026-10-07T23:00:00+00:00,49.0682,soccer.total_goals,period=ft,over,total=1.5,1.26
2026-10-08T00:10:55.908926+02:00,36435231,Brasileiro Serie A,Brazil,EC Vitoria BA,Chapecoense SC,2026-10-07T23:00:00+00:00,49.0682,soccer.total_goals,period=ft,under,total=1.5,3.85
2026-10-08T00:10:55.908926+02:00,36435231,Brasileiro Serie A,Brazil,EC Vitoria BA,Chapecoense SC,2026-10-07T23:00:00+00:00,49.0682,soccer.total_goals,period=ft,over,total=2,1.4
2026-10-08T00:10:55.908926+02:00,36435231,Brasileiro Serie A,Brazil,EC Vitoria BA,Chapecoense SC,2026-10-07T23:00:00+00:00,49.0682,soccer.total_goals,period=ft,under,total=2,3.0
2026-10-08T00:10:55.908926+02:00,36435231,Brasileiro Serie A,Brazil,EC Vitoria BA,Chapecoense SC,2026-10-07T23:00:00+00:00,49.0682,soccer.total_goals,period=ft,over,total=2.25,1.62
2026-10-08T00:10:55.908926+02:00,36435231,Brasileiro Serie A,Brazil,EC Vitoria BA,Chapecoense SC,2026-10-07T23:00:00+00:00,49.0682,soccer.total_goals,period=ft,under,total=2.25,2.3
2026-10-08T00:10:55.908926+02:00,36435231,Brasileiro Serie A,Brazil,EC Vitoria BA,Chapecoense SC,2026-10-07T23:00:00+00:00,49.0682,soccer.total_goals,period=ft,over,total=2.75,2.06
2026-10-08T00:10:55.908926+02:00,36435231,Brasileiro Serie A,Brazil,EC Vitoria BA,Chapecoense SC,2026-10-07T23:00:00+00:00,49.0682,soccer.total_goals,period=ft,under,total=2.75,1.78
2026-10-08T00:10:55.908926+02:00,36435231,Brasileiro Serie A,Brazil,EC Vitoria BA,Chapecoense SC,2026-10-07T23:00:00+00:00,49.0682,soccer.total_goals,period=ft,over,total=3,2.45
2026-10-08T00:10:55.908926+02:00,36435231,Brasileiro Serie A,Brazil,EC Vitoria BA,Chapecoense SC,2026-10-07T23:00:00+00:00,49.0682,soccer.total_goals,period=ft,under,total=3,1.56
2026-10-08T00:10:55.908926+02:00,36435231,Brasileiro Serie A,Brazil,EC Vitoria BA,Chapecoense SC,2026-10-07T23:00:00+00:00,49.0682,soccer.total_goals,period=ft,over,total=3.5,3.1
2026-10-08T00:10:55.908926+02:00,36435231,Brasileiro Serie A,Brazil,EC Vitoria BA,Chapecoense SC,2026-10-07T23:00:00+00:00,49.0682,soccer.total_goals,period=ft,under,total=3.5,1.37
2026-10-08T00:10:55.908926+02:00,36435231,Brasileiro Serie A,Brazil,EC Vitoria BA,Chapecoense SC,2026-10-07T23:00:00+00:00,49.0682,soccer.total_goals,period=ft,over,total=4.5,6.1
2026-10-08T00:10:55.908926+02:00,36435231,Brasileiro Serie A,Brazil,EC Vitoria BA,Chapecoense SC,2026-10-07T23:00:00+00:00,49.0682,soccer.total_goals,period=ft,under,total=4.5,1.13
2026-10-08T00:10:55.908926+02:00,36435232,Brasileiro Serie A,Brazil,Botafogo FR RJ,CR Vasco da Gama RJ,2026-10-07T23:30:00+00:00,79.0682,soccer.asian_handicap,period=ft,home,handicap=0.25,1.89
2026-10-08T00:10:55.908926+02:00,36435232,Brasileiro Serie A,Brazil,Botafogo FR RJ,CR Vasco da Gama RJ,2026-10-07T23:30:00+00:00,79.0682,soccer.asian_handicap,period=ft,away,handicap=0.25,1.99
2026-10-08T00:10:55.908926+02:00,36435232,Brasileiro Serie A,Brazil,Botafogo FR RJ,CR Vasco da Gama RJ,2026-10-07T23:30:00+00:00,79.0682,soccer.asian_handicap,period=ft,home,handicap=-0.75,3.75
2026-10-08T00:10:55.908926+02:00,36435232,Brasileiro Serie A,Brazil,Botafogo FR RJ,CR Vasco da Gama RJ,2026-10-07T23:30:00+00:00,79.0682,soccer.asian_handicap,period=ft,away,handicap=-0.75,1.28
2026-10-08T00:10:55.908926+02:00,36435232,Brasileiro Serie A,Brazil,Botafogo FR RJ,CR Vasco da Gama RJ,2026-10-07T23:30:00+00:00,79.0682,soccer.asian_handicap,period=ft,home,handicap=-0.5,3.0
2026-10-08T00:10:55.908926+02:00,36435232,Brasileiro Serie A,Brazil,Botafogo FR RJ,CR Vasco da Gama RJ,2026-10-07T23:30:00+00:00,79.0682,soccer.asian_handicap,period=ft,away,handicap=-0.5,1.4
2026-10-08T00:10:55.908926+02:00,36435232,Brasileiro Serie A,Brazil,Botafogo FR RJ,CR Vasco da Gama RJ,2026-10-07T23:30:00+00:00,79.0682,soccer.asian_handicap,period=ft,home,handicap=-0.25,2.65
2026-10-08T00:10:55.908926+02:00,36435232,Brasileiro Serie A,Brazil,Botafogo FR RJ,CR Vasco da Gama RJ,2026-10-07T23:30:00+00:00,79.0682,soccer.asian_handicap,period=ft,away,handicap=-0.25,1.5
2026-10-08T00:10:55.908926+02:00,36435232,Brasileiro Serie A,Brazil,Botafogo FR RJ,CR Vasco da Gama RJ,2026-10-07T23:30:00+00:00,79.0682,soccer.asian_handicap,period=ft,home,handicap=0,2.25
2026-10-08T00:10:55.908926+02:00,36435232,Brasileiro Serie A,Brazil,Botafogo FR RJ,CR Vasco da Gama RJ,2026-10-07T23:30:00+00:00,79.0682,soccer.asian_handicap,period=ft,away,handicap=0,1.67
2026-10-08T00:10:55.908926+02:00,36435232,Brasileiro Serie A,Brazil,Botafogo FR RJ,CR Vasco da Gama RJ,2026-10-07T23:30:00+00:00,79.0682,soccer.asian_handicap,period=ft,home,handicap=0.5,1.67
2026-10-08T00:10:55.908926+02:00,36435232,Brasileiro Serie A,Brazil,Botafogo FR RJ,CR Vasco da Gama RJ,2026-10-07T23:30:00+00:00,79.0682,soccer.asian_handicap,period=ft,away,handicap=0.5,2.25
2026-10-08T00:10:55.908926+02:00,36435232,Brasileiro Serie A,Brazil,Botafogo FR RJ,CR Vasco da Gama RJ,2026-10-07T23:30:00+00:00,79.0682,soccer.asian_handicap,period=ft,home,handicap=0.75,1.49
2026-10-08T00:10:55.908926+02:00,36435232,Brasileiro Serie A,Brazil,Botafogo FR RJ,CR Vasco da Gama RJ,2026-10-07T23:30:00+00:00,79.0682,soccer.asian_handicap,period=ft,away,handicap=0.75,2.65
2026-10-08T00:10:55.908926+02:00,36435232,Brasileiro Serie A,Brazil,Botafogo FR RJ,CR Vasco da Gama RJ,2026-10-07T23:30:00+00:00,79.0682,soccer.asian_handicap,period=ft,home,handicap=1,1.31
2026-10-08T00:10:55.908926+02:00,36435232,Brasileiro Serie A,Brazil,Botafogo FR RJ,CR Vasco da Gama RJ,2026-10-07T23:30:00+00:00,79.0682,soccer.asian_handicap,period=ft,away,handicap=1,3.5
2026-10-08T00:10:55.908926+02:00,36435232,Brasileiro Serie A,Brazil,Botafogo FR RJ,CR Vasco da Gama RJ,2026-10-07T23:30:00+00:00,79.0682,soccer.asian_handicap,period=ft,home,handicap=1.25,1.26
2026-10-08T00:10:55.908926+02:00,36435232,Brasileiro Serie A,Brazil,Botafogo FR RJ,CR Vasco da Gama RJ,2026-10-07T23:30:00+00:00,79.0682,soccer.asian_handicap,period=ft,away,handicap=1.25,3.95
2026-10-08T00:10:55.908926+02:00,36435232,Brasileiro Serie A,Brazil,Botafogo FR RJ,CR Vasco da Gama RJ,2026-10-07T23:30:00+00:00,79.0682,soccer.double_chance,period=ft,draw_away,,1.4
2026-10-08T00:10:55.908926+02:00,36435232,Brasileiro Serie A,Brazil,Botafogo FR RJ,CR Vasco da Gama RJ,2026-10-07T23:30:00+00:00,79.0682,soccer.double_chance,period=ft,home_away,,1.3
2026-10-08T00:10:55.908926+02:00,36435232,Brasileiro Serie A,Brazil,Botafogo FR RJ,CR Vasco da Gama RJ,2026-10-07T23:30:00+00:00,79.0682,soccer.double_chance,period=ft,home_draw,,1.65
2026-10-08T00:10:55.908926+02:00,36435232,Brasileiro Serie A,Brazil,Botafogo FR RJ,CR Vasco da Gama RJ,2026-10-07T23:30:00+00:00,79.0682,soccer.match_odds,period=ft,home,,3.05
2026-10-08T00:10:55.908926+02:00,36435232,Brasileiro Serie A,Brazil,Botafogo FR RJ,CR Vasco da Gama RJ,2026-10-07T23:30:00+00:00,79.0682,soccer.match_odds,period=ft,draw,,3.65
2026-10-08T00:10:55.908926+02:00,36435232,Brasileiro Serie A,Brazil,Botafogo FR RJ,CR Vasco da Gama RJ,2026-10-07T23:30:00+00:00,79.0682,soccer.match_odds,period=ft,away,,2.25
2026-10-08T00:10:55.908926+02:00,36435232,Brasileiro Serie A,Brazil,Botafogo FR RJ,CR Vasco da Gama RJ,2026-10-07T23:30:00+00:00,79.0682,soccer.total_goals,period=ft,over,total=3,2.04
2026-10-08T00:10:55.908926+02:00,36435232,Brasileiro Serie A,Brazil,Botafogo FR RJ,CR Vasco da Gama RJ,2026-10-07T23:30:00+00:00,79.0682,soccer.total_goals,period=ft,under,total=3,1.82
2026-10-08T00:10:55.908926+02:00,36435232,Brasileiro Serie A,Brazil,Botafogo FR RJ,CR Vasco da Gama RJ,2026-10-07T23:30:00+00:00,79.0682,soccer.total_goals,period=ft,over,total=1.5,1.18
2026-10-08T00:10:55.908926+02:00,36435232,Brasileiro Serie A,Brazil,Botafogo FR RJ,CR Vasco da Gama RJ,2026-10-07T23:30:00+00:00,79.0682,soccer.total_goals,period=ft,under,total=1.5,4.85
2026-10-08T00:10:55.908926+02:00,36435232,Brasileiro Serie A,Brazil,Botafogo FR RJ,CR Vasco da Gama RJ,2026-10-07T23:30:00+00:00,79.0682,soccer.total_goals,period=ft,over,total=2.5,1.62
2026-10-08T00:10:55.908926+02:00,36435232,Brasileiro Serie A,Brazil,Botafogo FR RJ,CR Vasco da Gama RJ,2026-10-07T23:30:00+00:00,79.0682,soccer.total_goals,period=ft,under,total=2.5,2.3
2026-10-08T00:10:55.908926+02:00,36435232,Brasileiro Serie A,Brazil,Botafogo FR RJ,CR Vasco da Gama RJ,2026-10-07T23:30:00+00:00,79.0682,soccer.total_goals,period=ft,over,total=2.75,1.78
2026-10-08T00:10:55.908926+02:00,36435232,Brasileiro Serie A,Brazil,Botafogo FR RJ,CR Vasco da Gama RJ,2026-10-07T23:30:00+00:00,79.0682,soccer.total_goals,period=ft,under,total=2.75,2.06
2026-10-08T00:10:55.908926+02:00,36435232,Brasileiro Serie A,Brazil,Botafogo FR RJ,CR Vasco da Gama RJ,2026-10-07T23:30:00+00:00,79.0682,soccer.total_goals,period=ft,over,total=3.25,2.3
2026-10-08T00:10:55.908926+02:00,36435232,Brasileiro Serie A,Brazil,Botafogo FR RJ,CR Vasco da Gama RJ,2026-10-07T23:30:00+00:00,79.0682,soccer.total_goals,period=ft,under,total=3.25,1.63
2026-10-08T00:10:55.908926+02:00,36435232,Brasileiro Serie A,Brazil,Botafogo FR RJ,CR Vasco da Gama RJ,2026-10-07T23:30:00+00:00,79.0682,soccer.total_goals,period=ft,over,total=3.5,2.6
2026-10-08T00:10:55.908926+02:00,36435232,Brasileiro Serie A,Brazil,Botafogo FR RJ,CR Vasco da Gama RJ,2026-10-07T23:30:00+00:00,79.0682,soccer.total_goals,period=ft,under,total=3.5,1.51
2026-10-08T00:10:55.908926+02:00,36435232,Brasileiro Serie A,Brazil,Botafogo FR RJ,CR Vasco da Gama RJ,2026-10-07T23:30:00+00:00,79.0682,soccer.total_goals,period=ft,over,total=4.5,4.7
2026-10-08T00:10:55.908926+02:00,36435232,Brasileiro Serie A,Brazil,Botafogo FR RJ,CR Vasco da Gama RJ,2026-10-07T23:30:00+00:00,79.0682,soccer.total_goals,period=ft,under,total=4.5,1.19
2026-10-08T00:10:55.908926+02:00,36666889,Copa Venezuela,Venezuela,Barquisimeto SC,Aragua FC,2026-10-07T22:30:00+00:00,19.0682,soccer.asian_handicap,period=ft,home,handicap=0,1.9
2026-10-08T00:10:55.908926+02:00,36666889,Copa Venezuela,Venezuela,Barquisimeto SC,Aragua FC,2026-10-07T22:30:00+00:00,19.0682,soccer.asian_handicap,period=ft,away,handicap=0,1.8
2026-10-08T00:10:55.908926+02:00,36666889,Copa Venezuela,Venezuela,Barquisimeto SC,Aragua FC,2026-10-07T22:30:00+00:00,19.0682,soccer.asian_handicap,period=ft,home,handicap=-0.75,3.0
2026-10-08T00:10:55.908926+02:00,36666889,Copa Venezuela,Venezuela,Barquisimeto SC,Aragua FC,2026-10-07T22:30:00+00:00,19.0682,soccer.asian_handicap,period=ft,away,handicap=-0.75,1.29
2026-10-08T00:10:55.908926+02:00,36666889,Copa Venezuela,Venezuela,Barquisimeto SC,Aragua FC,2026-10-07T22:30:00+00:00,19.0682,soccer.asian_handicap,period=ft,home,handicap=-0.5,2.5
2026-10-08T00:10:55.908926+02:00,36666889,Copa Venezuela,Venezuela,Barquisimeto SC,Aragua FC,2026-10-07T22:30:00+00:00,19.0682,soccer.asian_handicap,period=ft,away,handicap=-0.5,1.42
2026-10-08T00:10:55.908926+02:00,36666889,Copa Venezuela,Venezuela,Barquisimeto SC,Aragua FC,2026-10-07T22:30:00+00:00,19.0682,soccer.asian_handicap,period=ft,home,handicap=-0.25,2.2
2026-10-08T00:10:55.908926+02:00,36666889,Copa Venezuela,Venezuela,Barquisimeto SC,Aragua FC,2026-10-07T22:30:00+00:00,19.0682,soccer.asian_handicap,period=ft,away,handicap=-0.25,1.56
2026-10-08T00:10:55.908926+02:00,36666889,Copa Venezuela,Venezuela,Barquisimeto SC,Aragua FC,2026-10-07T22:30:00+00:00,19.0682,soccer.asian_handicap,period=ft,home,handicap=0.25,1.62
2026-10-08T00:10:55.908926+02:00,36666889,Copa Venezuela,Venezuela,Barquisimeto SC,Aragua FC,2026-10-07T22:30:00+00:00,19.0682,soccer.asian_handicap,period=ft,away,handicap=0.25,2.1
2026-10-08T00:10:55.908926+02:00,36666889,Copa Venezuela,Venezuela,Barquisimeto SC,Aragua FC,2026-10-07T22:30:00+00:00,19.0682,soccer.asian_handicap,period=ft,home,handicap=0.5,1.47
2026-10-08T00:10:55.908926+02:00,36666889,Copa Venezuela,Venezuela,Barquisimeto SC,Aragua FC,2026-10-07T22:30:00+00:00,19.0682,soccer.asian_handicap,period=ft,away,handicap=0.5,2.35
2026-10-08T00:10:55.908926+02:00,36666889,Copa Venezuela,Venezuela,Barquisimeto SC,Aragua FC,2026-10-07T22:30:00+00:00,19.0682,soccer.asian_handicap,period=ft,home,handicap=0.75,1.33
2026-10-08T00:10:55.908926+02:00,36666889,Copa Venezuela,Venezuela,Barquisimeto SC,Aragua FC,2026-10-07T22:30:00+00:00,19.0682,soccer.asian_handicap,period=ft,away,handicap=0.75,2.85
2026-10-08T00:10:55.908926+02:00,36666889,Copa Venezuela,Venezuela,Barquisimeto SC,Aragua FC,2026-10-07T22:30:00+00:00,19.0682,soccer.double_chance,period=ft,draw_away,,1.48
2026-10-08T00:10:55.908926+02:00,36666889,Copa Venezuela,Venezuela,Barquisimeto SC,Aragua FC,2026-10-07T22:30:00+00:00,19.0682,soccer.double_chance,period=ft,home_away,,1.32
2026-10-08T00:10:55.908926+02:00,36666889,Copa Venezuela,Venezuela,Barquisimeto SC,Aragua FC,2026-10-07T22:30:00+00:00,19.0682,soccer.double_chance,period=ft,home_draw,,1.5
2026-10-08T00:10:55.908926+02:00,36666889,Copa Venezuela,Venezuela,Barquisimeto SC,Aragua FC,2026-10-07T22:30:00+00:00,19.0682,soccer.match_odds,period=ft,home,,2.55
2026-10-08T00:10:55.908926+02:00,36666889,Copa Venezuela,Venezuela,Barquisimeto SC,Aragua FC,2026-10-07T22:30:00+00:00,19.0682,soccer.match_odds,period=ft,draw,,3.1
2026-10-08T00:10:55.908926+02:00,36666889,Copa Venezuela,Venezuela,Barquisimeto SC,Aragua FC,2026-10-07T22:30:00+00:00,19.0682,soccer.match_odds,period=ft,away,,2.4
2026-10-08T00:10:55.908926+02:00,36666889,Copa Venezuela,Venezuela,Barquisimeto SC,Aragua FC,2026-10-07T22:30:00+00:00,19.0682,soccer.total_goals,period=ft,over,total=2.5,1.82
2026-10-08T00:10:55.908926+02:00,36666889,Copa Venezuela,Venezuela,Barquisimeto SC,Aragua FC,2026-10-07T22:30:00+00:00,19.0682,soccer.total_goals,period=ft,under,total=2.5,1.88
2026-10-08T00:10:55.908926+02:00,36666889,Copa Venezuela,Venezuela,Barquisimeto SC,Aragua FC,2026-10-07T22:30:00+00:00,19.0682,soccer.total_goals,period=ft,over,total=1.75,1.27
2026-10-08T00:10:55.908926+02:00,36666889,Copa Venezuela,Venezuela,Barquisimeto SC,Aragua FC,2026-10-07T22:30:00+00:00,19.0682,soccer.total_goals,period=ft,under,total=1.75,3.15
2026-10-08T00:10:55.908926+02:00,36666889,Copa Venezuela,Venezuela,Barquisimeto SC,Aragua FC,2026-10-07T22:30:00+00:00,19.0682,soccer.total_goals,period=ft,over,total=2,1.35
2026-10-08T00:10:55.908926+02:00,36666889,Copa Venezuela,Venezuela,Barquisimeto SC,Aragua FC,2026-10-07T22:30:00+00:00,19.0682,soccer.total_goals,period=ft,under,total=2,2.75
2026-10-08T00:10:55.908926+02:00,36666889,Copa Venezuela,Venezuela,Barquisimeto SC,Aragua FC,2026-10-07T22:30:00+00:00,19.0682,soccer.total_goals,period=ft,over,total=2.25,1.58
2026-10-08T00:10:55.908926+02:00,36666889,Copa Venezuela,Venezuela,Barquisimeto SC,Aragua FC,2026-10-07T22:30:00+00:00,19.0682,soccer.total_goals,period=ft,under,total=2.25,2.17
2026-10-08T00:10:55.908926+02:00,36666889,Copa Venezuela,Venezuela,Barquisimeto SC,Aragua FC,2026-10-07T22:30:00+00:00,19.0682,soccer.total_goals,period=ft,over,total=2.75,2.02
2026-10-08T00:10:55.908926+02:00,36666889,Copa Venezuela,Venezuela,Barquisimeto SC,Aragua FC,2026-10-07T22:30:00+00:00,19.0682,soccer.total_goals,period=ft,under,total=2.75,1.67
2026-10-08T00:10:55.908926+02:00,36666889,Copa Venezuela,Venezuela,Barquisimeto SC,Aragua FC,2026-10-07T22:30:00+00:00,19.0682,soccer.total_goals,period=ft,over,total=3,2.35
2026-10-08T00:10:55.908926+02:00,36666889,Copa Venezuela,Venezuela,Barquisimeto SC,Aragua FC,2026-10-07T22:30:00+00:00,19.0682,soccer.total_goals,period=ft,under,total=3,1.47
2026-10-08T00:10:55.908926+02:00,36666889,Copa Venezuela,Venezuela,Barquisimeto SC,Aragua FC,2026-10-07T22:30:00+00:00,19.0682,soccer.total_goals,period=ft,over,total=3.25,2.65
2026-10-08T00:10:55.908926+02:00,36666889,Copa Venezuela,Venezuela,Barquisimeto SC,Aragua FC,2026-10-07T22:30:00+00:00,19.0682,soccer.total_goals,period=ft,under,total=3.25,1.38
2026-10-08T00:10:55.908926+02:00,36609416,Brasileiro Serie B,Brazil,Avai FC SC,Londrina EC PR,2026-10-07T22:30:00+00:00,19.0682,soccer.asian_handicap,period=ft,home,handicap=-0.25,1.89
2026-10-08T00:10:55.908926+02:00,36609416,Brasileiro Serie B,Brazil,Avai FC SC,Londrina EC PR,2026-10-07T22:30:00+00:00,19.0682,soccer.asian_handicap,period=ft,away,handicap=-0.25,1.94
2026-10-08T00:10:55.908926+02:00,36609416,Brasileiro Serie B,Brazil,Avai FC SC,Londrina EC PR,2026-10-07T22:30:00+00:00,19.0682,soccer.asian_handicap,period=ft,home,handicap=-1.25,4.05
2026-10-08T00:10:55.908926+02:00,36609416,Brasileiro Serie B,Brazil,Avai FC SC,Londrina EC PR,2026-10-07T22:30:00+00:00,19.0682,soccer.asian_handicap,period=ft,away,handicap=-1.25,1.24
2026-10-08T00:10:55.908926+02:00,36609416,Brasileiro Serie B,Brazil,Avai FC SC,Londrina EC PR,2026-10-07T22:30:00+00:00,19.0682,soccer.asian_handicap,period=ft,home,handicap=-1,3.55
2026-10-08T00:10:55.908926+02:00,36609416,Brasileiro Serie B,Brazil,Avai FC SC,Londrina EC PR,2026-10-07T22:30:00+00:00,19.0682,soccer.asian_handicap,period=ft,away,handicap=-1,1.29
2026-10-08T00:10:55.908926+02:00,36609416,Brasileiro Serie B,Brazil,Avai FC SC,Londrina EC PR,2026-10-07T22:30:00+00:00,19.0682,soccer.asian_handicap,period=ft,home,handicap=-0.75,2.65
2026-10-08T00:10:55.908926+02:00,36609416,Brasileiro Serie B,Brazil,Avai FC SC,Londrina EC PR,2026-10-07T22:30:00+00:00,19.0682,soccer.asian_handicap,period=ft,away,handicap=-0.75,1.48
2026-10-08T00:10:55.908926+02:00,36609416,Brasileiro Serie B,Brazil,Avai FC SC,Londrina EC PR,2026-10-07T22:30:00+00:00,19.0682,soccer.asian_handicap,period=ft,home,handicap=-0.5,2.2
2026-10-08T00:10:55.908926+02:00,36609416,Brasileiro Serie B,Brazil,Avai FC SC,Londrina EC PR,2026-10-07T22:30:00+00:00,19.0682,soccer.asian_handicap,period=ft,away,handicap=-0.5,1.67
2026-10-08T00:10:55.908926+02:00,36609416,Brasileiro Serie B,Brazil,Avai FC SC,Londrina EC PR,2026-10-07T22:30:00+00:00,19.0682,soccer.asian_handicap,period=ft,home,handicap=0,1.55
2026-10-08T00:10:55.908926+02:00,36609416,Brasileiro Serie B,Brazil,Avai FC SC,Londrina EC PR,2026-10-07T22:30:00+00:00,19.0682,soccer.asian_handicap,period=ft,away,handicap=0,2.45
2026-10-08T00:10:55.908926+02:00,36609416,Brasileiro Serie B,Brazil,Avai FC SC,Londrina EC PR,2026-10-07T22:30:00+00:00,19.0682,soccer.asian_handicap,period=ft,home,handicap=0.25,1.4
2026-10-08T00:10:55.908926+02:00,36609416,Brasileiro Serie B,Brazil,Avai FC SC,Londrina EC PR,2026-10-07T22:30:00+00:00,19.0682,soccer.asian_handicap,period=ft,away,handicap=0.25,3.0
2026-10-08T00:10:55.908926+02:00,36609416,Brasileiro Serie B,Brazil,Avai FC SC,Londrina EC PR,2026-10-07T22:30:00+00:00,19.0682,soccer.asian_handicap,period=ft,home,handicap=0.5,1.3
2026-10-08T00:10:55.908926+02:00,36609416,Brasileiro Serie B,Brazil,Avai FC SC,Londrina EC PR,2026-10-07T22:30:00+00:00,19.0682,soccer.asian_handicap,period=ft,away,handicap=0.5,3.45
2026-10-08T00:10:55.908926+02:00,36609416,Brasileiro Serie B,Brazil,Avai FC SC,Londrina EC PR,2026-10-07T22:30:00+00:00,19.0682,soccer.asian_handicap,period=ft,home,handicap=0.75,1.19
2026-10-08T00:10:55.908926+02:00,36609416,Brasileiro Serie B,Brazil,Avai FC SC,Londrina EC PR,2026-10-07T22:30:00+00:00,19.0682,soccer.asian_handicap,period=ft,away,handicap=0.75,4.6
2026-10-08T00:10:55.908926+02:00,36609416,Brasileiro Serie B,Brazil,Avai FC SC,Londrina EC PR,2026-10-07T22:30:00+00:00,19.0682,soccer.double_chance,period=ft,draw_away,,1.66
2026-10-08T00:10:55.908926+02:00,36609416,Brasileiro Serie B,Brazil,Avai FC SC,Londrina EC PR,2026-10-07T22:30:00+00:00,19.0682,soccer.double_chance,period=ft,home_away,,1.36
2026-10-08T00:10:55.908926+02:00,36609416,Brasileiro Serie B,Brazil,Avai FC SC,Londrina EC PR,2026-10-07T22:30:00+00:00,19.0682,soccer.double_chance,period=ft,home_draw,,1.3
2026-10-08T00:10:55.908926+02:00,36609416,Brasileiro Serie B,Brazil,Avai FC SC,Londrina EC PR,2026-10-07T22:30:00+00:00,19.0682,soccer.match_odds,period=ft,home,,2.2
2026-10-08T00:10:55.908926+02:00,36609416,Brasileiro Serie B,Brazil,Avai FC SC,Londrina EC PR,2026-10-07T22:30:00+00:00,19.0682,soccer.match_odds,period=ft,draw,,3.1
2026-10-08T00:10:55.908926+02:00,36609416,Brasileiro Serie B,Brazil,Avai FC SC,Londrina EC PR,2026-10-07T22:30:00+00:00,19.0682,soccer.match_odds,period=ft,away,,3.5
2026-10-08T00:10:55.908926+02:00,36609416,Brasileiro Serie B,Brazil,Avai FC SC,Londrina EC PR,2026-10-07T22:30:00+00:00,19.0682,soccer.total_goals,period=ft,over,total=2.25,2.03
2026-10-08T00:10:55.908926+02:00,36609416,Brasileiro Serie B,Brazil,Avai FC SC,Londrina EC PR,2026-10-07T22:30:00+00:00,19.0682,soccer.total_goals,period=ft,under,total=2.25,1.8
2026-10-08T00:10:55.908926+02:00,36609416,Brasileiro Serie B,Brazil,Avai FC SC,Londrina EC PR,2026-10-07T22:30:00+00:00,19.0682,soccer.total_goals,period=ft,over,total=1.5,1.41
2026-10-08T00:10:55.908926+02:00,36609416,Brasileiro Serie B,Brazil,Avai FC SC,Londrina EC PR,2026-10-07T22:30:00+00:00,19.0682,soccer.total_goals,period=ft,under,total=1.5,2.85
2026-10-08T00:10:55.908926+02:00,36609416,Brasileiro Serie B,Brazil,Avai FC SC,Londrina EC PR,2026-10-07T22:30:00+00:00,19.0682,soccer.total_goals,period=ft,over,total=1.75,1.53
2026-10-08T00:10:55.908926+02:00,36609416,Brasileiro Serie B,Brazil,Avai FC SC,Londrina EC PR,2026-10-07T22:30:00+00:00,19.0682,soccer.total_goals,period=ft,under,total=1.75,2.5
2026-10-08T00:10:55.908926+02:00,36609416,Brasileiro Serie B,Brazil,Avai FC SC,Londrina EC PR,2026-10-07T22:30:00+00:00,19.0682,soccer.total_goals,period=ft,over,total=2,1.72
2026-10-08T00:10:55.908926+02:00,36609416,Brasileiro Serie B,Brazil,Avai FC SC,Londrina EC PR,2026-10-07T22:30:00+00:00,19.0682,soccer.total_goals,period=ft,under,total=2,2.13
2026-10-08T00:10:55.908926+02:00,36609416,Brasileiro Serie B,Brazil,Avai FC SC,Londrina EC PR,2026-10-07T22:30:00+00:00,19.0682,soccer.total_goals,period=ft,over,total=2.5,2.3
2026-10-08T00:10:55.908926+02:00,36609416,Brasileiro Serie B,Brazil,Avai FC SC,Londrina EC PR,2026-10-07T22:30:00+00:00,19.0682,soccer.total_goals,period=ft,under,total=2.5,1.6
2026-10-08T00:10:55.908926+02:00,36609416,Brasileiro Serie B,Brazil,Avai FC SC,Londrina EC PR,2026-10-07T22:30:00+00:00,19.0682,soccer.total_goals,period=ft,over,total=2.75,2.75
2026-10-08T00:10:55.908926+02:00,36609416,Brasileiro Serie B,Brazil,Avai FC SC,Londrina EC PR,2026-10-07T22:30:00+00:00,19.0682,soccer.total_goals,period=ft,under,total=2.75,1.45
2026-10-08T00:10:55.908926+02:00,36609416,Brasileiro Serie B,Brazil,Avai FC SC,Londrina EC PR,2026-10-07T22:30:00+00:00,19.0682,soccer.total_goals,period=ft,over,total=3.5,4.3
2026-10-08T00:10:55.908926+02:00,36609416,Brasileiro Serie B,Brazil,Avai FC SC,Londrina EC PR,2026-10-07T22:30:00+00:00,19.0682,soccer.total_goals,period=ft,under,total=3.5,1.21
2026-10-08T00:10:55.908926+02:00,36609397,Brasileiro Serie B,Brazil,Operario Ferroviario EC PR,Botafogo FC SP,2026-10-07T22:30:00+00:00,19.0682,soccer.asian_handicap,period=ft,home,handicap=-0.25,1.92
2026-10-08T00:10:55.908926+02:00,36609397,Brasileiro Serie B,Brazil,Operario Ferroviario EC PR,Botafogo FC SP,2026-10-07T22:30:00+00:00,19.0682,soccer.asian_handicap,period=ft,away,handicap=-0.25,1.92
2026-10-08T00:10:55.908926+02:00,36609397,Brasileiro Serie B,Brazil,Operario Ferroviario EC PR,Botafogo FC SP,2026-10-07T22:30:00+00:00,19.0682,soccer.asian_handicap,period=ft,home,handicap=-1.25,4.0
2026-10-08T00:10:55.908926+02:00,36609397,Brasileiro Serie B,Brazil,Operario Ferroviario EC PR,Botafogo FC SP,2026-10-07T22:30:00+00:00,19.0682,soccer.asian_handicap,period=ft,away,handicap=-1.25,1.24
2026-10-08T00:10:55.908926+02:00,36609397,Brasileiro Serie B,Brazil,Operario Ferroviario EC PR,Botafogo FC SP,2026-10-07T22:30:00+00:00,19.0682,soccer.asian_handicap,period=ft,home,handicap=-1,3.55
2026-10-08T00:10:55.908926+02:00,36609397,Brasileiro Serie B,Brazil,Operario Ferroviario EC PR,Botafogo FC SP,2026-10-07T22:30:00+00:00,19.0682,soccer.asian_handicap,period=ft,away,handicap=-1,1.29
2026-10-08T00:10:55.908926+02:00,36609397,Brasileiro Serie B,Brazil,Operario Ferroviario EC PR,Botafogo FC SP,2026-10-07T22:30:00+00:00,19.0682,soccer.asian_handicap,period=ft,home,handicap=-0.75,2.65
2026-10-08T00:10:55.908926+02:00,36609397,Brasileiro Serie B,Brazil,Operario Ferroviario EC PR,Botafogo FC SP,2026-10-07T22:30:00+00:00,19.0682,soccer.asian_handicap,period=ft,away,handicap=-0.75,1.48
2026-10-08T00:10:55.908926+02:00,36609397,Brasileiro Serie B,Brazil,Operario Ferroviario EC PR,Botafogo FC SP,2026-10-07T22:30:00+00:00,19.0682,soccer.asian_handicap,period=ft,home,handicap=-0.5,2.2
2026-10-08T00:10:55.908926+02:00,36609397,Brasileiro Serie B,Brazil,Operario Ferroviario EC PR,Botafogo FC SP,2026-10-07T22:30:00+00:00,19.0682,soccer.asian_handicap,period=ft,away,handicap=-0.5,1.67
2026-10-08T00:10:55.908926+02:00,36609397,Brasileiro Serie B,Brazil,Operario Ferroviario EC PR,Botafogo FC SP,2026-10-07T22:30:00+00:00,19.0682,soccer.asian_handicap,period=ft,home,handicap=0,1.58
2026-10-08T00:10:55.908926+02:00,36609397,Brasileiro Serie B,Brazil,Operario Ferroviario EC PR,Botafogo FC SP,2026-10-07T22:30:00+00:00,19.0682,soccer.asian_handicap,period=ft,away,handicap=0,2.4
2026-10-08T00:10:55.908926+02:00,36609397,Brasileiro Serie B,Brazil,Operario Ferroviario EC PR,Botafogo FC SP,2026-10-07T22:30:00+00:00,19.0682,soccer.asian_handicap,period=ft,home,handicap=0.25,1.42
2026-10-08T00:10:55.908926+02:00,36609397,Brasileiro Serie B,Brazil,Operario Ferroviario EC PR,Botafogo FC SP,2026-10-07T22:30:00+00:00,19.0682,soccer.asian_handicap,period=ft,away,handicap=0.25,2.9
2026-10-08T00:10:55.908926+02:00,36609397,Brasileiro Serie B,Brazil,Operario Ferroviario EC PR,Botafogo FC SP,2026-10-07T22:30:00+00:00,19.0682,soccer.asian_handicap,period=ft,home,handicap=0.5,1.32
2026-10-08T00:10:55.908926+02:00,36609397,Brasileiro Serie B,Brazil,Operario Ferroviario EC PR,Botafogo FC SP,2026-10-07T22:30:00+00:00,19.0682,soccer.asian_handicap,period=ft,away,handicap=0.5,3.35
2026-10-08T00:10:55.908926+02:00,36609397,Brasileiro Serie B,Brazil,Operario Ferroviario EC PR,Botafogo FC SP,2026-10-07T22:30:00+00:00,19.0682,soccer.asian_handicap,period=ft,home,handicap=0.75,1.21
2026-10-08T00:10:55.908926+02:00,36609397,Brasileiro Serie B,Brazil,Operario Ferroviario EC PR,Botafogo FC SP,2026-10-07T22:30:00+00:00,19.0682,soccer.asian_handicap,period=ft,away,handicap=0.75,4.4
2026-10-08T00:10:55.908926+02:00,36609397,Brasileiro Serie B,Brazil,Operario Ferroviario EC PR,Botafogo FC SP,2026-10-07T22:30:00+00:00,19.0682,soccer.double_chance,period=ft,draw_away,,1.65
2026-10-08T00:10:55.908926+02:00,36609397,Brasileiro Serie B,Brazil,Operario Ferroviario EC PR,Botafogo FC SP,2026-10-07T22:30:00+00:00,19.0682,soccer.double_chance,period=ft,home_away,,1.34
2026-10-08T00:10:55.908926+02:00,36609397,Brasileiro Serie B,Brazil,Operario Ferroviario EC PR,Botafogo FC SP,2026-10-07T22:30:00+00:00,19.0682,soccer.double_chance,period=ft,home_draw,,1.32
2026-10-08T00:10:55.908926+02:00,36609397,Brasileiro Serie B,Brazil,Operario Ferroviario EC PR,Botafogo FC SP,2026-10-07T22:30:00+00:00,19.0682,soccer.match_odds,period=ft,home,,2.2
2026-10-08T00:10:55.908926+02:00,36609397,Brasileiro Serie B,Brazil,Operario Ferroviario EC PR,Botafogo FC SP,2026-10-07T22:30:00+00:00,19.0682,soccer.match_odds,period=ft,draw,,3.2
2026-10-08T00:10:55.908926+02:00,36609397,Brasileiro Serie B,Brazil,Operario Ferroviario EC PR,Botafogo FC SP,2026-10-07T22:30:00+00:00,19.0682,soccer.match_odds,period=ft,away,,3.35
2026-10-08T00:10:55.908926+02:00,36609397,Brasileiro Serie B,Brazil,Operario Ferroviario EC PR,Botafogo FC SP,2026-10-07T22:30:00+00:00,19.0682,soccer.total_goals,period=ft,over,total=2.25,1.97
2026-10-08T00:10:55.908926+02:00,36609397,Brasileiro Serie B,Brazil,Operario Ferroviario EC PR,Botafogo FC SP,2026-10-07T22:30:00+00:00,19.0682,soccer.total_goals,period=ft,under,total=2.25,1.86
2026-10-08T00:10:55.908926+02:00,36609397,Brasileiro Serie B,Brazil,Operario Ferroviario EC PR,Botafogo FC SP,2026-10-07T22:30:00+00:00,19.0682,soccer.total_goals,period=ft,over,total=1.5,1.39
2026-10-08T00:10:55.908926+02:00,36609397,Brasileiro Serie B,Brazil,Operario Ferroviario EC PR,Botafogo FC SP,2026-10-07T22:30:00+00:00,19.0682,soccer.total_goals,period=ft,under,total=1.5,2.95
2026-10-08T00:10:55.908926+02:00,36609397,Brasileiro Serie B,Brazil,Operario Ferroviario EC PR,Botafogo FC SP,2026-10-07T22:30:00+00:00,19.0682,soccer.total_goals,period=ft,over,total=1.75,1.49
2026-10-08T00:10:55.908926+02:00,36609397,Brasileiro Serie B,Brazil,Operario Ferroviario EC PR,Botafogo FC SP,2026-10-07T22:30:00+00:00,19.0682,soccer.total_goals,period=ft,under,total=1.75,2.6
2026-10-08T00:10:55.908926+02:00,36609397,Brasileiro Serie B,Brazil,Operario Ferroviario EC PR,Botafogo FC SP,2026-10-07T22:30:00+00:00,19.0682,soccer.total_goals,period=ft,over,total=2,1.66
2026-10-08T00:10:55.908926+02:00,36609397,Brasileiro Serie B,Brazil,Operario Ferroviario EC PR,Botafogo FC SP,2026-10-07T22:30:00+00:00,19.0682,soccer.total_goals,period=ft,under,total=2,2.2
2026-10-08T00:10:55.908926+02:00,36609397,Brasileiro Serie B,Brazil,Operario Ferroviario EC PR,Botafogo FC SP,2026-10-07T22:30:00+00:00,19.0682,soccer.total_goals,period=ft,over,total=2.5,2.2
2026-10-08T00:10:55.908926+02:00,36609397,Brasileiro Serie B,Brazil,Operario Ferroviario EC PR,Botafogo FC SP,2026-10-07T22:30:00+00:00,19.0682,soccer.total_goals,period=ft,under,total=2.5,1.65
2026-10-08T00:10:55.908926+02:00,36609397,Brasileiro Serie B,Brazil,Operario Ferroviario EC PR,Botafogo FC SP,2026-10-07T22:30:00+00:00,19.0682,soccer.total_goals,period=ft,over,total=2.75,2.6
2026-10-08T00:10:55.908926+02:00,36609397,Brasileiro Serie B,Brazil,Operario Ferroviario EC PR,Botafogo FC SP,2026-10-07T22:30:00+00:00,19.0682,soccer.total_goals,period=ft,under,total=2.75,1.48
2026-10-08T00:10:55.908926+02:00,36609397,Brasileiro Serie B,Brazil,Operario Ferroviario EC PR,Botafogo FC SP,2026-10-07T22:30:00+00:00,19.0682,soccer.total_goals,period=ft,over,total=3.5,4.15
2026-10-08T00:10:55.908926+02:00,36609397,Brasileiro Serie B,Brazil,Operario Ferroviario EC PR,Botafogo FC SP,2026-10-07T22:30:00+00:00,19.0682,soccer.total_goals,period=ft,under,total=3.5,1.22
2026-10-08T00:10:55.908926+02:00,36609422,Brasileiro Serie B,Brazil,America FC MG,Fortaleza EC CE,2026-10-07T23:30:00+00:00,79.0682,soccer.asian_handicap,period=ft,home,handicap=0.5,1.92
2026-10-08T00:10:55.908926+02:00,36609422,Brasileiro Serie B,Brazil,America FC MG,Fortaleza EC CE,2026-10-07T23:30:00+00:00,79.0682,soccer.asian_handicap,period=ft,away,handicap=0.5,1.92
2026-10-08T00:10:55.908926+02:00,36609422,Brasileiro Serie B,Brazil,America FC MG,Fortaleza EC CE,2026-10-07T23:30:00+00:00,79.0682,soccer.asian_handicap,period=ft,home,handicap=-0.5,4.0
2026-10-08T00:10:55.908926+02:00,36609422,Brasileiro Serie B,Brazil,America FC MG,Fortaleza EC CE,2026-10-07T23:30:00+00:00,79.0682,soccer.asian_handicap,period=ft,away,handicap=-0.5,1.24
2026-10-08T00:10:55.908926+02:00,36609422,Brasileiro Serie B,Brazil,America FC MG,Fortaleza EC CE,2026-10-07T23:30:00+00:00,79.0682,soccer.asian_handicap,period=ft,home,handicap=-0.25,3.5
2026-10-08T00:10:55.908926+02:00,36609422,Brasileiro Serie B,Brazil,America FC MG,Fortaleza EC CE,2026-10-07T23:30:00+00:00,79.0682,soccer.asian_handicap,period=ft,away,handicap=-0.25,1.3
2026-10-08T00:10:55.908926+02:00,36609422,Brasileiro Serie B,Brazil,America FC MG,Fortaleza EC CE,2026-10-07T23:30:00+00:00,79.0682,soccer.asian_handicap,period=ft,home,handicap=0,3.0
2026-10-08T00:10:55.908926+02:00,36609422,Brasileiro Serie B,Brazil,America FC MG,Fortaleza EC CE,2026-10-07T23:30:00+00:00,79.0682,soccer.asian_handicap,period=ft,away,handicap=0,1.4
2026-10-08T00:10:55.908926+02:00,36609422,Brasileiro Serie B,Brazil,America FC MG,Fortaleza EC CE,2026-10-07T23:30:00+00:00,79.0682,soccer.asian_handicap,period=ft,home,handicap=0.25,2.25
2026-10-08T00:10:55.908926+02:00,36609422,Brasileiro Serie B,Brazil,America FC MG,Fortaleza EC CE,2026-10-07T23:30:00+00:00,79.0682,soccer.asian_handicap,period=ft,away,handicap=0.25,1.65
2026-10-08T00:10:55.908926+02:00,36609422,Brasileiro Serie B,Brazil,America FC MG,Fortaleza EC CE,2026-10-07T23:30:00+00:00,79.0682,soccer.asian_handicap,period=ft,home,handicap=0.75,1.67
2026-10-08T00:10:55.908926+02:00,36609422,Brasileiro Serie B,Brazil,America FC MG,Fortaleza EC CE,2026-10-07T23:30:00+00:00,79.0682,soccer.asian_handicap,period=ft,away,handicap=0.75,2.2
2026-10-08T00:10:55.908926+02:00,36609422,Brasileiro Serie B,Brazil,America FC MG,Fortaleza EC CE,2026-10-07T23:30:00+00:00,79.0682,soccer.asian_handicap,period=ft,home,handicap=1,1.43
2026-10-08T00:10:55.908926+02:00,36609422,Brasileiro Serie B,Brazil,America FC MG,Fortaleza EC CE,2026-10-07T23:30:00+00:00,79.0682,soccer.asian_handicap,period=ft,away,handicap=1,2.85
2026-10-08T00:10:55.908926+02:00,36609422,Brasileiro Serie B,Brazil,America FC MG,Fortaleza EC CE,2026-10-07T23:30:00+00:00,79.0682,soccer.asian_handicap,period=ft,home,handicap=1.25,1.33
2026-10-08T00:10:55.908926+02:00,36609422,Brasileiro Serie B,Brazil,America FC MG,Fortaleza EC CE,2026-10-07T23:30:00+00:00,79.0682,soccer.asian_handicap,period=ft,away,handicap=1.25,3.3
2026-10-08T00:10:55.908926+02:00,36609422,Brasileiro Serie B,Brazil,America FC MG,Fortaleza EC CE,2026-10-07T23:30:00+00:00,79.0682,soccer.asian_handicap,period=ft,home,handicap=1.5,1.27
2026-10-08T00:10:55.908926+02:00,36609422,Brasileiro Serie B,Brazil,America FC MG,Fortaleza EC CE,2026-10-07T23:30:00+00:00,79.0682,soccer.asian_handicap,period=ft,away,handicap=1.5,3.75
2026-10-08T00:10:55.908926+02:00,36609422,Brasileiro Serie B,Brazil,America FC MG,Fortaleza EC CE,2026-10-07T23:30:00+00:00,79.0682,soccer.double_chance,period=ft,draw_away,,1.24
2026-10-08T00:10:55.908926+02:00,36609422,Brasileiro Serie B,Brazil,America FC MG,Fortaleza EC CE,2026-10-07T23:30:00+00:00,79.0682,soccer.double_chance,period=ft,home_away,,1.3
2026-10-08T00:10:55.908926+02:00,36609422,Brasileiro Serie B,Brazil,America FC MG,Fortaleza EC CE,2026-10-07T23:30:00+00:00,79.0682,soccer.double_chance,period=ft,home_draw,,1.89
2026-10-08T00:10:55.908926+02:00,36609422,Brasileiro Serie B,Brazil,America FC MG,Fortaleza EC CE,2026-10-07T23:30:00+00:00,79.0682,soccer.match_odds,period=ft,home,,4.05
2026-10-08T00:10:55.908926+02:00,36609422,Brasileiro Serie B,Brazil,America FC MG,Fortaleza EC CE,2026-10-07T23:30:00+00:00,79.0682,soccer.match_odds,period=ft,draw,,3.5
2026-10-08T00:10:55.908926+02:00,36609422,Brasileiro Serie B,Brazil,America FC MG,Fortaleza EC CE,2026-10-07T23:30:00+00:00,79.0682,soccer.match_odds,period=ft,away,,1.91
2026-10-08T00:10:55.908926+02:00,36609422,Brasileiro Serie B,Brazil,America FC MG,Fortaleza EC CE,2026-10-07T23:30:00+00:00,79.0682,soccer.total_goals,period=ft,over,total=2.25,1.82
2026-10-08T00:10:55.908926+02:00,36609422,Brasileiro Serie B,Brazil,America FC MG,Fortaleza EC CE,2026-10-07T23:30:00+00:00,79.0682,soccer.total_goals,period=ft,under,total=2.25,2.01
2026-10-08T00:10:55.908926+02:00,36609422,Brasileiro Serie B,Brazil,America FC MG,Fortaleza EC CE,2026-10-07T23:30:00+00:00,79.0682,soccer.total_goals,period=ft,over,total=1.5,1.34
2026-10-08T00:10:55.908926+02:00,36609422,Brasileiro Serie B,Brazil,America FC MG,Fortaleza EC CE,2026-10-07T23:30:00+00:00,79.0682,soccer.total_goals,period=ft,under,total=1.5,3.2
2026-10-08T00:10:55.908926+02:00,36609422,Brasileiro Serie B,Brazil,America FC MG,Fortaleza EC CE,2026-10-07T23:30:00+00:00,79.0682,soccer.total_goals,period=ft,over,total=1.75,1.42
2026-10-08T00:10:55.908926+02:00,36609422,Brasileiro Serie B,Brazil,America FC MG,Fortaleza EC CE,2026-10-07T23:30:00+00:00,79.0682,soccer.total_goals,period=ft,under,total=1.75,2.85
2026-10-08T00:10:55.908926+02:00,36609422,Brasileiro Serie B,Brazil,America FC MG,Fortaleza EC CE,2026-10-07T23:30:00+00:00,79.0682,soccer.total_goals,period=ft,over,total=2,1.55
2026-10-08T00:10:55.908926+02:00,36609422,Brasileiro Serie B,Brazil,America FC MG,Fortaleza EC CE,2026-10-07T23:30:00+00:00,79.0682,soccer.total_goals,period=ft,under,total=2,2.45
2026-10-08T00:10:55.908926+02:00,36609422,Brasileiro Serie B,Brazil,America FC MG,Fortaleza EC CE,2026-10-07T23:30:00+00:00,79.0682,soccer.total_goals,period=ft,over,total=2.5,2.08
2026-10-08T00:10:55.908926+02:00,36609422,Brasileiro Serie B,Brazil,America FC MG,Fortaleza EC CE,2026-10-07T23:30:00+00:00,79.0682,soccer.total_goals,period=ft,under,total=2.5,1.75
2026-10-08T00:10:55.908926+02:00,36609422,Brasileiro Serie B,Brazil,America FC MG,Fortaleza EC CE,2026-10-07T23:30:00+00:00,79.0682,soccer.total_goals,period=ft,over,total=2.75,2.4
2026-10-08T00:10:55.908926+02:00,36609422,Brasileiro Serie B,Brazil,America FC MG,Fortaleza EC CE,2026-10-07T23:30:00+00:00,79.0682,soccer.total_goals,period=ft,under,total=2.75,1.56
2026-10-08T00:10:55.908926+02:00,36609422,Brasileiro Serie B,Brazil,America FC MG,Fortaleza EC CE,2026-10-07T23:30:00+00:00,79.0682,soccer.total_goals,period=ft,over,total=3.5,3.75
2026-10-08T00:10:55.908926+02:00,36609422,Brasileiro Serie B,Brazil,America FC MG,Fortaleza EC CE,2026-10-07T23:30:00+00:00,79.0682,soccer.total_goals,period=ft,under,total=3.5,1.26
2026-10-08T00:12:42.763138+02:00,36667093,Copa Uruguay,Uruguay,Libertad,CA Bella Vista,2026-10-07T23:00:00+00:00,47.2873,soccer.asian_handicap,period=ft,home,handicap=0.75,1.89
2026-10-08T00:12:42.763138+02:00,36667093,Copa Uruguay,Uruguay,Libertad,CA Bella Vista,2026-10-07T23:00:00+00:00,47.2873,soccer.asian_handicap,period=ft,away,handicap=0.75,1.8
2026-10-08T00:12:42.763138+02:00,36667093,Copa Uruguay,Uruguay,Libertad,CA Bella Vista,2026-10-07T23:00:00+00:00,47.2873,soccer.asian_handicap,period=ft,home,handicap=0,3.35
2026-10-08T00:12:42.763138+02:00,36667093,Copa Uruguay,Uruguay,Libertad,CA Bella Vista,2026-10-07T23:00:00+00:00,47.2873,soccer.asian_handicap,period=ft,away,handicap=0,1.24
2026-10-08T00:12:42.763138+02:00,36667093,Copa Uruguay,Uruguay,Libertad,CA Bella Vista,2026-10-07T23:00:00+00:00,47.2873,soccer.asian_handicap,period=ft,home,handicap=0.25,2.5
2026-10-08T00:12:42.763138+02:00,36667093,Copa Uruguay,Uruguay,Libertad,CA Bella Vista,2026-10-07T23:00:00+00:00,47.2873,soccer.asian_handicap,period=ft,away,handicap=0.25,1.42
2026-10-08T00:12:42.763138+02:00,36667093,Copa Uruguay,Uruguay,Libertad,CA Bella Vista,2026-10-07T23:00:00+00:00,47.2873,soccer.asian_handicap,period=ft,home,handicap=0.5,2.12
2026-10-08T00:12:42.763138+02:00,36667093,Copa Uruguay,Uruguay,Libertad,CA Bella Vista,2026-10-07T23:00:00+00:00,47.2873,soccer.asian_handicap,period=ft,away,handicap=0.5,1.61
2026-10-08T00:12:42.763138+02:00,36667093,Copa Uruguay,Uruguay,Libertad,CA Bella Vista,2026-10-07T23:00:00+00:00,47.2873,soccer.asian_handicap,period=ft,home,handicap=1,1.63
2026-10-08T00:12:42.763138+02:00,36667093,Copa Uruguay,Uruguay,Libertad,CA Bella Vista,2026-10-07T23:00:00+00:00,47.2873,soccer.asian_handicap,period=ft,away,handicap=1,2.08
2026-10-08T00:12:42.763138+02:00,36667093,Copa Uruguay,Uruguay,Libertad,CA Bella Vista,2026-10-07T23:00:00+00:00,47.2873,soccer.asian_handicap,period=ft,home,handicap=1.25,1.47
2026-10-08T00:12:42.763138+02:00,36667093,Copa Uruguay,Uruguay,Libertad,CA Bella Vista,2026-10-07T23:00:00+00:00,47.2873,soccer.asian_handicap,period=ft,away,handicap=1.25,2.35
2026-10-08T00:12:42.763138+02:00,36667093,Copa Uruguay,Uruguay,Libertad,CA Bella Vista,2026-10-07T23:00:00+00:00,47.2873,soccer.asian_handicap,period=ft,home,handicap=1.5,1.38
2026-10-08T00:12:42.763138+02:00,36667093,Copa Uruguay,Uruguay,Libertad,CA Bella Vista,2026-10-07T23:00:00+00:00,47.2873,soccer.asian_handicap,period=ft,away,handicap=1.5,2.65
2026-10-08T00:12:42.763138+02:00,36667093,Copa Uruguay,Uruguay,Libertad,CA Bella Vista,2026-10-07T23:00:00+00:00,47.2873,soccer.match_odds,period=ft,home,,4.35
2026-10-08T00:12:42.763138+02:00,36667093,Copa Uruguay,Uruguay,Libertad,CA Bella Vista,2026-10-07T23:00:00+00:00,47.2873,soccer.match_odds,period=ft,draw,,3.55
2026-10-08T00:12:42.763138+02:00,36667093,Copa Uruguay,Uruguay,Libertad,CA Bella Vista,2026-10-07T23:00:00+00:00,47.2873,soccer.match_odds,period=ft,away,,1.62
2026-10-08T00:12:42.763138+02:00,36667093,Copa Uruguay,Uruguay,Libertad,CA Bella Vista,2026-10-07T23:00:00+00:00,47.2873,soccer.total_goals,period=ft,over,total=2.5,1.8
2026-10-08T00:12:42.763138+02:00,36667093,Copa Uruguay,Uruguay,Libertad,CA Bella Vista,2026-10-07T23:00:00+00:00,47.2873,soccer.total_goals,period=ft,under,total=2.5,1.89
2026-10-08T00:12:42.763138+02:00,36667093,Copa Uruguay,Uruguay,Libertad,CA Bella Vista,2026-10-07T23:00:00+00:00,47.2873,soccer.total_goals,period=ft,over,total=1.75,1.29
2026-10-08T00:12:42.763138+02:00,36667093,Copa Uruguay,Uruguay,Libertad,CA Bella Vista,2026-10-07T23:00:00+00:00,47.2873,soccer.total_goals,period=ft,under,total=1.75,3.05
2026-10-08T00:12:42.763138+02:00,36667093,Copa Uruguay,Uruguay,Libertad,CA Bella Vista,2026-10-07T23:00:00+00:00,47.2873,soccer.total_goals,period=ft,over,total=2,1.37
2026-10-08T00:12:42.763138+02:00,36667093,Copa Uruguay,Uruguay,Libertad,CA Bella Vista,2026-10-07T23:00:00+00:00,47.2873,soccer.total_goals,period=ft,under,total=2,2.65
2026-10-08T00:12:42.763138+02:00,36667093,Copa Uruguay,Uruguay,Libertad,CA Bella Vista,2026-10-07T23:00:00+00:00,47.2873,soccer.total_goals,period=ft,over,total=2.25,1.59
2026-10-08T00:12:42.763138+02:00,36667093,Copa Uruguay,Uruguay,Libertad,CA Bella Vista,2026-10-07T23:00:00+00:00,47.2873,soccer.total_goals,period=ft,under,total=2.25,2.17
2026-10-08T00:12:42.763138+02:00,36667093,Copa Uruguay,Uruguay,Libertad,CA Bella Vista,2026-10-07T23:00:00+00:00,47.2873,soccer.total_goals,period=ft,over,total=2.75,2.01
2026-10-08T00:12:42.763138+02:00,36667093,Copa Uruguay,Uruguay,Libertad,CA Bella Vista,2026-10-07T23:00:00+00:00,47.2873,soccer.total_goals,period=ft,under,total=2.75,1.69
2026-10-08T00:12:42.763138+02:00,36667093,Copa Uruguay,Uruguay,Libertad,CA Bella Vista,2026-10-07T23:00:00+00:00,47.2873,soccer.total_goals,period=ft,over,total=3,2.3
2026-10-08T00:12:42.763138+02:00,36667093,Copa Uruguay,Uruguay,Libertad,CA Bella Vista,2026-10-07T23:00:00+00:00,47.2873,soccer.total_goals,period=ft,under,total=3,1.49
2026-10-08T00:12:42.763138+02:00,36667093,Copa Uruguay,Uruguay,Libertad,CA Bella Vista,2026-10-07T23:00:00+00:00,47.2873,soccer.total_goals,period=ft,over,total=3.25,2.6
2026-10-08T00:12:42.763138+02:00,36667093,Copa Uruguay,Uruguay,Libertad,CA Bella Vista,2026-10-07T23:00:00+00:00,47.2873,soccer.total_goals,period=ft,under,total=3.25,1.39
2026-10-08T00:12:42.763138+02:00,36657172,Copa Uruguay,Uruguay,Plaza Colonia,CA Juventud de Las Piedras,2026-10-07T23:00:00+00:00,47.2873,soccer.asian_handicap,period=ft,home,handicap=0.25,1.81
2026-10-08T00:12:42.763138+02:00,36657172,Copa Uruguay,Uruguay,Plaza Colonia,CA Juventud de Las Piedras,2026-10-07T23:00:00+00:00,47.2873,soccer.asian_handicap,period=ft,away,handicap=0.25,1.93
2026-10-08T00:12:42.763138+02:00,36657172,Copa Uruguay,Uruguay,Plaza Colonia,CA Juventud de Las Piedras,2026-10-07T23:00:00+00:00,47.2873,soccer.asian_handicap,period=ft,home,handicap=-0.5,3.15
2026-10-08T00:12:42.763138+02:00,36657172,Copa Uruguay,Uruguay,Plaza Colonia,CA Juventud de Las Piedras,2026-10-07T23:00:00+00:00,47.2873,soccer.asian_handicap,period=ft,away,handicap=-0.5,1.29
2026-10-08T00:12:42.763138+02:00,36657172,Copa Uruguay,Uruguay,Plaza Colonia,CA Juventud de Las Piedras,2026-10-07T23:00:00+00:00,47.2873,soccer.asian_handicap,period=ft,home,handicap=-0.25,2.7
2026-10-08T00:12:42.763138+02:00,36657172,Copa Uruguay,Uruguay,Plaza Colonia,CA Juventud de Las Piedras,2026-10-07T23:00:00+00:00,47.2873,soccer.asian_handicap,period=ft,away,handicap=-0.25,1.39
2026-10-08T00:12:42.763138+02:00,36657172,Copa Uruguay,Uruguay,Plaza Colonia,CA Juventud de Las Piedras,2026-10-07T23:00:00+00:00,47.2873,soccer.asian_handicap,period=ft,home,handicap=0,2.25
2026-10-08T00:12:42.763138+02:00,36657172,Copa Uruguay,Uruguay,Plaza Colonia,CA Juventud de Las Piedras,2026-10-07T23:00:00+00:00,47.2873,soccer.asian_handicap,period=ft,away,handicap=0,1.57
2026-10-08T00:12:42.763138+02:00,36657172,Copa Uruguay,Uruguay,Plaza Colonia,CA Juventud de Las Piedras,2026-10-07T23:00:00+00:00,47.2873,soccer.asian_handicap,period=ft,home,handicap=0.5,1.57
2026-10-08T00:12:42.763138+02:00,36657172,Copa Uruguay,Uruguay,Plaza Colonia,CA Juventud de Las Piedras,2026-10-07T23:00:00+00:00,47.2873,soccer.asian_handicap,period=ft,away,handicap=0.5,2.25
2026-10-08T00:12:42.763138+02:00,36657172,Copa Uruguay,Uruguay,Plaza Colonia,CA Juventud de Las Piedras,2026-10-07T23:00:00+00:00,47.2873,soccer.asian_handicap,period=ft,home,handicap=0.75,1.4
2026-10-08T00:12:42.763138+02:00,36657172,Copa Uruguay,Uruguay,Plaza Colonia,CA Juventud de Las Piedras,2026-10-07T23:00:00+00:00,47.2873,soccer.asian_handicap,period=ft,away,handicap=0.75,2.65
2026-10-08T00:12:42.763138+02:00,36657172,Copa Uruguay,Uruguay,Plaza Colonia,CA Juventud de Las Piedras,2026-10-07T23:00:00+00:00,47.2873,soccer.asian_handicap,period=ft,home,handicap=1,1.23
2026-10-08T00:12:42.763138+02:00,36657172,Copa Uruguay,Uruguay,Plaza Colonia,CA Juventud de Las Piedras,2026-10-07T23:00:00+00:00,47.2873,soccer.asian_handicap,period=ft,away,handicap=1,3.65
2026-10-08T00:12:42.763138+02:00,36657172,Copa Uruguay,Uruguay,Plaza Colonia,CA Juventud de Las Piedras,2026-10-07T23:00:00+00:00,47.2873,soccer.double_chance,period=ft,draw_away,,1.34
2026-10-08T00:12:42.763138+02:00,36657172,Copa Uruguay,Uruguay,Plaza Colonia,CA Juventud de Las Piedras,2026-10-07T23:00:00+00:00,47.2873,soccer.double_chance,period=ft,home_away,,1.38
2026-10-08T00:12:42.763138+02:00,36657172,Copa Uruguay,Uruguay,Plaza Colonia,CA Juventud de Las Piedras,2026-10-07T23:00:00+00:00,47.2873,soccer.double_chance,period=ft,home_draw,,1.59
2026-10-08T00:12:42.763138+02:00,36657172,Copa Uruguay,Uruguay,Plaza Colonia,CA Juventud de Las Piedras,2026-10-07T23:00:00+00:00,47.2873,soccer.match_odds,period=ft,home,,3.2
2026-10-08T00:12:42.763138+02:00,36657172,Copa Uruguay,Uruguay,Plaza Colonia,CA Juventud de Las Piedras,2026-10-07T23:00:00+00:00,47.2873,soccer.match_odds,period=ft,draw,,2.8
2026-10-08T00:12:42.763138+02:00,36657172,Copa Uruguay,Uruguay,Plaza Colonia,CA Juventud de Las Piedras,2026-10-07T23:00:00+00:00,47.2873,soccer.match_odds,period=ft,away,,2.25
2026-10-08T00:12:42.763138+02:00,36657172,Copa Uruguay,Uruguay,Plaza Colonia,CA Juventud de Las Piedras,2026-10-07T23:00:00+00:00,47.2873,soccer.total_goals,period=ft,over,total=2,1.78
2026-10-08T00:12:42.763138+02:00,36657172,Copa Uruguay,Uruguay,Plaza Colonia,CA Juventud de Las Piedras,2026-10-07T23:00:00+00:00,47.2873,soccer.total_goals,period=ft,under,total=2,1.98
2026-10-08T00:12:42.763138+02:00,36657172,Copa Uruguay,Uruguay,Plaza Colonia,CA Juventud de Las Piedras,2026-10-07T23:00:00+00:00,47.2873,soccer.total_goals,period=ft,over,total=1.25,1.26
2026-10-08T00:12:42.763138+02:00,36657172,Copa Uruguay,Uruguay,Plaza Colonia,CA Juventud de Las Piedras,2026-10-07T23:00:00+00:00,47.2873,soccer.total_goals,period=ft,under,total=1.25,3.35
2026-10-08T00:12:42.763138+02:00,36657172,Copa Uruguay,Uruguay,Plaza Colonia,CA Juventud de Las Piedras,2026-10-07T23:00:00+00:00,47.2873,soccer.total_goals,period=ft,over,total=1.5,1.42
2026-10-08T00:12:42.763138+02:00,36657172,Copa Uruguay,Uruguay,Plaza Colonia,CA Juventud de Las Piedras,2026-10-07T23:00:00+00:00,47.2873,soccer.total_goals,period=ft,under,total=1.5,2.6
2026-10-08T00:12:42.763138+02:00,36657172,Copa Uruguay,Uruguay,Plaza Colonia,CA Juventud de Las Piedras,2026-10-07T23:00:00+00:00,47.2873,soccer.total_goals,period=ft,over,total=1.75,1.55
2026-10-08T00:12:42.763138+02:00,36657172,Copa Uruguay,Uruguay,Plaza Colonia,CA Juventud de Las Piedras,2026-10-07T23:00:00+00:00,47.2873,soccer.total_goals,period=ft,under,total=1.75,2.3
2026-10-08T00:12:42.763138+02:00,36657172,Copa Uruguay,Uruguay,Plaza Colonia,CA Juventud de Las Piedras,2026-10-07T23:00:00+00:00,47.2873,soccer.total_goals,period=ft,over,total=2.25,2.08
2026-10-08T00:12:42.763138+02:00,36657172,Copa Uruguay,Uruguay,Plaza Colonia,CA Juventud de Las Piedras,2026-10-07T23:00:00+00:00,47.2873,soccer.total_goals,period=ft,under,total=2.25,1.67
2026-10-08T00:12:42.763138+02:00,36657172,Copa Uruguay,Uruguay,Plaza Colonia,CA Juventud de Las Piedras,2026-10-07T23:00:00+00:00,47.2873,soccer.total_goals,period=ft,over,total=2.5,2.35
2026-10-08T00:12:42.763138+02:00,36657172,Copa Uruguay,Uruguay,Plaza Colonia,CA Juventud de Las Piedras,2026-10-07T23:00:00+00:00,47.2873,soccer.total_goals,period=ft,under,total=2.5,1.5
2026-10-08T00:12:42.763138+02:00,36657172,Copa Uruguay,Uruguay,Plaza Colonia,CA Juventud de Las Piedras,2026-10-07T23:00:00+00:00,47.2873,soccer.total_goals,period=ft,over,total=2.75,2.8
2026-10-08T00:12:42.763138+02:00,36657172,Copa Uruguay,Uruguay,Plaza Colonia,CA Juventud de Las Piedras,2026-10-07T23:00:00+00:00,47.2873,soccer.total_goals,period=ft,under,total=2.75,1.36
2026-10-08T00:12:42.763138+02:00,36435229,Brasileiro Serie A,Brazil,Clube do Remo PA,Gremio FB Porto Alegrense RS,2026-10-07T22:30:00+00:00,17.2873,soccer.asian_handicap,period=ft,home,handicap=-0.5,2.07
2026-10-08T00:12:42.763138+02:00,36435229,Brasileiro Serie A,Brazil,Clube do Remo PA,Gremio FB Porto Alegrense RS,2026-10-07T22:30:00+00:00,17.2873,soccer.asian_handicap,period=ft,away,handicap=-0.5,1.81
2026-10-08T00:12:42.763138+02:00,36435229,Brasileiro Serie A,Brazil,Clube do Remo PA,Gremio FB Porto Alegrense RS,2026-10-07T22:30:00+00:00,17.2873,soccer.asian_handicap,period=ft,home,handicap=-1.5,3.85
2026-10-08T00:12:42.763138+02:00,36435229,Brasileiro Serie A,Brazil,Clube do Remo PA,Gremio FB Porto Alegrense RS,2026-10-07T22:30:00+00:00,17.2873,soccer.asian_handicap,period=ft,away,handicap=-1.5,1.27
2026-10-08T00:12:42.763138+02:00,36435229,Brasileiro Serie A,Brazil,Clube do Remo PA,Gremio FB Porto Alegrense RS,2026-10-07T22:30:00+00:00,17.2873,soccer.asian_handicap,period=ft,home,handicap=-1.25,3.45
2026-10-08T00:12:42.763138+02:00,36435229,Brasileiro Serie A,Brazil,Clube do Remo PA,Gremio FB Porto Alegrense RS,2026-10-07T22:30:00+00:00,17.2873,soccer.asian_handicap,period=ft,away,handicap=-1.25,1.32
2026-10-08T00:12:42.763138+02:00,36435229,Brasileiro Serie A,Brazil,Clube do Remo PA,Gremio FB Porto Alegrense RS,2026-10-07T22:30:00+00:00,17.2873,soccer.asian_handicap,period=ft,home,handicap=-1,3.0
2026-10-08T00:12:42.763138+02:00,36435229,Brasileiro Serie A,Brazil,Clube do Remo PA,Gremio FB Porto Alegrense RS,2026-10-07T22:30:00+00:00,17.2873,soccer.asian_handicap,period=ft,away,handicap=-1,1.4
2026-10-08T00:12:42.763138+02:00,36435229,Brasileiro Serie A,Brazil,Clube do Remo PA,Gremio FB Porto Alegrense RS,2026-10-07T22:30:00+00:00,17.2873,soccer.asian_handicap,period=ft,home,handicap=-0.75,2.4
2026-10-08T00:12:42.763138+02:00,36435229,Brasileiro Serie A,Brazil,Clube do Remo PA,Gremio FB Porto Alegrense RS,2026-10-07T22:30:00+00:00,17.2873,soccer.asian_handicap,period=ft,away,handicap=-0.75,1.6
2026-10-08T00:12:42.763138+02:00,36435229,Brasileiro Serie A,Brazil,Clube do Remo PA,Gremio FB Porto Alegrense RS,2026-10-07T22:30:00+00:00,17.2873,soccer.asian_handicap,period=ft,home,handicap=-0.25,1.77
2026-10-08T00:12:42.763138+02:00,36435229,Brasileiro Serie A,Brazil,Clube do Remo PA,Gremio FB Porto Alegrense RS,2026-10-07T22:30:00+00:00,17.2873,soccer.asian_handicap,period=ft,away,handicap=-0.25,2.09
2026-10-08T00:12:42.763138+02:00,36435229,Brasileiro Serie A,Brazil,Clube do Remo PA,Gremio FB Porto Alegrense RS,2026-10-07T22:30:00+00:00,17.2873,soccer.asian_handicap,period=ft,home,handicap=0,1.49
2026-10-08T00:12:42.763138+02:00,36435229,Brasileiro Serie A,Brazil,Clube do Remo PA,Gremio FB Porto Alegrense RS,2026-10-07T22:30:00+00:00,17.2873,soccer.asian_handicap,period=ft,away,handicap=0,2.7
2026-10-08T00:12:42.763138+02:00,36435229,Brasileiro Serie A,Brazil,Clube do Remo PA,Gremio FB Porto Alegrense RS,2026-10-07T22:30:00+00:00,17.2873,soccer.asian_handicap,period=ft,home,handicap=0.25,1.36
2026-10-08T00:12:42.763138+02:00,36435229,Brasileiro Serie A,Brazil,Clube do Remo PA,Gremio FB Porto Alegrense RS,2026-10-07T22:30:00+00:00,17.2873,soccer.asian_handicap,period=ft,away,handicap=0.25,3.15
2026-10-08T00:12:42.763138+02:00,36435229,Brasileiro Serie A,Brazil,Clube do Remo PA,Gremio FB Porto Alegrense RS,2026-10-07T22:30:00+00:00,17.2873,soccer.asian_handicap,period=ft,home,handicap=0.5,1.29
2026-10-08T00:12:42.763138+02:00,36435229,Brasileiro Serie A,Brazil,Clube do Remo PA,Gremio FB Porto Alegrense RS,2026-10-07T22:30:00+00:00,17.2873,soccer.asian_handicap,period=ft,away,handicap=0.5,3.65
2026-10-08T00:12:42.763138+02:00,36435229,Brasileiro Serie A,Brazil,Clube do Remo PA,Gremio FB Porto Alegrense RS,2026-10-07T22:30:00+00:00,17.2873,soccer.double_chance,period=ft,draw_away,,1.78
2026-10-08T00:12:42.763138+02:00,36435229,Brasileiro Serie A,Brazil,Clube do Remo PA,Gremio FB Porto Alegrense RS,2026-10-07T22:30:00+00:00,17.2873,soccer.double_chance,period=ft,home_away,,1.31
2026-10-08T00:12:42.763138+02:00,36435229,Brasileiro Serie A,Brazil,Clube do Remo PA,Gremio FB Porto Alegrense RS,2026-10-07T22:30:00+00:00,17.2873,soccer.double_chance,period=ft,home_draw,,1.31
2026-10-08T00:12:42.763138+02:00,36435229,Brasileiro Serie A,Brazil,Clube do Remo PA,Gremio FB Porto Alegrense RS,2026-10-07T22:30:00+00:00,17.2873,soccer.match_odds,period=ft,home,,2.07
2026-10-08T00:12:42.763138+02:00,36435229,Brasileiro Serie A,Brazil,Clube do Remo PA,Gremio FB Porto Alegrense RS,2026-10-07T22:30:00+00:00,17.2873,soccer.match_odds,period=ft,draw,,3.45
2026-10-08T00:12:42.763138+02:00,36435229,Brasileiro Serie A,Brazil,Clube do Remo PA,Gremio FB Porto Alegrense RS,2026-10-07T22:30:00+00:00,17.2873,soccer.match_odds,period=ft,away,,3.7
2026-10-08T00:12:42.763138+02:00,36435229,Brasileiro Serie A,Brazil,Clube do Remo PA,Gremio FB Porto Alegrense RS,2026-10-07T22:30:00+00:00,17.2873,soccer.total_goals,period=ft,over,total=2.5,2.0
2026-10-08T00:12:42.763138+02:00,36435229,Brasileiro Serie A,Brazil,Clube do Remo PA,Gremio FB Porto Alegrense RS,2026-10-07T22:30:00+00:00,17.2873,soccer.total_goals,period=ft,under,total=2.5,1.86
2026-10-08T00:12:42.763138+02:00,36435229,Brasileiro Serie A,Brazil,Clube do Remo PA,Gremio FB Porto Alegrense RS,2026-10-07T22:30:00+00:00,17.2873,soccer.total_goals,period=ft,over,total=1.5,1.29
2026-10-08T00:12:42.763138+02:00,36435229,Brasileiro Serie A,Brazil,Clube do Remo PA,Gremio FB Porto Alegrense RS,2026-10-07T22:30:00+00:00,17.2873,soccer.total_goals,period=ft,under,total=1.5,3.55
2026-10-08T00:12:42.763138+02:00,36435229,Brasileiro Serie A,Brazil,Clube do Remo PA,Gremio FB Porto Alegrense RS,2026-10-07T22:30:00+00:00,17.2873,soccer.total_goals,period=ft,over,total=2,1.48
2026-10-08T00:12:42.763138+02:00,36435229,Brasileiro Serie A,Brazil,Clube do Remo PA,Gremio FB Porto Alegrense RS,2026-10-07T22:30:00+00:00,17.2873,soccer.total_goals,period=ft,under,total=2,2.7
2026-10-08T00:12:42.763138+02:00,36435229,Brasileiro Serie A,Brazil,Clube do Remo PA,Gremio FB Porto Alegrense RS,2026-10-07T22:30:00+00:00,17.2873,soccer.total_goals,period=ft,over,total=2.25,1.73
2026-10-08T00:12:42.763138+02:00,36435229,Brasileiro Serie A,Brazil,Clube do Remo PA,Gremio FB Porto Alegrense RS,2026-10-07T22:30:00+00:00,17.2873,soccer.total_goals,period=ft,under,total=2.25,2.13
2026-10-08T00:12:42.763138+02:00,36435229,Brasileiro Serie A,Brazil,Clube do Remo PA,Gremio FB Porto Alegrense RS,2026-10-07T22:30:00+00:00,17.2873,soccer.total_goals,period=ft,over,total=2.75,2.25
2026-10-08T00:12:42.763138+02:00,36435229,Brasileiro Serie A,Brazil,Clube do Remo PA,Gremio FB Porto Alegrense RS,2026-10-07T22:30:00+00:00,17.2873,soccer.total_goals,period=ft,under,total=2.75,1.66
2026-10-08T00:12:42.763138+02:00,36435229,Brasileiro Serie A,Brazil,Clube do Remo PA,Gremio FB Porto Alegrense RS,2026-10-07T22:30:00+00:00,17.2873,soccer.total_goals,period=ft,over,total=3,2.7
2026-10-08T00:12:42.763138+02:00,36435229,Brasileiro Serie A,Brazil,Clube do Remo PA,Gremio FB Porto Alegrense RS,2026-10-07T22:30:00+00:00,17.2873,soccer.total_goals,period=ft,under,total=3,1.47
2026-10-08T00:12:42.763138+02:00,36435229,Brasileiro Serie A,Brazil,Clube do Remo PA,Gremio FB Porto Alegrense RS,2026-10-07T22:30:00+00:00,17.2873,soccer.total_goals,period=ft,over,total=3.5,3.4
2026-10-08T00:12:42.763138+02:00,36435229,Brasileiro Serie A,Brazil,Clube do Remo PA,Gremio FB Porto Alegrense RS,2026-10-07T22:30:00+00:00,17.2873,soccer.total_goals,period=ft,under,total=3.5,1.32
2026-10-08T00:12:42.763138+02:00,36435229,Brasileiro Serie A,Brazil,Clube do Remo PA,Gremio FB Porto Alegrense RS,2026-10-07T22:30:00+00:00,17.2873,soccer.total_goals,period=ft,over,total=4.5,6.65
2026-10-08T00:12:42.763138+02:00,36435229,Brasileiro Serie A,Brazil,Clube do Remo PA,Gremio FB Porto Alegrense RS,2026-10-07T22:30:00+00:00,17.2873,soccer.total_goals,period=ft,under,total=4.5,1.11
2026-10-08T00:12:42.763138+02:00,36435228,Brasileiro Serie A,Brazil,Red Bull Bragantino SP,Mirassol FC SP,2026-10-07T22:30:00+00:00,17.2873,soccer.asian_handicap,period=ft,home,handicap=-0.75,1.95
2026-10-08T00:12:42.763138+02:00,36435228,Brasileiro Serie A,Brazil,Red Bull Bragantino SP,Mirassol FC SP,2026-10-07T22:30:00+00:00,17.2873,soccer.asian_handicap,period=ft,away,handicap=-0.75,1.93
2026-10-08T00:12:42.763138+02:00,36435228,Brasileiro Serie A,Brazil,Red Bull Bragantino SP,Mirassol FC SP,2026-10-07T22:30:00+00:00,17.2873,soccer.asian_handicap,period=ft,home,handicap=-1.75,3.75
2026-10-08T00:12:42.763138+02:00,36435228,Brasileiro Serie A,Brazil,Red Bull Bragantino SP,Mirassol FC SP,2026-10-07T22:30:00+00:00,17.2873,soccer.asian_handicap,period=ft,away,handicap=-1.75,1.28
2026-10-08T00:12:42.763138+02:00,36435228,Brasileiro Serie A,Brazil,Red Bull Bragantino SP,Mirassol FC SP,2026-10-07T22:30:00+00:00,17.2873,soccer.asian_handicap,period=ft,home,handicap=-1.5,3.0
2026-10-08T00:12:42.763138+02:00,36435228,Brasileiro Serie A,Brazil,Red Bull Bragantino SP,Mirassol FC SP,2026-10-07T22:30:00+00:00,17.2873,soccer.asian_handicap,period=ft,away,handicap=-1.5,1.4
2026-10-08T00:12:42.763138+02:00,36435228,Brasileiro Serie A,Brazil,Red Bull Bragantino SP,Mirassol FC SP,2026-10-07T22:30:00+00:00,17.2873,soccer.asian_handicap,period=ft,home,handicap=-1.25,2.65
2026-10-08T00:12:42.763138+02:00,36435228,Brasileiro Serie A,Brazil,Red Bull Bragantino SP,Mirassol FC SP,2026-10-07T22:30:00+00:00,17.2873,soccer.asian_handicap,period=ft,away,handicap=-1.25,1.5
2026-10-08T00:12:42.763138+02:00,36435228,Brasileiro Serie A,Brazil,Red Bull Bragantino SP,Mirassol FC SP,2026-10-07T22:30:00+00:00,17.2873,soccer.asian_handicap,period=ft,home,handicap=-1,2.3
2026-10-08T00:12:42.763138+02:00,36435228,Brasileiro Serie A,Brazil,Red Bull Bragantino SP,Mirassol FC SP,2026-10-07T22:30:00+00:00,17.2873,soccer.asian_handicap,period=ft,away,handicap=-1,1.64
2026-10-08T00:12:42.763138+02:00,36435228,Brasileiro Serie A,Brazil,Red Bull Bragantino SP,Mirassol FC SP,2026-10-07T22:30:00+00:00,17.2873,soccer.asian_handicap,period=ft,home,handicap=-0.5,1.72
2026-10-08T00:12:42.763138+02:00,36435228,Brasileiro Serie A,Brazil,Red Bull Bragantino SP,Mirassol FC SP,2026-10-07T22:30:00+00:00,17.2873,soccer.asian_handicap,period=ft,away,handicap=-0.5,2.17
2026-10-08T00:12:42.763138+02:00,36435228,Brasileiro Serie A,Brazil,Red Bull Bragantino SP,Mirassol FC SP,2026-10-07T22:30:00+00:00,17.2873,soccer.asian_handicap,period=ft,home,handicap=-0.25,1.51
2026-10-08T00:12:42.763138+02:00,36435228,Brasileiro Serie A,Brazil,Red Bull Bragantino SP,Mirassol FC SP,2026-10-07T22:30:00+00:00,17.2873,soccer.asian_handicap,period=ft,away,handicap=-0.25,2.6
2026-10-08T00:12:42.763138+02:00,36435228,Brasileiro Serie A,Brazil,Red Bull Bragantino SP,Mirassol FC SP,2026-10-07T22:30:00+00:00,17.2873,soccer.asian_handicap,period=ft,home,handicap=0,1.3
2026-10-08T00:12:42.763138+02:00,36435228,Brasileiro Serie A,Brazil,Red Bull Bragantino SP,Mirassol FC SP,2026-10-07T22:30:00+00:00,17.2873,soccer.asian_handicap,period=ft,away,handicap=0,3.6
2026-10-08T00:12:42.763138+02:00,36435228,Brasileiro Serie A,Brazil,Red Bull Bragantino SP,Mirassol FC SP,2026-10-07T22:30:00+00:00,17.2873,soccer.asian_handicap,period=ft,home,handicap=0.25,1.24
2026-10-08T00:12:42.763138+02:00,36435228,Brasileiro Serie A,Brazil,Red Bull Bragantino SP,Mirassol FC SP,2026-10-07T22:30:00+00:00,17.2873,soccer.asian_handicap,period=ft,away,handicap=0.25,4.15
2026-10-08T00:12:42.763138+02:00,36435228,Brasileiro Serie A,Brazil,Red Bull Bragantino SP,Mirassol FC SP,2026-10-07T22:30:00+00:00,17.2873,soccer.double_chance,period=ft,draw_away,,2.15
2026-10-08T00:12:42.763138+02:00,36435228,Brasileiro Serie A,Brazil,Red Bull Bragantino SP,Mirassol FC SP,2026-10-07T22:30:00+00:00,17.2873,soccer.double_chance,period=ft,home_away,,1.27
2026-10-08T00:12:42.763138+02:00,36435228,Brasileiro Serie A,Brazil,Red Bull Bragantino SP,Mirassol FC SP,2026-10-07T22:30:00+00:00,17.2873,soccer.double_chance,period=ft,home_draw,,1.2
2026-10-08T00:12:42.763138+02:00,36435228,Brasileiro Serie A,Brazil,Red Bull Bragantino SP,Mirassol FC SP,2026-10-07T22:30:00+00:00,17.2873,soccer.match_odds,period=ft,home,,1.73
2026-10-08T00:12:42.763138+02:00,36435228,Brasileiro Serie A,Brazil,Red Bull Bragantino SP,Mirassol FC SP,2026-10-07T22:30:00+00:00,17.2873,soccer.match_odds,period=ft,draw,,3.9
2026-10-08T00:12:42.763138+02:00,36435228,Brasileiro Serie A,Brazil,Red Bull Bragantino SP,Mirassol FC SP,2026-10-07T22:30:00+00:00,17.2873,soccer.match_odds,period=ft,away,,4.8
2026-10-08T00:12:42.763138+02:00,36435228,Brasileiro Serie A,Brazil,Red Bull Bragantino SP,Mirassol FC SP,2026-10-07T22:30:00+00:00,17.2873,soccer.total_goals,period=ft,over,total=2.75,1.89
2026-10-08T00:12:42.763138+02:00,36435228,Brasileiro Serie A,Brazil,Red Bull Bragantino SP,Mirassol FC SP,2026-10-07T22:30:00+00:00,17.2873,soccer.total_goals,period=ft,under,total=2.75,1.98
2026-10-08T00:12:42.763138+02:00,36435228,Brasileiro Serie A,Brazil,Red Bull Bragantino SP,Mirassol FC SP,2026-10-07T22:30:00+00:00,17.2873,soccer.total_goals,period=ft,over,total=1.5,1.21
2026-10-08T00:12:42.763138+02:00,36435228,Brasileiro Serie A,Brazil,Red Bull Bragantino SP,Mirassol FC SP,2026-10-07T22:30:00+00:00,17.2873,soccer.total_goals,period=ft,under,total=1.5,4.45
2026-10-08T00:12:42.763138+02:00,36435228,Brasileiro Serie A,Brazil,Red Bull Bragantino SP,Mirassol FC SP,2026-10-07T22:30:00+00:00,17.2873,soccer.total_goals,period=ft,over,total=2.25,1.5
2026-10-08T00:12:42.763138+02:00,36435228,Brasileiro Serie A,Brazil,Red Bull Bragantino SP,Mirassol FC SP,2026-10-07T22:30:00+00:00,17.2873,soccer.total_goals,period=ft,under,total=2.25,2.6
2026-10-08T00:12:42.763138+02:00,36435228,Brasileiro Serie A,Brazil,Red Bull Bragantino SP,Mirassol FC SP,2026-10-07T22:30:00+00:00,17.2873,soccer.total_goals,period=ft,over,total=2.5,1.69
2026-10-08T00:12:42.763138+02:00,36435228,Brasileiro Serie A,Brazil,Red Bull Bragantino SP,Mirassol FC SP,2026-10-07T22:30:00+00:00,17.2873,soccer.total_goals,period=ft,under,total=2.5,2.2
2026-10-08T00:12:42.763138+02:00,36435228,Brasileiro Serie A,Brazil,Red Bull Bragantino SP,Mirassol FC SP,2026-10-07T22:30:00+00:00,17.2873,soccer.total_goals,period=ft,over,total=3,2.16
2026-10-08T00:12:42.763138+02:00,36435228,Brasileiro Serie A,Brazil,Red Bull Bragantino SP,Mirassol FC SP,2026-10-07T22:30:00+00:00,17.2873,soccer.total_goals,period=ft,under,total=3,1.71
2026-10-08T00:12:42.763138+02:00,36435228,Brasileiro Serie A,Brazil,Red Bull Bragantino SP,Mirassol FC SP,2026-10-07T22:30:00+00:00,17.2873,soccer.total_goals,period=ft,over,total=3.25,2.45
2026-10-08T00:12:42.763138+02:00,36435228,Brasileiro Serie A,Brazil,Red Bull Bragantino SP,Mirassol FC SP,2026-10-07T22:30:00+00:00,17.2873,soccer.total_goals,period=ft,under,total=3.25,1.56
2026-10-08T00:12:42.763138+02:00,36435228,Brasileiro Serie A,Brazil,Red Bull Bragantino SP,Mirassol FC SP,2026-10-07T22:30:00+00:00,17.2873,soccer.total_goals,period=ft,over,total=3.5,2.75
2026-10-08T00:12:42.763138+02:00,36435228,Brasileiro Serie A,Brazil,Red Bull Bragantino SP,Mirassol FC SP,2026-10-07T22:30:00+00:00,17.2873,soccer.total_goals,period=ft,under,total=3.5,1.45
2026-10-08T00:12:42.763138+02:00,36435228,Brasileiro Serie A,Brazil,Red Bull Bragantino SP,Mirassol FC SP,2026-10-07T22:30:00+00:00,17.2873,soccer.total_goals,period=ft,over,total=4.5,5.25
2026-10-08T00:12:42.763138+02:00,36435228,Brasileiro Serie A,Brazil,Red Bull Bragantino SP,Mirassol FC SP,2026-10-07T22:30:00+00:00,17.2873,soccer.total_goals,period=ft,under,total=4.5,1.16
2026-10-08T00:12:42.763138+02:00,36435230,Brasileiro Serie A,Brazil,SC Internacional RS,SC Corinthians SP,2026-10-07T22:30:00+00:00,17.2873,soccer.asian_handicap,period=ft,home,handicap=-0.25,2.13
2026-10-08T00:12:42.763138+02:00,36435230,Brasileiro Serie A,Brazil,SC Internacional RS,SC Corinthians SP,2026-10-07T22:30:00+00:00,17.2873,soccer.asian_handicap,period=ft,away,handicap=-0.25,1.78
2026-10-08T00:12:42.763138+02:00,36435230,Brasileiro Serie A,Brazil,SC Internacional RS,SC Corinthians SP,2026-10-07T22:30:00+00:00,17.2873,soccer.asian_handicap,period=ft,home,handicap=-1.25,4.9
2026-10-08T00:12:42.763138+02:00,36435230,Brasileiro Serie A,Brazil,SC Internacional RS,SC Corinthians SP,2026-10-07T22:30:00+00:00,17.2873,soccer.asian_handicap,period=ft,away,handicap=-1.25,1.19
2026-10-08T00:12:42.763138+02:00,36435230,Brasileiro Serie A,Brazil,SC Internacional RS,SC Corinthians SP,2026-10-07T22:30:00+00:00,17.2873,soccer.asian_handicap,period=ft,home,handicap=-1,4.35
2026-10-08T00:12:42.763138+02:00,36435230,Brasileiro Serie A,Brazil,SC Internacional RS,SC Corinthians SP,2026-10-07T22:30:00+00:00,17.2873,soccer.asian_handicap,period=ft,away,handicap=-1,1.22
2026-10-08T00:12:42.763138+02:00,36435230,Brasileiro Serie A,Brazil,SC Internacional RS,SC Corinthians SP,2026-10-07T22:30:00+00:00,17.2873,soccer.asian_handicap,period=ft,home,handicap=-0.75,3.05
2026-10-08T00:12:42.763138+02:00,36435230,Brasileiro Serie A,Brazil,SC Internacional RS,SC Corinthians SP,2026-10-07T22:30:00+00:00,17.2873,soccer.asian_handicap,period=ft,away,handicap=-0.75,1.39
2026-10-08T00:12:42.763138+02:00,36435230,Brasileiro Serie A,Brazil,SC Internacional RS,SC Corinthians SP,2026-10-07T22:30:00+00:00,17.2873,soccer.asian_handicap,period=ft,home,handicap=-0.5,2.5
2026-10-08T00:12:42.763138+02:00,36435230,Brasileiro Serie A,Brazil,SC Internacional RS,SC Corinthians SP,2026-10-07T22:30:00+00:00,17.2873,soccer.asian_handicap,period=ft,away,handicap=-0.5,1.55
2026-10-08T00:12:42.763138+02:00,36435230,Brasileiro Serie A,Brazil,SC Internacional RS,SC Corinthians SP,2026-10-07T22:30:00+00:00,17.2873,soccer.asian_handicap,period=ft,home,handicap=0,1.71
2026-10-08T00:12:42.763138+02:00,36435230,Brasileiro Serie A,Brazil,SC Internacional RS,SC Corinthians SP,2026-10-07T22:30:00+00:00,17.2873,soccer.asian_handicap,period=ft,away,handicap=0,2.18
2026-10-08T00:12:42.763138+02:00,36435230,Brasileiro Serie A,Brazil,SC Internacional RS,SC Corinthians SP,2026-10-07T22:30:00+00:00,17.2873,soccer.asian_handicap,period=ft,home,handicap=0.25,1.49
2026-10-08T00:12:42.763138+02:00,36435230,Brasileiro Serie A,Brazil,SC Internacional RS,SC Corinthians SP,2026-10-07T22:30:00+00:00,17.2873,soccer.asian_handicap,period=ft,away,handicap=0.25,2.65
2026-10-08T00:12:42.763138+02:00,36435230,Brasileiro Serie A,Brazil,SC Internacional RS,SC Corinthians SP,2026-10-07T22:30:00+00:00,17.2873,soccer.asian_handicap,period=ft,home,handicap=0.5,1.37
2026-10-08T00:12:42.763138+02:00,36435230,Brasileiro Serie A,Brazil,SC Internacional RS,SC Corinthians SP,2026-10-07T22:30:00+00:00,17.2873,soccer.asian_handicap,period=ft,away,handicap=0.5,3.15
2026-10-08T00:12:42.763138+02:00,36435230,Brasileiro Serie A,Brazil,SC Internacional RS,SC Corinthians SP,2026-10-07T22:30:00+00:00,17.2873,soccer.asian_handicap,period=ft,home,handicap=0.75,1.24
2026-10-08T00:12:42.763138+02:00,36435230,Brasileiro Serie A,Brazil,SC Internacional RS,SC Corinthians SP,2026-10-07T22:30:00+00:00,17.2873,soccer.asian_handicap,period=ft,away,handicap=0.75,4.15
2026-10-08T00:12:42.763138+02:00,36435230,Brasileiro Serie A,Brazil,SC Internacional RS,SC Corinthians SP,2026-10-07T22:30:00+00:00,17.2873,soccer.double_chance,period=ft,draw_away,,1.55
2026-10-08T00:12:42.763138+02:00,36435230,Brasileiro Serie A,Brazil,SC Internacional RS,SC Corinthians SP,2026-10-07T22:30:00+00:00,17.2873,soccer.double_chance,period=ft,home_away,,1.39
2026-10-08T00:12:42.763138+02:00,36435230,Brasileiro Serie A,Brazil,SC Internacional RS,SC Corinthians SP,2026-10-07T22:30:00+00:00,17.2873,soccer.double_chance,period=ft,home_draw,,1.37
2026-10-08T00:12:42.763138+02:00,36435230,Brasileiro Serie A,Brazil,SC Internacional RS,SC Corinthians SP,2026-10-07T22:30:00+00:00,17.2873,soccer.match_odds,period=ft,home,,2.5
2026-10-08T00:12:42.763138+02:00,36435230,Brasileiro Serie A,Brazil,SC Internacional RS,SC Corinthians SP,2026-10-07T22:30:00+00:00,17.2873,soccer.match_odds,period=ft,draw,,3.0
2026-10-08T00:12:42.763138+02:00,36435230,Brasileiro Serie A,Brazil,SC Internacional RS,SC Corinthians SP,2026-10-07T22:30:00+00:00,17.2873,soccer.match_odds,period=ft,away,,3.2
2026-10-08T00:12:42.763138+02:00,36435230,Brasileiro Serie A,Brazil,SC Internacional RS,SC Corinthians SP,2026-10-07T22:30:00+00:00,17.2873,soccer.total_goals,period=ft,over,total=2,1.89
2026-10-08T00:12:42.763138+02:00,36435230,Brasileiro Serie A,Brazil,SC Internacional RS,SC Corinthians SP,2026-10-07T22:30:00+00:00,17.2873,soccer.total_goals,period=ft,under,total=2,1.98
2026-10-08T00:12:42.763138+02:00,36435230,Brasileiro Serie A,Brazil,SC Internacional RS,SC Corinthians SP,2026-10-07T22:30:00+00:00,17.2873,soccer.total_goals,period=ft,over,total=0.5,1.1
2026-10-08T00:12:42.763138+02:00,36435230,Brasileiro Serie A,Brazil,SC Internacional RS,SC Corinthians SP,2026-10-07T22:30:00+00:00,17.2873,soccer.total_goals,period=ft,under,total=0.5,6.95
2026-10-08T00:12:42.763138+02:00,36435230,Brasileiro Serie A,Brazil,SC Internacional RS,SC Corinthians SP,2026-10-07T22:30:00+00:00,17.2873,soccer.total_goals,period=ft,over,total=1.5,1.49
2026-10-08T00:12:42.763138+02:00,36435230,Brasileiro Serie A,Brazil,SC Internacional RS,SC Corinthians SP,2026-10-07T22:30:00+00:00,17.2873,soccer.total_goals,period=ft,under,total=1.5,2.65
2026-10-08T00:12:42.763138+02:00,36435230,Brasileiro Serie A,Brazil,SC Internacional RS,SC Corinthians SP,2026-10-07T22:30:00+00:00,17.2873,soccer.total_goals,period=ft,over,total=1.75,1.63
2026-10-08T00:12:42.763138+02:00,36435230,Brasileiro Serie A,Brazil,SC Internacional RS,SC Corinthians SP,2026-10-07T22:30:00+00:00,17.2873,soccer.total_goals,period=ft,under,total=1.75,2.3
2026-10-08T00:12:42.763138+02:00,36435230,Brasileiro Serie A,Brazil,SC Internacional RS,SC Corinthians SP,2026-10-07T22:30:00+00:00,17.2873,soccer.total_goals,period=ft,over,total=2.25,2.2
2026-10-08T00:12:42.763138+02:00,36435230,Brasileiro Serie A,Brazil,SC Internacional RS,SC Corinthians SP,2026-10-07T22:30:00+00:00,17.2873,soccer.total_goals,period=ft,under,total=2.25,1.69
2026-10-08T00:12:42.763138+02:00,36435230,Brasileiro Serie A,Brazil,SC Internacional RS,SC Corinthians SP,2026-10-07T22:30:00+00:00,17.2873,soccer.total_goals,period=ft,over,total=2.5,2.5
2026-10-08T00:12:42.763138+02:00,36435230,Brasileiro Serie A,Brazil,SC Internacional RS,SC Corinthians SP,2026-10-07T22:30:00+00:00,17.2873,soccer.total_goals,period=ft,under,total=2.5,1.53
2026-10-08T00:12:42.763138+02:00,36435230,Brasileiro Serie A,Brazil,SC Internacional RS,SC Corinthians SP,2026-10-07T22:30:00+00:00,17.2873,soccer.total_goals,period=ft,over,total=3.5,4.75
2026-10-08T00:12:42.763138+02:00,36435230,Brasileiro Serie A,Brazil,SC Internacional RS,SC Corinthians SP,2026-10-07T22:30:00+00:00,17.2873,soccer.total_goals,period=ft,under,total=3.5,1.19
2026-10-08T00:12:42.763138+02:00,36435231,Brasileiro Serie A,Brazil,EC Vitoria BA,Chapecoense SC,2026-10-07T23:00:00+00:00,47.2873,soccer.asian_handicap,period=ft,home,handicap=-1,2.01
2026-10-08T00:12:42.763138+02:00,36435231,Brasileiro Serie A,Brazil,EC Vitoria BA,Chapecoense SC,2026-10-07T23:00:00+00:00,47.2873,soccer.asian_handicap,period=ft,away,handicap=-1,1.87
2026-10-08T00:12:42.763138+02:00,36435231,Brasileiro Serie A,Brazil,EC Vitoria BA,Chapecoense SC,2026-10-07T23:00:00+00:00,47.2873,soccer.asian_handicap,period=ft,home,handicap=-2,4.55
2026-10-08T00:12:42.763138+02:00,36435231,Brasileiro Serie A,Brazil,EC Vitoria BA,Chapecoense SC,2026-10-07T23:00:00+00:00,47.2873,soccer.asian_handicap,period=ft,away,handicap=-2,1.21
2026-10-08T00:12:42.763138+02:00,36435231,Brasileiro Serie A,Brazil,EC Vitoria BA,Chapecoense SC,2026-10-07T23:00:00+00:00,47.2873,soccer.asian_handicap,period=ft,home,handicap=-1.75,3.25
2026-10-08T00:12:42.763138+02:00,36435231,Brasileiro Serie A,Brazil,EC Vitoria BA,Chapecoense SC,2026-10-07T23:00:00+00:00,47.2873,soccer.asian_handicap,period=ft,away,handicap=-1.75,1.35
2026-10-08T00:12:42.763138+02:00,36435231,Brasileiro Serie A,Brazil,EC Vitoria BA,Chapecoense SC,2026-10-07T23:00:00+00:00,47.2873,soccer.asian_handicap,period=ft,home,handicap=-1.5,2.65
2026-10-08T00:12:42.763138+02:00,36435231,Brasileiro Serie A,Brazil,EC Vitoria BA,Chapecoense SC,2026-10-07T23:00:00+00:00,47.2873,soccer.asian_handicap,period=ft,away,handicap=-1.5,1.5
2026-10-08T00:12:42.763138+02:00,36435231,Brasileiro Serie A,Brazil,EC Vitoria BA,Chapecoense SC,2026-10-07T23:00:00+00:00,47.2873,soccer.asian_handicap,period=ft,home,handicap=-1.25,2.3
2026-10-08T00:12:42.763138+02:00,36435231,Brasileiro Serie A,Brazil,EC Vitoria BA,Chapecoense SC,2026-10-07T23:00:00+00:00,47.2873,soccer.asian_handicap,period=ft,away,handicap=-1.25,1.63
2026-10-08T00:12:42.763138+02:00,36435231,Brasileiro Serie A,Brazil,EC Vitoria BA,Chapecoense SC,2026-10-07T23:00:00+00:00,47.2873,soccer.asian_handicap,period=ft,home,handicap=-0.75,1.72
2026-10-08T00:12:42.763138+02:00,36435231,Brasileiro Serie A,Brazil,EC Vitoria BA,Chapecoense SC,2026-10-07T23:00:00+00:00,47.2873,soccer.asian_handicap,period=ft,away,handicap=-0.75,2.17
2026-10-08T00:12:42.763138+02:00,36435231,Brasileiro Serie A,Brazil,EC Vitoria BA,Chapecoense SC,2026-10-07T23:00:00+00:00,47.2873,soccer.asian_handicap,period=ft,home,handicap=-0.5,1.56
2026-10-08T00:12:42.763138+02:00,36435231,Brasileiro Serie A,Brazil,EC Vitoria BA,Chapecoense SC,2026-10-07T23:00:00+00:00,47.2873,soccer.asian_handicap,period=ft,away,handicap=-0.5,2.45
2026-10-08T00:12:42.763138+02:00,36435231,Brasileiro Serie A,Brazil,EC Vitoria BA,Chapecoense SC,2026-10-07T23:00:00+00:00,47.2873,soccer.asian_handicap,period=ft,home,handicap=-0.25,1.38
2026-10-08T00:12:42.763138+02:00,36435231,Brasileiro Serie A,Brazil,EC Vitoria BA,Chapecoense SC,2026-10-07T23:00:00+00:00,47.2873,soccer.asian_handicap,period=ft,away,handicap=-0.25,3.1
2026-10-08T00:12:42.763138+02:00,36435231,Brasileiro Serie A,Brazil,EC Vitoria BA,Chapecoense SC,2026-10-07T23:00:00+00:00,47.2873,soccer.asian_handicap,period=ft,home,handicap=0,1.2
2026-10-08T00:12:42.763138+02:00,36435231,Brasileiro Serie A,Brazil,EC Vitoria BA,Chapecoense SC,2026-10-07T23:00:00+00:00,47.2873,soccer.asian_handicap,period=ft,away,handicap=0,4.6
2026-10-08T00:12:42.763138+02:00,36435231,Brasileiro Serie A,Brazil,EC Vitoria BA,Chapecoense SC,2026-10-07T23:00:00+00:00,47.2873,soccer.double_chance,period=ft,draw_away,,2.45
2026-10-08T00:12:42.763138+02:00,36435231,Brasileiro Serie A,Brazil,EC Vitoria BA,Chapecoense SC,2026-10-07T23:00:00+00:00,47.2873,soccer.double_chance,period=ft,home_away,,1.25
2026-10-08T00:12:42.763138+02:00,36435231,Brasileiro Serie A,Brazil,EC Vitoria BA,Chapecoense SC,2026-10-07T23:00:00+00:00,47.2873,soccer.double_chance,period=ft,home_draw,,1.15
2026-10-08T00:12:42.763138+02:00,36435231,Brasileiro Serie A,Brazil,EC Vitoria BA,Chapecoense SC,2026-10-07T23:00:00+00:00,47.2873,soccer.match_odds,period=ft,home,,1.57
2026-10-08T00:12:42.763138+02:00,36435231,Brasileiro Serie A,Brazil,EC Vitoria BA,Chapecoense SC,2026-10-07T23:00:00+00:00,47.2873,soccer.match_odds,period=ft,draw,,4.15
2026-10-08T00:12:42.763138+02:00,36435231,Brasileiro Serie A,Brazil,EC Vitoria BA,Chapecoense SC,2026-10-07T23:00:00+00:00,47.2873,soccer.match_odds,period=ft,away,,6.0
2026-10-08T00:12:42.763138+02:00,36435231,Brasileiro Serie A,Brazil,EC Vitoria BA,Chapecoense SC,2026-10-07T23:00:00+00:00,47.2873,soccer.total_goals,period=ft,over,total=2.5,1.85
2026-10-08T00:12:42.763138+02:00,36435231,Brasileiro Serie A,Brazil,EC Vitoria BA,Chapecoense SC,2026-10-07T23:00:00+00:00,47.2873,soccer.total_goals,period=ft,under,total=2.5,2.01
2026-10-08T00:12:42.763138+02:00,36435231,Brasileiro Serie A,Brazil,EC Vitoria BA,Chapecoense SC,2026-10-07T23:00:00+00:00,47.2873,soccer.total_goals,period=ft,over,total=1.5,1.26
2026-10-08T00:12:42.763138+02:00,36435231,Brasileiro Serie A,Brazil,EC Vitoria BA,Chapecoense SC,2026-10-07T23:00:00+00:00,47.2873,soccer.total_goals,period=ft,under,total=1.5,3.85
2026-10-08T00:12:42.763138+02:00,36435231,Brasileiro Serie A,Brazil,EC Vitoria BA,Chapecoense SC,2026-10-07T23:00:00+00:00,47.2873,soccer.total_goals,period=ft,over,total=2,1.4
2026-10-08T00:12:42.763138+02:00,36435231,Brasileiro Serie A,Brazil,EC Vitoria BA,Chapecoense SC,2026-10-07T23:00:00+00:00,47.2873,soccer.total_goals,period=ft,under,total=2,3.0
2026-10-08T00:12:42.763138+02:00,36435231,Brasileiro Serie A,Brazil,EC Vitoria BA,Chapecoense SC,2026-10-07T23:00:00+00:00,47.2873,soccer.total_goals,period=ft,over,total=2.25,1.62
2026-10-08T00:12:42.763138+02:00,36435231,Brasileiro Serie A,Brazil,EC Vitoria BA,Chapecoense SC,2026-10-07T23:00:00+00:00,47.2873,soccer.total_goals,period=ft,under,total=2.25,2.3
2026-10-08T00:12:42.763138+02:00,36435231,Brasileiro Serie A,Brazil,EC Vitoria BA,Chapecoense SC,2026-10-07T23:00:00+00:00,47.2873,soccer.total_goals,period=ft,over,total=2.75,2.06
2026-10-08T00:12:42.763138+02:00,36435231,Brasileiro Serie A,Brazil,EC Vitoria BA,Chapecoense SC,2026-10-07T23:00:00+00:00,47.2873,soccer.total_goals,period=ft,under,total=2.75,1.78
2026-10-08T00:12:42.763138+02:00,36435231,Brasileiro Serie A,Brazil,EC Vitoria BA,Chapecoense SC,2026-10-07T23:00:00+00:00,47.2873,soccer.total_goals,period=ft,over,total=3,2.45
2026-10-08T00:12:42.763138+02:00,36435231,Brasileiro Serie A,Brazil,EC Vitoria BA,Chapecoense SC,2026-10-07T23:00:00+00:00,47.2873,soccer.total_goals,period=ft,under,total=3,1.56
2026-10-08T00:12:42.763138+02:00,36435231,Brasileiro Serie A,Brazil,EC Vitoria BA,Chapecoense SC,2026-10-07T23:00:00+00:00,47.2873,soccer.total_goals,period=ft,over,total=3.5,3.1
2026-10-08T00:12:42.763138+02:00,36435231,Brasileiro Serie A,Brazil,EC Vitoria BA,Chapecoense SC,2026-10-07T23:00:00+00:00,47.2873,soccer.total_goals,period=ft,under,total=3.5,1.37
2026-10-08T00:12:42.763138+02:00,36435231,Brasileiro Serie A,Brazil,EC Vitoria BA,Chapecoense SC,2026-10-07T23:00:00+00:00,47.2873,soccer.total_goals,period=ft,over,total=4.5,6.1
2026-10-08T00:12:42.763138+02:00,36435231,Brasileiro Serie A,Brazil,EC Vitoria BA,Chapecoense SC,2026-10-07T23:00:00+00:00,47.2873,soccer.total_goals,period=ft,under,total=4.5,1.13
2026-10-08T00:12:42.763138+02:00,36435232,Brasileiro Serie A,Brazil,Botafogo FR RJ,CR Vasco da Gama RJ,2026-10-07T23:30:00+00:00,77.2873,soccer.asian_handicap,period=ft,home,handicap=0.25,1.89
2026-10-08T00:12:42.763138+02:00,36435232,Brasileiro Serie A,Brazil,Botafogo FR RJ,CR Vasco da Gama RJ,2026-10-07T23:30:00+00:00,77.2873,soccer.asian_handicap,period=ft,away,handicap=0.25,1.99
2026-10-08T00:12:42.763138+02:00,36435232,Brasileiro Serie A,Brazil,Botafogo FR RJ,CR Vasco da Gama RJ,2026-10-07T23:30:00+00:00,77.2873,soccer.asian_handicap,period=ft,home,handicap=-0.75,3.75
2026-10-08T00:12:42.763138+02:00,36435232,Brasileiro Serie A,Brazil,Botafogo FR RJ,CR Vasco da Gama RJ,2026-10-07T23:30:00+00:00,77.2873,soccer.asian_handicap,period=ft,away,handicap=-0.75,1.28
2026-10-08T00:12:42.763138+02:00,36435232,Brasileiro Serie A,Brazil,Botafogo FR RJ,CR Vasco da Gama RJ,2026-10-07T23:30:00+00:00,77.2873,soccer.asian_handicap,period=ft,home,handicap=-0.5,3.0
2026-10-08T00:12:42.763138+02:00,36435232,Brasileiro Serie A,Brazil,Botafogo FR RJ,CR Vasco da Gama RJ,2026-10-07T23:30:00+00:00,77.2873,soccer.asian_handicap,period=ft,away,handicap=-0.5,1.4
2026-10-08T00:12:42.763138+02:00,36435232,Brasileiro Serie A,Brazil,Botafogo FR RJ,CR Vasco da Gama RJ,2026-10-07T23:30:00+00:00,77.2873,soccer.asian_handicap,period=ft,home,handicap=-0.25,2.65
2026-10-08T00:12:42.763138+02:00,36435232,Brasileiro Serie A,Brazil,Botafogo FR RJ,CR Vasco da Gama RJ,2026-10-07T23:30:00+00:00,77.2873,soccer.asian_handicap,period=ft,away,handicap=-0.25,1.5
2026-10-08T00:12:42.763138+02:00,36435232,Brasileiro Serie A,Brazil,Botafogo FR RJ,CR Vasco da Gama RJ,2026-10-07T23:30:00+00:00,77.2873,soccer.asian_handicap,period=ft,home,handicap=0,2.25
2026-10-08T00:12:42.763138+02:00,36435232,Brasileiro Serie A,Brazil,Botafogo FR RJ,CR Vasco da Gama RJ,2026-10-07T23:30:00+00:00,77.2873,soccer.asian_handicap,period=ft,away,handicap=0,1.67
2026-10-08T00:12:42.763138+02:00,36435232,Brasileiro Serie A,Brazil,Botafogo FR RJ,CR Vasco da Gama RJ,2026-10-07T23:30:00+00:00,77.2873,soccer.asian_handicap,period=ft,home,handicap=0.5,1.67
2026-10-08T00:12:42.763138+02:00,36435232,Brasileiro Serie A,Brazil,Botafogo FR RJ,CR Vasco da Gama RJ,2026-10-07T23:30:00+00:00,77.2873,soccer.asian_handicap,period=ft,away,handicap=0.5,2.25
2026-10-08T00:12:42.763138+02:00,36435232,Brasileiro Serie A,Brazil,Botafogo FR RJ,CR Vasco da Gama RJ,2026-10-07T23:30:00+00:00,77.2873,soccer.asian_handicap,period=ft,home,handicap=0.75,1.49
2026-10-08T00:12:42.763138+02:00,36435232,Brasileiro Serie A,Brazil,Botafogo FR RJ,CR Vasco da Gama RJ,2026-10-07T23:30:00+00:00,77.2873,soccer.asian_handicap,period=ft,away,handicap=0.75,2.65
2026-10-08T00:12:42.763138+02:00,36435232,Brasileiro Serie A,Brazil,Botafogo FR RJ,CR Vasco da Gama RJ,2026-10-07T23:30:00+00:00,77.2873,soccer.asian_handicap,period=ft,home,handicap=1,1.31
2026-10-08T00:12:42.763138+02:00,36435232,Brasileiro Serie A,Brazil,Botafogo FR RJ,CR Vasco da Gama RJ,2026-10-07T23:30:00+00:00,77.2873,soccer.asian_handicap,period=ft,away,handicap=1,3.5
2026-10-08T00:12:42.763138+02:00,36435232,Brasileiro Serie A,Brazil,Botafogo FR RJ,CR Vasco da Gama RJ,2026-10-07T23:30:00+00:00,77.2873,soccer.asian_handicap,period=ft,home,handicap=1.25,1.26
2026-10-08T00:12:42.763138+02:00,36435232,Brasileiro Serie A,Brazil,Botafogo FR RJ,CR Vasco da Gama RJ,2026-10-07T23:30:00+00:00,77.2873,soccer.asian_handicap,period=ft,away,handicap=1.25,3.95
2026-10-08T00:12:42.763138+02:00,36435232,Brasileiro Serie A,Brazil,Botafogo FR RJ,CR Vasco da Gama RJ,2026-10-07T23:30:00+00:00,77.2873,soccer.double_chance,period=ft,draw_away,,1.4
2026-10-08T00:12:42.763138+02:00,36435232,Brasileiro Serie A,Brazil,Botafogo FR RJ,CR Vasco da Gama RJ,2026-10-07T23:30:00+00:00,77.2873,soccer.double_chance,period=ft,home_away,,1.3
2026-10-08T00:12:42.763138+02:00,36435232,Brasileiro Serie A,Brazil,Botafogo FR RJ,CR Vasco da Gama RJ,2026-10-07T23:30:00+00:00,77.2873,soccer.double_chance,period=ft,home_draw,,1.65
2026-10-08T00:12:42.763138+02:00,36435232,Brasileiro Serie A,Brazil,Botafogo FR RJ,CR Vasco da Gama RJ,2026-10-07T23:30:00+00:00,77.2873,soccer.match_odds,period=ft,home,,3.05
2026-10-08T00:12:42.763138+02:00,36435232,Brasileiro Serie A,Brazil,Botafogo FR RJ,CR Vasco da Gama RJ,2026-10-07T23:30:00+00:00,77.2873,soccer.match_odds,period=ft,draw,,3.65
2026-10-08T00:12:42.763138+02:00,36435232,Brasileiro Serie A,Brazil,Botafogo FR RJ,CR Vasco da Gama RJ,2026-10-07T23:30:00+00:00,77.2873,soccer.match_odds,period=ft,away,,2.25
2026-10-08T00:12:42.763138+02:00,36435232,Brasileiro Serie A,Brazil,Botafogo FR RJ,CR Vasco da Gama RJ,2026-10-07T23:30:00+00:00,77.2873,soccer.total_goals,period=ft,over,total=3,2.04
2026-10-08T00:12:42.763138+02:00,36435232,Brasileiro Serie A,Brazil,Botafogo FR RJ,CR Vasco da Gama RJ,2026-10-07T23:30:00+00:00,77.2873,soccer.total_goals,period=ft,under,total=3,1.82
2026-10-08T00:12:42.763138+02:00,36435232,Brasileiro Serie A,Brazil,Botafogo FR RJ,CR Vasco da Gama RJ,2026-10-07T23:30:00+00:00,77.2873,soccer.total_goals,period=ft,over,total=1.5,1.18
2026-10-08T00:12:42.763138+02:00,36435232,Brasileiro Serie A,Brazil,Botafogo FR RJ,CR Vasco da Gama RJ,2026-10-07T23:30:00+00:00,77.2873,soccer.total_goals,period=ft,under,total=1.5,4.85
2026-10-08T00:12:42.763138+02:00,36435232,Brasileiro Serie A,Brazil,Botafogo FR RJ,CR Vasco da Gama RJ,2026-10-07T23:30:00+00:00,77.2873,soccer.total_goals,period=ft,over,total=2.5,1.62
2026-10-08T00:12:42.763138+02:00,36435232,Brasileiro Serie A,Brazil,Botafogo FR RJ,CR Vasco da Gama RJ,2026-10-07T23:30:00+00:00,77.2873,soccer.total_goals,period=ft,under,total=2.5,2.3
2026-10-08T00:12:42.763138+02:00,36435232,Brasileiro Serie A,Brazil,Botafogo FR RJ,CR Vasco da Gama RJ,2026-10-07T23:30:00+00:00,77.2873,soccer.total_goals,period=ft,over,total=2.75,1.78
2026-10-08T00:12:42.763138+02:00,36435232,Brasileiro Serie A,Brazil,Botafogo FR RJ,CR Vasco da Gama RJ,2026-10-07T23:30:00+00:00,77.2873,soccer.total_goals,period=ft,under,total=2.75,2.06
2026-10-08T00:12:42.763138+02:00,36435232,Brasileiro Serie A,Brazil,Botafogo FR RJ,CR Vasco da Gama RJ,2026-10-07T23:30:00+00:00,77.2873,soccer.total_goals,period=ft,over,total=3.25,2.3
2026-10-08T00:12:42.763138+02:00,36435232,Brasileiro Serie A,Brazil,Botafogo FR RJ,CR Vasco da Gama RJ,2026-10-07T23:30:00+00:00,77.2873,soccer.total_goals,period=ft,under,total=3.25,1.63
2026-10-08T00:12:42.763138+02:00,36435232,Brasileiro Serie A,Brazil,Botafogo FR RJ,CR Vasco da Gama RJ,2026-10-07T23:30:00+00:00,77.2873,soccer.total_goals,period=ft,over,total=3.5,2.6
2026-10-08T00:12:42.763138+02:00,36435232,Brasileiro Serie A,Brazil,Botafogo FR RJ,CR Vasco da Gama RJ,2026-10-07T23:30:00+00:00,77.2873,soccer.total_goals,period=ft,under,total=3.5,1.51
2026-10-08T00:12:42.763138+02:00,36435232,Brasileiro Serie A,Brazil,Botafogo FR RJ,CR Vasco da Gama RJ,2026-10-07T23:30:00+00:00,77.2873,soccer.total_goals,period=ft,over,total=4.5,4.7
2026-10-08T00:12:42.763138+02:00,36435232,Brasileiro Serie A,Brazil,Botafogo FR RJ,CR Vasco da Gama RJ,2026-10-07T23:30:00+00:00,77.2873,soccer.total_goals,period=ft,under,total=4.5,1.19
2026-10-08T00:12:42.763138+02:00,36679767,Mexico Copa Mexico,Mexico,Inter Playa Del Carmen,Ejidatarios de Bonfil FC,2026-10-07T23:00:00+00:00,47.2873,soccer.asian_handicap,period=ft,home,handicap=-0.5,1.8
2026-10-08T00:12:42.763138+02:00,36679767,Mexico Copa Mexico,Mexico,Inter Playa Del Carmen,Ejidatarios de Bonfil FC,2026-10-07T23:00:00+00:00,47.2873,soccer.asian_handicap,period=ft,away,handicap=-0.5,1.9
2026-10-08T00:12:42.763138+02:00,36679767,Mexico Copa Mexico,Mexico,Inter Playa Del Carmen,Ejidatarios de Bonfil FC,2026-10-07T23:00:00+00:00,47.2873,soccer.asian_handicap,period=ft,home,handicap=-1.25,2.75
2026-10-08T00:12:42.763138+02:00,36679767,Mexico Copa Mexico,Mexico,Inter Playa Del Carmen,Ejidatarios de Bonfil FC,2026-10-07T23:00:00+00:00,47.2873,soccer.asian_handicap,period=ft,away,handicap=-1.25,1.35
2026-10-08T00:12:42.763138+02:00,36679767,Mexico Copa Mexico,Mexico,Inter Playa Del Carmen,Ejidatarios de Bonfil FC,2026-10-07T23:00:00+00:00,47.2873,soccer.asian_handicap,period=ft,home,handicap=-1,2.4
2026-10-08T00:12:42.763138+02:00,36679767,Mexico Copa Mexico,Mexico,Inter Playa Del Carmen,Ejidatarios de Bonfil FC,2026-10-07T23:00:00+00:00,47.2873,soccer.asian_handicap,period=ft,away,handicap=-1,1.45
2026-10-08T00:12:42.763138+02:00,36679767,Mexico Copa Mexico,Mexico,Inter Playa Del Carmen,Ejidatarios de Bonfil FC,2026-10-07T23:00:00+00:00,47.2873,soccer.asian_handicap,period=ft,home,handicap=-0.75,2.02
2026-10-08T00:12:42.763138+02:00,36679767,Mexico Copa Mexico,Mexico,Inter Playa Del Carmen,Ejidatarios de Bonfil FC,2026-10-07T23:00:00+00:00,47.2873,soccer.asian_handicap,period=ft,away,handicap=-0.75,1.68
2026-10-08T00:12:42.763138+02:00,36679767,Mexico Copa Mexico,Mexico,Inter Playa Del Carmen,Ejidatarios de Bonfil FC,2026-10-07T23:00:00+00:00,47.2873,soccer.asian_handicap,period=ft,home,handicap=-0.25,1.58
2026-10-08T00:12:42.763138+02:00,36679767,Mexico Copa Mexico,Mexico,Inter Playa Del Carmen,Ejidatarios de Bonfil FC,2026-10-07T23:00:00+00:00,47.2873,soccer.asian_handicap,period=ft,away,handicap=-0.25,2.18
2026-10-08T00:12:42.763138+02:00,36679767,Mexico Copa Mexico,Mexico,Inter Playa Del Carmen,Ejidatarios de Bonfil FC,2026-10-07T23:00:00+00:00,47.2873,soccer.asian_handicap,period=ft,home,handicap=0,1.36
2026-10-08T00:12:42.763138+02:00,36679767,Mexico Copa Mexico,Mexico,Inter Playa Del Carmen,Ejidatarios de Bonfil FC,2026-10-07T23:00:00+00:00,47.2873,soccer.asian_handicap,period=ft,away,handicap=0,2.7
2026-10-08T00:12:42.763138+02:00,36679767,Mexico Copa Mexico,Mexico,Inter Playa Del Carmen,Ejidatarios de Bonfil FC,2026-10-07T23:00:00+00:00,47.2873,soccer.asian_handicap,period=ft,home,handicap=0.25,1.28
2026-10-08T00:12:42.763138+02:00,36679767,Mexico Copa Mexico,Mexico,Inter Playa Del Carmen,Ejidatarios de Bonfil FC,2026-10-07T23:00:00+00:00,47.2873,soccer.asian_handicap,period=ft,away,handicap=0.25,3.05
2026-10-08T00:12:42.763138+02:00,36679767,Mexico Copa Mexico,Mexico,Inter Playa Del Carmen,Ejidatarios de Bonfil FC,2026-10-07T23:00:00+00:00,47.2873,soccer.match_odds,period=ft,home,,1.79
2026-10-08T00:12:42.763138+02:00,36679767,Mexico Copa Mexico,Mexico,Inter Playa Del Carmen,Ejidatarios de Bonfil FC,2026-10-07T23:00:00+00:00,47.2873,soccer.match_odds,period=ft,draw,,3.5
2026-10-08T00:12:42.763138+02:00,36679767,Mexico Copa Mexico,Mexico,Inter Playa Del Carmen,Ejidatarios de Bonfil FC,2026-10-07T23:00:00+00:00,47.2873,soccer.match_odds,period=ft,away,,3.5
2026-10-08T00:12:42.763138+02:00,36679767,Mexico Copa Mexico,Mexico,Inter Playa Del Carmen,Ejidatarios de Bonfil FC,2026-10-07T23:00:00+00:00,47.2873,soccer.total_goals,period=ft,over,total=2.75,1.89
2026-10-08T00:12:42.763138+02:00,36679767,Mexico Copa Mexico,Mexico,Inter Playa Del Carmen,Ejidatarios de Bonfil FC,2026-10-07T23:00:00+00:00,47.2873,soccer.total_goals,period=ft,under,total=2.75,1.8
2026-10-08T00:12:42.763138+02:00,36679767,Mexico Copa Mexico,Mexico,Inter Playa Del Carmen,Ejidatarios de Bonfil FC,2026-10-07T23:00:00+00:00,47.2873,soccer.total_goals,period=ft,over,total=2,1.3
2026-10-08T00:12:42.763138+02:00,36679767,Mexico Copa Mexico,Mexico,Inter Playa Del Carmen,Ejidatarios de Bonfil FC,2026-10-07T23:00:00+00:00,47.2873,soccer.total_goals,period=ft,under,total=2,3.0
2026-10-08T00:12:42.763138+02:00,36679767,Mexico Copa Mexico,Mexico,Inter Playa Del Carmen,Ejidatarios de Bonfil FC,2026-10-07T23:00:00+00:00,47.2873,soccer.total_goals,period=ft,over,total=2.25,1.49
2026-10-08T00:12:42.763138+02:00,36679767,Mexico Copa Mexico,Mexico,Inter Playa Del Carmen,Ejidatarios de Bonfil FC,2026-10-07T23:00:00+00:00,47.2873,soccer.total_goals,period=ft,under,total=2.25,2.3
2026-10-08T00:12:42.763138+02:00,36679767,Mexico Copa Mexico,Mexico,Inter Playa Del Carmen,Ejidatarios de Bonfil FC,2026-10-07T23:00:00+00:00,47.2873,soccer.total_goals,period=ft,over,total=2.5,1.68
2026-10-08T00:12:42.763138+02:00,36679767,Mexico Copa Mexico,Mexico,Inter Playa Del Carmen,Ejidatarios de Bonfil FC,2026-10-07T23:00:00+00:00,47.2873,soccer.total_goals,period=ft,under,total=2.5,2.01
2026-10-08T00:12:42.763138+02:00,36679767,Mexico Copa Mexico,Mexico,Inter Playa Del Carmen,Ejidatarios de Bonfil FC,2026-10-07T23:00:00+00:00,47.2873,soccer.total_goals,period=ft,over,total=3,2.2
2026-10-08T00:12:42.763138+02:00,36679767,Mexico Copa Mexico,Mexico,Inter Playa Del Carmen,Ejidatarios de Bonfil FC,2026-10-07T23:00:00+00:00,47.2873,soccer.total_goals,period=ft,under,total=3,1.57
2026-10-08T00:12:42.763138+02:00,36679767,Mexico Copa Mexico,Mexico,Inter Playa Del Carmen,Ejidatarios de Bonfil FC,2026-10-07T23:00:00+00:00,47.2873,soccer.total_goals,period=ft,over,total=3.25,2.45
2026-10-08T00:12:42.763138+02:00,36679767,Mexico Copa Mexico,Mexico,Inter Playa Del Carmen,Ejidatarios de Bonfil FC,2026-10-07T23:00:00+00:00,47.2873,soccer.total_goals,period=ft,under,total=3.25,1.44
2026-10-08T00:12:42.763138+02:00,36679767,Mexico Copa Mexico,Mexico,Inter Playa Del Carmen,Ejidatarios de Bonfil FC,2026-10-07T23:00:00+00:00,47.2873,soccer.total_goals,period=ft,over,total=3.5,2.75
2026-10-08T00:12:42.763138+02:00,36679767,Mexico Copa Mexico,Mexico,Inter Playa Del Carmen,Ejidatarios de Bonfil FC,2026-10-07T23:00:00+00:00,47.2873,soccer.total_goals,period=ft,under,total=3.5,1.35
2026-10-08T00:12:42.763138+02:00,36609416,Brasileiro Serie B,Brazil,Avai FC SC,Londrina EC PR,2026-10-07T22:30:00+00:00,17.2873,soccer.asian_handicap,period=ft,home,handicap=-0.25,1.89
2026-10-08T00:12:42.763138+02:00,36609416,Brasileiro Serie B,Brazil,Avai FC SC,Londrina EC PR,2026-10-07T22:30:00+00:00,17.2873,soccer.asian_handicap,period=ft,away,handicap=-0.25,1.94
2026-10-08T00:12:42.763138+02:00,36609416,Brasileiro Serie B,Brazil,Avai FC SC,Londrina EC PR,2026-10-07T22:30:00+00:00,17.2873,soccer.asian_handicap,period=ft,home,handicap=-1.25,4.05
2026-10-08T00:12:42.763138+02:00,36609416,Brasileiro Serie B,Brazil,Avai FC SC,Londrina EC PR,2026-10-07T22:30:00+00:00,17.2873,soccer.asian_handicap,period=ft,away,handicap=-1.25,1.24
2026-10-08T00:12:42.763138+02:00,36609416,Brasileiro Serie B,Brazil,Avai FC SC,Londrina EC PR,2026-10-07T22:30:00+00:00,17.2873,soccer.asian_handicap,period=ft,home,handicap=-1,3.55
2026-10-08T00:12:42.763138+02:00,36609416,Brasileiro Serie B,Brazil,Avai FC SC,Londrina EC PR,2026-10-07T22:30:00+00:00,17.2873,soccer.asian_handicap,period=ft,away,handicap=-1,1.29
2026-10-08T00:12:42.763138+02:00,36609416,Brasileiro Serie B,Brazil,Avai FC SC,Londrina EC PR,2026-10-07T22:30:00+00:00,17.2873,soccer.asian_handicap,period=ft,home,handicap=-0.75,2.65
2026-10-08T00:12:42.763138+02:00,36609416,Brasileiro Serie B,Brazil,Avai FC SC,Londrina EC PR,2026-10-07T22:30:00+00:00,17.2873,soccer.asian_handicap,period=ft,away,handicap=-0.75,1.48
2026-10-08T00:12:42.763138+02:00,36609416,Brasileiro Serie B,Brazil,Avai FC SC,Londrina EC PR,2026-10-07T22:30:00+00:00,17.2873,soccer.asian_handicap,period=ft,home,handicap=-0.5,2.2
2026-10-08T00:12:42.763138+02:00,36609416,Brasileiro Serie B,Brazil,Avai FC SC,Londrina EC PR,2026-10-07T22:30:00+00:00,17.2873,soccer.asian_handicap,period=ft,away,handicap=-0.5,1.67
2026-10-08T00:12:42.763138+02:00,36609416,Brasileiro Serie B,Brazil,Avai FC SC,Londrina EC PR,2026-10-07T22:30:00+00:00,17.2873,soccer.asian_handicap,period=ft,home,handicap=0,1.55
2026-10-08T00:12:42.763138+02:00,36609416,Brasileiro Serie B,Brazil,Avai FC SC,Londrina EC PR,2026-10-07T22:30:00+00:00,17.2873,soccer.asian_handicap,period=ft,away,handicap=0,2.45
2026-10-08T00:12:42.763138+02:00,36609416,Brasileiro Serie B,Brazil,Avai FC SC,Londrina EC PR,2026-10-07T22:30:00+00:00,17.2873,soccer.asian_handicap,period=ft,home,handicap=0.25,1.4
2026-10-08T00:12:42.763138+02:00,36609416,Brasileiro Serie B,Brazil,Avai FC SC,Londrina EC PR,2026-10-07T22:30:00+00:00,17.2873,soccer.asian_handicap,period=ft,away,handicap=0.25,3.0
2026-10-08T00:12:42.763138+02:00,36609416,Brasileiro Serie B,Brazil,Avai FC SC,Londrina EC PR,2026-10-07T22:30:00+00:00,17.2873,soccer.asian_handicap,period=ft,home,handicap=0.5,1.3
2026-10-08T00:12:42.763138+02:00,36609416,Brasileiro Serie B,Brazil,Avai FC SC,Londrina EC PR,2026-10-07T22:30:00+00:00,17.2873,soccer.asian_handicap,period=ft,away,handicap=0.5,3.45
2026-10-08T00:12:42.763138+02:00,36609416,Brasileiro Serie B,Brazil,Avai FC SC,Londrina EC PR,2026-10-07T22:30:00+00:00,17.2873,soccer.asian_handicap,period=ft,home,handicap=0.75,1.19
2026-10-08T00:12:42.763138+02:00,36609416,Brasileiro Serie B,Brazil,Avai FC SC,Londrina EC PR,2026-10-07T22:30:00+00:00,17.2873,soccer.asian_handicap,period=ft,away,handicap=0.75,4.6
2026-10-08T00:12:42.763138+02:00,36609416,Brasileiro Serie B,Brazil,Avai FC SC,Londrina EC PR,2026-10-07T22:30:00+00:00,17.2873,soccer.double_chance,period=ft,draw_away,,1.66
2026-10-08T00:12:42.763138+02:00,36609416,Brasileiro Serie B,Brazil,Avai FC SC,Londrina EC PR,2026-10-07T22:30:00+00:00,17.2873,soccer.double_chance,period=ft,home_away,,1.36
2026-10-08T00:12:42.763138+02:00,36609416,Brasileiro Serie B,Brazil,Avai FC SC,Londrina EC PR,2026-10-07T22:30:00+00:00,17.2873,soccer.double_chance,period=ft,home_draw,,1.3
2026-10-08T00:12:42.763138+02:00,36609416,Brasileiro Serie B,Brazil,Avai FC SC,Londrina EC PR,2026-10-07T22:30:00+00:00,17.2873,soccer.match_odds,period=ft,home,,2.2
2026-10-08T00:12:42.763138+02:00,36609416,Brasileiro Serie B,Brazil,Avai FC SC,Londrina EC PR,2026-10-07T22:30:00+00:00,17.2873,soccer.match_odds,period=ft,draw,,3.1
2026-10-08T00:12:42.763138+02:00,36609416,Brasileiro Serie B,Brazil,Avai FC SC,Londrina EC PR,2026-10-07T22:30:00+00:00,17.2873,soccer.match_odds,period=ft,away,,3.5
2026-10-08T00:12:42.763138+02:00,36609416,Brasileiro Serie B,Brazil,Avai FC SC,Londrina EC PR,2026-10-07T22:30:00+00:00,17.2873,soccer.total_goals,period=ft,over,total=2.25,2.03
2026-10-08T00:12:42.763138+02:00,36609416,Brasileiro Serie B,Brazil,Avai FC SC,Londrina EC PR,2026-10-07T22:30:00+00:00,17.2873,soccer.total_goals,period=ft,under,total=2.25,1.8
2026-10-08T00:12:42.763138+02:00,36609416,Brasileiro Serie B,Brazil,Avai FC SC,Londrina EC PR,2026-10-07T22:30:00+00:00,17.2873,soccer.total_goals,period=ft,over,total=1.5,1.41
2026-10-08T00:12:42.763138+02:00,36609416,Brasileiro Serie B,Brazil,Avai FC SC,Londrina EC PR,2026-10-07T22:30:00+00:00,17.2873,soccer.total_goals,period=ft,under,total=1.5,2.85
2026-10-08T00:12:42.763138+02:00,36609416,Brasileiro Serie B,Brazil,Avai FC SC,Londrina EC PR,2026-10-07T22:30:00+00:00,17.2873,soccer.total_goals,period=ft,over,total=1.75,1.53
2026-10-08T00:12:42.763138+02:00,36609416,Brasileiro Serie B,Brazil,Avai FC SC,Londrina EC PR,2026-10-07T22:30:00+00:00,17.2873,soccer.total_goals,period=ft,under,total=1.75,2.5
2026-10-08T00:12:42.763138+02:00,36609416,Brasileiro Serie B,Brazil,Avai FC SC,Londrina EC PR,2026-10-07T22:30:00+00:00,17.2873,soccer.total_goals,period=ft,over,total=2,1.72
2026-10-08T00:12:42.763138+02:00,36609416,Brasileiro Serie B,Brazil,Avai FC SC,Londrina EC PR,2026-10-07T22:30:00+00:00,17.2873,soccer.total_goals,period=ft,under,total=2,2.13
2026-10-08T00:12:42.763138+02:00,36609416,Brasileiro Serie B,Brazil,Avai FC SC,Londrina EC PR,2026-10-07T22:30:00+00:00,17.2873,soccer.total_goals,period=ft,over,total=2.5,2.3
2026-10-08T00:12:42.763138+02:00,36609416,Brasileiro Serie B,Brazil,Avai FC SC,Londrina EC PR,2026-10-07T22:30:00+00:00,17.2873,soccer.total_goals,period=ft,under,total=2.5,1.6
2026-10-08T00:12:42.763138+02:00,36609416,Brasileiro Serie B,Brazil,Avai FC SC,Londrina EC PR,2026-10-07T22:30:00+00:00,17.2873,soccer.total_goals,period=ft,over,total=2.75,2.75
2026-10-08T00:12:42.763138+02:00,36609416,Brasileiro Serie B,Brazil,Avai FC SC,Londrina EC PR,2026-10-07T22:30:00+00:00,17.2873,soccer.total_goals,period=ft,under,total=2.75,1.45
2026-10-08T00:12:42.763138+02:00,36609416,Brasileiro Serie B,Brazil,Avai FC SC,Londrina EC PR,2026-10-07T22:30:00+00:00,17.2873,soccer.total_goals,period=ft,over,total=3.5,4.3
2026-10-08T00:12:42.763138+02:00,36609416,Brasileiro Serie B,Brazil,Avai FC SC,Londrina EC PR,2026-10-07T22:30:00+00:00,17.2873,soccer.total_goals,period=ft,under,total=3.5,1.21
2026-10-08T00:12:42.763138+02:00,36609397,Brasileiro Serie B,Brazil,Operario Ferroviario EC PR,Botafogo FC SP,2026-10-07T22:30:00+00:00,17.2873,soccer.asian_handicap,period=ft,home,handicap=-0.25,1.95
2026-10-08T00:12:42.763138+02:00,36609397,Brasileiro Serie B,Brazil,Operario Ferroviario EC PR,Botafogo FC SP,2026-10-07T22:30:00+00:00,17.2873,soccer.asian_handicap,period=ft,away,handicap=-0.25,1.89
2026-10-08T00:12:42.763138+02:00,36609397,Brasileiro Serie B,Brazil,Operario Ferroviario EC PR,Botafogo FC SP,2026-10-07T22:30:00+00:00,17.2873,soccer.asian_handicap,period=ft,home,handicap=-1.25,4.1
2026-10-08T00:12:42.763138+02:00,36609397,Brasileiro Serie B,Brazil,Operario Ferroviario EC PR,Botafogo FC SP,2026-10-07T22:30:00+00:00,17.2873,soccer.asian_handicap,period=ft,away,handicap=-1.25,1.23
2026-10-08T00:12:42.763138+02:00,36609397,Brasileiro Serie B,Brazil,Operario Ferroviario EC PR,Botafogo FC SP,2026-10-07T22:30:00+00:00,17.2873,soccer.asian_handicap,period=ft,home,handicap=-1,3.6
2026-10-08T00:12:42.763138+02:00,36609397,Brasileiro Serie B,Brazil,Operario Ferroviario EC PR,Botafogo FC SP,2026-10-07T22:30:00+00:00,17.2873,soccer.asian_handicap,period=ft,away,handicap=-1,1.28
2026-10-08T00:12:42.763138+02:00,36609397,Brasileiro Serie B,Brazil,Operario Ferroviario EC PR,Botafogo FC SP,2026-10-07T22:30:00+00:00,17.2873,soccer.asian_handicap,period=ft,home,handicap=-0.75,2.7
2026-10-08T00:12:42.763138+02:00,36609397,Brasileiro Serie B,Brazil,Operario Ferroviario EC PR,Botafogo FC SP,2026-10-07T22:30:00+00:00,17.2873,soccer.asian_handicap,period=ft,away,handicap=-0.75,1.47
2026-10-08T00:12:42.763138+02:00,36609397,Brasileiro Serie B,Brazil,Operario Ferroviario EC PR,Botafogo FC SP,2026-10-07T22:30:00+00:00,17.2873,soccer.asian_handicap,period=ft,home,handicap=-0.5,2.25
2026-10-08T00:12:42.763138+02:00,36609397,Brasileiro Serie B,Brazil,Operario Ferroviario EC PR,Botafogo FC SP,2026-10-07T22:30:00+00:00,17.2873,soccer.asian_handicap,period=ft,away,handicap=-0.5,1.65
2026-10-08T00:12:42.763138+02:00,36609397,Brasileiro Serie B,Brazil,Operario Ferroviario EC PR,Botafogo FC SP,2026-10-07T22:30:00+00:00,17.2873,soccer.asian_handicap,period=ft,home,handicap=0,1.6
2026-10-08T00:12:42.763138+02:00,36609397,Brasileiro Serie B,Brazil,Operario Ferroviario EC PR,Botafogo FC SP,2026-10-07T22:30:00+00:00,17.2873,soccer.asian_handicap,period=ft,away,handicap=0,2.35
2026-10-08T00:12:42.763138+02:00,36609397,Brasileiro Serie B,Brazil,Operario Ferroviario EC PR,Botafogo FC SP,2026-10-07T22:30:00+00:00,17.2873,soccer.asian_handicap,period=ft,home,handicap=0.25,1.43
2026-10-08T00:12:42.763138+02:00,36609397,Brasileiro Serie B,Brazil,Operario Ferroviario EC PR,Botafogo FC SP,2026-10-07T22:30:00+00:00,17.2873,soccer.asian_handicap,period=ft,away,handicap=0.25,2.85
2026-10-08T00:12:42.763138+02:00,36609397,Brasileiro Serie B,Brazil,Operario Ferroviario EC PR,Botafogo FC SP,2026-10-07T22:30:00+00:00,17.2873,soccer.asian_handicap,period=ft,home,handicap=0.5,1.33
2026-10-08T00:12:42.763138+02:00,36609397,Brasileiro Serie B,Brazil,Operario Ferroviario EC PR,Botafogo FC SP,2026-10-07T22:30:00+00:00,17.2873,soccer.asian_handicap,period=ft,away,handicap=0.5,3.3
2026-10-08T00:12:42.763138+02:00,36609397,Brasileiro Serie B,Brazil,Operario Ferroviario EC PR,Botafogo FC SP,2026-10-07T22:30:00+00:00,17.2873,soccer.asian_handicap,period=ft,home,handicap=0.75,1.21
2026-10-08T00:12:42.763138+02:00,36609397,Brasileiro Serie B,Brazil,Operario Ferroviario EC PR,Botafogo FC SP,2026-10-07T22:30:00+00:00,17.2873,soccer.asian_handicap,period=ft,away,handicap=0.75,4.35
2026-10-08T00:12:42.763138+02:00,36609397,Brasileiro Serie B,Brazil,Operario Ferroviario EC PR,Botafogo FC SP,2026-10-07T22:30:00+00:00,17.2873,soccer.double_chance,period=ft,draw_away,,1.65
2026-10-08T00:12:42.763138+02:00,36609397,Brasileiro Serie B,Brazil,Operario Ferroviario EC PR,Botafogo FC SP,2026-10-07T22:30:00+00:00,17.2873,soccer.double_chance,period=ft,home_away,,1.34
2026-10-08T00:12:42.763138+02:00,36609397,Brasileiro Serie B,Brazil,Operario Ferroviario EC PR,Botafogo FC SP,2026-10-07T22:30:00+00:00,17.2873,soccer.double_chance,period=ft,home_draw,,1.32
2026-10-08T00:12:42.763138+02:00,36609397,Brasileiro Serie B,Brazil,Operario Ferroviario EC PR,Botafogo FC SP,2026-10-07T22:30:00+00:00,17.2873,soccer.match_odds,period=ft,home,,2.25
2026-10-08T00:12:42.763138+02:00,36609397,Brasileiro Serie B,Brazil,Operario Ferroviario EC PR,Botafogo FC SP,2026-10-07T22:30:00+00:00,17.2873,soccer.match_odds,period=ft,draw,,3.2
2026-10-08T00:12:42.763138+02:00,36609397,Brasileiro Serie B,Brazil,Operario Ferroviario EC PR,Botafogo FC SP,2026-10-07T22:30:00+00:00,17.2873,soccer.match_odds,period=ft,away,,3.3
2026-10-08T00:12:42.763138+02:00,36609397,Brasileiro Serie B,Brazil,Operario Ferroviario EC PR,Botafogo FC SP,2026-10-07T22:30:00+00:00,17.2873,soccer.total_goals,period=ft,over,total=2.25,1.97
2026-10-08T00:12:42.763138+02:00,36609397,Brasileiro Serie B,Brazil,Operario Ferroviario EC PR,Botafogo FC SP,2026-10-07T22:30:00+00:00,17.2873,soccer.total_goals,period=ft,under,total=2.25,1.86
2026-10-08T00:12:42.763138+02:00,36609397,Brasileiro Serie B,Brazil,Operario Ferroviario EC PR,Botafogo FC SP,2026-10-07T22:30:00+00:00,17.2873,soccer.total_goals,period=ft,over,total=1.5,1.39
2026-10-08T00:12:42.763138+02:00,36609397,Brasileiro Serie B,Brazil,Operario Ferroviario EC PR,Botafogo FC SP,2026-10-07T22:30:00+00:00,17.2873,soccer.total_goals,period=ft,under,total=1.5,2.95
2026-10-08T00:12:42.763138+02:00,36609397,Brasileiro Serie B,Brazil,Operario Ferroviario EC PR,Botafogo FC SP,2026-10-07T22:30:00+00:00,17.2873,soccer.total_goals,period=ft,over,total=1.75,1.49
2026-10-08T00:12:42.763138+02:00,36609397,Brasileiro Serie B,Brazil,Operario Ferroviario EC PR,Botafogo FC SP,2026-10-07T22:30:00+00:00,17.2873,soccer.total_goals,period=ft,under,total=1.75,2.6
2026-10-08T00:12:42.763138+02:00,36609397,Brasileiro Serie B,Brazil,Operario Ferroviario EC PR,Botafogo FC SP,2026-10-07T22:30:00+00:00,17.2873,soccer.total_goals,period=ft,over,total=2,1.66
2026-10-08T00:12:42.763138+02:00,36609397,Brasileiro Serie B,Brazil,Operario Ferroviario EC PR,Botafogo FC SP,2026-10-07T22:30:00+00:00,17.2873,soccer.total_goals,period=ft,under,total=2,2.2
2026-10-08T00:12:42.763138+02:00,36609397,Brasileiro Serie B,Brazil,Operario Ferroviario EC PR,Botafogo FC SP,2026-10-07T22:30:00+00:00,17.2873,soccer.total_goals,period=ft,over,total=2.5,2.2
2026-10-08T00:12:42.763138+02:00,36609397,Brasileiro Serie B,Brazil,Operario Ferroviario EC PR,Botafogo FC SP,2026-10-07T22:30:00+00:00,17.2873,soccer.total_goals,period=ft,under,total=2.5,1.65
2026-10-08T00:12:42.763138+02:00,36609397,Brasileiro Serie B,Brazil,Operario Ferroviario EC PR,Botafogo FC SP,2026-10-07T22:30:00+00:00,17.2873,soccer.total_goals,period=ft,over,total=2.75,2.6
2026-10-08T00:12:42.763138+02:00,36609397,Brasileiro Serie B,Brazil,Operario Ferroviario EC PR,Botafogo FC SP,2026-10-07T22:30:00+00:00,17.2873,soccer.total_goals,period=ft,under,total=2.75,1.48
2026-10-08T00:12:42.763138+02:00,36609397,Brasileiro Serie B,Brazil,Operario Ferroviario EC PR,Botafogo FC SP,2026-10-07T22:30:00+00:00,17.2873,soccer.total_goals,period=ft,over,total=3.5,4.2
2026-10-08T00:12:42.763138+02:00,36609397,Brasileiro Serie B,Brazil,Operario Ferroviario EC PR,Botafogo FC SP,2026-10-07T22:30:00+00:00,17.2873,soccer.total_goals,period=ft,under,total=3.5,1.22
2026-10-08T00:12:42.763138+02:00,36609422,Brasileiro Serie B,Brazil,America FC MG,Fortaleza EC CE,2026-10-07T23:30:00+00:00,77.2873,soccer.asian_handicap,period=ft,home,handicap=0.5,1.92
2026-10-08T00:12:42.763138+02:00,36609422,Brasileiro Serie B,Brazil,America FC MG,Fortaleza EC CE,2026-10-07T23:30:00+00:00,77.2873,soccer.asian_handicap,period=ft,away,handicap=0.5,1.92
2026-10-08T00:12:42.763138+02:00,36609422,Brasileiro Serie B,Brazil,America FC MG,Fortaleza EC CE,2026-10-07T23:30:00+00:00,77.2873,soccer.asian_handicap,period=ft,home,handicap=-0.5,4.0
2026-10-08T00:12:42.763138+02:00,36609422,Brasileiro Serie B,Brazil,America FC MG,Fortaleza EC CE,2026-10-07T23:30:00+00:00,77.2873,soccer.asian_handicap,period=ft,away,handicap=-0.5,1.24
2026-10-08T00:12:42.763138+02:00,36609422,Brasileiro Serie B,Brazil,America FC MG,Fortaleza EC CE,2026-10-07T23:30:00+00:00,77.2873,soccer.asian_handicap,period=ft,home,handicap=-0.25,3.5
2026-10-08T00:12:42.763138+02:00,36609422,Brasileiro Serie B,Brazil,America FC MG,Fortaleza EC CE,2026-10-07T23:30:00+00:00,77.2873,soccer.asian_handicap,period=ft,away,handicap=-0.25,1.3
2026-10-08T00:12:42.763138+02:00,36609422,Brasileiro Serie B,Brazil,America FC MG,Fortaleza EC CE,2026-10-07T23:30:00+00:00,77.2873,soccer.asian_handicap,period=ft,home,handicap=0,3.0
2026-10-08T00:12:42.763138+02:00,36609422,Brasileiro Serie B,Brazil,America FC MG,Fortaleza EC CE,2026-10-07T23:30:00+00:00,77.2873,soccer.asian_handicap,period=ft,away,handicap=0,1.4
2026-10-08T00:12:42.763138+02:00,36609422,Brasileiro Serie B,Brazil,America FC MG,Fortaleza EC CE,2026-10-07T23:30:00+00:00,77.2873,soccer.asian_handicap,period=ft,home,handicap=0.25,2.25
2026-10-08T00:12:42.763138+02:00,36609422,Brasileiro Serie B,Brazil,America FC MG,Fortaleza EC CE,2026-10-07T23:30:00+00:00,77.2873,soccer.asian_handicap,period=ft,away,handicap=0.25,1.65
2026-10-08T00:12:42.763138+02:00,36609422,Brasileiro Serie B,Brazil,America FC MG,Fortaleza EC CE,2026-10-07T23:30:00+00:00,77.2873,soccer.asian_handicap,period=ft,home,handicap=0.75,1.67
2026-10-08T00:12:42.763138+02:00,36609422,Brasileiro Serie B,Brazil,America FC MG,Fortaleza EC CE,2026-10-07T23:30:00+00:00,77.2873,soccer.asian_handicap,period=ft,away,handicap=0.75,2.2
2026-10-08T00:12:42.763138+02:00,36609422,Brasileiro Serie B,Brazil,America FC MG,Fortaleza EC CE,2026-10-07T23:30:00+00:00,77.2873,soccer.asian_handicap,period=ft,home,handicap=1,1.43
2026-10-08T00:12:42.763138+02:00,36609422,Brasileiro Serie B,Brazil,America FC MG,Fortaleza EC CE,2026-10-07T23:30:00+00:00,77.2873,soccer.asian_handicap,period=ft,away,handicap=1,2.85
2026-10-08T00:12:42.763138+02:00,36609422,Brasileiro Serie B,Brazil,America FC MG,Fortaleza EC CE,2026-10-07T23:30:00+00:00,77.2873,soccer.asian_handicap,period=ft,home,handicap=1.25,1.33
2026-10-08T00:12:42.763138+02:00,36609422,Brasileiro Serie B,Brazil,America FC MG,Fortaleza EC CE,2026-10-07T23:30:00+00:00,77.2873,soccer.asian_handicap,period=ft,away,handicap=1.25,3.3
2026-10-08T00:12:42.763138+02:00,36609422,Brasileiro Serie B,Brazil,America FC MG,Fortaleza EC CE,2026-10-07T23:30:00+00:00,77.2873,soccer.asian_handicap,period=ft,home,handicap=1.5,1.27
2026-10-08T00:12:42.763138+02:00,36609422,Brasileiro Serie B,Brazil,America FC MG,Fortaleza EC CE,2026-10-07T23:30:00+00:00,77.2873,soccer.asian_handicap,period=ft,away,handicap=1.5,3.75
2026-10-08T00:12:42.763138+02:00,36609422,Brasileiro Serie B,Brazil,America FC MG,Fortaleza EC CE,2026-10-07T23:30:00+00:00,77.2873,soccer.double_chance,period=ft,draw_away,,1.24
2026-10-08T00:12:42.763138+02:00,36609422,Brasileiro Serie B,Brazil,America FC MG,Fortaleza EC CE,2026-10-07T23:30:00+00:00,77.2873,soccer.double_chance,period=ft,home_away,,1.3
2026-10-08T00:12:42.763138+02:00,36609422,Brasileiro Serie B,Brazil,America FC MG,Fortaleza EC CE,2026-10-07T23:30:00+00:00,77.2873,soccer.double_chance,period=ft,home_draw,,1.89
2026-10-08T00:12:42.763138+02:00,36609422,Brasileiro Serie B,Brazil,America FC MG,Fortaleza EC CE,2026-10-07T23:30:00+00:00,77.2873,soccer.match_odds,period=ft,home,,4.05
2026-10-08T00:12:42.763138+02:00,36609422,Brasileiro Serie B,Brazil,America FC MG,Fortaleza EC CE,2026-10-07T23:30:00+00:00,77.2873,soccer.match_odds,period=ft,draw,,3.5
2026-10-08T00:12:42.763138+02:00,36609422,Brasileiro Serie B,Brazil,America FC MG,Fortaleza EC CE,2026-10-07T23:30:00+00:00,77.2873,soccer.match_odds,period=ft,away,,1.91
2026-10-08T00:12:42.763138+02:00,36609422,Brasileiro Serie B,Brazil,America FC MG,Fortaleza EC CE,2026-10-07T23:30:00+00:00,77.2873,soccer.total_goals,period=ft,over,total=2.25,1.82
2026-10-08T00:12:42.763138+02:00,36609422,Brasileiro Serie B,Brazil,America FC MG,Fortaleza EC CE,2026-10-07T23:30:00+00:00,77.2873,soccer.total_goals,period=ft,under,total=2.25,2.01
2026-10-08T00:12:42.763138+02:00,36609422,Brasileiro Serie B,Brazil,America FC MG,Fortaleza EC CE,2026-10-07T23:30:00+00:00,77.2873,soccer.total_goals,period=ft,over,total=1.5,1.34
2026-10-08T00:12:42.763138+02:00,36609422,Brasileiro Serie B,Brazil,America FC MG,Fortaleza EC CE,2026-10-07T23:30:00+00:00,77.2873,soccer.total_goals,period=ft,under,total=1.5,3.2
2026-10-08T00:12:42.763138+02:00,36609422,Brasileiro Serie B,Brazil,America FC MG,Fortaleza EC CE,2026-10-07T23:30:00+00:00,77.2873,soccer.total_goals,period=ft,over,total=1.75,1.42
2026-10-08T00:12:42.763138+02:00,36609422,Brasileiro Serie B,Brazil,America FC MG,Fortaleza EC CE,2026-10-07T23:30:00+00:00,77.2873,soccer.total_goals,period=ft,under,total=1.75,2.85
2026-10-08T00:12:42.763138+02:00,36609422,Brasileiro Serie B,Brazil,America FC MG,Fortaleza EC CE,2026-10-07T23:30:00+00:00,77.2873,soccer.total_goals,period=ft,over,total=2,1.55
2026-10-08T00:12:42.763138+02:00,36609422,Brasileiro Serie B,Brazil,America FC MG,Fortaleza EC CE,2026-10-07T23:30:00+00:00,77.2873,soccer.total_goals,period=ft,under,total=2,2.45
2026-10-08T00:12:42.763138+02:00,36609422,Brasileiro Serie B,Brazil,America FC MG,Fortaleza EC CE,2026-10-07T23:30:00+00:00,77.2873,soccer.total_goals,period=ft,over,total=2.5,2.08
2026-10-08T00:12:42.763138+02:00,36609422,Brasileiro Serie B,Brazil,America FC MG,Fortaleza EC CE,2026-10-07T23:30:00+00:00,77.2873,soccer.total_goals,period=ft,under,total=2.5,1.75
2026-10-08T00:12:42.763138+02:00,36609422,Brasileiro Serie B,Brazil,America FC MG,Fortaleza EC CE,2026-10-07T23:30:00+00:00,77.2873,soccer.total_goals,period=ft,over,total=2.75,2.4
2026-10-08T00:12:42.763138+02:00,36609422,Brasileiro Serie B,Brazil,America FC MG,Fortaleza EC CE,2026-10-07T23:30:00+00:00,77.2873,soccer.total_goals,period=ft,under,total=2.75,1.56
2026-10-08T00:12:42.763138+02:00,36609422,Brasileiro Serie B,Brazil,America FC MG,Fortaleza EC CE,2026-10-07T23:30:00+00:00,77.2873,soccer.total_goals,period=ft,over,total=3.5,3.75
2026-10-08T00:12:42.763138+02:00,36609422,Brasileiro Serie B,Brazil,America FC MG,Fortaleza EC CE,2026-10-07T23:30:00+00:00,77.2873,soccer.total_goals,period=ft,under,total=3.5,1.26
2026-10-08T00:12:42.763138+02:00,36666889,Copa Venezuela,Venezuela,Barquisimeto SC,Aragua FC,2026-10-07T22:30:00+00:00,17.2873,soccer.asian_handicap,period=ft,home,handicap=0,1.9
2026-10-08T00:12:42.763138+02:00,36666889,Copa Venezuela,Venezuela,Barquisimeto SC,Aragua FC,2026-10-07T22:30:00+00:00,17.2873,soccer.asian_handicap,period=ft,away,handicap=0,1.8
2026-10-08T00:12:42.763138+02:00,36666889,Copa Venezuela,Venezuela,Barquisimeto SC,Aragua FC,2026-10-07T22:30:00+00:00,17.2873,soccer.asian_handicap,period=ft,home,handicap=-0.75,3.0
2026-10-08T00:12:42.763138+02:00,36666889,Copa Venezuela,Venezuela,Barquisimeto SC,Aragua FC,2026-10-07T22:30:00+00:00,17.2873,soccer.asian_handicap,period=ft,away,handicap=-0.75,1.29
2026-10-08T00:12:42.763138+02:00,36666889,Copa Venezuela,Venezuela,Barquisimeto SC,Aragua FC,2026-10-07T22:30:00+00:00,17.2873,soccer.asian_handicap,period=ft,home,handicap=-0.5,2.5
2026-10-08T00:12:42.763138+02:00,36666889,Copa Venezuela,Venezuela,Barquisimeto SC,Aragua FC,2026-10-07T22:30:00+00:00,17.2873,soccer.asian_handicap,period=ft,away,handicap=-0.5,1.42
2026-10-08T00:12:42.763138+02:00,36666889,Copa Venezuela,Venezuela,Barquisimeto SC,Aragua FC,2026-10-07T22:30:00+00:00,17.2873,soccer.asian_handicap,period=ft,home,handicap=-0.25,2.2
2026-10-08T00:12:42.763138+02:00,36666889,Copa Venezuela,Venezuela,Barquisimeto SC,Aragua FC,2026-10-07T22:30:00+00:00,17.2873,soccer.asian_handicap,period=ft,away,handicap=-0.25,1.56
2026-10-08T00:12:42.763138+02:00,36666889,Copa Venezuela,Venezuela,Barquisimeto SC,Aragua FC,2026-10-07T22:30:00+00:00,17.2873,soccer.asian_handicap,period=ft,home,handicap=0.25,1.62
2026-10-08T00:12:42.763138+02:00,36666889,Copa Venezuela,Venezuela,Barquisimeto SC,Aragua FC,2026-10-07T22:30:00+00:00,17.2873,soccer.asian_handicap,period=ft,away,handicap=0.25,2.1
2026-10-08T00:12:42.763138+02:00,36666889,Copa Venezuela,Venezuela,Barquisimeto SC,Aragua FC,2026-10-07T22:30:00+00:00,17.2873,soccer.asian_handicap,period=ft,home,handicap=0.5,1.47
2026-10-08T00:12:42.763138+02:00,36666889,Copa Venezuela,Venezuela,Barquisimeto SC,Aragua FC,2026-10-07T22:30:00+00:00,17.2873,soccer.asian_handicap,period=ft,away,handicap=0.5,2.35
2026-10-08T00:12:42.763138+02:00,36666889,Copa Venezuela,Venezuela,Barquisimeto SC,Aragua FC,2026-10-07T22:30:00+00:00,17.2873,soccer.asian_handicap,period=ft,home,handicap=0.75,1.33
2026-10-08T00:12:42.763138+02:00,36666889,Copa Venezuela,Venezuela,Barquisimeto SC,Aragua FC,2026-10-07T22:30:00+00:00,17.2873,soccer.asian_handicap,period=ft,away,handicap=0.75,2.85
2026-10-08T00:12:42.763138+02:00,36666889,Copa Venezuela,Venezuela,Barquisimeto SC,Aragua FC,2026-10-07T22:30:00+00:00,17.2873,soccer.double_chance,period=ft,draw_away,,1.48
2026-10-08T00:12:42.763138+02:00,36666889,Copa Venezuela,Venezuela,Barquisimeto SC,Aragua FC,2026-10-07T22:30:00+00:00,17.2873,soccer.double_chance,period=ft,home_away,,1.32
2026-10-08T00:12:42.763138+02:00,36666889,Copa Venezuela,Venezuela,Barquisimeto SC,Aragua FC,2026-10-07T22:30:00+00:00,17.2873,soccer.double_chance,period=ft,home_draw,,1.5
2026-10-08T00:12:42.763138+02:00,36666889,Copa Venezuela,Venezuela,Barquisimeto SC,Aragua FC,2026-10-07T22:30:00+00:00,17.2873,soccer.match_odds,period=ft,home,,2.55
2026-10-08T00:12:42.763138+02:00,36666889,Copa Venezuela,Venezuela,Barquisimeto SC,Aragua FC,2026-10-07T22:30:00+00:00,17.2873,soccer.match_odds,period=ft,draw,,3.1
2026-10-08T00:12:42.763138+02:00,36666889,Copa Venezuela,Venezuela,Barquisimeto SC,Aragua FC,2026-10-07T22:30:00+00:00,17.2873,soccer.match_odds,period=ft,away,,2.4
2026-10-08T00:12:42.763138+02:00,36666889,Copa Venezuela,Venezuela,Barquisimeto SC,Aragua FC,2026-10-07T22:30:00+00:00,17.2873,soccer.total_goals,period=ft,over,total=2.5,1.82
2026-10-08T00:12:42.763138+02:00,36666889,Copa Venezuela,Venezuela,Barquisimeto SC,Aragua FC,2026-10-07T22:30:00+00:00,17.2873,soccer.total_goals,period=ft,under,total=2.5,1.88
2026-10-08T00:12:42.763138+02:00,36666889,Copa Venezuela,Venezuela,Barquisimeto SC,Aragua FC,2026-10-07T22:30:00+00:00,17.2873,soccer.total_goals,period=ft,over,total=1.75,1.27
2026-10-08T00:12:42.763138+02:00,36666889,Copa Venezuela,Venezuela,Barquisimeto SC,Aragua FC,2026-10-07T22:30:00+00:00,17.2873,soccer.total_goals,period=ft,under,total=1.75,3.15
2026-10-08T00:12:42.763138+02:00,36666889,Copa Venezuela,Venezuela,Barquisimeto SC,Aragua FC,2026-10-07T22:30:00+00:00,17.2873,soccer.total_goals,period=ft,over,total=2,1.35
2026-10-08T00:12:42.763138+02:00,36666889,Copa Venezuela,Venezuela,Barquisimeto SC,Aragua FC,2026-10-07T22:30:00+00:00,17.2873,soccer.total_goals,period=ft,under,total=2,2.75
2026-10-08T00:12:42.763138+02:00,36666889,Copa Venezuela,Venezuela,Barquisimeto SC,Aragua FC,2026-10-07T22:30:00+00:00,17.2873,soccer.total_goals,period=ft,over,total=2.25,1.58
2026-10-08T00:12:42.763138+02:00,36666889,Copa Venezuela,Venezuela,Barquisimeto SC,Aragua FC,2026-10-07T22:30:00+00:00,17.2873,soccer.total_goals,period=ft,under,total=2.25,2.17
2026-10-08T00:12:42.763138+02:00,36666889,Copa Venezuela,Venezuela,Barquisimeto SC,Aragua FC,2026-10-07T22:30:00+00:00,17.2873,soccer.total_goals,period=ft,over,total=2.75,2.02
2026-10-08T00:12:42.763138+02:00,36666889,Copa Venezuela,Venezuela,Barquisimeto SC,Aragua FC,2026-10-07T22:30:00+00:00,17.2873,soccer.total_goals,period=ft,under,total=2.75,1.67
2026-10-08T00:12:42.763138+02:00,36666889,Copa Venezuela,Venezuela,Barquisimeto SC,Aragua FC,2026-10-07T22:30:00+00:00,17.2873,soccer.total_goals,period=ft,over,total=3,2.35
2026-10-08T00:12:42.763138+02:00,36666889,Copa Venezuela,Venezuela,Barquisimeto SC,Aragua FC,2026-10-07T22:30:00+00:00,17.2873,soccer.total_goals,period=ft,under,total=3,1.47
2026-10-08T00:12:42.763138+02:00,36666889,Copa Venezuela,Venezuela,Barquisimeto SC,Aragua FC,2026-10-07T22:30:00+00:00,17.2873,soccer.total_goals,period=ft,over,total=3.25,2.65
2026-10-08T00:12:42.763138+02:00,36666889,Copa Venezuela,Venezuela,Barquisimeto SC,Aragua FC,2026-10-07T22:30:00+00:00,17.2873,soccer.total_goals,period=ft,under,total=3.25,1.38
2026-10-08T00:14:38.304745+02:00,36679767,Mexico Copa Mexico,Mexico,Inter Playa Del Carmen,Ejidatarios de Bonfil FC,2026-10-07T23:00:00+00:00,45.3616,soccer.asian_handicap,period=ft,home,handicap=-0.5,1.8
2026-10-08T00:14:38.304745+02:00,36679767,Mexico Copa Mexico,Mexico,Inter Playa Del Carmen,Ejidatarios de Bonfil FC,2026-10-07T23:00:00+00:00,45.3616,soccer.asian_handicap,period=ft,away,handicap=-0.5,1.9
2026-10-08T00:14:38.304745+02:00,36679767,Mexico Copa Mexico,Mexico,Inter Playa Del Carmen,Ejidatarios de Bonfil FC,2026-10-07T23:00:00+00:00,45.3616,soccer.asian_handicap,period=ft,home,handicap=-1.25,2.75
2026-10-08T00:14:38.304745+02:00,36679767,Mexico Copa Mexico,Mexico,Inter Playa Del Carmen,Ejidatarios de Bonfil FC,2026-10-07T23:00:00+00:00,45.3616,soccer.asian_handicap,period=ft,away,handicap=-1.25,1.35
2026-10-08T00:14:38.304745+02:00,36679767,Mexico Copa Mexico,Mexico,Inter Playa Del Carmen,Ejidatarios de Bonfil FC,2026-10-07T23:00:00+00:00,45.3616,soccer.asian_handicap,period=ft,home,handicap=-1,2.4
2026-10-08T00:14:38.304745+02:00,36679767,Mexico Copa Mexico,Mexico,Inter Playa Del Carmen,Ejidatarios de Bonfil FC,2026-10-07T23:00:00+00:00,45.3616,soccer.asian_handicap,period=ft,away,handicap=-1,1.45
2026-10-08T00:14:38.304745+02:00,36679767,Mexico Copa Mexico,Mexico,Inter Playa Del Carmen,Ejidatarios de Bonfil FC,2026-10-07T23:00:00+00:00,45.3616,soccer.asian_handicap,period=ft,home,handicap=-0.75,2.02
2026-10-08T00:14:38.304745+02:00,36679767,Mexico Copa Mexico,Mexico,Inter Playa Del Carmen,Ejidatarios de Bonfil FC,2026-10-07T23:00:00+00:00,45.3616,soccer.asian_handicap,period=ft,away,handicap=-0.75,1.68
2026-10-08T00:14:38.304745+02:00,36679767,Mexico Copa Mexico,Mexico,Inter Playa Del Carmen,Ejidatarios de Bonfil FC,2026-10-07T23:00:00+00:00,45.3616,soccer.asian_handicap,period=ft,home,handicap=-0.25,1.58
2026-10-08T00:14:38.304745+02:00,36679767,Mexico Copa Mexico,Mexico,Inter Playa Del Carmen,Ejidatarios de Bonfil FC,2026-10-07T23:00:00+00:00,45.3616,soccer.asian_handicap,period=ft,away,handicap=-0.25,2.18
2026-10-08T00:14:38.304745+02:00,36679767,Mexico Copa Mexico,Mexico,Inter Playa Del Carmen,Ejidatarios de Bonfil FC,2026-10-07T23:00:00+00:00,45.3616,soccer.asian_handicap,period=ft,home,handicap=0,1.36
2026-10-08T00:14:38.304745+02:00,36679767,Mexico Copa Mexico,Mexico,Inter Playa Del Carmen,Ejidatarios de Bonfil FC,2026-10-07T23:00:00+00:00,45.3616,soccer.asian_handicap,period=ft,away,handicap=0,2.7
2026-10-08T00:14:38.304745+02:00,36679767,Mexico Copa Mexico,Mexico,Inter Playa Del Carmen,Ejidatarios de Bonfil FC,2026-10-07T23:00:00+00:00,45.3616,soccer.asian_handicap,period=ft,home,handicap=0.25,1.28
2026-10-08T00:14:38.304745+02:00,36679767,Mexico Copa Mexico,Mexico,Inter Playa Del Carmen,Ejidatarios de Bonfil FC,2026-10-07T23:00:00+00:00,45.3616,soccer.asian_handicap,period=ft,away,handicap=0.25,3.05
2026-10-08T00:14:38.304745+02:00,36679767,Mexico Copa Mexico,Mexico,Inter Playa Del Carmen,Ejidatarios de Bonfil FC,2026-10-07T23:00:00+00:00,45.3616,soccer.match_odds,period=ft,home,,1.79
2026-10-08T00:14:38.304745+02:00,36679767,Mexico Copa Mexico,Mexico,Inter Playa Del Carmen,Ejidatarios de Bonfil FC,2026-10-07T23:00:00+00:00,45.3616,soccer.match_odds,period=ft,draw,,3.5
2026-10-08T00:14:38.304745+02:00,36679767,Mexico Copa Mexico,Mexico,Inter Playa Del Carmen,Ejidatarios de Bonfil FC,2026-10-07T23:00:00+00:00,45.3616,soccer.match_odds,period=ft,away,,3.5
2026-10-08T00:14:38.304745+02:00,36679767,Mexico Copa Mexico,Mexico,Inter Playa Del Carmen,Ejidatarios de Bonfil FC,2026-10-07T23:00:00+00:00,45.3616,soccer.total_goals,period=ft,over,total=2.75,1.89
2026-10-08T00:14:38.304745+02:00,36679767,Mexico Copa Mexico,Mexico,Inter Playa Del Carmen,Ejidatarios de Bonfil FC,2026-10-07T23:00:00+00:00,45.3616,soccer.total_goals,period=ft,under,total=2.75,1.8
2026-10-08T00:14:38.304745+02:00,36679767,Mexico Copa Mexico,Mexico,Inter Playa Del Carmen,Ejidatarios de Bonfil FC,2026-10-07T23:00:00+00:00,45.3616,soccer.total_goals,period=ft,over,total=2,1.3
2026-10-08T00:14:38.304745+02:00,36679767,Mexico Copa Mexico,Mexico,Inter Playa Del Carmen,Ejidatarios de Bonfil FC,2026-10-07T23:00:00+00:00,45.3616,soccer.total_goals,period=ft,under,total=2,3.0
2026-10-08T00:14:38.304745+02:00,36679767,Mexico Copa Mexico,Mexico,Inter Playa Del Carmen,Ejidatarios de Bonfil FC,2026-10-07T23:00:00+00:00,45.3616,soccer.total_goals,period=ft,over,total=2.25,1.49
2026-10-08T00:14:38.304745+02:00,36679767,Mexico Copa Mexico,Mexico,Inter Playa Del Carmen,Ejidatarios de Bonfil FC,2026-10-07T23:00:00+00:00,45.3616,soccer.total_goals,period=ft,under,total=2.25,2.3
2026-10-08T00:14:38.304745+02:00,36679767,Mexico Copa Mexico,Mexico,Inter Playa Del Carmen,Ejidatarios de Bonfil FC,2026-10-07T23:00:00+00:00,45.3616,soccer.total_goals,period=ft,over,total=2.5,1.68
2026-10-08T00:14:38.304745+02:00,36679767,Mexico Copa Mexico,Mexico,Inter Playa Del Carmen,Ejidatarios de Bonfil FC,2026-10-07T23:00:00+00:00,45.3616,soccer.total_goals,period=ft,under,total=2.5,2.01
2026-10-08T00:14:38.304745+02:00,36679767,Mexico Copa Mexico,Mexico,Inter Playa Del Carmen,Ejidatarios de Bonfil FC,2026-10-07T23:00:00+00:00,45.3616,soccer.total_goals,period=ft,over,total=3,2.2
2026-10-08T00:14:38.304745+02:00,36679767,Mexico Copa Mexico,Mexico,Inter Playa Del Carmen,Ejidatarios de Bonfil FC,2026-10-07T23:00:00+00:00,45.3616,soccer.total_goals,period=ft,under,total=3,1.57
2026-10-08T00:14:38.304745+02:00,36679767,Mexico Copa Mexico,Mexico,Inter Playa Del Carmen,Ejidatarios de Bonfil FC,2026-10-07T23:00:00+00:00,45.3616,soccer.total_goals,period=ft,over,total=3.25,2.45
2026-10-08T00:14:38.304745+02:00,36679767,Mexico Copa Mexico,Mexico,Inter Playa Del Carmen,Ejidatarios de Bonfil FC,2026-10-07T23:00:00+00:00,45.3616,soccer.total_goals,period=ft,under,total=3.25,1.44
2026-10-08T00:14:38.304745+02:00,36679767,Mexico Copa Mexico,Mexico,Inter Playa Del Carmen,Ejidatarios de Bonfil FC,2026-10-07T23:00:00+00:00,45.3616,soccer.total_goals,period=ft,over,total=3.5,2.75
2026-10-08T00:14:38.304745+02:00,36679767,Mexico Copa Mexico,Mexico,Inter Playa Del Carmen,Ejidatarios de Bonfil FC,2026-10-07T23:00:00+00:00,45.3616,soccer.total_goals,period=ft,under,total=3.5,1.35
2026-10-08T00:14:38.304745+02:00,36667093,Copa Uruguay,Uruguay,Libertad,CA Bella Vista,2026-10-07T23:00:00+00:00,45.3616,soccer.asian_handicap,period=ft,home,handicap=0.75,1.89
2026-10-08T00:14:38.304745+02:00,36667093,Copa Uruguay,Uruguay,Libertad,CA Bella Vista,2026-10-07T23:00:00+00:00,45.3616,soccer.asian_handicap,period=ft,away,handicap=0.75,1.8
2026-10-08T00:14:38.304745+02:00,36667093,Copa Uruguay,Uruguay,Libertad,CA Bella Vista,2026-10-07T23:00:00+00:00,45.3616,soccer.asian_handicap,period=ft,home,handicap=0,3.35
2026-10-08T00:14:38.304745+02:00,36667093,Copa Uruguay,Uruguay,Libertad,CA Bella Vista,2026-10-07T23:00:00+00:00,45.3616,soccer.asian_handicap,period=ft,away,handicap=0,1.24
2026-10-08T00:14:38.304745+02:00,36667093,Copa Uruguay,Uruguay,Libertad,CA Bella Vista,2026-10-07T23:00:00+00:00,45.3616,soccer.asian_handicap,period=ft,home,handicap=0.25,2.5
2026-10-08T00:14:38.304745+02:00,36667093,Copa Uruguay,Uruguay,Libertad,CA Bella Vista,2026-10-07T23:00:00+00:00,45.3616,soccer.asian_handicap,period=ft,away,handicap=0.25,1.42
2026-10-08T00:14:38.304745+02:00,36667093,Copa Uruguay,Uruguay,Libertad,CA Bella Vista,2026-10-07T23:00:00+00:00,45.3616,soccer.asian_handicap,period=ft,home,handicap=0.5,2.12
2026-10-08T00:14:38.304745+02:00,36667093,Copa Uruguay,Uruguay,Libertad,CA Bella Vista,2026-10-07T23:00:00+00:00,45.3616,soccer.asian_handicap,period=ft,away,handicap=0.5,1.61
2026-10-08T00:14:38.304745+02:00,36667093,Copa Uruguay,Uruguay,Libertad,CA Bella Vista,2026-10-07T23:00:00+00:00,45.3616,soccer.asian_handicap,period=ft,home,handicap=1,1.63
2026-10-08T00:14:38.304745+02:00,36667093,Copa Uruguay,Uruguay,Libertad,CA Bella Vista,2026-10-07T23:00:00+00:00,45.3616,soccer.asian_handicap,period=ft,away,handicap=1,2.08
2026-10-08T00:14:38.304745+02:00,36667093,Copa Uruguay,Uruguay,Libertad,CA Bella Vista,2026-10-07T23:00:00+00:00,45.3616,soccer.asian_handicap,period=ft,home,handicap=1.25,1.47
2026-10-08T00:14:38.304745+02:00,36667093,Copa Uruguay,Uruguay,Libertad,CA Bella Vista,2026-10-07T23:00:00+00:00,45.3616,soccer.asian_handicap,period=ft,away,handicap=1.25,2.35
2026-10-08T00:14:38.304745+02:00,36667093,Copa Uruguay,Uruguay,Libertad,CA Bella Vista,2026-10-07T23:00:00+00:00,45.3616,soccer.asian_handicap,period=ft,home,handicap=1.5,1.38
2026-10-08T00:14:38.304745+02:00,36667093,Copa Uruguay,Uruguay,Libertad,CA Bella Vista,2026-10-07T23:00:00+00:00,45.3616,soccer.asian_handicap,period=ft,away,handicap=1.5,2.65
2026-10-08T00:14:38.304745+02:00,36667093,Copa Uruguay,Uruguay,Libertad,CA Bella Vista,2026-10-07T23:00:00+00:00,45.3616,soccer.match_odds,period=ft,home,,4.35
2026-10-08T00:14:38.304745+02:00,36667093,Copa Uruguay,Uruguay,Libertad,CA Bella Vista,2026-10-07T23:00:00+00:00,45.3616,soccer.match_odds,period=ft,draw,,3.55
2026-10-08T00:14:38.304745+02:00,36667093,Copa Uruguay,Uruguay,Libertad,CA Bella Vista,2026-10-07T23:00:00+00:00,45.3616,soccer.match_odds,period=ft,away,,1.62
2026-10-08T00:14:38.304745+02:00,36667093,Copa Uruguay,Uruguay,Libertad,CA Bella Vista,2026-10-07T23:00:00+00:00,45.3616,soccer.total_goals,period=ft,over,total=2.5,1.8
2026-10-08T00:14:38.304745+02:00,36667093,Copa Uruguay,Uruguay,Libertad,CA Bella Vista,2026-10-07T23:00:00+00:00,45.3616,soccer.total_goals,period=ft,under,total=2.5,1.89
2026-10-08T00:14:38.304745+02:00,36667093,Copa Uruguay,Uruguay,Libertad,CA Bella Vista,2026-10-07T23:00:00+00:00,45.3616,soccer.total_goals,period=ft,over,total=1.75,1.29
2026-10-08T00:14:38.304745+02:00,36667093,Copa Uruguay,Uruguay,Libertad,CA Bella Vista,2026-10-07T23:00:00+00:00,45.3616,soccer.total_goals,period=ft,under,total=1.75,3.05
2026-10-08T00:14:38.304745+02:00,36667093,Copa Uruguay,Uruguay,Libertad,CA Bella Vista,2026-10-07T23:00:00+00:00,45.3616,soccer.total_goals,period=ft,over,total=2,1.37
2026-10-08T00:14:38.304745+02:00,36667093,Copa Uruguay,Uruguay,Libertad,CA Bella Vista,2026-10-07T23:00:00+00:00,45.3616,soccer.total_goals,period=ft,under,total=2,2.65
2026-10-08T00:14:38.304745+02:00,36667093,Copa Uruguay,Uruguay,Libertad,CA Bella Vista,2026-10-07T23:00:00+00:00,45.3616,soccer.total_goals,period=ft,over,total=2.25,1.59
2026-10-08T00:14:38.304745+02:00,36667093,Copa Uruguay,Uruguay,Libertad,CA Bella Vista,2026-10-07T23:00:00+00:00,45.3616,soccer.total_goals,period=ft,under,total=2.25,2.17
2026-10-08T00:14:38.304745+02:00,36667093,Copa Uruguay,Uruguay,Libertad,CA Bella Vista,2026-10-07T23:00:00+00:00,45.3616,soccer.total_goals,period=ft,over,total=2.75,2.01
2026-10-08T00:14:38.304745+02:00,36667093,Copa Uruguay,Uruguay,Libertad,CA Bella Vista,2026-10-07T23:00:00+00:00,45.3616,soccer.total_goals,period=ft,under,total=2.75,1.69
2026-10-08T00:14:38.304745+02:00,36667093,Copa Uruguay,Uruguay,Libertad,CA Bella Vista,2026-10-07T23:00:00+00:00,45.3616,soccer.total_goals,period=ft,over,total=3,2.3
2026-10-08T00:14:38.304745+02:00,36667093,Copa Uruguay,Uruguay,Libertad,CA Bella Vista,2026-10-07T23:00:00+00:00,45.3616,soccer.total_goals,period=ft,under,total=3,1.49
2026-10-08T00:14:38.304745+02:00,36667093,Copa Uruguay,Uruguay,Libertad,CA Bella Vista,2026-10-07T23:00:00+00:00,45.3616,soccer.total_goals,period=ft,over,total=3.25,2.6
2026-10-08T00:14:38.304745+02:00,36667093,Copa Uruguay,Uruguay,Libertad,CA Bella Vista,2026-10-07T23:00:00+00:00,45.3616,soccer.total_goals,period=ft,under,total=3.25,1.39
2026-10-08T00:14:38.304745+02:00,36657172,Copa Uruguay,Uruguay,Plaza Colonia,CA Juventud de Las Piedras,2026-10-07T23:00:00+00:00,45.3616,soccer.asian_handicap,period=ft,home,handicap=0.25,1.81
2026-10-08T00:14:38.304745+02:00,36657172,Copa Uruguay,Uruguay,Plaza Colonia,CA Juventud de Las Piedras,2026-10-07T23:00:00+00:00,45.3616,soccer.asian_handicap,period=ft,away,handicap=0.25,1.93
2026-10-08T00:14:38.304745+02:00,36657172,Copa Uruguay,Uruguay,Plaza Colonia,CA Juventud de Las Piedras,2026-10-07T23:00:00+00:00,45.3616,soccer.asian_handicap,period=ft,home,handicap=-0.5,3.15
2026-10-08T00:14:38.304745+02:00,36657172,Copa Uruguay,Uruguay,Plaza Colonia,CA Juventud de Las Piedras,2026-10-07T23:00:00+00:00,45.3616,soccer.asian_handicap,period=ft,away,handicap=-0.5,1.29
2026-10-08T00:14:38.304745+02:00,36657172,Copa Uruguay,Uruguay,Plaza Colonia,CA Juventud de Las Piedras,2026-10-07T23:00:00+00:00,45.3616,soccer.asian_handicap,period=ft,home,handicap=-0.25,2.7
2026-10-08T00:14:38.304745+02:00,36657172,Copa Uruguay,Uruguay,Plaza Colonia,CA Juventud de Las Piedras,2026-10-07T23:00:00+00:00,45.3616,soccer.asian_handicap,period=ft,away,handicap=-0.25,1.39
2026-10-08T00:14:38.304745+02:00,36657172,Copa Uruguay,Uruguay,Plaza Colonia,CA Juventud de Las Piedras,2026-10-07T23:00:00+00:00,45.3616,soccer.asian_handicap,period=ft,home,handicap=0,2.25
2026-10-08T00:14:38.304745+02:00,36657172,Copa Uruguay,Uruguay,Plaza Colonia,CA Juventud de Las Piedras,2026-10-07T23:00:00+00:00,45.3616,soccer.asian_handicap,period=ft,away,handicap=0,1.57
2026-10-08T00:14:38.304745+02:00,36657172,Copa Uruguay,Uruguay,Plaza Colonia,CA Juventud de Las Piedras,2026-10-07T23:00:00+00:00,45.3616,soccer.asian_handicap,period=ft,home,handicap=0.5,1.57
2026-10-08T00:14:38.304745+02:00,36657172,Copa Uruguay,Uruguay,Plaza Colonia,CA Juventud de Las Piedras,2026-10-07T23:00:00+00:00,45.3616,soccer.asian_handicap,period=ft,away,handicap=0.5,2.25
2026-10-08T00:14:38.304745+02:00,36657172,Copa Uruguay,Uruguay,Plaza Colonia,CA Juventud de Las Piedras,2026-10-07T23:00:00+00:00,45.3616,soccer.asian_handicap,period=ft,home,handicap=0.75,1.4
2026-10-08T00:14:38.304745+02:00,36657172,Copa Uruguay,Uruguay,Plaza Colonia,CA Juventud de Las Piedras,2026-10-07T23:00:00+00:00,45.3616,soccer.asian_handicap,period=ft,away,handicap=0.75,2.65
2026-10-08T00:14:38.304745+02:00,36657172,Copa Uruguay,Uruguay,Plaza Colonia,CA Juventud de Las Piedras,2026-10-07T23:00:00+00:00,45.3616,soccer.asian_handicap,period=ft,home,handicap=1,1.23
2026-10-08T00:14:38.304745+02:00,36657172,Copa Uruguay,Uruguay,Plaza Colonia,CA Juventud de Las Piedras,2026-10-07T23:00:00+00:00,45.3616,soccer.asian_handicap,period=ft,away,handicap=1,3.65
2026-10-08T00:14:38.304745+02:00,36657172,Copa Uruguay,Uruguay,Plaza Colonia,CA Juventud de Las Piedras,2026-10-07T23:00:00+00:00,45.3616,soccer.double_chance,period=ft,draw_away,,1.34
2026-10-08T00:14:38.304745+02:00,36657172,Copa Uruguay,Uruguay,Plaza Colonia,CA Juventud de Las Piedras,2026-10-07T23:00:00+00:00,45.3616,soccer.double_chance,period=ft,home_away,,1.38
2026-10-08T00:14:38.304745+02:00,36657172,Copa Uruguay,Uruguay,Plaza Colonia,CA Juventud de Las Piedras,2026-10-07T23:00:00+00:00,45.3616,soccer.double_chance,period=ft,home_draw,,1.59
2026-10-08T00:14:38.304745+02:00,36657172,Copa Uruguay,Uruguay,Plaza Colonia,CA Juventud de Las Piedras,2026-10-07T23:00:00+00:00,45.3616,soccer.match_odds,period=ft,home,,3.2
2026-10-08T00:14:38.304745+02:00,36657172,Copa Uruguay,Uruguay,Plaza Colonia,CA Juventud de Las Piedras,2026-10-07T23:00:00+00:00,45.3616,soccer.match_odds,period=ft,draw,,2.8
2026-10-08T00:14:38.304745+02:00,36657172,Copa Uruguay,Uruguay,Plaza Colonia,CA Juventud de Las Piedras,2026-10-07T23:00:00+00:00,45.3616,soccer.match_odds,period=ft,away,,2.25
2026-10-08T00:14:38.304745+02:00,36657172,Copa Uruguay,Uruguay,Plaza Colonia,CA Juventud de Las Piedras,2026-10-07T23:00:00+00:00,45.3616,soccer.total_goals,period=ft,over,total=2,1.78
2026-10-08T00:14:38.304745+02:00,36657172,Copa Uruguay,Uruguay,Plaza Colonia,CA Juventud de Las Piedras,2026-10-07T23:00:00+00:00,45.3616,soccer.total_goals,period=ft,under,total=2,1.98
2026-10-08T00:14:38.304745+02:00,36657172,Copa Uruguay,Uruguay,Plaza Colonia,CA Juventud de Las Piedras,2026-10-07T23:00:00+00:00,45.3616,soccer.total_goals,period=ft,over,total=1.25,1.26
2026-10-08T00:14:38.304745+02:00,36657172,Copa Uruguay,Uruguay,Plaza Colonia,CA Juventud de Las Piedras,2026-10-07T23:00:00+00:00,45.3616,soccer.total_goals,period=ft,under,total=1.25,3.35
2026-10-08T00:14:38.304745+02:00,36657172,Copa Uruguay,Uruguay,Plaza Colonia,CA Juventud de Las Piedras,2026-10-07T23:00:00+00:00,45.3616,soccer.total_goals,period=ft,over,total=1.5,1.42
2026-10-08T00:14:38.304745+02:00,36657172,Copa Uruguay,Uruguay,Plaza Colonia,CA Juventud de Las Piedras,2026-10-07T23:00:00+00:00,45.3616,soccer.total_goals,period=ft,under,total=1.5,2.6
2026-10-08T00:14:38.304745+02:00,36657172,Copa Uruguay,Uruguay,Plaza Colonia,CA Juventud de Las Piedras,2026-10-07T23:00:00+00:00,45.3616,soccer.total_goals,period=ft,over,total=1.75,1.55
2026-10-08T00:14:38.304745+02:00,36657172,Copa Uruguay,Uruguay,Plaza Colonia,CA Juventud de Las Piedras,2026-10-07T23:00:00+00:00,45.3616,soccer.total_goals,period=ft,under,total=1.75,2.3
2026-10-08T00:14:38.304745+02:00,36657172,Copa Uruguay,Uruguay,Plaza Colonia,CA Juventud de Las Piedras,2026-10-07T23:00:00+00:00,45.3616,soccer.total_goals,period=ft,over,total=2.25,2.08
2026-10-08T00:14:38.304745+02:00,36657172,Copa Uruguay,Uruguay,Plaza Colonia,CA Juventud de Las Piedras,2026-10-07T23:00:00+00:00,45.3616,soccer.total_goals,period=ft,under,total=2.25,1.67
2026-10-08T00:14:38.304745+02:00,36657172,Copa Uruguay,Uruguay,Plaza Colonia,CA Juventud de Las Piedras,2026-10-07T23:00:00+00:00,45.3616,soccer.total_goals,period=ft,over,total=2.5,2.35
2026-10-08T00:14:38.304745+02:00,36657172,Copa Uruguay,Uruguay,Plaza Colonia,CA Juventud de Las Piedras,2026-10-07T23:00:00+00:00,45.3616,soccer.total_goals,period=ft,under,total=2.5,1.5
2026-10-08T00:14:38.304745+02:00,36657172,Copa Uruguay,Uruguay,Plaza Colonia,CA Juventud de Las Piedras,2026-10-07T23:00:00+00:00,45.3616,soccer.total_goals,period=ft,over,total=2.75,2.8
2026-10-08T00:14:38.304745+02:00,36657172,Copa Uruguay,Uruguay,Plaza Colonia,CA Juventud de Las Piedras,2026-10-07T23:00:00+00:00,45.3616,soccer.total_goals,period=ft,under,total=2.75,1.36
2026-10-08T00:14:38.304745+02:00,36666889,Copa Venezuela,Venezuela,Barquisimeto SC,Aragua FC,2026-10-07T22:30:00+00:00,15.3616,soccer.asian_handicap,period=ft,home,handicap=0,1.9
2026-10-08T00:14:38.304745+02:00,36666889,Copa Venezuela,Venezuela,Barquisimeto SC,Aragua FC,2026-10-07T22:30:00+00:00,15.3616,soccer.asian_handicap,period=ft,away,handicap=0,1.8
2026-10-08T00:14:38.304745+02:00,36666889,Copa Venezuela,Venezuela,Barquisimeto SC,Aragua FC,2026-10-07T22:30:00+00:00,15.3616,soccer.asian_handicap,period=ft,home,handicap=-0.75,3.0
2026-10-08T00:14:38.304745+02:00,36666889,Copa Venezuela,Venezuela,Barquisimeto SC,Aragua FC,2026-10-07T22:30:00+00:00,15.3616,soccer.asian_handicap,period=ft,away,handicap=-0.75,1.29
2026-10-08T00:14:38.304745+02:00,36666889,Copa Venezuela,Venezuela,Barquisimeto SC,Aragua FC,2026-10-07T22:30:00+00:00,15.3616,soccer.asian_handicap,period=ft,home,handicap=-0.5,2.5
2026-10-08T00:14:38.304745+02:00,36666889,Copa Venezuela,Venezuela,Barquisimeto SC,Aragua FC,2026-10-07T22:30:00+00:00,15.3616,soccer.asian_handicap,period=ft,away,handicap=-0.5,1.42
2026-10-08T00:14:38.304745+02:00,36666889,Copa Venezuela,Venezuela,Barquisimeto SC,Aragua FC,2026-10-07T22:30:00+00:00,15.3616,soccer.asian_handicap,period=ft,home,handicap=-0.25,2.2
2026-10-08T00:14:38.304745+02:00,36666889,Copa Venezuela,Venezuela,Barquisimeto SC,Aragua FC,2026-10-07T22:30:00+00:00,15.3616,soccer.asian_handicap,period=ft,away,handicap=-0.25,1.56
2026-10-08T00:14:38.304745+02:00,36666889,Copa Venezuela,Venezuela,Barquisimeto SC,Aragua FC,2026-10-07T22:30:00+00:00,15.3616,soccer.asian_handicap,period=ft,home,handicap=0.25,1.62
2026-10-08T00:14:38.304745+02:00,36666889,Copa Venezuela,Venezuela,Barquisimeto SC,Aragua FC,2026-10-07T22:30:00+00:00,15.3616,soccer.asian_handicap,period=ft,away,handicap=0.25,2.1
2026-10-08T00:14:38.304745+02:00,36666889,Copa Venezuela,Venezuela,Barquisimeto SC,Aragua FC,2026-10-07T22:30:00+00:00,15.3616,soccer.asian_handicap,period=ft,home,handicap=0.5,1.47
2026-10-08T00:14:38.304745+02:00,36666889,Copa Venezuela,Venezuela,Barquisimeto SC,Aragua FC,2026-10-07T22:30:00+00:00,15.3616,soccer.asian_handicap,period=ft,away,handicap=0.5,2.35
2026-10-08T00:14:38.304745+02:00,36666889,Copa Venezuela,Venezuela,Barquisimeto SC,Aragua FC,2026-10-07T22:30:00+00:00,15.3616,soccer.asian_handicap,period=ft,home,handicap=0.75,1.33
2026-10-08T00:14:38.304745+02:00,36666889,Copa Venezuela,Venezuela,Barquisimeto SC,Aragua FC,2026-10-07T22:30:00+00:00,15.3616,soccer.asian_handicap,period=ft,away,handicap=0.75,2.85
2026-10-08T00:14:38.304745+02:00,36666889,Copa Venezuela,Venezuela,Barquisimeto SC,Aragua FC,2026-10-07T22:30:00+00:00,15.3616,soccer.double_chance,period=ft,draw_away,,1.48
2026-10-08T00:14:38.304745+02:00,36666889,Copa Venezuela,Venezuela,Barquisimeto SC,Aragua FC,2026-10-07T22:30:00+00:00,15.3616,soccer.double_chance,period=ft,home_away,,1.32
2026-10-08T00:14:38.304745+02:00,36666889,Copa Venezuela,Venezuela,Barquisimeto SC,Aragua FC,2026-10-07T22:30:00+00:00,15.3616,soccer.double_chance,period=ft,home_draw,,1.5
2026-10-08T00:14:38.304745+02:00,36666889,Copa Venezuela,Venezuela,Barquisimeto SC,Aragua FC,2026-10-07T22:30:00+00:00,15.3616,soccer.match_odds,period=ft,home,,2.55
2026-10-08T00:14:38.304745+02:00,36666889,Copa Venezuela,Venezuela,Barquisimeto SC,Aragua FC,2026-10-07T22:30:00+00:00,15.3616,soccer.match_odds,period=ft,draw,,3.1
2026-10-08T00:14:38.304745+02:00,36666889,Copa Venezuela,Venezuela,Barquisimeto SC,Aragua FC,2026-10-07T22:30:00+00:00,15.3616,soccer.match_odds,period=ft,away,,2.4
2026-10-08T00:14:38.304745+02:00,36666889,Copa Venezuela,Venezuela,Barquisimeto SC,Aragua FC,2026-10-07T22:30:00+00:00,15.3616,soccer.total_goals,period=ft,over,total=2.5,1.82
2026-10-08T00:14:38.304745+02:00,36666889,Copa Venezuela,Venezuela,Barquisimeto SC,Aragua FC,2026-10-07T22:30:00+00:00,15.3616,soccer.total_goals,period=ft,under,total=2.5,1.88
2026-10-08T00:14:38.304745+02:00,36666889,Copa Venezuela,Venezuela,Barquisimeto SC,Aragua FC,2026-10-07T22:30:00+00:00,15.3616,soccer.total_goals,period=ft,over,total=1.75,1.27
2026-10-08T00:14:38.304745+02:00,36666889,Copa Venezuela,Venezuela,Barquisimeto SC,Aragua FC,2026-10-07T22:30:00+00:00,15.3616,soccer.total_goals,period=ft,under,total=1.75,3.15
2026-10-08T00:14:38.304745+02:00,36666889,Copa Venezuela,Venezuela,Barquisimeto SC,Aragua FC,2026-10-07T22:30:00+00:00,15.3616,soccer.total_goals,period=ft,over,total=2,1.35
2026-10-08T00:14:38.304745+02:00,36666889,Copa Venezuela,Venezuela,Barquisimeto SC,Aragua FC,2026-10-07T22:30:00+00:00,15.3616,soccer.total_goals,period=ft,under,total=2,2.75
2026-10-08T00:14:38.304745+02:00,36666889,Copa Venezuela,Venezuela,Barquisimeto SC,Aragua FC,2026-10-07T22:30:00+00:00,15.3616,soccer.total_goals,period=ft,over,total=2.25,1.58
2026-10-08T00:14:38.304745+02:00,36666889,Copa Venezuela,Venezuela,Barquisimeto SC,Aragua FC,2026-10-07T22:30:00+00:00,15.3616,soccer.total_goals,period=ft,under,total=2.25,2.17
2026-10-08T00:14:38.304745+02:00,36666889,Copa Venezuela,Venezuela,Barquisimeto SC,Aragua FC,2026-10-07T22:30:00+00:00,15.3616,soccer.total_goals,period=ft,over,total=2.75,2.02
2026-10-08T00:14:38.304745+02:00,36666889,Copa Venezuela,Venezuela,Barquisimeto SC,Aragua FC,2026-10-07T22:30:00+00:00,15.3616,soccer.total_goals,period=ft,under,total=2.75,1.67
2026-10-08T00:14:38.304745+02:00,36666889,Copa Venezuela,Venezuela,Barquisimeto SC,Aragua FC,2026-10-07T22:30:00+00:00,15.3616,soccer.total_goals,period=ft,over,total=3,2.35
2026-10-08T00:14:38.304745+02:00,36666889,Copa Venezuela,Venezuela,Barquisimeto SC,Aragua FC,2026-10-07T22:30:00+00:00,15.3616,soccer.total_goals,period=ft,under,total=3,1.47
2026-10-08T00:14:38.304745+02:00,36666889,Copa Venezuela,Venezuela,Barquisimeto SC,Aragua FC,2026-10-07T22:30:00+00:00,15.3616,soccer.total_goals,period=ft,over,total=3.25,2.65
2026-10-08T00:14:38.304745+02:00,36666889,Copa Venezuela,Venezuela,Barquisimeto SC,Aragua FC,2026-10-07T22:30:00+00:00,15.3616,soccer.total_goals,period=ft,under,total=3.25,1.38
2026-10-08T00:14:38.304745+02:00,36609416,Brasileiro Serie B,Brazil,Avai FC SC,Londrina EC PR,2026-10-07T22:30:00+00:00,15.3616,soccer.asian_handicap,period=ft,home,handicap=-0.25,1.89
2026-10-08T00:14:38.304745+02:00,36609416,Brasileiro Serie B,Brazil,Avai FC SC,Londrina EC PR,2026-10-07T22:30:00+00:00,15.3616,soccer.asian_handicap,period=ft,away,handicap=-0.25,1.94
2026-10-08T00:14:38.304745+02:00,36609416,Brasileiro Serie B,Brazil,Avai FC SC,Londrina EC PR,2026-10-07T22:30:00+00:00,15.3616,soccer.asian_handicap,period=ft,home,handicap=-1.25,4.05
2026-10-08T00:14:38.304745+02:00,36609416,Brasileiro Serie B,Brazil,Avai FC SC,Londrina EC PR,2026-10-07T22:30:00+00:00,15.3616,soccer.asian_handicap,period=ft,away,handicap=-1.25,1.24
2026-10-08T00:14:38.304745+02:00,36609416,Brasileiro Serie B,Brazil,Avai FC SC,Londrina EC PR,2026-10-07T22:30:00+00:00,15.3616,soccer.asian_handicap,period=ft,home,handicap=-1,3.55
2026-10-08T00:14:38.304745+02:00,36609416,Brasileiro Serie B,Brazil,Avai FC SC,Londrina EC PR,2026-10-07T22:30:00+00:00,15.3616,soccer.asian_handicap,period=ft,away,handicap=-1,1.29
2026-10-08T00:14:38.304745+02:00,36609416,Brasileiro Serie B,Brazil,Avai FC SC,Londrina EC PR,2026-10-07T22:30:00+00:00,15.3616,soccer.asian_handicap,period=ft,home,handicap=-0.75,2.65
2026-10-08T00:14:38.304745+02:00,36609416,Brasileiro Serie B,Brazil,Avai FC SC,Londrina EC PR,2026-10-07T22:30:00+00:00,15.3616,soccer.asian_handicap,period=ft,away,handicap=-0.75,1.48
2026-10-08T00:14:38.304745+02:00,36609416,Brasileiro Serie B,Brazil,Avai FC SC,Londrina EC PR,2026-10-07T22:30:00+00:00,15.3616,soccer.asian_handicap,period=ft,home,handicap=-0.5,2.2
2026-10-08T00:14:38.304745+02:00,36609416,Brasileiro Serie B,Brazil,Avai FC SC,Londrina EC PR,2026-10-07T22:30:00+00:00,15.3616,soccer.asian_handicap,period=ft,away,handicap=-0.5,1.67
2026-10-08T00:14:38.304745+02:00,36609416,Brasileiro Serie B,Brazil,Avai FC SC,Londrina EC PR,2026-10-07T22:30:00+00:00,15.3616,soccer.asian_handicap,period=ft,home,handicap=0,1.55
2026-10-08T00:14:38.304745+02:00,36609416,Brasileiro Serie B,Brazil,Avai FC SC,Londrina EC PR,2026-10-07T22:30:00+00:00,15.3616,soccer.asian_handicap,period=ft,away,handicap=0,2.45
2026-10-08T00:14:38.304745+02:00,36609416,Brasileiro Serie B,Brazil,Avai FC SC,Londrina EC PR,2026-10-07T22:30:00+00:00,15.3616,soccer.asian_handicap,period=ft,home,handicap=0.25,1.4
2026-10-08T00:14:38.304745+02:00,36609416,Brasileiro Serie B,Brazil,Avai FC SC,Londrina EC PR,2026-10-07T22:30:00+00:00,15.3616,soccer.asian_handicap,period=ft,away,handicap=0.25,3.0
2026-10-08T00:14:38.304745+02:00,36609416,Brasileiro Serie B,Brazil,Avai FC SC,Londrina EC PR,2026-10-07T22:30:00+00:00,15.3616,soccer.asian_handicap,period=ft,home,handicap=0.5,1.3
2026-10-08T00:14:38.304745+02:00,36609416,Brasileiro Serie B,Brazil,Avai FC SC,Londrina EC PR,2026-10-07T22:30:00+00:00,15.3616,soccer.asian_handicap,period=ft,away,handicap=0.5,3.45
2026-10-08T00:14:38.304745+02:00,36609416,Brasileiro Serie B,Brazil,Avai FC SC,Londrina EC PR,2026-10-07T22:30:00+00:00,15.3616,soccer.asian_handicap,period=ft,home,handicap=0.75,1.19
2026-10-08T00:14:38.304745+02:00,36609416,Brasileiro Serie B,Brazil,Avai FC SC,Londrina EC PR,2026-10-07T22:30:00+00:00,15.3616,soccer.asian_handicap,period=ft,away,handicap=0.75,4.6
2026-10-08T00:14:38.304745+02:00,36609416,Brasileiro Serie B,Brazil,Avai FC SC,Londrina EC PR,2026-10-07T22:30:00+00:00,15.3616,soccer.double_chance,period=ft,draw_away,,1.66
2026-10-08T00:14:38.304745+02:00,36609416,Brasileiro Serie B,Brazil,Avai FC SC,Londrina EC PR,2026-10-07T22:30:00+00:00,15.3616,soccer.double_chance,period=ft,home_away,,1.36
2026-10-08T00:14:38.304745+02:00,36609416,Brasileiro Serie B,Brazil,Avai FC SC,Londrina EC PR,2026-10-07T22:30:00+00:00,15.3616,soccer.double_chance,period=ft,home_draw,,1.3
2026-10-08T00:14:38.304745+02:00,36609416,Brasileiro Serie B,Brazil,Avai FC SC,Londrina EC PR,2026-10-07T22:30:00+00:00,15.3616,soccer.match_odds,period=ft,home,,2.2
2026-10-08T00:14:38.304745+02:00,36609416,Brasileiro Serie B,Brazil,Avai FC SC,Londrina EC PR,2026-10-07T22:30:00+00:00,15.3616,soccer.match_odds,period=ft,draw,,3.1
2026-10-08T00:14:38.304745+02:00,36609416,Brasileiro Serie B,Brazil,Avai FC SC,Londrina EC PR,2026-10-07T22:30:00+00:00,15.3616,soccer.match_odds,period=ft,away,,3.5
2026-10-08T00:14:38.304745+02:00,36609416,Brasileiro Serie B,Brazil,Avai FC SC,Londrina EC PR,2026-10-07T22:30:00+00:00,15.3616,soccer.total_goals,period=ft,over,total=2.25,2.03
2026-10-08T00:14:38.304745+02:00,36609416,Brasileiro Serie B,Brazil,Avai FC SC,Londrina EC PR,2026-10-07T22:30:00+00:00,15.3616,soccer.total_goals,period=ft,under,total=2.25,1.8
2026-10-08T00:14:38.304745+02:00,36609416,Brasileiro Serie B,Brazil,Avai FC SC,Londrina EC PR,2026-10-07T22:30:00+00:00,15.3616,soccer.total_goals,period=ft,over,total=1.5,1.41
2026-10-08T00:14:38.304745+02:00,36609416,Brasileiro Serie B,Brazil,Avai FC SC,Londrina EC PR,2026-10-07T22:30:00+00:00,15.3616,soccer.total_goals,period=ft,under,total=1.5,2.85
2026-10-08T00:14:38.304745+02:00,36609416,Brasileiro Serie B,Brazil,Avai FC SC,Londrina EC PR,2026-10-07T22:30:00+00:00,15.3616,soccer.total_goals,period=ft,over,total=1.75,1.53
2026-10-08T00:14:38.304745+02:00,36609416,Brasileiro Serie B,Brazil,Avai FC SC,Londrina EC PR,2026-10-07T22:30:00+00:00,15.3616,soccer.total_goals,period=ft,under,total=1.75,2.5
2026-10-08T00:14:38.304745+02:00,36609416,Brasileiro Serie B,Brazil,Avai FC SC,Londrina EC PR,2026-10-07T22:30:00+00:00,15.3616,soccer.total_goals,period=ft,over,total=2,1.72
2026-10-08T00:14:38.304745+02:00,36609416,Brasileiro Serie B,Brazil,Avai FC SC,Londrina EC PR,2026-10-07T22:30:00+00:00,15.3616,soccer.total_goals,period=ft,under,total=2,2.13
2026-10-08T00:14:38.304745+02:00,36609416,Brasileiro Serie B,Brazil,Avai FC SC,Londrina EC PR,2026-10-07T22:30:00+00:00,15.3616,soccer.total_goals,period=ft,over,total=2.5,2.3
2026-10-08T00:14:38.304745+02:00,36609416,Brasileiro Serie B,Brazil,Avai FC SC,Londrina EC PR,2026-10-07T22:30:00+00:00,15.3616,soccer.total_goals,period=ft,under,total=2.5,1.6
2026-10-08T00:14:38.304745+02:00,36609416,Brasileiro Serie B,Brazil,Avai FC SC,Londrina EC PR,2026-10-07T22:30:00+00:00,15.3616,soccer.total_goals,period=ft,over,total=2.75,2.75
2026-10-08T00:14:38.304745+02:00,36609416,Brasileiro Serie B,Brazil,Avai FC SC,Londrina EC PR,2026-10-07T22:30:00+00:00,15.3616,soccer.total_goals,period=ft,under,total=2.75,1.45
2026-10-08T00:14:38.304745+02:00,36609416,Brasileiro Serie B,Brazil,Avai FC SC,Londrina EC PR,2026-10-07T22:30:00+00:00,15.3616,soccer.total_goals,period=ft,over,total=3.5,4.3
2026-10-08T00:14:38.304745+02:00,36609416,Brasileiro Serie B,Brazil,Avai FC SC,Londrina EC PR,2026-10-07T22:30:00+00:00,15.3616,soccer.total_goals,period=ft,under,total=3.5,1.21
2026-10-08T00:14:38.304745+02:00,36609397,Brasileiro Serie B,Brazil,Operario Ferroviario EC PR,Botafogo FC SP,2026-10-07T22:30:00+00:00,15.3616,soccer.asian_handicap,period=ft,home,handicap=-0.25,1.95
2026-10-08T00:14:38.304745+02:00,36609397,Brasileiro Serie B,Brazil,Operario Ferroviario EC PR,Botafogo FC SP,2026-10-07T22:30:00+00:00,15.3616,soccer.asian_handicap,period=ft,away,handicap=-0.25,1.89
2026-10-08T00:14:38.304745+02:00,36609397,Brasileiro Serie B,Brazil,Operario Ferroviario EC PR,Botafogo FC SP,2026-10-07T22:30:00+00:00,15.3616,soccer.asian_handicap,period=ft,home,handicap=-1.25,4.1
2026-10-08T00:14:38.304745+02:00,36609397,Brasileiro Serie B,Brazil,Operario Ferroviario EC PR,Botafogo FC SP,2026-10-07T22:30:00+00:00,15.3616,soccer.asian_handicap,period=ft,away,handicap=-1.25,1.23
2026-10-08T00:14:38.304745+02:00,36609397,Brasileiro Serie B,Brazil,Operario Ferroviario EC PR,Botafogo FC SP,2026-10-07T22:30:00+00:00,15.3616,soccer.asian_handicap,period=ft,home,handicap=-1,3.6
2026-10-08T00:14:38.304745+02:00,36609397,Brasileiro Serie B,Brazil,Operario Ferroviario EC PR,Botafogo FC SP,2026-10-07T22:30:00+00:00,15.3616,soccer.asian_handicap,period=ft,away,handicap=-1,1.28
2026-10-08T00:14:38.304745+02:00,36609397,Brasileiro Serie B,Brazil,Operario Ferroviario EC PR,Botafogo FC SP,2026-10-07T22:30:00+00:00,15.3616,soccer.asian_handicap,period=ft,home,handicap=-0.75,2.7
2026-10-08T00:14:38.304745+02:00,36609397,Brasileiro Serie B,Brazil,Operario Ferroviario EC PR,Botafogo FC SP,2026-10-07T22:30:00+00:00,15.3616,soccer.asian_handicap,period=ft,away,handicap=-0.75,1.47
2026-10-08T00:14:38.304745+02:00,36609397,Brasileiro Serie B,Brazil,Operario Ferroviario EC PR,Botafogo FC SP,2026-10-07T22:30:00+00:00,15.3616,soccer.asian_handicap,period=ft,home,handicap=-0.5,2.25
2026-10-08T00:14:38.304745+02:00,36609397,Brasileiro Serie B,Brazil,Operario Ferroviario EC PR,Botafogo FC SP,2026-10-07T22:30:00+00:00,15.3616,soccer.asian_handicap,period=ft,away,handicap=-0.5,1.65
2026-10-08T00:14:38.304745+02:00,36609397,Brasileiro Serie B,Brazil,Operario Ferroviario EC PR,Botafogo FC SP,2026-10-07T22:30:00+00:00,15.3616,soccer.asian_handicap,period=ft,home,handicap=0,1.6
2026-10-08T00:14:38.304745+02:00,36609397,Brasileiro Serie B,Brazil,Operario Ferroviario EC PR,Botafogo FC SP,2026-10-07T22:30:00+00:00,15.3616,soccer.asian_handicap,period=ft,away,handicap=0,2.35
2026-10-08T00:14:38.304745+02:00,36609397,Brasileiro Serie B,Brazil,Operario Ferroviario EC PR,Botafogo FC SP,2026-10-07T22:30:00+00:00,15.3616,soccer.asian_handicap,period=ft,home,handicap=0.25,1.43
2026-10-08T00:14:38.304745+02:00,36609397,Brasileiro Serie B,Brazil,Operario Ferroviario EC PR,Botafogo FC SP,2026-10-07T22:30:00+00:00,15.3616,soccer.asian_handicap,period=ft,away,handicap=0.25,2.85
2026-10-08T00:14:38.304745+02:00,36609397,Brasileiro Serie B,Brazil,Operario Ferroviario EC PR,Botafogo FC SP,2026-10-07T22:30:00+00:00,15.3616,soccer.asian_handicap,period=ft,home,handicap=0.5,1.33
2026-10-08T00:14:38.304745+02:00,36609397,Brasileiro Serie B,Brazil,Operario Ferroviario EC PR,Botafogo FC SP,2026-10-07T22:30:00+00:00,15.3616,soccer.asian_handicap,period=ft,away,handicap=0.5,3.3
2026-10-08T00:14:38.304745+02:00,36609397,Brasileiro Serie B,Brazil,Operario Ferroviario EC PR,Botafogo FC SP,2026-10-07T22:30:00+00:00,15.3616,soccer.asian_handicap,period=ft,home,handicap=0.75,1.21
2026-10-08T00:14:38.304745+02:00,36609397,Brasileiro Serie B,Brazil,Operario Ferroviario EC PR,Botafogo FC SP,2026-10-07T22:30:00+00:00,15.3616,soccer.asian_handicap,period=ft,away,handicap=0.75,4.35
2026-10-08T00:14:38.304745+02:00,36609397,Brasileiro Serie B,Brazil,Operario Ferroviario EC PR,Botafogo FC SP,2026-10-07T22:30:00+00:00,15.3616,soccer.double_chance,period=ft,draw_away,,1.64
2026-10-08T00:14:38.304745+02:00,36609397,Brasileiro Serie B,Brazil,Operario Ferroviario EC PR,Botafogo FC SP,2026-10-07T22:30:00+00:00,15.3616,soccer.double_chance,period=ft,home_away,,1.35
2026-10-08T00:14:38.304745+02:00,36609397,Brasileiro Serie B,Brazil,Operario Ferroviario EC PR,Botafogo FC SP,2026-10-07T22:30:00+00:00,15.3616,soccer.double_chance,period=ft,home_draw,,1.33
2026-10-08T00:14:38.304745+02:00,36609397,Brasileiro Serie B,Brazil,Operario Ferroviario EC PR,Botafogo FC SP,2026-10-07T22:30:00+00:00,15.3616,soccer.match_odds,period=ft,home,,2.25
2026-10-08T00:14:38.304745+02:00,36609397,Brasileiro Serie B,Brazil,Operario Ferroviario EC PR,Botafogo FC SP,2026-10-07T22:30:00+00:00,15.3616,soccer.match_odds,period=ft,draw,,3.2
2026-10-08T00:14:38.304745+02:00,36609397,Brasileiro Serie B,Brazil,Operario Ferroviario EC PR,Botafogo FC SP,2026-10-07T22:30:00+00:00,15.3616,soccer.match_odds,period=ft,away,,3.3
2026-10-08T00:14:38.304745+02:00,36609397,Brasileiro Serie B,Brazil,Operario Ferroviario EC PR,Botafogo FC SP,2026-10-07T22:30:00+00:00,15.3616,soccer.total_goals,period=ft,over,total=2.25,1.97
2026-10-08T00:14:38.304745+02:00,36609397,Brasileiro Serie B,Brazil,Operario Ferroviario EC PR,Botafogo FC SP,2026-10-07T22:30:00+00:00,15.3616,soccer.total_goals,period=ft,under,total=2.25,1.86
2026-10-08T00:14:38.304745+02:00,36609397,Brasileiro Serie B,Brazil,Operario Ferroviario EC PR,Botafogo FC SP,2026-10-07T22:30:00+00:00,15.3616,soccer.total_goals,period=ft,over,total=1.5,1.39
2026-10-08T00:14:38.304745+02:00,36609397,Brasileiro Serie B,Brazil,Operario Ferroviario EC PR,Botafogo FC SP,2026-10-07T22:30:00+00:00,15.3616,soccer.total_goals,period=ft,under,total=1.5,2.95
2026-10-08T00:14:38.304745+02:00,36609397,Brasileiro Serie B,Brazil,Operario Ferroviario EC PR,Botafogo FC SP,2026-10-07T22:30:00+00:00,15.3616,soccer.total_goals,period=ft,over,total=1.75,1.49
2026-10-08T00:14:38.304745+02:00,36609397,Brasileiro Serie B,Brazil,Operario Ferroviario EC PR,Botafogo FC SP,2026-10-07T22:30:00+00:00,15.3616,soccer.total_goals,period=ft,under,total=1.75,2.6
2026-10-08T00:14:38.304745+02:00,36609397,Brasileiro Serie B,Brazil,Operario Ferroviario EC PR,Botafogo FC SP,2026-10-07T22:30:00+00:00,15.3616,soccer.total_goals,period=ft,over,total=2,1.66
2026-10-08T00:14:38.304745+02:00,36609397,Brasileiro Serie B,Brazil,Operario Ferroviario EC PR,Botafogo FC SP,2026-10-07T22:30:00+00:00,15.3616,soccer.total_goals,period=ft,under,total=2,2.2
2026-10-08T00:14:38.304745+02:00,36609397,Brasileiro Serie B,Brazil,Operario Ferroviario EC PR,Botafogo FC SP,2026-10-07T22:30:00+00:00,15.3616,soccer.total_goals,period=ft,over,total=2.5,2.2
2026-10-08T00:14:38.304745+02:00,36609397,Brasileiro Serie B,Brazil,Operario Ferroviario EC PR,Botafogo FC SP,2026-10-07T22:30:00+00:00,15.3616,soccer.total_goals,period=ft,under,total=2.5,1.65
2026-10-08T00:14:38.304745+02:00,36609397,Brasileiro Serie B,Brazil,Operario Ferroviario EC PR,Botafogo FC SP,2026-10-07T22:30:00+00:00,15.3616,soccer.total_goals,period=ft,over,total=2.75,2.6
2026-10-08T00:14:38.304745+02:00,36609397,Brasileiro Serie B,Brazil,Operario Ferroviario EC PR,Botafogo FC SP,2026-10-07T22:30:00+00:00,15.3616,soccer.total_goals,period=ft,under,total=2.75,1.48
2026-10-08T00:14:38.304745+02:00,36609397,Brasileiro Serie B,Brazil,Operario Ferroviario EC PR,Botafogo FC SP,2026-10-07T22:30:00+00:00,15.3616,soccer.total_goals,period=ft,over,total=3.5,4.2
2026-10-08T00:14:38.304745+02:00,36609397,Brasileiro Serie B,Brazil,Operario Ferroviario EC PR,Botafogo FC SP,2026-10-07T22:30:00+00:00,15.3616,soccer.total_goals,period=ft,under,total=3.5,1.22
2026-10-08T00:14:38.304745+02:00,36609422,Brasileiro Serie B,Brazil,America FC MG,Fortaleza EC CE,2026-10-07T23:30:00+00:00,75.3616,soccer.asian_handicap,period=ft,home,handicap=0.5,1.92
2026-10-08T00:14:38.304745+02:00,36609422,Brasileiro Serie B,Brazil,America FC MG,Fortaleza EC CE,2026-10-07T23:30:00+00:00,75.3616,soccer.asian_handicap,period=ft,away,handicap=0.5,1.92
2026-10-08T00:14:38.304745+02:00,36609422,Brasileiro Serie B,Brazil,America FC MG,Fortaleza EC CE,2026-10-07T23:30:00+00:00,75.3616,soccer.asian_handicap,period=ft,home,handicap=-0.5,4.0
2026-10-08T00:14:38.304745+02:00,36609422,Brasileiro Serie B,Brazil,America FC MG,Fortaleza EC CE,2026-10-07T23:30:00+00:00,75.3616,soccer.asian_handicap,period=ft,away,handicap=-0.5,1.24
2026-10-08T00:14:38.304745+02:00,36609422,Brasileiro Serie B,Brazil,America FC MG,Fortaleza EC CE,2026-10-07T23:30:00+00:00,75.3616,soccer.asian_handicap,period=ft,home,handicap=-0.25,3.5
2026-10-08T00:14:38.304745+02:00,36609422,Brasileiro Serie B,Brazil,America FC MG,Fortaleza EC CE,2026-10-07T23:30:00+00:00,75.3616,soccer.asian_handicap,period=ft,away,handicap=-0.25,1.3
2026-10-08T00:14:38.304745+02:00,36609422,Brasileiro Serie B,Brazil,America FC MG,Fortaleza EC CE,2026-10-07T23:30:00+00:00,75.3616,soccer.asian_handicap,period=ft,home,handicap=0,3.0
2026-10-08T00:14:38.304745+02:00,36609422,Brasileiro Serie B,Brazil,America FC MG,Fortaleza EC CE,2026-10-07T23:30:00+00:00,75.3616,soccer.asian_handicap,period=ft,away,handicap=0,1.4
2026-10-08T00:14:38.304745+02:00,36609422,Brasileiro Serie B,Brazil,America FC MG,Fortaleza EC CE,2026-10-07T23:30:00+00:00,75.3616,soccer.asian_handicap,period=ft,home,handicap=0.25,2.25
2026-10-08T00:14:38.304745+02:00,36609422,Brasileiro Serie B,Brazil,America FC MG,Fortaleza EC CE,2026-10-07T23:30:00+00:00,75.3616,soccer.asian_handicap,period=ft,away,handicap=0.25,1.65
2026-10-08T00:14:38.304745+02:00,36609422,Brasileiro Serie B,Brazil,America FC MG,Fortaleza EC CE,2026-10-07T23:30:00+00:00,75.3616,soccer.asian_handicap,period=ft,home,handicap=0.75,1.67
2026-10-08T00:14:38.304745+02:00,36609422,Brasileiro Serie B,Brazil,America FC MG,Fortaleza EC CE,2026-10-07T23:30:00+00:00,75.3616,soccer.asian_handicap,period=ft,away,handicap=0.75,2.2
2026-10-08T00:14:38.304745+02:00,36609422,Brasileiro Serie B,Brazil,America FC MG,Fortaleza EC CE,2026-10-07T23:30:00+00:00,75.3616,soccer.asian_handicap,period=ft,home,handicap=1,1.43
2026-10-08T00:14:38.304745+02:00,36609422,Brasileiro Serie B,Brazil,America FC MG,Fortaleza EC CE,2026-10-07T23:30:00+00:00,75.3616,soccer.asian_handicap,period=ft,away,handicap=1,2.85
2026-10-08T00:14:38.304745+02:00,36609422,Brasileiro Serie B,Brazil,America FC MG,Fortaleza EC CE,2026-10-07T23:30:00+00:00,75.3616,soccer.asian_handicap,period=ft,home,handicap=1.25,1.33
2026-10-08T00:14:38.304745+02:00,36609422,Brasileiro Serie B,Brazil,America FC MG,Fortaleza EC CE,2026-10-07T23:30:00+00:00,75.3616,soccer.asian_handicap,period=ft,away,handicap=1.25,3.3
2026-10-08T00:14:38.304745+02:00,36609422,Brasileiro Serie B,Brazil,America FC MG,Fortaleza EC CE,2026-10-07T23:30:00+00:00,75.3616,soccer.asian_handicap,period=ft,home,handicap=1.5,1.27
2026-10-08T00:14:38.304745+02:00,36609422,Brasileiro Serie B,Brazil,America FC MG,Fortaleza EC CE,2026-10-07T23:30:00+00:00,75.3616,soccer.asian_handicap,period=ft,away,handicap=1.5,3.75
2026-10-08T00:14:38.304745+02:00,36609422,Brasileiro Serie B,Brazil,America FC MG,Fortaleza EC CE,2026-10-07T23:30:00+00:00,75.3616,soccer.double_chance,period=ft,draw_away,,1.24
2026-10-08T00:14:38.304745+02:00,36609422,Brasileiro Serie B,Brazil,America FC MG,Fortaleza EC CE,2026-10-07T23:30:00+00:00,75.3616,soccer.double_chance,period=ft,home_away,,1.3
2026-10-08T00:14:38.304745+02:00,36609422,Brasileiro Serie B,Brazil,America FC MG,Fortaleza EC CE,2026-10-07T23:30:00+00:00,75.3616,soccer.double_chance,period=ft,home_draw,,1.89
2026-10-08T00:14:38.304745+02:00,36609422,Brasileiro Serie B,Brazil,America FC MG,Fortaleza EC CE,2026-10-07T23:30:00+00:00,75.3616,soccer.match_odds,period=ft,home,,4.05
2026-10-08T00:14:38.304745+02:00,36609422,Brasileiro Serie B,Brazil,America FC MG,Fortaleza EC CE,2026-10-07T23:30:00+00:00,75.3616,soccer.match_odds,period=ft,draw,,3.5
2026-10-08T00:14:38.304745+02:00,36609422,Brasileiro Serie B,Brazil,America FC MG,Fortaleza EC CE,2026-10-07T23:30:00+00:00,75.3616,soccer.match_odds,period=ft,away,,1.91
2026-10-08T00:14:38.304745+02:00,36609422,Brasileiro Serie B,Brazil,America FC MG,Fortaleza EC CE,2026-10-07T23:30:00+00:00,75.3616,soccer.total_goals,period=ft,over,total=2.25,1.82
2026-10-08T00:14:38.304745+02:00,36609422,Brasileiro Serie B,Brazil,America FC MG,Fortaleza EC CE,2026-10-07T23:30:00+00:00,75.3616,soccer.total_goals,period=ft,under,total=2.25,2.01
2026-10-08T00:14:38.304745+02:00,36609422,Brasileiro Serie B,Brazil,America FC MG,Fortaleza EC CE,2026-10-07T23:30:00+00:00,75.3616,soccer.total_goals,period=ft,over,total=1.5,1.34
2026-10-08T00:14:38.304745+02:00,36609422,Brasileiro Serie B,Brazil,America FC MG,Fortaleza EC CE,2026-10-07T23:30:00+00:00,75.3616,soccer.total_goals,period=ft,under,total=1.5,3.2
2026-10-08T00:14:38.304745+02:00,36609422,Brasileiro Serie B,Brazil,America FC MG,Fortaleza EC CE,2026-10-07T23:30:00+00:00,75.3616,soccer.total_goals,period=ft,over,total=1.75,1.42
2026-10-08T00:14:38.304745+02:00,36609422,Brasileiro Serie B,Brazil,America FC MG,Fortaleza EC CE,2026-10-07T23:30:00+00:00,75.3616,soccer.total_goals,period=ft,under,total=1.75,2.85
2026-10-08T00:14:38.304745+02:00,36609422,Brasileiro Serie B,Brazil,America FC MG,Fortaleza EC CE,2026-10-07T23:30:00+00:00,75.3616,soccer.total_goals,period=ft,over,total=2,1.55
2026-10-08T00:14:38.304745+02:00,36609422,Brasileiro Serie B,Brazil,America FC MG,Fortaleza EC CE,2026-10-07T23:30:00+00:00,75.3616,soccer.total_goals,period=ft,under,total=2,2.45
2026-10-08T00:14:38.304745+02:00,36609422,Brasileiro Serie B,Brazil,America FC MG,Fortaleza EC CE,2026-10-07T23:30:00+00:00,75.3616,soccer.total_goals,period=ft,over,total=2.5,2.08
2026-10-08T00:14:38.304745+02:00,36609422,Brasileiro Serie B,Brazil,America FC MG,Fortaleza EC CE,2026-10-07T23:30:00+00:00,75.3616,soccer.total_goals,period=ft,under,total=2.5,1.75
2026-10-08T00:14:38.304745+02:00,36609422,Brasileiro Serie B,Brazil,America FC MG,Fortaleza EC CE,2026-10-07T23:30:00+00:00,75.3616,soccer.total_goals,period=ft,over,total=2.75,2.4
2026-10-08T00:14:38.304745+02:00,36609422,Brasileiro Serie B,Brazil,America FC MG,Fortaleza EC CE,2026-10-07T23:30:00+00:00,75.3616,soccer.total_goals,period=ft,under,total=2.75,1.56
2026-10-08T00:14:38.304745+02:00,36609422,Brasileiro Serie B,Brazil,America FC MG,Fortaleza EC CE,2026-10-07T23:30:00+00:00,75.3616,soccer.total_goals,period=ft,over,total=3.5,3.75
2026-10-08T00:14:38.304745+02:00,36609422,Brasileiro Serie B,Brazil,America FC MG,Fortaleza EC CE,2026-10-07T23:30:00+00:00,75.3616,soccer.total_goals,period=ft,under,total=3.5,1.26
2026-10-08T00:14:38.304745+02:00,36435229,Brasileiro Serie A,Brazil,Clube do Remo PA,Gremio FB Porto Alegrense RS,2026-10-07T22:30:00+00:00,15.3616,soccer.asian_handicap,period=ft,home,handicap=-0.5,2.07
2026-10-08T00:14:38.304745+02:00,36435229,Brasileiro Serie A,Brazil,Clube do Remo PA,Gremio FB Porto Alegrense RS,2026-10-07T22:30:00+00:00,15.3616,soccer.asian_handicap,period=ft,away,handicap=-0.5,1.81
2026-10-08T00:14:38.304745+02:00,36435229,Brasileiro Serie A,Brazil,Clube do Remo PA,Gremio FB Porto Alegrense RS,2026-10-07T22:30:00+00:00,15.3616,soccer.asian_handicap,period=ft,home,handicap=-1.5,3.85
2026-10-08T00:14:38.304745+02:00,36435229,Brasileiro Serie A,Brazil,Clube do Remo PA,Gremio FB Porto Alegrense RS,2026-10-07T22:30:00+00:00,15.3616,soccer.asian_handicap,period=ft,away,handicap=-1.5,1.27
2026-10-08T00:14:38.304745+02:00,36435229,Brasileiro Serie A,Brazil,Clube do Remo PA,Gremio FB Porto Alegrense RS,2026-10-07T22:30:00+00:00,15.3616,soccer.asian_handicap,period=ft,home,handicap=-1.25,3.45
2026-10-08T00:14:38.304745+02:00,36435229,Brasileiro Serie A,Brazil,Clube do Remo PA,Gremio FB Porto Alegrense RS,2026-10-07T22:30:00+00:00,15.3616,soccer.asian_handicap,period=ft,away,handicap=-1.25,1.32
2026-10-08T00:14:38.304745+02:00,36435229,Brasileiro Serie A,Brazil,Clube do Remo PA,Gremio FB Porto Alegrense RS,2026-10-07T22:30:00+00:00,15.3616,soccer.asian_handicap,period=ft,home,handicap=-1,3.0
2026-10-08T00:14:38.304745+02:00,36435229,Brasileiro Serie A,Brazil,Clube do Remo PA,Gremio FB Porto Alegrense RS,2026-10-07T22:30:00+00:00,15.3616,soccer.asian_handicap,period=ft,away,handicap=-1,1.4
2026-10-08T00:14:38.304745+02:00,36435229,Brasileiro Serie A,Brazil,Clube do Remo PA,Gremio FB Porto Alegrense RS,2026-10-07T22:30:00+00:00,15.3616,soccer.asian_handicap,period=ft,home,handicap=-0.75,2.4
2026-10-08T00:14:38.304745+02:00,36435229,Brasileiro Serie A,Brazil,Clube do Remo PA,Gremio FB Porto Alegrense RS,2026-10-07T22:30:00+00:00,15.3616,soccer.asian_handicap,period=ft,away,handicap=-0.75,1.6
2026-10-08T00:14:38.304745+02:00,36435229,Brasileiro Serie A,Brazil,Clube do Remo PA,Gremio FB Porto Alegrense RS,2026-10-07T22:30:00+00:00,15.3616,soccer.asian_handicap,period=ft,home,handicap=-0.25,1.77
2026-10-08T00:14:38.304745+02:00,36435229,Brasileiro Serie A,Brazil,Clube do Remo PA,Gremio FB Porto Alegrense RS,2026-10-07T22:30:00+00:00,15.3616,soccer.asian_handicap,period=ft,away,handicap=-0.25,2.09
2026-10-08T00:14:38.304745+02:00,36435229,Brasileiro Serie A,Brazil,Clube do Remo PA,Gremio FB Porto Alegrense RS,2026-10-07T22:30:00+00:00,15.3616,soccer.asian_handicap,period=ft,home,handicap=0,1.49
2026-10-08T00:14:38.304745+02:00,36435229,Brasileiro Serie A,Brazil,Clube do Remo PA,Gremio FB Porto Alegrense RS,2026-10-07T22:30:00+00:00,15.3616,soccer.asian_handicap,period=ft,away,handicap=0,2.7
2026-10-08T00:14:38.304745+02:00,36435229,Brasileiro Serie A,Brazil,Clube do Remo PA,Gremio FB Porto Alegrense RS,2026-10-07T22:30:00+00:00,15.3616,soccer.asian_handicap,period=ft,home,handicap=0.25,1.36
2026-10-08T00:14:38.304745+02:00,36435229,Brasileiro Serie A,Brazil,Clube do Remo PA,Gremio FB Porto Alegrense RS,2026-10-07T22:30:00+00:00,15.3616,soccer.asian_handicap,period=ft,away,handicap=0.25,3.15
2026-10-08T00:14:38.304745+02:00,36435229,Brasileiro Serie A,Brazil,Clube do Remo PA,Gremio FB Porto Alegrense RS,2026-10-07T22:30:00+00:00,15.3616,soccer.asian_handicap,period=ft,home,handicap=0.5,1.29
2026-10-08T00:14:38.304745+02:00,36435229,Brasileiro Serie A,Brazil,Clube do Remo PA,Gremio FB Porto Alegrense RS,2026-10-07T22:30:00+00:00,15.3616,soccer.asian_handicap,period=ft,away,handicap=0.5,3.65
2026-10-08T00:14:38.304745+02:00,36435229,Brasileiro Serie A,Brazil,Clube do Remo PA,Gremio FB Porto Alegrense RS,2026-10-07T22:30:00+00:00,15.3616,soccer.double_chance,period=ft,draw_away,,1.78
2026-10-08T00:14:38.304745+02:00,36435229,Brasileiro Serie A,Brazil,Clube do Remo PA,Gremio FB Porto Alegrense RS,2026-10-07T22:30:00+00:00,15.3616,soccer.double_chance,period=ft,home_away,,1.31
2026-10-08T00:14:38.304745+02:00,36435229,Brasileiro Serie A,Brazil,Clube do Remo PA,Gremio FB Porto Alegrense RS,2026-10-07T22:30:00+00:00,15.3616,soccer.double_chance,period=ft,home_draw,,1.31
2026-10-08T00:14:38.304745+02:00,36435229,Brasileiro Serie A,Brazil,Clube do Remo PA,Gremio FB Porto Alegrense RS,2026-10-07T22:30:00+00:00,15.3616,soccer.match_odds,period=ft,home,,2.07
2026-10-08T00:14:38.304745+02:00,36435229,Brasileiro Serie A,Brazil,Clube do Remo PA,Gremio FB Porto Alegrense RS,2026-10-07T22:30:00+00:00,15.3616,soccer.match_odds,period=ft,draw,,3.45
2026-10-08T00:14:38.304745+02:00,36435229,Brasileiro Serie A,Brazil,Clube do Remo PA,Gremio FB Porto Alegrense RS,2026-10-07T22:30:00+00:00,15.3616,soccer.match_odds,period=ft,away,,3.7
2026-10-08T00:14:38.304745+02:00,36435229,Brasileiro Serie A,Brazil,Clube do Remo PA,Gremio FB Porto Alegrense RS,2026-10-07T22:30:00+00:00,15.3616,soccer.total_goals,period=ft,over,total=2.5,2.0
2026-10-08T00:14:38.304745+02:00,36435229,Brasileiro Serie A,Brazil,Clube do Remo PA,Gremio FB Porto Alegrense RS,2026-10-07T22:30:00+00:00,15.3616,soccer.total_goals,period=ft,under,total=2.5,1.86
2026-10-08T00:14:38.304745+02:00,36435229,Brasileiro Serie A,Brazil,Clube do Remo PA,Gremio FB Porto Alegrense RS,2026-10-07T22:30:00+00:00,15.3616,soccer.total_goals,period=ft,over,total=1.5,1.29
2026-10-08T00:14:38.304745+02:00,36435229,Brasileiro Serie A,Brazil,Clube do Remo PA,Gremio FB Porto Alegrense RS,2026-10-07T22:30:00+00:00,15.3616,soccer.total_goals,period=ft,under,total=1.5,3.55
2026-10-08T00:14:38.304745+02:00,36435229,Brasileiro Serie A,Brazil,Clube do Remo PA,Gremio FB Porto Alegrense RS,2026-10-07T22:30:00+00:00,15.3616,soccer.total_goals,period=ft,over,total=2,1.48
2026-10-08T00:14:38.304745+02:00,36435229,Brasileiro Serie A,Brazil,Clube do Remo PA,Gremio FB Porto Alegrense RS,2026-10-07T22:30:00+00:00,15.3616,soccer.total_goals,period=ft,under,total=2,2.7
2026-10-08T00:14:38.304745+02:00,36435229,Brasileiro Serie A,Brazil,Clube do Remo PA,Gremio FB Porto Alegrense RS,2026-10-07T22:30:00+00:00,15.3616,soccer.total_goals,period=ft,over,total=2.25,1.73
2026-10-08T00:14:38.304745+02:00,36435229,Brasileiro Serie A,Brazil,Clube do Remo PA,Gremio FB Porto Alegrense RS,2026-10-07T22:30:00+00:00,15.3616,soccer.total_goals,period=ft,under,total=2.25,2.13
2026-10-08T00:14:38.304745+02:00,36435229,Brasileiro Serie A,Brazil,Clube do Remo PA,Gremio FB Porto Alegrense RS,2026-10-07T22:30:00+00:00,15.3616,soccer.total_goals,period=ft,over,total=2.75,2.25
2026-10-08T00:14:38.304745+02:00,36435229,Brasileiro Serie A,Brazil,Clube do Remo PA,Gremio FB Porto Alegrense RS,2026-10-07T22:30:00+00:00,15.3616,soccer.total_goals,period=ft,under,total=2.75,1.66
2026-10-08T00:14:38.304745+02:00,36435229,Brasileiro Serie A,Brazil,Clube do Remo PA,Gremio FB Porto Alegrense RS,2026-10-07T22:30:00+00:00,15.3616,soccer.total_goals,period=ft,over,total=3,2.7
2026-10-08T00:14:38.304745+02:00,36435229,Brasileiro Serie A,Brazil,Clube do Remo PA,Gremio FB Porto Alegrense RS,2026-10-07T22:30:00+00:00,15.3616,soccer.total_goals,period=ft,under,total=3,1.47
2026-10-08T00:14:38.304745+02:00,36435229,Brasileiro Serie A,Brazil,Clube do Remo PA,Gremio FB Porto Alegrense RS,2026-10-07T22:30:00+00:00,15.3616,soccer.total_goals,period=ft,over,total=3.5,3.4
2026-10-08T00:14:38.304745+02:00,36435229,Brasileiro Serie A,Brazil,Clube do Remo PA,Gremio FB Porto Alegrense RS,2026-10-07T22:30:00+00:00,15.3616,soccer.total_goals,period=ft,under,total=3.5,1.32
2026-10-08T00:14:38.304745+02:00,36435229,Brasileiro Serie A,Brazil,Clube do Remo PA,Gremio FB Porto Alegrense RS,2026-10-07T22:30:00+00:00,15.3616,soccer.total_goals,period=ft,over,total=4.5,6.65
2026-10-08T00:14:38.304745+02:00,36435229,Brasileiro Serie A,Brazil,Clube do Remo PA,Gremio FB Porto Alegrense RS,2026-10-07T22:30:00+00:00,15.3616,soccer.total_goals,period=ft,under,total=4.5,1.11
2026-10-08T00:14:38.304745+02:00,36435228,Brasileiro Serie A,Brazil,Red Bull Bragantino SP,Mirassol FC SP,2026-10-07T22:30:00+00:00,15.3616,soccer.asian_handicap,period=ft,home,handicap=-0.75,1.95
2026-10-08T00:14:38.304745+02:00,36435228,Brasileiro Serie A,Brazil,Red Bull Bragantino SP,Mirassol FC SP,2026-10-07T22:30:00+00:00,15.3616,soccer.asian_handicap,period=ft,away,handicap=-0.75,1.93
2026-10-08T00:14:38.304745+02:00,36435228,Brasileiro Serie A,Brazil,Red Bull Bragantino SP,Mirassol FC SP,2026-10-07T22:30:00+00:00,15.3616,soccer.asian_handicap,period=ft,home,handicap=-1.75,3.75
2026-10-08T00:14:38.304745+02:00,36435228,Brasileiro Serie A,Brazil,Red Bull Bragantino SP,Mirassol FC SP,2026-10-07T22:30:00+00:00,15.3616,soccer.asian_handicap,period=ft,away,handicap=-1.75,1.28
2026-10-08T00:14:38.304745+02:00,36435228,Brasileiro Serie A,Brazil,Red Bull Bragantino SP,Mirassol FC SP,2026-10-07T22:30:00+00:00,15.3616,soccer.asian_handicap,period=ft,home,handicap=-1.5,3.0
2026-10-08T00:14:38.304745+02:00,36435228,Brasileiro Serie A,Brazil,Red Bull Bragantino SP,Mirassol FC SP,2026-10-07T22:30:00+00:00,15.3616,soccer.asian_handicap,period=ft,away,handicap=-1.5,1.4
2026-10-08T00:14:38.304745+02:00,36435228,Brasileiro Serie A,Brazil,Red Bull Bragantino SP,Mirassol FC SP,2026-10-07T22:30:00+00:00,15.3616,soccer.asian_handicap,period=ft,home,handicap=-1.25,2.65
2026-10-08T00:14:38.304745+02:00,36435228,Brasileiro Serie A,Brazil,Red Bull Bragantino SP,Mirassol FC SP,2026-10-07T22:30:00+00:00,15.3616,soccer.asian_handicap,period=ft,away,handicap=-1.25,1.5
2026-10-08T00:14:38.304745+02:00,36435228,Brasileiro Serie A,Brazil,Red Bull Bragantino SP,Mirassol FC SP,2026-10-07T22:30:00+00:00,15.3616,soccer.asian_handicap,period=ft,home,handicap=-1,2.3
2026-10-08T00:14:38.304745+02:00,36435228,Brasileiro Serie A,Brazil,Red Bull Bragantino SP,Mirassol FC SP,2026-10-07T22:30:00+00:00,15.3616,soccer.asian_handicap,period=ft,away,handicap=-1,1.64
2026-10-08T00:14:38.304745+02:00,36435228,Brasileiro Serie A,Brazil,Red Bull Bragantino SP,Mirassol FC SP,2026-10-07T22:30:00+00:00,15.3616,soccer.asian_handicap,period=ft,home,handicap=-0.5,1.72
2026-10-08T00:14:38.304745+02:00,36435228,Brasileiro Serie A,Brazil,Red Bull Bragantino SP,Mirassol FC SP,2026-10-07T22:30:00+00:00,15.3616,soccer.asian_handicap,period=ft,away,handicap=-0.5,2.17
2026-10-08T00:14:38.304745+02:00,36435228,Brasileiro Serie A,Brazil,Red Bull Bragantino SP,Mirassol FC SP,2026-10-07T22:30:00+00:00,15.3616,soccer.asian_handicap,period=ft,home,handicap=-0.25,1.51
2026-10-08T00:14:38.304745+02:00,36435228,Brasileiro Serie A,Brazil,Red Bull Bragantino SP,Mirassol FC SP,2026-10-07T22:30:00+00:00,15.3616,soccer.asian_handicap,period=ft,away,handicap=-0.25,2.6
2026-10-08T00:14:38.304745+02:00,36435228,Brasileiro Serie A,Brazil,Red Bull Bragantino SP,Mirassol FC SP,2026-10-07T22:30:00+00:00,15.3616,soccer.asian_handicap,period=ft,home,handicap=0,1.3
2026-10-08T00:14:38.304745+02:00,36435228,Brasileiro Serie A,Brazil,Red Bull Bragantino SP,Mirassol FC SP,2026-10-07T22:30:00+00:00,15.3616,soccer.asian_handicap,period=ft,away,handicap=0,3.6
2026-10-08T00:14:38.304745+02:00,36435228,Brasileiro Serie A,Brazil,Red Bull Bragantino SP,Mirassol FC SP,2026-10-07T22:30:00+00:00,15.3616,soccer.asian_handicap,period=ft,home,handicap=0.25,1.24
2026-10-08T00:14:38.304745+02:00,36435228,Brasileiro Serie A,Brazil,Red Bull Bragantino SP,Mirassol FC SP,2026-10-07T22:30:00+00:00,15.3616,soccer.asian_handicap,period=ft,away,handicap=0.25,4.15
2026-10-08T00:14:38.304745+02:00,36435228,Brasileiro Serie A,Brazil,Red Bull Bragantino SP,Mirassol FC SP,2026-10-07T22:30:00+00:00,15.3616,soccer.double_chance,period=ft,draw_away,,2.15
2026-10-08T00:14:38.304745+02:00,36435228,Brasileiro Serie A,Brazil,Red Bull Bragantino SP,Mirassol FC SP,2026-10-07T22:30:00+00:00,15.3616,soccer.double_chance,period=ft,home_away,,1.27
2026-10-08T00:14:38.304745+02:00,36435228,Brasileiro Serie A,Brazil,Red Bull Bragantino SP,Mirassol FC SP,2026-10-07T22:30:00+00:00,15.3616,soccer.double_chance,period=ft,home_draw,,1.2
2026-10-08T00:14:38.304745+02:00,36435228,Brasileiro Serie A,Brazil,Red Bull Bragantino SP,Mirassol FC SP,2026-10-07T22:30:00+00:00,15.3616,soccer.match_odds,period=ft,home,,1.73
2026-10-08T00:14:38.304745+02:00,36435228,Brasileiro Serie A,Brazil,Red Bull Bragantino SP,Mirassol FC SP,2026-10-07T22:30:00+00:00,15.3616,soccer.match_odds,period=ft,draw,,3.9
2026-10-08T00:14:38.304745+02:00,36435228,Brasileiro Serie A,Brazil,Red Bull Bragantino SP,Mirassol FC SP,2026-10-07T22:30:00+00:00,15.3616,soccer.match_odds,period=ft,away,,4.8
2026-10-08T00:14:38.304745+02:00,36435228,Brasileiro Serie A,Brazil,Red Bull Bragantino SP,Mirassol FC SP,2026-10-07T22:30:00+00:00,15.3616,soccer.total_goals,period=ft,over,total=2.75,1.89
2026-10-08T00:14:38.304745+02:00,36435228,Brasileiro Serie A,Brazil,Red Bull Bragantino SP,Mirassol FC SP,2026-10-07T22:30:00+00:00,15.3616,soccer.total_goals,period=ft,under,total=2.75,1.98
2026-10-08T00:14:38.304745+02:00,36435228,Brasileiro Serie A,Brazil,Red Bull Bragantino SP,Mirassol FC SP,2026-10-07T22:30:00+00:00,15.3616,soccer.total_goals,period=ft,over,total=1.5,1.21
2026-10-08T00:14:38.304745+02:00,36435228,Brasileiro Serie A,Brazil,Red Bull Bragantino SP,Mirassol FC SP,2026-10-07T22:30:00+00:00,15.3616,soccer.total_goals,period=ft,under,total=1.5,4.45
2026-10-08T00:14:38.304745+02:00,36435228,Brasileiro Serie A,Brazil,Red Bull Bragantino SP,Mirassol FC SP,2026-10-07T22:30:00+00:00,15.3616,soccer.total_goals,period=ft,over,total=2.25,1.5
2026-10-08T00:14:38.304745+02:00,36435228,Brasileiro Serie A,Brazil,Red Bull Bragantino SP,Mirassol FC SP,2026-10-07T22:30:00+00:00,15.3616,soccer.total_goals,period=ft,under,total=2.25,2.6
2026-10-08T00:14:38.304745+02:00,36435228,Brasileiro Serie A,Brazil,Red Bull Bragantino SP,Mirassol FC SP,2026-10-07T22:30:00+00:00,15.3616,soccer.total_goals,period=ft,over,total=2.5,1.69
2026-10-08T00:14:38.304745+02:00,36435228,Brasileiro Serie A,Brazil,Red Bull Bragantino SP,Mirassol FC SP,2026-10-07T22:30:00+00:00,15.3616,soccer.total_goals,period=ft,under,total=2.5,2.2
2026-10-08T00:14:38.304745+02:00,36435228,Brasileiro Serie A,Brazil,Red Bull Bragantino SP,Mirassol FC SP,2026-10-07T22:30:00+00:00,15.3616,soccer.total_goals,period=ft,over,total=3,2.16
2026-10-08T00:14:38.304745+02:00,36435228,Brasileiro Serie A,Brazil,Red Bull Bragantino SP,Mirassol FC SP,2026-10-07T22:30:00+00:00,15.3616,soccer.total_goals,period=ft,under,total=3,1.71
2026-10-08T00:14:38.304745+02:00,36435228,Brasileiro Serie A,Brazil,Red Bull Bragantino SP,Mirassol FC SP,2026-10-07T22:30:00+00:00,15.3616,soccer.total_goals,period=ft,over,total=3.25,2.45
2026-10-08T00:14:38.304745+02:00,36435228,Brasileiro Serie A,Brazil,Red Bull Bragantino SP,Mirassol FC SP,2026-10-07T22:30:00+00:00,15.3616,soccer.total_goals,period=ft,under,total=3.25,1.56
2026-10-08T00:14:38.304745+02:00,36435228,Brasileiro Serie A,Brazil,Red Bull Bragantino SP,Mirassol FC SP,2026-10-07T22:30:00+00:00,15.3616,soccer.total_goals,period=ft,over,total=3.5,2.75
2026-10-08T00:14:38.304745+02:00,36435228,Brasileiro Serie A,Brazil,Red Bull Bragantino SP,Mirassol FC SP,2026-10-07T22:30:00+00:00,15.3616,soccer.total_goals,period=ft,under,total=3.5,1.45
2026-10-08T00:14:38.304745+02:00,36435228,Brasileiro Serie A,Brazil,Red Bull Bragantino SP,Mirassol FC SP,2026-10-07T22:30:00+00:00,15.3616,soccer.total_goals,period=ft,over,total=4.5,5.25
2026-10-08T00:14:38.304745+02:00,36435228,Brasileiro Serie A,Brazil,Red Bull Bragantino SP,Mirassol FC SP,2026-10-07T22:30:00+00:00,15.3616,soccer.total_goals,period=ft,under,total=4.5,1.16
2026-10-08T00:14:38.304745+02:00,36435230,Brasileiro Serie A,Brazil,SC Internacional RS,SC Corinthians SP,2026-10-07T22:30:00+00:00,15.3616,soccer.asian_handicap,period=ft,home,handicap=-0.25,2.13
2026-10-08T00:14:38.304745+02:00,36435230,Brasileiro Serie A,Brazil,SC Internacional RS,SC Corinthians SP,2026-10-07T22:30:00+00:00,15.3616,soccer.asian_handicap,period=ft,away,handicap=-0.25,1.78
2026-10-08T00:14:38.304745+02:00,36435230,Brasileiro Serie A,Brazil,SC Internacional RS,SC Corinthians SP,2026-10-07T22:30:00+00:00,15.3616,soccer.asian_handicap,period=ft,home,handicap=-1.25,4.9
2026-10-08T00:14:38.304745+02:00,36435230,Brasileiro Serie A,Brazil,SC Internacional RS,SC Corinthians SP,2026-10-07T22:30:00+00:00,15.3616,soccer.asian_handicap,period=ft,away,handicap=-1.25,1.19
2026-10-08T00:14:38.304745+02:00,36435230,Brasileiro Serie A,Brazil,SC Internacional RS,SC Corinthians SP,2026-10-07T22:30:00+00:00,15.3616,soccer.asian_handicap,period=ft,home,handicap=-1,4.35
2026-10-08T00:14:38.304745+02:00,36435230,Brasileiro Serie A,Brazil,SC Internacional RS,SC Corinthians SP,2026-10-07T22:30:00+00:00,15.3616,soccer.asian_handicap,period=ft,away,handicap=-1,1.22
2026-10-08T00:14:38.304745+02:00,36435230,Brasileiro Serie A,Brazil,SC Internacional RS,SC Corinthians SP,2026-10-07T22:30:00+00:00,15.3616,soccer.asian_handicap,period=ft,home,handicap=-0.75,3.05
2026-10-08T00:14:38.304745+02:00,36435230,Brasileiro Serie A,Brazil,SC Internacional RS,SC Corinthians SP,2026-10-07T22:30:00+00:00,15.3616,soccer.asian_handicap,period=ft,away,handicap=-0.75,1.39
2026-10-08T00:14:38.304745+02:00,36435230,Brasileiro Serie A,Brazil,SC Internacional RS,SC Corinthians SP,2026-10-07T22:30:00+00:00,15.3616,soccer.asian_handicap,period=ft,home,handicap=-0.5,2.5
2026-10-08T00:14:38.304745+02:00,36435230,Brasileiro Serie A,Brazil,SC Internacional RS,SC Corinthians SP,2026-10-07T22:30:00+00:00,15.3616,soccer.asian_handicap,period=ft,away,handicap=-0.5,1.55
2026-10-08T00:14:38.304745+02:00,36435230,Brasileiro Serie A,Brazil,SC Internacional RS,SC Corinthians SP,2026-10-07T22:30:00+00:00,15.3616,soccer.asian_handicap,period=ft,home,handicap=0,1.71
2026-10-08T00:14:38.304745+02:00,36435230,Brasileiro Serie A,Brazil,SC Internacional RS,SC Corinthians SP,2026-10-07T22:30:00+00:00,15.3616,soccer.asian_handicap,period=ft,away,handicap=0,2.18
2026-10-08T00:14:38.304745+02:00,36435230,Brasileiro Serie A,Brazil,SC Internacional RS,SC Corinthians SP,2026-10-07T22:30:00+00:00,15.3616,soccer.asian_handicap,period=ft,home,handicap=0.25,1.49
2026-10-08T00:14:38.304745+02:00,36435230,Brasileiro Serie A,Brazil,SC Internacional RS,SC Corinthians SP,2026-10-07T22:30:00+00:00,15.3616,soccer.asian_handicap,period=ft,away,handicap=0.25,2.65
2026-10-08T00:14:38.304745+02:00,36435230,Brasileiro Serie A,Brazil,SC Internacional RS,SC Corinthians SP,2026-10-07T22:30:00+00:00,15.3616,soccer.asian_handicap,period=ft,home,handicap=0.5,1.37
2026-10-08T00:14:38.304745+02:00,36435230,Brasileiro Serie A,Brazil,SC Internacional RS,SC Corinthians SP,2026-10-07T22:30:00+00:00,15.3616,soccer.asian_handicap,period=ft,away,handicap=0.5,3.15
2026-10-08T00:14:38.304745+02:00,36435230,Brasileiro Serie A,Brazil,SC Internacional RS,SC Corinthians SP,2026-10-07T22:30:00+00:00,15.3616,soccer.asian_handicap,period=ft,home,handicap=0.75,1.24
2026-10-08T00:14:38.304745+02:00,36435230,Brasileiro Serie A,Brazil,SC Internacional RS,SC Corinthians SP,2026-10-07T22:30:00+00:00,15.3616,soccer.asian_handicap,period=ft,away,handicap=0.75,4.15
2026-10-08T00:14:38.304745+02:00,36435230,Brasileiro Serie A,Brazil,SC Internacional RS,SC Corinthians SP,2026-10-07T22:30:00+00:00,15.3616,soccer.double_chance,period=ft,draw_away,,1.55
2026-10-08T00:14:38.304745+02:00,36435230,Brasileiro Serie A,Brazil,SC Internacional RS,SC Corinthians SP,2026-10-07T22:30:00+00:00,15.3616,soccer.double_chance,period=ft,home_away,,1.39
2026-10-08T00:14:38.304745+02:00,36435230,Brasileiro Serie A,Brazil,SC Internacional RS,SC Corinthians SP,2026-10-07T22:30:00+00:00,15.3616,soccer.double_chance,period=ft,home_draw,,1.37
2026-10-08T00:14:38.304745+02:00,36435230,Brasileiro Serie A,Brazil,SC Internacional RS,SC Corinthians SP,2026-10-07T22:30:00+00:00,15.3616,soccer.match_odds,period=ft,home,,2.5
2026-10-08T00:14:38.304745+02:00,36435230,Brasileiro Serie A,Brazil,SC Internacional RS,SC Corinthians SP,2026-10-07T22:30:00+00:00,15.3616,soccer.match_odds,period=ft,draw,,3.0
2026-10-08T00:14:38.304745+02:00,36435230,Brasileiro Serie A,Brazil,SC Internacional RS,SC Corinthians SP,2026-10-07T22:30:00+00:00,15.3616,soccer.match_odds,period=ft,away,,3.2
2026-10-08T00:14:38.304745+02:00,36435230,Brasileiro Serie A,Brazil,SC Internacional RS,SC Corinthians SP,2026-10-07T22:30:00+00:00,15.3616,soccer.total_goals,period=ft,over,total=2,1.89
2026-10-08T00:14:38.304745+02:00,36435230,Brasileiro Serie A,Brazil,SC Internacional RS,SC Corinthians SP,2026-10-07T22:30:00+00:00,15.3616,soccer.total_goals,period=ft,under,total=2,1.98
2026-10-08T00:14:38.304745+02:00,36435230,Brasileiro Serie A,Brazil,SC Internacional RS,SC Corinthians SP,2026-10-07T22:30:00+00:00,15.3616,soccer.total_goals,period=ft,over,total=0.5,1.1
2026-10-08T00:14:38.304745+02:00,36435230,Brasileiro Serie A,Brazil,SC Internacional RS,SC Corinthians SP,2026-10-07T22:30:00+00:00,15.3616,soccer.total_goals,period=ft,under,total=0.5,6.95
2026-10-08T00:14:38.304745+02:00,36435230,Brasileiro Serie A,Brazil,SC Internacional RS,SC Corinthians SP,2026-10-07T22:30:00+00:00,15.3616,soccer.total_goals,period=ft,over,total=1.5,1.49
2026-10-08T00:14:38.304745+02:00,36435230,Brasileiro Serie A,Brazil,SC Internacional RS,SC Corinthians SP,2026-10-07T22:30:00+00:00,15.3616,soccer.total_goals,period=ft,under,total=1.5,2.65
2026-10-08T00:14:38.304745+02:00,36435230,Brasileiro Serie A,Brazil,SC Internacional RS,SC Corinthians SP,2026-10-07T22:30:00+00:00,15.3616,soccer.total_goals,period=ft,over,total=1.75,1.63
2026-10-08T00:14:38.304745+02:00,36435230,Brasileiro Serie A,Brazil,SC Internacional RS,SC Corinthians SP,2026-10-07T22:30:00+00:00,15.3616,soccer.total_goals,period=ft,under,total=1.75,2.3
2026-10-08T00:14:38.304745+02:00,36435230,Brasileiro Serie A,Brazil,SC Internacional RS,SC Corinthians SP,2026-10-07T22:30:00+00:00,15.3616,soccer.total_goals,period=ft,over,total=2.25,2.2
2026-10-08T00:14:38.304745+02:00,36435230,Brasileiro Serie A,Brazil,SC Internacional RS,SC Corinthians SP,2026-10-07T22:30:00+00:00,15.3616,soccer.total_goals,period=ft,under,total=2.25,1.69
2026-10-08T00:14:38.304745+02:00,36435230,Brasileiro Serie A,Brazil,SC Internacional RS,SC Corinthians SP,2026-10-07T22:30:00+00:00,15.3616,soccer.total_goals,period=ft,over,total=2.5,2.5
2026-10-08T00:14:38.304745+02:00,36435230,Brasileiro Serie A,Brazil,SC Internacional RS,SC Corinthians SP,2026-10-07T22:30:00+00:00,15.3616,soccer.total_goals,period=ft,under,total=2.5,1.53
2026-10-08T00:14:38.304745+02:00,36435230,Brasileiro Serie A,Brazil,SC Internacional RS,SC Corinthians SP,2026-10-07T22:30:00+00:00,15.3616,soccer.total_goals,period=ft,over,total=3.5,4.75
2026-10-08T00:14:38.304745+02:00,36435230,Brasileiro Serie A,Brazil,SC Internacional RS,SC Corinthians SP,2026-10-07T22:30:00+00:00,15.3616,soccer.total_goals,period=ft,under,total=3.5,1.19
2026-10-08T00:14:38.304745+02:00,36435231,Brasileiro Serie A,Brazil,EC Vitoria BA,Chapecoense SC,2026-10-07T23:00:00+00:00,45.3616,soccer.asian_handicap,period=ft,home,handicap=-1,2.01
2026-10-08T00:14:38.304745+02:00,36435231,Brasileiro Serie A,Brazil,EC Vitoria BA,Chapecoense SC,2026-10-07T23:00:00+00:00,45.3616,soccer.asian_handicap,period=ft,away,handicap=-1,1.88
2026-10-08T00:14:38.304745+02:00,36435231,Brasileiro Serie A,Brazil,EC Vitoria BA,Chapecoense SC,2026-10-07T23:00:00+00:00,45.3616,soccer.asian_handicap,period=ft,home,handicap=-2,4.55
2026-10-08T00:14:38.304745+02:00,36435231,Brasileiro Serie A,Brazil,EC Vitoria BA,Chapecoense SC,2026-10-07T23:00:00+00:00,45.3616,soccer.asian_handicap,period=ft,away,handicap=-2,1.21
2026-10-08T00:14:38.304745+02:00,36435231,Brasileiro Serie A,Brazil,EC Vitoria BA,Chapecoense SC,2026-10-07T23:00:00+00:00,45.3616,soccer.asian_handicap,period=ft,home,handicap=-1.75,3.25
2026-10-08T00:14:38.304745+02:00,36435231,Brasileiro Serie A,Brazil,EC Vitoria BA,Chapecoense SC,2026-10-07T23:00:00+00:00,45.3616,soccer.asian_handicap,period=ft,away,handicap=-1.75,1.35
2026-10-08T00:14:38.304745+02:00,36435231,Brasileiro Serie A,Brazil,EC Vitoria BA,Chapecoense SC,2026-10-07T23:00:00+00:00,45.3616,soccer.asian_handicap,period=ft,home,handicap=-1.5,2.65
2026-10-08T00:14:38.304745+02:00,36435231,Brasileiro Serie A,Brazil,EC Vitoria BA,Chapecoense SC,2026-10-07T23:00:00+00:00,45.3616,soccer.asian_handicap,period=ft,away,handicap=-1.5,1.5
2026-10-08T00:14:38.304745+02:00,36435231,Brasileiro Serie A,Brazil,EC Vitoria BA,Chapecoense SC,2026-10-07T23:00:00+00:00,45.3616,soccer.asian_handicap,period=ft,home,handicap=-1.25,2.3
2026-10-08T00:14:38.304745+02:00,36435231,Brasileiro Serie A,Brazil,EC Vitoria BA,Chapecoense SC,2026-10-07T23:00:00+00:00,45.3616,soccer.asian_handicap,period=ft,away,handicap=-1.25,1.63
2026-10-08T00:14:38.304745+02:00,36435231,Brasileiro Serie A,Brazil,EC Vitoria BA,Chapecoense SC,2026-10-07T23:00:00+00:00,45.3616,soccer.asian_handicap,period=ft,home,handicap=-0.75,1.71
2026-10-08T00:14:38.304745+02:00,36435231,Brasileiro Serie A,Brazil,EC Vitoria BA,Chapecoense SC,2026-10-07T23:00:00+00:00,45.3616,soccer.asian_handicap,period=ft,away,handicap=-0.75,2.18
2026-10-08T00:14:38.304745+02:00,36435231,Brasileiro Serie A,Brazil,EC Vitoria BA,Chapecoense SC,2026-10-07T23:00:00+00:00,45.3616,soccer.asian_handicap,period=ft,home,handicap=-0.5,1.56
2026-10-08T00:14:38.304745+02:00,36435231,Brasileiro Serie A,Brazil,EC Vitoria BA,Chapecoense SC,2026-10-07T23:00:00+00:00,45.3616,soccer.asian_handicap,period=ft,away,handicap=-0.5,2.5
2026-10-08T00:14:38.304745+02:00,36435231,Brasileiro Serie A,Brazil,EC Vitoria BA,Chapecoense SC,2026-10-07T23:00:00+00:00,45.3616,soccer.asian_handicap,period=ft,home,handicap=-0.25,1.38
2026-10-08T00:14:38.304745+02:00,36435231,Brasileiro Serie A,Brazil,EC Vitoria BA,Chapecoense SC,2026-10-07T23:00:00+00:00,45.3616,soccer.asian_handicap,period=ft,away,handicap=-0.25,3.1
2026-10-08T00:14:38.304745+02:00,36435231,Brasileiro Serie A,Brazil,EC Vitoria BA,Chapecoense SC,2026-10-07T23:00:00+00:00,45.3616,soccer.asian_handicap,period=ft,home,handicap=0,1.2
2026-10-08T00:14:38.304745+02:00,36435231,Brasileiro Serie A,Brazil,EC Vitoria BA,Chapecoense SC,2026-10-07T23:00:00+00:00,45.3616,soccer.asian_handicap,period=ft,away,handicap=0,4.65
2026-10-08T00:14:38.304745+02:00,36435231,Brasileiro Serie A,Brazil,EC Vitoria BA,Chapecoense SC,2026-10-07T23:00:00+00:00,45.3616,soccer.double_chance,period=ft,draw_away,,2.45
2026-10-08T00:14:38.304745+02:00,36435231,Brasileiro Serie A,Brazil,EC Vitoria BA,Chapecoense SC,2026-10-07T23:00:00+00:00,45.3616,soccer.double_chance,period=ft,home_away,,1.24
2026-10-08T00:14:38.304745+02:00,36435231,Brasileiro Serie A,Brazil,EC Vitoria BA,Chapecoense SC,2026-10-07T23:00:00+00:00,45.3616,soccer.double_chance,period=ft,home_draw,,1.15
2026-10-08T00:14:38.304745+02:00,36435231,Brasileiro Serie A,Brazil,EC Vitoria BA,Chapecoense SC,2026-10-07T23:00:00+00:00,45.3616,soccer.match_odds,period=ft,home,,1.56
2026-10-08T00:14:38.304745+02:00,36435231,Brasileiro Serie A,Brazil,EC Vitoria BA,Chapecoense SC,2026-10-07T23:00:00+00:00,45.3616,soccer.match_odds,period=ft,draw,,4.15
2026-10-08T00:14:38.304745+02:00,36435231,Brasileiro Serie A,Brazil,EC Vitoria BA,Chapecoense SC,2026-10-07T23:00:00+00:00,45.3616,soccer.match_odds,period=ft,away,,6.05
2026-10-08T00:14:38.304745+02:00,36435231,Brasileiro Serie A,Brazil,EC Vitoria BA,Chapecoense SC,2026-10-07T23:00:00+00:00,45.3616,soccer.total_goals,period=ft,over,total=2.5,1.85
2026-10-08T00:14:38.304745+02:00,36435231,Brasileiro Serie A,Brazil,EC Vitoria BA,Chapecoense SC,2026-10-07T23:00:00+00:00,45.3616,soccer.total_goals,period=ft,under,total=2.5,2.01
2026-10-08T00:14:38.304745+02:00,36435231,Brasileiro Serie A,Brazil,EC Vitoria BA,Chapecoense SC,2026-10-07T23:00:00+00:00,45.3616,soccer.total_goals,period=ft,over,total=1.5,1.26
2026-10-08T00:14:38.304745+02:00,36435231,Brasileiro Serie A,Brazil,EC Vitoria BA,Chapecoense SC,2026-10-07T23:00:00+00:00,45.3616,soccer.total_goals,period=ft,under,total=1.5,3.85
2026-10-08T00:14:38.304745+02:00,36435231,Brasileiro Serie A,Brazil,EC Vitoria BA,Chapecoense SC,2026-10-07T23:00:00+00:00,45.3616,soccer.total_goals,period=ft,over,total=2,1.4
2026-10-08T00:14:38.304745+02:00,36435231,Brasileiro Serie A,Brazil,EC Vitoria BA,Chapecoense SC,2026-10-07T23:00:00+00:00,45.3616,soccer.total_goals,period=ft,under,total=2,3.0
2026-10-08T00:14:38.304745+02:00,36435231,Brasileiro Serie A,Brazil,EC Vitoria BA,Chapecoense SC,2026-10-07T23:00:00+00:00,45.3616,soccer.total_goals,period=ft,over,total=2.25,1.62
2026-10-08T00:14:38.304745+02:00,36435231,Brasileiro Serie A,Brazil,EC Vitoria BA,Chapecoense SC,2026-10-07T23:00:00+00:00,45.3616,soccer.total_goals,period=ft,under,total=2.25,2.3
2026-10-08T00:14:38.304745+02:00,36435231,Brasileiro Serie A,Brazil,EC Vitoria BA,Chapecoense SC,2026-10-07T23:00:00+00:00,45.3616,soccer.total_goals,period=ft,over,total=2.75,2.06
2026-10-08T00:14:38.304745+02:00,36435231,Brasileiro Serie A,Brazil,EC Vitoria BA,Chapecoense SC,2026-10-07T23:00:00+00:00,45.3616,soccer.total_goals,period=ft,under,total=2.75,1.78
2026-10-08T00:14:38.304745+02:00,36435231,Brasileiro Serie A,Brazil,EC Vitoria BA,Chapecoense SC,2026-10-07T23:00:00+00:00,45.3616,soccer.total_goals,period=ft,over,total=3,2.45
2026-10-08T00:14:38.304745+02:00,36435231,Brasileiro Serie A,Brazil,EC Vitoria BA,Chapecoense SC,2026-10-07T23:00:00+00:00,45.3616,soccer.total_goals,period=ft,under,total=3,1.56
2026-10-08T00:14:38.304745+02:00,36435231,Brasileiro Serie A,Brazil,EC Vitoria BA,Chapecoense SC,2026-10-07T23:00:00+00:00,45.3616,soccer.total_goals,period=ft,over,total=3.5,3.1
2026-10-08T00:14:38.304745+02:00,36435231,Brasileiro Serie A,Brazil,EC Vitoria BA,Chapecoense SC,2026-10-07T23:00:00+00:00,45.3616,soccer.total_goals,period=ft,under,total=3.5,1.37
2026-10-08T00:14:38.304745+02:00,36435231,Brasileiro Serie A,Brazil,EC Vitoria BA,Chapecoense SC,2026-10-07T23:00:00+00:00,45.3616,soccer.total_goals,period=ft,over,total=4.5,6.1
2026-10-08T00:14:38.304745+02:00,36435231,Brasileiro Serie A,Brazil,EC Vitoria BA,Chapecoense SC,2026-10-07T23:00:00+00:00,45.3616,soccer.total_goals,period=ft,under,total=4.5,1.13
2026-10-08T00:14:38.304745+02:00,36435232,Brasileiro Serie A,Brazil,Botafogo FR RJ,CR Vasco da Gama RJ,2026-10-07T23:30:00+00:00,75.3616,soccer.asian_handicap,period=ft,home,handicap=0.25,1.89
2026-10-08T00:14:38.304745+02:00,36435232,Brasileiro Serie A,Brazil,Botafogo FR RJ,CR Vasco da Gama RJ,2026-10-07T23:30:00+00:00,75.3616,soccer.asian_handicap,period=ft,away,handicap=0.25,1.99
2026-10-08T00:14:38.304745+02:00,36435232,Brasileiro Serie A,Brazil,Botafogo FR RJ,CR Vasco da Gama RJ,2026-10-07T23:30:00+00:00,75.3616,soccer.asian_handicap,period=ft,home,handicap=-0.75,3.75
2026-10-08T00:14:38.304745+02:00,36435232,Brasileiro Serie A,Brazil,Botafogo FR RJ,CR Vasco da Gama RJ,2026-10-07T23:30:00+00:00,75.3616,soccer.asian_handicap,period=ft,away,handicap=-0.75,1.28
2026-10-08T00:14:38.304745+02:00,36435232,Brasileiro Serie A,Brazil,Botafogo FR RJ,CR Vasco da Gama RJ,2026-10-07T23:30:00+00:00,75.3616,soccer.asian_handicap,period=ft,home,handicap=-0.5,3.0
2026-10-08T00:14:38.304745+02:00,36435232,Brasileiro Serie A,Brazil,Botafogo FR RJ,CR Vasco da Gama RJ,2026-10-07T23:30:00+00:00,75.3616,soccer.asian_handicap,period=ft,away,handicap=-0.5,1.4
2026-10-08T00:14:38.304745+02:00,36435232,Brasileiro Serie A,Brazil,Botafogo FR RJ,CR Vasco da Gama RJ,2026-10-07T23:30:00+00:00,75.3616,soccer.asian_handicap,period=ft,home,handicap=-0.25,2.65
2026-10-08T00:14:38.304745+02:00,36435232,Brasileiro Serie A,Brazil,Botafogo FR RJ,CR Vasco da Gama RJ,2026-10-07T23:30:00+00:00,75.3616,soccer.asian_handicap,period=ft,away,handicap=-0.25,1.5
2026-10-08T00:14:38.304745+02:00,36435232,Brasileiro Serie A,Brazil,Botafogo FR RJ,CR Vasco da Gama RJ,2026-10-07T23:30:00+00:00,75.3616,soccer.asian_handicap,period=ft,home,handicap=0,2.25
2026-10-08T00:14:38.304745+02:00,36435232,Brasileiro Serie A,Brazil,Botafogo FR RJ,CR Vasco da Gama RJ,2026-10-07T23:30:00+00:00,75.3616,soccer.asian_handicap,period=ft,away,handicap=0,1.67
2026-10-08T00:14:38.304745+02:00,36435232,Brasileiro Serie A,Brazil,Botafogo FR RJ,CR Vasco da Gama RJ,2026-10-07T23:30:00+00:00,75.3616,soccer.asian_handicap,period=ft,home,handicap=0.5,1.67
2026-10-08T00:14:38.304745+02:00,36435232,Brasileiro Serie A,Brazil,Botafogo FR RJ,CR Vasco da Gama RJ,2026-10-07T23:30:00+00:00,75.3616,soccer.asian_handicap,period=ft,away,handicap=0.5,2.25
2026-10-08T00:14:38.304745+02:00,36435232,Brasileiro Serie A,Brazil,Botafogo FR RJ,CR Vasco da Gama RJ,2026-10-07T23:30:00+00:00,75.3616,soccer.asian_handicap,period=ft,home,handicap=0.75,1.49
2026-10-08T00:14:38.304745+02:00,36435232,Brasileiro Serie A,Brazil,Botafogo FR RJ,CR Vasco da Gama RJ,2026-10-07T23:30:00+00:00,75.3616,soccer.asian_handicap,period=ft,away,handicap=0.75,2.65
2026-10-08T00:14:38.304745+02:00,36435232,Brasileiro Serie A,Brazil,Botafogo FR RJ,CR Vasco da Gama RJ,2026-10-07T23:30:00+00:00,75.3616,soccer.asian_handicap,period=ft,home,handicap=1,1.31
2026-10-08T00:14:38.304745+02:00,36435232,Brasileiro Serie A,Brazil,Botafogo FR RJ,CR Vasco da Gama RJ,2026-10-07T23:30:00+00:00,75.3616,soccer.asian_handicap,period=ft,away,handicap=1,3.5
2026-10-08T00:14:38.304745+02:00,36435232,Brasileiro Serie A,Brazil,Botafogo FR RJ,CR Vasco da Gama RJ,2026-10-07T23:30:00+00:00,75.3616,soccer.asian_handicap,period=ft,home,handicap=1.25,1.26
2026-10-08T00:14:38.304745+02:00,36435232,Brasileiro Serie A,Brazil,Botafogo FR RJ,CR Vasco da Gama RJ,2026-10-07T23:30:00+00:00,75.3616,soccer.asian_handicap,period=ft,away,handicap=1.25,3.95
2026-10-08T00:14:38.304745+02:00,36435232,Brasileiro Serie A,Brazil,Botafogo FR RJ,CR Vasco da Gama RJ,2026-10-07T23:30:00+00:00,75.3616,soccer.double_chance,period=ft,draw_away,,1.4
2026-10-08T00:14:38.304745+02:00,36435232,Brasileiro Serie A,Brazil,Botafogo FR RJ,CR Vasco da Gama RJ,2026-10-07T23:30:00+00:00,75.3616,soccer.double_chance,period=ft,home_away,,1.3
2026-10-08T00:14:38.304745+02:00,36435232,Brasileiro Serie A,Brazil,Botafogo FR RJ,CR Vasco da Gama RJ,2026-10-07T23:30:00+00:00,75.3616,soccer.double_chance,period=ft,home_draw,,1.65
2026-10-08T00:14:38.304745+02:00,36435232,Brasileiro Serie A,Brazil,Botafogo FR RJ,CR Vasco da Gama RJ,2026-10-07T23:30:00+00:00,75.3616,soccer.match_odds,period=ft,home,,3.05
2026-10-08T00:14:38.304745+02:00,36435232,Brasileiro Serie A,Brazil,Botafogo FR RJ,CR Vasco da Gama RJ,2026-10-07T23:30:00+00:00,75.3616,soccer.match_odds,period=ft,draw,,3.65
2026-10-08T00:14:38.304745+02:00,36435232,Brasileiro Serie A,Brazil,Botafogo FR RJ,CR Vasco da Gama RJ,2026-10-07T23:30:00+00:00,75.3616,soccer.match_odds,period=ft,away,,2.25
2026-10-08T00:14:38.304745+02:00,36435232,Brasileiro Serie A,Brazil,Botafogo FR RJ,CR Vasco da Gama RJ,2026-10-07T23:30:00+00:00,75.3616,soccer.total_goals,period=ft,over,total=3,2.04
2026-10-08T00:14:38.304745+02:00,36435232,Brasileiro Serie A,Brazil,Botafogo FR RJ,CR Vasco da Gama RJ,2026-10-07T23:30:00+00:00,75.3616,soccer.total_goals,period=ft,under,total=3,1.82
2026-10-08T00:14:38.304745+02:00,36435232,Brasileiro Serie A,Brazil,Botafogo FR RJ,CR Vasco da Gama RJ,2026-10-07T23:30:00+00:00,75.3616,soccer.total_goals,period=ft,over,total=1.5,1.18
2026-10-08T00:14:38.304745+02:00,36435232,Brasileiro Serie A,Brazil,Botafogo FR RJ,CR Vasco da Gama RJ,2026-10-07T23:30:00+00:00,75.3616,soccer.total_goals,period=ft,under,total=1.5,4.85
2026-10-08T00:14:38.304745+02:00,36435232,Brasileiro Serie A,Brazil,Botafogo FR RJ,CR Vasco da Gama RJ,2026-10-07T23:30:00+00:00,75.3616,soccer.total_goals,period=ft,over,total=2.5,1.62
2026-10-08T00:14:38.304745+02:00,36435232,Brasileiro Serie A,Brazil,Botafogo FR RJ,CR Vasco da Gama RJ,2026-10-07T23:30:00+00:00,75.3616,soccer.total_goals,period=ft,under,total=2.5,2.3
2026-10-08T00:14:38.304745+02:00,36435232,Brasileiro Serie A,Brazil,Botafogo FR RJ,CR Vasco da Gama RJ,2026-10-07T23:30:00+00:00,75.3616,soccer.total_goals,period=ft,over,total=2.75,1.78
2026-10-08T00:14:38.304745+02:00,36435232,Brasileiro Serie A,Brazil,Botafogo FR RJ,CR Vasco da Gama RJ,2026-10-07T23:30:00+00:00,75.3616,soccer.total_goals,period=ft,under,total=2.75,2.06
2026-10-08T00:14:38.304745+02:00,36435232,Brasileiro Serie A,Brazil,Botafogo FR RJ,CR Vasco da Gama RJ,2026-10-07T23:30:00+00:00,75.3616,soccer.total_goals,period=ft,over,total=3.25,2.3
2026-10-08T00:14:38.304745+02:00,36435232,Brasileiro Serie A,Brazil,Botafogo FR RJ,CR Vasco da Gama RJ,2026-10-07T23:30:00+00:00,75.3616,soccer.total_goals,period=ft,under,total=3.25,1.63
2026-10-08T00:14:38.304745+02:00,36435232,Brasileiro Serie A,Brazil,Botafogo FR RJ,CR Vasco da Gama RJ,2026-10-07T23:30:00+00:00,75.3616,soccer.total_goals,period=ft,over,total=3.5,2.6
2026-10-08T00:14:38.304745+02:00,36435232,Brasileiro Serie A,Brazil,Botafogo FR RJ,CR Vasco da Gama RJ,2026-10-07T23:30:00+00:00,75.3616,soccer.total_goals,period=ft,under,total=3.5,1.51
2026-10-08T00:14:38.304745+02:00,36435232,Brasileiro Serie A,Brazil,Botafogo FR RJ,CR Vasco da Gama RJ,2026-10-07T23:30:00+00:00,75.3616,soccer.total_goals,period=ft,over,total=4.5,4.7
2026-10-08T00:14:38.304745+02:00,36435232,Brasileiro Serie A,Brazil,Botafogo FR RJ,CR Vasco da Gama RJ,2026-10-07T23:30:00+00:00,75.3616,soccer.total_goals,period=ft,under,total=4.5,1.19
2026-10-08T00:16:42.278599+02:00,36679767,Mexico Copa Mexico,Mexico,Inter Playa Del Carmen,Ejidatarios de Bonfil FC,2026-10-07T23:00:00+00:00,43.2954,soccer.asian_handicap,period=ft,home,handicap=-0.5,1.8
2026-10-08T00:16:42.278599+02:00,36679767,Mexico Copa Mexico,Mexico,Inter Playa Del Carmen,Ejidatarios de Bonfil FC,2026-10-07T23:00:00+00:00,43.2954,soccer.asian_handicap,period=ft,away,handicap=-0.5,1.9
2026-10-08T00:16:42.278599+02:00,36679767,Mexico Copa Mexico,Mexico,Inter Playa Del Carmen,Ejidatarios de Bonfil FC,2026-10-07T23:00:00+00:00,43.2954,soccer.asian_handicap,period=ft,home,handicap=-1.25,2.75
2026-10-08T00:16:42.278599+02:00,36679767,Mexico Copa Mexico,Mexico,Inter Playa Del Carmen,Ejidatarios de Bonfil FC,2026-10-07T23:00:00+00:00,43.2954,soccer.asian_handicap,period=ft,away,handicap=-1.25,1.35
2026-10-08T00:16:42.278599+02:00,36679767,Mexico Copa Mexico,Mexico,Inter Playa Del Carmen,Ejidatarios de Bonfil FC,2026-10-07T23:00:00+00:00,43.2954,soccer.asian_handicap,period=ft,home,handicap=-1,2.4
2026-10-08T00:16:42.278599+02:00,36679767,Mexico Copa Mexico,Mexico,Inter Playa Del Carmen,Ejidatarios de Bonfil FC,2026-10-07T23:00:00+00:00,43.2954,soccer.asian_handicap,period=ft,away,handicap=-1,1.45
2026-10-08T00:16:42.278599+02:00,36679767,Mexico Copa Mexico,Mexico,Inter Playa Del Carmen,Ejidatarios de Bonfil FC,2026-10-07T23:00:00+00:00,43.2954,soccer.asian_handicap,period=ft,home,handicap=-0.75,2.02
2026-10-08T00:16:42.278599+02:00,36679767,Mexico Copa Mexico,Mexico,Inter Playa Del Carmen,Ejidatarios de Bonfil FC,2026-10-07T23:00:00+00:00,43.2954,soccer.asian_handicap,period=ft,away,handicap=-0.75,1.68
2026-10-08T00:16:42.278599+02:00,36679767,Mexico Copa Mexico,Mexico,Inter Playa Del Carmen,Ejidatarios de Bonfil FC,2026-10-07T23:00:00+00:00,43.2954,soccer.asian_handicap,period=ft,home,handicap=-0.25,1.58
2026-10-08T00:16:42.278599+02:00,36679767,Mexico Copa Mexico,Mexico,Inter Playa Del Carmen,Ejidatarios de Bonfil FC,2026-10-07T23:00:00+00:00,43.2954,soccer.asian_handicap,period=ft,away,handicap=-0.25,2.18
2026-10-08T00:16:42.278599+02:00,36679767,Mexico Copa Mexico,Mexico,Inter Playa Del Carmen,Ejidatarios de Bonfil FC,2026-10-07T23:00:00+00:00,43.2954,soccer.asian_handicap,period=ft,home,handicap=0,1.36
2026-10-08T00:16:42.278599+02:00,36679767,Mexico Copa Mexico,Mexico,Inter Playa Del Carmen,Ejidatarios de Bonfil FC,2026-10-07T23:00:00+00:00,43.2954,soccer.asian_handicap,period=ft,away,handicap=0,2.7
2026-10-08T00:16:42.278599+02:00,36679767,Mexico Copa Mexico,Mexico,Inter Playa Del Carmen,Ejidatarios de Bonfil FC,2026-10-07T23:00:00+00:00,43.2954,soccer.asian_handicap,period=ft,home,handicap=0.25,1.28
2026-10-08T00:16:42.278599+02:00,36679767,Mexico Copa Mexico,Mexico,Inter Playa Del Carmen,Ejidatarios de Bonfil FC,2026-10-07T23:00:00+00:00,43.2954,soccer.asian_handicap,period=ft,away,handicap=0.25,3.05
2026-10-08T00:16:42.278599+02:00,36679767,Mexico Copa Mexico,Mexico,Inter Playa Del Carmen,Ejidatarios de Bonfil FC,2026-10-07T23:00:00+00:00,43.2954,soccer.match_odds,period=ft,home,,1.79
2026-10-08T00:16:42.278599+02:00,36679767,Mexico Copa Mexico,Mexico,Inter Playa Del Carmen,Ejidatarios de Bonfil FC,2026-10-07T23:00:00+00:00,43.2954,soccer.match_odds,period=ft,draw,,3.5
2026-10-08T00:16:42.278599+02:00,36679767,Mexico Copa Mexico,Mexico,Inter Playa Del Carmen,Ejidatarios de Bonfil FC,2026-10-07T23:00:00+00:00,43.2954,soccer.match_odds,period=ft,away,,3.5
2026-10-08T00:16:42.278599+02:00,36679767,Mexico Copa Mexico,Mexico,Inter Playa Del Carmen,Ejidatarios de Bonfil FC,2026-10-07T23:00:00+00:00,43.2954,soccer.total_goals,period=ft,over,total=2.75,1.89
2026-10-08T00:16:42.278599+02:00,36679767,Mexico Copa Mexico,Mexico,Inter Playa Del Carmen,Ejidatarios de Bonfil FC,2026-10-07T23:00:00+00:00,43.2954,soccer.total_goals,period=ft,under,total=2.75,1.8
2026-10-08T00:16:42.278599+02:00,36679767,Mexico Copa Mexico,Mexico,Inter Playa Del Carmen,Ejidatarios de Bonfil FC,2026-10-07T23:00:00+00:00,43.2954,soccer.total_goals,period=ft,over,total=2,1.3
2026-10-08T00:16:42.278599+02:00,36679767,Mexico Copa Mexico,Mexico,Inter Playa Del Carmen,Ejidatarios de Bonfil FC,2026-10-07T23:00:00+00:00,43.2954,soccer.total_goals,period=ft,under,total=2,3.0
2026-10-08T00:16:42.278599+02:00,36679767,Mexico Copa Mexico,Mexico,Inter Playa Del Carmen,Ejidatarios de Bonfil FC,2026-10-07T23:00:00+00:00,43.2954,soccer.total_goals,period=ft,over,total=2.25,1.49
2026-10-08T00:16:42.278599+02:00,36679767,Mexico Copa Mexico,Mexico,Inter Playa Del Carmen,Ejidatarios de Bonfil FC,2026-10-07T23:00:00+00:00,43.2954,soccer.total_goals,period=ft,under,total=2.25,2.3
2026-10-08T00:16:42.278599+02:00,36679767,Mexico Copa Mexico,Mexico,Inter Playa Del Carmen,Ejidatarios de Bonfil FC,2026-10-07T23:00:00+00:00,43.2954,soccer.total_goals,period=ft,over,total=2.5,1.68
2026-10-08T00:16:42.278599+02:00,36679767,Mexico Copa Mexico,Mexico,Inter Playa Del Carmen,Ejidatarios de Bonfil FC,2026-10-07T23:00:00+00:00,43.2954,soccer.total_goals,period=ft,under,total=2.5,2.01
2026-10-08T00:16:42.278599+02:00,36679767,Mexico Copa Mexico,Mexico,Inter Playa Del Carmen,Ejidatarios de Bonfil FC,2026-10-07T23:00:00+00:00,43.2954,soccer.total_goals,period=ft,over,total=3,2.2
2026-10-08T00:16:42.278599+02:00,36679767,Mexico Copa Mexico,Mexico,Inter Playa Del Carmen,Ejidatarios de Bonfil FC,2026-10-07T23:00:00+00:00,43.2954,soccer.total_goals,period=ft,under,total=3,1.57
2026-10-08T00:16:42.278599+02:00,36679767,Mexico Copa Mexico,Mexico,Inter Playa Del Carmen,Ejidatarios de Bonfil FC,2026-10-07T23:00:00+00:00,43.2954,soccer.total_goals,period=ft,over,total=3.25,2.45
2026-10-08T00:16:42.278599+02:00,36679767,Mexico Copa Mexico,Mexico,Inter Playa Del Carmen,Ejidatarios de Bonfil FC,2026-10-07T23:00:00+00:00,43.2954,soccer.total_goals,period=ft,under,total=3.25,1.44
2026-10-08T00:16:42.278599+02:00,36679767,Mexico Copa Mexico,Mexico,Inter Playa Del Carmen,Ejidatarios de Bonfil FC,2026-10-07T23:00:00+00:00,43.2954,soccer.total_goals,period=ft,over,total=3.5,2.75
2026-10-08T00:16:42.278599+02:00,36679767,Mexico Copa Mexico,Mexico,Inter Playa Del Carmen,Ejidatarios de Bonfil FC,2026-10-07T23:00:00+00:00,43.2954,soccer.total_goals,period=ft,under,total=3.5,1.35
2026-10-08T00:16:42.278599+02:00,36609416,Brasileiro Serie B,Brazil,Avai FC SC,Londrina EC PR,2026-10-07T22:30:00+00:00,13.2954,soccer.asian_handicap,period=ft,home,handicap=-0.25,1.89
2026-10-08T00:16:42.278599+02:00,36609416,Brasileiro Serie B,Brazil,Avai FC SC,Londrina EC PR,2026-10-07T22:30:00+00:00,13.2954,soccer.asian_handicap,period=ft,away,handicap=-0.25,1.94
2026-10-08T00:16:42.278599+02:00,36609416,Brasileiro Serie B,Brazil,Avai FC SC,Londrina EC PR,2026-10-07T22:30:00+00:00,13.2954,soccer.asian_handicap,period=ft,home,handicap=-1.25,4.05
2026-10-08T00:16:42.278599+02:00,36609416,Brasileiro Serie B,Brazil,Avai FC SC,Londrina EC PR,2026-10-07T22:30:00+00:00,13.2954,soccer.asian_handicap,period=ft,away,handicap=-1.25,1.24
2026-10-08T00:16:42.278599+02:00,36609416,Brasileiro Serie B,Brazil,Avai FC SC,Londrina EC PR,2026-10-07T22:30:00+00:00,13.2954,soccer.asian_handicap,period=ft,home,handicap=-1,3.55
2026-10-08T00:16:42.278599+02:00,36609416,Brasileiro Serie B,Brazil,Avai FC SC,Londrina EC PR,2026-10-07T22:30:00+00:00,13.2954,soccer.asian_handicap,period=ft,away,handicap=-1,1.29
2026-10-08T00:16:42.278599+02:00,36609416,Brasileiro Serie B,Brazil,Avai FC SC,Londrina EC PR,2026-10-07T22:30:00+00:00,13.2954,soccer.asian_handicap,period=ft,home,handicap=-0.75,2.65
2026-10-08T00:16:42.278599+02:00,36609416,Brasileiro Serie B,Brazil,Avai FC SC,Londrina EC PR,2026-10-07T22:30:00+00:00,13.2954,soccer.asian_handicap,period=ft,away,handicap=-0.75,1.48
2026-10-08T00:16:42.278599+02:00,36609416,Brasileiro Serie B,Brazil,Avai FC SC,Londrina EC PR,2026-10-07T22:30:00+00:00,13.2954,soccer.asian_handicap,period=ft,home,handicap=-0.5,2.2
2026-10-08T00:16:42.278599+02:00,36609416,Brasileiro Serie B,Brazil,Avai FC SC,Londrina EC PR,2026-10-07T22:30:00+00:00,13.2954,soccer.asian_handicap,period=ft,away,handicap=-0.5,1.67
2026-10-08T00:16:42.278599+02:00,36609416,Brasileiro Serie B,Brazil,Avai FC SC,Londrina EC PR,2026-10-07T22:30:00+00:00,13.2954,soccer.asian_handicap,period=ft,home,handicap=0,1.55
2026-10-08T00:16:42.278599+02:00,36609416,Brasileiro Serie B,Brazil,Avai FC SC,Londrina EC PR,2026-10-07T22:30:00+00:00,13.2954,soccer.asian_handicap,period=ft,away,handicap=0,2.45
2026-10-08T00:16:42.278599+02:00,36609416,Brasileiro Serie B,Brazil,Avai FC SC,Londrina EC PR,2026-10-07T22:30:00+00:00,13.2954,soccer.asian_handicap,period=ft,home,handicap=0.25,1.4
2026-10-08T00:16:42.278599+02:00,36609416,Brasileiro Serie B,Brazil,Avai FC SC,Londrina EC PR,2026-10-07T22:30:00+00:00,13.2954,soccer.asian_handicap,period=ft,away,handicap=0.25,3.0
2026-10-08T00:16:42.278599+02:00,36609416,Brasileiro Serie B,Brazil,Avai FC SC,Londrina EC PR,2026-10-07T22:30:00+00:00,13.2954,soccer.asian_handicap,period=ft,home,handicap=0.5,1.3
2026-10-08T00:16:42.278599+02:00,36609416,Brasileiro Serie B,Brazil,Avai FC SC,Londrina EC PR,2026-10-07T22:30:00+00:00,13.2954,soccer.asian_handicap,period=ft,away,handicap=0.5,3.45
2026-10-08T00:16:42.278599+02:00,36609416,Brasileiro Serie B,Brazil,Avai FC SC,Londrina EC PR,2026-10-07T22:30:00+00:00,13.2954,soccer.asian_handicap,period=ft,home,handicap=0.75,1.19
2026-10-08T00:16:42.278599+02:00,36609416,Brasileiro Serie B,Brazil,Avai FC SC,Londrina EC PR,2026-10-07T22:30:00+00:00,13.2954,soccer.asian_handicap,period=ft,away,handicap=0.75,4.6
2026-10-08T00:16:42.278599+02:00,36609416,Brasileiro Serie B,Brazil,Avai FC SC,Londrina EC PR,2026-10-07T22:30:00+00:00,13.2954,soccer.double_chance,period=ft,draw_away,,1.66
2026-10-08T00:16:42.278599+02:00,36609416,Brasileiro Serie B,Brazil,Avai FC SC,Londrina EC PR,2026-10-07T22:30:00+00:00,13.2954,soccer.double_chance,period=ft,home_away,,1.36
2026-10-08T00:16:42.278599+02:00,36609416,Brasileiro Serie B,Brazil,Avai FC SC,Londrina EC PR,2026-10-07T22:30:00+00:00,13.2954,soccer.double_chance,period=ft,home_draw,,1.3
2026-10-08T00:16:42.278599+02:00,36609416,Brasileiro Serie B,Brazil,Avai FC SC,Londrina EC PR,2026-10-07T22:30:00+00:00,13.2954,soccer.match_odds,period=ft,home,,2.2
2026-10-08T00:16:42.278599+02:00,36609416,Brasileiro Serie B,Brazil,Avai FC SC,Londrina EC PR,2026-10-07T22:30:00+00:00,13.2954,soccer.match_odds,period=ft,draw,,3.1
2026-10-08T00:16:42.278599+02:00,36609416,Brasileiro Serie B,Brazil,Avai FC SC,Londrina EC PR,2026-10-07T22:30:00+00:00,13.2954,soccer.match_odds,period=ft,away,,3.5
2026-10-08T00:16:42.278599+02:00,36609416,Brasileiro Serie B,Brazil,Avai FC SC,Londrina EC PR,2026-10-07T22:30:00+00:00,13.2954,soccer.total_goals,period=ft,over,total=2.25,2.03
2026-10-08T00:16:42.278599+02:00,36609416,Brasileiro Serie B,Brazil,Avai FC SC,Londrina EC PR,2026-10-07T22:30:00+00:00,13.2954,soccer.total_goals,period=ft,under,total=2.25,1.8
2026-10-08T00:16:42.278599+02:00,36609416,Brasileiro Serie B,Brazil,Avai FC SC,Londrina EC PR,2026-10-07T22:30:00+00:00,13.2954,soccer.total_goals,period=ft,over,total=1.5,1.41
2026-10-08T00:16:42.278599+02:00,36609416,Brasileiro Serie B,Brazil,Avai FC SC,Londrina EC PR,2026-10-07T22:30:00+00:00,13.2954,soccer.total_goals,period=ft,under,total=1.5,2.85
2026-10-08T00:16:42.278599+02:00,36609416,Brasileiro Serie B,Brazil,Avai FC SC,Londrina EC PR,2026-10-07T22:30:00+00:00,13.2954,soccer.total_goals,period=ft,over,total=1.75,1.53
2026-10-08T00:16:42.278599+02:00,36609416,Brasileiro Serie B,Brazil,Avai FC SC,Londrina EC PR,2026-10-07T22:30:00+00:00,13.2954,soccer.total_goals,period=ft,under,total=1.75,2.5
2026-10-08T00:16:42.278599+02:00,36609416,Brasileiro Serie B,Brazil,Avai FC SC,Londrina EC PR,2026-10-07T22:30:00+00:00,13.2954,soccer.total_goals,period=ft,over,total=2,1.72
2026-10-08T00:16:42.278599+02:00,36609416,Brasileiro Serie B,Brazil,Avai FC SC,Londrina EC PR,2026-10-07T22:30:00+00:00,13.2954,soccer.total_goals,period=ft,under,total=2,2.13
2026-10-08T00:16:42.278599+02:00,36609416,Brasileiro Serie B,Brazil,Avai FC SC,Londrina EC PR,2026-10-07T22:30:00+00:00,13.2954,soccer.total_goals,period=ft,over,total=2.5,2.3
2026-10-08T00:16:42.278599+02:00,36609416,Brasileiro Serie B,Brazil,Avai FC SC,Londrina EC PR,2026-10-07T22:30:00+00:00,13.2954,soccer.total_goals,period=ft,under,total=2.5,1.6
2026-10-08T00:16:42.278599+02:00,36609416,Brasileiro Serie B,Brazil,Avai FC SC,Londrina EC PR,2026-10-07T22:30:00+00:00,13.2954,soccer.total_goals,period=ft,over,total=2.75,2.75
2026-10-08T00:16:42.278599+02:00,36609416,Brasileiro Serie B,Brazil,Avai FC SC,Londrina EC PR,2026-10-07T22:30:00+00:00,13.2954,soccer.total_goals,period=ft,under,total=2.75,1.45
2026-10-08T00:16:42.278599+02:00,36609416,Brasileiro Serie B,Brazil,Avai FC SC,Londrina EC PR,2026-10-07T22:30:00+00:00,13.2954,soccer.total_goals,period=ft,over,total=3.5,4.3
2026-10-08T00:16:42.278599+02:00,36609416,Brasileiro Serie B,Brazil,Avai FC SC,Londrina EC PR,2026-10-07T22:30:00+00:00,13.2954,soccer.total_goals,period=ft,under,total=3.5,1.21
2026-10-08T00:16:42.278599+02:00,36609397,Brasileiro Serie B,Brazil,Operario Ferroviario EC PR,Botafogo FC SP,2026-10-07T22:30:00+00:00,13.2954,soccer.asian_handicap,period=ft,home,handicap=-0.25,1.95
2026-10-08T00:16:42.278599+02:00,36609397,Brasileiro Serie B,Brazil,Operario Ferroviario EC PR,Botafogo FC SP,2026-10-07T22:30:00+00:00,13.2954,soccer.asian_handicap,period=ft,away,handicap=-0.25,1.89
2026-10-08T00:16:42.278599+02:00,36609397,Brasileiro Serie B,Brazil,Operario Ferroviario EC PR,Botafogo FC SP,2026-10-07T22:30:00+00:00,13.2954,soccer.asian_handicap,period=ft,home,handicap=-1.25,4.1
2026-10-08T00:16:42.278599+02:00,36609397,Brasileiro Serie B,Brazil,Operario Ferroviario EC PR,Botafogo FC SP,2026-10-07T22:30:00+00:00,13.2954,soccer.asian_handicap,period=ft,away,handicap=-1.25,1.23
2026-10-08T00:16:42.278599+02:00,36609397,Brasileiro Serie B,Brazil,Operario Ferroviario EC PR,Botafogo FC SP,2026-10-07T22:30:00+00:00,13.2954,soccer.asian_handicap,period=ft,home,handicap=-1,3.6
2026-10-08T00:16:42.278599+02:00,36609397,Brasileiro Serie B,Brazil,Operario Ferroviario EC PR,Botafogo FC SP,2026-10-07T22:30:00+00:00,13.2954,soccer.asian_handicap,period=ft,away,handicap=-1,1.28
2026-10-08T00:16:42.278599+02:00,36609397,Brasileiro Serie B,Brazil,Operario Ferroviario EC PR,Botafogo FC SP,2026-10-07T22:30:00+00:00,13.2954,soccer.asian_handicap,period=ft,home,handicap=-0.75,2.7
2026-10-08T00:16:42.278599+02:00,36609397,Brasileiro Serie B,Brazil,Operario Ferroviario EC PR,Botafogo FC SP,2026-10-07T22:30:00+00:00,13.2954,soccer.asian_handicap,period=ft,away,handicap=-0.75,1.47
2026-10-08T00:16:42.278599+02:00,36609397,Brasileiro Serie B,Brazil,Operario Ferroviario EC PR,Botafogo FC SP,2026-10-07T22:30:00+00:00,13.2954,soccer.asian_handicap,period=ft,home,handicap=-0.5,2.25
2026-10-08T00:16:42.278599+02:00,36609397,Brasileiro Serie B,Brazil,Operario Ferroviario EC PR,Botafogo FC SP,2026-10-07T22:30:00+00:00,13.2954,soccer.asian_handicap,period=ft,away,handicap=-0.5,1.65
2026-10-08T00:16:42.278599+02:00,36609397,Brasileiro Serie B,Brazil,Operario Ferroviario EC PR,Botafogo FC SP,2026-10-07T22:30:00+00:00,13.2954,soccer.asian_handicap,period=ft,home,handicap=0,1.6
2026-10-08T00:16:42.278599+02:00,36609397,Brasileiro Serie B,Brazil,Operario Ferroviario EC PR,Botafogo FC SP,2026-10-07T22:30:00+00:00,13.2954,soccer.asian_handicap,period=ft,away,handicap=0,2.35
2026-10-08T00:16:42.278599+02:00,36609397,Brasileiro Serie B,Brazil,Operario Ferroviario EC PR,Botafogo FC SP,2026-10-07T22:30:00+00:00,13.2954,soccer.asian_handicap,period=ft,home,handicap=0.25,1.43
2026-10-08T00:16:42.278599+02:00,36609397,Brasileiro Serie B,Brazil,Operario Ferroviario EC PR,Botafogo FC SP,2026-10-07T22:30:00+00:00,13.2954,soccer.asian_handicap,period=ft,away,handicap=0.25,2.85
2026-10-08T00:16:42.278599+02:00,36609397,Brasileiro Serie B,Brazil,Operario Ferroviario EC PR,Botafogo FC SP,2026-10-07T22:30:00+00:00,13.2954,soccer.asian_handicap,period=ft,home,handicap=0.5,1.33
2026-10-08T00:16:42.278599+02:00,36609397,Brasileiro Serie B,Brazil,Operario Ferroviario EC PR,Botafogo FC SP,2026-10-07T22:30:00+00:00,13.2954,soccer.asian_handicap,period=ft,away,handicap=0.5,3.3
2026-10-08T00:16:42.278599+02:00,36609397,Brasileiro Serie B,Brazil,Operario Ferroviario EC PR,Botafogo FC SP,2026-10-07T22:30:00+00:00,13.2954,soccer.asian_handicap,period=ft,home,handicap=0.75,1.21
2026-10-08T00:16:42.278599+02:00,36609397,Brasileiro Serie B,Brazil,Operario Ferroviario EC PR,Botafogo FC SP,2026-10-07T22:30:00+00:00,13.2954,soccer.asian_handicap,period=ft,away,handicap=0.75,4.35
2026-10-08T00:16:42.278599+02:00,36609397,Brasileiro Serie B,Brazil,Operario Ferroviario EC PR,Botafogo FC SP,2026-10-07T22:30:00+00:00,13.2954,soccer.double_chance,period=ft,draw_away,,1.64
2026-10-08T00:16:42.278599+02:00,36609397,Brasileiro Serie B,Brazil,Operario Ferroviario EC PR,Botafogo FC SP,2026-10-07T22:30:00+00:00,13.2954,soccer.double_chance,period=ft,home_away,,1.35
2026-10-08T00:16:42.278599+02:00,36609397,Brasileiro Serie B,Brazil,Operario Ferroviario EC PR,Botafogo FC SP,2026-10-07T22:30:00+00:00,13.2954,soccer.double_chance,period=ft,home_draw,,1.33
2026-10-08T00:16:42.278599+02:00,36609397,Brasileiro Serie B,Brazil,Operario Ferroviario EC PR,Botafogo FC SP,2026-10-07T22:30:00+00:00,13.2954,soccer.match_odds,period=ft,home,,2.25
2026-10-08T00:16:42.278599+02:00,36609397,Brasileiro Serie B,Brazil,Operario Ferroviario EC PR,Botafogo FC SP,2026-10-07T22:30:00+00:00,13.2954,soccer.match_odds,period=ft,draw,,3.2
2026-10-08T00:16:42.278599+02:00,36609397,Brasileiro Serie B,Brazil,Operario Ferroviario EC PR,Botafogo FC SP,2026-10-07T22:30:00+00:00,13.2954,soccer.match_odds,period=ft,away,,3.3
2026-10-08T00:16:42.278599+02:00,36609397,Brasileiro Serie B,Brazil,Operario Ferroviario EC PR,Botafogo FC SP,2026-10-07T22:30:00+00:00,13.2954,soccer.total_goals,period=ft,over,total=2.25,1.97
2026-10-08T00:16:42.278599+02:00,36609397,Brasileiro Serie B,Brazil,Operario Ferroviario EC PR,Botafogo FC SP,2026-10-07T22:30:00+00:00,13.2954,soccer.total_goals,period=ft,under,total=2.25,1.86
2026-10-08T00:16:42.278599+02:00,36609397,Brasileiro Serie B,Brazil,Operario Ferroviario EC PR,Botafogo FC SP,2026-10-07T22:30:00+00:00,13.2954,soccer.total_goals,period=ft,over,total=1.5,1.39
2026-10-08T00:16:42.278599+02:00,36609397,Brasileiro Serie B,Brazil,Operario Ferroviario EC PR,Botafogo FC SP,2026-10-07T22:30:00+00:00,13.2954,soccer.total_goals,period=ft,under,total=1.5,2.95
2026-10-08T00:16:42.278599+02:00,36609397,Brasileiro Serie B,Brazil,Operario Ferroviario EC PR,Botafogo FC SP,2026-10-07T22:30:00+00:00,13.2954,soccer.total_goals,period=ft,over,total=1.75,1.49
2026-10-08T00:16:42.278599+02:00,36609397,Brasileiro Serie B,Brazil,Operario Ferroviario EC PR,Botafogo FC SP,2026-10-07T22:30:00+00:00,13.2954,soccer.total_goals,period=ft,under,total=1.75,2.6
2026-10-08T00:16:42.278599+02:00,36609397,Brasileiro Serie B,Brazil,Operario Ferroviario EC PR,Botafogo FC SP,2026-10-07T22:30:00+00:00,13.2954,soccer.total_goals,period=ft,over,total=2,1.66
2026-10-08T00:16:42.278599+02:00,36609397,Brasileiro Serie B,Brazil,Operario Ferroviario EC PR,Botafogo FC SP,2026-10-07T22:30:00+00:00,13.2954,soccer.total_goals,period=ft,under,total=2,2.2
2026-10-08T00:16:42.278599+02:00,36609397,Brasileiro Serie B,Brazil,Operario Ferroviario EC PR,Botafogo FC SP,2026-10-07T22:30:00+00:00,13.2954,soccer.total_goals,period=ft,over,total=2.5,2.2
2026-10-08T00:16:42.278599+02:00,36609397,Brasileiro Serie B,Brazil,Operario Ferroviario EC PR,Botafogo FC SP,2026-10-07T22:30:00+00:00,13.2954,soccer.total_goals,period=ft,under,total=2.5,1.65
2026-10-08T00:16:42.278599+02:00,36609397,Brasileiro Serie B,Brazil,Operario Ferroviario EC PR,Botafogo FC SP,2026-10-07T22:30:00+00:00,13.2954,soccer.total_goals,period=ft,over,total=2.75,2.6
2026-10-08T00:16:42.278599+02:00,36609397,Brasileiro Serie B,Brazil,Operario Ferroviario EC PR,Botafogo FC SP,2026-10-07T22:30:00+00:00,13.2954,soccer.total_goals,period=ft,under,total=2.75,1.48
2026-10-08T00:16:42.278599+02:00,36609397,Brasileiro Serie B,Brazil,Operario Ferroviario EC PR,Botafogo FC SP,2026-10-07T22:30:00+00:00,13.2954,soccer.total_goals,period=ft,over,total=3.5,4.2
2026-10-08T00:16:42.278599+02:00,36609397,Brasileiro Serie B,Brazil,Operario Ferroviario EC PR,Botafogo FC SP,2026-10-07T22:30:00+00:00,13.2954,soccer.total_goals,period=ft,under,total=3.5,1.22
2026-10-08T00:16:42.278599+02:00,36609422,Brasileiro Serie B,Brazil,America FC MG,Fortaleza EC CE,2026-10-07T23:30:00+00:00,73.2954,soccer.asian_handicap,period=ft,home,handicap=0.5,1.92
2026-10-08T00:16:42.278599+02:00,36609422,Brasileiro Serie B,Brazil,America FC MG,Fortaleza EC CE,2026-10-07T23:30:00+00:00,73.2954,soccer.asian_handicap,period=ft,away,handicap=0.5,1.92
2026-10-08T00:16:42.278599+02:00,36609422,Brasileiro Serie B,Brazil,America FC MG,Fortaleza EC CE,2026-10-07T23:30:00+00:00,73.2954,soccer.asian_handicap,period=ft,home,handicap=-0.5,4.0
2026-10-08T00:16:42.278599+02:00,36609422,Brasileiro Serie B,Brazil,America FC MG,Fortaleza EC CE,2026-10-07T23:30:00+00:00,73.2954,soccer.asian_handicap,period=ft,away,handicap=-0.5,1.24
2026-10-08T00:16:42.278599+02:00,36609422,Brasileiro Serie B,Brazil,America FC MG,Fortaleza EC CE,2026-10-07T23:30:00+00:00,73.2954,soccer.asian_handicap,period=ft,home,handicap=-0.25,3.5
2026-10-08T00:16:42.278599+02:00,36609422,Brasileiro Serie B,Brazil,America FC MG,Fortaleza EC CE,2026-10-07T23:30:00+00:00,73.2954,soccer.asian_handicap,period=ft,away,handicap=-0.25,1.3
2026-10-08T00:16:42.278599+02:00,36609422,Brasileiro Serie B,Brazil,America FC MG,Fortaleza EC CE,2026-10-07T23:30:00+00:00,73.2954,soccer.asian_handicap,period=ft,home,handicap=0,3.0
2026-10-08T00:16:42.278599+02:00,36609422,Brasileiro Serie B,Brazil,America FC MG,Fortaleza EC CE,2026-10-07T23:30:00+00:00,73.2954,soccer.asian_handicap,period=ft,away,handicap=0,1.4
2026-10-08T00:16:42.278599+02:00,36609422,Brasileiro Serie B,Brazil,America FC MG,Fortaleza EC CE,2026-10-07T23:30:00+00:00,73.2954,soccer.asian_handicap,period=ft,home,handicap=0.25,2.25
2026-10-08T00:16:42.278599+02:00,36609422,Brasileiro Serie B,Brazil,America FC MG,Fortaleza EC CE,2026-10-07T23:30:00+00:00,73.2954,soccer.asian_handicap,period=ft,away,handicap=0.25,1.65
2026-10-08T00:16:42.278599+02:00,36609422,Brasileiro Serie B,Brazil,America FC MG,Fortaleza EC CE,2026-10-07T23:30:00+00:00,73.2954,soccer.asian_handicap,period=ft,home,handicap=0.75,1.67
2026-10-08T00:16:42.278599+02:00,36609422,Brasileiro Serie B,Brazil,America FC MG,Fortaleza EC CE,2026-10-07T23:30:00+00:00,73.2954,soccer.asian_handicap,period=ft,away,handicap=0.75,2.2
2026-10-08T00:16:42.278599+02:00,36609422,Brasileiro Serie B,Brazil,America FC MG,Fortaleza EC CE,2026-10-07T23:30:00+00:00,73.2954,soccer.asian_handicap,period=ft,home,handicap=1,1.43
2026-10-08T00:16:42.278599+02:00,36609422,Brasileiro Serie B,Brazil,America FC MG,Fortaleza EC CE,2026-10-07T23:30:00+00:00,73.2954,soccer.asian_handicap,period=ft,away,handicap=1,2.85
2026-10-08T00:16:42.278599+02:00,36609422,Brasileiro Serie B,Brazil,America FC MG,Fortaleza EC CE,2026-10-07T23:30:00+00:00,73.2954,soccer.asian_handicap,period=ft,home,handicap=1.25,1.33
2026-10-08T00:16:42.278599+02:00,36609422,Brasileiro Serie B,Brazil,America FC MG,Fortaleza EC CE,2026-10-07T23:30:00+00:00,73.2954,soccer.asian_handicap,period=ft,away,handicap=1.25,3.3
2026-10-08T00:16:42.278599+02:00,36609422,Brasileiro Serie B,Brazil,America FC MG,Fortaleza EC CE,2026-10-07T23:30:00+00:00,73.2954,soccer.asian_handicap,period=ft,home,handicap=1.5,1.27
2026-10-08T00:16:42.278599+02:00,36609422,Brasileiro Serie B,Brazil,America FC MG,Fortaleza EC CE,2026-10-07T23:30:00+00:00,73.2954,soccer.asian_handicap,period=ft,away,handicap=1.5,3.75
2026-10-08T00:16:42.278599+02:00,36609422,Brasileiro Serie B,Brazil,America FC MG,Fortaleza EC CE,2026-10-07T23:30:00+00:00,73.2954,soccer.double_chance,period=ft,draw_away,,1.24
2026-10-08T00:16:42.278599+02:00,36609422,Brasileiro Serie B,Brazil,America FC MG,Fortaleza EC CE,2026-10-07T23:30:00+00:00,73.2954,soccer.double_chance,period=ft,home_away,,1.3
2026-10-08T00:16:42.278599+02:00,36609422,Brasileiro Serie B,Brazil,America FC MG,Fortaleza EC CE,2026-10-07T23:30:00+00:00,73.2954,soccer.double_chance,period=ft,home_draw,,1.89
2026-10-08T00:16:42.278599+02:00,36609422,Brasileiro Serie B,Brazil,America FC MG,Fortaleza EC CE,2026-10-07T23:30:00+00:00,73.2954,soccer.match_odds,period=ft,home,,4.05
2026-10-08T00:16:42.278599+02:00,36609422,Brasileiro Serie B,Brazil,America FC MG,Fortaleza EC CE,2026-10-07T23:30:00+00:00,73.2954,soccer.match_odds,period=ft,draw,,3.5
2026-10-08T00:16:42.278599+02:00,36609422,Brasileiro Serie B,Brazil,America FC MG,Fortaleza EC CE,2026-10-07T23:30:00+00:00,73.2954,soccer.match_odds,period=ft,away,,1.91
2026-10-08T00:16:42.278599+02:00,36609422,Brasileiro Serie B,Brazil,America FC MG,Fortaleza EC CE,2026-10-07T23:30:00+00:00,73.2954,soccer.total_goals,period=ft,over,total=2.25,1.82
2026-10-08T00:16:42.278599+02:00,36609422,Brasileiro Serie B,Brazil,America FC MG,Fortaleza EC CE,2026-10-07T23:30:00+00:00,73.2954,soccer.total_goals,period=ft,under,total=2.25,2.01
2026-10-08T00:16:42.278599+02:00,36609422,Brasileiro Serie B,Brazil,America FC MG,Fortaleza EC CE,2026-10-07T23:30:00+00:00,73.2954,soccer.total_goals,period=ft,over,total=1.5,1.34
2026-10-08T00:16:42.278599+02:00,36609422,Brasileiro Serie B,Brazil,America FC MG,Fortaleza EC CE,2026-10-07T23:30:00+00:00,73.2954,soccer.total_goals,period=ft,under,total=1.5,3.2
2026-10-08T00:16:42.278599+02:00,36609422,Brasileiro Serie B,Brazil,America FC MG,Fortaleza EC CE,2026-10-07T23:30:00+00:00,73.2954,soccer.total_goals,period=ft,over,total=1.75,1.42
2026-10-08T00:16:42.278599+02:00,36609422,Brasileiro Serie B,Brazil,America FC MG,Fortaleza EC CE,2026-10-07T23:30:00+00:00,73.2954,soccer.total_goals,period=ft,under,total=1.75,2.85
2026-10-08T00:16:42.278599+02:00,36609422,Brasileiro Serie B,Brazil,America FC MG,Fortaleza EC CE,2026-10-07T23:30:00+00:00,73.2954,soccer.total_goals,period=ft,over,total=2,1.55
2026-10-08T00:16:42.278599+02:00,36609422,Brasileiro Serie B,Brazil,America FC MG,Fortaleza EC CE,2026-10-07T23:30:00+00:00,73.2954,soccer.total_goals,period=ft,under,total=2,2.45
2026-10-08T00:16:42.278599+02:00,36609422,Brasileiro Serie B,Brazil,America FC MG,Fortaleza EC CE,2026-10-07T23:30:00+00:00,73.2954,soccer.total_goals,period=ft,over,total=2.5,2.08
2026-10-08T00:16:42.278599+02:00,36609422,Brasileiro Serie B,Brazil,America FC MG,Fortaleza EC CE,2026-10-07T23:30:00+00:00,73.2954,soccer.total_goals,period=ft,under,total=2.5,1.75
2026-10-08T00:16:42.278599+02:00,36609422,Brasileiro Serie B,Brazil,America FC MG,Fortaleza EC CE,2026-10-07T23:30:00+00:00,73.2954,soccer.total_goals,period=ft,over,total=2.75,2.4
2026-10-08T00:16:42.278599+02:00,36609422,Brasileiro Serie B,Brazil,America FC MG,Fortaleza EC CE,2026-10-07T23:30:00+00:00,73.2954,soccer.total_goals,period=ft,under,total=2.75,1.56
2026-10-08T00:16:42.278599+02:00,36609422,Brasileiro Serie B,Brazil,America FC MG,Fortaleza EC CE,2026-10-07T23:30:00+00:00,73.2954,soccer.total_goals,period=ft,over,total=3.5,3.75
2026-10-08T00:16:42.278599+02:00,36609422,Brasileiro Serie B,Brazil,America FC MG,Fortaleza EC CE,2026-10-07T23:30:00+00:00,73.2954,soccer.total_goals,period=ft,under,total=3.5,1.26
2026-10-08T00:16:42.278599+02:00,36666889,Copa Venezuela,Venezuela,Barquisimeto SC,Aragua FC,2026-10-07T22:30:00+00:00,13.2954,soccer.asian_handicap,period=ft,home,handicap=0,1.9
2026-10-08T00:16:42.278599+02:00,36666889,Copa Venezuela,Venezuela,Barquisimeto SC,Aragua FC,2026-10-07T22:30:00+00:00,13.2954,soccer.asian_handicap,period=ft,away,handicap=0,1.8
2026-10-08T00:16:42.278599+02:00,36666889,Copa Venezuela,Venezuela,Barquisimeto SC,Aragua FC,2026-10-07T22:30:00+00:00,13.2954,soccer.asian_handicap,period=ft,home,handicap=-0.75,3.0
2026-10-08T00:16:42.278599+02:00,36666889,Copa Venezuela,Venezuela,Barquisimeto SC,Aragua FC,2026-10-07T22:30:00+00:00,13.2954,soccer.asian_handicap,period=ft,away,handicap=-0.75,1.29
2026-10-08T00:16:42.278599+02:00,36666889,Copa Venezuela,Venezuela,Barquisimeto SC,Aragua FC,2026-10-07T22:30:00+00:00,13.2954,soccer.asian_handicap,period=ft,home,handicap=-0.5,2.5
2026-10-08T00:16:42.278599+02:00,36666889,Copa Venezuela,Venezuela,Barquisimeto SC,Aragua FC,2026-10-07T22:30:00+00:00,13.2954,soccer.asian_handicap,period=ft,away,handicap=-0.5,1.42
2026-10-08T00:16:42.278599+02:00,36666889,Copa Venezuela,Venezuela,Barquisimeto SC,Aragua FC,2026-10-07T22:30:00+00:00,13.2954,soccer.asian_handicap,period=ft,home,handicap=-0.25,2.2
2026-10-08T00:16:42.278599+02:00,36666889,Copa Venezuela,Venezuela,Barquisimeto SC,Aragua FC,2026-10-07T22:30:00+00:00,13.2954,soccer.asian_handicap,period=ft,away,handicap=-0.25,1.56
2026-10-08T00:16:42.278599+02:00,36666889,Copa Venezuela,Venezuela,Barquisimeto SC,Aragua FC,2026-10-07T22:30:00+00:00,13.2954,soccer.asian_handicap,period=ft,home,handicap=0.25,1.62
2026-10-08T00:16:42.278599+02:00,36666889,Copa Venezuela,Venezuela,Barquisimeto SC,Aragua FC,2026-10-07T22:30:00+00:00,13.2954,soccer.asian_handicap,period=ft,away,handicap=0.25,2.1
2026-10-08T00:16:42.278599+02:00,36666889,Copa Venezuela,Venezuela,Barquisimeto SC,Aragua FC,2026-10-07T22:30:00+00:00,13.2954,soccer.asian_handicap,period=ft,home,handicap=0.5,1.47
2026-10-08T00:16:42.278599+02:00,36666889,Copa Venezuela,Venezuela,Barquisimeto SC,Aragua FC,2026-10-07T22:30:00+00:00,13.2954,soccer.asian_handicap,period=ft,away,handicap=0.5,2.35
2026-10-08T00:16:42.278599+02:00,36666889,Copa Venezuela,Venezuela,Barquisimeto SC,Aragua FC,2026-10-07T22:30:00+00:00,13.2954,soccer.asian_handicap,period=ft,home,handicap=0.75,1.33
2026-10-08T00:16:42.278599+02:00,36666889,Copa Venezuela,Venezuela,Barquisimeto SC,Aragua FC,2026-10-07T22:30:00+00:00,13.2954,soccer.asian_handicap,period=ft,away,handicap=0.75,2.85
2026-10-08T00:16:42.278599+02:00,36666889,Copa Venezuela,Venezuela,Barquisimeto SC,Aragua FC,2026-10-07T22:30:00+00:00,13.2954,soccer.double_chance,period=ft,draw_away,,1.48
2026-10-08T00:16:42.278599+02:00,36666889,Copa Venezuela,Venezuela,Barquisimeto SC,Aragua FC,2026-10-07T22:30:00+00:00,13.2954,soccer.double_chance,period=ft,home_away,,1.32
2026-10-08T00:16:42.278599+02:00,36666889,Copa Venezuela,Venezuela,Barquisimeto SC,Aragua FC,2026-10-07T22:30:00+00:00,13.2954,soccer.double_chance,period=ft,home_draw,,1.5
2026-10-08T00:16:42.278599+02:00,36666889,Copa Venezuela,Venezuela,Barquisimeto SC,Aragua FC,2026-10-07T22:30:00+00:00,13.2954,soccer.match_odds,period=ft,home,,2.55
2026-10-08T00:16:42.278599+02:00,36666889,Copa Venezuela,Venezuela,Barquisimeto SC,Aragua FC,2026-10-07T22:30:00+00:00,13.2954,soccer.match_odds,period=ft,draw,,3.1
2026-10-08T00:16:42.278599+02:00,36666889,Copa Venezuela,Venezuela,Barquisimeto SC,Aragua FC,2026-10-07T22:30:00+00:00,13.2954,soccer.match_odds,period=ft,away,,2.4
2026-10-08T00:16:42.278599+02:00,36666889,Copa Venezuela,Venezuela,Barquisimeto SC,Aragua FC,2026-10-07T22:30:00+00:00,13.2954,soccer.total_goals,period=ft,over,total=2.5,1.82
2026-10-08T00:16:42.278599+02:00,36666889,Copa Venezuela,Venezuela,Barquisimeto SC,Aragua FC,2026-10-07T22:30:00+00:00,13.2954,soccer.total_goals,period=ft,under,total=2.5,1.88
2026-10-08T00:16:42.278599+02:00,36666889,Copa Venezuela,Venezuela,Barquisimeto SC,Aragua FC,2026-10-07T22:30:00+00:00,13.2954,soccer.total_goals,period=ft,over,total=1.75,1.27
2026-10-08T00:16:42.278599+02:00,36666889,Copa Venezuela,Venezuela,Barquisimeto SC,Aragua FC,2026-10-07T22:30:00+00:00,13.2954,soccer.total_goals,period=ft,under,total=1.75,3.15
2026-10-08T00:16:42.278599+02:00,36666889,Copa Venezuela,Venezuela,Barquisimeto SC,Aragua FC,2026-10-07T22:30:00+00:00,13.2954,soccer.total_goals,period=ft,over,total=2,1.35
2026-10-08T00:16:42.278599+02:00,36666889,Copa Venezuela,Venezuela,Barquisimeto SC,Aragua FC,2026-10-07T22:30:00+00:00,13.2954,soccer.total_goals,period=ft,under,total=2,2.75
2026-10-08T00:16:42.278599+02:00,36666889,Copa Venezuela,Venezuela,Barquisimeto SC,Aragua FC,2026-10-07T22:30:00+00:00,13.2954,soccer.total_goals,period=ft,over,total=2.25,1.58
2026-10-08T00:16:42.278599+02:00,36666889,Copa Venezuela,Venezuela,Barquisimeto SC,Aragua FC,2026-10-07T22:30:00+00:00,13.2954,soccer.total_goals,period=ft,under,total=2.25,2.17
2026-10-08T00:16:42.278599+02:00,36666889,Copa Venezuela,Venezuela,Barquisimeto SC,Aragua FC,2026-10-07T22:30:00+00:00,13.2954,soccer.total_goals,period=ft,over,total=2.75,2.02
2026-10-08T00:16:42.278599+02:00,36666889,Copa Venezuela,Venezuela,Barquisimeto SC,Aragua FC,2026-10-07T22:30:00+00:00,13.2954,soccer.total_goals,period=ft,under,total=2.75,1.67
2026-10-08T00:16:42.278599+02:00,36666889,Copa Venezuela,Venezuela,Barquisimeto SC,Aragua FC,2026-10-07T22:30:00+00:00,13.2954,soccer.total_goals,period=ft,over,total=3,2.35
2026-10-08T00:16:42.278599+02:00,36666889,Copa Venezuela,Venezuela,Barquisimeto SC,Aragua FC,2026-10-07T22:30:00+00:00,13.2954,soccer.total_goals,period=ft,under,total=3,1.47
2026-10-08T00:16:42.278599+02:00,36666889,Copa Venezuela,Venezuela,Barquisimeto SC,Aragua FC,2026-10-07T22:30:00+00:00,13.2954,soccer.total_goals,period=ft,over,total=3.25,2.65
2026-10-08T00:16:42.278599+02:00,36666889,Copa Venezuela,Venezuela,Barquisimeto SC,Aragua FC,2026-10-07T22:30:00+00:00,13.2954,soccer.total_goals,period=ft,under,total=3.25,1.38
2026-10-08T00:16:42.278599+02:00,36667093,Copa Uruguay,Uruguay,Libertad,CA Bella Vista,2026-10-07T23:00:00+00:00,43.2954,soccer.asian_handicap,period=ft,home,handicap=0.75,1.89
2026-10-08T00:16:42.278599+02:00,36667093,Copa Uruguay,Uruguay,Libertad,CA Bella Vista,2026-10-07T23:00:00+00:00,43.2954,soccer.asian_handicap,period=ft,away,handicap=0.75,1.8
2026-10-08T00:16:42.278599+02:00,36667093,Copa Uruguay,Uruguay,Libertad,CA Bella Vista,2026-10-07T23:00:00+00:00,43.2954,soccer.asian_handicap,period=ft,home,handicap=0,3.35
2026-10-08T00:16:42.278599+02:00,36667093,Copa Uruguay,Uruguay,Libertad,CA Bella Vista,2026-10-07T23:00:00+00:00,43.2954,soccer.asian_handicap,period=ft,away,handicap=0,1.24
2026-10-08T00:16:42.278599+02:00,36667093,Copa Uruguay,Uruguay,Libertad,CA Bella Vista,2026-10-07T23:00:00+00:00,43.2954,soccer.asian_handicap,period=ft,home,handicap=0.25,2.5
2026-10-08T00:16:42.278599+02:00,36667093,Copa Uruguay,Uruguay,Libertad,CA Bella Vista,2026-10-07T23:00:00+00:00,43.2954,soccer.asian_handicap,period=ft,away,handicap=0.25,1.42
2026-10-08T00:16:42.278599+02:00,36667093,Copa Uruguay,Uruguay,Libertad,CA Bella Vista,2026-10-07T23:00:00+00:00,43.2954,soccer.asian_handicap,period=ft,home,handicap=0.5,2.12
2026-10-08T00:16:42.278599+02:00,36667093,Copa Uruguay,Uruguay,Libertad,CA Bella Vista,2026-10-07T23:00:00+00:00,43.2954,soccer.asian_handicap,period=ft,away,handicap=0.5,1.61
2026-10-08T00:16:42.278599+02:00,36667093,Copa Uruguay,Uruguay,Libertad,CA Bella Vista,2026-10-07T23:00:00+00:00,43.2954,soccer.asian_handicap,period=ft,home,handicap=1,1.63
2026-10-08T00:16:42.278599+02:00,36667093,Copa Uruguay,Uruguay,Libertad,CA Bella Vista,2026-10-07T23:00:00+00:00,43.2954,soccer.asian_handicap,period=ft,away,handicap=1,2.08
2026-10-08T00:16:42.278599+02:00,36667093,Copa Uruguay,Uruguay,Libertad,CA Bella Vista,2026-10-07T23:00:00+00:00,43.2954,soccer.asian_handicap,period=ft,home,handicap=1.25,1.47
2026-10-08T00:16:42.278599+02:00,36667093,Copa Uruguay,Uruguay,Libertad,CA Bella Vista,2026-10-07T23:00:00+00:00,43.2954,soccer.asian_handicap,period=ft,away,handicap=1.25,2.35
2026-10-08T00:16:42.278599+02:00,36667093,Copa Uruguay,Uruguay,Libertad,CA Bella Vista,2026-10-07T23:00:00+00:00,43.2954,soccer.asian_handicap,period=ft,home,handicap=1.5,1.38
2026-10-08T00:16:42.278599+02:00,36667093,Copa Uruguay,Uruguay,Libertad,CA Bella Vista,2026-10-07T23:00:00+00:00,43.2954,soccer.asian_handicap,period=ft,away,handicap=1.5,2.65
2026-10-08T00:16:42.278599+02:00,36667093,Copa Uruguay,Uruguay,Libertad,CA Bella Vista,2026-10-07T23:00:00+00:00,43.2954,soccer.match_odds,period=ft,home,,4.35
2026-10-08T00:16:42.278599+02:00,36667093,Copa Uruguay,Uruguay,Libertad,CA Bella Vista,2026-10-07T23:00:00+00:00,43.2954,soccer.match_odds,period=ft,draw,,3.55
2026-10-08T00:16:42.278599+02:00,36667093,Copa Uruguay,Uruguay,Libertad,CA Bella Vista,2026-10-07T23:00:00+00:00,43.2954,soccer.match_odds,period=ft,away,,1.62
2026-10-08T00:16:42.278599+02:00,36667093,Copa Uruguay,Uruguay,Libertad,CA Bella Vista,2026-10-07T23:00:00+00:00,43.2954,soccer.total_goals,period=ft,over,total=2.5,1.8
2026-10-08T00:16:42.278599+02:00,36667093,Copa Uruguay,Uruguay,Libertad,CA Bella Vista,2026-10-07T23:00:00+00:00,43.2954,soccer.total_goals,period=ft,under,total=2.5,1.89
2026-10-08T00:16:42.278599+02:00,36667093,Copa Uruguay,Uruguay,Libertad,CA Bella Vista,2026-10-07T23:00:00+00:00,43.2954,soccer.total_goals,period=ft,over,total=1.75,1.29
2026-10-08T00:16:42.278599+02:00,36667093,Copa Uruguay,Uruguay,Libertad,CA Bella Vista,2026-10-07T23:00:00+00:00,43.2954,soccer.total_goals,period=ft,under,total=1.75,3.05
2026-10-08T00:16:42.278599+02:00,36667093,Copa Uruguay,Uruguay,Libertad,CA Bella Vista,2026-10-07T23:00:00+00:00,43.2954,soccer.total_goals,period=ft,over,total=2,1.37
2026-10-08T00:16:42.278599+02:00,36667093,Copa Uruguay,Uruguay,Libertad,CA Bella Vista,2026-10-07T23:00:00+00:00,43.2954,soccer.total_goals,period=ft,under,total=2,2.65
2026-10-08T00:16:42.278599+02:00,36667093,Copa Uruguay,Uruguay,Libertad,CA Bella Vista,2026-10-07T23:00:00+00:00,43.2954,soccer.total_goals,period=ft,over,total=2.25,1.59
2026-10-08T00:16:42.278599+02:00,36667093,Copa Uruguay,Uruguay,Libertad,CA Bella Vista,2026-10-07T23:00:00+00:00,43.2954,soccer.total_goals,period=ft,under,total=2.25,2.17
2026-10-08T00:16:42.278599+02:00,36667093,Copa Uruguay,Uruguay,Libertad,CA Bella Vista,2026-10-07T23:00:00+00:00,43.2954,soccer.total_goals,period=ft,over,total=2.75,2.01
2026-10-08T00:16:42.278599+02:00,36667093,Copa Uruguay,Uruguay,Libertad,CA Bella Vista,2026-10-07T23:00:00+00:00,43.2954,soccer.total_goals,period=ft,under,total=2.75,1.69
2026-10-08T00:16:42.278599+02:00,36667093,Copa Uruguay,Uruguay,Libertad,CA Bella Vista,2026-10-07T23:00:00+00:00,43.2954,soccer.total_goals,period=ft,over,total=3,2.3
2026-10-08T00:16:42.278599+02:00,36667093,Copa Uruguay,Uruguay,Libertad,CA Bella Vista,2026-10-07T23:00:00+00:00,43.2954,soccer.total_goals,period=ft,under,total=3,1.49
2026-10-08T00:16:42.278599+02:00,36667093,Copa Uruguay,Uruguay,Libertad,CA Bella Vista,2026-10-07T23:00:00+00:00,43.2954,soccer.total_goals,period=ft,over,total=3.25,2.6
2026-10-08T00:16:42.278599+02:00,36667093,Copa Uruguay,Uruguay,Libertad,CA Bella Vista,2026-10-07T23:00:00+00:00,43.2954,soccer.total_goals,period=ft,under,total=3.25,1.39
2026-10-08T00:16:42.278599+02:00,36657172,Copa Uruguay,Uruguay,Plaza Colonia,CA Juventud de Las Piedras,2026-10-07T23:00:00+00:00,43.2954,soccer.asian_handicap,period=ft,home,handicap=0.25,1.81
2026-10-08T00:16:42.278599+02:00,36657172,Copa Uruguay,Uruguay,Plaza Colonia,CA Juventud de Las Piedras,2026-10-07T23:00:00+00:00,43.2954,soccer.asian_handicap,period=ft,away,handicap=0.25,1.93
2026-10-08T00:16:42.278599+02:00,36657172,Copa Uruguay,Uruguay,Plaza Colonia,CA Juventud de Las Piedras,2026-10-07T23:00:00+00:00,43.2954,soccer.asian_handicap,period=ft,home,handicap=-0.5,3.15
2026-10-08T00:16:42.278599+02:00,36657172,Copa Uruguay,Uruguay,Plaza Colonia,CA Juventud de Las Piedras,2026-10-07T23:00:00+00:00,43.2954,soccer.asian_handicap,period=ft,away,handicap=-0.5,1.29
2026-10-08T00:16:42.278599+02:00,36657172,Copa Uruguay,Uruguay,Plaza Colonia,CA Juventud de Las Piedras,2026-10-07T23:00:00+00:00,43.2954,soccer.asian_handicap,period=ft,home,handicap=-0.25,2.7
2026-10-08T00:16:42.278599+02:00,36657172,Copa Uruguay,Uruguay,Plaza Colonia,CA Juventud de Las Piedras,2026-10-07T23:00:00+00:00,43.2954,soccer.asian_handicap,period=ft,away,handicap=-0.25,1.39
2026-10-08T00:16:42.278599+02:00,36657172,Copa Uruguay,Uruguay,Plaza Colonia,CA Juventud de Las Piedras,2026-10-07T23:00:00+00:00,43.2954,soccer.asian_handicap,period=ft,home,handicap=0,2.25
2026-10-08T00:16:42.278599+02:00,36657172,Copa Uruguay,Uruguay,Plaza Colonia,CA Juventud de Las Piedras,2026-10-07T23:00:00+00:00,43.2954,soccer.asian_handicap,period=ft,away,handicap=0,1.57
2026-10-08T00:16:42.278599+02:00,36657172,Copa Uruguay,Uruguay,Plaza Colonia,CA Juventud de Las Piedras,2026-10-07T23:00:00+00:00,43.2954,soccer.asian_handicap,period=ft,home,handicap=0.5,1.57
2026-10-08T00:16:42.278599+02:00,36657172,Copa Uruguay,Uruguay,Plaza Colonia,CA Juventud de Las Piedras,2026-10-07T23:00:00+00:00,43.2954,soccer.asian_handicap,period=ft,away,handicap=0.5,2.25
2026-10-08T00:16:42.278599+02:00,36657172,Copa Uruguay,Uruguay,Plaza Colonia,CA Juventud de Las Piedras,2026-10-07T23:00:00+00:00,43.2954,soccer.asian_handicap,period=ft,home,handicap=0.75,1.4
2026-10-08T00:16:42.278599+02:00,36657172,Copa Uruguay,Uruguay,Plaza Colonia,CA Juventud de Las Piedras,2026-10-07T23:00:00+00:00,43.2954,soccer.asian_handicap,period=ft,away,handicap=0.75,2.65
2026-10-08T00:16:42.278599+02:00,36657172,Copa Uruguay,Uruguay,Plaza Colonia,CA Juventud de Las Piedras,2026-10-07T23:00:00+00:00,43.2954,soccer.asian_handicap,period=ft,home,handicap=1,1.23
2026-10-08T00:16:42.278599+02:00,36657172,Copa Uruguay,Uruguay,Plaza Colonia,CA Juventud de Las Piedras,2026-10-07T23:00:00+00:00,43.2954,soccer.asian_handicap,period=ft,away,handicap=1,3.65
2026-10-08T00:16:42.278599+02:00,36657172,Copa Uruguay,Uruguay,Plaza Colonia,CA Juventud de Las Piedras,2026-10-07T23:00:00+00:00,43.2954,soccer.double_chance,period=ft,draw_away,,1.34
2026-10-08T00:16:42.278599+02:00,36657172,Copa Uruguay,Uruguay,Plaza Colonia,CA Juventud de Las Piedras,2026-10-07T23:00:00+00:00,43.2954,soccer.double_chance,period=ft,home_away,,1.38
2026-10-08T00:16:42.278599+02:00,36657172,Copa Uruguay,Uruguay,Plaza Colonia,CA Juventud de Las Piedras,2026-10-07T23:00:00+00:00,43.2954,soccer.double_chance,period=ft,home_draw,,1.59
2026-10-08T00:16:42.278599+02:00,36657172,Copa Uruguay,Uruguay,Plaza Colonia,CA Juventud de Las Piedras,2026-10-07T23:00:00+00:00,43.2954,soccer.match_odds,period=ft,home,,3.2
2026-10-08T00:16:42.278599+02:00,36657172,Copa Uruguay,Uruguay,Plaza Colonia,CA Juventud de Las Piedras,2026-10-07T23:00:00+00:00,43.2954,soccer.match_odds,period=ft,draw,,2.8
2026-10-08T00:16:42.278599+02:00,36657172,Copa Uruguay,Uruguay,Plaza Colonia,CA Juventud de Las Piedras,2026-10-07T23:00:00+00:00,43.2954,soccer.match_odds,period=ft,away,,2.25
2026-10-08T00:16:42.278599+02:00,36657172,Copa Uruguay,Uruguay,Plaza Colonia,CA Juventud de Las Piedras,2026-10-07T23:00:00+00:00,43.2954,soccer.total_goals,period=ft,over,total=2,1.78
2026-10-08T00:16:42.278599+02:00,36657172,Copa Uruguay,Uruguay,Plaza Colonia,CA Juventud de Las Piedras,2026-10-07T23:00:00+00:00,43.2954,soccer.total_goals,period=ft,under,total=2,1.98
2026-10-08T00:16:42.278599+02:00,36657172,Copa Uruguay,Uruguay,Plaza Colonia,CA Juventud de Las Piedras,2026-10-07T23:00:00+00:00,43.2954,soccer.total_goals,period=ft,over,total=1.25,1.26
2026-10-08T00:16:42.278599+02:00,36657172,Copa Uruguay,Uruguay,Plaza Colonia,CA Juventud de Las Piedras,2026-10-07T23:00:00+00:00,43.2954,soccer.total_goals,period=ft,under,total=1.25,3.35
2026-10-08T00:16:42.278599+02:00,36657172,Copa Uruguay,Uruguay,Plaza Colonia,CA Juventud de Las Piedras,2026-10-07T23:00:00+00:00,43.2954,soccer.total_goals,period=ft,over,total=1.5,1.42
2026-10-08T00:16:42.278599+02:00,36657172,Copa Uruguay,Uruguay,Plaza Colonia,CA Juventud de Las Piedras,2026-10-07T23:00:00+00:00,43.2954,soccer.total_goals,period=ft,under,total=1.5,2.6
2026-10-08T00:16:42.278599+02:00,36657172,Copa Uruguay,Uruguay,Plaza Colonia,CA Juventud de Las Piedras,2026-10-07T23:00:00+00:00,43.2954,soccer.total_goals,period=ft,over,total=1.75,1.55
2026-10-08T00:16:42.278599+02:00,36657172,Copa Uruguay,Uruguay,Plaza Colonia,CA Juventud de Las Piedras,2026-10-07T23:00:00+00:00,43.2954,soccer.total_goals,period=ft,under,total=1.75,2.3
2026-10-08T00:16:42.278599+02:00,36657172,Copa Uruguay,Uruguay,Plaza Colonia,CA Juventud de Las Piedras,2026-10-07T23:00:00+00:00,43.2954,soccer.total_goals,period=ft,over,total=2.25,2.08
2026-10-08T00:16:42.278599+02:00,36657172,Copa Uruguay,Uruguay,Plaza Colonia,CA Juventud de Las Piedras,2026-10-07T23:00:00+00:00,43.2954,soccer.total_goals,period=ft,under,total=2.25,1.67
2026-10-08T00:16:42.278599+02:00,36657172,Copa Uruguay,Uruguay,Plaza Colonia,CA Juventud de Las Piedras,2026-10-07T23:00:00+00:00,43.2954,soccer.total_goals,period=ft,over,total=2.5,2.35
2026-10-08T00:16:42.278599+02:00,36657172,Copa Uruguay,Uruguay,Plaza Colonia,CA Juventud de Las Piedras,2026-10-07T23:00:00+00:00,43.2954,soccer.total_goals,period=ft,under,total=2.5,1.5
2026-10-08T00:16:42.278599+02:00,36657172,Copa Uruguay,Uruguay,Plaza Colonia,CA Juventud de Las Piedras,2026-10-07T23:00:00+00:00,43.2954,soccer.total_goals,period=ft,over,total=2.75,2.8
2026-10-08T00:16:42.278599+02:00,36657172,Copa Uruguay,Uruguay,Plaza Colonia,CA Juventud de Las Piedras,2026-10-07T23:00:00+00:00,43.2954,soccer.total_goals,period=ft,under,total=2.75,1.36
2026-10-08T00:16:42.278599+02:00,36435229,Brasileiro Serie A,Brazil,Clube do Remo PA,Gremio FB Porto Alegrense RS,2026-10-07T22:30:00+00:00,13.2954,soccer.asian_handicap,period=ft,home,handicap=-0.5,2.05
2026-10-08T00:16:42.278599+02:00,36435229,Brasileiro Serie A,Brazil,Clube do Remo PA,Gremio FB Porto Alegrense RS,2026-10-07T22:30:00+00:00,13.2954,soccer.asian_handicap,period=ft,away,handicap=-0.5,1.83
2026-10-08T00:16:42.278599+02:00,36435229,Brasileiro Serie A,Brazil,Clube do Remo PA,Gremio FB Porto Alegrense RS,2026-10-07T22:30:00+00:00,13.2954,soccer.asian_handicap,period=ft,home,handicap=-1.5,3.75
2026-10-08T00:16:42.278599+02:00,36435229,Brasileiro Serie A,Brazil,Clube do Remo PA,Gremio FB Porto Alegrense RS,2026-10-07T22:30:00+00:00,13.2954,soccer.asian_handicap,period=ft,away,handicap=-1.5,1.28
2026-10-08T00:16:42.278599+02:00,36435229,Brasileiro Serie A,Brazil,Clube do Remo PA,Gremio FB Porto Alegrense RS,2026-10-07T22:30:00+00:00,13.2954,soccer.asian_handicap,period=ft,home,handicap=-1.25,3.35
2026-10-08T00:16:42.278599+02:00,36435229,Brasileiro Serie A,Brazil,Clube do Remo PA,Gremio FB Porto Alegrense RS,2026-10-07T22:30:00+00:00,13.2954,soccer.asian_handicap,period=ft,away,handicap=-1.25,1.33
2026-10-08T00:16:42.278599+02:00,36435229,Brasileiro Serie A,Brazil,Clube do Remo PA,Gremio FB Porto Alegrense RS,2026-10-07T22:30:00+00:00,13.2954,soccer.asian_handicap,period=ft,home,handicap=-1,2.95
2026-10-08T00:16:42.278599+02:00,36435229,Brasileiro Serie A,Brazil,Clube do Remo PA,Gremio FB Porto Alegrense RS,2026-10-07T22:30:00+00:00,13.2954,soccer.asian_handicap,period=ft,away,handicap=-1,1.41
2026-10-08T00:16:42.278599+02:00,36435229,Brasileiro Serie A,Brazil,Clube do Remo PA,Gremio FB Porto Alegrense RS,2026-10-07T22:30:00+00:00,13.2954,soccer.asian_handicap,period=ft,home,handicap=-0.75,2.35
2026-10-08T00:16:42.278599+02:00,36435229,Brasileiro Serie A,Brazil,Clube do Remo PA,Gremio FB Porto Alegrense RS,2026-10-07T22:30:00+00:00,13.2954,soccer.asian_handicap,period=ft,away,handicap=-0.75,1.61
2026-10-08T00:16:42.278599+02:00,36435229,Brasileiro Serie A,Brazil,Clube do Remo PA,Gremio FB Porto Alegrense RS,2026-10-07T22:30:00+00:00,13.2954,soccer.asian_handicap,period=ft,home,handicap=-0.25,1.75
2026-10-08T00:16:42.278599+02:00,36435229,Brasileiro Serie A,Brazil,Clube do Remo PA,Gremio FB Porto Alegrense RS,2026-10-07T22:30:00+00:00,13.2954,soccer.asian_handicap,period=ft,away,handicap=-0.25,2.12
2026-10-08T00:16:42.278599+02:00,36435229,Brasileiro Serie A,Brazil,Clube do Remo PA,Gremio FB Porto Alegrense RS,2026-10-07T22:30:00+00:00,13.2954,soccer.asian_handicap,period=ft,home,handicap=0,1.47
2026-10-08T00:16:42.278599+02:00,36435229,Brasileiro Serie A,Brazil,Clube do Remo PA,Gremio FB Porto Alegrense RS,2026-10-07T22:30:00+00:00,13.2954,soccer.asian_handicap,period=ft,away,handicap=0,2.75
2026-10-08T00:16:42.278599+02:00,36435229,Brasileiro Serie A,Brazil,Clube do Remo PA,Gremio FB Porto Alegrense RS,2026-10-07T22:30:00+00:00,13.2954,soccer.asian_handicap,period=ft,home,handicap=0.25,1.35
2026-10-08T00:16:42.278599+02:00,36435229,Brasileiro Serie A,Brazil,Clube do Remo PA,Gremio FB Porto Alegrense RS,2026-10-07T22:30:00+00:00,13.2954,soccer.asian_handicap,period=ft,away,handicap=0.25,3.2
2026-10-08T00:16:42.278599+02:00,36435229,Brasileiro Serie A,Brazil,Clube do Remo PA,Gremio FB Porto Alegrense RS,2026-10-07T22:30:00+00:00,13.2954,soccer.asian_handicap,period=ft,home,handicap=0.5,1.28
2026-10-08T00:16:42.278599+02:00,36435229,Brasileiro Serie A,Brazil,Clube do Remo PA,Gremio FB Porto Alegrense RS,2026-10-07T22:30:00+00:00,13.2954,soccer.asian_handicap,period=ft,away,handicap=0.5,3.75
2026-10-08T00:16:42.278599+02:00,36435229,Brasileiro Serie A,Brazil,Clube do Remo PA,Gremio FB Porto Alegrense RS,2026-10-07T22:30:00+00:00,13.2954,soccer.double_chance,period=ft,draw_away,,1.81
2026-10-08T00:16:42.278599+02:00,36435229,Brasileiro Serie A,Brazil,Clube do Remo PA,Gremio FB Porto Alegrense RS,2026-10-07T22:30:00+00:00,13.2954,soccer.double_chance,period=ft,home_away,,1.3
2026-10-08T00:16:42.278599+02:00,36435229,Brasileiro Serie A,Brazil,Clube do Remo PA,Gremio FB Porto Alegrense RS,2026-10-07T22:30:00+00:00,13.2954,soccer.double_chance,period=ft,home_draw,,1.3
2026-10-08T00:16:42.278599+02:00,36435229,Brasileiro Serie A,Brazil,Clube do Remo PA,Gremio FB Porto Alegrense RS,2026-10-07T22:30:00+00:00,13.2954,soccer.match_odds,period=ft,home,,2.04
2026-10-08T00:16:42.278599+02:00,36435229,Brasileiro Serie A,Brazil,Clube do Remo PA,Gremio FB Porto Alegrense RS,2026-10-07T22:30:00+00:00,13.2954,soccer.match_odds,period=ft,draw,,3.45
2026-10-08T00:16:42.278599+02:00,36435229,Brasileiro Serie A,Brazil,Clube do Remo PA,Gremio FB Porto Alegrense RS,2026-10-07T22:30:00+00:00,13.2954,soccer.match_odds,period=ft,away,,3.8
2026-10-08T00:16:42.278599+02:00,36435229,Brasileiro Serie A,Brazil,Clube do Remo PA,Gremio FB Porto Alegrense RS,2026-10-07T22:30:00+00:00,13.2954,soccer.total_goals,period=ft,over,total=2.5,2.0
2026-10-08T00:16:42.278599+02:00,36435229,Brasileiro Serie A,Brazil,Clube do Remo PA,Gremio FB Porto Alegrense RS,2026-10-07T22:30:00+00:00,13.2954,soccer.total_goals,period=ft,under,total=2.5,1.87
2026-10-08T00:16:42.278599+02:00,36435229,Brasileiro Serie A,Brazil,Clube do Remo PA,Gremio FB Porto Alegrense RS,2026-10-07T22:30:00+00:00,13.2954,soccer.total_goals,period=ft,over,total=1.5,1.29
2026-10-08T00:16:42.278599+02:00,36435229,Brasileiro Serie A,Brazil,Clube do Remo PA,Gremio FB Porto Alegrense RS,2026-10-07T22:30:00+00:00,13.2954,soccer.total_goals,period=ft,under,total=1.5,3.55
2026-10-08T00:16:42.278599+02:00,36435229,Brasileiro Serie A,Brazil,Clube do Remo PA,Gremio FB Porto Alegrense RS,2026-10-07T22:30:00+00:00,13.2954,soccer.total_goals,period=ft,over,total=2,1.47
2026-10-08T00:16:42.278599+02:00,36435229,Brasileiro Serie A,Brazil,Clube do Remo PA,Gremio FB Porto Alegrense RS,2026-10-07T22:30:00+00:00,13.2954,soccer.total_goals,period=ft,under,total=2,2.7
2026-10-08T00:16:42.278599+02:00,36435229,Brasileiro Serie A,Brazil,Clube do Remo PA,Gremio FB Porto Alegrense RS,2026-10-07T22:30:00+00:00,13.2954,soccer.total_goals,period=ft,over,total=2.25,1.72
2026-10-08T00:16:42.278599+02:00,36435229,Brasileiro Serie A,Brazil,Clube do Remo PA,Gremio FB Porto Alegrense RS,2026-10-07T22:30:00+00:00,13.2954,soccer.total_goals,period=ft,under,total=2.25,2.14
2026-10-08T00:16:42.278599+02:00,36435229,Brasileiro Serie A,Brazil,Clube do Remo PA,Gremio FB Porto Alegrense RS,2026-10-07T22:30:00+00:00,13.2954,soccer.total_goals,period=ft,over,total=2.75,2.25
2026-10-08T00:16:42.278599+02:00,36435229,Brasileiro Serie A,Brazil,Clube do Remo PA,Gremio FB Porto Alegrense RS,2026-10-07T22:30:00+00:00,13.2954,soccer.total_goals,period=ft,under,total=2.75,1.66
2026-10-08T00:16:42.278599+02:00,36435229,Brasileiro Serie A,Brazil,Clube do Remo PA,Gremio FB Porto Alegrense RS,2026-10-07T22:30:00+00:00,13.2954,soccer.total_goals,period=ft,over,total=3,2.7
2026-10-08T00:16:42.278599+02:00,36435229,Brasileiro Serie A,Brazil,Clube do Remo PA,Gremio FB Porto Alegrense RS,2026-10-07T22:30:00+00:00,13.2954,soccer.total_goals,period=ft,under,total=3,1.47
2026-10-08T00:16:42.278599+02:00,36435229,Brasileiro Serie A,Brazil,Clube do Remo PA,Gremio FB Porto Alegrense RS,2026-10-07T22:30:00+00:00,13.2954,soccer.total_goals,period=ft,over,total=3.5,3.35
2026-10-08T00:16:42.278599+02:00,36435229,Brasileiro Serie A,Brazil,Clube do Remo PA,Gremio FB Porto Alegrense RS,2026-10-07T22:30:00+00:00,13.2954,soccer.total_goals,period=ft,under,total=3.5,1.32
2026-10-08T00:16:42.278599+02:00,36435229,Brasileiro Serie A,Brazil,Clube do Remo PA,Gremio FB Porto Alegrense RS,2026-10-07T22:30:00+00:00,13.2954,soccer.total_goals,period=ft,over,total=4.5,6.6
2026-10-08T00:16:42.278599+02:00,36435229,Brasileiro Serie A,Brazil,Clube do Remo PA,Gremio FB Porto Alegrense RS,2026-10-07T22:30:00+00:00,13.2954,soccer.total_goals,period=ft,under,total=4.5,1.11
2026-10-08T00:16:42.278599+02:00,36435228,Brasileiro Serie A,Brazil,Red Bull Bragantino SP,Mirassol FC SP,2026-10-07T22:30:00+00:00,13.2954,soccer.asian_handicap,period=ft,home,handicap=-0.75,1.95
2026-10-08T00:16:42.278599+02:00,36435228,Brasileiro Serie A,Brazil,Red Bull Bragantino SP,Mirassol FC SP,2026-10-07T22:30:00+00:00,13.2954,soccer.asian_handicap,period=ft,away,handicap=-0.75,1.93
2026-10-08T00:16:42.278599+02:00,36435228,Brasileiro Serie A,Brazil,Red Bull Bragantino SP,Mirassol FC SP,2026-10-07T22:30:00+00:00,13.2954,soccer.asian_handicap,period=ft,home,handicap=-1.75,3.75
2026-10-08T00:16:42.278599+02:00,36435228,Brasileiro Serie A,Brazil,Red Bull Bragantino SP,Mirassol FC SP,2026-10-07T22:30:00+00:00,13.2954,soccer.asian_handicap,period=ft,away,handicap=-1.75,1.28
2026-10-08T00:16:42.278599+02:00,36435228,Brasileiro Serie A,Brazil,Red Bull Bragantino SP,Mirassol FC SP,2026-10-07T22:30:00+00:00,13.2954,soccer.asian_handicap,period=ft,home,handicap=-1.5,3.0
2026-10-08T00:16:42.278599+02:00,36435228,Brasileiro Serie A,Brazil,Red Bull Bragantino SP,Mirassol FC SP,2026-10-07T22:30:00+00:00,13.2954,soccer.asian_handicap,period=ft,away,handicap=-1.5,1.4
2026-10-08T00:16:42.278599+02:00,36435228,Brasileiro Serie A,Brazil,Red Bull Bragantino SP,Mirassol FC SP,2026-10-07T22:30:00+00:00,13.2954,soccer.asian_handicap,period=ft,home,handicap=-1.25,2.65
2026-10-08T00:16:42.278599+02:00,36435228,Brasileiro Serie A,Brazil,Red Bull Bragantino SP,Mirassol FC SP,2026-10-07T22:30:00+00:00,13.2954,soccer.asian_handicap,period=ft,away,handicap=-1.25,1.5
2026-10-08T00:16:42.278599+02:00,36435228,Brasileiro Serie A,Brazil,Red Bull Bragantino SP,Mirassol FC SP,2026-10-07T22:30:00+00:00,13.2954,soccer.asian_handicap,period=ft,home,handicap=-1,2.3
2026-10-08T00:16:42.278599+02:00,36435228,Brasileiro Serie A,Brazil,Red Bull Bragantino SP,Mirassol FC SP,2026-10-07T22:30:00+00:00,13.2954,soccer.asian_handicap,period=ft,away,handicap=-1,1.64
2026-10-08T00:16:42.278599+02:00,36435228,Brasileiro Serie A,Brazil,Red Bull Bragantino SP,Mirassol FC SP,2026-10-07T22:30:00+00:00,13.2954,soccer.asian_handicap,period=ft,home,handicap=-0.5,1.72
2026-10-08T00:16:42.278599+02:00,36435228,Brasileiro Serie A,Brazil,Red Bull Bragantino SP,Mirassol FC SP,2026-10-07T22:30:00+00:00,13.2954,soccer.asian_handicap,period=ft,away,handicap=-0.5,2.17
2026-10-08T00:16:42.278599+02:00,36435228,Brasileiro Serie A,Brazil,Red Bull Bragantino SP,Mirassol FC SP,2026-10-07T22:30:00+00:00,13.2954,soccer.asian_handicap,period=ft,home,handicap=-0.25,1.51
2026-10-08T00:16:42.278599+02:00,36435228,Brasileiro Serie A,Brazil,Red Bull Bragantino SP,Mirassol FC SP,2026-10-07T22:30:00+00:00,13.2954,soccer.asian_handicap,period=ft,away,handicap=-0.25,2.6
2026-10-08T00:16:42.278599+02:00,36435228,Brasileiro Serie A,Brazil,Red Bull Bragantino SP,Mirassol FC SP,2026-10-07T22:30:00+00:00,13.2954,soccer.asian_handicap,period=ft,home,handicap=0,1.3
2026-10-08T00:16:42.278599+02:00,36435228,Brasileiro Serie A,Brazil,Red Bull Bragantino SP,Mirassol FC SP,2026-10-07T22:30:00+00:00,13.2954,soccer.asian_handicap,period=ft,away,handicap=0,3.6
2026-10-08T00:16:42.278599+02:00,36435228,Brasileiro Serie A,Brazil,Red Bull Bragantino SP,Mirassol FC SP,2026-10-07T22:30:00+00:00,13.2954,soccer.asian_handicap,period=ft,home,handicap=0.25,1.24
2026-10-08T00:16:42.278599+02:00,36435228,Brasileiro Serie A,Brazil,Red Bull Bragantino SP,Mirassol FC SP,2026-10-07T22:30:00+00:00,13.2954,soccer.asian_handicap,period=ft,away,handicap=0.25,4.15
2026-10-08T00:16:42.278599+02:00,36435228,Brasileiro Serie A,Brazil,Red Bull Bragantino SP,Mirassol FC SP,2026-10-07T22:30:00+00:00,13.2954,soccer.double_chance,period=ft,draw_away,,2.15
2026-10-08T00:16:42.278599+02:00,36435228,Brasileiro Serie A,Brazil,Red Bull Bragantino SP,Mirassol FC SP,2026-10-07T22:30:00+00:00,13.2954,soccer.double_chance,period=ft,home_away,,1.27
2026-10-08T00:16:42.278599+02:00,36435228,Brasileiro Serie A,Brazil,Red Bull Bragantino SP,Mirassol FC SP,2026-10-07T22:30:00+00:00,13.2954,soccer.double_chance,period=ft,home_draw,,1.2
2026-10-08T00:16:42.278599+02:00,36435228,Brasileiro Serie A,Brazil,Red Bull Bragantino SP,Mirassol FC SP,2026-10-07T22:30:00+00:00,13.2954,soccer.match_odds,period=ft,home,,1.73
2026-10-08T00:16:42.278599+02:00,36435228,Brasileiro Serie A,Brazil,Red Bull Bragantino SP,Mirassol FC SP,2026-10-07T22:30:00+00:00,13.2954,soccer.match_odds,period=ft,draw,,3.9
2026-10-08T00:16:42.278599+02:00,36435228,Brasileiro Serie A,Brazil,Red Bull Bragantino SP,Mirassol FC SP,2026-10-07T22:30:00+00:00,13.2954,soccer.match_odds,period=ft,away,,4.8
2026-10-08T00:16:42.278599+02:00,36435228,Brasileiro Serie A,Brazil,Red Bull Bragantino SP,Mirassol FC SP,2026-10-07T22:30:00+00:00,13.2954,soccer.total_goals,period=ft,over,total=2.75,1.89
2026-10-08T00:16:42.278599+02:00,36435228,Brasileiro Serie A,Brazil,Red Bull Bragantino SP,Mirassol FC SP,2026-10-07T22:30:00+00:00,13.2954,soccer.total_goals,period=ft,under,total=2.75,1.98
2026-10-08T00:16:42.278599+02:00,36435228,Brasileiro Serie A,Brazil,Red Bull Bragantino SP,Mirassol FC SP,2026-10-07T22:30:00+00:00,13.2954,soccer.total_goals,period=ft,over,total=1.5,1.21
2026-10-08T00:16:42.278599+02:00,36435228,Brasileiro Serie A,Brazil,Red Bull Bragantino SP,Mirassol FC SP,2026-10-07T22:30:00+00:00,13.2954,soccer.total_goals,period=ft,under,total=1.5,4.45
2026-10-08T00:16:42.278599+02:00,36435228,Brasileiro Serie A,Brazil,Red Bull Bragantino SP,Mirassol FC SP,2026-10-07T22:30:00+00:00,13.2954,soccer.total_goals,period=ft,over,total=2.25,1.5
2026-10-08T00:16:42.278599+02:00,36435228,Brasileiro Serie A,Brazil,Red Bull Bragantino SP,Mirassol FC SP,2026-10-07T22:30:00+00:00,13.2954,soccer.total_goals,period=ft,under,total=2.25,2.6
2026-10-08T00:16:42.278599+02:00,36435228,Brasileiro Serie A,Brazil,Red Bull Bragantino SP,Mirassol FC SP,2026-10-07T22:30:00+00:00,13.2954,soccer.total_goals,period=ft,over,total=2.5,1.69
2026-10-08T00:16:42.278599+02:00,36435228,Brasileiro Serie A,Brazil,Red Bull Bragantino SP,Mirassol FC SP,2026-10-07T22:30:00+00:00,13.2954,soccer.total_goals,period=ft,under,total=2.5,2.2
2026-10-08T00:16:42.278599+02:00,36435228,Brasileiro Serie A,Brazil,Red Bull Bragantino SP,Mirassol FC SP,2026-10-07T22:30:00+00:00,13.2954,soccer.total_goals,period=ft,over,total=3,2.16
2026-10-08T00:16:42.278599+02:00,36435228,Brasileiro Serie A,Brazil,Red Bull Bragantino SP,Mirassol FC SP,2026-10-07T22:30:00+00:00,13.2954,soccer.total_goals,period=ft,under,total=3,1.71
2026-10-08T00:16:42.278599+02:00,36435228,Brasileiro Serie A,Brazil,Red Bull Bragantino SP,Mirassol FC SP,2026-10-07T22:30:00+00:00,13.2954,soccer.total_goals,period=ft,over,total=3.25,2.45
2026-10-08T00:16:42.278599+02:00,36435228,Brasileiro Serie A,Brazil,Red Bull Bragantino SP,Mirassol FC SP,2026-10-07T22:30:00+00:00,13.2954,soccer.total_goals,period=ft,under,total=3.25,1.56
2026-10-08T00:16:42.278599+02:00,36435228,Brasileiro Serie A,Brazil,Red Bull Bragantino SP,Mirassol FC SP,2026-10-07T22:30:00+00:00,13.2954,soccer.total_goals,period=ft,over,total=3.5,2.75
2026-10-08T00:16:42.278599+02:00,36435228,Brasileiro Serie A,Brazil,Red Bull Bragantino SP,Mirassol FC SP,2026-10-07T22:30:00+00:00,13.2954,soccer.total_goals,period=ft,under,total=3.5,1.45
2026-10-08T00:16:42.278599+02:00,36435228,Brasileiro Serie A,Brazil,Red Bull Bragantino SP,Mirassol FC SP,2026-10-07T22:30:00+00:00,13.2954,soccer.total_goals,period=ft,over,total=4.5,5.25
2026-10-08T00:16:42.278599+02:00,36435228,Brasileiro Serie A,Brazil,Red Bull Bragantino SP,Mirassol FC SP,2026-10-07T22:30:00+00:00,13.2954,soccer.total_goals,period=ft,under,total=4.5,1.16
2026-10-08T00:16:42.278599+02:00,36435230,Brasileiro Serie A,Brazil,SC Internacional RS,SC Corinthians SP,2026-10-07T22:30:00+00:00,13.2954,soccer.asian_handicap,period=ft,home,handicap=-0.25,2.09
2026-10-08T00:16:42.278599+02:00,36435230,Brasileiro Serie A,Brazil,SC Internacional RS,SC Corinthians SP,2026-10-07T22:30:00+00:00,13.2954,soccer.asian_handicap,period=ft,away,handicap=-0.25,1.8
2026-10-08T00:16:42.278599+02:00,36435230,Brasileiro Serie A,Brazil,SC Internacional RS,SC Corinthians SP,2026-10-07T22:30:00+00:00,13.2954,soccer.asian_handicap,period=ft,home,handicap=-1.25,4.75
2026-10-08T00:16:42.278599+02:00,36435230,Brasileiro Serie A,Brazil,SC Internacional RS,SC Corinthians SP,2026-10-07T22:30:00+00:00,13.2954,soccer.asian_handicap,period=ft,away,handicap=-1.25,1.19
2026-10-08T00:16:42.278599+02:00,36435230,Brasileiro Serie A,Brazil,SC Internacional RS,SC Corinthians SP,2026-10-07T22:30:00+00:00,13.2954,soccer.asian_handicap,period=ft,home,handicap=-1,4.2
2026-10-08T00:16:42.278599+02:00,36435230,Brasileiro Serie A,Brazil,SC Internacional RS,SC Corinthians SP,2026-10-07T22:30:00+00:00,13.2954,soccer.asian_handicap,period=ft,away,handicap=-1,1.23
2026-10-08T00:16:42.278599+02:00,36435230,Brasileiro Serie A,Brazil,SC Internacional RS,SC Corinthians SP,2026-10-07T22:30:00+00:00,13.2954,soccer.asian_handicap,period=ft,home,handicap=-0.75,3.0
2026-10-08T00:16:42.278599+02:00,36435230,Brasileiro Serie A,Brazil,SC Internacional RS,SC Corinthians SP,2026-10-07T22:30:00+00:00,13.2954,soccer.asian_handicap,period=ft,away,handicap=-0.75,1.4
2026-10-08T00:16:42.278599+02:00,36435230,Brasileiro Serie A,Brazil,SC Internacional RS,SC Corinthians SP,2026-10-07T22:30:00+00:00,13.2954,soccer.asian_handicap,period=ft,home,handicap=-0.5,2.45
2026-10-08T00:16:42.278599+02:00,36435230,Brasileiro Serie A,Brazil,SC Internacional RS,SC Corinthians SP,2026-10-07T22:30:00+00:00,13.2954,soccer.asian_handicap,period=ft,away,handicap=-0.5,1.57
2026-10-08T00:16:42.278599+02:00,36435230,Brasileiro Serie A,Brazil,SC Internacional RS,SC Corinthians SP,2026-10-07T22:30:00+00:00,13.2954,soccer.asian_handicap,period=ft,home,handicap=0,1.68
2026-10-08T00:16:42.278599+02:00,36435230,Brasileiro Serie A,Brazil,SC Internacional RS,SC Corinthians SP,2026-10-07T22:30:00+00:00,13.2954,soccer.asian_handicap,period=ft,away,handicap=0,2.2
2026-10-08T00:16:42.278599+02:00,36435230,Brasileiro Serie A,Brazil,SC Internacional RS,SC Corinthians SP,2026-10-07T22:30:00+00:00,13.2954,soccer.asian_handicap,period=ft,home,handicap=0.25,1.47
2026-10-08T00:16:42.278599+02:00,36435230,Brasileiro Serie A,Brazil,SC Internacional RS,SC Corinthians SP,2026-10-07T22:30:00+00:00,13.2954,soccer.asian_handicap,period=ft,away,handicap=0.25,2.75
2026-10-08T00:16:42.278599+02:00,36435230,Brasileiro Serie A,Brazil,SC Internacional RS,SC Corinthians SP,2026-10-07T22:30:00+00:00,13.2954,soccer.asian_handicap,period=ft,home,handicap=0.5,1.35
2026-10-08T00:16:42.278599+02:00,36435230,Brasileiro Serie A,Brazil,SC Internacional RS,SC Corinthians SP,2026-10-07T22:30:00+00:00,13.2954,soccer.asian_handicap,period=ft,away,handicap=0.5,3.2
2026-10-08T00:16:42.278599+02:00,36435230,Brasileiro Serie A,Brazil,SC Internacional RS,SC Corinthians SP,2026-10-07T22:30:00+00:00,13.2954,soccer.asian_handicap,period=ft,home,handicap=0.75,1.23
2026-10-08T00:16:42.278599+02:00,36435230,Brasileiro Serie A,Brazil,SC Internacional RS,SC Corinthians SP,2026-10-07T22:30:00+00:00,13.2954,soccer.asian_handicap,period=ft,away,handicap=0.75,4.25
2026-10-08T00:16:42.278599+02:00,36435230,Brasileiro Serie A,Brazil,SC Internacional RS,SC Corinthians SP,2026-10-07T22:30:00+00:00,13.2954,soccer.double_chance,period=ft,draw_away,,1.57
2026-10-08T00:16:42.278599+02:00,36435230,Brasileiro Serie A,Brazil,SC Internacional RS,SC Corinthians SP,2026-10-07T22:30:00+00:00,13.2954,soccer.double_chance,period=ft,home_away,,1.39
2026-10-08T00:16:42.278599+02:00,36435230,Brasileiro Serie A,Brazil,SC Internacional RS,SC Corinthians SP,2026-10-07T22:30:00+00:00,13.2954,soccer.double_chance,period=ft,home_draw,,1.36
2026-10-08T00:16:42.278599+02:00,36435230,Brasileiro Serie A,Brazil,SC Internacional RS,SC Corinthians SP,2026-10-07T22:30:00+00:00,13.2954,soccer.match_odds,period=ft,home,,2.45
2026-10-08T00:16:42.278599+02:00,36435230,Brasileiro Serie A,Brazil,SC Internacional RS,SC Corinthians SP,2026-10-07T22:30:00+00:00,13.2954,soccer.match_odds,period=ft,draw,,3.0
2026-10-08T00:16:42.278599+02:00,36435230,Brasileiro Serie A,Brazil,SC Internacional RS,SC Corinthians SP,2026-10-07T22:30:00+00:00,13.2954,soccer.match_odds,period=ft,away,,3.25
2026-10-08T00:16:42.278599+02:00,36435230,Brasileiro Serie A,Brazil,SC Internacional RS,SC Corinthians SP,2026-10-07T22:30:00+00:00,13.2954,soccer.total_goals,period=ft,over,total=2,1.88
2026-10-08T00:16:42.278599+02:00,36435230,Brasileiro Serie A,Brazil,SC Internacional RS,SC Corinthians SP,2026-10-07T22:30:00+00:00,13.2954,soccer.total_goals,period=ft,under,total=2,1.98
2026-10-08T00:16:42.278599+02:00,36435230,Brasileiro Serie A,Brazil,SC Internacional RS,SC Corinthians SP,2026-10-07T22:30:00+00:00,13.2954,soccer.total_goals,period=ft,over,total=0.5,1.1
2026-10-08T00:16:42.278599+02:00,36435230,Brasileiro Serie A,Brazil,SC Internacional RS,SC Corinthians SP,2026-10-07T22:30:00+00:00,13.2954,soccer.total_goals,period=ft,under,total=0.5,7.0
2026-10-08T00:16:42.278599+02:00,36435230,Brasileiro Serie A,Brazil,SC Internacional RS,SC Corinthians SP,2026-10-07T22:30:00+00:00,13.2954,soccer.total_goals,period=ft,over,total=1.5,1.49
2026-10-08T00:16:42.278599+02:00,36435230,Brasileiro Serie A,Brazil,SC Internacional RS,SC Corinthians SP,2026-10-07T22:30:00+00:00,13.2954,soccer.total_goals,period=ft,under,total=1.5,2.65
2026-10-08T00:16:42.278599+02:00,36435230,Brasileiro Serie A,Brazil,SC Internacional RS,SC Corinthians SP,2026-10-07T22:30:00+00:00,13.2954,soccer.total_goals,period=ft,over,total=1.75,1.63
2026-10-08T00:16:42.278599+02:00,36435230,Brasileiro Serie A,Brazil,SC Internacional RS,SC Corinthians SP,2026-10-07T22:30:00+00:00,13.2954,soccer.total_goals,period=ft,under,total=1.75,2.3
2026-10-08T00:16:42.278599+02:00,36435230,Brasileiro Serie A,Brazil,SC Internacional RS,SC Corinthians SP,2026-10-07T22:30:00+00:00,13.2954,soccer.total_goals,period=ft,over,total=2.25,2.19
2026-10-08T00:16:42.278599+02:00,36435230,Brasileiro Serie A,Brazil,SC Internacional RS,SC Corinthians SP,2026-10-07T22:30:00+00:00,13.2954,soccer.total_goals,period=ft,under,total=2.25,1.69
2026-10-08T00:16:42.278599+02:00,36435230,Brasileiro Serie A,Brazil,SC Internacional RS,SC Corinthians SP,2026-10-07T22:30:00+00:00,13.2954,soccer.total_goals,period=ft,over,total=2.5,2.5
2026-10-08T00:16:42.278599+02:00,36435230,Brasileiro Serie A,Brazil,SC Internacional RS,SC Corinthians SP,2026-10-07T22:30:00+00:00,13.2954,soccer.total_goals,period=ft,under,total=2.5,1.54
2026-10-08T00:16:42.278599+02:00,36435230,Brasileiro Serie A,Brazil,SC Internacional RS,SC Corinthians SP,2026-10-07T22:30:00+00:00,13.2954,soccer.total_goals,period=ft,over,total=3.5,4.75
2026-10-08T00:16:42.278599+02:00,36435230,Brasileiro Serie A,Brazil,SC Internacional RS,SC Corinthians SP,2026-10-07T22:30:00+00:00,13.2954,soccer.total_goals,period=ft,under,total=3.5,1.19
2026-10-08T00:16:42.278599+02:00,36435231,Brasileiro Serie A,Brazil,EC Vitoria BA,Chapecoense SC,2026-10-07T23:00:00+00:00,43.2954,soccer.asian_handicap,period=ft,home,handicap=-1,2.0
2026-10-08T00:16:42.278599+02:00,36435231,Brasileiro Serie A,Brazil,EC Vitoria BA,Chapecoense SC,2026-10-07T23:00:00+00:00,43.2954,soccer.asian_handicap,period=ft,away,handicap=-1,1.89
2026-10-08T00:16:42.278599+02:00,36435231,Brasileiro Serie A,Brazil,EC Vitoria BA,Chapecoense SC,2026-10-07T23:00:00+00:00,43.2954,soccer.asian_handicap,period=ft,home,handicap=-2,4.5
2026-10-08T00:16:42.278599+02:00,36435231,Brasileiro Serie A,Brazil,EC Vitoria BA,Chapecoense SC,2026-10-07T23:00:00+00:00,43.2954,soccer.asian_handicap,period=ft,away,handicap=-2,1.21
2026-10-08T00:16:42.278599+02:00,36435231,Brasileiro Serie A,Brazil,EC Vitoria BA,Chapecoense SC,2026-10-07T23:00:00+00:00,43.2954,soccer.asian_handicap,period=ft,home,handicap=-1.75,3.25
2026-10-08T00:16:42.278599+02:00,36435231,Brasileiro Serie A,Brazil,EC Vitoria BA,Chapecoense SC,2026-10-07T23:00:00+00:00,43.2954,soccer.asian_handicap,period=ft,away,handicap=-1.75,1.35
2026-10-08T00:16:42.278599+02:00,36435231,Brasileiro Serie A,Brazil,EC Vitoria BA,Chapecoense SC,2026-10-07T23:00:00+00:00,43.2954,soccer.asian_handicap,period=ft,home,handicap=-1.5,2.65
2026-10-08T00:16:42.278599+02:00,36435231,Brasileiro Serie A,Brazil,EC Vitoria BA,Chapecoense SC,2026-10-07T23:00:00+00:00,43.2954,soccer.asian_handicap,period=ft,away,handicap=-1.5,1.5
2026-10-08T00:16:42.278599+02:00,36435231,Brasileiro Serie A,Brazil,EC Vitoria BA,Chapecoense SC,2026-10-07T23:00:00+00:00,43.2954,soccer.asian_handicap,period=ft,home,handicap=-1.25,2.3
2026-10-08T00:16:42.278599+02:00,36435231,Brasileiro Serie A,Brazil,EC Vitoria BA,Chapecoense SC,2026-10-07T23:00:00+00:00,43.2954,soccer.asian_handicap,period=ft,away,handicap=-1.25,1.64
2026-10-08T00:16:42.278599+02:00,36435231,Brasileiro Serie A,Brazil,EC Vitoria BA,Chapecoense SC,2026-10-07T23:00:00+00:00,43.2954,soccer.asian_handicap,period=ft,home,handicap=-0.75,1.71
2026-10-08T00:16:42.278599+02:00,36435231,Brasileiro Serie A,Brazil,EC Vitoria BA,Chapecoense SC,2026-10-07T23:00:00+00:00,43.2954,soccer.asian_handicap,period=ft,away,handicap=-0.75,2.19
2026-10-08T00:16:42.278599+02:00,36435231,Brasileiro Serie A,Brazil,EC Vitoria BA,Chapecoense SC,2026-10-07T23:00:00+00:00,43.2954,soccer.asian_handicap,period=ft,home,handicap=-0.5,1.55
2026-10-08T00:16:42.278599+02:00,36435231,Brasileiro Serie A,Brazil,EC Vitoria BA,Chapecoense SC,2026-10-07T23:00:00+00:00,43.2954,soccer.asian_handicap,period=ft,away,handicap=-0.5,2.5
2026-10-08T00:16:42.278599+02:00,36435231,Brasileiro Serie A,Brazil,EC Vitoria BA,Chapecoense SC,2026-10-07T23:00:00+00:00,43.2954,soccer.asian_handicap,period=ft,home,handicap=-0.25,1.37
2026-10-08T00:16:42.278599+02:00,36435231,Brasileiro Serie A,Brazil,EC Vitoria BA,Chapecoense SC,2026-10-07T23:00:00+00:00,43.2954,soccer.asian_handicap,period=ft,away,handicap=-0.25,3.1
2026-10-08T00:16:42.278599+02:00,36435231,Brasileiro Serie A,Brazil,EC Vitoria BA,Chapecoense SC,2026-10-07T23:00:00+00:00,43.2954,soccer.asian_handicap,period=ft,home,handicap=0,1.2
2026-10-08T00:16:42.278599+02:00,36435231,Brasileiro Serie A,Brazil,EC Vitoria BA,Chapecoense SC,2026-10-07T23:00:00+00:00,43.2954,soccer.asian_handicap,period=ft,away,handicap=0,4.65
2026-10-08T00:16:42.278599+02:00,36435231,Brasileiro Serie A,Brazil,EC Vitoria BA,Chapecoense SC,2026-10-07T23:00:00+00:00,43.2954,soccer.double_chance,period=ft,draw_away,,2.45
2026-10-08T00:16:42.278599+02:00,36435231,Brasileiro Serie A,Brazil,EC Vitoria BA,Chapecoense SC,2026-10-07T23:00:00+00:00,43.2954,soccer.double_chance,period=ft,home_away,,1.24
2026-10-08T00:16:42.278599+02:00,36435231,Brasileiro Serie A,Brazil,EC Vitoria BA,Chapecoense SC,2026-10-07T23:00:00+00:00,43.2954,soccer.double_chance,period=ft,home_draw,,1.14
2026-10-08T00:16:42.278599+02:00,36435231,Brasileiro Serie A,Brazil,EC Vitoria BA,Chapecoense SC,2026-10-07T23:00:00+00:00,43.2954,soccer.match_odds,period=ft,home,,1.56
2026-10-08T00:16:42.278599+02:00,36435231,Brasileiro Serie A,Brazil,EC Vitoria BA,Chapecoense SC,2026-10-07T23:00:00+00:00,43.2954,soccer.match_odds,period=ft,draw,,4.2
2026-10-08T00:16:42.278599+02:00,36435231,Brasileiro Serie A,Brazil,EC Vitoria BA,Chapecoense SC,2026-10-07T23:00:00+00:00,43.2954,soccer.match_odds,period=ft,away,,6.05
2026-10-08T00:16:42.278599+02:00,36435231,Brasileiro Serie A,Brazil,EC Vitoria BA,Chapecoense SC,2026-10-07T23:00:00+00:00,43.2954,soccer.total_goals,period=ft,over,total=2.5,1.85
2026-10-08T00:16:42.278599+02:00,36435231,Brasileiro Serie A,Brazil,EC Vitoria BA,Chapecoense SC,2026-10-07T23:00:00+00:00,43.2954,soccer.total_goals,period=ft,under,total=2.5,2.01
2026-10-08T00:16:42.278599+02:00,36435231,Brasileiro Serie A,Brazil,EC Vitoria BA,Chapecoense SC,2026-10-07T23:00:00+00:00,43.2954,soccer.total_goals,period=ft,over,total=1.5,1.26
2026-10-08T00:16:42.278599+02:00,36435231,Brasileiro Serie A,Brazil,EC Vitoria BA,Chapecoense SC,2026-10-07T23:00:00+00:00,43.2954,soccer.total_goals,period=ft,under,total=1.5,3.85
2026-10-08T00:16:42.278599+02:00,36435231,Brasileiro Serie A,Brazil,EC Vitoria BA,Chapecoense SC,2026-10-07T23:00:00+00:00,43.2954,soccer.total_goals,period=ft,over,total=2,1.4
2026-10-08T00:16:42.278599+02:00,36435231,Brasileiro Serie A,Brazil,EC Vitoria BA,Chapecoense SC,2026-10-07T23:00:00+00:00,43.2954,soccer.total_goals,period=ft,under,total=2,3.0
2026-10-08T00:16:42.278599+02:00,36435231,Brasileiro Serie A,Brazil,EC Vitoria BA,Chapecoense SC,2026-10-07T23:00:00+00:00,43.2954,soccer.total_goals,period=ft,over,total=2.25,1.62
2026-10-08T00:16:42.278599+02:00,36435231,Brasileiro Serie A,Brazil,EC Vitoria BA,Chapecoense SC,2026-10-07T23:00:00+00:00,43.2954,soccer.total_goals,period=ft,under,total=2.25,2.3
2026-10-08T00:16:42.278599+02:00,36435231,Brasileiro Serie A,Brazil,EC Vitoria BA,Chapecoense SC,2026-10-07T23:00:00+00:00,43.2954,soccer.total_goals,period=ft,over,total=2.75,2.06
2026-10-08T00:16:42.278599+02:00,36435231,Brasileiro Serie A,Brazil,EC Vitoria BA,Chapecoense SC,2026-10-07T23:00:00+00:00,43.2954,soccer.total_goals,period=ft,under,total=2.75,1.78
2026-10-08T00:16:42.278599+02:00,36435231,Brasileiro Serie A,Brazil,EC Vitoria BA,Chapecoense SC,2026-10-07T23:00:00+00:00,43.2954,soccer.total_goals,period=ft,over,total=3,2.45
2026-10-08T00:16:42.278599+02:00,36435231,Brasileiro Serie A,Brazil,EC Vitoria BA,Chapecoense SC,2026-10-07T23:00:00+00:00,43.2954,soccer.total_goals,period=ft,under,total=3,1.56
2026-10-08T00:16:42.278599+02:00,36435231,Brasileiro Serie A,Brazil,EC Vitoria BA,Chapecoense SC,2026-10-07T23:00:00+00:00,43.2954,soccer.total_goals,period=ft,over,total=3.5,3.1
2026-10-08T00:16:42.278599+02:00,36435231,Brasileiro Serie A,Brazil,EC Vitoria BA,Chapecoense SC,2026-10-07T23:00:00+00:00,43.2954,soccer.total_goals,period=ft,under,total=3.5,1.37
2026-10-08T00:16:42.278599+02:00,36435231,Brasileiro Serie A,Brazil,EC Vitoria BA,Chapecoense SC,2026-10-07T23:00:00+00:00,43.2954,soccer.total_goals,period=ft,over,total=4.5,6.1
2026-10-08T00:16:42.278599+02:00,36435231,Brasileiro Serie A,Brazil,EC Vitoria BA,Chapecoense SC,2026-10-07T23:00:00+00:00,43.2954,soccer.total_goals,period=ft,under,total=4.5,1.13
2026-10-08T00:16:42.278599+02:00,36435232,Brasileiro Serie A,Brazil,Botafogo FR RJ,CR Vasco da Gama RJ,2026-10-07T23:30:00+00:00,73.2954,soccer.asian_handicap,period=ft,home,handicap=0.25,1.89
2026-10-08T00:16:42.278599+02:00,36435232,Brasileiro Serie A,Brazil,Botafogo FR RJ,CR Vasco da Gama RJ,2026-10-07T23:30:00+00:00,73.2954,soccer.asian_handicap,period=ft,away,handicap=0.25,1.99
2026-10-08T00:16:42.278599+02:00,36435232,Brasileiro Serie A,Brazil,Botafogo FR RJ,CR Vasco da Gama RJ,2026-10-07T23:30:00+00:00,73.2954,soccer.asian_handicap,period=ft,home,handicap=-0.75,3.75
2026-10-08T00:16:42.278599+02:00,36435232,Brasileiro Serie A,Brazil,Botafogo FR RJ,CR Vasco da Gama RJ,2026-10-07T23:30:00+00:00,73.2954,soccer.asian_handicap,period=ft,away,handicap=-0.75,1.28
2026-10-08T00:16:42.278599+02:00,36435232,Brasileiro Serie A,Brazil,Botafogo FR RJ,CR Vasco da Gama RJ,2026-10-07T23:30:00+00:00,73.2954,soccer.asian_handicap,period=ft,home,handicap=-0.5,3.0
2026-10-08T00:16:42.278599+02:00,36435232,Brasileiro Serie A,Brazil,Botafogo FR RJ,CR Vasco da Gama RJ,2026-10-07T23:30:00+00:00,73.2954,soccer.asian_handicap,period=ft,away,handicap=-0.5,1.4
2026-10-08T00:16:42.278599+02:00,36435232,Brasileiro Serie A,Brazil,Botafogo FR RJ,CR Vasco da Gama RJ,2026-10-07T23:30:00+00:00,73.2954,soccer.asian_handicap,period=ft,home,handicap=-0.25,2.65
2026-10-08T00:16:42.278599+02:00,36435232,Brasileiro Serie A,Brazil,Botafogo FR RJ,CR Vasco da Gama RJ,2026-10-07T23:30:00+00:00,73.2954,soccer.asian_handicap,period=ft,away,handicap=-0.25,1.5
2026-10-08T00:16:42.278599+02:00,36435232,Brasileiro Serie A,Brazil,Botafogo FR RJ,CR Vasco da Gama RJ,2026-10-07T23:30:00+00:00,73.2954,soccer.asian_handicap,period=ft,home,handicap=0,2.25
2026-10-08T00:16:42.278599+02:00,36435232,Brasileiro Serie A,Brazil,Botafogo FR RJ,CR Vasco da Gama RJ,2026-10-07T23:30:00+00:00,73.2954,soccer.asian_handicap,period=ft,away,handicap=0,1.67
2026-10-08T00:16:42.278599+02:00,36435232,Brasileiro Serie A,Brazil,Botafogo FR RJ,CR Vasco da Gama RJ,2026-10-07T23:30:00+00:00,73.2954,soccer.asian_handicap,period=ft,home,handicap=0.5,1.67
2026-10-08T00:16:42.278599+02:00,36435232,Brasileiro Serie A,Brazil,Botafogo FR RJ,CR Vasco da Gama RJ,2026-10-07T23:30:00+00:00,73.2954,soccer.asian_handicap,period=ft,away,handicap=0.5,2.25
2026-10-08T00:16:42.278599+02:00,36435232,Brasileiro Serie A,Brazil,Botafogo FR RJ,CR Vasco da Gama RJ,2026-10-07T23:30:00+00:00,73.2954,soccer.asian_handicap,period=ft,home,handicap=0.75,1.49
2026-10-08T00:16:42.278599+02:00,36435232,Brasileiro Serie A,Brazil,Botafogo FR RJ,CR Vasco da Gama RJ,2026-10-07T23:30:00+00:00,73.2954,soccer.asian_handicap,period=ft,away,handicap=0.75,2.65
2026-10-08T00:16:42.278599+02:00,36435232,Brasileiro Serie A,Brazil,Botafogo FR RJ,CR Vasco da Gama RJ,2026-10-07T23:30:00+00:00,73.2954,soccer.asian_handicap,period=ft,home,handicap=1,1.31
2026-10-08T00:16:42.278599+02:00,36435232,Brasileiro Serie A,Brazil,Botafogo FR RJ,CR Vasco da Gama RJ,2026-10-07T23:30:00+00:00,73.2954,soccer.asian_handicap,period=ft,away,handicap=1,3.5
2026-10-08T00:16:42.278599+02:00,36435232,Brasileiro Serie A,Brazil,Botafogo FR RJ,CR Vasco da Gama RJ,2026-10-07T23:30:00+00:00,73.2954,soccer.asian_handicap,period=ft,home,handicap=1.25,1.26
2026-10-08T00:16:42.278599+02:00,36435232,Brasileiro Serie A,Brazil,Botafogo FR RJ,CR Vasco da Gama RJ,2026-10-07T23:30:00+00:00,73.2954,soccer.asian_handicap,period=ft,away,handicap=1.25,3.95
2026-10-08T00:16:42.278599+02:00,36435232,Brasileiro Serie A,Brazil,Botafogo FR RJ,CR Vasco da Gama RJ,2026-10-07T23:30:00+00:00,73.2954,soccer.double_chance,period=ft,draw_away,,1.4
2026-10-08T00:16:42.278599+02:00,36435232,Brasileiro Serie A,Brazil,Botafogo FR RJ,CR Vasco da Gama RJ,2026-10-07T23:30:00+00:00,73.2954,soccer.double_chance,period=ft,home_away,,1.3
2026-10-08T00:16:42.278599+02:00,36435232,Brasileiro Serie A,Brazil,Botafogo FR RJ,CR Vasco da Gama RJ,2026-10-07T23:30:00+00:00,73.2954,soccer.double_chance,period=ft,home_draw,,1.65
2026-10-08T00:16:42.278599+02:00,36435232,Brasileiro Serie A,Brazil,Botafogo FR RJ,CR Vasco da Gama RJ,2026-10-07T23:30:00+00:00,73.2954,soccer.match_odds,period=ft,home,,3.05
2026-10-08T00:16:42.278599+02:00,36435232,Brasileiro Serie A,Brazil,Botafogo FR RJ,CR Vasco da Gama RJ,2026-10-07T23:30:00+00:00,73.2954,soccer.match_odds,period=ft,draw,,3.65
2026-10-08T00:16:42.278599+02:00,36435232,Brasileiro Serie A,Brazil,Botafogo FR RJ,CR Vasco da Gama RJ,2026-10-07T23:30:00+00:00,73.2954,soccer.match_odds,period=ft,away,,2.25
2026-10-08T00:16:42.278599+02:00,36435232,Brasileiro Serie A,Brazil,Botafogo FR RJ,CR Vasco da Gama RJ,2026-10-07T23:30:00+00:00,73.2954,soccer.total_goals,period=ft,over,total=3,2.04
2026-10-08T00:16:42.278599+02:00,36435232,Brasileiro Serie A,Brazil,Botafogo FR RJ,CR Vasco da Gama RJ,2026-10-07T23:30:00+00:00,73.2954,soccer.total_goals,period=ft,under,total=3,1.82
2026-10-08T00:16:42.278599+02:00,36435232,Brasileiro Serie A,Brazil,Botafogo FR RJ,CR Vasco da Gama RJ,2026-10-07T23:30:00+00:00,73.2954,soccer.total_goals,period=ft,over,total=1.5,1.18
2026-10-08T00:16:42.278599+02:00,36435232,Brasileiro Serie A,Brazil,Botafogo FR RJ,CR Vasco da Gama RJ,2026-10-07T23:30:00+00:00,73.2954,soccer.total_goals,period=ft,under,total=1.5,4.85
2026-10-08T00:16:42.278599+02:00,36435232,Brasileiro Serie A,Brazil,Botafogo FR RJ,CR Vasco da Gama RJ,2026-10-07T23:30:00+00:00,73.2954,soccer.total_goals,period=ft,over,total=2.5,1.62
2026-10-08T00:16:42.278599+02:00,36435232,Brasileiro Serie A,Brazil,Botafogo FR RJ,CR Vasco da Gama RJ,2026-10-07T23:30:00+00:00,73.2954,soccer.total_goals,period=ft,under,total=2.5,2.3
2026-10-08T00:16:42.278599+02:00,36435232,Brasileiro Serie A,Brazil,Botafogo FR RJ,CR Vasco da Gama RJ,2026-10-07T23:30:00+00:00,73.2954,soccer.total_goals,period=ft,over,total=2.75,1.78
2026-10-08T00:16:42.278599+02:00,36435232,Brasileiro Serie A,Brazil,Botafogo FR RJ,CR Vasco da Gama RJ,2026-10-07T23:30:00+00:00,73.2954,soccer.total_goals,period=ft,under,total=2.75,2.06
2026-10-08T00:16:42.278599+02:00,36435232,Brasileiro Serie A,Brazil,Botafogo FR RJ,CR Vasco da Gama RJ,2026-10-07T23:30:00+00:00,73.2954,soccer.total_goals,period=ft,over,total=3.25,2.3
2026-10-08T00:16:42.278599+02:00,36435232,Brasileiro Serie A,Brazil,Botafogo FR RJ,CR Vasco da Gama RJ,2026-10-07T23:30:00+00:00,73.2954,soccer.total_goals,period=ft,under,total=3.25,1.63
2026-10-08T00:16:42.278599+02:00,36435232,Brasileiro Serie A,Brazil,Botafogo FR RJ,CR Vasco da Gama RJ,2026-10-07T23:30:00+00:00,73.2954,soccer.total_goals,period=ft,over,total=3.5,2.6
2026-10-08T00:16:42.278599+02:00,36435232,Brasileiro Serie A,Brazil,Botafogo FR RJ,CR Vasco da Gama RJ,2026-10-07T23:30:00+00:00,73.2954,soccer.total_goals,period=ft,under,total=3.5,1.51
2026-10-08T00:16:42.278599+02:00,36435232,Brasileiro Serie A,Brazil,Botafogo FR RJ,CR Vasco da Gama RJ,2026-10-07T23:30:00+00:00,73.2954,soccer.total_goals,period=ft,over,total=4.5,4.7
2026-10-08T00:16:42.278599+02:00,36435232,Brasileiro Serie A,Brazil,Botafogo FR RJ,CR Vasco da Gama RJ,2026-10-07T23:30:00+00:00,73.2954,soccer.total_goals,period=ft,under,total=4.5,1.19
2026-10-08T00:18:43.627715+02:00,36666889,Copa Venezuela,Venezuela,Barquisimeto SC,Aragua FC,2026-10-07T22:30:00+00:00,11.2729,soccer.asian_handicap,period=ft,home,handicap=0,1.9
2026-10-08T00:18:43.627715+02:00,36666889,Copa Venezuela,Venezuela,Barquisimeto SC,Aragua FC,2026-10-07T22:30:00+00:00,11.2729,soccer.asian_handicap,period=ft,away,handicap=0,1.8
2026-10-08T00:18:43.627715+02:00,36666889,Copa Venezuela,Venezuela,Barquisimeto SC,Aragua FC,2026-10-07T22:30:00+00:00,11.2729,soccer.asian_handicap,period=ft,home,handicap=-0.75,3.0
2026-10-08T00:18:43.627715+02:00,36666889,Copa Venezuela,Venezuela,Barquisimeto SC,Aragua FC,2026-10-07T22:30:00+00:00,11.2729,soccer.asian_handicap,period=ft,away,handicap=-0.75,1.29
2026-10-08T00:18:43.627715+02:00,36666889,Copa Venezuela,Venezuela,Barquisimeto SC,Aragua FC,2026-10-07T22:30:00+00:00,11.2729,soccer.asian_handicap,period=ft,home,handicap=-0.5,2.5
2026-10-08T00:18:43.627715+02:00,36666889,Copa Venezuela,Venezuela,Barquisimeto SC,Aragua FC,2026-10-07T22:30:00+00:00,11.2729,soccer.asian_handicap,period=ft,away,handicap=-0.5,1.42
2026-10-08T00:18:43.627715+02:00,36666889,Copa Venezuela,Venezuela,Barquisimeto SC,Aragua FC,2026-10-07T22:30:00+00:00,11.2729,soccer.asian_handicap,period=ft,home,handicap=-0.25,2.2
2026-10-08T00:18:43.627715+02:00,36666889,Copa Venezuela,Venezuela,Barquisimeto SC,Aragua FC,2026-10-07T22:30:00+00:00,11.2729,soccer.asian_handicap,period=ft,away,handicap=-0.25,1.56
2026-10-08T00:18:43.627715+02:00,36666889,Copa Venezuela,Venezuela,Barquisimeto SC,Aragua FC,2026-10-07T22:30:00+00:00,11.2729,soccer.asian_handicap,period=ft,home,handicap=0.25,1.62
2026-10-08T00:18:43.627715+02:00,36666889,Copa Venezuela,Venezuela,Barquisimeto SC,Aragua FC,2026-10-07T22:30:00+00:00,11.2729,soccer.asian_handicap,period=ft,away,handicap=0.25,2.1
2026-10-08T00:18:43.627715+02:00,36666889,Copa Venezuela,Venezuela,Barquisimeto SC,Aragua FC,2026-10-07T22:30:00+00:00,11.2729,soccer.asian_handicap,period=ft,home,handicap=0.5,1.47
2026-10-08T00:18:43.627715+02:00,36666889,Copa Venezuela,Venezuela,Barquisimeto SC,Aragua FC,2026-10-07T22:30:00+00:00,11.2729,soccer.asian_handicap,period=ft,away,handicap=0.5,2.35
2026-10-08T00:18:43.627715+02:00,36666889,Copa Venezuela,Venezuela,Barquisimeto SC,Aragua FC,2026-10-07T22:30:00+00:00,11.2729,soccer.asian_handicap,period=ft,home,handicap=0.75,1.33
2026-10-08T00:18:43.627715+02:00,36666889,Copa Venezuela,Venezuela,Barquisimeto SC,Aragua FC,2026-10-07T22:30:00+00:00,11.2729,soccer.asian_handicap,period=ft,away,handicap=0.75,2.85
2026-10-08T00:18:43.627715+02:00,36666889,Copa Venezuela,Venezuela,Barquisimeto SC,Aragua FC,2026-10-07T22:30:00+00:00,11.2729,soccer.match_odds,period=ft,home,,2.55
2026-10-08T00:18:43.627715+02:00,36666889,Copa Venezuela,Venezuela,Barquisimeto SC,Aragua FC,2026-10-07T22:30:00+00:00,11.2729,soccer.match_odds,period=ft,draw,,3.1
2026-10-08T00:18:43.627715+02:00,36666889,Copa Venezuela,Venezuela,Barquisimeto SC,Aragua FC,2026-10-07T22:30:00+00:00,11.2729,soccer.match_odds,period=ft,away,,2.4
2026-10-08T00:18:43.627715+02:00,36666889,Copa Venezuela,Venezuela,Barquisimeto SC,Aragua FC,2026-10-07T22:30:00+00:00,11.2729,soccer.total_goals,period=ft,over,total=2.5,1.82
2026-10-08T00:18:43.627715+02:00,36666889,Copa Venezuela,Venezuela,Barquisimeto SC,Aragua FC,2026-10-07T22:30:00+00:00,11.2729,soccer.total_goals,period=ft,under,total=2.5,1.88
2026-10-08T00:18:43.627715+02:00,36666889,Copa Venezuela,Venezuela,Barquisimeto SC,Aragua FC,2026-10-07T22:30:00+00:00,11.2729,soccer.total_goals,period=ft,over,total=1.75,1.27
2026-10-08T00:18:43.627715+02:00,36666889,Copa Venezuela,Venezuela,Barquisimeto SC,Aragua FC,2026-10-07T22:30:00+00:00,11.2729,soccer.total_goals,period=ft,under,total=1.75,3.15
2026-10-08T00:18:43.627715+02:00,36666889,Copa Venezuela,Venezuela,Barquisimeto SC,Aragua FC,2026-10-07T22:30:00+00:00,11.2729,soccer.total_goals,period=ft,over,total=2,1.35
2026-10-08T00:18:43.627715+02:00,36666889,Copa Venezuela,Venezuela,Barquisimeto SC,Aragua FC,2026-10-07T22:30:00+00:00,11.2729,soccer.total_goals,period=ft,under,total=2,2.75
2026-10-08T00:18:43.627715+02:00,36666889,Copa Venezuela,Venezuela,Barquisimeto SC,Aragua FC,2026-10-07T22:30:00+00:00,11.2729,soccer.total_goals,period=ft,over,total=2.25,1.58
2026-10-08T00:18:43.627715+02:00,36666889,Copa Venezuela,Venezuela,Barquisimeto SC,Aragua FC,2026-10-07T22:30:00+00:00,11.2729,soccer.total_goals,period=ft,under,total=2.25,2.17
2026-10-08T00:18:43.627715+02:00,36666889,Copa Venezuela,Venezuela,Barquisimeto SC,Aragua FC,2026-10-07T22:30:00+00:00,11.2729,soccer.total_goals,period=ft,over,total=2.75,2.02
2026-10-08T00:18:43.627715+02:00,36666889,Copa Venezuela,Venezuela,Barquisimeto SC,Aragua FC,2026-10-07T22:30:00+00:00,11.2729,soccer.total_goals,period=ft,under,total=2.75,1.67
2026-10-08T00:18:43.627715+02:00,36666889,Copa Venezuela,Venezuela,Barquisimeto SC,Aragua FC,2026-10-07T22:30:00+00:00,11.2729,soccer.total_goals,period=ft,over,total=3,2.35
2026-10-08T00:18:43.627715+02:00,36666889,Copa Venezuela,Venezuela,Barquisimeto SC,Aragua FC,2026-10-07T22:30:00+00:00,11.2729,soccer.total_goals,period=ft,under,total=3,1.47
2026-10-08T00:18:43.627715+02:00,36666889,Copa Venezuela,Venezuela,Barquisimeto SC,Aragua FC,2026-10-07T22:30:00+00:00,11.2729,soccer.total_goals,period=ft,over,total=3.25,2.65
2026-10-08T00:18:43.627715+02:00,36666889,Copa Venezuela,Venezuela,Barquisimeto SC,Aragua FC,2026-10-07T22:30:00+00:00,11.2729,soccer.total_goals,period=ft,under,total=3.25,1.38
2026-10-08T00:18:43.627715+02:00,36667093,Copa Uruguay,Uruguay,Libertad,CA Bella Vista,2026-10-07T23:00:00+00:00,41.2729,soccer.asian_handicap,period=ft,home,handicap=0.75,1.89
2026-10-08T00:18:43.627715+02:00,36667093,Copa Uruguay,Uruguay,Libertad,CA Bella Vista,2026-10-07T23:00:00+00:00,41.2729,soccer.asian_handicap,period=ft,away,handicap=0.75,1.8
2026-10-08T00:18:43.627715+02:00,36667093,Copa Uruguay,Uruguay,Libertad,CA Bella Vista,2026-10-07T23:00:00+00:00,41.2729,soccer.asian_handicap,period=ft,home,handicap=0,3.35
2026-10-08T00:18:43.627715+02:00,36667093,Copa Uruguay,Uruguay,Libertad,CA Bella Vista,2026-10-07T23:00:00+00:00,41.2729,soccer.asian_handicap,period=ft,away,handicap=0,1.24
2026-10-08T00:18:43.627715+02:00,36667093,Copa Uruguay,Uruguay,Libertad,CA Bella Vista,2026-10-07T23:00:00+00:00,41.2729,soccer.asian_handicap,period=ft,home,handicap=0.25,2.5
2026-10-08T00:18:43.627715+02:00,36667093,Copa Uruguay,Uruguay,Libertad,CA Bella Vista,2026-10-07T23:00:00+00:00,41.2729,soccer.asian_handicap,period=ft,away,handicap=0.25,1.42
2026-10-08T00:18:43.627715+02:00,36667093,Copa Uruguay,Uruguay,Libertad,CA Bella Vista,2026-10-07T23:00:00+00:00,41.2729,soccer.asian_handicap,period=ft,home,handicap=0.5,2.12
2026-10-08T00:18:43.627715+02:00,36667093,Copa Uruguay,Uruguay,Libertad,CA Bella Vista,2026-10-07T23:00:00+00:00,41.2729,soccer.asian_handicap,period=ft,away,handicap=0.5,1.61
2026-10-08T00:18:43.627715+02:00,36667093,Copa Uruguay,Uruguay,Libertad,CA Bella Vista,2026-10-07T23:00:00+00:00,41.2729,soccer.asian_handicap,period=ft,home,handicap=1,1.63
2026-10-08T00:18:43.627715+02:00,36667093,Copa Uruguay,Uruguay,Libertad,CA Bella Vista,2026-10-07T23:00:00+00:00,41.2729,soccer.asian_handicap,period=ft,away,handicap=1,2.08
2026-10-08T00:18:43.627715+02:00,36667093,Copa Uruguay,Uruguay,Libertad,CA Bella Vista,2026-10-07T23:00:00+00:00,41.2729,soccer.asian_handicap,period=ft,home,handicap=1.25,1.47
2026-10-08T00:18:43.627715+02:00,36667093,Copa Uruguay,Uruguay,Libertad,CA Bella Vista,2026-10-07T23:00:00+00:00,41.2729,soccer.asian_handicap,period=ft,away,handicap=1.25,2.35
2026-10-08T00:18:43.627715+02:00,36667093,Copa Uruguay,Uruguay,Libertad,CA Bella Vista,2026-10-07T23:00:00+00:00,41.2729,soccer.asian_handicap,period=ft,home,handicap=1.5,1.38
2026-10-08T00:18:43.627715+02:00,36667093,Copa Uruguay,Uruguay,Libertad,CA Bella Vista,2026-10-07T23:00:00+00:00,41.2729,soccer.asian_handicap,period=ft,away,handicap=1.5,2.65
2026-10-08T00:18:43.627715+02:00,36667093,Copa Uruguay,Uruguay,Libertad,CA Bella Vista,2026-10-07T23:00:00+00:00,41.2729,soccer.match_odds,period=ft,home,,4.35
2026-10-08T00:18:43.627715+02:00,36667093,Copa Uruguay,Uruguay,Libertad,CA Bella Vista,2026-10-07T23:00:00+00:00,41.2729,soccer.match_odds,period=ft,draw,,3.55
2026-10-08T00:18:43.627715+02:00,36667093,Copa Uruguay,Uruguay,Libertad,CA Bella Vista,2026-10-07T23:00:00+00:00,41.2729,soccer.match_odds,period=ft,away,,1.62
2026-10-08T00:18:43.627715+02:00,36667093,Copa Uruguay,Uruguay,Libertad,CA Bella Vista,2026-10-07T23:00:00+00:00,41.2729,soccer.total_goals,period=ft,over,total=2.5,1.8
2026-10-08T00:18:43.627715+02:00,36667093,Copa Uruguay,Uruguay,Libertad,CA Bella Vista,2026-10-07T23:00:00+00:00,41.2729,soccer.total_goals,period=ft,under,total=2.5,1.89
2026-10-08T00:18:43.627715+02:00,36667093,Copa Uruguay,Uruguay,Libertad,CA Bella Vista,2026-10-07T23:00:00+00:00,41.2729,soccer.total_goals,period=ft,over,total=1.75,1.29
2026-10-08T00:18:43.627715+02:00,36667093,Copa Uruguay,Uruguay,Libertad,CA Bella Vista,2026-10-07T23:00:00+00:00,41.2729,soccer.total_goals,period=ft,under,total=1.75,3.05
2026-10-08T00:18:43.627715+02:00,36667093,Copa Uruguay,Uruguay,Libertad,CA Bella Vista,2026-10-07T23:00:00+00:00,41.2729,soccer.total_goals,period=ft,over,total=2,1.37
2026-10-08T00:18:43.627715+02:00,36667093,Copa Uruguay,Uruguay,Libertad,CA Bella Vista,2026-10-07T23:00:00+00:00,41.2729,soccer.total_goals,period=ft,under,total=2,2.65
2026-10-08T00:18:43.627715+02:00,36667093,Copa Uruguay,Uruguay,Libertad,CA Bella Vista,2026-10-07T23:00:00+00:00,41.2729,soccer.total_goals,period=ft,over,total=2.25,1.59
2026-10-08T00:18:43.627715+02:00,36667093,Copa Uruguay,Uruguay,Libertad,CA Bella Vista,2026-10-07T23:00:00+00:00,41.2729,soccer.total_goals,period=ft,under,total=2.25,2.17
2026-10-08T00:18:43.627715+02:00,36667093,Copa Uruguay,Uruguay,Libertad,CA Bella Vista,2026-10-07T23:00:00+00:00,41.2729,soccer.total_goals,period=ft,over,total=2.75,2.01
2026-10-08T00:18:43.627715+02:00,36667093,Copa Uruguay,Uruguay,Libertad,CA Bella Vista,2026-10-07T23:00:00+00:00,41.2729,soccer.total_goals,period=ft,under,total=2.75,1.69
2026-10-08T00:18:43.627715+02:00,36667093,Copa Uruguay,Uruguay,Libertad,CA Bella Vista,2026-10-07T23:00:00+00:00,41.2729,soccer.total_goals,period=ft,over,total=3,2.3
2026-10-08T00:18:43.627715+02:00,36667093,Copa Uruguay,Uruguay,Libertad,CA Bella Vista,2026-10-07T23:00:00+00:00,41.2729,soccer.total_goals,period=ft,under,total=3,1.49
2026-10-08T00:18:43.627715+02:00,36667093,Copa Uruguay,Uruguay,Libertad,CA Bella Vista,2026-10-07T23:00:00+00:00,41.2729,soccer.total_goals,period=ft,over,total=3.25,2.6
2026-10-08T00:18:43.627715+02:00,36667093,Copa Uruguay,Uruguay,Libertad,CA Bella Vista,2026-10-07T23:00:00+00:00,41.2729,soccer.total_goals,period=ft,under,total=3.25,1.39
2026-10-08T00:18:43.627715+02:00,36657172,Copa Uruguay,Uruguay,Plaza Colonia,CA Juventud de Las Piedras,2026-10-07T23:00:00+00:00,41.2729,soccer.asian_handicap,period=ft,home,handicap=0.25,1.81
2026-10-08T00:18:43.627715+02:00,36657172,Copa Uruguay,Uruguay,Plaza Colonia,CA Juventud de Las Piedras,2026-10-07T23:00:00+00:00,41.2729,soccer.asian_handicap,period=ft,away,handicap=0.25,1.93
2026-10-08T00:18:43.627715+02:00,36657172,Copa Uruguay,Uruguay,Plaza Colonia,CA Juventud de Las Piedras,2026-10-07T23:00:00+00:00,41.2729,soccer.asian_handicap,period=ft,home,handicap=-0.5,3.15
2026-10-08T00:18:43.627715+02:00,36657172,Copa Uruguay,Uruguay,Plaza Colonia,CA Juventud de Las Piedras,2026-10-07T23:00:00+00:00,41.2729,soccer.asian_handicap,period=ft,away,handicap=-0.5,1.29
2026-10-08T00:18:43.627715+02:00,36657172,Copa Uruguay,Uruguay,Plaza Colonia,CA Juventud de Las Piedras,2026-10-07T23:00:00+00:00,41.2729,soccer.asian_handicap,period=ft,home,handicap=-0.25,2.7
2026-10-08T00:18:43.627715+02:00,36657172,Copa Uruguay,Uruguay,Plaza Colonia,CA Juventud de Las Piedras,2026-10-07T23:00:00+00:00,41.2729,soccer.asian_handicap,period=ft,away,handicap=-0.25,1.39
2026-10-08T00:18:43.627715+02:00,36657172,Copa Uruguay,Uruguay,Plaza Colonia,CA Juventud de Las Piedras,2026-10-07T23:00:00+00:00,41.2729,soccer.asian_handicap,period=ft,home,handicap=0,2.25
2026-10-08T00:18:43.627715+02:00,36657172,Copa Uruguay,Uruguay,Plaza Colonia,CA Juventud de Las Piedras,2026-10-07T23:00:00+00:00,41.2729,soccer.asian_handicap,period=ft,away,handicap=0,1.57
2026-10-08T00:18:43.627715+02:00,36657172,Copa Uruguay,Uruguay,Plaza Colonia,CA Juventud de Las Piedras,2026-10-07T23:00:00+00:00,41.2729,soccer.asian_handicap,period=ft,home,handicap=0.5,1.57
2026-10-08T00:18:43.627715+02:00,36657172,Copa Uruguay,Uruguay,Plaza Colonia,CA Juventud de Las Piedras,2026-10-07T23:00:00+00:00,41.2729,soccer.asian_handicap,period=ft,away,handicap=0.5,2.25
2026-10-08T00:18:43.627715+02:00,36657172,Copa Uruguay,Uruguay,Plaza Colonia,CA Juventud de Las Piedras,2026-10-07T23:00:00+00:00,41.2729,soccer.asian_handicap,period=ft,home,handicap=0.75,1.4
2026-10-08T00:18:43.627715+02:00,36657172,Copa Uruguay,Uruguay,Plaza Colonia,CA Juventud de Las Piedras,2026-10-07T23:00:00+00:00,41.2729,soccer.asian_handicap,period=ft,away,handicap=0.75,2.65
2026-10-08T00:18:43.627715+02:00,36657172,Copa Uruguay,Uruguay,Plaza Colonia,CA Juventud de Las Piedras,2026-10-07T23:00:00+00:00,41.2729,soccer.asian_handicap,period=ft,home,handicap=1,1.23
2026-10-08T00:18:43.627715+02:00,36657172,Copa Uruguay,Uruguay,Plaza Colonia,CA Juventud de Las Piedras,2026-10-07T23:00:00+00:00,41.2729,soccer.asian_handicap,period=ft,away,handicap=1,3.65
2026-10-08T00:18:43.627715+02:00,36657172,Copa Uruguay,Uruguay,Plaza Colonia,CA Juventud de Las Piedras,2026-10-07T23:00:00+00:00,41.2729,soccer.double_chance,period=ft,draw_away,,1.34
2026-10-08T00:18:43.627715+02:00,36657172,Copa Uruguay,Uruguay,Plaza Colonia,CA Juventud de Las Piedras,2026-10-07T23:00:00+00:00,41.2729,soccer.double_chance,period=ft,home_away,,1.38
2026-10-08T00:18:43.627715+02:00,36657172,Copa Uruguay,Uruguay,Plaza Colonia,CA Juventud de Las Piedras,2026-10-07T23:00:00+00:00,41.2729,soccer.double_chance,period=ft,home_draw,,1.59
2026-10-08T00:18:43.627715+02:00,36657172,Copa Uruguay,Uruguay,Plaza Colonia,CA Juventud de Las Piedras,2026-10-07T23:00:00+00:00,41.2729,soccer.match_odds,period=ft,home,,3.2
2026-10-08T00:18:43.627715+02:00,36657172,Copa Uruguay,Uruguay,Plaza Colonia,CA Juventud de Las Piedras,2026-10-07T23:00:00+00:00,41.2729,soccer.match_odds,period=ft,draw,,2.8
2026-10-08T00:18:43.627715+02:00,36657172,Copa Uruguay,Uruguay,Plaza Colonia,CA Juventud de Las Piedras,2026-10-07T23:00:00+00:00,41.2729,soccer.match_odds,period=ft,away,,2.25
2026-10-08T00:18:43.627715+02:00,36657172,Copa Uruguay,Uruguay,Plaza Colonia,CA Juventud de Las Piedras,2026-10-07T23:00:00+00:00,41.2729,soccer.total_goals,period=ft,over,total=2,1.78
2026-10-08T00:18:43.627715+02:00,36657172,Copa Uruguay,Uruguay,Plaza Colonia,CA Juventud de Las Piedras,2026-10-07T23:00:00+00:00,41.2729,soccer.total_goals,period=ft,under,total=2,1.98
2026-10-08T00:18:43.627715+02:00,36657172,Copa Uruguay,Uruguay,Plaza Colonia,CA Juventud de Las Piedras,2026-10-07T23:00:00+00:00,41.2729,soccer.total_goals,period=ft,over,total=1.25,1.26
2026-10-08T00:18:43.627715+02:00,36657172,Copa Uruguay,Uruguay,Plaza Colonia,CA Juventud de Las Piedras,2026-10-07T23:00:00+00:00,41.2729,soccer.total_goals,period=ft,under,total=1.25,3.35
2026-10-08T00:18:43.627715+02:00,36657172,Copa Uruguay,Uruguay,Plaza Colonia,CA Juventud de Las Piedras,2026-10-07T23:00:00+00:00,41.2729,soccer.total_goals,period=ft,over,total=1.5,1.42
2026-10-08T00:18:43.627715+02:00,36657172,Copa Uruguay,Uruguay,Plaza Colonia,CA Juventud de Las Piedras,2026-10-07T23:00:00+00:00,41.2729,soccer.total_goals,period=ft,under,total=1.5,2.6
2026-10-08T00:18:43.627715+02:00,36657172,Copa Uruguay,Uruguay,Plaza Colonia,CA Juventud de Las Piedras,2026-10-07T23:00:00+00:00,41.2729,soccer.total_goals,period=ft,over,total=1.75,1.55
2026-10-08T00:18:43.627715+02:00,36657172,Copa Uruguay,Uruguay,Plaza Colonia,CA Juventud de Las Piedras,2026-10-07T23:00:00+00:00,41.2729,soccer.total_goals,period=ft,under,total=1.75,2.3
2026-10-08T00:18:43.627715+02:00,36657172,Copa Uruguay,Uruguay,Plaza Colonia,CA Juventud de Las Piedras,2026-10-07T23:00:00+00:00,41.2729,soccer.total_goals,period=ft,over,total=2.25,2.08
2026-10-08T00:18:43.627715+02:00,36657172,Copa Uruguay,Uruguay,Plaza Colonia,CA Juventud de Las Piedras,2026-10-07T23:00:00+00:00,41.2729,soccer.total_goals,period=ft,under,total=2.25,1.67
2026-10-08T00:18:43.627715+02:00,36657172,Copa Uruguay,Uruguay,Plaza Colonia,CA Juventud de Las Piedras,2026-10-07T23:00:00+00:00,41.2729,soccer.total_goals,period=ft,over,total=2.5,2.35
2026-10-08T00:18:43.627715+02:00,36657172,Copa Uruguay,Uruguay,Plaza Colonia,CA Juventud de Las Piedras,2026-10-07T23:00:00+00:00,41.2729,soccer.total_goals,period=ft,under,total=2.5,1.5
2026-10-08T00:18:43.627715+02:00,36657172,Copa Uruguay,Uruguay,Plaza Colonia,CA Juventud de Las Piedras,2026-10-07T23:00:00+00:00,41.2729,soccer.total_goals,period=ft,over,total=2.75,2.8
2026-10-08T00:18:43.627715+02:00,36657172,Copa Uruguay,Uruguay,Plaza Colonia,CA Juventud de Las Piedras,2026-10-07T23:00:00+00:00,41.2729,soccer.total_goals,period=ft,under,total=2.75,1.36
2026-10-08T00:18:43.627715+02:00,36679767,Mexico Copa Mexico,Mexico,Inter Playa Del Carmen,Ejidatarios de Bonfil FC,2026-10-07T23:00:00+00:00,41.2729,soccer.asian_handicap,period=ft,home,handicap=-0.5,1.8
2026-10-08T00:18:43.627715+02:00,36679767,Mexico Copa Mexico,Mexico,Inter Playa Del Carmen,Ejidatarios de Bonfil FC,2026-10-07T23:00:00+00:00,41.2729,soccer.asian_handicap,period=ft,away,handicap=-0.5,1.89
2026-10-08T00:18:43.627715+02:00,36679767,Mexico Copa Mexico,Mexico,Inter Playa Del Carmen,Ejidatarios de Bonfil FC,2026-10-07T23:00:00+00:00,41.2729,soccer.asian_handicap,period=ft,home,handicap=-1.25,2.75
2026-10-08T00:18:43.627715+02:00,36679767,Mexico Copa Mexico,Mexico,Inter Playa Del Carmen,Ejidatarios de Bonfil FC,2026-10-07T23:00:00+00:00,41.2729,soccer.asian_handicap,period=ft,away,handicap=-1.25,1.35
2026-10-08T00:18:43.627715+02:00,36679767,Mexico Copa Mexico,Mexico,Inter Playa Del Carmen,Ejidatarios de Bonfil FC,2026-10-07T23:00:00+00:00,41.2729,soccer.asian_handicap,period=ft,home,handicap=-1,2.4
2026-10-08T00:18:43.627715+02:00,36679767,Mexico Copa Mexico,Mexico,Inter Playa Del Carmen,Ejidatarios de Bonfil FC,2026-10-07T23:00:00+00:00,41.2729,soccer.asian_handicap,period=ft,away,handicap=-1,1.45
2026-10-08T00:18:43.627715+02:00,36679767,Mexico Copa Mexico,Mexico,Inter Playa Del Carmen,Ejidatarios de Bonfil FC,2026-10-07T23:00:00+00:00,41.2729,soccer.asian_handicap,period=ft,home,handicap=-0.75,2.03
2026-10-08T00:18:43.627715+02:00,36679767,Mexico Copa Mexico,Mexico,Inter Playa Del Carmen,Ejidatarios de Bonfil FC,2026-10-07T23:00:00+00:00,41.2729,soccer.asian_handicap,period=ft,away,handicap=-0.75,1.67
2026-10-08T00:18:43.627715+02:00,36679767,Mexico Copa Mexico,Mexico,Inter Playa Del Carmen,Ejidatarios de Bonfil FC,2026-10-07T23:00:00+00:00,41.2729,soccer.asian_handicap,period=ft,home,handicap=-0.25,1.58
2026-10-08T00:18:43.627715+02:00,36679767,Mexico Copa Mexico,Mexico,Inter Playa Del Carmen,Ejidatarios de Bonfil FC,2026-10-07T23:00:00+00:00,41.2729,soccer.asian_handicap,period=ft,away,handicap=-0.25,2.17
2026-10-08T00:18:43.627715+02:00,36679767,Mexico Copa Mexico,Mexico,Inter Playa Del Carmen,Ejidatarios de Bonfil FC,2026-10-07T23:00:00+00:00,41.2729,soccer.asian_handicap,period=ft,home,handicap=0,1.36
2026-10-08T00:18:43.627715+02:00,36679767,Mexico Copa Mexico,Mexico,Inter Playa Del Carmen,Ejidatarios de Bonfil FC,2026-10-07T23:00:00+00:00,41.2729,soccer.asian_handicap,period=ft,away,handicap=0,2.7
2026-10-08T00:18:43.627715+02:00,36679767,Mexico Copa Mexico,Mexico,Inter Playa Del Carmen,Ejidatarios de Bonfil FC,2026-10-07T23:00:00+00:00,41.2729,soccer.asian_handicap,period=ft,home,handicap=0.25,1.28
2026-10-08T00:18:43.627715+02:00,36679767,Mexico Copa Mexico,Mexico,Inter Playa Del Carmen,Ejidatarios de Bonfil FC,2026-10-07T23:00:00+00:00,41.2729,soccer.asian_handicap,period=ft,away,handicap=0.25,3.05
2026-10-08T00:18:43.627715+02:00,36679767,Mexico Copa Mexico,Mexico,Inter Playa Del Carmen,Ejidatarios de Bonfil FC,2026-10-07T23:00:00+00:00,41.2729,soccer.match_odds,period=ft,home,,1.8
2026-10-08T00:18:43.627715+02:00,36679767,Mexico Copa Mexico,Mexico,Inter Playa Del Carmen,Ejidatarios de Bonfil FC,2026-10-07T23:00:00+00:00,41.2729,soccer.match_odds,period=ft,draw,,3.45
2026-10-08T00:18:43.627715+02:00,36679767,Mexico Copa Mexico,Mexico,Inter Playa Del Carmen,Ejidatarios de Bonfil FC,2026-10-07T23:00:00+00:00,41.2729,soccer.match_odds,period=ft,away,,3.5
2026-10-08T00:18:43.627715+02:00,36679767,Mexico Copa Mexico,Mexico,Inter Playa Del Carmen,Ejidatarios de Bonfil FC,2026-10-07T23:00:00+00:00,41.2729,soccer.total_goals,period=ft,over,total=2.75,1.92
2026-10-08T00:18:43.627715+02:00,36679767,Mexico Copa Mexico,Mexico,Inter Playa Del Carmen,Ejidatarios de Bonfil FC,2026-10-07T23:00:00+00:00,41.2729,soccer.total_goals,period=ft,under,total=2.75,1.78
2026-10-08T00:18:43.627715+02:00,36679767,Mexico Copa Mexico,Mexico,Inter Playa Del Carmen,Ejidatarios de Bonfil FC,2026-10-07T23:00:00+00:00,41.2729,soccer.total_goals,period=ft,over,total=2,1.31
2026-10-08T00:18:43.627715+02:00,36679767,Mexico Copa Mexico,Mexico,Inter Playa Del Carmen,Ejidatarios de Bonfil FC,2026-10-07T23:00:00+00:00,41.2729,soccer.total_goals,period=ft,under,total=2,2.9
2026-10-08T00:18:43.627715+02:00,36679767,Mexico Copa Mexico,Mexico,Inter Playa Del Carmen,Ejidatarios de Bonfil FC,2026-10-07T23:00:00+00:00,41.2729,soccer.total_goals,period=ft,over,total=2.25,1.5
2026-10-08T00:18:43.627715+02:00,36679767,Mexico Copa Mexico,Mexico,Inter Playa Del Carmen,Ejidatarios de Bonfil FC,2026-10-07T23:00:00+00:00,41.2729,soccer.total_goals,period=ft,under,total=2.25,2.25
2026-10-08T00:18:43.627715+02:00,36679767,Mexico Copa Mexico,Mexico,Inter Playa Del Carmen,Ejidatarios de Bonfil FC,2026-10-07T23:00:00+00:00,41.2729,soccer.total_goals,period=ft,over,total=2.5,1.7
2026-10-08T00:18:43.627715+02:00,36679767,Mexico Copa Mexico,Mexico,Inter Playa Del Carmen,Ejidatarios de Bonfil FC,2026-10-07T23:00:00+00:00,41.2729,soccer.total_goals,period=ft,under,total=2.5,1.98
2026-10-08T00:18:43.627715+02:00,36679767,Mexico Copa Mexico,Mexico,Inter Playa Del Carmen,Ejidatarios de Bonfil FC,2026-10-07T23:00:00+00:00,41.2729,soccer.total_goals,period=ft,over,total=3,2.2
2026-10-08T00:18:43.627715+02:00,36679767,Mexico Copa Mexico,Mexico,Inter Playa Del Carmen,Ejidatarios de Bonfil FC,2026-10-07T23:00:00+00:00,41.2729,soccer.total_goals,period=ft,under,total=3,1.55
2026-10-08T00:18:43.627715+02:00,36679767,Mexico Copa Mexico,Mexico,Inter Playa Del Carmen,Ejidatarios de Bonfil FC,2026-10-07T23:00:00+00:00,41.2729,soccer.total_goals,period=ft,over,total=3.25,2.5
2026-10-08T00:18:43.627715+02:00,36679767,Mexico Copa Mexico,Mexico,Inter Playa Del Carmen,Ejidatarios de Bonfil FC,2026-10-07T23:00:00+00:00,41.2729,soccer.total_goals,period=ft,under,total=3.25,1.42
2026-10-08T00:18:43.627715+02:00,36679767,Mexico Copa Mexico,Mexico,Inter Playa Del Carmen,Ejidatarios de Bonfil FC,2026-10-07T23:00:00+00:00,41.2729,soccer.total_goals,period=ft,over,total=3.5,2.8
2026-10-08T00:18:43.627715+02:00,36679767,Mexico Copa Mexico,Mexico,Inter Playa Del Carmen,Ejidatarios de Bonfil FC,2026-10-07T23:00:00+00:00,41.2729,soccer.total_goals,period=ft,under,total=3.5,1.34
2026-10-08T00:18:43.627715+02:00,36609416,Brasileiro Serie B,Brazil,Avai FC SC,Londrina EC PR,2026-10-07T22:30:00+00:00,11.2729,soccer.asian_handicap,period=ft,home,handicap=-0.25,1.89
2026-10-08T00:18:43.627715+02:00,36609416,Brasileiro Serie B,Brazil,Avai FC SC,Londrina EC PR,2026-10-07T22:30:00+00:00,11.2729,soccer.asian_handicap,period=ft,away,handicap=-0.25,1.94
2026-10-08T00:18:43.627715+02:00,36609416,Brasileiro Serie B,Brazil,Avai FC SC,Londrina EC PR,2026-10-07T22:30:00+00:00,11.2729,soccer.asian_handicap,period=ft,home,handicap=-1.25,4.05
2026-10-08T00:18:43.627715+02:00,36609416,Brasileiro Serie B,Brazil,Avai FC SC,Londrina EC PR,2026-10-07T22:30:00+00:00,11.2729,soccer.asian_handicap,period=ft,away,handicap=-1.25,1.24
2026-10-08T00:18:43.627715+02:00,36609416,Brasileiro Serie B,Brazil,Avai FC SC,Londrina EC PR,2026-10-07T22:30:00+00:00,11.2729,soccer.asian_handicap,period=ft,home,handicap=-1,3.55
2026-10-08T00:18:43.627715+02:00,36609416,Brasileiro Serie B,Brazil,Avai FC SC,Londrina EC PR,2026-10-07T22:30:00+00:00,11.2729,soccer.asian_handicap,period=ft,away,handicap=-1,1.29
2026-10-08T00:18:43.627715+02:00,36609416,Brasileiro Serie B,Brazil,Avai FC SC,Londrina EC PR,2026-10-07T22:30:00+00:00,11.2729,soccer.asian_handicap,period=ft,home,handicap=-0.75,2.65
2026-10-08T00:18:43.627715+02:00,36609416,Brasileiro Serie B,Brazil,Avai FC SC,Londrina EC PR,2026-10-07T22:30:00+00:00,11.2729,soccer.asian_handicap,period=ft,away,handicap=-0.75,1.48
2026-10-08T00:18:43.627715+02:00,36609416,Brasileiro Serie B,Brazil,Avai FC SC,Londrina EC PR,2026-10-07T22:30:00+00:00,11.2729,soccer.asian_handicap,period=ft,home,handicap=-0.5,2.2
2026-10-08T00:18:43.627715+02:00,36609416,Brasileiro Serie B,Brazil,Avai FC SC,Londrina EC PR,2026-10-07T22:30:00+00:00,11.2729,soccer.asian_handicap,period=ft,away,handicap=-0.5,1.67
2026-10-08T00:18:43.627715+02:00,36609416,Brasileiro Serie B,Brazil,Avai FC SC,Londrina EC PR,2026-10-07T22:30:00+00:00,11.2729,soccer.asian_handicap,period=ft,home,handicap=0,1.55
2026-10-08T00:18:43.627715+02:00,36609416,Brasileiro Serie B,Brazil,Avai FC SC,Londrina EC PR,2026-10-07T22:30:00+00:00,11.2729,soccer.asian_handicap,period=ft,away,handicap=0,2.45
2026-10-08T00:18:43.627715+02:00,36609416,Brasileiro Serie B,Brazil,Avai FC SC,Londrina EC PR,2026-10-07T22:30:00+00:00,11.2729,soccer.asian_handicap,period=ft,home,handicap=0.25,1.4
2026-10-08T00:18:43.627715+02:00,36609416,Brasileiro Serie B,Brazil,Avai FC SC,Londrina EC PR,2026-10-07T22:30:00+00:00,11.2729,soccer.asian_handicap,period=ft,away,handicap=0.25,3.0
2026-10-08T00:18:43.627715+02:00,36609416,Brasileiro Serie B,Brazil,Avai FC SC,Londrina EC PR,2026-10-07T22:30:00+00:00,11.2729,soccer.asian_handicap,period=ft,home,handicap=0.5,1.3
2026-10-08T00:18:43.627715+02:00,36609416,Brasileiro Serie B,Brazil,Avai FC SC,Londrina EC PR,2026-10-07T22:30:00+00:00,11.2729,soccer.asian_handicap,period=ft,away,handicap=0.5,3.45
2026-10-08T00:18:43.627715+02:00,36609416,Brasileiro Serie B,Brazil,Avai FC SC,Londrina EC PR,2026-10-07T22:30:00+00:00,11.2729,soccer.asian_handicap,period=ft,home,handicap=0.75,1.19
2026-10-08T00:18:43.627715+02:00,36609416,Brasileiro Serie B,Brazil,Avai FC SC,Londrina EC PR,2026-10-07T22:30:00+00:00,11.2729,soccer.asian_handicap,period=ft,away,handicap=0.75,4.6
2026-10-08T00:18:43.627715+02:00,36609416,Brasileiro Serie B,Brazil,Avai FC SC,Londrina EC PR,2026-10-07T22:30:00+00:00,11.2729,soccer.double_chance,period=ft,draw_away,,1.66
2026-10-08T00:18:43.627715+02:00,36609416,Brasileiro Serie B,Brazil,Avai FC SC,Londrina EC PR,2026-10-07T22:30:00+00:00,11.2729,soccer.double_chance,period=ft,home_away,,1.36
2026-10-08T00:18:43.627715+02:00,36609416,Brasileiro Serie B,Brazil,Avai FC SC,Londrina EC PR,2026-10-07T22:30:00+00:00,11.2729,soccer.double_chance,period=ft,home_draw,,1.3
2026-10-08T00:18:43.627715+02:00,36609416,Brasileiro Serie B,Brazil,Avai FC SC,Londrina EC PR,2026-10-07T22:30:00+00:00,11.2729,soccer.match_odds,period=ft,home,,2.2
2026-10-08T00:18:43.627715+02:00,36609416,Brasileiro Serie B,Brazil,Avai FC SC,Londrina EC PR,2026-10-07T22:30:00+00:00,11.2729,soccer.match_odds,period=ft,draw,,3.1
2026-10-08T00:18:43.627715+02:00,36609416,Brasileiro Serie B,Brazil,Avai FC SC,Londrina EC PR,2026-10-07T22:30:00+00:00,11.2729,soccer.match_odds,period=ft,away,,3.5
2026-10-08T00:18:43.627715+02:00,36609416,Brasileiro Serie B,Brazil,Avai FC SC,Londrina EC PR,2026-10-07T22:30:00+00:00,11.2729,soccer.total_goals,period=ft,over,total=2.25,2.03
2026-10-08T00:18:43.627715+02:00,36609416,Brasileiro Serie B,Brazil,Avai FC SC,Londrina EC PR,2026-10-07T22:30:00+00:00,11.2729,soccer.total_goals,period=ft,under,total=2.25,1.8
2026-10-08T00:18:43.627715+02:00,36609416,Brasileiro Serie B,Brazil,Avai FC SC,Londrina EC PR,2026-10-07T22:30:00+00:00,11.2729,soccer.total_goals,period=ft,over,total=1.5,1.41
2026-10-08T00:18:43.627715+02:00,36609416,Brasileiro Serie B,Brazil,Avai FC SC,Londrina EC PR,2026-10-07T22:30:00+00:00,11.2729,soccer.total_goals,period=ft,under,total=1.5,2.85
2026-10-08T00:18:43.627715+02:00,36609416,Brasileiro Serie B,Brazil,Avai FC SC,Londrina EC PR,2026-10-07T22:30:00+00:00,11.2729,soccer.total_goals,period=ft,over,total=1.75,1.53
2026-10-08T00:18:43.627715+02:00,36609416,Brasileiro Serie B,Brazil,Avai FC SC,Londrina EC PR,2026-10-07T22:30:00+00:00,11.2729,soccer.total_goals,period=ft,under,total=1.75,2.5
2026-10-08T00:18:43.627715+02:00,36609416,Brasileiro Serie B,Brazil,Avai FC SC,Londrina EC PR,2026-10-07T22:30:00+00:00,11.2729,soccer.total_goals,period=ft,over,total=2,1.72
2026-10-08T00:18:43.627715+02:00,36609416,Brasileiro Serie B,Brazil,Avai FC SC,Londrina EC PR,2026-10-07T22:30:00+00:00,11.2729,soccer.total_goals,period=ft,under,total=2,2.13
2026-10-08T00:18:43.627715+02:00,36609416,Brasileiro Serie B,Brazil,Avai FC SC,Londrina EC PR,2026-10-07T22:30:00+00:00,11.2729,soccer.total_goals,period=ft,over,total=2.5,2.3
2026-10-08T00:18:43.627715+02:00,36609416,Brasileiro Serie B,Brazil,Avai FC SC,Londrina EC PR,2026-10-07T22:30:00+00:00,11.2729,soccer.total_goals,period=ft,under,total=2.5,1.6
2026-10-08T00:18:43.627715+02:00,36609416,Brasileiro Serie B,Brazil,Avai FC SC,Londrina EC PR,2026-10-07T22:30:00+00:00,11.2729,soccer.total_goals,period=ft,over,total=2.75,2.75
2026-10-08T00:18:43.627715+02:00,36609416,Brasileiro Serie B,Brazil,Avai FC SC,Londrina EC PR,2026-10-07T22:30:00+00:00,11.2729,soccer.total_goals,period=ft,under,total=2.75,1.45
2026-10-08T00:18:43.627715+02:00,36609416,Brasileiro Serie B,Brazil,Avai FC SC,Londrina EC PR,2026-10-07T22:30:00+00:00,11.2729,soccer.total_goals,period=ft,over,total=3.5,4.3
2026-10-08T00:18:43.627715+02:00,36609416,Brasileiro Serie B,Brazil,Avai FC SC,Londrina EC PR,2026-10-07T22:30:00+00:00,11.2729,soccer.total_goals,period=ft,under,total=3.5,1.21
2026-10-08T00:18:43.627715+02:00,36609397,Brasileiro Serie B,Brazil,Operario Ferroviario EC PR,Botafogo FC SP,2026-10-07T22:30:00+00:00,11.2729,soccer.asian_handicap,period=ft,home,handicap=-0.25,1.95
2026-10-08T00:18:43.627715+02:00,36609397,Brasileiro Serie B,Brazil,Operario Ferroviario EC PR,Botafogo FC SP,2026-10-07T22:30:00+00:00,11.2729,soccer.asian_handicap,period=ft,away,handicap=-0.25,1.89
2026-10-08T00:18:43.627715+02:00,36609397,Brasileiro Serie B,Brazil,Operario Ferroviario EC PR,Botafogo FC SP,2026-10-07T22:30:00+00:00,11.2729,soccer.asian_handicap,period=ft,home,handicap=-1.25,4.1
2026-10-08T00:18:43.627715+02:00,36609397,Brasileiro Serie B,Brazil,Operario Ferroviario EC PR,Botafogo FC SP,2026-10-07T22:30:00+00:00,11.2729,soccer.asian_handicap,period=ft,away,handicap=-1.25,1.23
2026-10-08T00:18:43.627715+02:00,36609397,Brasileiro Serie B,Brazil,Operario Ferroviario EC PR,Botafogo FC SP,2026-10-07T22:30:00+00:00,11.2729,soccer.asian_handicap,period=ft,home,handicap=-1,3.6
2026-10-08T00:18:43.627715+02:00,36609397,Brasileiro Serie B,Brazil,Operario Ferroviario EC PR,Botafogo FC SP,2026-10-07T22:30:00+00:00,11.2729,soccer.asian_handicap,period=ft,away,handicap=-1,1.28
2026-10-08T00:18:43.627715+02:00,36609397,Brasileiro Serie B,Brazil,Operario Ferroviario EC PR,Botafogo FC SP,2026-10-07T22:30:00+00:00,11.2729,soccer.asian_handicap,period=ft,home,handicap=-0.75,2.7
2026-10-08T00:18:43.627715+02:00,36609397,Brasileiro Serie B,Brazil,Operario Ferroviario EC PR,Botafogo FC SP,2026-10-07T22:30:00+00:00,11.2729,soccer.asian_handicap,period=ft,away,handicap=-0.75,1.47
2026-10-08T00:18:43.627715+02:00,36609397,Brasileiro Serie B,Brazil,Operario Ferroviario EC PR,Botafogo FC SP,2026-10-07T22:30:00+00:00,11.2729,soccer.asian_handicap,period=ft,home,handicap=-0.5,2.25
2026-10-08T00:18:43.627715+02:00,36609397,Brasileiro Serie B,Brazil,Operario Ferroviario EC PR,Botafogo FC SP,2026-10-07T22:30:00+00:00,11.2729,soccer.asian_handicap,period=ft,away,handicap=-0.5,1.65
2026-10-08T00:18:43.627715+02:00,36609397,Brasileiro Serie B,Brazil,Operario Ferroviario EC PR,Botafogo FC SP,2026-10-07T22:30:00+00:00,11.2729,soccer.asian_handicap,period=ft,home,handicap=0,1.6
2026-10-08T00:18:43.627715+02:00,36609397,Brasileiro Serie B,Brazil,Operario Ferroviario EC PR,Botafogo FC SP,2026-10-07T22:30:00+00:00,11.2729,soccer.asian_handicap,period=ft,away,handicap=0,2.35
2026-10-08T00:18:43.627715+02:00,36609397,Brasileiro Serie B,Brazil,Operario Ferroviario EC PR,Botafogo FC SP,2026-10-07T22:30:00+00:00,11.2729,soccer.asian_handicap,period=ft,home,handicap=0.25,1.43
2026-10-08T00:18:43.627715+02:00,36609397,Brasileiro Serie B,Brazil,Operario Ferroviario EC PR,Botafogo FC SP,2026-10-07T22:30:00+00:00,11.2729,soccer.asian_handicap,period=ft,away,handicap=0.25,2.85
2026-10-08T00:18:43.627715+02:00,36609397,Brasileiro Serie B,Brazil,Operario Ferroviario EC PR,Botafogo FC SP,2026-10-07T22:30:00+00:00,11.2729,soccer.asian_handicap,period=ft,home,handicap=0.5,1.33
2026-10-08T00:18:43.627715+02:00,36609397,Brasileiro Serie B,Brazil,Operario Ferroviario EC PR,Botafogo FC SP,2026-10-07T22:30:00+00:00,11.2729,soccer.asian_handicap,period=ft,away,handicap=0.5,3.3
2026-10-08T00:18:43.627715+02:00,36609397,Brasileiro Serie B,Brazil,Operario Ferroviario EC PR,Botafogo FC SP,2026-10-07T22:30:00+00:00,11.2729,soccer.asian_handicap,period=ft,home,handicap=0.75,1.21
2026-10-08T00:18:43.627715+02:00,36609397,Brasileiro Serie B,Brazil,Operario Ferroviario EC PR,Botafogo FC SP,2026-10-07T22:30:00+00:00,11.2729,soccer.asian_handicap,period=ft,away,handicap=0.75,4.35
2026-10-08T00:18:43.627715+02:00,36609397,Brasileiro Serie B,Brazil,Operario Ferroviario EC PR,Botafogo FC SP,2026-10-07T22:30:00+00:00,11.2729,soccer.double_chance,period=ft,draw_away,,1.64
2026-10-08T00:18:43.627715+02:00,36609397,Brasileiro Serie B,Brazil,Operario Ferroviario EC PR,Botafogo FC SP,2026-10-07T22:30:00+00:00,11.2729,soccer.double_chance,period=ft,home_away,,1.35
2026-10-08T00:18:43.627715+02:00,36609397,Brasileiro Serie B,Brazil,Operario Ferroviario EC PR,Botafogo FC SP,2026-10-07T22:30:00+00:00,11.2729,soccer.double_chance,period=ft,home_draw,,1.33
2026-10-08T00:18:43.627715+02:00,36609397,Brasileiro Serie B,Brazil,Operario Ferroviario EC PR,Botafogo FC SP,2026-10-07T22:30:00+00:00,11.2729,soccer.match_odds,period=ft,home,,2.25
2026-10-08T00:18:43.627715+02:00,36609397,Brasileiro Serie B,Brazil,Operario Ferroviario EC PR,Botafogo FC SP,2026-10-07T22:30:00+00:00,11.2729,soccer.match_odds,period=ft,draw,,3.2
2026-10-08T00:18:43.627715+02:00,36609397,Brasileiro Serie B,Brazil,Operario Ferroviario EC PR,Botafogo FC SP,2026-10-07T22:30:00+00:00,11.2729,soccer.match_odds,period=ft,away,,3.3
2026-10-08T00:18:43.627715+02:00,36609397,Brasileiro Serie B,Brazil,Operario Ferroviario EC PR,Botafogo FC SP,2026-10-07T22:30:00+00:00,11.2729,soccer.total_goals,period=ft,over,total=2.25,1.97
2026-10-08T00:18:43.627715+02:00,36609397,Brasileiro Serie B,Brazil,Operario Ferroviario EC PR,Botafogo FC SP,2026-10-07T22:30:00+00:00,11.2729,soccer.total_goals,period=ft,under,total=2.25,1.86
2026-10-08T00:18:43.627715+02:00,36609397,Brasileiro Serie B,Brazil,Operario Ferroviario EC PR,Botafogo FC SP,2026-10-07T22:30:00+00:00,11.2729,soccer.total_goals,period=ft,over,total=1.5,1.39
2026-10-08T00:18:43.627715+02:00,36609397,Brasileiro Serie B,Brazil,Operario Ferroviario EC PR,Botafogo FC SP,2026-10-07T22:30:00+00:00,11.2729,soccer.total_goals,period=ft,under,total=1.5,2.95
2026-10-08T00:18:43.627715+02:00,36609397,Brasileiro Serie B,Brazil,Operario Ferroviario EC PR,Botafogo FC SP,2026-10-07T22:30:00+00:00,11.2729,soccer.total_goals,period=ft,over,total=1.75,1.49
2026-10-08T00:18:43.627715+02:00,36609397,Brasileiro Serie B,Brazil,Operario Ferroviario EC PR,Botafogo FC SP,2026-10-07T22:30:00+00:00,11.2729,soccer.total_goals,period=ft,under,total=1.75,2.6
2026-10-08T00:18:43.627715+02:00,36609397,Brasileiro Serie B,Brazil,Operario Ferroviario EC PR,Botafogo FC SP,2026-10-07T22:30:00+00:00,11.2729,soccer.total_goals,period=ft,over,total=2,1.66
2026-10-08T00:18:43.627715+02:00,36609397,Brasileiro Serie B,Brazil,Operario Ferroviario EC PR,Botafogo FC SP,2026-10-07T22:30:00+00:00,11.2729,soccer.total_goals,period=ft,under,total=2,2.2
2026-10-08T00:18:43.627715+02:00,36609397,Brasileiro Serie B,Brazil,Operario Ferroviario EC PR,Botafogo FC SP,2026-10-07T22:30:00+00:00,11.2729,soccer.total_goals,period=ft,over,total=2.5,2.2
2026-10-08T00:18:43.627715+02:00,36609397,Brasileiro Serie B,Brazil,Operario Ferroviario EC PR,Botafogo FC SP,2026-10-07T22:30:00+00:00,11.2729,soccer.total_goals,period=ft,under,total=2.5,1.65
2026-10-08T00:18:43.627715+02:00,36609397,Brasileiro Serie B,Brazil,Operario Ferroviario EC PR,Botafogo FC SP,2026-10-07T22:30:00+00:00,11.2729,soccer.total_goals,period=ft,over,total=2.75,2.6
2026-10-08T00:18:43.627715+02:00,36609397,Brasileiro Serie B,Brazil,Operario Ferroviario EC PR,Botafogo FC SP,2026-10-07T22:30:00+00:00,11.2729,soccer.total_goals,period=ft,under,total=2.75,1.48
2026-10-08T00:18:43.627715+02:00,36609397,Brasileiro Serie B,Brazil,Operario Ferroviario EC PR,Botafogo FC SP,2026-10-07T22:30:00+00:00,11.2729,soccer.total_goals,period=ft,over,total=3.5,4.2
2026-10-08T00:18:43.627715+02:00,36609397,Brasileiro Serie B,Brazil,Operario Ferroviario EC PR,Botafogo FC SP,2026-10-07T22:30:00+00:00,11.2729,soccer.total_goals,period=ft,under,total=3.5,1.22
2026-10-08T00:18:43.627715+02:00,36609422,Brasileiro Serie B,Brazil,America FC MG,Fortaleza EC CE,2026-10-07T23:30:00+00:00,71.2729,soccer.asian_handicap,period=ft,home,handicap=0.5,1.92
2026-10-08T00:18:43.627715+02:00,36609422,Brasileiro Serie B,Brazil,America FC MG,Fortaleza EC CE,2026-10-07T23:30:00+00:00,71.2729,soccer.asian_handicap,period=ft,away,handicap=0.5,1.92
2026-10-08T00:18:43.627715+02:00,36609422,Brasileiro Serie B,Brazil,America FC MG,Fortaleza EC CE,2026-10-07T23:30:00+00:00,71.2729,soccer.asian_handicap,period=ft,home,handicap=-0.5,4.0
2026-10-08T00:18:43.627715+02:00,36609422,Brasileiro Serie B,Brazil,America FC MG,Fortaleza EC CE,2026-10-07T23:30:00+00:00,71.2729,soccer.asian_handicap,period=ft,away,handicap=-0.5,1.24
2026-10-08T00:18:43.627715+02:00,36609422,Brasileiro Serie B,Brazil,America FC MG,Fortaleza EC CE,2026-10-07T23:30:00+00:00,71.2729,soccer.asian_handicap,period=ft,home,handicap=-0.25,3.5
2026-10-08T00:18:43.627715+02:00,36609422,Brasileiro Serie B,Brazil,America FC MG,Fortaleza EC CE,2026-10-07T23:30:00+00:00,71.2729,soccer.asian_handicap,period=ft,away,handicap=-0.25,1.3
2026-10-08T00:18:43.627715+02:00,36609422,Brasileiro Serie B,Brazil,America FC MG,Fortaleza EC CE,2026-10-07T23:30:00+00:00,71.2729,soccer.asian_handicap,period=ft,home,handicap=0,3.0
2026-10-08T00:18:43.627715+02:00,36609422,Brasileiro Serie B,Brazil,America FC MG,Fortaleza EC CE,2026-10-07T23:30:00+00:00,71.2729,soccer.asian_handicap,period=ft,away,handicap=0,1.4
2026-10-08T00:18:43.627715+02:00,36609422,Brasileiro Serie B,Brazil,America FC MG,Fortaleza EC CE,2026-10-07T23:30:00+00:00,71.2729,soccer.asian_handicap,period=ft,home,handicap=0.25,2.25
2026-10-08T00:18:43.627715+02:00,36609422,Brasileiro Serie B,Brazil,America FC MG,Fortaleza EC CE,2026-10-07T23:30:00+00:00,71.2729,soccer.asian_handicap,period=ft,away,handicap=0.25,1.65
2026-10-08T00:18:43.627715+02:00,36609422,Brasileiro Serie B,Brazil,America FC MG,Fortaleza EC CE,2026-10-07T23:30:00+00:00,71.2729,soccer.asian_handicap,period=ft,home,handicap=0.75,1.67
2026-10-08T00:18:43.627715+02:00,36609422,Brasileiro Serie B,Brazil,America FC MG,Fortaleza EC CE,2026-10-07T23:30:00+00:00,71.2729,soccer.asian_handicap,period=ft,away,handicap=0.75,2.2
2026-10-08T00:18:43.627715+02:00,36609422,Brasileiro Serie B,Brazil,America FC MG,Fortaleza EC CE,2026-10-07T23:30:00+00:00,71.2729,soccer.asian_handicap,period=ft,home,handicap=1,1.43
2026-10-08T00:18:43.627715+02:00,36609422,Brasileiro Serie B,Brazil,America FC MG,Fortaleza EC CE,2026-10-07T23:30:00+00:00,71.2729,soccer.asian_handicap,period=ft,away,handicap=1,2.85
2026-10-08T00:18:43.627715+02:00,36609422,Brasileiro Serie B,Brazil,America FC MG,Fortaleza EC CE,2026-10-07T23:30:00+00:00,71.2729,soccer.asian_handicap,period=ft,home,handicap=1.25,1.33
2026-10-08T00:18:43.627715+02:00,36609422,Brasileiro Serie B,Brazil,America FC MG,Fortaleza EC CE,2026-10-07T23:30:00+00:00,71.2729,soccer.asian_handicap,period=ft,away,handicap=1.25,3.3
2026-10-08T00:18:43.627715+02:00,36609422,Brasileiro Serie B,Brazil,America FC MG,Fortaleza EC CE,2026-10-07T23:30:00+00:00,71.2729,soccer.asian_handicap,period=ft,home,handicap=1.5,1.27
2026-10-08T00:18:43.627715+02:00,36609422,Brasileiro Serie B,Brazil,America FC MG,Fortaleza EC CE,2026-10-07T23:30:00+00:00,71.2729,soccer.asian_handicap,period=ft,away,handicap=1.5,3.75
2026-10-08T00:18:43.627715+02:00,36609422,Brasileiro Serie B,Brazil,America FC MG,Fortaleza EC CE,2026-10-07T23:30:00+00:00,71.2729,soccer.double_chance,period=ft,draw_away,,1.24
2026-10-08T00:18:43.627715+02:00,36609422,Brasileiro Serie B,Brazil,America FC MG,Fortaleza EC CE,2026-10-07T23:30:00+00:00,71.2729,soccer.double_chance,period=ft,home_away,,1.3
2026-10-08T00:18:43.627715+02:00,36609422,Brasileiro Serie B,Brazil,America FC MG,Fortaleza EC CE,2026-10-07T23:30:00+00:00,71.2729,soccer.double_chance,period=ft,home_draw,,1.89
2026-10-08T00:18:43.627715+02:00,36609422,Brasileiro Serie B,Brazil,America FC MG,Fortaleza EC CE,2026-10-07T23:30:00+00:00,71.2729,soccer.match_odds,period=ft,home,,4.05
2026-10-08T00:18:43.627715+02:00,36609422,Brasileiro Serie B,Brazil,America FC MG,Fortaleza EC CE,2026-10-07T23:30:00+00:00,71.2729,soccer.match_odds,period=ft,draw,,3.5
2026-10-08T00:18:43.627715+02:00,36609422,Brasileiro Serie B,Brazil,America FC MG,Fortaleza EC CE,2026-10-07T23:30:00+00:00,71.2729,soccer.match_odds,period=ft,away,,1.91
2026-10-08T00:18:43.627715+02:00,36609422,Brasileiro Serie B,Brazil,America FC MG,Fortaleza EC CE,2026-10-07T23:30:00+00:00,71.2729,soccer.total_goals,period=ft,over,total=2.25,1.82
2026-10-08T00:18:43.627715+02:00,36609422,Brasileiro Serie B,Brazil,America FC MG,Fortaleza EC CE,2026-10-07T23:30:00+00:00,71.2729,soccer.total_goals,period=ft,under,total=2.25,2.01
2026-10-08T00:18:43.627715+02:00,36609422,Brasileiro Serie B,Brazil,America FC MG,Fortaleza EC CE,2026-10-07T23:30:00+00:00,71.2729,soccer.total_goals,period=ft,over,total=1.5,1.34
2026-10-08T00:18:43.627715+02:00,36609422,Brasileiro Serie B,Brazil,America FC MG,Fortaleza EC CE,2026-10-07T23:30:00+00:00,71.2729,soccer.total_goals,period=ft,under,total=1.5,3.2
2026-10-08T00:18:43.627715+02:00,36609422,Brasileiro Serie B,Brazil,America FC MG,Fortaleza EC CE,2026-10-07T23:30:00+00:00,71.2729,soccer.total_goals,period=ft,over,total=1.75,1.42
2026-10-08T00:18:43.627715+02:00,36609422,Brasileiro Serie B,Brazil,America FC MG,Fortaleza EC CE,2026-10-07T23:30:00+00:00,71.2729,soccer.total_goals,period=ft,under,total=1.75,2.85
2026-10-08T00:18:43.627715+02:00,36609422,Brasileiro Serie B,Brazil,America FC MG,Fortaleza EC CE,2026-10-07T23:30:00+00:00,71.2729,soccer.total_goals,period=ft,over,total=2,1.55
2026-10-08T00:18:43.627715+02:00,36609422,Brasileiro Serie B,Brazil,America FC MG,Fortaleza EC CE,2026-10-07T23:30:00+00:00,71.2729,soccer.total_goals,period=ft,under,total=2,2.45
2026-10-08T00:18:43.627715+02:00,36609422,Brasileiro Serie B,Brazil,America FC MG,Fortaleza EC CE,2026-10-07T23:30:00+00:00,71.2729,soccer.total_goals,period=ft,over,total=2.5,2.08
2026-10-08T00:18:43.627715+02:00,36609422,Brasileiro Serie B,Brazil,America FC MG,Fortaleza EC CE,2026-10-07T23:30:00+00:00,71.2729,soccer.total_goals,period=ft,under,total=2.5,1.75
2026-10-08T00:18:43.627715+02:00,36609422,Brasileiro Serie B,Brazil,America FC MG,Fortaleza EC CE,2026-10-07T23:30:00+00:00,71.2729,soccer.total_goals,period=ft,over,total=2.75,2.4
2026-10-08T00:18:43.627715+02:00,36609422,Brasileiro Serie B,Brazil,America FC MG,Fortaleza EC CE,2026-10-07T23:30:00+00:00,71.2729,soccer.total_goals,period=ft,under,total=2.75,1.56
2026-10-08T00:18:43.627715+02:00,36609422,Brasileiro Serie B,Brazil,America FC MG,Fortaleza EC CE,2026-10-07T23:30:00+00:00,71.2729,soccer.total_goals,period=ft,over,total=3.5,3.75
2026-10-08T00:18:43.627715+02:00,36609422,Brasileiro Serie B,Brazil,America FC MG,Fortaleza EC CE,2026-10-07T23:30:00+00:00,71.2729,soccer.total_goals,period=ft,under,total=3.5,1.26
2026-10-08T00:18:43.627715+02:00,36435229,Brasileiro Serie A,Brazil,Clube do Remo PA,Gremio FB Porto Alegrense RS,2026-10-07T22:30:00+00:00,11.2729,soccer.asian_handicap,period=ft,home,handicap=-0.5,2.05
2026-10-08T00:18:43.627715+02:00,36435229,Brasileiro Serie A,Brazil,Clube do Remo PA,Gremio FB Porto Alegrense RS,2026-10-07T22:30:00+00:00,11.2729,soccer.asian_handicap,period=ft,away,handicap=-0.5,1.83
2026-10-08T00:18:43.627715+02:00,36435229,Brasileiro Serie A,Brazil,Clube do Remo PA,Gremio FB Porto Alegrense RS,2026-10-07T22:30:00+00:00,11.2729,soccer.asian_handicap,period=ft,home,handicap=-1.5,3.75
2026-10-08T00:18:43.627715+02:00,36435229,Brasileiro Serie A,Brazil,Clube do Remo PA,Gremio FB Porto Alegrense RS,2026-10-07T22:30:00+00:00,11.2729,soccer.asian_handicap,period=ft,away,handicap=-1.5,1.28
2026-10-08T00:18:43.627715+02:00,36435229,Brasileiro Serie A,Brazil,Clube do Remo PA,Gremio FB Porto Alegrense RS,2026-10-07T22:30:00+00:00,11.2729,soccer.asian_handicap,period=ft,home,handicap=-1.25,3.35
2026-10-08T00:18:43.627715+02:00,36435229,Brasileiro Serie A,Brazil,Clube do Remo PA,Gremio FB Porto Alegrense RS,2026-10-07T22:30:00+00:00,11.2729,soccer.asian_handicap,period=ft,away,handicap=-1.25,1.33
2026-10-08T00:18:43.627715+02:00,36435229,Brasileiro Serie A,Brazil,Clube do Remo PA,Gremio FB Porto Alegrense RS,2026-10-07T22:30:00+00:00,11.2729,soccer.asian_handicap,period=ft,home,handicap=-1,2.95
2026-10-08T00:18:43.627715+02:00,36435229,Brasileiro Serie A,Brazil,Clube do Remo PA,Gremio FB Porto Alegrense RS,2026-10-07T22:30:00+00:00,11.2729,soccer.asian_handicap,period=ft,away,handicap=-1,1.41
2026-10-08T00:18:43.627715+02:00,36435229,Brasileiro Serie A,Brazil,Clube do Remo PA,Gremio FB Porto Alegrense RS,2026-10-07T22:30:00+00:00,11.2729,soccer.asian_handicap,period=ft,home,handicap=-0.75,2.35
2026-10-08T00:18:43.627715+02:00,36435229,Brasileiro Serie A,Brazil,Clube do Remo PA,Gremio FB Porto Alegrense RS,2026-10-07T22:30:00+00:00,11.2729,soccer.asian_handicap,period=ft,away,handicap=-0.75,1.61
2026-10-08T00:18:43.627715+02:00,36435229,Brasileiro Serie A,Brazil,Clube do Remo PA,Gremio FB Porto Alegrense RS,2026-10-07T22:30:00+00:00,11.2729,soccer.asian_handicap,period=ft,home,handicap=-0.25,1.75
2026-10-08T00:18:43.627715+02:00,36435229,Brasileiro Serie A,Brazil,Clube do Remo PA,Gremio FB Porto Alegrense RS,2026-10-07T22:30:00+00:00,11.2729,soccer.asian_handicap,period=ft,away,handicap=-0.25,2.12
2026-10-08T00:18:43.627715+02:00,36435229,Brasileiro Serie A,Brazil,Clube do Remo PA,Gremio FB Porto Alegrense RS,2026-10-07T22:30:00+00:00,11.2729,soccer.asian_handicap,period=ft,home,handicap=0,1.47
2026-10-08T00:18:43.627715+02:00,36435229,Brasileiro Serie A,Brazil,Clube do Remo PA,Gremio FB Porto Alegrense RS,2026-10-07T22:30:00+00:00,11.2729,soccer.asian_handicap,period=ft,away,handicap=0,2.75
2026-10-08T00:18:43.627715+02:00,36435229,Brasileiro Serie A,Brazil,Clube do Remo PA,Gremio FB Porto Alegrense RS,2026-10-07T22:30:00+00:00,11.2729,soccer.asian_handicap,period=ft,home,handicap=0.25,1.35
2026-10-08T00:18:43.627715+02:00,36435229,Brasileiro Serie A,Brazil,Clube do Remo PA,Gremio FB Porto Alegrense RS,2026-10-07T22:30:00+00:00,11.2729,soccer.asian_handicap,period=ft,away,handicap=0.25,3.2
2026-10-08T00:18:43.627715+02:00,36435229,Brasileiro Serie A,Brazil,Clube do Remo PA,Gremio FB Porto Alegrense RS,2026-10-07T22:30:00+00:00,11.2729,soccer.asian_handicap,period=ft,home,handicap=0.5,1.28
2026-10-08T00:18:43.627715+02:00,36435229,Brasileiro Serie A,Brazil,Clube do Remo PA,Gremio FB Porto Alegrense RS,2026-10-07T22:30:00+00:00,11.2729,soccer.asian_handicap,period=ft,away,handicap=0.5,3.75
2026-10-08T00:18:43.627715+02:00,36435229,Brasileiro Serie A,Brazil,Clube do Remo PA,Gremio FB Porto Alegrense RS,2026-10-07T22:30:00+00:00,11.2729,soccer.double_chance,period=ft,draw_away,,1.81
2026-10-08T00:18:43.627715+02:00,36435229,Brasileiro Serie A,Brazil,Clube do Remo PA,Gremio FB Porto Alegrense RS,2026-10-07T22:30:00+00:00,11.2729,soccer.double_chance,period=ft,home_away,,1.3
2026-10-08T00:18:43.627715+02:00,36435229,Brasileiro Serie A,Brazil,Clube do Remo PA,Gremio FB Porto Alegrense RS,2026-10-07T22:30:00+00:00,11.2729,soccer.double_chance,period=ft,home_draw,,1.3
2026-10-08T00:18:43.627715+02:00,36435229,Brasileiro Serie A,Brazil,Clube do Remo PA,Gremio FB Porto Alegrense RS,2026-10-07T22:30:00+00:00,11.2729,soccer.match_odds,period=ft,home,,2.04
2026-10-08T00:18:43.627715+02:00,36435229,Brasileiro Serie A,Brazil,Clube do Remo PA,Gremio FB Porto Alegrense RS,2026-10-07T22:30:00+00:00,11.2729,soccer.match_odds,period=ft,draw,,3.45
2026-10-08T00:18:43.627715+02:00,36435229,Brasileiro Serie A,Brazil,Clube do Remo PA,Gremio FB Porto Alegrense RS,2026-10-07T22:30:00+00:00,11.2729,soccer.match_odds,period=ft,away,,3.8
2026-10-08T00:18:43.627715+02:00,36435229,Brasileiro Serie A,Brazil,Clube do Remo PA,Gremio FB Porto Alegrense RS,2026-10-07T22:30:00+00:00,11.2729,soccer.total_goals,period=ft,over,total=2.5,2.0
2026-10-08T00:18:43.627715+02:00,36435229,Brasileiro Serie A,Brazil,Clube do Remo PA,Gremio FB Porto Alegrense RS,2026-10-07T22:30:00+00:00,11.2729,soccer.total_goals,period=ft,under,total=2.5,1.87
2026-10-08T00:18:43.627715+02:00,36435229,Brasileiro Serie A,Brazil,Clube do Remo PA,Gremio FB Porto Alegrense RS,2026-10-07T22:30:00+00:00,11.2729,soccer.total_goals,period=ft,over,total=1.5,1.29
2026-10-08T00:18:43.627715+02:00,36435229,Brasileiro Serie A,Brazil,Clube do Remo PA,Gremio FB Porto Alegrense RS,2026-10-07T22:30:00+00:00,11.2729,soccer.total_goals,period=ft,under,total=1.5,3.55
2026-10-08T00:18:43.627715+02:00,36435229,Brasileiro Serie A,Brazil,Clube do Remo PA,Gremio FB Porto Alegrense RS,2026-10-07T22:30:00+00:00,11.2729,soccer.total_goals,period=ft,over,total=2,1.47
2026-10-08T00:18:43.627715+02:00,36435229,Brasileiro Serie A,Brazil,Clube do Remo PA,Gremio FB Porto Alegrense RS,2026-10-07T22:30:00+00:00,11.2729,soccer.total_goals,period=ft,under,total=2,2.7
2026-10-08T00:18:43.627715+02:00,36435229,Brasileiro Serie A,Brazil,Clube do Remo PA,Gremio FB Porto Alegrense RS,2026-10-07T22:30:00+00:00,11.2729,soccer.total_goals,period=ft,over,total=2.25,1.72
2026-10-08T00:18:43.627715+02:00,36435229,Brasileiro Serie A,Brazil,Clube do Remo PA,Gremio FB Porto Alegrense RS,2026-10-07T22:30:00+00:00,11.2729,soccer.total_goals,period=ft,under,total=2.25,2.14
2026-10-08T00:18:43.627715+02:00,36435229,Brasileiro Serie A,Brazil,Clube do Remo PA,Gremio FB Porto Alegrense RS,2026-10-07T22:30:00+00:00,11.2729,soccer.total_goals,period=ft,over,total=2.75,2.25
2026-10-08T00:18:43.627715+02:00,36435229,Brasileiro Serie A,Brazil,Clube do Remo PA,Gremio FB Porto Alegrense RS,2026-10-07T22:30:00+00:00,11.2729,soccer.total_goals,period=ft,under,total=2.75,1.66
2026-10-08T00:18:43.627715+02:00,36435229,Brasileiro Serie A,Brazil,Clube do Remo PA,Gremio FB Porto Alegrense RS,2026-10-07T22:30:00+00:00,11.2729,soccer.total_goals,period=ft,over,total=3,2.7
2026-10-08T00:18:43.627715+02:00,36435229,Brasileiro Serie A,Brazil,Clube do Remo PA,Gremio FB Porto Alegrense RS,2026-10-07T22:30:00+00:00,11.2729,soccer.total_goals,period=ft,under,total=3,1.47
2026-10-08T00:18:43.627715+02:00,36435229,Brasileiro Serie A,Brazil,Clube do Remo PA,Gremio FB Porto Alegrense RS,2026-10-07T22:30:00+00:00,11.2729,soccer.total_goals,period=ft,over,total=3.5,3.35
2026-10-08T00:18:43.627715+02:00,36435229,Brasileiro Serie A,Brazil,Clube do Remo PA,Gremio FB Porto Alegrense RS,2026-10-07T22:30:00+00:00,11.2729,soccer.total_goals,period=ft,under,total=3.5,1.32
2026-10-08T00:18:43.627715+02:00,36435229,Brasileiro Serie A,Brazil,Clube do Remo PA,Gremio FB Porto Alegrense RS,2026-10-07T22:30:00+00:00,11.2729,soccer.total_goals,period=ft,over,total=4.5,6.6
2026-10-08T00:18:43.627715+02:00,36435229,Brasileiro Serie A,Brazil,Clube do Remo PA,Gremio FB Porto Alegrense RS,2026-10-07T22:30:00+00:00,11.2729,soccer.total_goals,period=ft,under,total=4.5,1.11
2026-10-08T00:18:43.627715+02:00,36435228,Brasileiro Serie A,Brazil,Red Bull Bragantino SP,Mirassol FC SP,2026-10-07T22:30:00+00:00,11.2729,soccer.asian_handicap,period=ft,home,handicap=-0.75,1.95
2026-10-08T00:18:43.627715+02:00,36435228,Brasileiro Serie A,Brazil,Red Bull Bragantino SP,Mirassol FC SP,2026-10-07T22:30:00+00:00,11.2729,soccer.asian_handicap,period=ft,away,handicap=-0.75,1.93
2026-10-08T00:18:43.627715+02:00,36435228,Brasileiro Serie A,Brazil,Red Bull Bragantino SP,Mirassol FC SP,2026-10-07T22:30:00+00:00,11.2729,soccer.asian_handicap,period=ft,home,handicap=-1.75,3.75
2026-10-08T00:18:43.627715+02:00,36435228,Brasileiro Serie A,Brazil,Red Bull Bragantino SP,Mirassol FC SP,2026-10-07T22:30:00+00:00,11.2729,soccer.asian_handicap,period=ft,away,handicap=-1.75,1.28
2026-10-08T00:18:43.627715+02:00,36435228,Brasileiro Serie A,Brazil,Red Bull Bragantino SP,Mirassol FC SP,2026-10-07T22:30:00+00:00,11.2729,soccer.asian_handicap,period=ft,home,handicap=-1.5,3.0
2026-10-08T00:18:43.627715+02:00,36435228,Brasileiro Serie A,Brazil,Red Bull Bragantino SP,Mirassol FC SP,2026-10-07T22:30:00+00:00,11.2729,soccer.asian_handicap,period=ft,away,handicap=-1.5,1.4
2026-10-08T00:18:43.627715+02:00,36435228,Brasileiro Serie A,Brazil,Red Bull Bragantino SP,Mirassol FC SP,2026-10-07T22:30:00+00:00,11.2729,soccer.asian_handicap,period=ft,home,handicap=-1.25,2.65
2026-10-08T00:18:43.627715+02:00,36435228,Brasileiro Serie A,Brazil,Red Bull Bragantino SP,Mirassol FC SP,2026-10-07T22:30:00+00:00,11.2729,soccer.asian_handicap,period=ft,away,handicap=-1.25,1.5
2026-10-08T00:18:43.627715+02:00,36435228,Brasileiro Serie A,Brazil,Red Bull Bragantino SP,Mirassol FC SP,2026-10-07T22:30:00+00:00,11.2729,soccer.asian_handicap,period=ft,home,handicap=-1,2.3
2026-10-08T00:18:43.627715+02:00,36435228,Brasileiro Serie A,Brazil,Red Bull Bragantino SP,Mirassol FC SP,2026-10-07T22:30:00+00:00,11.2729,soccer.asian_handicap,period=ft,away,handicap=-1,1.64
2026-10-08T00:18:43.627715+02:00,36435228,Brasileiro Serie A,Brazil,Red Bull Bragantino SP,Mirassol FC SP,2026-10-07T22:30:00+00:00,11.2729,soccer.asian_handicap,period=ft,home,handicap=-0.5,1.72
2026-10-08T00:18:43.627715+02:00,36435228,Brasileiro Serie A,Brazil,Red Bull Bragantino SP,Mirassol FC SP,2026-10-07T22:30:00+00:00,11.2729,soccer.asian_handicap,period=ft,away,handicap=-0.5,2.17
2026-10-08T00:18:43.627715+02:00,36435228,Brasileiro Serie A,Brazil,Red Bull Bragantino SP,Mirassol FC SP,2026-10-07T22:30:00+00:00,11.2729,soccer.asian_handicap,period=ft,home,handicap=-0.25,1.51
2026-10-08T00:18:43.627715+02:00,36435228,Brasileiro Serie A,Brazil,Red Bull Bragantino SP,Mirassol FC SP,2026-10-07T22:30:00+00:00,11.2729,soccer.asian_handicap,period=ft,away,handicap=-0.25,2.6
2026-10-08T00:18:43.627715+02:00,36435228,Brasileiro Serie A,Brazil,Red Bull Bragantino SP,Mirassol FC SP,2026-10-07T22:30:00+00:00,11.2729,soccer.asian_handicap,period=ft,home,handicap=0,1.3
2026-10-08T00:18:43.627715+02:00,36435228,Brasileiro Serie A,Brazil,Red Bull Bragantino SP,Mirassol FC SP,2026-10-07T22:30:00+00:00,11.2729,soccer.asian_handicap,period=ft,away,handicap=0,3.6
2026-10-08T00:18:43.627715+02:00,36435228,Brasileiro Serie A,Brazil,Red Bull Bragantino SP,Mirassol FC SP,2026-10-07T22:30:00+00:00,11.2729,soccer.asian_handicap,period=ft,home,handicap=0.25,1.24
2026-10-08T00:18:43.627715+02:00,36435228,Brasileiro Serie A,Brazil,Red Bull Bragantino SP,Mirassol FC SP,2026-10-07T22:30:00+00:00,11.2729,soccer.asian_handicap,period=ft,away,handicap=0.25,4.15
2026-10-08T00:18:43.627715+02:00,36435228,Brasileiro Serie A,Brazil,Red Bull Bragantino SP,Mirassol FC SP,2026-10-07T22:30:00+00:00,11.2729,soccer.double_chance,period=ft,draw_away,,2.15
2026-10-08T00:18:43.627715+02:00,36435228,Brasileiro Serie A,Brazil,Red Bull Bragantino SP,Mirassol FC SP,2026-10-07T22:30:00+00:00,11.2729,soccer.double_chance,period=ft,home_away,,1.27
2026-10-08T00:18:43.627715+02:00,36435228,Brasileiro Serie A,Brazil,Red Bull Bragantino SP,Mirassol FC SP,2026-10-07T22:30:00+00:00,11.2729,soccer.double_chance,period=ft,home_draw,,1.2
2026-10-08T00:18:43.627715+02:00,36435228,Brasileiro Serie A,Brazil,Red Bull Bragantino SP,Mirassol FC SP,2026-10-07T22:30:00+00:00,11.2729,soccer.match_odds,period=ft,home,,1.73
2026-10-08T00:18:43.627715+02:00,36435228,Brasileiro Serie A,Brazil,Red Bull Bragantino SP,Mirassol FC SP,2026-10-07T22:30:00+00:00,11.2729,soccer.match_odds,period=ft,draw,,3.9
2026-10-08T00:18:43.627715+02:00,36435228,Brasileiro Serie A,Brazil,Red Bull Bragantino SP,Mirassol FC SP,2026-10-07T22:30:00+00:00,11.2729,soccer.match_odds,period=ft,away,,4.8
2026-10-08T00:18:43.627715+02:00,36435228,Brasileiro Serie A,Brazil,Red Bull Bragantino SP,Mirassol FC SP,2026-10-07T22:30:00+00:00,11.2729,soccer.total_goals,period=ft,over,total=2.75,1.89
2026-10-08T00:18:43.627715+02:00,36435228,Brasileiro Serie A,Brazil,Red Bull Bragantino SP,Mirassol FC SP,2026-10-07T22:30:00+00:00,11.2729,soccer.total_goals,period=ft,under,total=2.75,1.98
2026-10-08T00:18:43.627715+02:00,36435228,Brasileiro Serie A,Brazil,Red Bull Bragantino SP,Mirassol FC SP,2026-10-07T22:30:00+00:00,11.2729,soccer.total_goals,period=ft,over,total=1.5,1.21
2026-10-08T00:18:43.627715+02:00,36435228,Brasileiro Serie A,Brazil,Red Bull Bragantino SP,Mirassol FC SP,2026-10-07T22:30:00+00:00,11.2729,soccer.total_goals,period=ft,under,total=1.5,4.45
2026-10-08T00:18:43.627715+02:00,36435228,Brasileiro Serie A,Brazil,Red Bull Bragantino SP,Mirassol FC SP,2026-10-07T22:30:00+00:00,11.2729,soccer.total_goals,period=ft,over,total=2.25,1.5
2026-10-08T00:18:43.627715+02:00,36435228,Brasileiro Serie A,Brazil,Red Bull Bragantino SP,Mirassol FC SP,2026-10-07T22:30:00+00:00,11.2729,soccer.total_goals,period=ft,under,total=2.25,2.6
2026-10-08T00:18:43.627715+02:00,36435228,Brasileiro Serie A,Brazil,Red Bull Bragantino SP,Mirassol FC SP,2026-10-07T22:30:00+00:00,11.2729,soccer.total_goals,period=ft,over,total=2.5,1.69
2026-10-08T00:18:43.627715+02:00,36435228,Brasileiro Serie A,Brazil,Red Bull Bragantino SP,Mirassol FC SP,2026-10-07T22:30:00+00:00,11.2729,soccer.total_goals,period=ft,under,total=2.5,2.2
2026-10-08T00:18:43.627715+02:00,36435228,Brasileiro Serie A,Brazil,Red Bull Bragantino SP,Mirassol FC SP,2026-10-07T22:30:00+00:00,11.2729,soccer.total_goals,period=ft,over,total=3,2.16
2026-10-08T00:18:43.627715+02:00,36435228,Brasileiro Serie A,Brazil,Red Bull Bragantino SP,Mirassol FC SP,2026-10-07T22:30:00+00:00,11.2729,soccer.total_goals,period=ft,under,total=3,1.71
2026-10-08T00:18:43.627715+02:00,36435228,Brasileiro Serie A,Brazil,Red Bull Bragantino SP,Mirassol FC SP,2026-10-07T22:30:00+00:00,11.2729,soccer.total_goals,period=ft,over,total=3.25,2.45
2026-10-08T00:18:43.627715+02:00,36435228,Brasileiro Serie A,Brazil,Red Bull Bragantino SP,Mirassol FC SP,2026-10-07T22:30:00+00:00,11.2729,soccer.total_goals,period=ft,under,total=3.25,1.56
2026-10-08T00:18:43.627715+02:00,36435228,Brasileiro Serie A,Brazil,Red Bull Bragantino SP,Mirassol FC SP,2026-10-07T22:30:00+00:00,11.2729,soccer.total_goals,period=ft,over,total=3.5,2.75
2026-10-08T00:18:43.627715+02:00,36435228,Brasileiro Serie A,Brazil,Red Bull Bragantino SP,Mirassol FC SP,2026-10-07T22:30:00+00:00,11.2729,soccer.total_goals,period=ft,under,total=3.5,1.45
2026-10-08T00:18:43.627715+02:00,36435228,Brasileiro Serie A,Brazil,Red Bull Bragantino SP,Mirassol FC SP,2026-10-07T22:30:00+00:00,11.2729,soccer.total_goals,period=ft,over,total=4.5,5.25
2026-10-08T00:18:43.627715+02:00,36435228,Brasileiro Serie A,Brazil,Red Bull Bragantino SP,Mirassol FC SP,2026-10-07T22:30:00+00:00,11.2729,soccer.total_goals,period=ft,under,total=4.5,1.16
2026-10-08T00:18:43.627715+02:00,36435230,Brasileiro Serie A,Brazil,SC Internacional RS,SC Corinthians SP,2026-10-07T22:30:00+00:00,11.2729,soccer.asian_handicap,period=ft,home,handicap=-0.25,2.09
2026-10-08T00:18:43.627715+02:00,36435230,Brasileiro Serie A,Brazil,SC Internacional RS,SC Corinthians SP,2026-10-07T22:30:00+00:00,11.2729,soccer.asian_handicap,period=ft,away,handicap=-0.25,1.8
2026-10-08T00:18:43.627715+02:00,36435230,Brasileiro Serie A,Brazil,SC Internacional RS,SC Corinthians SP,2026-10-07T22:30:00+00:00,11.2729,soccer.asian_handicap,period=ft,home,handicap=-1.25,4.75
2026-10-08T00:18:43.627715+02:00,36435230,Brasileiro Serie A,Brazil,SC Internacional RS,SC Corinthians SP,2026-10-07T22:30:00+00:00,11.2729,soccer.asian_handicap,period=ft,away,handicap=-1.25,1.19
2026-10-08T00:18:43.627715+02:00,36435230,Brasileiro Serie A,Brazil,SC Internacional RS,SC Corinthians SP,2026-10-07T22:30:00+00:00,11.2729,soccer.asian_handicap,period=ft,home,handicap=-1,4.2
2026-10-08T00:18:43.627715+02:00,36435230,Brasileiro Serie A,Brazil,SC Internacional RS,SC Corinthians SP,2026-10-07T22:30:00+00:00,11.2729,soccer.asian_handicap,period=ft,away,handicap=-1,1.23
2026-10-08T00:18:43.627715+02:00,36435230,Brasileiro Serie A,Brazil,SC Internacional RS,SC Corinthians SP,2026-10-07T22:30:00+00:00,11.2729,soccer.asian_handicap,period=ft,home,handicap=-0.75,3.0
2026-10-08T00:18:43.627715+02:00,36435230,Brasileiro Serie A,Brazil,SC Internacional RS,SC Corinthians SP,2026-10-07T22:30:00+00:00,11.2729,soccer.asian_handicap,period=ft,away,handicap=-0.75,1.4
2026-10-08T00:18:43.627715+02:00,36435230,Brasileiro Serie A,Brazil,SC Internacional RS,SC Corinthians SP,2026-10-07T22:30:00+00:00,11.2729,soccer.asian_handicap,period=ft,home,handicap=-0.5,2.45
2026-10-08T00:18:43.627715+02:00,36435230,Brasileiro Serie A,Brazil,SC Internacional RS,SC Corinthians SP,2026-10-07T22:30:00+00:00,11.2729,soccer.asian_handicap,period=ft,away,handicap=-0.5,1.57
2026-10-08T00:18:43.627715+02:00,36435230,Brasileiro Serie A,Brazil,SC Internacional RS,SC Corinthians SP,2026-10-07T22:30:00+00:00,11.2729,soccer.asian_handicap,period=ft,home,handicap=0,1.68
2026-10-08T00:18:43.627715+02:00,36435230,Brasileiro Serie A,Brazil,SC Internacional RS,SC Corinthians SP,2026-10-07T22:30:00+00:00,11.2729,soccer.asian_handicap,period=ft,away,handicap=0,2.2
2026-10-08T00:18:43.627715+02:00,36435230,Brasileiro Serie A,Brazil,SC Internacional RS,SC Corinthians SP,2026-10-07T22:30:00+00:00,11.2729,soccer.asian_handicap,period=ft,home,handicap=0.25,1.47
2026-10-08T00:18:43.627715+02:00,36435230,Brasileiro Serie A,Brazil,SC Internacional RS,SC Corinthians SP,2026-10-07T22:30:00+00:00,11.2729,soccer.asian_handicap,period=ft,away,handicap=0.25,2.75
2026-10-08T00:18:43.627715+02:00,36435230,Brasileiro Serie A,Brazil,SC Internacional RS,SC Corinthians SP,2026-10-07T22:30:00+00:00,11.2729,soccer.asian_handicap,period=ft,home,handicap=0.5,1.35
2026-10-08T00:18:43.627715+02:00,36435230,Brasileiro Serie A,Brazil,SC Internacional RS,SC Corinthians SP,2026-10-07T22:30:00+00:00,11.2729,soccer.asian_handicap,period=ft,away,handicap=0.5,3.2
2026-10-08T00:18:43.627715+02:00,36435230,Brasileiro Serie A,Brazil,SC Internacional RS,SC Corinthians SP,2026-10-07T22:30:00+00:00,11.2729,soccer.asian_handicap,period=ft,home,handicap=0.75,1.23
2026-10-08T00:18:43.627715+02:00,36435230,Brasileiro Serie A,Brazil,SC Internacional RS,SC Corinthians SP,2026-10-07T22:30:00+00:00,11.2729,soccer.asian_handicap,period=ft,away,handicap=0.75,4.25
2026-10-08T00:18:43.627715+02:00,36435230,Brasileiro Serie A,Brazil,SC Internacional RS,SC Corinthians SP,2026-10-07T22:30:00+00:00,11.2729,soccer.double_chance,period=ft,draw_away,,1.57
2026-10-08T00:18:43.627715+02:00,36435230,Brasileiro Serie A,Brazil,SC Internacional RS,SC Corinthians SP,2026-10-07T22:30:00+00:00,11.2729,soccer.double_chance,period=ft,home_away,,1.39
2026-10-08T00:18:43.627715+02:00,36435230,Brasileiro Serie A,Brazil,SC Internacional RS,SC Corinthians SP,2026-10-07T22:30:00+00:00,11.2729,soccer.double_chance,period=ft,home_draw,,1.36
2026-10-08T00:18:43.627715+02:00,36435230,Brasileiro Serie A,Brazil,SC Internacional RS,SC Corinthians SP,2026-10-07T22:30:00+00:00,11.2729,soccer.match_odds,period=ft,home,,2.45
2026-10-08T00:18:43.627715+02:00,36435230,Brasileiro Serie A,Brazil,SC Internacional RS,SC Corinthians SP,2026-10-07T22:30:00+00:00,11.2729,soccer.match_odds,period=ft,draw,,3.0
2026-10-08T00:18:43.627715+02:00,36435230,Brasileiro Serie A,Brazil,SC Internacional RS,SC Corinthians SP,2026-10-07T22:30:00+00:00,11.2729,soccer.match_odds,period=ft,away,,3.25
2026-10-08T00:18:43.627715+02:00,36435230,Brasileiro Serie A,Brazil,SC Internacional RS,SC Corinthians SP,2026-10-07T22:30:00+00:00,11.2729,soccer.total_goals,period=ft,over,total=2,1.88
2026-10-08T00:18:43.627715+02:00,36435230,Brasileiro Serie A,Brazil,SC Internacional RS,SC Corinthians SP,2026-10-07T22:30:00+00:00,11.2729,soccer.total_goals,period=ft,under,total=2,1.98
2026-10-08T00:18:43.627715+02:00,36435230,Brasileiro Serie A,Brazil,SC Internacional RS,SC Corinthians SP,2026-10-07T22:30:00+00:00,11.2729,soccer.total_goals,period=ft,over,total=0.5,1.1
2026-10-08T00:18:43.627715+02:00,36435230,Brasileiro Serie A,Brazil,SC Internacional RS,SC Corinthians SP,2026-10-07T22:30:00+00:00,11.2729,soccer.total_goals,period=ft,under,total=0.5,7.0
2026-10-08T00:18:43.627715+02:00,36435230,Brasileiro Serie A,Brazil,SC Internacional RS,SC Corinthians SP,2026-10-07T22:30:00+00:00,11.2729,soccer.total_goals,period=ft,over,total=1.5,1.49
2026-10-08T00:18:43.627715+02:00,36435230,Brasileiro Serie A,Brazil,SC Internacional RS,SC Corinthians SP,2026-10-07T22:30:00+00:00,11.2729,soccer.total_goals,period=ft,under,total=1.5,2.65
2026-10-08T00:18:43.627715+02:00,36435230,Brasileiro Serie A,Brazil,SC Internacional RS,SC Corinthians SP,2026-10-07T22:30:00+00:00,11.2729,soccer.total_goals,period=ft,over,total=1.75,1.63
2026-10-08T00:18:43.627715+02:00,36435230,Brasileiro Serie A,Brazil,SC Internacional RS,SC Corinthians SP,2026-10-07T22:30:00+00:00,11.2729,soccer.total_goals,period=ft,under,total=1.75,2.3
2026-10-08T00:18:43.627715+02:00,36435230,Brasileiro Serie A,Brazil,SC Internacional RS,SC Corinthians SP,2026-10-07T22:30:00+00:00,11.2729,soccer.total_goals,period=ft,over,total=2.25,2.19
2026-10-08T00:18:43.627715+02:00,36435230,Brasileiro Serie A,Brazil,SC Internacional RS,SC Corinthians SP,2026-10-07T22:30:00+00:00,11.2729,soccer.total_goals,period=ft,under,total=2.25,1.69
2026-10-08T00:18:43.627715+02:00,36435230,Brasileiro Serie A,Brazil,SC Internacional RS,SC Corinthians SP,2026-10-07T22:30:00+00:00,11.2729,soccer.total_goals,period=ft,over,total=2.5,2.5
2026-10-08T00:18:43.627715+02:00,36435230,Brasileiro Serie A,Brazil,SC Internacional RS,SC Corinthians SP,2026-10-07T22:30:00+00:00,11.2729,soccer.total_goals,period=ft,under,total=2.5,1.54
2026-10-08T00:18:43.627715+02:00,36435230,Brasileiro Serie A,Brazil,SC Internacional RS,SC Corinthians SP,2026-10-07T22:30:00+00:00,11.2729,soccer.total_goals,period=ft,over,total=3.5,4.75
2026-10-08T00:18:43.627715+02:00,36435230,Brasileiro Serie A,Brazil,SC Internacional RS,SC Corinthians SP,2026-10-07T22:30:00+00:00,11.2729,soccer.total_goals,period=ft,under,total=3.5,1.19
2026-10-08T00:18:43.627715+02:00,36435231,Brasileiro Serie A,Brazil,EC Vitoria BA,Chapecoense SC,2026-10-07T23:00:00+00:00,41.2729,soccer.asian_handicap,period=ft,home,handicap=-1,2.02
2026-10-08T00:18:43.627715+02:00,36435231,Brasileiro Serie A,Brazil,EC Vitoria BA,Chapecoense SC,2026-10-07T23:00:00+00:00,41.2729,soccer.asian_handicap,period=ft,away,handicap=-1,1.85
2026-10-08T00:18:43.627715+02:00,36435231,Brasileiro Serie A,Brazil,EC Vitoria BA,Chapecoense SC,2026-10-07T23:00:00+00:00,41.2729,soccer.asian_handicap,period=ft,home,handicap=-2,4.65
2026-10-08T00:18:43.627715+02:00,36435231,Brasileiro Serie A,Brazil,EC Vitoria BA,Chapecoense SC,2026-10-07T23:00:00+00:00,41.2729,soccer.asian_handicap,period=ft,away,handicap=-2,1.2
2026-10-08T00:18:43.627715+02:00,36435231,Brasileiro Serie A,Brazil,EC Vitoria BA,Chapecoense SC,2026-10-07T23:00:00+00:00,41.2729,soccer.asian_handicap,period=ft,home,handicap=-1.75,3.3
2026-10-08T00:18:43.627715+02:00,36435231,Brasileiro Serie A,Brazil,EC Vitoria BA,Chapecoense SC,2026-10-07T23:00:00+00:00,41.2729,soccer.asian_handicap,period=ft,away,handicap=-1.75,1.34
2026-10-08T00:18:43.627715+02:00,36435231,Brasileiro Serie A,Brazil,EC Vitoria BA,Chapecoense SC,2026-10-07T23:00:00+00:00,41.2729,soccer.asian_handicap,period=ft,home,handicap=-1.5,2.7
2026-10-08T00:18:43.627715+02:00,36435231,Brasileiro Serie A,Brazil,EC Vitoria BA,Chapecoense SC,2026-10-07T23:00:00+00:00,41.2729,soccer.asian_handicap,period=ft,away,handicap=-1.5,1.49
2026-10-08T00:18:43.627715+02:00,36435231,Brasileiro Serie A,Brazil,EC Vitoria BA,Chapecoense SC,2026-10-07T23:00:00+00:00,41.2729,soccer.asian_handicap,period=ft,home,handicap=-1.25,2.35
2026-10-08T00:18:43.627715+02:00,36435231,Brasileiro Serie A,Brazil,EC Vitoria BA,Chapecoense SC,2026-10-07T23:00:00+00:00,41.2729,soccer.asian_handicap,period=ft,away,handicap=-1.25,1.62
2026-10-08T00:18:43.627715+02:00,36435231,Brasileiro Serie A,Brazil,EC Vitoria BA,Chapecoense SC,2026-10-07T23:00:00+00:00,41.2729,soccer.asian_handicap,period=ft,home,handicap=-0.75,1.73
2026-10-08T00:18:43.627715+02:00,36435231,Brasileiro Serie A,Brazil,EC Vitoria BA,Chapecoense SC,2026-10-07T23:00:00+00:00,41.2729,soccer.asian_handicap,period=ft,away,handicap=-0.75,2.15
2026-10-08T00:18:43.627715+02:00,36435231,Brasileiro Serie A,Brazil,EC Vitoria BA,Chapecoense SC,2026-10-07T23:00:00+00:00,41.2729,soccer.asian_handicap,period=ft,home,handicap=-0.5,1.57
2026-10-08T00:18:43.627715+02:00,36435231,Brasileiro Serie A,Brazil,EC Vitoria BA,Chapecoense SC,2026-10-07T23:00:00+00:00,41.2729,soccer.asian_handicap,period=ft,away,handicap=-0.5,2.45
2026-10-08T00:18:43.627715+02:00,36435231,Brasileiro Serie A,Brazil,EC Vitoria BA,Chapecoense SC,2026-10-07T23:00:00+00:00,41.2729,soccer.asian_handicap,period=ft,home,handicap=-0.25,1.38
2026-10-08T00:18:43.627715+02:00,36435231,Brasileiro Serie A,Brazil,EC Vitoria BA,Chapecoense SC,2026-10-07T23:00:00+00:00,41.2729,soccer.asian_handicap,period=ft,away,handicap=-0.25,3.05
2026-10-08T00:18:43.627715+02:00,36435231,Brasileiro Serie A,Brazil,EC Vitoria BA,Chapecoense SC,2026-10-07T23:00:00+00:00,41.2729,soccer.asian_handicap,period=ft,home,handicap=0,1.21
2026-10-08T00:18:43.627715+02:00,36435231,Brasileiro Serie A,Brazil,EC Vitoria BA,Chapecoense SC,2026-10-07T23:00:00+00:00,41.2729,soccer.asian_handicap,period=ft,away,handicap=0,4.55
2026-10-08T00:18:43.627715+02:00,36435231,Brasileiro Serie A,Brazil,EC Vitoria BA,Chapecoense SC,2026-10-07T23:00:00+00:00,41.2729,soccer.double_chance,period=ft,draw_away,,2.45
2026-10-08T00:18:43.627715+02:00,36435231,Brasileiro Serie A,Brazil,EC Vitoria BA,Chapecoense SC,2026-10-07T23:00:00+00:00,41.2729,soccer.double_chance,period=ft,home_away,,1.24
2026-10-08T00:18:43.627715+02:00,36435231,Brasileiro Serie A,Brazil,EC Vitoria BA,Chapecoense SC,2026-10-07T23:00:00+00:00,41.2729,soccer.double_chance,period=ft,home_draw,,1.14
2026-10-08T00:18:43.627715+02:00,36435231,Brasileiro Serie A,Brazil,EC Vitoria BA,Chapecoense SC,2026-10-07T23:00:00+00:00,41.2729,soccer.match_odds,period=ft,home,,1.57
2026-10-08T00:18:43.627715+02:00,36435231,Brasileiro Serie A,Brazil,EC Vitoria BA,Chapecoense SC,2026-10-07T23:00:00+00:00,41.2729,soccer.match_odds,period=ft,draw,,4.15
2026-10-08T00:18:43.627715+02:00,36435231,Brasileiro Serie A,Brazil,EC Vitoria BA,Chapecoense SC,2026-10-07T23:00:00+00:00,41.2729,soccer.match_odds,period=ft,away,,5.95
2026-10-08T00:18:43.627715+02:00,36435231,Brasileiro Serie A,Brazil,EC Vitoria BA,Chapecoense SC,2026-10-07T23:00:00+00:00,41.2729,soccer.total_goals,period=ft,over,total=2.5,1.86
2026-10-08T00:18:43.627715+02:00,36435231,Brasileiro Serie A,Brazil,EC Vitoria BA,Chapecoense SC,2026-10-07T23:00:00+00:00,41.2729,soccer.total_goals,period=ft,under,total=2.5,2.01
2026-10-08T00:18:43.627715+02:00,36435231,Brasileiro Serie A,Brazil,EC Vitoria BA,Chapecoense SC,2026-10-07T23:00:00+00:00,41.2729,soccer.total_goals,period=ft,over,total=1.5,1.26
2026-10-08T00:18:43.627715+02:00,36435231,Brasileiro Serie A,Brazil,EC Vitoria BA,Chapecoense SC,2026-10-07T23:00:00+00:00,41.2729,soccer.total_goals,period=ft,under,total=1.5,3.85
2026-10-08T00:18:43.627715+02:00,36435231,Brasileiro Serie A,Brazil,EC Vitoria BA,Chapecoense SC,2026-10-07T23:00:00+00:00,41.2729,soccer.total_goals,period=ft,over,total=2,1.4
2026-10-08T00:18:43.627715+02:00,36435231,Brasileiro Serie A,Brazil,EC Vitoria BA,Chapecoense SC,2026-10-07T23:00:00+00:00,41.2729,soccer.total_goals,period=ft,under,total=2,3.0
2026-10-08T00:18:43.627715+02:00,36435231,Brasileiro Serie A,Brazil,EC Vitoria BA,Chapecoense SC,2026-10-07T23:00:00+00:00,41.2729,soccer.total_goals,period=ft,over,total=2.25,1.62
2026-10-08T00:18:43.627715+02:00,36435231,Brasileiro Serie A,Brazil,EC Vitoria BA,Chapecoense SC,2026-10-07T23:00:00+00:00,41.2729,soccer.total_goals,period=ft,under,total=2.25,2.3
2026-10-08T00:18:43.627715+02:00,36435231,Brasileiro Serie A,Brazil,EC Vitoria BA,Chapecoense SC,2026-10-07T23:00:00+00:00,41.2729,soccer.total_goals,period=ft,over,total=2.75,2.07
2026-10-08T00:18:43.627715+02:00,36435231,Brasileiro Serie A,Brazil,EC Vitoria BA,Chapecoense SC,2026-10-07T23:00:00+00:00,41.2729,soccer.total_goals,period=ft,under,total=2.75,1.77
2026-10-08T00:18:43.627715+02:00,36435231,Brasileiro Serie A,Brazil,EC Vitoria BA,Chapecoense SC,2026-10-07T23:00:00+00:00,41.2729,soccer.total_goals,period=ft,over,total=3,2.45
2026-10-08T00:18:43.627715+02:00,36435231,Brasileiro Serie A,Brazil,EC Vitoria BA,Chapecoense SC,2026-10-07T23:00:00+00:00,41.2729,soccer.total_goals,period=ft,under,total=3,1.55
2026-10-08T00:18:43.627715+02:00,36435231,Brasileiro Serie A,Brazil,EC Vitoria BA,Chapecoense SC,2026-10-07T23:00:00+00:00,41.2729,soccer.total_goals,period=ft,over,total=3.5,3.1
2026-10-08T00:18:43.627715+02:00,36435231,Brasileiro Serie A,Brazil,EC Vitoria BA,Chapecoense SC,2026-10-07T23:00:00+00:00,41.2729,soccer.total_goals,period=ft,under,total=3.5,1.37
2026-10-08T00:18:43.627715+02:00,36435231,Brasileiro Serie A,Brazil,EC Vitoria BA,Chapecoense SC,2026-10-07T23:00:00+00:00,41.2729,soccer.total_goals,period=ft,over,total=4.5,6.15
2026-10-08T00:18:43.627715+02:00,36435231,Brasileiro Serie A,Brazil,EC Vitoria BA,Chapecoense SC,2026-10-07T23:00:00+00:00,41.2729,soccer.total_goals,period=ft,under,total=4.5,1.13
2026-10-08T00:18:43.627715+02:00,36435232,Brasileiro Serie A,Brazil,Botafogo FR RJ,CR Vasco da Gama RJ,2026-10-07T23:30:00+00:00,71.2729,soccer.asian_handicap,period=ft,home,handicap=0.25,1.89
2026-10-08T00:18:43.627715+02:00,36435232,Brasileiro Serie A,Brazil,Botafogo FR RJ,CR Vasco da Gama RJ,2026-10-07T23:30:00+00:00,71.2729,soccer.asian_handicap,period=ft,away,handicap=0.25,1.99
2026-10-08T00:18:43.627715+02:00,36435232,Brasileiro Serie A,Brazil,Botafogo FR RJ,CR Vasco da Gama RJ,2026-10-07T23:30:00+00:00,71.2729,soccer.asian_handicap,period=ft,home,handicap=-0.75,3.75
2026-10-08T00:18:43.627715+02:00,36435232,Brasileiro Serie A,Brazil,Botafogo FR RJ,CR Vasco da Gama RJ,2026-10-07T23:30:00+00:00,71.2729,soccer.asian_handicap,period=ft,away,handicap=-0.75,1.28
2026-10-08T00:18:43.627715+02:00,36435232,Brasileiro Serie A,Brazil,Botafogo FR RJ,CR Vasco da Gama RJ,2026-10-07T23:30:00+00:00,71.2729,soccer.asian_handicap,period=ft,home,handicap=-0.5,3.0
2026-10-08T00:18:43.627715+02:00,36435232,Brasileiro Serie A,Brazil,Botafogo FR RJ,CR Vasco da Gama RJ,2026-10-07T23:30:00+00:00,71.2729,soccer.asian_handicap,period=ft,away,handicap=-0.5,1.4
2026-10-08T00:18:43.627715+02:00,36435232,Brasileiro Serie A,Brazil,Botafogo FR RJ,CR Vasco da Gama RJ,2026-10-07T23:30:00+00:00,71.2729,soccer.asian_handicap,period=ft,home,handicap=-0.25,2.65
2026-10-08T00:18:43.627715+02:00,36435232,Brasileiro Serie A,Brazil,Botafogo FR RJ,CR Vasco da Gama RJ,2026-10-07T23:30:00+00:00,71.2729,soccer.asian_handicap,period=ft,away,handicap=-0.25,1.5
2026-10-08T00:18:43.627715+02:00,36435232,Brasileiro Serie A,Brazil,Botafogo FR RJ,CR Vasco da Gama RJ,2026-10-07T23:30:00+00:00,71.2729,soccer.asian_handicap,period=ft,home,handicap=0,2.25
2026-10-08T00:18:43.627715+02:00,36435232,Brasileiro Serie A,Brazil,Botafogo FR RJ,CR Vasco da Gama RJ,2026-10-07T23:30:00+00:00,71.2729,soccer.asian_handicap,period=ft,away,handicap=0,1.67
2026-10-08T00:18:43.627715+02:00,36435232,Brasileiro Serie A,Brazil,Botafogo FR RJ,CR Vasco da Gama RJ,2026-10-07T23:30:00+00:00,71.2729,soccer.asian_handicap,period=ft,home,handicap=0.5,1.67
2026-10-08T00:18:43.627715+02:00,36435232,Brasileiro Serie A,Brazil,Botafogo FR RJ,CR Vasco da Gama RJ,2026-10-07T23:30:00+00:00,71.2729,soccer.asian_handicap,period=ft,away,handicap=0.5,2.25
2026-10-08T00:18:43.627715+02:00,36435232,Brasileiro Serie A,Brazil,Botafogo FR RJ,CR Vasco da Gama RJ,2026-10-07T23:30:00+00:00,71.2729,soccer.asian_handicap,period=ft,home,handicap=0.75,1.49
2026-10-08T00:18:43.627715+02:00,36435232,Brasileiro Serie A,Brazil,Botafogo FR RJ,CR Vasco da Gama RJ,2026-10-07T23:30:00+00:00,71.2729,soccer.asian_handicap,period=ft,away,handicap=0.75,2.65
2026-10-08T00:18:43.627715+02:00,36435232,Brasileiro Serie A,Brazil,Botafogo FR RJ,CR Vasco da Gama RJ,2026-10-07T23:30:00+00:00,71.2729,soccer.asian_handicap,period=ft,home,handicap=1,1.31
2026-10-08T00:18:43.627715+02:00,36435232,Brasileiro Serie A,Brazil,Botafogo FR RJ,CR Vasco da Gama RJ,2026-10-07T23:30:00+00:00,71.2729,soccer.asian_handicap,period=ft,away,handicap=1,3.5
2026-10-08T00:18:43.627715+02:00,36435232,Brasileiro Serie A,Brazil,Botafogo FR RJ,CR Vasco da Gama RJ,2026-10-07T23:30:00+00:00,71.2729,soccer.asian_handicap,period=ft,home,handicap=1.25,1.26
2026-10-08T00:18:43.627715+02:00,36435232,Brasileiro Serie A,Brazil,Botafogo FR RJ,CR Vasco da Gama RJ,2026-10-07T23:30:00+00:00,71.2729,soccer.asian_handicap,period=ft,away,handicap=1.25,3.95
2026-10-08T00:18:43.627715+02:00,36435232,Brasileiro Serie A,Brazil,Botafogo FR RJ,CR Vasco da Gama RJ,2026-10-07T23:30:00+00:00,71.2729,soccer.double_chance,period=ft,draw_away,,1.4
2026-10-08T00:18:43.627715+02:00,36435232,Brasileiro Serie A,Brazil,Botafogo FR RJ,CR Vasco da Gama RJ,2026-10-07T23:30:00+00:00,71.2729,soccer.double_chance,period=ft,home_away,,1.3
2026-10-08T00:18:43.627715+02:00,36435232,Brasileiro Serie A,Brazil,Botafogo FR RJ,CR Vasco da Gama RJ,2026-10-07T23:30:00+00:00,71.2729,soccer.double_chance,period=ft,home_draw,,1.65
2026-10-08T00:18:43.627715+02:00,36435232,Brasileiro Serie A,Brazil,Botafogo FR RJ,CR Vasco da Gama RJ,2026-10-07T23:30:00+00:00,71.2729,soccer.match_odds,period=ft,home,,3.05
2026-10-08T00:18:43.627715+02:00,36435232,Brasileiro Serie A,Brazil,Botafogo FR RJ,CR Vasco da Gama RJ,2026-10-07T23:30:00+00:00,71.2729,soccer.match_odds,period=ft,draw,,3.65
2026-10-08T00:18:43.627715+02:00,36435232,Brasileiro Serie A,Brazil,Botafogo FR RJ,CR Vasco da Gama RJ,2026-10-07T23:30:00+00:00,71.2729,soccer.match_odds,period=ft,away,,2.25
2026-10-08T00:18:43.627715+02:00,36435232,Brasileiro Serie A,Brazil,Botafogo FR RJ,CR Vasco da Gama RJ,2026-10-07T23:30:00+00:00,71.2729,soccer.total_goals,period=ft,over,total=3,2.04
2026-10-08T00:18:43.627715+02:00,36435232,Brasileiro Serie A,Brazil,Botafogo FR RJ,CR Vasco da Gama RJ,2026-10-07T23:30:00+00:00,71.2729,soccer.total_goals,period=ft,under,total=3,1.82
2026-10-08T00:18:43.627715+02:00,36435232,Brasileiro Serie A,Brazil,Botafogo FR RJ,CR Vasco da Gama RJ,2026-10-07T23:30:00+00:00,71.2729,soccer.total_goals,period=ft,over,total=1.5,1.18
2026-10-08T00:18:43.627715+02:00,36435232,Brasileiro Serie A,Brazil,Botafogo FR RJ,CR Vasco da Gama RJ,2026-10-07T23:30:00+00:00,71.2729,soccer.total_goals,period=ft,under,total=1.5,4.85
2026-10-08T00:18:43.627715+02:00,36435232,Brasileiro Serie A,Brazil,Botafogo FR RJ,CR Vasco da Gama RJ,2026-10-07T23:30:00+00:00,71.2729,soccer.total_goals,period=ft,over,total=2.5,1.62
2026-10-08T00:18:43.627715+02:00,36435232,Brasileiro Serie A,Brazil,Botafogo FR RJ,CR Vasco da Gama RJ,2026-10-07T23:30:00+00:00,71.2729,soccer.total_goals,period=ft,under,total=2.5,2.3
2026-10-08T00:18:43.627715+02:00,36435232,Brasileiro Serie A,Brazil,Botafogo FR RJ,CR Vasco da Gama RJ,2026-10-07T23:30:00+00:00,71.2729,soccer.total_goals,period=ft,over,total=2.75,1.78
2026-10-08T00:18:43.627715+02:00,36435232,Brasileiro Serie A,Brazil,Botafogo FR RJ,CR Vasco da Gama RJ,2026-10-07T23:30:00+00:00,71.2729,soccer.total_goals,period=ft,under,total=2.75,2.06
2026-10-08T00:18:43.627715+02:00,36435232,Brasileiro Serie A,Brazil,Botafogo FR RJ,CR Vasco da Gama RJ,2026-10-07T23:30:00+00:00,71.2729,soccer.total_goals,period=ft,over,total=3.25,2.3
2026-10-08T00:18:43.627715+02:00,36435232,Brasileiro Serie A,Brazil,Botafogo FR RJ,CR Vasco da Gama RJ,2026-10-07T23:30:00+00:00,71.2729,soccer.total_goals,period=ft,under,total=3.25,1.63
2026-10-08T00:18:43.627715+02:00,36435232,Brasileiro Serie A,Brazil,Botafogo FR RJ,CR Vasco da Gama RJ,2026-10-07T23:30:00+00:00,71.2729,soccer.total_goals,period=ft,over,total=3.5,2.6
2026-10-08T00:18:43.627715+02:00,36435232,Brasileiro Serie A,Brazil,Botafogo FR RJ,CR Vasco da Gama RJ,2026-10-07T23:30:00+00:00,71.2729,soccer.total_goals,period=ft,under,total=3.5,1.51
2026-10-08T00:18:43.627715+02:00,36435232,Brasileiro Serie A,Brazil,Botafogo FR RJ,CR Vasco da Gama RJ,2026-10-07T23:30:00+00:00,71.2729,soccer.total_goals,period=ft,over,total=4.5,4.7
2026-10-08T00:18:43.627715+02:00,36435232,Brasileiro Serie A,Brazil,Botafogo FR RJ,CR Vasco da Gama RJ,2026-10-07T23:30:00+00:00,71.2729,soccer.total_goals,period=ft,under,total=4.5,1.19
