captured_at_local,event_id,competition,category,home_team,away_team,kickoff_utc,minutes_to_kickoff,market,submarket,outcome,params,price
2026-10-11T00:01:40.423177+02:00,36627825,"Primera Division, Clausura",Costa Rica,Puntarenas FC,Liga Deportiva Alajuelense,2026-10-10T23:00:00+00:00,58.3263,soccer.asian_handicap,period=ft,home,handicap=0.5,1.91
2026-10-11T00:01:40.423177+02:00,36627825,"Primera Division, Clausura",Costa Rica,Puntarenas FC,Liga Deportiva Alajuelense,2026-10-10T23:00:00+00:00,58.3263,soccer.asian_handicap,period=ft,away,handicap=0.5,1.89
2026-10-11T00:01:40.423177+02:00,36627825,"Primera Division, Clausura",Costa Rica,Puntarenas FC,Liga Deportiva Alajuelense,2026-10-10T23:00:00+00:00,58.3263,soccer.asian_handicap,period=ft,home,handicap=-0.5,3.75
2026-10-11T00:01:40.423177+02:00,36627825,"Primera Division, Clausura",Costa Rica,Puntarenas FC,Liga Deportiva Alajuelense,2026-10-10T23:00:00+00:00,58.3263,soccer.asian_handicap,period=ft,away,handicap=-0.5,1.25
2026-10-11T00:01:40.423177+02:00,36627825,"Primera Division, Clausura",Costa Rica,Puntarenas FC,Liga Deportiva Alajuelense,2026-10-10T23:00:00+00:00,58.3263,soccer.asian_handicap,period=ft,home,handicap=-0.25,3.3
2026-10-11T00:01:40.423177+02:00,36627825,"Primera Division, Clausura",Costa Rica,Puntarenas FC,Liga Deportiva Alajuelense,2026-10-10T23:00:00+00:00,58.3263,soccer.asian_handicap,period=ft,away,handicap=-0.25,1.31
2026-10-11T00:01:40.423177+02:00,36627825,"Primera Division, Clausura",Costa Rica,Puntarenas FC,Liga Deportiva Alajuelense,2026-10-10T23:00:00+00:00,58.3263,soccer.asian_handicap,period=ft,home,handicap=0,2.85
2026-10-11T00:01:40.423177+02:00,36627825,"Primera Division, Clausura",Costa Rica,Puntarenas FC,Liga Deportiva Alajuelense,2026-10-10T23:00:00+00:00,58.3263,soccer.asian_handicap,period=ft,away,handicap=0,1.41
2026-10-11T00:01:40.423177+02:00,36627825,"Primera Division, Clausura",Costa Rica,Puntarenas FC,Liga Deportiva Alajuelense,2026-10-10T23:00:00+00:00,58.3263,soccer.asian_handicap,period=ft,home,handicap=0.25,2.2
2026-10-11T00:01:40.423177+02:00,36627825,"Primera Division, Clausura",Costa Rica,Puntarenas FC,Liga Deportiva Alajuelense,2026-10-10T23:00:00+00:00,58.3263,soccer.asian_handicap,period=ft,away,handicap=0.25,1.65
2026-10-11T00:01:40.423177+02:00,36627825,"Primera Division, Clausura",Costa Rica,Puntarenas FC,Liga Deportiva Alajuelense,2026-10-10T23:00:00+00:00,58.3263,soccer.asian_handicap,period=ft,home,handicap=0.75,1.68
2026-10-11T00:01:40.423177+02:00,36627825,"Primera Division, Clausura",Costa Rica,Puntarenas FC,Liga Deportiva Alajuelense,2026-10-10T23:00:00+00:00,58.3263,soccer.asian_handicap,period=ft,away,handicap=0.75,2.17
2026-10-11T00:01:40.423177+02:00,36627825,"Primera Division, Clausura",Costa Rica,Puntarenas FC,Liga Deportiva Alajuelense,2026-10-10T23:00:00+00:00,58.3263,soccer.asian_handicap,period=ft,home,handicap=1,1.46
2026-10-11T00:01:40.423177+02:00,36627825,"Primera Division, Clausura",Costa Rica,Puntarenas FC,Liga Deportiva Alajuelense,2026-10-10T23:00:00+00:00,58.3263,soccer.asian_handicap,period=ft,away,handicap=1,2.65
2026-10-11T00:01:40.423177+02:00,36627825,"Primera Division, Clausura",Costa Rica,Puntarenas FC,Liga Deportiva Alajuelense,2026-10-10T23:00:00+00:00,58.3263,soccer.asian_handicap,period=ft,home,handicap=1.25,1.36
2026-10-11T00:01:40.423177+02:00,36627825,"Primera Division, Clausura",Costa Rica,Puntarenas FC,Liga Deportiva Alajuelense,2026-10-10T23:00:00+00:00,58.3263,soccer.asian_handicap,period=ft,away,handicap=1.25,3.05
2026-10-11T00:01:40.423177+02:00,36627825,"Primera Division, Clausura",Costa Rica,Puntarenas FC,Liga Deportiva Alajuelense,2026-10-10T23:00:00+00:00,58.3263,soccer.asian_handicap,period=ft,home,handicap=1.5,1.29
2026-10-11T00:01:40.423177+02:00,36627825,"Primera Division, Clausura",Costa Rica,Puntarenas FC,Liga Deportiva Alajuelense,2026-10-10T23:00:00+00:00,58.3263,soccer.asian_handicap,period=ft,away,handicap=1.5,3.4
2026-10-11T00:01:40.423177+02:00,36627825,"Primera Division, Clausura",Costa Rica,Puntarenas FC,Liga Deportiva Alajuelense,2026-10-10T23:00:00+00:00,58.3263,soccer.double_chance,period=ft,draw_away,,1.25
2026-10-11T00:01:40.423177+02:00,36627825,"Primera Division, Clausura",Costa Rica,Puntarenas FC,Liga Deportiva Alajuelense,2026-10-10T23:00:00+00:00,58.3263,soccer.double_chance,period=ft,home_away,,1.26
2026-10-11T00:01:40.423177+02:00,36627825,"Primera Division, Clausura",Costa Rica,Puntarenas FC,Liga Deportiva Alajuelense,2026-10-10T23:00:00+00:00,58.3263,soccer.double_chance,period=ft,home_draw,,1.89
2026-10-11T00:01:40.423177+02:00,36627825,"Primera Division, Clausura",Costa Rica,Puntarenas FC,Liga Deportiva Alajuelense,2026-10-10T23:00:00+00:00,58.3263,soccer.match_odds,period=ft,home,,3.8
2026-10-11T00:01:40.423177+02:00,36627825,"Primera Division, Clausura",Costa Rica,Puntarenas FC,Liga Deportiva Alajuelense,2026-10-10T23:00:00+00:00,58.3263,soccer.match_odds,period=ft,draw,,3.65
2026-10-11T00:01:40.423177+02:00,36627825,"Primera Division, Clausura",Costa Rica,Puntarenas FC,Liga Deportiva Alajuelense,2026-10-10T23:00:00+00:00,58.3263,soccer.match_odds,period=ft,away,,1.89
2026-10-11T00:01:40.423177+02:00,36627825,"Primera Division, Clausura",Costa Rica,Puntarenas FC,Liga Deportiva Alajuelense,2026-10-10T23:00:00+00:00,58.3263,soccer.total_goals,period=ft,over,total=2.75,1.98
2026-10-11T00:01:40.423177+02:00,36627825,"Primera Division, Clausura",Costa Rica,Puntarenas FC,Liga Deportiva Alajuelense,2026-10-10T23:00:00+00:00,58.3263,soccer.total_goals,period=ft,under,total=2.75,1.82
2026-10-11T00:01:40.423177+02:00,36627825,"Primera Division, Clausura",Costa Rica,Puntarenas FC,Liga Deportiva Alajuelense,2026-10-10T23:00:00+00:00,58.3263,soccer.total_goals,period=ft,over,total=1.5,1.22
2026-10-11T00:01:40.423177+02:00,36627825,"Primera Division, Clausura",Costa Rica,Puntarenas FC,Liga Deportiva Alajuelense,2026-10-10T23:00:00+00:00,58.3263,soccer.total_goals,period=ft,under,total=1.5,3.95
2026-10-11T00:01:40.423177+02:00,36627825,"Primera Division, Clausura",Costa Rica,Puntarenas FC,Liga Deportiva Alajuelense,2026-10-10T23:00:00+00:00,58.3263,soccer.total_goals,period=ft,over,total=2.25,1.55
2026-10-11T00:01:40.423177+02:00,36627825,"Primera Division, Clausura",Costa Rica,Puntarenas FC,Liga Deportiva Alajuelense,2026-10-10T23:00:00+00:00,58.3263,soccer.total_goals,period=ft,under,total=2.25,2.35
2026-10-11T00:01:40.423177+02:00,36627825,"Primera Division, Clausura",Costa Rica,Puntarenas FC,Liga Deportiva Alajuelense,2026-10-10T23:00:00+00:00,58.3263,soccer.total_goals,period=ft,over,total=2.5,1.76
2026-10-11T00:01:40.423177+02:00,36627825,"Primera Division, Clausura",Costa Rica,Puntarenas FC,Liga Deportiva Alajuelense,2026-10-10T23:00:00+00:00,58.3263,soccer.total_goals,period=ft,under,total=2.5,2.03
2026-10-11T00:01:40.423177+02:00,36627825,"Primera Division, Clausura",Costa Rica,Puntarenas FC,Liga Deportiva Alajuelense,2026-10-10T23:00:00+00:00,58.3263,soccer.total_goals,period=ft,over,total=3,2.3
2026-10-11T00:01:40.423177+02:00,36627825,"Primera Division, Clausura",Costa Rica,Puntarenas FC,Liga Deportiva Alajuelense,2026-10-10T23:00:00+00:00,58.3263,soccer.total_goals,period=ft,under,total=3,1.6
2026-10-11T00:01:40.423177+02:00,36627825,"Primera Division, Clausura",Costa Rica,Puntarenas FC,Liga Deportiva Alajuelense,2026-10-10T23:00:00+00:00,58.3263,soccer.total_goals,period=ft,over,total=3.25,2.6
2026-10-11T00:01:40.423177+02:00,36627825,"Primera Division, Clausura",Costa Rica,Puntarenas FC,Liga Deportiva Alajuelense,2026-10-10T23:00:00+00:00,58.3263,soccer.total_goals,period=ft,under,total=3.25,1.47
2026-10-11T00:01:40.423177+02:00,36627825,"Primera Division, Clausura",Costa Rica,Puntarenas FC,Liga Deportiva Alajuelense,2026-10-10T23:00:00+00:00,58.3263,soccer.total_goals,period=ft,over,total=3.5,2.85
2026-10-11T00:01:40.423177+02:00,36627825,"Primera Division, Clausura",Costa Rica,Puntarenas FC,Liga Deportiva Alajuelense,2026-10-10T23:00:00+00:00,58.3263,soccer.total_goals,period=ft,under,total=3.5,1.39
2026-10-11T00:01:40.423177+02:00,36627825,"Primera Division, Clausura",Costa Rica,Puntarenas FC,Liga Deportiva Alajuelense,2026-10-10T23:00:00+00:00,58.3263,soccer.total_goals,period=ft,over,total=4.5,5.3
2026-10-11T00:01:40.423177+02:00,36627825,"Primera Division, Clausura",Costa Rica,Puntarenas FC,Liga Deportiva Alajuelense,2026-10-10T23:00:00+00:00,58.3263,soccer.total_goals,period=ft,under,total=4.5,1.14
2026-10-11T00:01:40.423177+02:00,36726278,Mexico Liga TDP,Mexico,Club Deportivo Muxes,CD Halcones de Rayon,2026-10-10T23:00:00+00:00,58.3263,soccer.asian_handicap,period=ft,home,handicap=-2.25,1.95
2026-10-11T00:01:40.423177+02:00,36726278,Mexico Liga TDP,Mexico,Club Deportivo Muxes,CD Halcones de Rayon,2026-10-10T23:00:00+00:00,58.3263,soccer.asian_handicap,period=ft,away,handicap=-2.25,1.75
2026-10-11T00:01:40.423177+02:00,36726278,Mexico Liga TDP,Mexico,Club Deportivo Muxes,CD Halcones de Rayon,2026-10-10T23:00:00+00:00,58.3263,soccer.asian_handicap,period=ft,home,handicap=-3,2.85
2026-10-11T00:01:40.423177+02:00,36726278,Mexico Liga TDP,Mexico,Club Deportivo Muxes,CD Halcones de Rayon,2026-10-10T23:00:00+00:00,58.3263,soccer.asian_handicap,period=ft,away,handicap=-3,1.32
2026-10-11T00:01:40.423177+02:00,36726278,Mexico Liga TDP,Mexico,Club Deportivo Muxes,CD Halcones de Rayon,2026-10-10T23:00:00+00:00,58.3263,soccer.asian_handicap,period=ft,home,handicap=-2.75,2.35
2026-10-11T00:01:40.423177+02:00,36726278,Mexico Liga TDP,Mexico,Club Deportivo Muxes,CD Halcones de Rayon,2026-10-10T23:00:00+00:00,58.3263,soccer.asian_handicap,period=ft,away,handicap=-2.75,1.45
2026-10-11T00:01:40.423177+02:00,36726278,Mexico Liga TDP,Mexico,Club Deportivo Muxes,CD Halcones de Rayon,2026-10-10T23:00:00+00:00,58.3263,soccer.asian_handicap,period=ft,home,handicap=-2.5,2.12
2026-10-11T00:01:40.423177+02:00,36726278,Mexico Liga TDP,Mexico,Club Deportivo Muxes,CD Halcones de Rayon,2026-10-10T23:00:00+00:00,58.3263,soccer.asian_handicap,period=ft,away,handicap=-2.5,1.6
2026-10-11T00:01:40.423177+02:00,36726278,Mexico Liga TDP,Mexico,Club Deportivo Muxes,CD Halcones de Rayon,2026-10-10T23:00:00+00:00,58.3263,soccer.asian_handicap,period=ft,home,handicap=-2,1.72
2026-10-11T00:01:40.423177+02:00,36726278,Mexico Liga TDP,Mexico,Club Deportivo Muxes,CD Halcones de Rayon,2026-10-10T23:00:00+00:00,58.3263,soccer.asian_handicap,period=ft,away,handicap=-2,1.94
2026-10-11T00:01:40.423177+02:00,36726278,Mexico Liga TDP,Mexico,Club Deportivo Muxes,CD Halcones de Rayon,2026-10-10T23:00:00+00:00,58.3263,soccer.asian_handicap,period=ft,home,handicap=-1.75,1.57
2026-10-11T00:01:40.423177+02:00,36726278,Mexico Liga TDP,Mexico,Club Deportivo Muxes,CD Halcones de Rayon,2026-10-10T23:00:00+00:00,58.3263,soccer.asian_handicap,period=ft,away,handicap=-1.75,2.14
2026-10-11T00:01:40.423177+02:00,36726278,Mexico Liga TDP,Mexico,Club Deportivo Muxes,CD Halcones de Rayon,2026-10-10T23:00:00+00:00,58.3263,soccer.asian_handicap,period=ft,home,handicap=-1.5,1.47
2026-10-11T00:01:40.423177+02:00,36726278,Mexico Liga TDP,Mexico,Club Deportivo Muxes,CD Halcones de Rayon,2026-10-10T23:00:00+00:00,58.3263,soccer.asian_handicap,period=ft,away,handicap=-1.5,2.35
2026-10-11T00:01:40.423177+02:00,36726278,Mexico Liga TDP,Mexico,Club Deportivo Muxes,CD Halcones de Rayon,2026-10-10T23:00:00+00:00,58.3263,soccer.match_odds,period=ft,home,,1.17
2026-10-11T00:01:40.423177+02:00,36726278,Mexico Liga TDP,Mexico,Club Deportivo Muxes,CD Halcones de Rayon,2026-10-10T23:00:00+00:00,58.3263,soccer.match_odds,period=ft,draw,,6.7
2026-10-11T00:01:40.423177+02:00,36726278,Mexico Liga TDP,Mexico,Club Deportivo Muxes,CD Halcones de Rayon,2026-10-10T23:00:00+00:00,58.3263,soccer.match_odds,period=ft,away,,8.0
2026-10-11T00:01:40.423177+02:00,36726278,Mexico Liga TDP,Mexico,Club Deportivo Muxes,CD Halcones de Rayon,2026-10-10T23:00:00+00:00,58.3263,soccer.total_goals,period=ft,over,total=4,1.76
2026-10-11T00:01:40.423177+02:00,36726278,Mexico Liga TDP,Mexico,Club Deportivo Muxes,CD Halcones de Rayon,2026-10-10T23:00:00+00:00,58.3263,soccer.total_goals,period=ft,under,total=4,1.92
2026-10-11T00:01:40.423177+02:00,36726278,Mexico Liga TDP,Mexico,Club Deportivo Muxes,CD Halcones de Rayon,2026-10-10T23:00:00+00:00,58.3263,soccer.total_goals,period=ft,over,total=3.25,1.35
2026-10-11T00:01:40.423177+02:00,36726278,Mexico Liga TDP,Mexico,Club Deportivo Muxes,CD Halcones de Rayon,2026-10-10T23:00:00+00:00,58.3263,soccer.total_goals,period=ft,under,total=3.25,2.7
2026-10-11T00:01:40.423177+02:00,36726278,Mexico Liga TDP,Mexico,Club Deportivo Muxes,CD Halcones de Rayon,2026-10-10T23:00:00+00:00,58.3263,soccer.total_goals,period=ft,over,total=3.5,1.48
2026-10-11T00:01:40.423177+02:00,36726278,Mexico Liga TDP,Mexico,Club Deportivo Muxes,CD Halcones de Rayon,2026-10-10T23:00:00+00:00,58.3263,soccer.total_goals,period=ft,under,total=3.5,2.3
2026-10-11T00:01:40.423177+02:00,36726278,Mexico Liga TDP,Mexico,Club Deportivo Muxes,CD Halcones de Rayon,2026-10-10T23:00:00+00:00,58.3263,soccer.total_goals,period=ft,over,total=3.75,1.6
2026-10-11T00:01:40.423177+02:00,36726278,Mexico Liga TDP,Mexico,Club Deportivo Muxes,CD Halcones de Rayon,2026-10-10T23:00:00+00:00,58.3263,soccer.total_goals,period=ft,under,total=3.75,2.13
2026-10-11T00:01:40.423177+02:00,36726278,Mexico Liga TDP,Mexico,Club Deportivo Muxes,CD Halcones de Rayon,2026-10-10T23:00:00+00:00,58.3263,soccer.total_goals,period=ft,over,total=4.25,1.96
2026-10-11T00:01:40.423177+02:00,36726278,Mexico Liga TDP,Mexico,Club Deportivo Muxes,CD Halcones de Rayon,2026-10-10T23:00:00+00:00,58.3263,soccer.total_goals,period=ft,under,total=4.25,1.71
2026-10-11T00:01:40.423177+02:00,36726278,Mexico Liga TDP,Mexico,Club Deportivo Muxes,CD Halcones de Rayon,2026-10-10T23:00:00+00:00,58.3263,soccer.total_goals,period=ft,over,total=4.5,2.13
2026-10-11T00:01:40.423177+02:00,36726278,Mexico Liga TDP,Mexico,Club Deportivo Muxes,CD Halcones de Rayon,2026-10-10T23:00:00+00:00,58.3263,soccer.total_goals,period=ft,under,total=4.5,1.57
2026-10-11T00:01:40.423177+02:00,36726278,Mexico Liga TDP,Mexico,Club Deportivo Muxes,CD Halcones de Rayon,2026-10-10T23:00:00+00:00,58.3263,soccer.total_goals,period=ft,over,total=4.75,2.4
2026-10-11T00:01:40.423177+02:00,36726278,Mexico Liga TDP,Mexico,Club Deportivo Muxes,CD Halcones de Rayon,2026-10-10T23:00:00+00:00,58.3263,soccer.total_goals,period=ft,under,total=4.75,1.45
2026-10-11T00:01:40.423177+02:00,36726549,Liga Nacional. Apertura,Honduras,FC Motagua Tegucigalpa,Atletico Choloma,2026-10-10T23:15:00+00:00,73.3263,soccer.asian_handicap,period=ft,home,handicap=-3,0.0
2026-10-11T00:01:40.423177+02:00,36726549,Liga Nacional. Apertura,Honduras,FC Motagua Tegucigalpa,Atletico Choloma,2026-10-10T23:15:00+00:00,73.3263,soccer.asian_handicap,period=ft,away,handicap=-3,0.0
2026-10-11T00:01:40.423177+02:00,36726549,Liga Nacional. Apertura,Honduras,FC Motagua Tegucigalpa,Atletico Choloma,2026-10-10T23:15:00+00:00,73.3263,soccer.asian_handicap,period=ft,home,handicap=-2.75,2.4
2026-10-11T00:01:40.423177+02:00,36726549,Liga Nacional. Apertura,Honduras,FC Motagua Tegucigalpa,Atletico Choloma,2026-10-10T23:15:00+00:00,73.3263,soccer.asian_handicap,period=ft,away,handicap=-2.75,1.44
2026-10-11T00:01:40.423177+02:00,36726549,Liga Nacional. Apertura,Honduras,FC Motagua Tegucigalpa,Atletico Choloma,2026-10-10T23:15:00+00:00,73.3263,soccer.asian_handicap,period=ft,home,handicap=-2.5,2.11
2026-10-11T00:01:40.423177+02:00,36726549,Liga Nacional. Apertura,Honduras,FC Motagua Tegucigalpa,Atletico Choloma,2026-10-10T23:15:00+00:00,73.3263,soccer.asian_handicap,period=ft,away,handicap=-2.5,1.59
2026-10-11T00:01:40.423177+02:00,36726549,Liga Nacional. Apertura,Honduras,FC Motagua Tegucigalpa,Atletico Choloma,2026-10-10T23:15:00+00:00,73.3263,soccer.asian_handicap,period=ft,home,handicap=-2.25,1.94
2026-10-11T00:01:40.423177+02:00,36726549,Liga Nacional. Apertura,Honduras,FC Motagua Tegucigalpa,Atletico Choloma,2026-10-10T23:15:00+00:00,73.3263,soccer.asian_handicap,period=ft,away,handicap=-2.25,1.72
2026-10-11T00:01:40.423177+02:00,36726549,Liga Nacional. Apertura,Honduras,FC Motagua Tegucigalpa,Atletico Choloma,2026-10-10T23:15:00+00:00,73.3263,soccer.asian_handicap,period=ft,home,handicap=-2,1.75
2026-10-11T00:01:40.423177+02:00,36726549,Liga Nacional. Apertura,Honduras,FC Motagua Tegucigalpa,Atletico Choloma,2026-10-10T23:15:00+00:00,73.3263,soccer.asian_handicap,period=ft,away,handicap=-2,1.94
2026-10-11T00:01:40.423177+02:00,36726549,Liga Nacional. Apertura,Honduras,FC Motagua Tegucigalpa,Atletico Choloma,2026-10-10T23:15:00+00:00,73.3263,soccer.asian_handicap,period=ft,home,handicap=-1.75,1.59
2026-10-11T00:01:40.423177+02:00,36726549,Liga Nacional. Apertura,Honduras,FC Motagua Tegucigalpa,Atletico Choloma,2026-10-10T23:15:00+00:00,73.3263,soccer.asian_handicap,period=ft,away,handicap=-1.75,2.14
2026-10-11T00:01:40.423177+02:00,36726549,Liga Nacional. Apertura,Honduras,FC Motagua Tegucigalpa,Atletico Choloma,2026-10-10T23:15:00+00:00,73.3263,soccer.asian_handicap,period=ft,home,handicap=-1.5,1.48
2026-10-11T00:01:40.423177+02:00,36726549,Liga Nacional. Apertura,Honduras,FC Motagua Tegucigalpa,Atletico Choloma,2026-10-10T23:15:00+00:00,73.3263,soccer.asian_handicap,period=ft,away,handicap=-1.5,2.3
2026-10-11T00:01:40.423177+02:00,36726549,Liga Nacional. Apertura,Honduras,FC Motagua Tegucigalpa,Atletico Choloma,2026-10-10T23:15:00+00:00,73.3263,soccer.asian_handicap,period=ft,home,handicap=-1.25,1.34
2026-10-11T00:01:40.423177+02:00,36726549,Liga Nacional. Apertura,Honduras,FC Motagua Tegucigalpa,Atletico Choloma,2026-10-10T23:15:00+00:00,73.3263,soccer.asian_handicap,period=ft,away,handicap=-1.25,2.75
2026-10-11T00:01:40.423177+02:00,36726549,Liga Nacional. Apertura,Honduras,FC Motagua Tegucigalpa,Atletico Choloma,2026-10-10T23:15:00+00:00,73.3263,soccer.double_chance,period=ft,draw_away,,3.2
2026-10-11T00:01:40.423177+02:00,36726549,Liga Nacional. Apertura,Honduras,FC Motagua Tegucigalpa,Atletico Choloma,2026-10-10T23:15:00+00:00,73.3263,soccer.double_chance,period=ft,home_away,,1.07
2026-10-11T00:01:40.423177+02:00,36726549,Liga Nacional. Apertura,Honduras,FC Motagua Tegucigalpa,Atletico Choloma,2026-10-10T23:15:00+00:00,73.3263,soccer.double_chance,period=ft,home_draw,,1.04
2026-10-11T00:01:40.423177+02:00,36726549,Liga Nacional. Apertura,Honduras,FC Motagua Tegucigalpa,Atletico Choloma,2026-10-10T23:15:00+00:00,73.3263,soccer.match_odds,period=ft,home,,1.15
2026-10-11T00:01:40.423177+02:00,36726549,Liga Nacional. Apertura,Honduras,FC Motagua Tegucigalpa,Atletico Choloma,2026-10-10T23:15:00+00:00,73.3263,soccer.match_odds,period=ft,draw,,6.3
2026-10-11T00:01:40.423177+02:00,36726549,Liga Nacional. Apertura,Honduras,FC Motagua Tegucigalpa,Atletico Choloma,2026-10-10T23:15:00+00:00,73.3263,soccer.match_odds,period=ft,away,,9.95
2026-10-11T00:01:40.423177+02:00,36726549,Liga Nacional. Apertura,Honduras,FC Motagua Tegucigalpa,Atletico Choloma,2026-10-10T23:15:00+00:00,73.3263,soccer.total_goals,period=ft,over,total=3.5,1.91
2026-10-11T00:01:40.423177+02:00,36726549,Liga Nacional. Apertura,Honduras,FC Motagua Tegucigalpa,Atletico Choloma,2026-10-10T23:15:00+00:00,73.3263,soccer.total_goals,period=ft,under,total=3.5,1.78
2026-10-11T00:01:40.423177+02:00,36726549,Liga Nacional. Apertura,Honduras,FC Motagua Tegucigalpa,Atletico Choloma,2026-10-10T23:15:00+00:00,73.3263,soccer.total_goals,period=ft,over,total=2.75,1.38
2026-10-11T00:01:40.423177+02:00,36726549,Liga Nacional. Apertura,Honduras,FC Motagua Tegucigalpa,Atletico Choloma,2026-10-10T23:15:00+00:00,73.3263,soccer.total_goals,period=ft,under,total=2.75,2.6
2026-10-11T00:01:40.423177+02:00,36726549,Liga Nacional. Apertura,Honduras,FC Motagua Tegucigalpa,Atletico Choloma,2026-10-10T23:15:00+00:00,73.3263,soccer.total_goals,period=ft,over,total=3,1.48
2026-10-11T00:01:40.423177+02:00,36726549,Liga Nacional. Apertura,Honduras,FC Motagua Tegucigalpa,Atletico Choloma,2026-10-10T23:15:00+00:00,73.3263,soccer.total_goals,period=ft,under,total=3,2.3
2026-10-11T00:01:40.423177+02:00,36726549,Liga Nacional. Apertura,Honduras,FC Motagua Tegucigalpa,Atletico Choloma,2026-10-10T23:15:00+00:00,73.3263,soccer.total_goals,period=ft,over,total=3.25,1.69
2026-10-11T00:01:40.423177+02:00,36726549,Liga Nacional. Apertura,Honduras,FC Motagua Tegucigalpa,Atletico Choloma,2026-10-10T23:15:00+00:00,73.3263,soccer.total_goals,period=ft,under,total=3.25,1.99
2026-10-11T00:01:40.423177+02:00,36726549,Liga Nacional. Apertura,Honduras,FC Motagua Tegucigalpa,Atletico Choloma,2026-10-10T23:15:00+00:00,73.3263,soccer.total_goals,period=ft,over,total=3.75,2.12
2026-10-11T00:01:40.423177+02:00,36726549,Liga Nacional. Apertura,Honduras,FC Motagua Tegucigalpa,Atletico Choloma,2026-10-10T23:15:00+00:00,73.3263,soccer.total_goals,period=ft,under,total=3.75,1.6
2026-10-11T00:01:40.423177+02:00,36726549,Liga Nacional. Apertura,Honduras,FC Motagua Tegucigalpa,Atletico Choloma,2026-10-10T23:15:00+00:00,73.3263,soccer.total_goals,period=ft,over,total=4,2.45
2026-10-11T00:01:40.423177+02:00,36726549,Liga Nacional. Apertura,Honduras,FC Motagua Tegucigalpa,Atletico Choloma,2026-10-10T23:15:00+00:00,73.3263,soccer.total_goals,period=ft,under,total=4,1.43
2026-10-11T00:01:40.423177+02:00,36726549,Liga Nacional. Apertura,Honduras,FC Motagua Tegucigalpa,Atletico Choloma,2026-10-10T23:15:00+00:00,73.3263,soccer.total_goals,period=ft,over,total=4.25,2.7
2026-10-11T00:01:40.423177+02:00,36726549,Liga Nacional. Apertura,Honduras,FC Motagua Tegucigalpa,Atletico Choloma,2026-10-10T23:15:00+00:00,73.3263,soccer.total_goals,period=ft,under,total=4.25,1.35
2026-10-11T00:01:40.423177+02:00,36657973,"Division de Honor, Apertura",Paraguay,Sportivo Luqueno,Cerro Porteno,2026-10-10T22:20:00+00:00,18.3263,soccer.asian_handicap,period=ft,home,handicap=0.5,1.99
2026-10-11T00:01:40.423177+02:00,36657973,"Division de Honor, Apertura",Paraguay,Sportivo Luqueno,Cerro Porteno,2026-10-10T22:20:00+00:00,18.3263,soccer.asian_handicap,period=ft,away,handicap=0.5,1.82
2026-10-11T00:01:40.423177+02:00,36657973,"Division de Honor, Apertura",Paraguay,Sportivo Luqueno,Cerro Porteno,2026-10-10T22:20:00+00:00,18.3263,soccer.asian_handicap,period=ft,home,handicap=-0.5,4.35
2026-10-11T00:01:40.423177+02:00,36657973,"Division de Honor, Apertura",Paraguay,Sportivo Luqueno,Cerro Porteno,2026-10-10T22:20:00+00:00,18.3263,soccer.asian_handicap,period=ft,away,handicap=-0.5,1.2
2026-10-11T00:01:40.423177+02:00,36657973,"Division de Honor, Apertura",Paraguay,Sportivo Luqueno,Cerro Porteno,2026-10-10T22:20:00+00:00,18.3263,soccer.asian_handicap,period=ft,home,handicap=-0.25,3.8
2026-10-11T00:01:40.423177+02:00,36657973,"Division de Honor, Apertura",Paraguay,Sportivo Luqueno,Cerro Porteno,2026-10-10T22:20:00+00:00,18.3263,soccer.asian_handicap,period=ft,away,handicap=-0.25,1.25
2026-10-11T00:01:40.423177+02:00,36657973,"Division de Honor, Apertura",Paraguay,Sportivo Luqueno,Cerro Porteno,2026-10-10T22:20:00+00:00,18.3263,soccer.asian_handicap,period=ft,home,handicap=0,3.25
2026-10-11T00:01:40.423177+02:00,36657973,"Division de Honor, Apertura",Paraguay,Sportivo Luqueno,Cerro Porteno,2026-10-10T22:20:00+00:00,18.3263,soccer.asian_handicap,period=ft,away,handicap=0,1.33
2026-10-11T00:01:40.423177+02:00,36657973,"Division de Honor, Apertura",Paraguay,Sportivo Luqueno,Cerro Porteno,2026-10-10T22:20:00+00:00,18.3263,soccer.asian_handicap,period=ft,home,handicap=0.25,2.35
2026-10-11T00:01:40.423177+02:00,36657973,"Division de Honor, Apertura",Paraguay,Sportivo Luqueno,Cerro Porteno,2026-10-10T22:20:00+00:00,18.3263,soccer.asian_handicap,period=ft,away,handicap=0.25,1.57
2026-10-11T00:01:40.423177+02:00,36657973,"Division de Honor, Apertura",Paraguay,Sportivo Luqueno,Cerro Porteno,2026-10-10T22:20:00+00:00,18.3263,soccer.asian_handicap,period=ft,home,handicap=0.75,1.74
2026-10-11T00:01:40.423177+02:00,36657973,"Division de Honor, Apertura",Paraguay,Sportivo Luqueno,Cerro Porteno,2026-10-10T22:20:00+00:00,18.3263,soccer.asian_handicap,period=ft,away,handicap=0.75,2.07
2026-10-11T00:01:40.423177+02:00,36657973,"Division de Honor, Apertura",Paraguay,Sportivo Luqueno,Cerro Porteno,2026-10-10T22:20:00+00:00,18.3263,soccer.asian_handicap,period=ft,home,handicap=1,1.5
2026-10-11T00:01:40.423177+02:00,36657973,"Division de Honor, Apertura",Paraguay,Sportivo Luqueno,Cerro Porteno,2026-10-10T22:20:00+00:00,18.3263,soccer.asian_handicap,period=ft,away,handicap=1,2.55
2026-10-11T00:01:40.423177+02:00,36657973,"Division de Honor, Apertura",Paraguay,Sportivo Luqueno,Cerro Porteno,2026-10-10T22:20:00+00:00,18.3263,soccer.asian_handicap,period=ft,home,handicap=1.25,1.38
2026-10-11T00:01:40.423177+02:00,36657973,"Division de Honor, Apertura",Paraguay,Sportivo Luqueno,Cerro Porteno,2026-10-10T22:20:00+00:00,18.3263,soccer.asian_handicap,period=ft,away,handicap=1.25,2.95
2026-10-11T00:01:40.423177+02:00,36657973,"Division de Honor, Apertura",Paraguay,Sportivo Luqueno,Cerro Porteno,2026-10-10T22:20:00+00:00,18.3263,soccer.asian_handicap,period=ft,home,handicap=1.5,1.31
2026-10-11T00:01:40.423177+02:00,36657973,"Division de Honor, Apertura",Paraguay,Sportivo Luqueno,Cerro Porteno,2026-10-10T22:20:00+00:00,18.3263,soccer.asian_handicap,period=ft,away,handicap=1.5,3.3
2026-10-11T00:01:40.423177+02:00,36657973,"Division de Honor, Apertura",Paraguay,Sportivo Luqueno,Cerro Porteno,2026-10-10T22:20:00+00:00,18.3263,soccer.double_chance,period=ft,draw_away,,1.2
2026-10-11T00:01:40.423177+02:00,36657973,"Division de Honor, Apertura",Paraguay,Sportivo Luqueno,Cerro Porteno,2026-10-10T22:20:00+00:00,18.3263,soccer.double_chance,period=ft,home_away,,1.29
2026-10-11T00:01:40.423177+02:00,36657973,"Division de Honor, Apertura",Paraguay,Sportivo Luqueno,Cerro Porteno,2026-10-10T22:20:00+00:00,18.3263,soccer.double_chance,period=ft,home_draw,,1.98
2026-10-11T00:01:40.423177+02:00,36657973,"Division de Honor, Apertura",Paraguay,Sportivo Luqueno,Cerro Porteno,2026-10-10T22:20:00+00:00,18.3263,soccer.match_odds,period=ft,home,,4.4
2026-10-11T00:01:40.423177+02:00,36657973,"Division de Honor, Apertura",Paraguay,Sportivo Luqueno,Cerro Porteno,2026-10-10T22:20:00+00:00,18.3263,soccer.match_odds,period=ft,draw,,3.45
2026-10-11T00:01:40.423177+02:00,36657973,"Division de Honor, Apertura",Paraguay,Sportivo Luqueno,Cerro Porteno,2026-10-10T22:20:00+00:00,18.3263,soccer.match_odds,period=ft,away,,1.82
2026-10-11T00:01:40.423177+02:00,36657973,"Division de Honor, Apertura",Paraguay,Sportivo Luqueno,Cerro Porteno,2026-10-10T22:20:00+00:00,18.3263,soccer.total_goals,period=ft,over,total=2.25,1.8
2026-10-11T00:01:40.423177+02:00,36657973,"Division de Honor, Apertura",Paraguay,Sportivo Luqueno,Cerro Porteno,2026-10-10T22:20:00+00:00,18.3263,soccer.total_goals,period=ft,under,total=2.25,2.0
2026-10-11T00:01:40.423177+02:00,36657973,"Division de Honor, Apertura",Paraguay,Sportivo Luqueno,Cerro Porteno,2026-10-10T22:20:00+00:00,18.3263,soccer.total_goals,period=ft,over,total=1.5,1.32
2026-10-11T00:01:40.423177+02:00,36657973,"Division de Honor, Apertura",Paraguay,Sportivo Luqueno,Cerro Porteno,2026-10-10T22:20:00+00:00,18.3263,soccer.total_goals,period=ft,under,total=1.5,3.15
2026-10-11T00:01:40.423177+02:00,36657973,"Division de Honor, Apertura",Paraguay,Sportivo Luqueno,Cerro Porteno,2026-10-10T22:20:00+00:00,18.3263,soccer.total_goals,period=ft,over,total=1.75,1.41
2026-10-11T00:01:40.423177+02:00,36657973,"Division de Honor, Apertura",Paraguay,Sportivo Luqueno,Cerro Porteno,2026-10-10T22:20:00+00:00,18.3263,soccer.total_goals,period=ft,under,total=1.75,2.8
2026-10-11T00:01:40.423177+02:00,36657973,"Division de Honor, Apertura",Paraguay,Sportivo Luqueno,Cerro Porteno,2026-10-10T22:20:00+00:00,18.3263,soccer.total_goals,period=ft,over,total=2,1.54
2026-10-11T00:01:40.423177+02:00,36657973,"Division de Honor, Apertura",Paraguay,Sportivo Luqueno,Cerro Porteno,2026-10-10T22:20:00+00:00,18.3263,soccer.total_goals,period=ft,under,total=2,2.4
2026-10-11T00:01:40.423177+02:00,36657973,"Division de Honor, Apertura",Paraguay,Sportivo Luqueno,Cerro Porteno,2026-10-10T22:20:00+00:00,18.3263,soccer.total_goals,period=ft,over,total=2.5,2.05
2026-10-11T00:01:40.423177+02:00,36657973,"Division de Honor, Apertura",Paraguay,Sportivo Luqueno,Cerro Porteno,2026-10-10T22:20:00+00:00,18.3263,soccer.total_goals,period=ft,under,total=2.5,1.74
2026-10-11T00:01:40.423177+02:00,36657973,"Division de Honor, Apertura",Paraguay,Sportivo Luqueno,Cerro Porteno,2026-10-10T22:20:00+00:00,18.3263,soccer.total_goals,period=ft,over,total=2.75,2.35
2026-10-11T00:01:40.423177+02:00,36657973,"Division de Honor, Apertura",Paraguay,Sportivo Luqueno,Cerro Porteno,2026-10-10T22:20:00+00:00,18.3263,soccer.total_goals,period=ft,under,total=2.75,1.56
2026-10-11T00:01:40.423177+02:00,36657973,"Division de Honor, Apertura",Paraguay,Sportivo Luqueno,Cerro Porteno,2026-10-10T22:20:00+00:00,18.3263,soccer.total_goals,period=ft,over,total=3.5,3.65
2026-10-11T00:01:40.423177+02:00,36657973,"Division de Honor, Apertura",Paraguay,Sportivo Luqueno,Cerro Porteno,2026-10-10T22:20:00+00:00,18.3263,soccer.total_goals,period=ft,under,total=3.5,1.26
2026-10-11T00:01:40.423177+02:00,36692264,Liga Nacional. Clausura,Guatemala,CD Suchitepequez,Deportivo Mixco,2026-10-10T23:00:00+00:00,58.3263,soccer.asian_handicap,period=ft,home,handicap=-0.25,1.84
2026-10-11T00:01:40.423177+02:00,36692264,Liga Nacional. Clausura,Guatemala,CD Suchitepequez,Deportivo Mixco,2026-10-10T23:00:00+00:00,58.3263,soccer.asian_handicap,period=ft,away,handicap=-0.25,1.94
2026-10-11T00:01:40.423177+02:00,36692264,Liga Nacional. Clausura,Guatemala,CD Suchitepequez,Deportivo Mixco,2026-10-10T23:00:00+00:00,58.3263,soccer.asian_handicap,period=ft,home,handicap=-1,3.2
2026-10-11T00:01:40.423177+02:00,36692264,Liga Nacional. Clausura,Guatemala,CD Suchitepequez,Deportivo Mixco,2026-10-10T23:00:00+00:00,58.3263,soccer.asian_handicap,period=ft,away,handicap=-1,1.3
2026-10-11T00:01:40.423177+02:00,36692264,Liga Nacional. Clausura,Guatemala,CD Suchitepequez,Deportivo Mixco,2026-10-10T23:00:00+00:00,58.3263,soccer.asian_handicap,period=ft,home,handicap=-0.75,2.45
2026-10-11T00:01:40.423177+02:00,36692264,Liga Nacional. Clausura,Guatemala,CD Suchitepequez,Deportivo Mixco,2026-10-10T23:00:00+00:00,58.3263,soccer.asian_handicap,period=ft,away,handicap=-0.75,1.49
2026-10-11T00:01:40.423177+02:00,36692264,Liga Nacional. Clausura,Guatemala,CD Suchitepequez,Deportivo Mixco,2026-10-10T23:00:00+00:00,58.3263,soccer.asian_handicap,period=ft,home,handicap=-0.5,2.08
2026-10-11T00:01:40.423177+02:00,36692264,Liga Nacional. Clausura,Guatemala,CD Suchitepequez,Deportivo Mixco,2026-10-10T23:00:00+00:00,58.3263,soccer.asian_handicap,period=ft,away,handicap=-0.5,1.69
2026-10-11T00:01:40.423177+02:00,36692264,Liga Nacional. Clausura,Guatemala,CD Suchitepequez,Deportivo Mixco,2026-10-10T23:00:00+00:00,58.3263,soccer.asian_handicap,period=ft,home,handicap=0,1.55
2026-10-11T00:01:40.423177+02:00,36692264,Liga Nacional. Clausura,Guatemala,CD Suchitepequez,Deportivo Mixco,2026-10-10T23:00:00+00:00,58.3263,soccer.asian_handicap,period=ft,away,handicap=0,2.35
2026-10-11T00:01:40.423177+02:00,36692264,Liga Nacional. Clausura,Guatemala,CD Suchitepequez,Deportivo Mixco,2026-10-10T23:00:00+00:00,58.3263,soccer.asian_handicap,period=ft,home,handicap=0.25,1.4
2026-10-11T00:01:40.423177+02:00,36692264,Liga Nacional. Clausura,Guatemala,CD Suchitepequez,Deportivo Mixco,2026-10-10T23:00:00+00:00,58.3263,soccer.asian_handicap,period=ft,away,handicap=0.25,2.7
2026-10-11T00:01:40.423177+02:00,36692264,Liga Nacional. Clausura,Guatemala,CD Suchitepequez,Deportivo Mixco,2026-10-10T23:00:00+00:00,58.3263,soccer.asian_handicap,period=ft,home,handicap=0.5,1.32
2026-10-11T00:01:40.423177+02:00,36692264,Liga Nacional. Clausura,Guatemala,CD Suchitepequez,Deportivo Mixco,2026-10-10T23:00:00+00:00,58.3263,soccer.asian_handicap,period=ft,away,handicap=0.5,3.1
2026-10-11T00:01:40.423177+02:00,36692264,Liga Nacional. Clausura,Guatemala,CD Suchitepequez,Deportivo Mixco,2026-10-10T23:00:00+00:00,58.3263,soccer.double_chance,period=ft,draw_away,,1.69
2026-10-11T00:01:40.423177+02:00,36692264,Liga Nacional. Clausura,Guatemala,CD Suchitepequez,Deportivo Mixco,2026-10-10T23:00:00+00:00,58.3263,soccer.double_chance,period=ft,home_away,,1.29
2026-10-11T00:01:40.423177+02:00,36692264,Liga Nacional. Clausura,Guatemala,CD Suchitepequez,Deportivo Mixco,2026-10-10T23:00:00+00:00,58.3263,soccer.double_chance,period=ft,home_draw,,1.32
2026-10-11T00:01:40.423177+02:00,36692264,Liga Nacional. Clausura,Guatemala,CD Suchitepequez,Deportivo Mixco,2026-10-10T23:00:00+00:00,58.3263,soccer.match_odds,period=ft,home,,2.09
2026-10-11T00:01:40.423177+02:00,36692264,Liga Nacional. Clausura,Guatemala,CD Suchitepequez,Deportivo Mixco,2026-10-10T23:00:00+00:00,58.3263,soccer.match_odds,period=ft,draw,,3.3
2026-10-11T00:01:40.423177+02:00,36692264,Liga Nacional. Clausura,Guatemala,CD Suchitepequez,Deportivo Mixco,2026-10-10T23:00:00+00:00,58.3263,soccer.match_odds,period=ft,away,,3.15
2026-10-11T00:01:40.423177+02:00,36692264,Liga Nacional. Clausura,Guatemala,CD Suchitepequez,Deportivo Mixco,2026-10-10T23:00:00+00:00,58.3263,soccer.total_goals,period=ft,over,total=2.5,1.9
2026-10-11T00:01:40.423177+02:00,36692264,Liga Nacional. Clausura,Guatemala,CD Suchitepequez,Deportivo Mixco,2026-10-10T23:00:00+00:00,58.3263,soccer.total_goals,period=ft,under,total=2.5,1.87
2026-10-11T00:01:40.423177+02:00,36692264,Liga Nacional. Clausura,Guatemala,CD Suchitepequez,Deportivo Mixco,2026-10-10T23:00:00+00:00,58.3263,soccer.total_goals,period=ft,over,total=1.75,1.32
2026-10-11T00:01:40.423177+02:00,36692264,Liga Nacional. Clausura,Guatemala,CD Suchitepequez,Deportivo Mixco,2026-10-10T23:00:00+00:00,58.3263,soccer.total_goals,period=ft,under,total=1.75,3.05
2026-10-11T00:01:40.423177+02:00,36692264,Liga Nacional. Clausura,Guatemala,CD Suchitepequez,Deportivo Mixco,2026-10-10T23:00:00+00:00,58.3263,soccer.total_goals,period=ft,over,total=2,1.42
2026-10-11T00:01:40.423177+02:00,36692264,Liga Nacional. Clausura,Guatemala,CD Suchitepequez,Deportivo Mixco,2026-10-10T23:00:00+00:00,58.3263,soccer.total_goals,period=ft,under,total=2,2.65
2026-10-11T00:01:40.423177+02:00,36692264,Liga Nacional. Clausura,Guatemala,CD Suchitepequez,Deportivo Mixco,2026-10-10T23:00:00+00:00,58.3263,soccer.total_goals,period=ft,over,total=2.25,1.66
2026-10-11T00:01:40.423177+02:00,36692264,Liga Nacional. Clausura,Guatemala,CD Suchitepequez,Deportivo Mixco,2026-10-10T23:00:00+00:00,58.3263,soccer.total_goals,period=ft,under,total=2.25,2.14
2026-10-11T00:01:40.423177+02:00,36692264,Liga Nacional. Clausura,Guatemala,CD Suchitepequez,Deportivo Mixco,2026-10-10T23:00:00+00:00,58.3263,soccer.total_goals,period=ft,over,total=2.75,2.14
2026-10-11T00:01:40.423177+02:00,36692264,Liga Nacional. Clausura,Guatemala,CD Suchitepequez,Deportivo Mixco,2026-10-10T23:00:00+00:00,58.3263,soccer.total_goals,period=ft,under,total=2.75,1.65
2026-10-11T00:01:40.423177+02:00,36692264,Liga Nacional. Clausura,Guatemala,CD Suchitepequez,Deportivo Mixco,2026-10-10T23:00:00+00:00,58.3263,soccer.total_goals,period=ft,over,total=3,2.55
2026-10-11T00:01:40.423177+02:00,36692264,Liga Nacional. Clausura,Guatemala,CD Suchitepequez,Deportivo Mixco,2026-10-10T23:00:00+00:00,58.3263,soccer.total_goals,period=ft,under,total=3,1.45
2026-10-11T00:01:40.423177+02:00,36692264,Liga Nacional. Clausura,Guatemala,CD Suchitepequez,Deportivo Mixco,2026-10-10T23:00:00+00:00,58.3263,soccer.total_goals,period=ft,over,total=3.25,2.9
2026-10-11T00:01:40.423177+02:00,36692264,Liga Nacional. Clausura,Guatemala,CD Suchitepequez,Deportivo Mixco,2026-10-10T23:00:00+00:00,58.3263,soccer.total_goals,period=ft,under,total=3.25,1.36
2026-10-11T00:01:40.423177+02:00,36639734,"Liga de Expansion MX, Apertura",Mexico,Venados  FC,Leones Negros UDEG,2026-10-10T23:00:00+00:00,58.3263,soccer.asian_handicap,period=ft,home,handicap=-0.5,1.89
2026-10-11T00:01:40.423177+02:00,36639734,"Liga de Expansion MX, Apertura",Mexico,Venados  FC,Leones Negros UDEG,2026-10-10T23:00:00+00:00,58.3263,soccer.asian_handicap,period=ft,away,handicap=-0.5,1.91
2026-10-11T00:01:40.423177+02:00,36639734,"Liga de Expansion MX, Apertura",Mexico,Venados  FC,Leones Negros UDEG,2026-10-10T23:00:00+00:00,58.3263,soccer.asian_handicap,period=ft,home,handicap=-1.5,3.2
2026-10-11T00:01:40.423177+02:00,36639734,"Liga de Expansion MX, Apertura",Mexico,Venados  FC,Leones Negros UDEG,2026-10-10T23:00:00+00:00,58.3263,soccer.asian_handicap,period=ft,away,handicap=-1.5,1.33
2026-10-11T00:01:40.423177+02:00,36639734,"Liga de Expansion MX, Apertura",Mexico,Venados  FC,Leones Negros UDEG,2026-10-10T23:00:00+00:00,58.3263,soccer.asian_handicap,period=ft,home,handicap=-1.25,2.85
2026-10-11T00:01:40.423177+02:00,36639734,"Liga de Expansion MX, Apertura",Mexico,Venados  FC,Leones Negros UDEG,2026-10-10T23:00:00+00:00,58.3263,soccer.asian_handicap,period=ft,away,handicap=-1.25,1.4
2026-10-11T00:01:40.423177+02:00,36639734,"Liga de Expansion MX, Apertura",Mexico,Venados  FC,Leones Negros UDEG,2026-10-10T23:00:00+00:00,58.3263,soccer.asian_handicap,period=ft,home,handicap=-1,2.55
2026-10-11T00:01:40.423177+02:00,36639734,"Liga de Expansion MX, Apertura",Mexico,Venados  FC,Leones Negros UDEG,2026-10-10T23:00:00+00:00,58.3263,soccer.asian_handicap,period=ft,away,handicap=-1,1.5
2026-10-11T00:01:40.423177+02:00,36639734,"Liga de Expansion MX, Apertura",Mexico,Venados  FC,Leones Negros UDEG,2026-10-10T23:00:00+00:00,58.3263,soccer.asian_handicap,period=ft,home,handicap=-0.75,2.13
2026-10-11T00:01:40.423177+02:00,36639734,"Liga de Expansion MX, Apertura",Mexico,Venados  FC,Leones Negros UDEG,2026-10-10T23:00:00+00:00,58.3263,soccer.asian_handicap,period=ft,away,handicap=-0.75,1.7
2026-10-11T00:01:40.423177+02:00,36639734,"Liga de Expansion MX, Apertura",Mexico,Venados  FC,Leones Negros UDEG,2026-10-10T23:00:00+00:00,58.3263,soccer.asian_handicap,period=ft,home,handicap=-0.25,1.67
2026-10-11T00:01:40.423177+02:00,36639734,"Liga de Expansion MX, Apertura",Mexico,Venados  FC,Leones Negros UDEG,2026-10-10T23:00:00+00:00,58.3263,soccer.asian_handicap,period=ft,away,handicap=-0.25,2.18
2026-10-11T00:01:40.423177+02:00,36639734,"Liga de Expansion MX, Apertura",Mexico,Venados  FC,Leones Negros UDEG,2026-10-10T23:00:00+00:00,58.3263,soccer.asian_handicap,period=ft,home,handicap=0,1.45
2026-10-11T00:01:40.423177+02:00,36639734,"Liga de Expansion MX, Apertura",Mexico,Venados  FC,Leones Negros UDEG,2026-10-10T23:00:00+00:00,58.3263,soccer.asian_handicap,period=ft,away,handicap=0,2.7
2026-10-11T00:01:40.423177+02:00,36639734,"Liga de Expansion MX, Apertura",Mexico,Venados  FC,Leones Negros UDEG,2026-10-10T23:00:00+00:00,58.3263,soccer.asian_handicap,period=ft,home,handicap=0.25,1.35
2026-10-11T00:01:40.423177+02:00,36639734,"Liga de Expansion MX, Apertura",Mexico,Venados  FC,Leones Negros UDEG,2026-10-10T23:00:00+00:00,58.3263,soccer.asian_handicap,period=ft,away,handicap=0.25,3.05
2026-10-11T00:01:40.423177+02:00,36639734,"Liga de Expansion MX, Apertura",Mexico,Venados  FC,Leones Negros UDEG,2026-10-10T23:00:00+00:00,58.3263,soccer.asian_handicap,period=ft,home,handicap=0.5,1.29
2026-10-11T00:01:40.423177+02:00,36639734,"Liga de Expansion MX, Apertura",Mexico,Venados  FC,Leones Negros UDEG,2026-10-10T23:00:00+00:00,58.3263,soccer.asian_handicap,period=ft,away,handicap=0.5,3.45
2026-10-11T00:01:40.423177+02:00,36639734,"Liga de Expansion MX, Apertura",Mexico,Venados  FC,Leones Negros UDEG,2026-10-10T23:00:00+00:00,58.3263,soccer.double_chance,period=ft,draw_away,,1.74
2026-10-11T00:01:40.423177+02:00,36639734,"Liga de Expansion MX, Apertura",Mexico,Venados  FC,Leones Negros UDEG,2026-10-10T23:00:00+00:00,58.3263,soccer.double_chance,period=ft,home_away,,1.28
2026-10-11T00:01:40.423177+02:00,36639734,"Liga de Expansion MX, Apertura",Mexico,Venados  FC,Leones Negros UDEG,2026-10-10T23:00:00+00:00,58.3263,soccer.double_chance,period=ft,home_draw,,1.35
2026-10-11T00:01:40.423177+02:00,36639734,"Liga de Expansion MX, Apertura",Mexico,Venados  FC,Leones Negros UDEG,2026-10-10T23:00:00+00:00,58.3263,soccer.match_odds,period=ft,home,,1.89
2026-10-11T00:01:40.423177+02:00,36639734,"Liga de Expansion MX, Apertura",Mexico,Venados  FC,Leones Negros UDEG,2026-10-10T23:00:00+00:00,58.3263,soccer.match_odds,period=ft,draw,,4.0
2026-10-11T00:01:40.423177+02:00,36639734,"Liga de Expansion MX, Apertura",Mexico,Venados  FC,Leones Negros UDEG,2026-10-10T23:00:00+00:00,58.3263,soccer.match_odds,period=ft,away,,3.45
2026-10-11T00:01:40.423177+02:00,36639734,"Liga de Expansion MX, Apertura",Mexico,Venados  FC,Leones Negros UDEG,2026-10-10T23:00:00+00:00,58.3263,soccer.total_goals,period=ft,over,total=3.25,1.89
2026-10-11T00:01:40.423177+02:00,36639734,"Liga de Expansion MX, Apertura",Mexico,Venados  FC,Leones Negros UDEG,2026-10-10T23:00:00+00:00,58.3263,soccer.total_goals,period=ft,under,total=3.25,1.89
2026-10-11T00:01:40.423177+02:00,36639734,"Liga de Expansion MX, Apertura",Mexico,Venados  FC,Leones Negros UDEG,2026-10-10T23:00:00+00:00,58.3263,soccer.total_goals,period=ft,over,total=1.5,1.12
2026-10-11T00:01:40.423177+02:00,36639734,"Liga de Expansion MX, Apertura",Mexico,Venados  FC,Leones Negros UDEG,2026-10-10T23:00:00+00:00,58.3263,soccer.total_goals,period=ft,under,total=1.5,5.75
2026-10-11T00:01:40.423177+02:00,36639734,"Liga de Expansion MX, Apertura",Mexico,Venados  FC,Leones Negros UDEG,2026-10-10T23:00:00+00:00,58.3263,soccer.total_goals,period=ft,over,total=2.5,1.43
2026-10-11T00:01:40.423177+02:00,36639734,"Liga de Expansion MX, Apertura",Mexico,Venados  FC,Leones Negros UDEG,2026-10-10T23:00:00+00:00,58.3263,soccer.total_goals,period=ft,under,total=2.5,2.7
2026-10-11T00:01:40.423177+02:00,36639734,"Liga de Expansion MX, Apertura",Mexico,Venados  FC,Leones Negros UDEG,2026-10-10T23:00:00+00:00,58.3263,soccer.total_goals,period=ft,over,total=2.75,1.53
2026-10-11T00:01:40.423177+02:00,36639734,"Liga de Expansion MX, Apertura",Mexico,Venados  FC,Leones Negros UDEG,2026-10-10T23:00:00+00:00,58.3263,soccer.total_goals,period=ft,under,total=2.75,2.45
2026-10-11T00:01:40.423177+02:00,36639734,"Liga de Expansion MX, Apertura",Mexico,Venados  FC,Leones Negros UDEG,2026-10-10T23:00:00+00:00,58.3263,soccer.total_goals,period=ft,over,total=3,1.67
2026-10-11T00:01:40.423177+02:00,36639734,"Liga de Expansion MX, Apertura",Mexico,Venados  FC,Leones Negros UDEG,2026-10-10T23:00:00+00:00,58.3263,soccer.total_goals,period=ft,under,total=3,2.17
2026-10-11T00:01:40.423177+02:00,36639734,"Liga de Expansion MX, Apertura",Mexico,Venados  FC,Leones Negros UDEG,2026-10-10T23:00:00+00:00,58.3263,soccer.total_goals,period=ft,over,total=3.5,2.1
2026-10-11T00:01:40.423177+02:00,36639734,"Liga de Expansion MX, Apertura",Mexico,Venados  FC,Leones Negros UDEG,2026-10-10T23:00:00+00:00,58.3263,soccer.total_goals,period=ft,under,total=3.5,1.71
2026-10-11T00:01:40.423177+02:00,36639734,"Liga de Expansion MX, Apertura",Mexico,Venados  FC,Leones Negros UDEG,2026-10-10T23:00:00+00:00,58.3263,soccer.total_goals,period=ft,over,total=3.75,2.4
2026-10-11T00:01:40.423177+02:00,36639734,"Liga de Expansion MX, Apertura",Mexico,Venados  FC,Leones Negros UDEG,2026-10-10T23:00:00+00:00,58.3263,soccer.total_goals,period=ft,under,total=3.75,1.54
2026-10-11T00:01:40.423177+02:00,36639734,"Liga de Expansion MX, Apertura",Mexico,Venados  FC,Leones Negros UDEG,2026-10-10T23:00:00+00:00,58.3263,soccer.total_goals,period=ft,over,total=4.5,3.55
2026-10-11T00:01:40.423177+02:00,36639734,"Liga de Expansion MX, Apertura",Mexico,Venados  FC,Leones Negros UDEG,2026-10-10T23:00:00+00:00,58.3263,soccer.total_goals,period=ft,under,total=4.5,1.27
2026-10-11T00:01:40.423177+02:00,36639734,"Liga de Expansion MX, Apertura",Mexico,Venados  FC,Leones Negros UDEG,2026-10-10T23:00:00+00:00,58.3263,soccer.total_goals,period=ft,over,total=5.5,6.6
2026-10-11T00:01:40.423177+02:00,36639734,"Liga de Expansion MX, Apertura",Mexico,Venados  FC,Leones Negros UDEG,2026-10-10T23:00:00+00:00,58.3263,soccer.total_goals,period=ft,under,total=5.5,1.09
2026-10-11T00:01:40.423177+02:00,36692323,Primera Division,Venezuela,Metropolitanos FC,Rayo Zuliano,2026-10-10T23:30:00+00:00,88.3263,soccer.asian_handicap,period=ft,home,handicap=-1.25,1.8
2026-10-11T00:01:40.423177+02:00,36692323,Primera Division,Venezuela,Metropolitanos FC,Rayo Zuliano,2026-10-10T23:30:00+00:00,88.3263,soccer.asian_handicap,period=ft,away,handicap=-1.25,1.99
2026-10-11T00:01:40.423177+02:00,36692323,Primera Division,Venezuela,Metropolitanos FC,Rayo Zuliano,2026-10-10T23:30:00+00:00,88.3263,soccer.asian_handicap,period=ft,home,handicap=-2,2.85
2026-10-11T00:01:40.423177+02:00,36692323,Primera Division,Venezuela,Metropolitanos FC,Rayo Zuliano,2026-10-10T23:30:00+00:00,88.3263,soccer.asian_handicap,period=ft,away,handicap=-2,1.37
2026-10-11T00:01:40.423177+02:00,36692323,Primera Division,Venezuela,Metropolitanos FC,Rayo Zuliano,2026-10-10T23:30:00+00:00,88.3263,soccer.asian_handicap,period=ft,home,handicap=-1.75,2.3
2026-10-11T00:01:40.423177+02:00,36692323,Primera Division,Venezuela,Metropolitanos FC,Rayo Zuliano,2026-10-10T23:30:00+00:00,88.3263,soccer.asian_handicap,period=ft,away,handicap=-1.75,1.54
2026-10-11T00:01:40.423177+02:00,36692323,Primera Division,Venezuela,Metropolitanos FC,Rayo Zuliano,2026-10-10T23:30:00+00:00,88.3263,soccer.asian_handicap,period=ft,home,handicap=-1.5,2.03
2026-10-11T00:01:40.423177+02:00,36692323,Primera Division,Venezuela,Metropolitanos FC,Rayo Zuliano,2026-10-10T23:30:00+00:00,88.3263,soccer.asian_handicap,period=ft,away,handicap=-1.5,1.73
2026-10-11T00:01:40.423177+02:00,36692323,Primera Division,Venezuela,Metropolitanos FC,Rayo Zuliano,2026-10-10T23:30:00+00:00,88.3263,soccer.asian_handicap,period=ft,home,handicap=-1,1.52
2026-10-11T00:01:40.423177+02:00,36692323,Primera Division,Venezuela,Metropolitanos FC,Rayo Zuliano,2026-10-10T23:30:00+00:00,88.3263,soccer.asian_handicap,period=ft,away,handicap=-1,2.4
2026-10-11T00:01:40.423177+02:00,36692323,Primera Division,Venezuela,Metropolitanos FC,Rayo Zuliano,2026-10-10T23:30:00+00:00,88.3263,soccer.asian_handicap,period=ft,home,handicap=-0.75,1.39
2026-10-11T00:01:40.423177+02:00,36692323,Primera Division,Venezuela,Metropolitanos FC,Rayo Zuliano,2026-10-10T23:30:00+00:00,88.3263,soccer.asian_handicap,period=ft,away,handicap=-0.75,2.75
2026-10-11T00:01:40.423177+02:00,36692323,Primera Division,Venezuela,Metropolitanos FC,Rayo Zuliano,2026-10-10T23:30:00+00:00,88.3263,soccer.asian_handicap,period=ft,home,handicap=-0.5,1.31
2026-10-11T00:01:40.423177+02:00,36692323,Primera Division,Venezuela,Metropolitanos FC,Rayo Zuliano,2026-10-10T23:30:00+00:00,88.3263,soccer.asian_handicap,period=ft,away,handicap=-0.5,3.15
2026-10-11T00:01:40.423177+02:00,36692323,Primera Division,Venezuela,Metropolitanos FC,Rayo Zuliano,2026-10-10T23:30:00+00:00,88.3263,soccer.double_chance,period=ft,draw_away,,3.15
2026-10-11T00:01:40.423177+02:00,36692323,Primera Division,Venezuela,Metropolitanos FC,Rayo Zuliano,2026-10-10T23:30:00+00:00,88.3263,soccer.double_chance,period=ft,home_away,,1.16
2026-10-11T00:01:40.423177+02:00,36692323,Primera Division,Venezuela,Metropolitanos FC,Rayo Zuliano,2026-10-10T23:30:00+00:00,88.3263,soccer.double_chance,period=ft,home_draw,,1.07
2026-10-11T00:01:40.423177+02:00,36692323,Primera Division,Venezuela,Metropolitanos FC,Rayo Zuliano,2026-10-10T23:30:00+00:00,88.3263,soccer.match_odds,period=ft,home,,1.32
2026-10-11T00:01:40.423177+02:00,36692323,Primera Division,Venezuela,Metropolitanos FC,Rayo Zuliano,2026-10-10T23:30:00+00:00,88.3263,soccer.match_odds,period=ft,draw,,4.85
2026-10-11T00:01:40.423177+02:00,36692323,Primera Division,Venezuela,Metropolitanos FC,Rayo Zuliano,2026-10-10T23:30:00+00:00,88.3263,soccer.match_odds,period=ft,away,,7.75
2026-10-11T00:01:40.423177+02:00,36692323,Primera Division,Venezuela,Metropolitanos FC,Rayo Zuliano,2026-10-10T23:30:00+00:00,88.3263,soccer.total_goals,period=ft,over,total=3,1.94
2026-10-11T00:01:40.423177+02:00,36692323,Primera Division,Venezuela,Metropolitanos FC,Rayo Zuliano,2026-10-10T23:30:00+00:00,88.3263,soccer.total_goals,period=ft,under,total=3,1.83
2026-10-11T00:01:40.423177+02:00,36692323,Primera Division,Venezuela,Metropolitanos FC,Rayo Zuliano,2026-10-10T23:30:00+00:00,88.3263,soccer.total_goals,period=ft,over,total=2.25,1.4
2026-10-11T00:01:40.423177+02:00,36692323,Primera Division,Venezuela,Metropolitanos FC,Rayo Zuliano,2026-10-10T23:30:00+00:00,88.3263,soccer.total_goals,period=ft,under,total=2.25,2.75
2026-10-11T00:01:40.423177+02:00,36692323,Primera Division,Venezuela,Metropolitanos FC,Rayo Zuliano,2026-10-10T23:30:00+00:00,88.3263,soccer.total_goals,period=ft,over,total=2.5,1.55
2026-10-11T00:01:40.423177+02:00,36692323,Primera Division,Venezuela,Metropolitanos FC,Rayo Zuliano,2026-10-10T23:30:00+00:00,88.3263,soccer.total_goals,period=ft,under,total=2.5,2.3
2026-10-11T00:01:40.423177+02:00,36692323,Primera Division,Venezuela,Metropolitanos FC,Rayo Zuliano,2026-10-10T23:30:00+00:00,88.3263,soccer.total_goals,period=ft,over,total=2.75,1.7
2026-10-11T00:01:40.423177+02:00,36692323,Primera Division,Venezuela,Metropolitanos FC,Rayo Zuliano,2026-10-10T23:30:00+00:00,88.3263,soccer.total_goals,period=ft,under,total=2.75,2.07
2026-10-11T00:01:40.423177+02:00,36692323,Primera Division,Venezuela,Metropolitanos FC,Rayo Zuliano,2026-10-10T23:30:00+00:00,88.3263,soccer.total_goals,period=ft,over,total=3.25,2.2
2026-10-11T00:01:40.423177+02:00,36692323,Primera Division,Venezuela,Metropolitanos FC,Rayo Zuliano,2026-10-10T23:30:00+00:00,88.3263,soccer.total_goals,period=ft,under,total=3.25,1.62
2026-10-11T00:01:40.423177+02:00,36692323,Primera Division,Venezuela,Metropolitanos FC,Rayo Zuliano,2026-10-10T23:30:00+00:00,88.3263,soccer.total_goals,period=ft,over,total=3.5,2.4
2026-10-11T00:01:40.423177+02:00,36692323,Primera Division,Venezuela,Metropolitanos FC,Rayo Zuliano,2026-10-10T23:30:00+00:00,88.3263,soccer.total_goals,period=ft,under,total=3.5,1.49
2026-10-11T00:01:40.423177+02:00,36692323,Primera Division,Venezuela,Metropolitanos FC,Rayo Zuliano,2026-10-10T23:30:00+00:00,88.3263,soccer.total_goals,period=ft,over,total=3.75,2.85
2026-10-11T00:01:40.423177+02:00,36692323,Primera Division,Venezuela,Metropolitanos FC,Rayo Zuliano,2026-10-10T23:30:00+00:00,88.3263,soccer.total_goals,period=ft,under,total=3.75,1.37
2026-10-11T00:01:40.423177+02:00,36431739,Primera Division,Chile,CD Universidad Catolica,Audax Italiano,2026-10-10T23:00:00+00:00,58.3263,soccer.asian_handicap,period=ft,home,handicap=-1,1.97
2026-10-11T00:01:40.423177+02:00,36431739,Primera Division,Chile,CD Universidad Catolica,Audax Italiano,2026-10-10T23:00:00+00:00,58.3263,soccer.asian_handicap,period=ft,away,handicap=-1,1.87
2026-10-11T00:01:40.423177+02:00,36431739,Primera Division,Chile,CD Universidad Catolica,Audax Italiano,2026-10-10T23:00:00+00:00,58.3263,soccer.asian_handicap,period=ft,home,handicap=-2,4.3
2026-10-11T00:01:40.423177+02:00,36431739,Primera Division,Chile,CD Universidad Catolica,Audax Italiano,2026-10-10T23:00:00+00:00,58.3263,soccer.asian_handicap,period=ft,away,handicap=-2,1.22
2026-10-11T00:01:40.423177+02:00,36431739,Primera Division,Chile,CD Universidad Catolica,Audax Italiano,2026-10-10T23:00:00+00:00,58.3263,soccer.asian_handicap,period=ft,home,handicap=-1.75,3.1
2026-10-11T00:01:40.423177+02:00,36431739,Primera Division,Chile,CD Universidad Catolica,Audax Italiano,2026-10-10T23:00:00+00:00,58.3263,soccer.asian_handicap,period=ft,away,handicap=-1.75,1.36
2026-10-11T00:01:40.423177+02:00,36431739,Primera Division,Chile,CD Universidad Catolica,Audax Italiano,2026-10-10T23:00:00+00:00,58.3263,soccer.asian_handicap,period=ft,home,handicap=-1.5,2.55
2026-10-11T00:01:40.423177+02:00,36431739,Primera Division,Chile,CD Universidad Catolica,Audax Italiano,2026-10-10T23:00:00+00:00,58.3263,soccer.asian_handicap,period=ft,away,handicap=-1.5,1.51
2026-10-11T00:01:40.423177+02:00,36431739,Primera Division,Chile,CD Universidad Catolica,Audax Italiano,2026-10-10T23:00:00+00:00,58.3263,soccer.asian_handicap,period=ft,home,handicap=-1.25,2.25
2026-10-11T00:01:40.423177+02:00,36431739,Primera Division,Chile,CD Universidad Catolica,Audax Italiano,2026-10-10T23:00:00+00:00,58.3263,soccer.asian_handicap,period=ft,away,handicap=-1.25,1.64
2026-10-11T00:01:40.423177+02:00,36431739,Primera Division,Chile,CD Universidad Catolica,Audax Italiano,2026-10-10T23:00:00+00:00,58.3263,soccer.asian_handicap,period=ft,home,handicap=-0.75,1.71
2026-10-11T00:01:40.423177+02:00,36431739,Primera Division,Chile,CD Universidad Catolica,Audax Italiano,2026-10-10T23:00:00+00:00,58.3263,soccer.asian_handicap,period=ft,away,handicap=-0.75,2.17
2026-10-11T00:01:40.423177+02:00,36431739,Primera Division,Chile,CD Universidad Catolica,Audax Italiano,2026-10-10T23:00:00+00:00,58.3263,soccer.asian_handicap,period=ft,home,handicap=-0.5,1.55
2026-10-11T00:01:40.423177+02:00,36431739,Primera Division,Chile,CD Universidad Catolica,Audax Italiano,2026-10-10T23:00:00+00:00,58.3263,soccer.asian_handicap,period=ft,away,handicap=-0.5,2.45
2026-10-11T00:01:40.423177+02:00,36431739,Primera Division,Chile,CD Universidad Catolica,Audax Italiano,2026-10-10T23:00:00+00:00,58.3263,soccer.asian_handicap,period=ft,home,handicap=-0.25,1.38
2026-10-11T00:01:40.423177+02:00,36431739,Primera Division,Chile,CD Universidad Catolica,Audax Italiano,2026-10-10T23:00:00+00:00,58.3263,soccer.asian_handicap,period=ft,away,handicap=-0.25,3.05
2026-10-11T00:01:40.423177+02:00,36431739,Primera Division,Chile,CD Universidad Catolica,Audax Italiano,2026-10-10T23:00:00+00:00,58.3263,soccer.asian_handicap,period=ft,home,handicap=0,1.21
2026-10-11T00:01:40.423177+02:00,36431739,Primera Division,Chile,CD Universidad Catolica,Audax Italiano,2026-10-10T23:00:00+00:00,58.3263,soccer.asian_handicap,period=ft,away,handicap=0,4.4
2026-10-11T00:01:40.423177+02:00,36431739,Primera Division,Chile,CD Universidad Catolica,Audax Italiano,2026-10-10T23:00:00+00:00,58.3263,soccer.double_chance,period=ft,draw_away,,2.45
2026-10-11T00:01:40.423177+02:00,36431739,Primera Division,Chile,CD Universidad Catolica,Audax Italiano,2026-10-10T23:00:00+00:00,58.3263,soccer.double_chance,period=ft,home_away,,1.23
2026-10-11T00:01:40.423177+02:00,36431739,Primera Division,Chile,CD Universidad Catolica,Audax Italiano,2026-10-10T23:00:00+00:00,58.3263,soccer.double_chance,period=ft,home_draw,,1.14
2026-10-11T00:01:40.423177+02:00,36431739,Primera Division,Chile,CD Universidad Catolica,Audax Italiano,2026-10-10T23:00:00+00:00,58.3263,soccer.match_odds,period=ft,home,,1.55
2026-10-11T00:01:40.423177+02:00,36431739,Primera Division,Chile,CD Universidad Catolica,Audax Italiano,2026-10-10T23:00:00+00:00,58.3263,soccer.match_odds,period=ft,draw,,4.2
2026-10-11T00:01:40.423177+02:00,36431739,Primera Division,Chile,CD Universidad Catolica,Audax Italiano,2026-10-10T23:00:00+00:00,58.3263,soccer.match_odds,period=ft,away,,5.65
2026-10-11T00:01:40.423177+02:00,36431739,Primera Division,Chile,CD Universidad Catolica,Audax Italiano,2026-10-10T23:00:00+00:00,58.3263,soccer.total_goals,period=ft,over,total=2.75,1.98
2026-10-11T00:01:40.423177+02:00,36431739,Primera Division,Chile,CD Universidad Catolica,Audax Italiano,2026-10-10T23:00:00+00:00,58.3263,soccer.total_goals,period=ft,under,total=2.75,1.85
2026-10-11T00:01:40.423177+02:00,36431739,Primera Division,Chile,CD Universidad Catolica,Audax Italiano,2026-10-10T23:00:00+00:00,58.3263,soccer.total_goals,period=ft,over,total=1.5,1.22
2026-10-11T00:01:40.423177+02:00,36431739,Primera Division,Chile,CD Universidad Catolica,Audax Italiano,2026-10-10T23:00:00+00:00,58.3263,soccer.total_goals,period=ft,under,total=1.5,4.1
2026-10-11T00:01:40.423177+02:00,36431739,Primera Division,Chile,CD Universidad Catolica,Audax Italiano,2026-10-10T23:00:00+00:00,58.3263,soccer.total_goals,period=ft,over,total=2.25,1.55
2026-10-11T00:01:40.423177+02:00,36431739,Primera Division,Chile,CD Universidad Catolica,Audax Italiano,2026-10-10T23:00:00+00:00,58.3263,soccer.total_goals,period=ft,under,total=2.25,2.4
2026-10-11T00:01:40.423177+02:00,36431739,Primera Division,Chile,CD Universidad Catolica,Audax Italiano,2026-10-10T23:00:00+00:00,58.3263,soccer.total_goals,period=ft,over,total=2.5,1.76
2026-10-11T00:01:40.423177+02:00,36431739,Primera Division,Chile,CD Universidad Catolica,Audax Italiano,2026-10-10T23:00:00+00:00,58.3263,soccer.total_goals,period=ft,under,total=2.5,2.06
2026-10-11T00:01:40.423177+02:00,36431739,Primera Division,Chile,CD Universidad Catolica,Audax Italiano,2026-10-10T23:00:00+00:00,58.3263,soccer.total_goals,period=ft,over,total=3,2.3
2026-10-11T00:01:40.423177+02:00,36431739,Primera Division,Chile,CD Universidad Catolica,Audax Italiano,2026-10-10T23:00:00+00:00,58.3263,soccer.total_goals,period=ft,under,total=3,1.62
2026-10-11T00:01:40.423177+02:00,36431739,Primera Division,Chile,CD Universidad Catolica,Audax Italiano,2026-10-10T23:00:00+00:00,58.3263,soccer.total_goals,period=ft,over,total=3.25,2.6
2026-10-11T00:01:40.423177+02:00,36431739,Primera Division,Chile,CD Universidad Catolica,Audax Italiano,2026-10-10T23:00:00+00:00,58.3263,soccer.total_goals,period=ft,under,total=3.25,1.49
2026-10-11T00:01:40.423177+02:00,36431739,Primera Division,Chile,CD Universidad Catolica,Audax Italiano,2026-10-10T23:00:00+00:00,58.3263,soccer.total_goals,period=ft,over,total=3.5,2.85
2026-10-11T00:01:40.423177+02:00,36431739,Primera Division,Chile,CD Universidad Catolica,Audax Italiano,2026-10-10T23:00:00+00:00,58.3263,soccer.total_goals,period=ft,under,total=3.5,1.4
2026-10-11T00:01:40.423177+02:00,36431739,Primera Division,Chile,CD Universidad Catolica,Audax Italiano,2026-10-10T23:00:00+00:00,58.3263,soccer.total_goals,period=ft,over,total=4.5,5.45
2026-10-11T00:01:40.423177+02:00,36431739,Primera Division,Chile,CD Universidad Catolica,Audax Italiano,2026-10-10T23:00:00+00:00,58.3263,soccer.total_goals,period=ft,under,total=4.5,1.14
2026-10-11T00:01:40.423177+02:00,36627636,USL Championship,USA,Detroit City FC,Rhode Island FC,2026-10-10T23:00:00+00:00,58.3263,soccer.asian_handicap,period=ft,home,handicap=-0.25,1.96
2026-10-11T00:01:40.423177+02:00,36627636,USL Championship,USA,Detroit City FC,Rhode Island FC,2026-10-10T23:00:00+00:00,58.3263,soccer.asian_handicap,period=ft,away,handicap=-0.25,1.85
2026-10-11T00:01:40.423177+02:00,36627636,USL Championship,USA,Detroit City FC,Rhode Island FC,2026-10-10T23:00:00+00:00,58.3263,soccer.asian_handicap,period=ft,home,handicap=-1.25,4.2
2026-10-11T00:01:40.423177+02:00,36627636,USL Championship,USA,Detroit City FC,Rhode Island FC,2026-10-10T23:00:00+00:00,58.3263,soccer.asian_handicap,period=ft,away,handicap=-1.25,1.21
2026-10-11T00:01:40.423177+02:00,36627636,USL Championship,USA,Detroit City FC,Rhode Island FC,2026-10-10T23:00:00+00:00,58.3263,soccer.asian_handicap,period=ft,home,handicap=-1,3.7
2026-10-11T00:01:40.423177+02:00,36627636,USL Championship,USA,Detroit City FC,Rhode Island FC,2026-10-10T23:00:00+00:00,58.3263,soccer.asian_handicap,period=ft,away,handicap=-1,1.26
2026-10-11T00:01:40.423177+02:00,36627636,USL Championship,USA,Detroit City FC,Rhode Island FC,2026-10-10T23:00:00+00:00,58.3263,soccer.asian_handicap,period=ft,home,handicap=-0.75,2.7
2026-10-11T00:01:40.423177+02:00,36627636,USL Championship,USA,Detroit City FC,Rhode Island FC,2026-10-10T23:00:00+00:00,58.3263,soccer.asian_handicap,period=ft,away,handicap=-0.75,1.44
2026-10-11T00:01:40.423177+02:00,36627636,USL Championship,USA,Detroit City FC,Rhode Island FC,2026-10-10T23:00:00+00:00,58.3263,soccer.asian_handicap,period=ft,home,handicap=-0.5,2.25
2026-10-11T00:01:40.423177+02:00,36627636,USL Championship,USA,Detroit City FC,Rhode Island FC,2026-10-10T23:00:00+00:00,58.3263,soccer.asian_handicap,period=ft,away,handicap=-0.5,1.62
2026-10-11T00:01:40.423177+02:00,36627636,USL Championship,USA,Detroit City FC,Rhode Island FC,2026-10-10T23:00:00+00:00,58.3263,soccer.asian_handicap,period=ft,home,handicap=0,1.62
2026-10-11T00:01:40.423177+02:00,36627636,USL Championship,USA,Detroit City FC,Rhode Island FC,2026-10-10T23:00:00+00:00,58.3263,soccer.asian_handicap,period=ft,away,handicap=0,2.25
2026-10-11T00:01:40.423177+02:00,36627636,USL Championship,USA,Detroit City FC,Rhode Island FC,2026-10-10T23:00:00+00:00,58.3263,soccer.asian_handicap,period=ft,home,handicap=0.25,1.44
2026-10-11T00:01:40.423177+02:00,36627636,USL Championship,USA,Detroit City FC,Rhode Island FC,2026-10-10T23:00:00+00:00,58.3263,soccer.asian_handicap,period=ft,away,handicap=0.25,2.7
2026-10-11T00:01:40.423177+02:00,36627636,USL Championship,USA,Detroit City FC,Rhode Island FC,2026-10-10T23:00:00+00:00,58.3263,soccer.asian_handicap,period=ft,home,handicap=0.5,1.34
2026-10-11T00:01:40.423177+02:00,36627636,USL Championship,USA,Detroit City FC,Rhode Island FC,2026-10-10T23:00:00+00:00,58.3263,soccer.asian_handicap,period=ft,away,handicap=0.5,3.15
2026-10-11T00:01:40.423177+02:00,36627636,USL Championship,USA,Detroit City FC,Rhode Island FC,2026-10-10T23:00:00+00:00,58.3263,soccer.asian_handicap,period=ft,home,handicap=0.75,1.23
2026-10-11T00:01:40.423177+02:00,36627636,USL Championship,USA,Detroit City FC,Rhode Island FC,2026-10-10T23:00:00+00:00,58.3263,soccer.asian_handicap,period=ft,away,handicap=0.75,4.0
2026-10-11T00:01:40.423177+02:00,36627636,USL Championship,USA,Detroit City FC,Rhode Island FC,2026-10-10T23:00:00+00:00,58.3263,soccer.double_chance,period=ft,draw_away,,1.61
2026-10-11T00:01:40.423177+02:00,36627636,USL Championship,USA,Detroit City FC,Rhode Island FC,2026-10-10T23:00:00+00:00,58.3263,soccer.double_chance,period=ft,home_away,,1.32
2026-10-11T00:01:40.423177+02:00,36627636,USL Championship,USA,Detroit City FC,Rhode Island FC,2026-10-10T23:00:00+00:00,58.3263,soccer.double_chance,period=ft,home_draw,,1.34
2026-10-11T00:01:40.423177+02:00,36627636,USL Championship,USA,Detroit City FC,Rhode Island FC,2026-10-10T23:00:00+00:00,58.3263,soccer.match_odds,period=ft,home,,2.25
2026-10-11T00:01:40.423177+02:00,36627636,USL Championship,USA,Detroit City FC,Rhode Island FC,2026-10-10T23:00:00+00:00,58.3263,soccer.match_odds,period=ft,draw,,3.25
2026-10-11T00:01:40.423177+02:00,36627636,USL Championship,USA,Detroit City FC,Rhode Island FC,2026-10-10T23:00:00+00:00,58.3263,soccer.match_odds,period=ft,away,,3.15
2026-10-11T00:01:40.423177+02:00,36627636,USL Championship,USA,Detroit City FC,Rhode Island FC,2026-10-10T23:00:00+00:00,58.3263,soccer.total_goals,period=ft,over,total=2.25,1.94
2026-10-11T00:01:40.423177+02:00,36627636,USL Championship,USA,Detroit City FC,Rhode Island FC,2026-10-10T23:00:00+00:00,58.3263,soccer.total_goals,period=ft,under,total=2.25,1.85
2026-10-11T00:01:40.423177+02:00,36627636,USL Championship,USA,Detroit City FC,Rhode Island FC,2026-10-10T23:00:00+00:00,58.3263,soccer.total_goals,period=ft,over,total=1.5,1.37
2026-10-11T00:01:40.423177+02:00,36627636,USL Championship,USA,Detroit City FC,Rhode Island FC,2026-10-10T23:00:00+00:00,58.3263,soccer.total_goals,period=ft,under,total=1.5,2.95
2026-10-11T00:01:40.423177+02:00,36627636,USL Championship,USA,Detroit City FC,Rhode Island FC,2026-10-10T23:00:00+00:00,58.3263,soccer.total_goals,period=ft,over,total=1.75,1.47
2026-10-11T00:01:40.423177+02:00,36627636,USL Championship,USA,Detroit City FC,Rhode Island FC,2026-10-10T23:00:00+00:00,58.3263,soccer.total_goals,period=ft,under,total=1.75,2.6
2026-10-11T00:01:40.423177+02:00,36627636,USL Championship,USA,Detroit City FC,Rhode Island FC,2026-10-10T23:00:00+00:00,58.3263,soccer.total_goals,period=ft,over,total=2,1.63
2026-10-11T00:01:40.423177+02:00,36627636,USL Championship,USA,Detroit City FC,Rhode Island FC,2026-10-10T23:00:00+00:00,58.3263,soccer.total_goals,period=ft,under,total=2,2.2
2026-10-11T00:01:40.423177+02:00,36627636,USL Championship,USA,Detroit City FC,Rhode Island FC,2026-10-10T23:00:00+00:00,58.3263,soccer.total_goals,period=ft,over,total=2.5,2.2
2026-10-11T00:01:40.423177+02:00,36627636,USL Championship,USA,Detroit City FC,Rhode Island FC,2026-10-10T23:00:00+00:00,58.3263,soccer.total_goals,period=ft,under,total=2.5,1.64
2026-10-11T00:01:40.423177+02:00,36627636,USL Championship,USA,Detroit City FC,Rhode Island FC,2026-10-10T23:00:00+00:00,58.3263,soccer.total_goals,period=ft,over,total=2.75,2.6
2026-10-11T00:01:40.423177+02:00,36627636,USL Championship,USA,Detroit City FC,Rhode Island FC,2026-10-10T23:00:00+00:00,58.3263,soccer.total_goals,period=ft,under,total=2.75,1.47
2026-10-11T00:01:40.423177+02:00,36627636,USL Championship,USA,Detroit City FC,Rhode Island FC,2026-10-10T23:00:00+00:00,58.3263,soccer.total_goals,period=ft,over,total=3.5,4.25
2026-10-11T00:01:40.423177+02:00,36627636,USL Championship,USA,Detroit City FC,Rhode Island FC,2026-10-10T23:00:00+00:00,58.3263,soccer.total_goals,period=ft,under,total=3.5,1.2
2026-10-11T00:01:40.423177+02:00,36627827,USL Championship,USA,Indy Eleven,Tampa Bay Rowdies,2026-10-10T23:00:00+00:00,58.3263,soccer.asian_handicap,period=ft,home,handicap=0.5,1.86
2026-10-11T00:01:40.423177+02:00,36627827,USL Championship,USA,Indy Eleven,Tampa Bay Rowdies,2026-10-10T23:00:00+00:00,58.3263,soccer.asian_handicap,period=ft,away,handicap=0.5,1.94
2026-10-11T00:01:40.423177+02:00,36627827,USL Championship,USA,Indy Eleven,Tampa Bay Rowdies,2026-10-10T23:00:00+00:00,58.3263,soccer.asian_handicap,period=ft,home,handicap=-0.5,3.5
2026-10-11T00:01:40.423177+02:00,36627827,USL Championship,USA,Indy Eleven,Tampa Bay Rowdies,2026-10-10T23:00:00+00:00,58.3263,soccer.asian_handicap,period=ft,away,handicap=-0.5,1.29
2026-10-11T00:01:40.423177+02:00,36627827,USL Championship,USA,Indy Eleven,Tampa Bay Rowdies,2026-10-10T23:00:00+00:00,58.3263,soccer.asian_handicap,period=ft,home,handicap=-0.25,3.05
2026-10-11T00:01:40.423177+02:00,36627827,USL Championship,USA,Indy Eleven,Tampa Bay Rowdies,2026-10-10T23:00:00+00:00,58.3263,soccer.asian_handicap,period=ft,away,handicap=-0.25,1.35
2026-10-11T00:01:40.423177+02:00,36627827,USL Championship,USA,Indy Eleven,Tampa Bay Rowdies,2026-10-10T23:00:00+00:00,58.3263,soccer.asian_handicap,period=ft,home,handicap=0,2.65
2026-10-11T00:01:40.423177+02:00,36627827,USL Championship,USA,Indy Eleven,Tampa Bay Rowdies,2026-10-10T23:00:00+00:00,58.3263,soccer.asian_handicap,period=ft,away,handicap=0,1.46
2026-10-11T00:01:40.423177+02:00,36627827,USL Championship,USA,Indy Eleven,Tampa Bay Rowdies,2026-10-10T23:00:00+00:00,58.3263,soccer.asian_handicap,period=ft,home,handicap=0.25,2.14
2026-10-11T00:01:40.423177+02:00,36627827,USL Championship,USA,Indy Eleven,Tampa Bay Rowdies,2026-10-10T23:00:00+00:00,58.3263,soccer.asian_handicap,period=ft,away,handicap=0.25,1.69
2026-10-11T00:01:40.423177+02:00,36627827,USL Championship,USA,Indy Eleven,Tampa Bay Rowdies,2026-10-10T23:00:00+00:00,58.3263,soccer.asian_handicap,period=ft,home,handicap=0.75,1.65
2026-10-11T00:01:40.423177+02:00,36627827,USL Championship,USA,Indy Eleven,Tampa Bay Rowdies,2026-10-10T23:00:00+00:00,58.3263,soccer.asian_handicap,period=ft,away,handicap=0.75,2.2
2026-10-11T00:01:40.423177+02:00,36627827,USL Championship,USA,Indy Eleven,Tampa Bay Rowdies,2026-10-10T23:00:00+00:00,58.3263,soccer.asian_handicap,period=ft,home,handicap=1,1.45
2026-10-11T00:01:40.423177+02:00,36627827,USL Championship,USA,Indy Eleven,Tampa Bay Rowdies,2026-10-10T23:00:00+00:00,58.3263,soccer.asian_handicap,period=ft,away,handicap=1,2.7
2026-10-11T00:01:40.423177+02:00,36627827,USL Championship,USA,Indy Eleven,Tampa Bay Rowdies,2026-10-10T23:00:00+00:00,58.3263,soccer.asian_handicap,period=ft,home,handicap=1.25,1.36
2026-10-11T00:01:40.423177+02:00,36627827,USL Championship,USA,Indy Eleven,Tampa Bay Rowdies,2026-10-10T23:00:00+00:00,58.3263,soccer.asian_handicap,period=ft,away,handicap=1.25,3.0
2026-10-11T00:01:40.423177+02:00,36627827,USL Championship,USA,Indy Eleven,Tampa Bay Rowdies,2026-10-10T23:00:00+00:00,58.3263,soccer.asian_handicap,period=ft,home,handicap=1.5,1.3
2026-10-11T00:01:40.423177+02:00,36627827,USL Championship,USA,Indy Eleven,Tampa Bay Rowdies,2026-10-10T23:00:00+00:00,58.3263,soccer.asian_handicap,period=ft,away,handicap=1.5,3.4
2026-10-11T00:01:40.423177+02:00,36627827,USL Championship,USA,Indy Eleven,Tampa Bay Rowdies,2026-10-10T23:00:00+00:00,58.3263,soccer.double_chance,period=ft,draw_away,,1.28
2026-10-11T00:01:40.423177+02:00,36627827,USL Championship,USA,Indy Eleven,Tampa Bay Rowdies,2026-10-10T23:00:00+00:00,58.3263,soccer.double_chance,period=ft,home_away,,1.26
2026-10-11T00:01:40.423177+02:00,36627827,USL Championship,USA,Indy Eleven,Tampa Bay Rowdies,2026-10-10T23:00:00+00:00,58.3263,soccer.double_chance,period=ft,home_draw,,1.83
2026-10-11T00:01:40.423177+02:00,36627827,USL Championship,USA,Indy Eleven,Tampa Bay Rowdies,2026-10-10T23:00:00+00:00,58.3263,soccer.match_odds,period=ft,home,,3.5
2026-10-11T00:01:40.423177+02:00,36627827,USL Championship,USA,Indy Eleven,Tampa Bay Rowdies,2026-10-10T23:00:00+00:00,58.3263,soccer.match_odds,period=ft,draw,,3.75
2026-10-11T00:01:40.423177+02:00,36627827,USL Championship,USA,Indy Eleven,Tampa Bay Rowdies,2026-10-10T23:00:00+00:00,58.3263,soccer.match_odds,period=ft,away,,1.93
2026-10-11T00:01:40.423177+02:00,36627827,USL Championship,USA,Indy Eleven,Tampa Bay Rowdies,2026-10-10T23:00:00+00:00,58.3263,soccer.total_goals,period=ft,over,total=2.75,1.94
2026-10-11T00:01:40.423177+02:00,36627827,USL Championship,USA,Indy Eleven,Tampa Bay Rowdies,2026-10-10T23:00:00+00:00,58.3263,soccer.total_goals,period=ft,under,total=2.75,1.85
2026-10-11T00:01:40.423177+02:00,36627827,USL Championship,USA,Indy Eleven,Tampa Bay Rowdies,2026-10-10T23:00:00+00:00,58.3263,soccer.total_goals,period=ft,over,total=1.5,1.23
2026-10-11T00:01:40.423177+02:00,36627827,USL Championship,USA,Indy Eleven,Tampa Bay Rowdies,2026-10-10T23:00:00+00:00,58.3263,soccer.total_goals,period=ft,under,total=1.5,3.9
2026-10-11T00:01:40.423177+02:00,36627827,USL Championship,USA,Indy Eleven,Tampa Bay Rowdies,2026-10-10T23:00:00+00:00,58.3263,soccer.total_goals,period=ft,over,total=2.25,1.55
2026-10-11T00:01:40.423177+02:00,36627827,USL Championship,USA,Indy Eleven,Tampa Bay Rowdies,2026-10-10T23:00:00+00:00,58.3263,soccer.total_goals,period=ft,under,total=2.25,2.4
2026-10-11T00:01:40.423177+02:00,36627827,USL Championship,USA,Indy Eleven,Tampa Bay Rowdies,2026-10-10T23:00:00+00:00,58.3263,soccer.total_goals,period=ft,over,total=2.5,1.75
2026-10-11T00:01:40.423177+02:00,36627827,USL Championship,USA,Indy Eleven,Tampa Bay Rowdies,2026-10-10T23:00:00+00:00,58.3263,soccer.total_goals,period=ft,under,total=2.5,2.05
2026-10-11T00:01:40.423177+02:00,36627827,USL Championship,USA,Indy Eleven,Tampa Bay Rowdies,2026-10-10T23:00:00+00:00,58.3263,soccer.total_goals,period=ft,over,total=3,2.2
2026-10-11T00:01:40.423177+02:00,36627827,USL Championship,USA,Indy Eleven,Tampa Bay Rowdies,2026-10-10T23:00:00+00:00,58.3263,soccer.total_goals,period=ft,under,total=3,1.63
2026-10-11T00:01:40.423177+02:00,36627827,USL Championship,USA,Indy Eleven,Tampa Bay Rowdies,2026-10-10T23:00:00+00:00,58.3263,soccer.total_goals,period=ft,over,total=3.25,2.5
2026-10-11T00:01:40.423177+02:00,36627827,USL Championship,USA,Indy Eleven,Tampa Bay Rowdies,2026-10-10T23:00:00+00:00,58.3263,soccer.total_goals,period=ft,under,total=3.25,1.5
2026-10-11T00:01:40.423177+02:00,36627827,USL Championship,USA,Indy Eleven,Tampa Bay Rowdies,2026-10-10T23:00:00+00:00,58.3263,soccer.total_goals,period=ft,over,total=3.5,2.75
2026-10-11T00:01:40.423177+02:00,36627827,USL Championship,USA,Indy Eleven,Tampa Bay Rowdies,2026-10-10T23:00:00+00:00,58.3263,soccer.total_goals,period=ft,under,total=3.5,1.42
2026-10-11T00:01:40.423177+02:00,36627827,USL Championship,USA,Indy Eleven,Tampa Bay Rowdies,2026-10-10T23:00:00+00:00,58.3263,soccer.total_goals,period=ft,over,total=4.5,5.05
2026-10-11T00:01:40.423177+02:00,36627827,USL Championship,USA,Indy Eleven,Tampa Bay Rowdies,2026-10-10T23:00:00+00:00,58.3263,soccer.total_goals,period=ft,under,total=4.5,1.15
2026-10-11T00:01:40.423177+02:00,36627826,USL Championship,USA,Miami FC,Loudoun United FC,2026-10-10T23:00:00+00:00,58.3263,soccer.asian_handicap,period=ft,home,handicap=-0.75,1.96
2026-10-11T00:01:40.423177+02:00,36627826,USL Championship,USA,Miami FC,Loudoun United FC,2026-10-10T23:00:00+00:00,58.3263,soccer.asian_handicap,period=ft,away,handicap=-0.75,1.85
2026-10-11T00:01:40.423177+02:00,36627826,USL Championship,USA,Miami FC,Loudoun United FC,2026-10-10T23:00:00+00:00,58.3263,soccer.asian_handicap,period=ft,home,handicap=-1.75,3.55
2026-10-11T00:01:40.423177+02:00,36627826,USL Championship,USA,Miami FC,Loudoun United FC,2026-10-10T23:00:00+00:00,58.3263,soccer.asian_handicap,period=ft,away,handicap=-1.75,1.28
2026-10-11T00:01:40.423177+02:00,36627826,USL Championship,USA,Miami FC,Loudoun United FC,2026-10-10T23:00:00+00:00,58.3263,soccer.asian_handicap,period=ft,home,handicap=-1.5,2.9
2026-10-11T00:01:40.423177+02:00,36627826,USL Championship,USA,Miami FC,Loudoun United FC,2026-10-10T23:00:00+00:00,58.3263,soccer.asian_handicap,period=ft,away,handicap=-1.5,1.39
2026-10-11T00:01:40.423177+02:00,36627826,USL Championship,USA,Miami FC,Loudoun United FC,2026-10-10T23:00:00+00:00,58.3263,soccer.asian_handicap,period=ft,home,handicap=-1.25,2.6
2026-10-11T00:01:40.423177+02:00,36627826,USL Championship,USA,Miami FC,Loudoun United FC,2026-10-10T23:00:00+00:00,58.3263,soccer.asian_handicap,period=ft,away,handicap=-1.25,1.48
2026-10-11T00:01:40.423177+02:00,36627826,USL Championship,USA,Miami FC,Loudoun United FC,2026-10-10T23:00:00+00:00,58.3263,soccer.asian_handicap,period=ft,home,handicap=-1,2.25
2026-10-11T00:01:40.423177+02:00,36627826,USL Championship,USA,Miami FC,Loudoun United FC,2026-10-10T23:00:00+00:00,58.3263,soccer.asian_handicap,period=ft,away,handicap=-1,1.62
2026-10-11T00:01:40.423177+02:00,36627826,USL Championship,USA,Miami FC,Loudoun United FC,2026-10-10T23:00:00+00:00,58.3263,soccer.asian_handicap,period=ft,home,handicap=-0.5,1.74
2026-10-11T00:01:40.423177+02:00,36627826,USL Championship,USA,Miami FC,Loudoun United FC,2026-10-10T23:00:00+00:00,58.3263,soccer.asian_handicap,period=ft,away,handicap=-0.5,2.07
2026-10-11T00:01:40.423177+02:00,36627826,USL Championship,USA,Miami FC,Loudoun United FC,2026-10-10T23:00:00+00:00,58.3263,soccer.asian_handicap,period=ft,home,handicap=-0.25,1.55
2026-10-11T00:01:40.423177+02:00,36627826,USL Championship,USA,Miami FC,Loudoun United FC,2026-10-10T23:00:00+00:00,58.3263,soccer.asian_handicap,period=ft,away,handicap=-0.25,2.4
2026-10-11T00:01:40.423177+02:00,36627826,USL Championship,USA,Miami FC,Loudoun United FC,2026-10-10T23:00:00+00:00,58.3263,soccer.asian_handicap,period=ft,home,handicap=0,1.36
2026-10-11T00:01:40.423177+02:00,36627826,USL Championship,USA,Miami FC,Loudoun United FC,2026-10-10T23:00:00+00:00,58.3263,soccer.asian_handicap,period=ft,away,handicap=0,3.0
2026-10-11T00:01:40.423177+02:00,36627826,USL Championship,USA,Miami FC,Loudoun United FC,2026-10-10T23:00:00+00:00,58.3263,soccer.asian_handicap,period=ft,home,handicap=0.25,1.29
2026-10-11T00:01:40.423177+02:00,36627826,USL Championship,USA,Miami FC,Loudoun United FC,2026-10-10T23:00:00+00:00,58.3263,soccer.asian_handicap,period=ft,away,handicap=0.25,3.4
2026-10-11T00:01:40.423177+02:00,36627826,USL Championship,USA,Miami FC,Loudoun United FC,2026-10-10T23:00:00+00:00,58.3263,soccer.double_chance,period=ft,draw_away,,2.04
2026-10-11T00:01:40.423177+02:00,36627826,USL Championship,USA,Miami FC,Loudoun United FC,2026-10-10T23:00:00+00:00,58.3263,soccer.double_chance,period=ft,home_away,,1.21
2026-10-11T00:01:40.423177+02:00,36627826,USL Championship,USA,Miami FC,Loudoun United FC,2026-10-10T23:00:00+00:00,58.3263,soccer.double_chance,period=ft,home_draw,,1.25
2026-10-11T00:01:40.423177+02:00,36627826,USL Championship,USA,Miami FC,Loudoun United FC,2026-10-10T23:00:00+00:00,58.3263,soccer.match_odds,period=ft,home,,1.74
2026-10-11T00:01:40.423177+02:00,36627826,USL Championship,USA,Miami FC,Loudoun United FC,2026-10-10T23:00:00+00:00,58.3263,soccer.match_odds,period=ft,draw,,4.25
2026-10-11T00:01:40.423177+02:00,36627826,USL Championship,USA,Miami FC,Loudoun United FC,2026-10-10T23:00:00+00:00,58.3263,soccer.match_odds,period=ft,away,,3.85
2026-10-11T00:01:40.423177+02:00,36627826,USL Championship,USA,Miami FC,Loudoun United FC,2026-10-10T23:00:00+00:00,58.3263,soccer.total_goals,period=ft,over,total=3.25,1.85
2026-10-11T00:01:40.423177+02:00,36627826,USL Championship,USA,Miami FC,Loudoun United FC,2026-10-10T23:00:00+00:00,58.3263,soccer.total_goals,period=ft,under,total=3.25,1.94
2026-10-11T00:01:40.423177+02:00,36627826,USL Championship,USA,Miami FC,Loudoun United FC,2026-10-10T23:00:00+00:00,58.3263,soccer.total_goals,period=ft,over,total=1.5,1.12
2026-10-11T00:01:40.423177+02:00,36627826,USL Championship,USA,Miami FC,Loudoun United FC,2026-10-10T23:00:00+00:00,58.3263,soccer.total_goals,period=ft,under,total=1.5,5.85
2026-10-11T00:01:40.423177+02:00,36627826,USL Championship,USA,Miami FC,Loudoun United FC,2026-10-10T23:00:00+00:00,58.3263,soccer.total_goals,period=ft,over,total=2.5,1.41
2026-10-11T00:01:40.423177+02:00,36627826,USL Championship,USA,Miami FC,Loudoun United FC,2026-10-10T23:00:00+00:00,58.3263,soccer.total_goals,period=ft,under,total=2.5,2.75
2026-10-11T00:01:40.423177+02:00,36627826,USL Championship,USA,Miami FC,Loudoun United FC,2026-10-10T23:00:00+00:00,58.3263,soccer.total_goals,period=ft,over,total=2.75,1.5
2026-10-11T00:01:40.423177+02:00,36627826,USL Championship,USA,Miami FC,Loudoun United FC,2026-10-10T23:00:00+00:00,58.3263,soccer.total_goals,period=ft,under,total=2.75,2.5
2026-10-11T00:01:40.423177+02:00,36627826,USL Championship,USA,Miami FC,Loudoun United FC,2026-10-10T23:00:00+00:00,58.3263,soccer.total_goals,period=ft,over,total=3,1.63
2026-10-11T00:01:40.423177+02:00,36627826,USL Championship,USA,Miami FC,Loudoun United FC,2026-10-10T23:00:00+00:00,58.3263,soccer.total_goals,period=ft,under,total=3,2.2
2026-10-11T00:01:40.423177+02:00,36627826,USL Championship,USA,Miami FC,Loudoun United FC,2026-10-10T23:00:00+00:00,58.3263,soccer.total_goals,period=ft,over,total=3.5,2.05
2026-10-11T00:01:40.423177+02:00,36627826,USL Championship,USA,Miami FC,Loudoun United FC,2026-10-10T23:00:00+00:00,58.3263,soccer.total_goals,period=ft,under,total=3.5,1.74
2026-10-11T00:01:40.423177+02:00,36627826,USL Championship,USA,Miami FC,Loudoun United FC,2026-10-10T23:00:00+00:00,58.3263,soccer.total_goals,period=ft,over,total=3.75,2.35
2026-10-11T00:01:40.423177+02:00,36627826,USL Championship,USA,Miami FC,Loudoun United FC,2026-10-10T23:00:00+00:00,58.3263,soccer.total_goals,period=ft,under,total=3.75,1.57
2026-10-11T00:01:40.423177+02:00,36627826,USL Championship,USA,Miami FC,Loudoun United FC,2026-10-10T23:00:00+00:00,58.3263,soccer.total_goals,period=ft,over,total=4.5,3.5
2026-10-11T00:01:40.423177+02:00,36627826,USL Championship,USA,Miami FC,Loudoun United FC,2026-10-10T23:00:00+00:00,58.3263,soccer.total_goals,period=ft,under,total=4.5,1.28
2026-10-11T00:01:40.423177+02:00,36627826,USL Championship,USA,Miami FC,Loudoun United FC,2026-10-10T23:00:00+00:00,58.3263,soccer.total_goals,period=ft,over,total=5.5,6.7
2026-10-11T00:01:40.423177+02:00,36627826,USL Championship,USA,Miami FC,Loudoun United FC,2026-10-10T23:00:00+00:00,58.3263,soccer.total_goals,period=ft,under,total=5.5,1.09
2026-10-11T00:01:40.423177+02:00,36627633,USL Championship,USA,Pittsburgh Riverhounds,Hartford Athletic,2026-10-10T23:00:00+00:00,58.3263,soccer.asian_handicap,period=ft,home,handicap=-0.25,1.95
2026-10-11T00:01:40.423177+02:00,36627633,USL Championship,USA,Pittsburgh Riverhounds,Hartford Athletic,2026-10-10T23:00:00+00:00,58.3263,soccer.asian_handicap,period=ft,away,handicap=-0.25,1.86
2026-10-11T00:01:40.423177+02:00,36627633,USL Championship,USA,Pittsburgh Riverhounds,Hartford Athletic,2026-10-10T23:00:00+00:00,58.3263,soccer.asian_handicap,period=ft,home,handicap=-1.25,4.25
2026-10-11T00:01:40.423177+02:00,36627633,USL Championship,USA,Pittsburgh Riverhounds,Hartford Athletic,2026-10-10T23:00:00+00:00,58.3263,soccer.asian_handicap,period=ft,away,handicap=-1.25,1.21
2026-10-11T00:01:40.423177+02:00,36627633,USL Championship,USA,Pittsburgh Riverhounds,Hartford Athletic,2026-10-10T23:00:00+00:00,58.3263,soccer.asian_handicap,period=ft,home,handicap=-1,3.75
2026-10-11T00:01:40.423177+02:00,36627633,USL Championship,USA,Pittsburgh Riverhounds,Hartford Athletic,2026-10-10T23:00:00+00:00,58.3263,soccer.asian_handicap,period=ft,away,handicap=-1,1.25
2026-10-11T00:01:40.423177+02:00,36627633,USL Championship,USA,Pittsburgh Riverhounds,Hartford Athletic,2026-10-10T23:00:00+00:00,58.3263,soccer.asian_handicap,period=ft,home,handicap=-0.75,2.75
2026-10-11T00:01:40.423177+02:00,36627633,USL Championship,USA,Pittsburgh Riverhounds,Hartford Athletic,2026-10-10T23:00:00+00:00,58.3263,soccer.asian_handicap,period=ft,away,handicap=-0.75,1.43
2026-10-11T00:01:40.423177+02:00,36627633,USL Championship,USA,Pittsburgh Riverhounds,Hartford Athletic,2026-10-10T23:00:00+00:00,58.3263,soccer.asian_handicap,period=ft,home,handicap=-0.5,2.25
2026-10-11T00:01:40.423177+02:00,36627633,USL Championship,USA,Pittsburgh Riverhounds,Hartford Athletic,2026-10-10T23:00:00+00:00,58.3263,soccer.asian_handicap,period=ft,away,handicap=-0.5,1.61
2026-10-11T00:01:40.423177+02:00,36627633,USL Championship,USA,Pittsburgh Riverhounds,Hartford Athletic,2026-10-10T23:00:00+00:00,58.3263,soccer.asian_handicap,period=ft,home,handicap=0,1.58
2026-10-11T00:01:40.423177+02:00,36627633,USL Championship,USA,Pittsburgh Riverhounds,Hartford Athletic,2026-10-10T23:00:00+00:00,58.3263,soccer.asian_handicap,period=ft,away,handicap=0,2.35
2026-10-11T00:01:40.423177+02:00,36627633,USL Championship,USA,Pittsburgh Riverhounds,Hartford Athletic,2026-10-10T23:00:00+00:00,58.3263,soccer.asian_handicap,period=ft,home,handicap=0.25,1.4
2026-10-11T00:01:40.423177+02:00,36627633,USL Championship,USA,Pittsburgh Riverhounds,Hartford Athletic,2026-10-10T23:00:00+00:00,58.3263,soccer.asian_handicap,period=ft,away,handicap=0.25,2.85
2026-10-11T00:01:40.423177+02:00,36627633,USL Championship,USA,Pittsburgh Riverhounds,Hartford Athletic,2026-10-10T23:00:00+00:00,58.3263,soccer.asian_handicap,period=ft,home,handicap=0.5,1.3
2026-10-11T00:01:40.423177+02:00,36627633,USL Championship,USA,Pittsburgh Riverhounds,Hartford Athletic,2026-10-10T23:00:00+00:00,58.3263,soccer.asian_handicap,period=ft,away,handicap=0.5,3.35
2026-10-11T00:01:40.423177+02:00,36627633,USL Championship,USA,Pittsburgh Riverhounds,Hartford Athletic,2026-10-10T23:00:00+00:00,58.3263,soccer.asian_handicap,period=ft,home,handicap=0.75,1.19
2026-10-11T00:01:40.423177+02:00,36627633,USL Championship,USA,Pittsburgh Riverhounds,Hartford Athletic,2026-10-10T23:00:00+00:00,58.3263,soccer.asian_handicap,period=ft,away,handicap=0.75,4.4
2026-10-11T00:01:40.423177+02:00,36627633,USL Championship,USA,Pittsburgh Riverhounds,Hartford Athletic,2026-10-10T23:00:00+00:00,58.3263,soccer.double_chance,period=ft,draw_away,,1.6
2026-10-11T00:01:40.423177+02:00,36627633,USL Championship,USA,Pittsburgh Riverhounds,Hartford Athletic,2026-10-10T23:00:00+00:00,58.3263,soccer.double_chance,period=ft,home_away,,1.37
2026-10-11T00:01:40.423177+02:00,36627633,USL Championship,USA,Pittsburgh Riverhounds,Hartford Athletic,2026-10-10T23:00:00+00:00,58.3263,soccer.double_chance,period=ft,home_draw,,1.3
2026-10-11T00:01:40.423177+02:00,36627633,USL Championship,USA,Pittsburgh Riverhounds,Hartford Athletic,2026-10-10T23:00:00+00:00,58.3263,soccer.match_odds,period=ft,home,,2.25
2026-10-11T00:01:40.423177+02:00,36627633,USL Championship,USA,Pittsburgh Riverhounds,Hartford Athletic,2026-10-10T23:00:00+00:00,58.3263,soccer.match_odds,period=ft,draw,,3.0
2026-10-11T00:01:40.423177+02:00,36627633,USL Championship,USA,Pittsburgh Riverhounds,Hartford Athletic,2026-10-10T23:00:00+00:00,58.3263,soccer.match_odds,period=ft,away,,3.4
2026-10-11T00:01:40.423177+02:00,36627633,USL Championship,USA,Pittsburgh Riverhounds,Hartford Athletic,2026-10-10T23:00:00+00:00,58.3263,soccer.total_goals,period=ft,over,total=2.25,2.0
2026-10-11T00:01:40.423177+02:00,36627633,USL Championship,USA,Pittsburgh Riverhounds,Hartford Athletic,2026-10-10T23:00:00+00:00,58.3263,soccer.total_goals,period=ft,under,total=2.25,1.8
2026-10-11T00:01:40.423177+02:00,36627633,USL Championship,USA,Pittsburgh Riverhounds,Hartford Athletic,2026-10-10T23:00:00+00:00,58.3263,soccer.total_goals,period=ft,over,total=1.5,1.39
2026-10-11T00:01:40.423177+02:00,36627633,USL Championship,USA,Pittsburgh Riverhounds,Hartford Athletic,2026-10-10T23:00:00+00:00,58.3263,soccer.total_goals,period=ft,under,total=1.5,2.85
2026-10-11T00:01:40.423177+02:00,36627633,USL Championship,USA,Pittsburgh Riverhounds,Hartford Athletic,2026-10-10T23:00:00+00:00,58.3263,soccer.total_goals,period=ft,over,total=1.75,1.5
2026-10-11T00:01:40.423177+02:00,36627633,USL Championship,USA,Pittsburgh Riverhounds,Hartford Athletic,2026-10-10T23:00:00+00:00,58.3263,soccer.total_goals,period=ft,under,total=1.75,2.5
2026-10-11T00:01:40.423177+02:00,36627633,USL Championship,USA,Pittsburgh Riverhounds,Hartford Athletic,2026-10-10T23:00:00+00:00,58.3263,soccer.total_goals,period=ft,over,total=2,1.68
2026-10-11T00:01:40.423177+02:00,36627633,USL Championship,USA,Pittsburgh Riverhounds,Hartford Athletic,2026-10-10T23:00:00+00:00,58.3263,soccer.total_goals,period=ft,under,total=2,2.15
2026-10-11T00:01:40.423177+02:00,36627633,USL Championship,USA,Pittsburgh Riverhounds,Hartford Athletic,2026-10-10T23:00:00+00:00,58.3263,soccer.total_goals,period=ft,over,total=2.5,2.25
2026-10-11T00:01:40.423177+02:00,36627633,USL Championship,USA,Pittsburgh Riverhounds,Hartford Athletic,2026-10-10T23:00:00+00:00,58.3263,soccer.total_goals,period=ft,under,total=2.5,1.61
2026-10-11T00:01:40.423177+02:00,36627633,USL Championship,USA,Pittsburgh Riverhounds,Hartford Athletic,2026-10-10T23:00:00+00:00,58.3263,soccer.total_goals,period=ft,over,total=2.75,2.65
2026-10-11T00:01:40.423177+02:00,36627633,USL Championship,USA,Pittsburgh Riverhounds,Hartford Athletic,2026-10-10T23:00:00+00:00,58.3263,soccer.total_goals,period=ft,under,total=2.75,1.45
2026-10-11T00:01:40.423177+02:00,36627633,USL Championship,USA,Pittsburgh Riverhounds,Hartford Athletic,2026-10-10T23:00:00+00:00,58.3263,soccer.total_goals,period=ft,over,total=3.5,4.15
2026-10-11T00:01:40.423177+02:00,36627633,USL Championship,USA,Pittsburgh Riverhounds,Hartford Athletic,2026-10-10T23:00:00+00:00,58.3263,soccer.total_goals,period=ft,under,total=3.5,1.21
2026-10-11T00:01:40.423177+02:00,36521856,Liga Profesional,Argentina,CA Tigre,CA Banfield,2026-10-10T22:15:00+00:00,13.3263,soccer.asian_handicap,period=ft,home,handicap=-0.5,1.82
2026-10-11T00:01:40.423177+02:00,36521856,Liga Profesional,Argentina,CA Tigre,CA Banfield,2026-10-10T22:15:00+00:00,13.3263,soccer.asian_handicap,period=ft,away,handicap=-0.5,2.04
2026-10-11T00:01:40.423177+02:00,36521856,Liga Profesional,Argentina,CA Tigre,CA Banfield,2026-10-10T22:15:00+00:00,13.3263,soccer.asian_handicap,period=ft,home,handicap=-1.5,3.45
2026-10-11T00:01:40.423177+02:00,36521856,Liga Profesional,Argentina,CA Tigre,CA Banfield,2026-10-10T22:15:00+00:00,13.3263,soccer.asian_handicap,period=ft,away,handicap=-1.5,1.31
2026-10-11T00:01:40.423177+02:00,36521856,Liga Profesional,Argentina,CA Tigre,CA Banfield,2026-10-10T22:15:00+00:00,13.3263,soccer.asian_handicap,period=ft,home,handicap=-1.25,3.05
2026-10-11T00:01:40.423177+02:00,36521856,Liga Profesional,Argentina,CA Tigre,CA Banfield,2026-10-10T22:15:00+00:00,13.3263,soccer.asian_handicap,period=ft,away,handicap=-1.25,1.38
2026-10-11T00:01:40.423177+02:00,36521856,Liga Profesional,Argentina,CA Tigre,CA Banfield,2026-10-10T22:15:00+00:00,13.3263,soccer.asian_handicap,period=ft,home,handicap=-1,2.6
2026-10-11T00:01:40.423177+02:00,36521856,Liga Profesional,Argentina,CA Tigre,CA Banfield,2026-10-10T22:15:00+00:00,13.3263,soccer.asian_handicap,period=ft,away,handicap=-1,1.51
2026-10-11T00:01:40.423177+02:00,36521856,Liga Profesional,Argentina,CA Tigre,CA Banfield,2026-10-10T22:15:00+00:00,13.3263,soccer.asian_handicap,period=ft,home,handicap=-0.75,2.09
2026-10-11T00:01:40.423177+02:00,36521856,Liga Profesional,Argentina,CA Tigre,CA Banfield,2026-10-10T22:15:00+00:00,13.3263,soccer.asian_handicap,period=ft,away,handicap=-0.75,1.77
2026-10-11T00:01:40.423177+02:00,36521856,Liga Profesional,Argentina,CA Tigre,CA Banfield,2026-10-10T22:15:00+00:00,13.3263,soccer.asian_handicap,period=ft,home,handicap=-0.25,1.56
2026-10-11T00:01:40.423177+02:00,36521856,Liga Profesional,Argentina,CA Tigre,CA Banfield,2026-10-10T22:15:00+00:00,13.3263,soccer.asian_handicap,period=ft,away,handicap=-0.25,2.5
2026-10-11T00:01:40.423177+02:00,36521856,Liga Profesional,Argentina,CA Tigre,CA Banfield,2026-10-10T22:15:00+00:00,13.3263,soccer.asian_handicap,period=ft,home,handicap=0,1.29
2026-10-11T00:01:40.423177+02:00,36521856,Liga Profesional,Argentina,CA Tigre,CA Banfield,2026-10-10T22:15:00+00:00,13.3263,soccer.asian_handicap,period=ft,away,handicap=0,3.65
2026-10-11T00:01:40.423177+02:00,36521856,Liga Profesional,Argentina,CA Tigre,CA Banfield,2026-10-10T22:15:00+00:00,13.3263,soccer.asian_handicap,period=ft,home,handicap=0.25,1.22
2026-10-11T00:01:40.423177+02:00,36521856,Liga Profesional,Argentina,CA Tigre,CA Banfield,2026-10-10T22:15:00+00:00,13.3263,soccer.asian_handicap,period=ft,away,handicap=0.25,4.35
2026-10-11T00:01:40.423177+02:00,36521856,Liga Profesional,Argentina,CA Tigre,CA Banfield,2026-10-10T22:15:00+00:00,13.3263,soccer.asian_handicap,period=ft,home,handicap=0.5,1.18
2026-10-11T00:01:40.423177+02:00,36521856,Liga Profesional,Argentina,CA Tigre,CA Banfield,2026-10-10T22:15:00+00:00,13.3263,soccer.asian_handicap,period=ft,away,handicap=0.5,5.0
2026-10-11T00:01:40.423177+02:00,36521856,Liga Profesional,Argentina,CA Tigre,CA Banfield,2026-10-10T22:15:00+00:00,13.3263,soccer.double_chance,period=ft,draw_away,,2.01
2026-10-11T00:01:40.423177+02:00,36521856,Liga Profesional,Argentina,CA Tigre,CA Banfield,2026-10-10T22:15:00+00:00,13.3263,soccer.double_chance,period=ft,home_away,,1.34
2026-10-11T00:01:40.423177+02:00,36521856,Liga Profesional,Argentina,CA Tigre,CA Banfield,2026-10-10T22:15:00+00:00,13.3263,soccer.double_chance,period=ft,home_draw,,1.17
2026-10-11T00:01:40.423177+02:00,36521856,Liga Profesional,Argentina,CA Tigre,CA Banfield,2026-10-10T22:15:00+00:00,13.3263,soccer.match_odds,period=ft,home,,1.82
2026-10-11T00:01:40.423177+02:00,36521856,Liga Profesional,Argentina,CA Tigre,CA Banfield,2026-10-10T22:15:00+00:00,13.3263,soccer.match_odds,period=ft,draw,,3.3
2026-10-11T00:01:40.423177+02:00,36521856,Liga Profesional,Argentina,CA Tigre,CA Banfield,2026-10-10T22:15:00+00:00,13.3263,soccer.match_odds,period=ft,away,,5.1
2026-10-11T00:01:40.423177+02:00,36521856,Liga Profesional,Argentina,CA Tigre,CA Banfield,2026-10-10T22:15:00+00:00,13.3263,soccer.total_goals,period=ft,over,total=2.25,2.06
2026-10-11T00:01:40.423177+02:00,36521856,Liga Profesional,Argentina,CA Tigre,CA Banfield,2026-10-10T22:15:00+00:00,13.3263,soccer.total_goals,period=ft,under,total=2.25,1.8
2026-10-11T00:01:40.423177+02:00,36521856,Liga Profesional,Argentina,CA Tigre,CA Banfield,2026-10-10T22:15:00+00:00,13.3263,soccer.total_goals,period=ft,over,total=1.5,1.42
2026-10-11T00:01:40.423177+02:00,36521856,Liga Profesional,Argentina,CA Tigre,CA Banfield,2026-10-10T22:15:00+00:00,13.3263,soccer.total_goals,period=ft,under,total=1.5,2.85
2026-10-11T00:01:40.423177+02:00,36521856,Liga Profesional,Argentina,CA Tigre,CA Banfield,2026-10-10T22:15:00+00:00,13.3263,soccer.total_goals,period=ft,over,total=1.75,1.54
2026-10-11T00:01:40.423177+02:00,36521856,Liga Profesional,Argentina,CA Tigre,CA Banfield,2026-10-10T22:15:00+00:00,13.3263,soccer.total_goals,period=ft,under,total=1.75,2.45
2026-10-11T00:01:40.423177+02:00,36521856,Liga Profesional,Argentina,CA Tigre,CA Banfield,2026-10-10T22:15:00+00:00,13.3263,soccer.total_goals,period=ft,over,total=2,1.74
2026-10-11T00:01:40.423177+02:00,36521856,Liga Profesional,Argentina,CA Tigre,CA Banfield,2026-10-10T22:15:00+00:00,13.3263,soccer.total_goals,period=ft,under,total=2,2.12
2026-10-11T00:01:40.423177+02:00,36521856,Liga Profesional,Argentina,CA Tigre,CA Banfield,2026-10-10T22:15:00+00:00,13.3263,soccer.total_goals,period=ft,over,total=2.5,2.35
2026-10-11T00:01:40.423177+02:00,36521856,Liga Profesional,Argentina,CA Tigre,CA Banfield,2026-10-10T22:15:00+00:00,13.3263,soccer.total_goals,period=ft,under,total=2.5,1.6
2026-10-11T00:01:40.423177+02:00,36521856,Liga Profesional,Argentina,CA Tigre,CA Banfield,2026-10-10T22:15:00+00:00,13.3263,soccer.total_goals,period=ft,over,total=2.75,2.8
2026-10-11T00:01:40.423177+02:00,36521856,Liga Profesional,Argentina,CA Tigre,CA Banfield,2026-10-10T22:15:00+00:00,13.3263,soccer.total_goals,period=ft,under,total=2.75,1.44
2026-10-11T00:01:40.423177+02:00,36521856,Liga Profesional,Argentina,CA Tigre,CA Banfield,2026-10-10T22:15:00+00:00,13.3263,soccer.total_goals,period=ft,over,total=3.5,4.5
2026-10-11T00:01:40.423177+02:00,36521856,Liga Profesional,Argentina,CA Tigre,CA Banfield,2026-10-10T22:15:00+00:00,13.3263,soccer.total_goals,period=ft,under,total=3.5,1.2
2026-10-11T00:01:40.423177+02:00,36713913,"Liga MX, Apertura",Mexico,Deportiva Venados,Pioneros de Cancun,2026-10-10T23:00:00+00:00,58.3263,soccer.asian_handicap,period=ft,home,handicap=-0.25,1.91
2026-10-11T00:01:40.423177+02:00,36713913,"Liga MX, Apertura",Mexico,Deportiva Venados,Pioneros de Cancun,2026-10-10T23:00:00+00:00,58.3263,soccer.asian_handicap,period=ft,away,handicap=-0.25,1.79
2026-10-11T00:01:40.423177+02:00,36713913,"Liga MX, Apertura",Mexico,Deportiva Venados,Pioneros de Cancun,2026-10-10T23:00:00+00:00,58.3263,soccer.asian_handicap,period=ft,home,handicap=-1,3.1
2026-10-11T00:01:40.423177+02:00,36713913,"Liga MX, Apertura",Mexico,Deportiva Venados,Pioneros de Cancun,2026-10-10T23:00:00+00:00,58.3263,soccer.asian_handicap,period=ft,away,handicap=-1,1.28
2026-10-11T00:01:40.423177+02:00,36713913,"Liga MX, Apertura",Mexico,Deportiva Venados,Pioneros de Cancun,2026-10-10T23:00:00+00:00,58.3263,soccer.asian_handicap,period=ft,home,handicap=-0.75,2.45
2026-10-11T00:01:40.423177+02:00,36713913,"Liga MX, Apertura",Mexico,Deportiva Venados,Pioneros de Cancun,2026-10-10T23:00:00+00:00,58.3263,soccer.asian_handicap,period=ft,away,handicap=-0.75,1.44
2026-10-11T00:01:40.423177+02:00,36713913,"Liga MX, Apertura",Mexico,Deportiva Venados,Pioneros de Cancun,2026-10-10T23:00:00+00:00,58.3263,soccer.asian_handicap,period=ft,home,handicap=-0.5,2.14
2026-10-11T00:01:40.423177+02:00,36713913,"Liga MX, Apertura",Mexico,Deportiva Venados,Pioneros de Cancun,2026-10-10T23:00:00+00:00,58.3263,soccer.asian_handicap,period=ft,away,handicap=-0.5,1.6
2026-10-11T00:01:40.423177+02:00,36713913,"Liga MX, Apertura",Mexico,Deportiva Venados,Pioneros de Cancun,2026-10-10T23:00:00+00:00,58.3263,soccer.asian_handicap,period=ft,home,handicap=0,1.64
2026-10-11T00:01:40.423177+02:00,36713913,"Liga MX, Apertura",Mexico,Deportiva Venados,Pioneros de Cancun,2026-10-10T23:00:00+00:00,58.3263,soccer.asian_handicap,period=ft,away,handicap=0,2.07
2026-10-11T00:01:40.423177+02:00,36713913,"Liga MX, Apertura",Mexico,Deportiva Venados,Pioneros de Cancun,2026-10-10T23:00:00+00:00,58.3263,soccer.asian_handicap,period=ft,home,handicap=0.25,1.48
2026-10-11T00:01:40.423177+02:00,36713913,"Liga MX, Apertura",Mexico,Deportiva Venados,Pioneros de Cancun,2026-10-10T23:00:00+00:00,58.3263,soccer.asian_handicap,period=ft,away,handicap=0.25,2.35
2026-10-11T00:01:40.423177+02:00,36713913,"Liga MX, Apertura",Mexico,Deportiva Venados,Pioneros de Cancun,2026-10-10T23:00:00+00:00,58.3263,soccer.asian_handicap,period=ft,home,handicap=0.5,1.38
2026-10-11T00:01:40.423177+02:00,36713913,"Liga MX, Apertura",Mexico,Deportiva Venados,Pioneros de Cancun,2026-10-10T23:00:00+00:00,58.3263,soccer.asian_handicap,period=ft,away,handicap=0.5,2.65
2026-10-11T00:01:40.423177+02:00,36713913,"Liga MX, Apertura",Mexico,Deportiva Venados,Pioneros de Cancun,2026-10-10T23:00:00+00:00,58.3263,soccer.double_chance,period=ft,draw_away,,1.6
2026-10-11T00:01:40.423177+02:00,36713913,"Liga MX, Apertura",Mexico,Deportiva Venados,Pioneros de Cancun,2026-10-10T23:00:00+00:00,58.3263,soccer.double_chance,period=ft,home_away,,1.3
2026-10-11T00:01:40.423177+02:00,36713913,"Liga MX, Apertura",Mexico,Deportiva Venados,Pioneros de Cancun,2026-10-10T23:00:00+00:00,58.3263,soccer.double_chance,period=ft,home_draw,,1.42
2026-10-11T00:01:40.423177+02:00,36713913,"Liga MX, Apertura",Mexico,Deportiva Venados,Pioneros de Cancun,2026-10-10T23:00:00+00:00,58.3263,soccer.match_odds,period=ft,home,,2.15
2026-10-11T00:01:40.423177+02:00,36713913,"Liga MX, Apertura",Mexico,Deportiva Venados,Pioneros de Cancun,2026-10-10T23:00:00+00:00,58.3263,soccer.match_odds,period=ft,draw,,3.4
2026-10-11T00:01:40.423177+02:00,36713913,"Liga MX, Apertura",Mexico,Deportiva Venados,Pioneros de Cancun,2026-10-10T23:00:00+00:00,58.3263,soccer.match_odds,period=ft,away,,2.7
2026-10-11T00:01:40.423177+02:00,36713913,"Liga MX, Apertura",Mexico,Deportiva Venados,Pioneros de Cancun,2026-10-10T23:00:00+00:00,58.3263,soccer.total_goals,period=ft,over,total=2.75,1.76
2026-10-11T00:01:40.423177+02:00,36713913,"Liga MX, Apertura",Mexico,Deportiva Venados,Pioneros de Cancun,2026-10-10T23:00:00+00:00,58.3263,soccer.total_goals,period=ft,under,total=2.75,1.94
2026-10-11T00:01:40.423177+02:00,36713913,"Liga MX, Apertura",Mexico,Deportiva Venados,Pioneros de Cancun,2026-10-10T23:00:00+00:00,58.3263,soccer.total_goals,period=ft,over,total=2,1.24
2026-10-11T00:01:40.423177+02:00,36713913,"Liga MX, Apertura",Mexico,Deportiva Venados,Pioneros de Cancun,2026-10-10T23:00:00+00:00,58.3263,soccer.total_goals,period=ft,under,total=2,3.35
2026-10-11T00:01:40.423177+02:00,36713913,"Liga MX, Apertura",Mexico,Deportiva Venados,Pioneros de Cancun,2026-10-10T23:00:00+00:00,58.3263,soccer.total_goals,period=ft,over,total=2.25,1.42
2026-10-11T00:01:40.423177+02:00,36713913,"Liga MX, Apertura",Mexico,Deportiva Venados,Pioneros de Cancun,2026-10-10T23:00:00+00:00,58.3263,soccer.total_goals,period=ft,under,total=2.25,2.5
2026-10-11T00:01:40.423177+02:00,36713913,"Liga MX, Apertura",Mexico,Deportiva Venados,Pioneros de Cancun,2026-10-10T23:00:00+00:00,58.3263,soccer.total_goals,period=ft,over,total=2.5,1.6
2026-10-11T00:01:40.423177+02:00,36713913,"Liga MX, Apertura",Mexico,Deportiva Venados,Pioneros de Cancun,2026-10-10T23:00:00+00:00,58.3263,soccer.total_goals,period=ft,under,total=2.5,2.14
2026-10-11T00:01:40.423177+02:00,36713913,"Liga MX, Apertura",Mexico,Deportiva Venados,Pioneros de Cancun,2026-10-10T23:00:00+00:00,58.3263,soccer.total_goals,period=ft,over,total=3,1.99
2026-10-11T00:01:40.423177+02:00,36713913,"Liga MX, Apertura",Mexico,Deportiva Venados,Pioneros de Cancun,2026-10-10T23:00:00+00:00,58.3263,soccer.total_goals,period=ft,under,total=3,1.7
2026-10-11T00:01:40.423177+02:00,36713913,"Liga MX, Apertura",Mexico,Deportiva Venados,Pioneros de Cancun,2026-10-10T23:00:00+00:00,58.3263,soccer.total_goals,period=ft,over,total=3.25,2.2
2026-10-11T00:01:40.423177+02:00,36713913,"Liga MX, Apertura",Mexico,Deportiva Venados,Pioneros de Cancun,2026-10-10T23:00:00+00:00,58.3263,soccer.total_goals,period=ft,under,total=3.25,1.54
2026-10-11T00:01:40.423177+02:00,36713913,"Liga MX, Apertura",Mexico,Deportiva Venados,Pioneros de Cancun,2026-10-10T23:00:00+00:00,58.3263,soccer.total_goals,period=ft,over,total=3.5,2.45
2026-10-11T00:01:40.423177+02:00,36713913,"Liga MX, Apertura",Mexico,Deportiva Venados,Pioneros de Cancun,2026-10-10T23:00:00+00:00,58.3263,soccer.total_goals,period=ft,under,total=3.5,1.44
2026-10-11T00:01:40.423177+02:00,36543872,"Liga MX, Apertura",Mexico,FC Juarez,Club Tijuana de Caliente,2026-10-10T23:00:00+00:00,58.3263,soccer.asian_handicap,period=ft,home,handicap=0,2.04
2026-10-11T00:01:40.423177+02:00,36543872,"Liga MX, Apertura",Mexico,FC Juarez,Club Tijuana de Caliente,2026-10-10T23:00:00+00:00,58.3263,soccer.asian_handicap,period=ft,away,handicap=0,1.82
2026-10-11T00:01:40.423177+02:00,36543872,"Liga MX, Apertura",Mexico,FC Juarez,Club Tijuana de Caliente,2026-10-10T23:00:00+00:00,58.3263,soccer.asian_handicap,period=ft,home,handicap=-1,4.95
2026-10-11T00:01:40.423177+02:00,36543872,"Liga MX, Apertura",Mexico,FC Juarez,Club Tijuana de Caliente,2026-10-10T23:00:00+00:00,58.3263,soccer.asian_handicap,period=ft,away,handicap=-1,1.18
2026-10-11T00:01:40.423177+02:00,36543872,"Liga MX, Apertura",Mexico,FC Juarez,Club Tijuana de Caliente,2026-10-10T23:00:00+00:00,58.3263,soccer.asian_handicap,period=ft,home,handicap=-0.75,3.45
2026-10-11T00:01:40.423177+02:00,36543872,"Liga MX, Apertura",Mexico,FC Juarez,Club Tijuana de Caliente,2026-10-10T23:00:00+00:00,58.3263,soccer.asian_handicap,period=ft,away,handicap=-0.75,1.31
2026-10-11T00:01:40.423177+02:00,36543872,"Liga MX, Apertura",Mexico,FC Juarez,Club Tijuana de Caliente,2026-10-10T23:00:00+00:00,58.3263,soccer.asian_handicap,period=ft,home,handicap=-0.5,2.8
2026-10-11T00:01:40.423177+02:00,36543872,"Liga MX, Apertura",Mexico,FC Juarez,Club Tijuana de Caliente,2026-10-10T23:00:00+00:00,58.3263,soccer.asian_handicap,period=ft,away,handicap=-0.5,1.45
2026-10-11T00:01:40.423177+02:00,36543872,"Liga MX, Apertura",Mexico,FC Juarez,Club Tijuana de Caliente,2026-10-10T23:00:00+00:00,58.3263,soccer.asian_handicap,period=ft,home,handicap=-0.25,2.4
2026-10-11T00:01:40.423177+02:00,36543872,"Liga MX, Apertura",Mexico,FC Juarez,Club Tijuana de Caliente,2026-10-10T23:00:00+00:00,58.3263,soccer.asian_handicap,period=ft,away,handicap=-0.25,1.59
2026-10-11T00:01:40.423177+02:00,36543872,"Liga MX, Apertura",Mexico,FC Juarez,Club Tijuana de Caliente,2026-10-10T23:00:00+00:00,58.3263,soccer.asian_handicap,period=ft,home,handicap=0.25,1.72
2026-10-11T00:01:40.423177+02:00,36543872,"Liga MX, Apertura",Mexico,FC Juarez,Club Tijuana de Caliente,2026-10-10T23:00:00+00:00,58.3263,soccer.asian_handicap,period=ft,away,handicap=0.25,2.16
2026-10-11T00:01:40.423177+02:00,36543872,"Liga MX, Apertura",Mexico,FC Juarez,Club Tijuana de Caliente,2026-10-10T23:00:00+00:00,58.3263,soccer.asian_handicap,period=ft,home,handicap=0.5,1.55
2026-10-11T00:01:40.423177+02:00,36543872,"Liga MX, Apertura",Mexico,FC Juarez,Club Tijuana de Caliente,2026-10-10T23:00:00+00:00,58.3263,soccer.asian_handicap,period=ft,away,handicap=0.5,2.5
2026-10-11T00:01:40.423177+02:00,36543872,"Liga MX, Apertura",Mexico,FC Juarez,Club Tijuana de Caliente,2026-10-10T23:00:00+00:00,58.3263,soccer.asian_handicap,period=ft,home,handicap=0.75,1.39
2026-10-11T00:01:40.423177+02:00,36543872,"Liga MX, Apertura",Mexico,FC Juarez,Club Tijuana de Caliente,2026-10-10T23:00:00+00:00,58.3263,soccer.asian_handicap,period=ft,away,handicap=0.75,3.0
2026-10-11T00:01:40.423177+02:00,36543872,"Liga MX, Apertura",Mexico,FC Juarez,Club Tijuana de Caliente,2026-10-10T23:00:00+00:00,58.3263,soccer.asian_handicap,period=ft,home,handicap=1,1.24
2026-10-11T00:01:40.423177+02:00,36543872,"Liga MX, Apertura",Mexico,FC Juarez,Club Tijuana de Caliente,2026-10-10T23:00:00+00:00,58.3263,soccer.asian_handicap,period=ft,away,handicap=1,4.1
2026-10-11T00:01:40.423177+02:00,36543872,"Liga MX, Apertura",Mexico,FC Juarez,Club Tijuana de Caliente,2026-10-10T23:00:00+00:00,58.3263,soccer.double_chance,period=ft,draw_away,,1.44
2026-10-11T00:01:40.423177+02:00,36543872,"Liga MX, Apertura",Mexico,FC Juarez,Club Tijuana de Caliente,2026-10-10T23:00:00+00:00,58.3263,soccer.double_chance,period=ft,home_away,,1.33
2026-10-11T00:01:40.423177+02:00,36543872,"Liga MX, Apertura",Mexico,FC Juarez,Club Tijuana de Caliente,2026-10-10T23:00:00+00:00,58.3263,soccer.double_chance,period=ft,home_draw,,1.54
2026-10-11T00:01:40.423177+02:00,36543872,"Liga MX, Apertura",Mexico,FC Juarez,Club Tijuana de Caliente,2026-10-10T23:00:00+00:00,58.3263,soccer.match_odds,period=ft,home,,2.8
2026-10-11T00:01:40.423177+02:00,36543872,"Liga MX, Apertura",Mexico,FC Juarez,Club Tijuana de Caliente,2026-10-10T23:00:00+00:00,58.3263,soccer.match_odds,period=ft,draw,,3.4
2026-10-11T00:01:40.423177+02:00,36543872,"Liga MX, Apertura",Mexico,FC Juarez,Club Tijuana de Caliente,2026-10-10T23:00:00+00:00,58.3263,soccer.match_odds,period=ft,away,,2.5
2026-10-11T00:01:40.423177+02:00,36543872,"Liga MX, Apertura",Mexico,FC Juarez,Club Tijuana de Caliente,2026-10-10T23:00:00+00:00,58.3263,soccer.total_goals,period=ft,over,total=2.5,1.89
2026-10-11T00:01:40.423177+02:00,36543872,"Liga MX, Apertura",Mexico,FC Juarez,Club Tijuana de Caliente,2026-10-10T23:00:00+00:00,58.3263,soccer.total_goals,period=ft,under,total=2.5,1.95
2026-10-11T00:01:40.423177+02:00,36543872,"Liga MX, Apertura",Mexico,FC Juarez,Club Tijuana de Caliente,2026-10-10T23:00:00+00:00,58.3263,soccer.total_goals,period=ft,over,total=1.5,1.26
2026-10-11T00:01:40.423177+02:00,36543872,"Liga MX, Apertura",Mexico,FC Juarez,Club Tijuana de Caliente,2026-10-10T23:00:00+00:00,58.3263,soccer.total_goals,period=ft,under,total=1.5,3.8
2026-10-11T00:01:40.423177+02:00,36543872,"Liga MX, Apertura",Mexico,FC Juarez,Club Tijuana de Caliente,2026-10-10T23:00:00+00:00,58.3263,soccer.total_goals,period=ft,over,total=2,1.41
2026-10-11T00:01:40.423177+02:00,36543872,"Liga MX, Apertura",Mexico,FC Juarez,Club Tijuana de Caliente,2026-10-10T23:00:00+00:00,58.3263,soccer.total_goals,period=ft,under,total=2,2.9
2026-10-11T00:01:40.423177+02:00,36543872,"Liga MX, Apertura",Mexico,FC Juarez,Club Tijuana de Caliente,2026-10-10T23:00:00+00:00,58.3263,soccer.total_goals,period=ft,over,total=2.25,1.65
2026-10-11T00:01:40.423177+02:00,36543872,"Liga MX, Apertura",Mexico,FC Juarez,Club Tijuana de Caliente,2026-10-10T23:00:00+00:00,58.3263,soccer.total_goals,period=ft,under,total=2.25,2.25
2026-10-11T00:01:40.423177+02:00,36543872,"Liga MX, Apertura",Mexico,FC Juarez,Club Tijuana de Caliente,2026-10-10T23:00:00+00:00,58.3263,soccer.total_goals,period=ft,over,total=2.75,2.12
2026-10-11T00:01:40.423177+02:00,36543872,"Liga MX, Apertura",Mexico,FC Juarez,Club Tijuana de Caliente,2026-10-10T23:00:00+00:00,58.3263,soccer.total_goals,period=ft,under,total=2.75,1.74
2026-10-11T00:01:40.423177+02:00,36543872,"Liga MX, Apertura",Mexico,FC Juarez,Club Tijuana de Caliente,2026-10-10T23:00:00+00:00,58.3263,soccer.total_goals,period=ft,over,total=3,2.5
2026-10-11T00:01:40.423177+02:00,36543872,"Liga MX, Apertura",Mexico,FC Juarez,Club Tijuana de Caliente,2026-10-10T23:00:00+00:00,58.3263,soccer.total_goals,period=ft,under,total=3,1.53
2026-10-11T00:01:40.423177+02:00,36543872,"Liga MX, Apertura",Mexico,FC Juarez,Club Tijuana de Caliente,2026-10-10T23:00:00+00:00,58.3263,soccer.total_goals,period=ft,over,total=3.5,3.1
2026-10-11T00:01:40.423177+02:00,36543872,"Liga MX, Apertura",Mexico,FC Juarez,Club Tijuana de Caliente,2026-10-10T23:00:00+00:00,58.3263,soccer.total_goals,period=ft,under,total=3.5,1.36
2026-10-11T00:01:40.423177+02:00,36543872,"Liga MX, Apertura",Mexico,FC Juarez,Club Tijuana de Caliente,2026-10-10T23:00:00+00:00,58.3263,soccer.total_goals,period=ft,over,total=4.5,5.9
2026-10-11T00:01:40.423177+02:00,36543872,"Liga MX, Apertura",Mexico,FC Juarez,Club Tijuana de Caliente,2026-10-10T23:00:00+00:00,58.3263,soccer.total_goals,period=ft,under,total=4.5,1.13
2026-10-11T00:01:40.423177+02:00,36543848,"Liga MX, Apertura",Mexico,Queretaro FC,Atlante FC,2026-10-10T23:00:00+00:00,58.3263,soccer.asian_handicap,period=ft,home,handicap=-0.25,1.88
2026-10-11T00:01:40.423177+02:00,36543848,"Liga MX, Apertura",Mexico,Queretaro FC,Atlante FC,2026-10-10T23:00:00+00:00,58.3263,soccer.asian_handicap,period=ft,away,handicap=-0.25,1.98
2026-10-11T00:01:40.423177+02:00,36543848,"Liga MX, Apertura",Mexico,Queretaro FC,Atlante FC,2026-10-10T23:00:00+00:00,58.3263,soccer.asian_handicap,period=ft,home,handicap=-1.25,3.7
2026-10-11T00:01:40.423177+02:00,36543848,"Liga MX, Apertura",Mexico,Queretaro FC,Atlante FC,2026-10-10T23:00:00+00:00,58.3263,soccer.asian_handicap,period=ft,away,handicap=-1.25,1.28
2026-10-11T00:01:40.423177+02:00,36543848,"Liga MX, Apertura",Mexico,Queretaro FC,Atlante FC,2026-10-10T23:00:00+00:00,58.3263,soccer.asian_handicap,period=ft,home,handicap=-1,3.25
2026-10-11T00:01:40.423177+02:00,36543848,"Liga MX, Apertura",Mexico,Queretaro FC,Atlante FC,2026-10-10T23:00:00+00:00,58.3263,soccer.asian_handicap,period=ft,away,handicap=-1,1.34
2026-10-11T00:01:40.423177+02:00,36543848,"Liga MX, Apertura",Mexico,Queretaro FC,Atlante FC,2026-10-10T23:00:00+00:00,58.3263,soccer.asian_handicap,period=ft,home,handicap=-0.75,2.55
2026-10-11T00:01:40.423177+02:00,36543848,"Liga MX, Apertura",Mexico,Queretaro FC,Atlante FC,2026-10-10T23:00:00+00:00,58.3263,soccer.asian_handicap,period=ft,away,handicap=-0.75,1.52
2026-10-11T00:01:40.423177+02:00,36543848,"Liga MX, Apertura",Mexico,Queretaro FC,Atlante FC,2026-10-10T23:00:00+00:00,58.3263,soccer.asian_handicap,period=ft,home,handicap=-0.5,2.19
2026-10-11T00:01:40.423177+02:00,36543848,"Liga MX, Apertura",Mexico,Queretaro FC,Atlante FC,2026-10-10T23:00:00+00:00,58.3263,soccer.asian_handicap,period=ft,away,handicap=-0.5,1.71
2026-10-11T00:01:40.423177+02:00,36543848,"Liga MX, Apertura",Mexico,Queretaro FC,Atlante FC,2026-10-10T23:00:00+00:00,58.3263,soccer.asian_handicap,period=ft,home,handicap=0,1.55
2026-10-11T00:01:40.423177+02:00,36543848,"Liga MX, Apertura",Mexico,Queretaro FC,Atlante FC,2026-10-10T23:00:00+00:00,58.3263,soccer.asian_handicap,period=ft,away,handicap=0,2.5
2026-10-11T00:01:40.423177+02:00,36543848,"Liga MX, Apertura",Mexico,Queretaro FC,Atlante FC,2026-10-10T23:00:00+00:00,58.3263,soccer.asian_handicap,period=ft,home,handicap=0.25,1.4
2026-10-11T00:01:40.423177+02:00,36543848,"Liga MX, Apertura",Mexico,Queretaro FC,Atlante FC,2026-10-10T23:00:00+00:00,58.3263,soccer.asian_handicap,period=ft,away,handicap=0.25,3.0
2026-10-11T00:01:40.423177+02:00,36543848,"Liga MX, Apertura",Mexico,Queretaro FC,Atlante FC,2026-10-10T23:00:00+00:00,58.3263,soccer.asian_handicap,period=ft,home,handicap=0.5,1.31
2026-10-11T00:01:40.423177+02:00,36543848,"Liga MX, Apertura",Mexico,Queretaro FC,Atlante FC,2026-10-10T23:00:00+00:00,58.3263,soccer.asian_handicap,period=ft,away,handicap=0.5,3.5
2026-10-11T00:01:40.423177+02:00,36543848,"Liga MX, Apertura",Mexico,Queretaro FC,Atlante FC,2026-10-10T23:00:00+00:00,58.3263,soccer.asian_handicap,period=ft,home,handicap=0.75,1.21
2026-10-11T00:01:40.423177+02:00,36543848,"Liga MX, Apertura",Mexico,Queretaro FC,Atlante FC,2026-10-10T23:00:00+00:00,58.3263,soccer.asian_handicap,period=ft,away,handicap=0.75,4.55
2026-10-11T00:01:40.423177+02:00,36543848,"Liga MX, Apertura",Mexico,Queretaro FC,Atlante FC,2026-10-10T23:00:00+00:00,58.3263,soccer.double_chance,period=ft,draw_away,,1.69
2026-10-11T00:01:40.423177+02:00,36543848,"Liga MX, Apertura",Mexico,Queretaro FC,Atlante FC,2026-10-10T23:00:00+00:00,58.3263,soccer.double_chance,period=ft,home_away,,1.35
2026-10-11T00:01:40.423177+02:00,36543848,"Liga MX, Apertura",Mexico,Queretaro FC,Atlante FC,2026-10-10T23:00:00+00:00,58.3263,soccer.double_chance,period=ft,home_draw,,1.3
2026-10-11T00:01:40.423177+02:00,36543848,"Liga MX, Apertura",Mexico,Queretaro FC,Atlante FC,2026-10-10T23:00:00+00:00,58.3263,soccer.match_odds,period=ft,home,,2.19
2026-10-11T00:01:40.423177+02:00,36543848,"Liga MX, Apertura",Mexico,Queretaro FC,Atlante FC,2026-10-10T23:00:00+00:00,58.3263,soccer.match_odds,period=ft,draw,,3.25
2026-10-11T00:01:40.423177+02:00,36543848,"Liga MX, Apertura",Mexico,Queretaro FC,Atlante FC,2026-10-10T23:00:00+00:00,58.3263,soccer.match_odds,period=ft,away,,3.5
2026-10-11T00:01:40.423177+02:00,36543848,"Liga MX, Apertura",Mexico,Queretaro FC,Atlante FC,2026-10-10T23:00:00+00:00,58.3263,soccer.total_goals,period=ft,over,total=2.75,2.01
2026-10-11T00:01:40.423177+02:00,36543848,"Liga MX, Apertura",Mexico,Queretaro FC,Atlante FC,2026-10-10T23:00:00+00:00,58.3263,soccer.total_goals,period=ft,under,total=2.75,1.83
2026-10-11T00:01:40.423177+02:00,36543848,"Liga MX, Apertura",Mexico,Queretaro FC,Atlante FC,2026-10-10T23:00:00+00:00,58.3263,soccer.total_goals,period=ft,over,total=1.5,1.23
2026-10-11T00:01:40.423177+02:00,36543848,"Liga MX, Apertura",Mexico,Queretaro FC,Atlante FC,2026-10-10T23:00:00+00:00,58.3263,soccer.total_goals,period=ft,under,total=1.5,4.1
2026-10-11T00:01:40.423177+02:00,36543848,"Liga MX, Apertura",Mexico,Queretaro FC,Atlante FC,2026-10-10T23:00:00+00:00,58.3263,soccer.total_goals,period=ft,over,total=2.25,1.58
2026-10-11T00:01:40.423177+02:00,36543848,"Liga MX, Apertura",Mexico,Queretaro FC,Atlante FC,2026-10-10T23:00:00+00:00,58.3263,soccer.total_goals,period=ft,under,total=2.25,2.4
2026-10-11T00:01:40.423177+02:00,36543848,"Liga MX, Apertura",Mexico,Queretaro FC,Atlante FC,2026-10-10T23:00:00+00:00,58.3263,soccer.total_goals,period=ft,over,total=2.5,1.8
2026-10-11T00:01:40.423177+02:00,36543848,"Liga MX, Apertura",Mexico,Queretaro FC,Atlante FC,2026-10-10T23:00:00+00:00,58.3263,soccer.total_goals,period=ft,under,total=2.5,2.03
2026-10-11T00:01:40.423177+02:00,36543848,"Liga MX, Apertura",Mexico,Queretaro FC,Atlante FC,2026-10-10T23:00:00+00:00,58.3263,soccer.total_goals,period=ft,over,total=3,2.3
2026-10-11T00:01:40.423177+02:00,36543848,"Liga MX, Apertura",Mexico,Queretaro FC,Atlante FC,2026-10-10T23:00:00+00:00,58.3263,soccer.total_goals,period=ft,under,total=3,1.61
2026-10-11T00:01:40.423177+02:00,36543848,"Liga MX, Apertura",Mexico,Queretaro FC,Atlante FC,2026-10-10T23:00:00+00:00,58.3263,soccer.total_goals,period=ft,over,total=3.25,2.65
2026-10-11T00:01:40.423177+02:00,36543848,"Liga MX, Apertura",Mexico,Queretaro FC,Atlante FC,2026-10-10T23:00:00+00:00,58.3263,soccer.total_goals,period=ft,under,total=3.25,1.49
2026-10-11T00:01:40.423177+02:00,36543848,"Liga MX, Apertura",Mexico,Queretaro FC,Atlante FC,2026-10-10T23:00:00+00:00,58.3263,soccer.total_goals,period=ft,over,total=3.5,2.9
2026-10-11T00:01:40.423177+02:00,36543848,"Liga MX, Apertura",Mexico,Queretaro FC,Atlante FC,2026-10-10T23:00:00+00:00,58.3263,soccer.total_goals,period=ft,under,total=3.5,1.4
2026-10-11T00:01:40.423177+02:00,36543848,"Liga MX, Apertura",Mexico,Queretaro FC,Atlante FC,2026-10-10T23:00:00+00:00,58.3263,soccer.total_goals,period=ft,over,total=4.5,5.6
2026-10-11T00:01:40.423177+02:00,36543848,"Liga MX, Apertura",Mexico,Queretaro FC,Atlante FC,2026-10-10T23:00:00+00:00,58.3263,soccer.total_goals,period=ft,under,total=4.5,1.14
2026-10-11T00:01:40.423177+02:00,36653708,Division Profesional,Bolivia,Oriente Petrolero,Academia del Balompie Boliviano,2026-10-10T23:30:00+00:00,88.3263,soccer.asian_handicap,period=ft,home,handicap=-1.5,1.85
2026-10-11T00:01:40.423177+02:00,36653708,Division Profesional,Bolivia,Oriente Petrolero,Academia del Balompie Boliviano,2026-10-10T23:30:00+00:00,88.3263,soccer.asian_handicap,period=ft,away,handicap=-1.5,1.89
2026-10-11T00:01:40.423177+02:00,36653708,Division Profesional,Bolivia,Oriente Petrolero,Academia del Balompie Boliviano,2026-10-10T23:30:00+00:00,88.3263,soccer.asian_handicap,period=ft,home,handicap=-2.25,2.65
2026-10-11T00:01:40.423177+02:00,36653708,Division Profesional,Bolivia,Oriente Petrolero,Academia del Balompie Boliviano,2026-10-10T23:30:00+00:00,88.3263,soccer.asian_handicap,period=ft,away,handicap=-2.25,1.4
2026-10-11T00:01:40.423177+02:00,36653708,Division Profesional,Bolivia,Oriente Petrolero,Academia del Balompie Boliviano,2026-10-10T23:30:00+00:00,88.3263,soccer.asian_handicap,period=ft,home,handicap=-2,2.35
2026-10-11T00:01:40.423177+02:00,36653708,Division Profesional,Bolivia,Oriente Petrolero,Academia del Balompie Boliviano,2026-10-10T23:30:00+00:00,88.3263,soccer.asian_handicap,period=ft,away,handicap=-2,1.49
2026-10-11T00:01:40.423177+02:00,36653708,Division Profesional,Bolivia,Oriente Petrolero,Academia del Balompie Boliviano,2026-10-10T23:30:00+00:00,88.3263,soccer.asian_handicap,period=ft,home,handicap=-1.75,2.05
2026-10-11T00:01:40.423177+02:00,36653708,Division Profesional,Bolivia,Oriente Petrolero,Academia del Balompie Boliviano,2026-10-10T23:30:00+00:00,88.3263,soccer.asian_handicap,period=ft,away,handicap=-1.75,1.69
2026-10-11T00:01:40.423177+02:00,36653708,Division Profesional,Bolivia,Oriente Petrolero,Academia del Balompie Boliviano,2026-10-10T23:30:00+00:00,88.3263,soccer.asian_handicap,period=ft,home,handicap=-1.25,1.63
2026-10-11T00:01:40.423177+02:00,36653708,Division Profesional,Bolivia,Oriente Petrolero,Academia del Balompie Boliviano,2026-10-10T23:30:00+00:00,88.3263,soccer.asian_handicap,period=ft,away,handicap=-1.25,2.14
2026-10-11T00:01:40.423177+02:00,36653708,Division Profesional,Bolivia,Oriente Petrolero,Academia del Balompie Boliviano,2026-10-10T23:30:00+00:00,88.3263,soccer.asian_handicap,period=ft,home,handicap=-1,1.42
2026-10-11T00:01:40.423177+02:00,36653708,Division Profesional,Bolivia,Oriente Petrolero,Academia del Balompie Boliviano,2026-10-10T23:30:00+00:00,88.3263,soccer.asian_handicap,period=ft,away,handicap=-1,2.6
2026-10-11T00:01:40.423177+02:00,36653708,Division Profesional,Bolivia,Oriente Petrolero,Academia del Balompie Boliviano,2026-10-10T23:30:00+00:00,88.3263,soccer.asian_handicap,period=ft,home,handicap=-0.75,1.33
2026-10-11T00:01:40.423177+02:00,36653708,Division Profesional,Bolivia,Oriente Petrolero,Academia del Balompie Boliviano,2026-10-10T23:30:00+00:00,88.3263,soccer.asian_handicap,period=ft,away,handicap=-0.75,2.95
2026-10-11T00:01:40.423177+02:00,36653708,Division Profesional,Bolivia,Oriente Petrolero,Academia del Balompie Boliviano,2026-10-10T23:30:00+00:00,88.3263,soccer.double_chance,period=ft,draw_away,,3.15
2026-10-11T00:01:40.423177+02:00,36653708,Division Profesional,Bolivia,Oriente Petrolero,Academia del Balompie Boliviano,2026-10-10T23:30:00+00:00,88.3263,soccer.double_chance,period=ft,home_away,,1.14
2026-10-11T00:01:40.423177+02:00,36653708,Division Profesional,Bolivia,Oriente Petrolero,Academia del Balompie Boliviano,2026-10-10T23:30:00+00:00,88.3263,soccer.double_chance,period=ft,home_draw,,1.1
2026-10-11T00:01:40.423177+02:00,36653708,Division Profesional,Bolivia,Oriente Petrolero,Academia del Balompie Boliviano,2026-10-10T23:30:00+00:00,88.3263,soccer.match_odds,period=ft,home,,1.28
2026-10-11T00:01:40.423177+02:00,36653708,Division Profesional,Bolivia,Oriente Petrolero,Academia del Balompie Boliviano,2026-10-10T23:30:00+00:00,88.3263,soccer.match_odds,period=ft,draw,,5.2
2026-10-11T00:01:40.423177+02:00,36653708,Division Profesional,Bolivia,Oriente Petrolero,Academia del Balompie Boliviano,2026-10-10T23:30:00+00:00,88.3263,soccer.match_odds,period=ft,away,,7.35
2026-10-11T00:01:40.423177+02:00,36653708,Division Profesional,Bolivia,Oriente Petrolero,Academia del Balompie Boliviano,2026-10-10T23:30:00+00:00,88.3263,soccer.total_goals,period=ft,over,total=3.5,1.85
2026-10-11T00:01:40.423177+02:00,36653708,Division Profesional,Bolivia,Oriente Petrolero,Academia del Balompie Boliviano,2026-10-10T23:30:00+00:00,88.3263,soccer.total_goals,period=ft,under,total=3.5,1.89
2026-10-11T00:01:40.423177+02:00,36653708,Division Profesional,Bolivia,Oriente Petrolero,Academia del Balompie Boliviano,2026-10-10T23:30:00+00:00,88.3263,soccer.total_goals,period=ft,over,total=2.75,1.37
2026-10-11T00:01:40.423177+02:00,36653708,Division Profesional,Bolivia,Oriente Petrolero,Academia del Balompie Boliviano,2026-10-10T23:30:00+00:00,88.3263,soccer.total_goals,period=ft,under,total=2.75,2.8
2026-10-11T00:01:40.423177+02:00,36653708,Division Profesional,Bolivia,Oriente Petrolero,Academia del Balompie Boliviano,2026-10-10T23:30:00+00:00,88.3263,soccer.total_goals,period=ft,over,total=3,1.45
2026-10-11T00:01:40.423177+02:00,36653708,Division Profesional,Bolivia,Oriente Petrolero,Academia del Balompie Boliviano,2026-10-10T23:30:00+00:00,88.3263,soccer.total_goals,period=ft,under,total=3,2.5
2026-10-11T00:01:40.423177+02:00,36653708,Division Profesional,Bolivia,Oriente Petrolero,Academia del Balompie Boliviano,2026-10-10T23:30:00+00:00,88.3263,soccer.total_goals,period=ft,over,total=3.25,1.65
2026-10-11T00:01:40.423177+02:00,36653708,Division Profesional,Bolivia,Oriente Petrolero,Academia del Balompie Boliviano,2026-10-10T23:30:00+00:00,88.3263,soccer.total_goals,period=ft,under,total=3.25,2.11
2026-10-11T00:01:40.423177+02:00,36653708,Division Profesional,Bolivia,Oriente Petrolero,Academia del Balompie Boliviano,2026-10-10T23:30:00+00:00,88.3263,soccer.total_goals,period=ft,over,total=3.75,2.02
2026-10-11T00:01:40.423177+02:00,36653708,Division Profesional,Bolivia,Oriente Petrolero,Academia del Balompie Boliviano,2026-10-10T23:30:00+00:00,88.3263,soccer.total_goals,period=ft,under,total=3.75,1.71
2026-10-11T00:01:40.423177+02:00,36653708,Division Profesional,Bolivia,Oriente Petrolero,Academia del Balompie Boliviano,2026-10-10T23:30:00+00:00,88.3263,soccer.total_goals,period=ft,over,total=4,2.3
2026-10-11T00:01:40.423177+02:00,36653708,Division Profesional,Bolivia,Oriente Petrolero,Academia del Balompie Boliviano,2026-10-10T23:30:00+00:00,88.3263,soccer.total_goals,period=ft,under,total=4,1.53
2026-10-11T00:01:40.423177+02:00,36653708,Division Profesional,Bolivia,Oriente Petrolero,Academia del Balompie Boliviano,2026-10-10T23:30:00+00:00,88.3263,soccer.total_goals,period=ft,over,total=4.25,2.55
2026-10-11T00:01:40.423177+02:00,36653708,Division Profesional,Bolivia,Oriente Petrolero,Academia del Balompie Boliviano,2026-10-10T23:30:00+00:00,88.3263,soccer.total_goals,period=ft,under,total=4.25,1.44
2026-10-11T00:02:49.501261+02:00,36726278,Mexico Liga TDP,Mexico,Club Deportivo Muxes,CD Halcones de Rayon,2026-10-10T23:00:00+00:00,57.175,soccer.asian_handicap,period=ft,home,handicap=-2.25,1.95
2026-10-11T00:02:49.501261+02:00,36726278,Mexico Liga TDP,Mexico,Club Deportivo Muxes,CD Halcones de Rayon,2026-10-10T23:00:00+00:00,57.175,soccer.asian_handicap,period=ft,away,handicap=-2.25,1.75
2026-10-11T00:02:49.501261+02:00,36726278,Mexico Liga TDP,Mexico,Club Deportivo Muxes,CD Halcones de Rayon,2026-10-10T23:00:00+00:00,57.175,soccer.asian_handicap,period=ft,home,handicap=-3,2.85
2026-10-11T00:02:49.501261+02:00,36726278,Mexico Liga TDP,Mexico,Club Deportivo Muxes,CD Halcones de Rayon,2026-10-10T23:00:00+00:00,57.175,soccer.asian_handicap,period=ft,away,handicap=-3,1.32
2026-10-11T00:02:49.501261+02:00,36726278,Mexico Liga TDP,Mexico,Club Deportivo Muxes,CD Halcones de Rayon,2026-10-10T23:00:00+00:00,57.175,soccer.asian_handicap,period=ft,home,handicap=-2.75,2.35
2026-10-11T00:02:49.501261+02:00,36726278,Mexico Liga TDP,Mexico,Club Deportivo Muxes,CD Halcones de Rayon,2026-10-10T23:00:00+00:00,57.175,soccer.asian_handicap,period=ft,away,handicap=-2.75,1.45
2026-10-11T00:02:49.501261+02:00,36726278,Mexico Liga TDP,Mexico,Club Deportivo Muxes,CD Halcones de Rayon,2026-10-10T23:00:00+00:00,57.175,soccer.asian_handicap,period=ft,home,handicap=-2.5,2.12
2026-10-11T00:02:49.501261+02:00,36726278,Mexico Liga TDP,Mexico,Club Deportivo Muxes,CD Halcones de Rayon,2026-10-10T23:00:00+00:00,57.175,soccer.asian_handicap,period=ft,away,handicap=-2.5,1.6
2026-10-11T00:02:49.501261+02:00,36726278,Mexico Liga TDP,Mexico,Club Deportivo Muxes,CD Halcones de Rayon,2026-10-10T23:00:00+00:00,57.175,soccer.asian_handicap,period=ft,home,handicap=-2,1.72
2026-10-11T00:02:49.501261+02:00,36726278,Mexico Liga TDP,Mexico,Club Deportivo Muxes,CD Halcones de Rayon,2026-10-10T23:00:00+00:00,57.175,soccer.asian_handicap,period=ft,away,handicap=-2,1.94
2026-10-11T00:02:49.501261+02:00,36726278,Mexico Liga TDP,Mexico,Club Deportivo Muxes,CD Halcones de Rayon,2026-10-10T23:00:00+00:00,57.175,soccer.asian_handicap,period=ft,home,handicap=-1.75,1.57
2026-10-11T00:02:49.501261+02:00,36726278,Mexico Liga TDP,Mexico,Club Deportivo Muxes,CD Halcones de Rayon,2026-10-10T23:00:00+00:00,57.175,soccer.asian_handicap,period=ft,away,handicap=-1.75,2.14
2026-10-11T00:02:49.501261+02:00,36726278,Mexico Liga TDP,Mexico,Club Deportivo Muxes,CD Halcones de Rayon,2026-10-10T23:00:00+00:00,57.175,soccer.asian_handicap,period=ft,home,handicap=-1.5,1.47
2026-10-11T00:02:49.501261+02:00,36726278,Mexico Liga TDP,Mexico,Club Deportivo Muxes,CD Halcones de Rayon,2026-10-10T23:00:00+00:00,57.175,soccer.asian_handicap,period=ft,away,handicap=-1.5,2.35
2026-10-11T00:02:49.501261+02:00,36726278,Mexico Liga TDP,Mexico,Club Deportivo Muxes,CD Halcones de Rayon,2026-10-10T23:00:00+00:00,57.175,soccer.match_odds,period=ft,home,,1.17
2026-10-11T00:02:49.501261+02:00,36726278,Mexico Liga TDP,Mexico,Club Deportivo Muxes,CD Halcones de Rayon,2026-10-10T23:00:00+00:00,57.175,soccer.match_odds,period=ft,draw,,6.7
2026-10-11T00:02:49.501261+02:00,36726278,Mexico Liga TDP,Mexico,Club Deportivo Muxes,CD Halcones de Rayon,2026-10-10T23:00:00+00:00,57.175,soccer.match_odds,period=ft,away,,8.0
2026-10-11T00:02:49.501261+02:00,36726278,Mexico Liga TDP,Mexico,Club Deportivo Muxes,CD Halcones de Rayon,2026-10-10T23:00:00+00:00,57.175,soccer.total_goals,period=ft,over,total=4,1.76
2026-10-11T00:02:49.501261+02:00,36726278,Mexico Liga TDP,Mexico,Club Deportivo Muxes,CD Halcones de Rayon,2026-10-10T23:00:00+00:00,57.175,soccer.total_goals,period=ft,under,total=4,1.92
2026-10-11T00:02:49.501261+02:00,36726278,Mexico Liga TDP,Mexico,Club Deportivo Muxes,CD Halcones de Rayon,2026-10-10T23:00:00+00:00,57.175,soccer.total_goals,period=ft,over,total=3.25,1.35
2026-10-11T00:02:49.501261+02:00,36726278,Mexico Liga TDP,Mexico,Club Deportivo Muxes,CD Halcones de Rayon,2026-10-10T23:00:00+00:00,57.175,soccer.total_goals,period=ft,under,total=3.25,2.7
2026-10-11T00:02:49.501261+02:00,36726278,Mexico Liga TDP,Mexico,Club Deportivo Muxes,CD Halcones de Rayon,2026-10-10T23:00:00+00:00,57.175,soccer.total_goals,period=ft,over,total=3.5,1.48
2026-10-11T00:02:49.501261+02:00,36726278,Mexico Liga TDP,Mexico,Club Deportivo Muxes,CD Halcones de Rayon,2026-10-10T23:00:00+00:00,57.175,soccer.total_goals,period=ft,under,total=3.5,2.3
2026-10-11T00:02:49.501261+02:00,36726278,Mexico Liga TDP,Mexico,Club Deportivo Muxes,CD Halcones de Rayon,2026-10-10T23:00:00+00:00,57.175,soccer.total_goals,period=ft,over,total=3.75,1.6
2026-10-11T00:02:49.501261+02:00,36726278,Mexico Liga TDP,Mexico,Club Deportivo Muxes,CD Halcones de Rayon,2026-10-10T23:00:00+00:00,57.175,soccer.total_goals,period=ft,under,total=3.75,2.13
2026-10-11T00:02:49.501261+02:00,36726278,Mexico Liga TDP,Mexico,Club Deportivo Muxes,CD Halcones de Rayon,2026-10-10T23:00:00+00:00,57.175,soccer.total_goals,period=ft,over,total=4.25,1.96
2026-10-11T00:02:49.501261+02:00,36726278,Mexico Liga TDP,Mexico,Club Deportivo Muxes,CD Halcones de Rayon,2026-10-10T23:00:00+00:00,57.175,soccer.total_goals,period=ft,under,total=4.25,1.71
2026-10-11T00:02:49.501261+02:00,36726278,Mexico Liga TDP,Mexico,Club Deportivo Muxes,CD Halcones de Rayon,2026-10-10T23:00:00+00:00,57.175,soccer.total_goals,period=ft,over,total=4.5,2.13
2026-10-11T00:02:49.501261+02:00,36726278,Mexico Liga TDP,Mexico,Club Deportivo Muxes,CD Halcones de Rayon,2026-10-10T23:00:00+00:00,57.175,soccer.total_goals,period=ft,under,total=4.5,1.57
2026-10-11T00:02:49.501261+02:00,36726278,Mexico Liga TDP,Mexico,Club Deportivo Muxes,CD Halcones de Rayon,2026-10-10T23:00:00+00:00,57.175,soccer.total_goals,period=ft,over,total=4.75,2.4
2026-10-11T00:02:49.501261+02:00,36726278,Mexico Liga TDP,Mexico,Club Deportivo Muxes,CD Halcones de Rayon,2026-10-10T23:00:00+00:00,57.175,soccer.total_goals,period=ft,under,total=4.75,1.45
2026-10-11T00:02:49.501261+02:00,36692264,Liga Nacional. Clausura,Guatemala,CD Suchitepequez,Deportivo Mixco,2026-10-10T23:00:00+00:00,57.175,soccer.asian_handicap,period=ft,home,handicap=-0.25,1.84
2026-10-11T00:02:49.501261+02:00,36692264,Liga Nacional. Clausura,Guatemala,CD Suchitepequez,Deportivo Mixco,2026-10-10T23:00:00+00:00,57.175,soccer.asian_handicap,period=ft,away,handicap=-0.25,1.94
2026-10-11T00:02:49.501261+02:00,36692264,Liga Nacional. Clausura,Guatemala,CD Suchitepequez,Deportivo Mixco,2026-10-10T23:00:00+00:00,57.175,soccer.asian_handicap,period=ft,home,handicap=-1,3.2
2026-10-11T00:02:49.501261+02:00,36692264,Liga Nacional. Clausura,Guatemala,CD Suchitepequez,Deportivo Mixco,2026-10-10T23:00:00+00:00,57.175,soccer.asian_handicap,period=ft,away,handicap=-1,1.3
2026-10-11T00:02:49.501261+02:00,36692264,Liga Nacional. Clausura,Guatemala,CD Suchitepequez,Deportivo Mixco,2026-10-10T23:00:00+00:00,57.175,soccer.asian_handicap,period=ft,home,handicap=-0.75,2.45
2026-10-11T00:02:49.501261+02:00,36692264,Liga Nacional. Clausura,Guatemala,CD Suchitepequez,Deportivo Mixco,2026-10-10T23:00:00+00:00,57.175,soccer.asian_handicap,period=ft,away,handicap=-0.75,1.49
2026-10-11T00:02:49.501261+02:00,36692264,Liga Nacional. Clausura,Guatemala,CD Suchitepequez,Deportivo Mixco,2026-10-10T23:00:00+00:00,57.175,soccer.asian_handicap,period=ft,home,handicap=-0.5,2.08
2026-10-11T00:02:49.501261+02:00,36692264,Liga Nacional. Clausura,Guatemala,CD Suchitepequez,Deportivo Mixco,2026-10-10T23:00:00+00:00,57.175,soccer.asian_handicap,period=ft,away,handicap=-0.5,1.69
2026-10-11T00:02:49.501261+02:00,36692264,Liga Nacional. Clausura,Guatemala,CD Suchitepequez,Deportivo Mixco,2026-10-10T23:00:00+00:00,57.175,soccer.asian_handicap,period=ft,home,handicap=0,1.55
2026-10-11T00:02:49.501261+02:00,36692264,Liga Nacional. Clausura,Guatemala,CD Suchitepequez,Deportivo Mixco,2026-10-10T23:00:00+00:00,57.175,soccer.asian_handicap,period=ft,away,handicap=0,2.35
2026-10-11T00:02:49.501261+02:00,36692264,Liga Nacional. Clausura,Guatemala,CD Suchitepequez,Deportivo Mixco,2026-10-10T23:00:00+00:00,57.175,soccer.asian_handicap,period=ft,home,handicap=0.25,1.4
2026-10-11T00:02:49.501261+02:00,36692264,Liga Nacional. Clausura,Guatemala,CD Suchitepequez,Deportivo Mixco,2026-10-10T23:00:00+00:00,57.175,soccer.asian_handicap,period=ft,away,handicap=0.25,2.7
2026-10-11T00:02:49.501261+02:00,36692264,Liga Nacional. Clausura,Guatemala,CD Suchitepequez,Deportivo Mixco,2026-10-10T23:00:00+00:00,57.175,soccer.asian_handicap,period=ft,home,handicap=0.5,1.32
2026-10-11T00:02:49.501261+02:00,36692264,Liga Nacional. Clausura,Guatemala,CD Suchitepequez,Deportivo Mixco,2026-10-10T23:00:00+00:00,57.175,soccer.asian_handicap,period=ft,away,handicap=0.5,3.1
2026-10-11T00:02:49.501261+02:00,36692264,Liga Nacional. Clausura,Guatemala,CD Suchitepequez,Deportivo Mixco,2026-10-10T23:00:00+00:00,57.175,soccer.double_chance,period=ft,draw_away,,1.69
2026-10-11T00:02:49.501261+02:00,36692264,Liga Nacional. Clausura,Guatemala,CD Suchitepequez,Deportivo Mixco,2026-10-10T23:00:00+00:00,57.175,soccer.double_chance,period=ft,home_away,,1.29
2026-10-11T00:02:49.501261+02:00,36692264,Liga Nacional. Clausura,Guatemala,CD Suchitepequez,Deportivo Mixco,2026-10-10T23:00:00+00:00,57.175,soccer.double_chance,period=ft,home_draw,,1.32
2026-10-11T00:02:49.501261+02:00,36692264,Liga Nacional. Clausura,Guatemala,CD Suchitepequez,Deportivo Mixco,2026-10-10T23:00:00+00:00,57.175,soccer.match_odds,period=ft,home,,2.09
2026-10-11T00:02:49.501261+02:00,36692264,Liga Nacional. Clausura,Guatemala,CD Suchitepequez,Deportivo Mixco,2026-10-10T23:00:00+00:00,57.175,soccer.match_odds,period=ft,draw,,3.3
2026-10-11T00:02:49.501261+02:00,36692264,Liga Nacional. Clausura,Guatemala,CD Suchitepequez,Deportivo Mixco,2026-10-10T23:00:00+00:00,57.175,soccer.match_odds,period=ft,away,,3.15
2026-10-11T00:02:49.501261+02:00,36692264,Liga Nacional. Clausura,Guatemala,CD Suchitepequez,Deportivo Mixco,2026-10-10T23:00:00+00:00,57.175,soccer.total_goals,period=ft,over,total=2.5,1.9
2026-10-11T00:02:49.501261+02:00,36692264,Liga Nacional. Clausura,Guatemala,CD Suchitepequez,Deportivo Mixco,2026-10-10T23:00:00+00:00,57.175,soccer.total_goals,period=ft,under,total=2.5,1.87
2026-10-11T00:02:49.501261+02:00,36692264,Liga Nacional. Clausura,Guatemala,CD Suchitepequez,Deportivo Mixco,2026-10-10T23:00:00+00:00,57.175,soccer.total_goals,period=ft,over,total=1.75,1.32
2026-10-11T00:02:49.501261+02:00,36692264,Liga Nacional. Clausura,Guatemala,CD Suchitepequez,Deportivo Mixco,2026-10-10T23:00:00+00:00,57.175,soccer.total_goals,period=ft,under,total=1.75,3.05
2026-10-11T00:02:49.501261+02:00,36692264,Liga Nacional. Clausura,Guatemala,CD Suchitepequez,Deportivo Mixco,2026-10-10T23:00:00+00:00,57.175,soccer.total_goals,period=ft,over,total=2,1.42
2026-10-11T00:02:49.501261+02:00,36692264,Liga Nacional. Clausura,Guatemala,CD Suchitepequez,Deportivo Mixco,2026-10-10T23:00:00+00:00,57.175,soccer.total_goals,period=ft,under,total=2,2.65
2026-10-11T00:02:49.501261+02:00,36692264,Liga Nacional. Clausura,Guatemala,CD Suchitepequez,Deportivo Mixco,2026-10-10T23:00:00+00:00,57.175,soccer.total_goals,period=ft,over,total=2.25,1.66
2026-10-11T00:02:49.501261+02:00,36692264,Liga Nacional. Clausura,Guatemala,CD Suchitepequez,Deportivo Mixco,2026-10-10T23:00:00+00:00,57.175,soccer.total_goals,period=ft,under,total=2.25,2.14
2026-10-11T00:02:49.501261+02:00,36692264,Liga Nacional. Clausura,Guatemala,CD Suchitepequez,Deportivo Mixco,2026-10-10T23:00:00+00:00,57.175,soccer.total_goals,period=ft,over,total=2.75,2.14
2026-10-11T00:02:49.501261+02:00,36692264,Liga Nacional. Clausura,Guatemala,CD Suchitepequez,Deportivo Mixco,2026-10-10T23:00:00+00:00,57.175,soccer.total_goals,period=ft,under,total=2.75,1.65
2026-10-11T00:02:49.501261+02:00,36692264,Liga Nacional. Clausura,Guatemala,CD Suchitepequez,Deportivo Mixco,2026-10-10T23:00:00+00:00,57.175,soccer.total_goals,period=ft,over,total=3,2.55
2026-10-11T00:02:49.501261+02:00,36692264,Liga Nacional. Clausura,Guatemala,CD Suchitepequez,Deportivo Mixco,2026-10-10T23:00:00+00:00,57.175,soccer.total_goals,period=ft,under,total=3,1.45
2026-10-11T00:02:49.501261+02:00,36692264,Liga Nacional. Clausura,Guatemala,CD Suchitepequez,Deportivo Mixco,2026-10-10T23:00:00+00:00,57.175,soccer.total_goals,period=ft,over,total=3.25,2.9
2026-10-11T00:02:49.501261+02:00,36692264,Liga Nacional. Clausura,Guatemala,CD Suchitepequez,Deportivo Mixco,2026-10-10T23:00:00+00:00,57.175,soccer.total_goals,period=ft,under,total=3.25,1.36
2026-10-11T00:02:49.501261+02:00,36639734,"Liga de Expansion MX, Apertura",Mexico,Venados  FC,Leones Negros UDEG,2026-10-10T23:00:00+00:00,57.175,soccer.asian_handicap,period=ft,home,handicap=-0.5,1.89
2026-10-11T00:02:49.501261+02:00,36639734,"Liga de Expansion MX, Apertura",Mexico,Venados  FC,Leones Negros UDEG,2026-10-10T23:00:00+00:00,57.175,soccer.asian_handicap,period=ft,away,handicap=-0.5,1.91
2026-10-11T00:02:49.501261+02:00,36639734,"Liga de Expansion MX, Apertura",Mexico,Venados  FC,Leones Negros UDEG,2026-10-10T23:00:00+00:00,57.175,soccer.asian_handicap,period=ft,home,handicap=-1.5,3.2
2026-10-11T00:02:49.501261+02:00,36639734,"Liga de Expansion MX, Apertura",Mexico,Venados  FC,Leones Negros UDEG,2026-10-10T23:00:00+00:00,57.175,soccer.asian_handicap,period=ft,away,handicap=-1.5,1.33
2026-10-11T00:02:49.501261+02:00,36639734,"Liga de Expansion MX, Apertura",Mexico,Venados  FC,Leones Negros UDEG,2026-10-10T23:00:00+00:00,57.175,soccer.asian_handicap,period=ft,home,handicap=-1.25,2.85
2026-10-11T00:02:49.501261+02:00,36639734,"Liga de Expansion MX, Apertura",Mexico,Venados  FC,Leones Negros UDEG,2026-10-10T23:00:00+00:00,57.175,soccer.asian_handicap,period=ft,away,handicap=-1.25,1.4
2026-10-11T00:02:49.501261+02:00,36639734,"Liga de Expansion MX, Apertura",Mexico,Venados  FC,Leones Negros UDEG,2026-10-10T23:00:00+00:00,57.175,soccer.asian_handicap,period=ft,home,handicap=-1,2.55
2026-10-11T00:02:49.501261+02:00,36639734,"Liga de Expansion MX, Apertura",Mexico,Venados  FC,Leones Negros UDEG,2026-10-10T23:00:00+00:00,57.175,soccer.asian_handicap,period=ft,away,handicap=-1,1.5
2026-10-11T00:02:49.501261+02:00,36639734,"Liga de Expansion MX, Apertura",Mexico,Venados  FC,Leones Negros UDEG,2026-10-10T23:00:00+00:00,57.175,soccer.asian_handicap,period=ft,home,handicap=-0.75,2.13
2026-10-11T00:02:49.501261+02:00,36639734,"Liga de Expansion MX, Apertura",Mexico,Venados  FC,Leones Negros UDEG,2026-10-10T23:00:00+00:00,57.175,soccer.asian_handicap,period=ft,away,handicap=-0.75,1.7
2026-10-11T00:02:49.501261+02:00,36639734,"Liga de Expansion MX, Apertura",Mexico,Venados  FC,Leones Negros UDEG,2026-10-10T23:00:00+00:00,57.175,soccer.asian_handicap,period=ft,home,handicap=-0.25,1.67
2026-10-11T00:02:49.501261+02:00,36639734,"Liga de Expansion MX, Apertura",Mexico,Venados  FC,Leones Negros UDEG,2026-10-10T23:00:00+00:00,57.175,soccer.asian_handicap,period=ft,away,handicap=-0.25,2.18
2026-10-11T00:02:49.501261+02:00,36639734,"Liga de Expansion MX, Apertura",Mexico,Venados  FC,Leones Negros UDEG,2026-10-10T23:00:00+00:00,57.175,soccer.asian_handicap,period=ft,home,handicap=0,1.45
2026-10-11T00:02:49.501261+02:00,36639734,"Liga de Expansion MX, Apertura",Mexico,Venados  FC,Leones Negros UDEG,2026-10-10T23:00:00+00:00,57.175,soccer.asian_handicap,period=ft,away,handicap=0,2.7
2026-10-11T00:02:49.501261+02:00,36639734,"Liga de Expansion MX, Apertura",Mexico,Venados  FC,Leones Negros UDEG,2026-10-10T23:00:00+00:00,57.175,soccer.asian_handicap,period=ft,home,handicap=0.25,1.35
2026-10-11T00:02:49.501261+02:00,36639734,"Liga de Expansion MX, Apertura",Mexico,Venados  FC,Leones Negros UDEG,2026-10-10T23:00:00+00:00,57.175,soccer.asian_handicap,period=ft,away,handicap=0.25,3.05
2026-10-11T00:02:49.501261+02:00,36639734,"Liga de Expansion MX, Apertura",Mexico,Venados  FC,Leones Negros UDEG,2026-10-10T23:00:00+00:00,57.175,soccer.asian_handicap,period=ft,home,handicap=0.5,1.29
2026-10-11T00:02:49.501261+02:00,36639734,"Liga de Expansion MX, Apertura",Mexico,Venados  FC,Leones Negros UDEG,2026-10-10T23:00:00+00:00,57.175,soccer.asian_handicap,period=ft,away,handicap=0.5,3.45
2026-10-11T00:02:49.501261+02:00,36639734,"Liga de Expansion MX, Apertura",Mexico,Venados  FC,Leones Negros UDEG,2026-10-10T23:00:00+00:00,57.175,soccer.double_chance,period=ft,draw_away,,1.74
2026-10-11T00:02:49.501261+02:00,36639734,"Liga de Expansion MX, Apertura",Mexico,Venados  FC,Leones Negros UDEG,2026-10-10T23:00:00+00:00,57.175,soccer.double_chance,period=ft,home_away,,1.28
2026-10-11T00:02:49.501261+02:00,36639734,"Liga de Expansion MX, Apertura",Mexico,Venados  FC,Leones Negros UDEG,2026-10-10T23:00:00+00:00,57.175,soccer.double_chance,period=ft,home_draw,,1.35
2026-10-11T00:02:49.501261+02:00,36639734,"Liga de Expansion MX, Apertura",Mexico,Venados  FC,Leones Negros UDEG,2026-10-10T23:00:00+00:00,57.175,soccer.match_odds,period=ft,home,,1.89
2026-10-11T00:02:49.501261+02:00,36639734,"Liga de Expansion MX, Apertura",Mexico,Venados  FC,Leones Negros UDEG,2026-10-10T23:00:00+00:00,57.175,soccer.match_odds,period=ft,draw,,4.0
2026-10-11T00:02:49.501261+02:00,36639734,"Liga de Expansion MX, Apertura",Mexico,Venados  FC,Leones Negros UDEG,2026-10-10T23:00:00+00:00,57.175,soccer.match_odds,period=ft,away,,3.45
2026-10-11T00:02:49.501261+02:00,36639734,"Liga de Expansion MX, Apertura",Mexico,Venados  FC,Leones Negros UDEG,2026-10-10T23:00:00+00:00,57.175,soccer.total_goals,period=ft,over,total=3.25,1.89
2026-10-11T00:02:49.501261+02:00,36639734,"Liga de Expansion MX, Apertura",Mexico,Venados  FC,Leones Negros UDEG,2026-10-10T23:00:00+00:00,57.175,soccer.total_goals,period=ft,under,total=3.25,1.89
2026-10-11T00:02:49.501261+02:00,36639734,"Liga de Expansion MX, Apertura",Mexico,Venados  FC,Leones Negros UDEG,2026-10-10T23:00:00+00:00,57.175,soccer.total_goals,period=ft,over,total=1.5,1.12
2026-10-11T00:02:49.501261+02:00,36639734,"Liga de Expansion MX, Apertura",Mexico,Venados  FC,Leones Negros UDEG,2026-10-10T23:00:00+00:00,57.175,soccer.total_goals,period=ft,under,total=1.5,5.75
2026-10-11T00:02:49.501261+02:00,36639734,"Liga de Expansion MX, Apertura",Mexico,Venados  FC,Leones Negros UDEG,2026-10-10T23:00:00+00:00,57.175,soccer.total_goals,period=ft,over,total=2.5,1.43
2026-10-11T00:02:49.501261+02:00,36639734,"Liga de Expansion MX, Apertura",Mexico,Venados  FC,Leones Negros UDEG,2026-10-10T23:00:00+00:00,57.175,soccer.total_goals,period=ft,under,total=2.5,2.7
2026-10-11T00:02:49.501261+02:00,36639734,"Liga de Expansion MX, Apertura",Mexico,Venados  FC,Leones Negros UDEG,2026-10-10T23:00:00+00:00,57.175,soccer.total_goals,period=ft,over,total=2.75,1.53
2026-10-11T00:02:49.501261+02:00,36639734,"Liga de Expansion MX, Apertura",Mexico,Venados  FC,Leones Negros UDEG,2026-10-10T23:00:00+00:00,57.175,soccer.total_goals,period=ft,under,total=2.75,2.45
2026-10-11T00:02:49.501261+02:00,36639734,"Liga de Expansion MX, Apertura",Mexico,Venados  FC,Leones Negros UDEG,2026-10-10T23:00:00+00:00,57.175,soccer.total_goals,period=ft,over,total=3,1.67
2026-10-11T00:02:49.501261+02:00,36639734,"Liga de Expansion MX, Apertura",Mexico,Venados  FC,Leones Negros UDEG,2026-10-10T23:00:00+00:00,57.175,soccer.total_goals,period=ft,under,total=3,2.17
2026-10-11T00:02:49.501261+02:00,36639734,"Liga de Expansion MX, Apertura",Mexico,Venados  FC,Leones Negros UDEG,2026-10-10T23:00:00+00:00,57.175,soccer.total_goals,period=ft,over,total=3.5,2.1
2026-10-11T00:02:49.501261+02:00,36639734,"Liga de Expansion MX, Apertura",Mexico,Venados  FC,Leones Negros UDEG,2026-10-10T23:00:00+00:00,57.175,soccer.total_goals,period=ft,under,total=3.5,1.71
2026-10-11T00:02:49.501261+02:00,36639734,"Liga de Expansion MX, Apertura",Mexico,Venados  FC,Leones Negros UDEG,2026-10-10T23:00:00+00:00,57.175,soccer.total_goals,period=ft,over,total=3.75,2.4
2026-10-11T00:02:49.501261+02:00,36639734,"Liga de Expansion MX, Apertura",Mexico,Venados  FC,Leones Negros UDEG,2026-10-10T23:00:00+00:00,57.175,soccer.total_goals,period=ft,under,total=3.75,1.54
2026-10-11T00:02:49.501261+02:00,36639734,"Liga de Expansion MX, Apertura",Mexico,Venados  FC,Leones Negros UDEG,2026-10-10T23:00:00+00:00,57.175,soccer.total_goals,period=ft,over,total=4.5,3.55
2026-10-11T00:02:49.501261+02:00,36639734,"Liga de Expansion MX, Apertura",Mexico,Venados  FC,Leones Negros UDEG,2026-10-10T23:00:00+00:00,57.175,soccer.total_goals,period=ft,under,total=4.5,1.27
2026-10-11T00:02:49.501261+02:00,36639734,"Liga de Expansion MX, Apertura",Mexico,Venados  FC,Leones Negros UDEG,2026-10-10T23:00:00+00:00,57.175,soccer.total_goals,period=ft,over,total=5.5,6.6
2026-10-11T00:02:49.501261+02:00,36639734,"Liga de Expansion MX, Apertura",Mexico,Venados  FC,Leones Negros UDEG,2026-10-10T23:00:00+00:00,57.175,soccer.total_goals,period=ft,under,total=5.5,1.09
2026-10-11T00:02:49.501261+02:00,36627636,USL Championship,USA,Detroit City FC,Rhode Island FC,2026-10-10T23:00:00+00:00,57.175,soccer.asian_handicap,period=ft,home,handicap=-0.25,1.96
2026-10-11T00:02:49.501261+02:00,36627636,USL Championship,USA,Detroit City FC,Rhode Island FC,2026-10-10T23:00:00+00:00,57.175,soccer.asian_handicap,period=ft,away,handicap=-0.25,1.85
2026-10-11T00:02:49.501261+02:00,36627636,USL Championship,USA,Detroit City FC,Rhode Island FC,2026-10-10T23:00:00+00:00,57.175,soccer.asian_handicap,period=ft,home,handicap=-1.25,4.2
2026-10-11T00:02:49.501261+02:00,36627636,USL Championship,USA,Detroit City FC,Rhode Island FC,2026-10-10T23:00:00+00:00,57.175,soccer.asian_handicap,period=ft,away,handicap=-1.25,1.21
2026-10-11T00:02:49.501261+02:00,36627636,USL Championship,USA,Detroit City FC,Rhode Island FC,2026-10-10T23:00:00+00:00,57.175,soccer.asian_handicap,period=ft,home,handicap=-1,3.7
2026-10-11T00:02:49.501261+02:00,36627636,USL Championship,USA,Detroit City FC,Rhode Island FC,2026-10-10T23:00:00+00:00,57.175,soccer.asian_handicap,period=ft,away,handicap=-1,1.26
2026-10-11T00:02:49.501261+02:00,36627636,USL Championship,USA,Detroit City FC,Rhode Island FC,2026-10-10T23:00:00+00:00,57.175,soccer.asian_handicap,period=ft,home,handicap=-0.75,2.7
2026-10-11T00:02:49.501261+02:00,36627636,USL Championship,USA,Detroit City FC,Rhode Island FC,2026-10-10T23:00:00+00:00,57.175,soccer.asian_handicap,period=ft,away,handicap=-0.75,1.44
2026-10-11T00:02:49.501261+02:00,36627636,USL Championship,USA,Detroit City FC,Rhode Island FC,2026-10-10T23:00:00+00:00,57.175,soccer.asian_handicap,period=ft,home,handicap=-0.5,2.25
2026-10-11T00:02:49.501261+02:00,36627636,USL Championship,USA,Detroit City FC,Rhode Island FC,2026-10-10T23:00:00+00:00,57.175,soccer.asian_handicap,period=ft,away,handicap=-0.5,1.62
2026-10-11T00:02:49.501261+02:00,36627636,USL Championship,USA,Detroit City FC,Rhode Island FC,2026-10-10T23:00:00+00:00,57.175,soccer.asian_handicap,period=ft,home,handicap=0,1.62
2026-10-11T00:02:49.501261+02:00,36627636,USL Championship,USA,Detroit City FC,Rhode Island FC,2026-10-10T23:00:00+00:00,57.175,soccer.asian_handicap,period=ft,away,handicap=0,2.25
2026-10-11T00:02:49.501261+02:00,36627636,USL Championship,USA,Detroit City FC,Rhode Island FC,2026-10-10T23:00:00+00:00,57.175,soccer.asian_handicap,period=ft,home,handicap=0.25,1.44
2026-10-11T00:02:49.501261+02:00,36627636,USL Championship,USA,Detroit City FC,Rhode Island FC,2026-10-10T23:00:00+00:00,57.175,soccer.asian_handicap,period=ft,away,handicap=0.25,2.7
2026-10-11T00:02:49.501261+02:00,36627636,USL Championship,USA,Detroit City FC,Rhode Island FC,2026-10-10T23:00:00+00:00,57.175,soccer.asian_handicap,period=ft,home,handicap=0.5,1.34
2026-10-11T00:02:49.501261+02:00,36627636,USL Championship,USA,Detroit City FC,Rhode Island FC,2026-10-10T23:00:00+00:00,57.175,soccer.asian_handicap,period=ft,away,handicap=0.5,3.15
2026-10-11T00:02:49.501261+02:00,36627636,USL Championship,USA,Detroit City FC,Rhode Island FC,2026-10-10T23:00:00+00:00,57.175,soccer.asian_handicap,period=ft,home,handicap=0.75,1.23
2026-10-11T00:02:49.501261+02:00,36627636,USL Championship,USA,Detroit City FC,Rhode Island FC,2026-10-10T23:00:00+00:00,57.175,soccer.asian_handicap,period=ft,away,handicap=0.75,4.0
2026-10-11T00:02:49.501261+02:00,36627636,USL Championship,USA,Detroit City FC,Rhode Island FC,2026-10-10T23:00:00+00:00,57.175,soccer.double_chance,period=ft,draw_away,,1.61
2026-10-11T00:02:49.501261+02:00,36627636,USL Championship,USA,Detroit City FC,Rhode Island FC,2026-10-10T23:00:00+00:00,57.175,soccer.double_chance,period=ft,home_away,,1.32
2026-10-11T00:02:49.501261+02:00,36627636,USL Championship,USA,Detroit City FC,Rhode Island FC,2026-10-10T23:00:00+00:00,57.175,soccer.double_chance,period=ft,home_draw,,1.34
2026-10-11T00:02:49.501261+02:00,36627636,USL Championship,USA,Detroit City FC,Rhode Island FC,2026-10-10T23:00:00+00:00,57.175,soccer.match_odds,period=ft,home,,2.25
2026-10-11T00:02:49.501261+02:00,36627636,USL Championship,USA,Detroit City FC,Rhode Island FC,2026-10-10T23:00:00+00:00,57.175,soccer.match_odds,period=ft,draw,,3.25
2026-10-11T00:02:49.501261+02:00,36627636,USL Championship,USA,Detroit City FC,Rhode Island FC,2026-10-10T23:00:00+00:00,57.175,soccer.match_odds,period=ft,away,,3.15
2026-10-11T00:02:49.501261+02:00,36627636,USL Championship,USA,Detroit City FC,Rhode Island FC,2026-10-10T23:00:00+00:00,57.175,soccer.total_goals,period=ft,over,total=2.25,1.94
2026-10-11T00:02:49.501261+02:00,36627636,USL Championship,USA,Detroit City FC,Rhode Island FC,2026-10-10T23:00:00+00:00,57.175,soccer.total_goals,period=ft,under,total=2.25,1.85
2026-10-11T00:02:49.501261+02:00,36627636,USL Championship,USA,Detroit City FC,Rhode Island FC,2026-10-10T23:00:00+00:00,57.175,soccer.total_goals,period=ft,over,total=1.5,1.37
2026-10-11T00:02:49.501261+02:00,36627636,USL Championship,USA,Detroit City FC,Rhode Island FC,2026-10-10T23:00:00+00:00,57.175,soccer.total_goals,period=ft,under,total=1.5,2.95
2026-10-11T00:02:49.501261+02:00,36627636,USL Championship,USA,Detroit City FC,Rhode Island FC,2026-10-10T23:00:00+00:00,57.175,soccer.total_goals,period=ft,over,total=1.75,1.47
2026-10-11T00:02:49.501261+02:00,36627636,USL Championship,USA,Detroit City FC,Rhode Island FC,2026-10-10T23:00:00+00:00,57.175,soccer.total_goals,period=ft,under,total=1.75,2.6
2026-10-11T00:02:49.501261+02:00,36627636,USL Championship,USA,Detroit City FC,Rhode Island FC,2026-10-10T23:00:00+00:00,57.175,soccer.total_goals,period=ft,over,total=2,1.63
2026-10-11T00:02:49.501261+02:00,36627636,USL Championship,USA,Detroit City FC,Rhode Island FC,2026-10-10T23:00:00+00:00,57.175,soccer.total_goals,period=ft,under,total=2,2.2
2026-10-11T00:02:49.501261+02:00,36627636,USL Championship,USA,Detroit City FC,Rhode Island FC,2026-10-10T23:00:00+00:00,57.175,soccer.total_goals,period=ft,over,total=2.5,2.2
2026-10-11T00:02:49.501261+02:00,36627636,USL Championship,USA,Detroit City FC,Rhode Island FC,2026-10-10T23:00:00+00:00,57.175,soccer.total_goals,period=ft,under,total=2.5,1.64
2026-10-11T00:02:49.501261+02:00,36627636,USL Championship,USA,Detroit City FC,Rhode Island FC,2026-10-10T23:00:00+00:00,57.175,soccer.total_goals,period=ft,over,total=2.75,2.6
2026-10-11T00:02:49.501261+02:00,36627636,USL Championship,USA,Detroit City FC,Rhode Island FC,2026-10-10T23:00:00+00:00,57.175,soccer.total_goals,period=ft,under,total=2.75,1.47
2026-10-11T00:02:49.501261+02:00,36627636,USL Championship,USA,Detroit City FC,Rhode Island FC,2026-10-10T23:00:00+00:00,57.175,soccer.total_goals,period=ft,over,total=3.5,4.25
2026-10-11T00:02:49.501261+02:00,36627636,USL Championship,USA,Detroit City FC,Rhode Island FC,2026-10-10T23:00:00+00:00,57.175,soccer.total_goals,period=ft,under,total=3.5,1.2
2026-10-11T00:02:49.501261+02:00,36627827,USL Championship,USA,Indy Eleven,Tampa Bay Rowdies,2026-10-10T23:00:00+00:00,57.175,soccer.asian_handicap,period=ft,home,handicap=0.5,1.86
2026-10-11T00:02:49.501261+02:00,36627827,USL Championship,USA,Indy Eleven,Tampa Bay Rowdies,2026-10-10T23:00:00+00:00,57.175,soccer.asian_handicap,period=ft,away,handicap=0.5,1.94
2026-10-11T00:02:49.501261+02:00,36627827,USL Championship,USA,Indy Eleven,Tampa Bay Rowdies,2026-10-10T23:00:00+00:00,57.175,soccer.asian_handicap,period=ft,home,handicap=-0.5,3.5
2026-10-11T00:02:49.501261+02:00,36627827,USL Championship,USA,Indy Eleven,Tampa Bay Rowdies,2026-10-10T23:00:00+00:00,57.175,soccer.asian_handicap,period=ft,away,handicap=-0.5,1.29
2026-10-11T00:02:49.501261+02:00,36627827,USL Championship,USA,Indy Eleven,Tampa Bay Rowdies,2026-10-10T23:00:00+00:00,57.175,soccer.asian_handicap,period=ft,home,handicap=-0.25,3.05
2026-10-11T00:02:49.501261+02:00,36627827,USL Championship,USA,Indy Eleven,Tampa Bay Rowdies,2026-10-10T23:00:00+00:00,57.175,soccer.asian_handicap,period=ft,away,handicap=-0.25,1.35
2026-10-11T00:02:49.501261+02:00,36627827,USL Championship,USA,Indy Eleven,Tampa Bay Rowdies,2026-10-10T23:00:00+00:00,57.175,soccer.asian_handicap,period=ft,home,handicap=0,2.65
2026-10-11T00:02:49.501261+02:00,36627827,USL Championship,USA,Indy Eleven,Tampa Bay Rowdies,2026-10-10T23:00:00+00:00,57.175,soccer.asian_handicap,period=ft,away,handicap=0,1.46
2026-10-11T00:02:49.501261+02:00,36627827,USL Championship,USA,Indy Eleven,Tampa Bay Rowdies,2026-10-10T23:00:00+00:00,57.175,soccer.asian_handicap,period=ft,home,handicap=0.25,2.14
2026-10-11T00:02:49.501261+02:00,36627827,USL Championship,USA,Indy Eleven,Tampa Bay Rowdies,2026-10-10T23:00:00+00:00,57.175,soccer.asian_handicap,period=ft,away,handicap=0.25,1.69
2026-10-11T00:02:49.501261+02:00,36627827,USL Championship,USA,Indy Eleven,Tampa Bay Rowdies,2026-10-10T23:00:00+00:00,57.175,soccer.asian_handicap,period=ft,home,handicap=0.75,1.65
2026-10-11T00:02:49.501261+02:00,36627827,USL Championship,USA,Indy Eleven,Tampa Bay Rowdies,2026-10-10T23:00:00+00:00,57.175,soccer.asian_handicap,period=ft,away,handicap=0.75,2.2
2026-10-11T00:02:49.501261+02:00,36627827,USL Championship,USA,Indy Eleven,Tampa Bay Rowdies,2026-10-10T23:00:00+00:00,57.175,soccer.asian_handicap,period=ft,home,handicap=1,1.45
2026-10-11T00:02:49.501261+02:00,36627827,USL Championship,USA,Indy Eleven,Tampa Bay Rowdies,2026-10-10T23:00:00+00:00,57.175,soccer.asian_handicap,period=ft,away,handicap=1,2.7
2026-10-11T00:02:49.501261+02:00,36627827,USL Championship,USA,Indy Eleven,Tampa Bay Rowdies,2026-10-10T23:00:00+00:00,57.175,soccer.asian_handicap,period=ft,home,handicap=1.25,1.36
2026-10-11T00:02:49.501261+02:00,36627827,USL Championship,USA,Indy Eleven,Tampa Bay Rowdies,2026-10-10T23:00:00+00:00,57.175,soccer.asian_handicap,period=ft,away,handicap=1.25,3.0
2026-10-11T00:02:49.501261+02:00,36627827,USL Championship,USA,Indy Eleven,Tampa Bay Rowdies,2026-10-10T23:00:00+00:00,57.175,soccer.asian_handicap,period=ft,home,handicap=1.5,1.3
2026-10-11T00:02:49.501261+02:00,36627827,USL Championship,USA,Indy Eleven,Tampa Bay Rowdies,2026-10-10T23:00:00+00:00,57.175,soccer.asian_handicap,period=ft,away,handicap=1.5,3.4
2026-10-11T00:02:49.501261+02:00,36627827,USL Championship,USA,Indy Eleven,Tampa Bay Rowdies,2026-10-10T23:00:00+00:00,57.175,soccer.double_chance,period=ft,draw_away,,1.28
2026-10-11T00:02:49.501261+02:00,36627827,USL Championship,USA,Indy Eleven,Tampa Bay Rowdies,2026-10-10T23:00:00+00:00,57.175,soccer.double_chance,period=ft,home_away,,1.26
2026-10-11T00:02:49.501261+02:00,36627827,USL Championship,USA,Indy Eleven,Tampa Bay Rowdies,2026-10-10T23:00:00+00:00,57.175,soccer.double_chance,period=ft,home_draw,,1.83
2026-10-11T00:02:49.501261+02:00,36627827,USL Championship,USA,Indy Eleven,Tampa Bay Rowdies,2026-10-10T23:00:00+00:00,57.175,soccer.match_odds,period=ft,home,,3.5
2026-10-11T00:02:49.501261+02:00,36627827,USL Championship,USA,Indy Eleven,Tampa Bay Rowdies,2026-10-10T23:00:00+00:00,57.175,soccer.match_odds,period=ft,draw,,3.75
2026-10-11T00:02:49.501261+02:00,36627827,USL Championship,USA,Indy Eleven,Tampa Bay Rowdies,2026-10-10T23:00:00+00:00,57.175,soccer.match_odds,period=ft,away,,1.93
2026-10-11T00:02:49.501261+02:00,36627827,USL Championship,USA,Indy Eleven,Tampa Bay Rowdies,2026-10-10T23:00:00+00:00,57.175,soccer.total_goals,period=ft,over,total=2.75,1.94
2026-10-11T00:02:49.501261+02:00,36627827,USL Championship,USA,Indy Eleven,Tampa Bay Rowdies,2026-10-10T23:00:00+00:00,57.175,soccer.total_goals,period=ft,under,total=2.75,1.85
2026-10-11T00:02:49.501261+02:00,36627827,USL Championship,USA,Indy Eleven,Tampa Bay Rowdies,2026-10-10T23:00:00+00:00,57.175,soccer.total_goals,period=ft,over,total=1.5,1.23
2026-10-11T00:02:49.501261+02:00,36627827,USL Championship,USA,Indy Eleven,Tampa Bay Rowdies,2026-10-10T23:00:00+00:00,57.175,soccer.total_goals,period=ft,under,total=1.5,3.9
2026-10-11T00:02:49.501261+02:00,36627827,USL Championship,USA,Indy Eleven,Tampa Bay Rowdies,2026-10-10T23:00:00+00:00,57.175,soccer.total_goals,period=ft,over,total=2.25,1.55
2026-10-11T00:02:49.501261+02:00,36627827,USL Championship,USA,Indy Eleven,Tampa Bay Rowdies,2026-10-10T23:00:00+00:00,57.175,soccer.total_goals,period=ft,under,total=2.25,2.4
2026-10-11T00:02:49.501261+02:00,36627827,USL Championship,USA,Indy Eleven,Tampa Bay Rowdies,2026-10-10T23:00:00+00:00,57.175,soccer.total_goals,period=ft,over,total=2.5,1.75
2026-10-11T00:02:49.501261+02:00,36627827,USL Championship,USA,Indy Eleven,Tampa Bay Rowdies,2026-10-10T23:00:00+00:00,57.175,soccer.total_goals,period=ft,under,total=2.5,2.05
2026-10-11T00:02:49.501261+02:00,36627827,USL Championship,USA,Indy Eleven,Tampa Bay Rowdies,2026-10-10T23:00:00+00:00,57.175,soccer.total_goals,period=ft,over,total=3,2.2
2026-10-11T00:02:49.501261+02:00,36627827,USL Championship,USA,Indy Eleven,Tampa Bay Rowdies,2026-10-10T23:00:00+00:00,57.175,soccer.total_goals,period=ft,under,total=3,1.63
2026-10-11T00:02:49.501261+02:00,36627827,USL Championship,USA,Indy Eleven,Tampa Bay Rowdies,2026-10-10T23:00:00+00:00,57.175,soccer.total_goals,period=ft,over,total=3.25,2.5
2026-10-11T00:02:49.501261+02:00,36627827,USL Championship,USA,Indy Eleven,Tampa Bay Rowdies,2026-10-10T23:00:00+00:00,57.175,soccer.total_goals,period=ft,under,total=3.25,1.5
2026-10-11T00:02:49.501261+02:00,36627827,USL Championship,USA,Indy Eleven,Tampa Bay Rowdies,2026-10-10T23:00:00+00:00,57.175,soccer.total_goals,period=ft,over,total=3.5,2.75
2026-10-11T00:02:49.501261+02:00,36627827,USL Championship,USA,Indy Eleven,Tampa Bay Rowdies,2026-10-10T23:00:00+00:00,57.175,soccer.total_goals,period=ft,under,total=3.5,1.42
2026-10-11T00:02:49.501261+02:00,36627827,USL Championship,USA,Indy Eleven,Tampa Bay Rowdies,2026-10-10T23:00:00+00:00,57.175,soccer.total_goals,period=ft,over,total=4.5,5.05
2026-10-11T00:02:49.501261+02:00,36627827,USL Championship,USA,Indy Eleven,Tampa Bay Rowdies,2026-10-10T23:00:00+00:00,57.175,soccer.total_goals,period=ft,under,total=4.5,1.15
2026-10-11T00:02:49.501261+02:00,36627826,USL Championship,USA,Miami FC,Loudoun United FC,2026-10-10T23:00:00+00:00,57.175,soccer.asian_handicap,period=ft,home,handicap=-0.75,1.96
2026-10-11T00:02:49.501261+02:00,36627826,USL Championship,USA,Miami FC,Loudoun United FC,2026-10-10T23:00:00+00:00,57.175,soccer.asian_handicap,period=ft,away,handicap=-0.75,1.85
2026-10-11T00:02:49.501261+02:00,36627826,USL Championship,USA,Miami FC,Loudoun United FC,2026-10-10T23:00:00+00:00,57.175,soccer.asian_handicap,period=ft,home,handicap=-1.75,3.55
2026-10-11T00:02:49.501261+02:00,36627826,USL Championship,USA,Miami FC,Loudoun United FC,2026-10-10T23:00:00+00:00,57.175,soccer.asian_handicap,period=ft,away,handicap=-1.75,1.28
2026-10-11T00:02:49.501261+02:00,36627826,USL Championship,USA,Miami FC,Loudoun United FC,2026-10-10T23:00:00+00:00,57.175,soccer.asian_handicap,period=ft,home,handicap=-1.5,2.9
2026-10-11T00:02:49.501261+02:00,36627826,USL Championship,USA,Miami FC,Loudoun United FC,2026-10-10T23:00:00+00:00,57.175,soccer.asian_handicap,period=ft,away,handicap=-1.5,1.39
2026-10-11T00:02:49.501261+02:00,36627826,USL Championship,USA,Miami FC,Loudoun United FC,2026-10-10T23:00:00+00:00,57.175,soccer.asian_handicap,period=ft,home,handicap=-1.25,2.6
2026-10-11T00:02:49.501261+02:00,36627826,USL Championship,USA,Miami FC,Loudoun United FC,2026-10-10T23:00:00+00:00,57.175,soccer.asian_handicap,period=ft,away,handicap=-1.25,1.48
2026-10-11T00:02:49.501261+02:00,36627826,USL Championship,USA,Miami FC,Loudoun United FC,2026-10-10T23:00:00+00:00,57.175,soccer.asian_handicap,period=ft,home,handicap=-1,2.25
2026-10-11T00:02:49.501261+02:00,36627826,USL Championship,USA,Miami FC,Loudoun United FC,2026-10-10T23:00:00+00:00,57.175,soccer.asian_handicap,period=ft,away,handicap=-1,1.62
2026-10-11T00:02:49.501261+02:00,36627826,USL Championship,USA,Miami FC,Loudoun United FC,2026-10-10T23:00:00+00:00,57.175,soccer.asian_handicap,period=ft,home,handicap=-0.5,1.74
2026-10-11T00:02:49.501261+02:00,36627826,USL Championship,USA,Miami FC,Loudoun United FC,2026-10-10T23:00:00+00:00,57.175,soccer.asian_handicap,period=ft,away,handicap=-0.5,2.07
2026-10-11T00:02:49.501261+02:00,36627826,USL Championship,USA,Miami FC,Loudoun United FC,2026-10-10T23:00:00+00:00,57.175,soccer.asian_handicap,period=ft,home,handicap=-0.25,1.55
2026-10-11T00:02:49.501261+02:00,36627826,USL Championship,USA,Miami FC,Loudoun United FC,2026-10-10T23:00:00+00:00,57.175,soccer.asian_handicap,period=ft,away,handicap=-0.25,2.4
2026-10-11T00:02:49.501261+02:00,36627826,USL Championship,USA,Miami FC,Loudoun United FC,2026-10-10T23:00:00+00:00,57.175,soccer.asian_handicap,period=ft,home,handicap=0,1.36
2026-10-11T00:02:49.501261+02:00,36627826,USL Championship,USA,Miami FC,Loudoun United FC,2026-10-10T23:00:00+00:00,57.175,soccer.asian_handicap,period=ft,away,handicap=0,3.0
2026-10-11T00:02:49.501261+02:00,36627826,USL Championship,USA,Miami FC,Loudoun United FC,2026-10-10T23:00:00+00:00,57.175,soccer.asian_handicap,period=ft,home,handicap=0.25,1.29
2026-10-11T00:02:49.501261+02:00,36627826,USL Championship,USA,Miami FC,Loudoun United FC,2026-10-10T23:00:00+00:00,57.175,soccer.asian_handicap,period=ft,away,handicap=0.25,3.4
2026-10-11T00:02:49.501261+02:00,36627826,USL Championship,USA,Miami FC,Loudoun United FC,2026-10-10T23:00:00+00:00,57.175,soccer.double_chance,period=ft,draw_away,,2.04
2026-10-11T00:02:49.501261+02:00,36627826,USL Championship,USA,Miami FC,Loudoun United FC,2026-10-10T23:00:00+00:00,57.175,soccer.double_chance,period=ft,home_away,,1.21
2026-10-11T00:02:49.501261+02:00,36627826,USL Championship,USA,Miami FC,Loudoun United FC,2026-10-10T23:00:00+00:00,57.175,soccer.double_chance,period=ft,home_draw,,1.25
2026-10-11T00:02:49.501261+02:00,36627826,USL Championship,USA,Miami FC,Loudoun United FC,2026-10-10T23:00:00+00:00,57.175,soccer.match_odds,period=ft,home,,1.74
2026-10-11T00:02:49.501261+02:00,36627826,USL Championship,USA,Miami FC,Loudoun United FC,2026-10-10T23:00:00+00:00,57.175,soccer.match_odds,period=ft,draw,,4.25
2026-10-11T00:02:49.501261+02:00,36627826,USL Championship,USA,Miami FC,Loudoun United FC,2026-10-10T23:00:00+00:00,57.175,soccer.match_odds,period=ft,away,,3.85
2026-10-11T00:02:49.501261+02:00,36627826,USL Championship,USA,Miami FC,Loudoun United FC,2026-10-10T23:00:00+00:00,57.175,soccer.total_goals,period=ft,over,total=3.25,1.85
2026-10-11T00:02:49.501261+02:00,36627826,USL Championship,USA,Miami FC,Loudoun United FC,2026-10-10T23:00:00+00:00,57.175,soccer.total_goals,period=ft,under,total=3.25,1.94
2026-10-11T00:02:49.501261+02:00,36627826,USL Championship,USA,Miami FC,Loudoun United FC,2026-10-10T23:00:00+00:00,57.175,soccer.total_goals,period=ft,over,total=1.5,1.12
2026-10-11T00:02:49.501261+02:00,36627826,USL Championship,USA,Miami FC,Loudoun United FC,2026-10-10T23:00:00+00:00,57.175,soccer.total_goals,period=ft,under,total=1.5,5.85
2026-10-11T00:02:49.501261+02:00,36627826,USL Championship,USA,Miami FC,Loudoun United FC,2026-10-10T23:00:00+00:00,57.175,soccer.total_goals,period=ft,over,total=2.5,1.41
2026-10-11T00:02:49.501261+02:00,36627826,USL Championship,USA,Miami FC,Loudoun United FC,2026-10-10T23:00:00+00:00,57.175,soccer.total_goals,period=ft,under,total=2.5,2.75
2026-10-11T00:02:49.501261+02:00,36627826,USL Championship,USA,Miami FC,Loudoun United FC,2026-10-10T23:00:00+00:00,57.175,soccer.total_goals,period=ft,over,total=2.75,1.5
2026-10-11T00:02:49.501261+02:00,36627826,USL Championship,USA,Miami FC,Loudoun United FC,2026-10-10T23:00:00+00:00,57.175,soccer.total_goals,period=ft,under,total=2.75,2.5
2026-10-11T00:02:49.501261+02:00,36627826,USL Championship,USA,Miami FC,Loudoun United FC,2026-10-10T23:00:00+00:00,57.175,soccer.total_goals,period=ft,over,total=3,1.63
2026-10-11T00:02:49.501261+02:00,36627826,USL Championship,USA,Miami FC,Loudoun United FC,2026-10-10T23:00:00+00:00,57.175,soccer.total_goals,period=ft,under,total=3,2.2
2026-10-11T00:02:49.501261+02:00,36627826,USL Championship,USA,Miami FC,Loudoun United FC,2026-10-10T23:00:00+00:00,57.175,soccer.total_goals,period=ft,over,total=3.5,2.05
2026-10-11T00:02:49.501261+02:00,36627826,USL Championship,USA,Miami FC,Loudoun United FC,2026-10-10T23:00:00+00:00,57.175,soccer.total_goals,period=ft,under,total=3.5,1.74
2026-10-11T00:02:49.501261+02:00,36627826,USL Championship,USA,Miami FC,Loudoun United FC,2026-10-10T23:00:00+00:00,57.175,soccer.total_goals,period=ft,over,total=3.75,2.35
2026-10-11T00:02:49.501261+02:00,36627826,USL Championship,USA,Miami FC,Loudoun United FC,2026-10-10T23:00:00+00:00,57.175,soccer.total_goals,period=ft,under,total=3.75,1.57
2026-10-11T00:02:49.501261+02:00,36627826,USL Championship,USA,Miami FC,Loudoun United FC,2026-10-10T23:00:00+00:00,57.175,soccer.total_goals,period=ft,over,total=4.5,3.5
2026-10-11T00:02:49.501261+02:00,36627826,USL Championship,USA,Miami FC,Loudoun United FC,2026-10-10T23:00:00+00:00,57.175,soccer.total_goals,period=ft,under,total=4.5,1.28
2026-10-11T00:02:49.501261+02:00,36627826,USL Championship,USA,Miami FC,Loudoun United FC,2026-10-10T23:00:00+00:00,57.175,soccer.total_goals,period=ft,over,total=5.5,6.7
2026-10-11T00:02:49.501261+02:00,36627826,USL Championship,USA,Miami FC,Loudoun United FC,2026-10-10T23:00:00+00:00,57.175,soccer.total_goals,period=ft,under,total=5.5,1.09
2026-10-11T00:02:49.501261+02:00,36627633,USL Championship,USA,Pittsburgh Riverhounds,Hartford Athletic,2026-10-10T23:00:00+00:00,57.175,soccer.asian_handicap,period=ft,home,handicap=-0.25,1.95
2026-10-11T00:02:49.501261+02:00,36627633,USL Championship,USA,Pittsburgh Riverhounds,Hartford Athletic,2026-10-10T23:00:00+00:00,57.175,soccer.asian_handicap,period=ft,away,handicap=-0.25,1.86
2026-10-11T00:02:49.501261+02:00,36627633,USL Championship,USA,Pittsburgh Riverhounds,Hartford Athletic,2026-10-10T23:00:00+00:00,57.175,soccer.asian_handicap,period=ft,home,handicap=-1.25,4.25
2026-10-11T00:02:49.501261+02:00,36627633,USL Championship,USA,Pittsburgh Riverhounds,Hartford Athletic,2026-10-10T23:00:00+00:00,57.175,soccer.asian_handicap,period=ft,away,handicap=-1.25,1.21
2026-10-11T00:02:49.501261+02:00,36627633,USL Championship,USA,Pittsburgh Riverhounds,Hartford Athletic,2026-10-10T23:00:00+00:00,57.175,soccer.asian_handicap,period=ft,home,handicap=-1,3.75
2026-10-11T00:02:49.501261+02:00,36627633,USL Championship,USA,Pittsburgh Riverhounds,Hartford Athletic,2026-10-10T23:00:00+00:00,57.175,soccer.asian_handicap,period=ft,away,handicap=-1,1.25
2026-10-11T00:02:49.501261+02:00,36627633,USL Championship,USA,Pittsburgh Riverhounds,Hartford Athletic,2026-10-10T23:00:00+00:00,57.175,soccer.asian_handicap,period=ft,home,handicap=-0.75,2.75
2026-10-11T00:02:49.501261+02:00,36627633,USL Championship,USA,Pittsburgh Riverhounds,Hartford Athletic,2026-10-10T23:00:00+00:00,57.175,soccer.asian_handicap,period=ft,away,handicap=-0.75,1.43
2026-10-11T00:02:49.501261+02:00,36627633,USL Championship,USA,Pittsburgh Riverhounds,Hartford Athletic,2026-10-10T23:00:00+00:00,57.175,soccer.asian_handicap,period=ft,home,handicap=-0.5,2.25
2026-10-11T00:02:49.501261+02:00,36627633,USL Championship,USA,Pittsburgh Riverhounds,Hartford Athletic,2026-10-10T23:00:00+00:00,57.175,soccer.asian_handicap,period=ft,away,handicap=-0.5,1.61
2026-10-11T00:02:49.501261+02:00,36627633,USL Championship,USA,Pittsburgh Riverhounds,Hartford Athletic,2026-10-10T23:00:00+00:00,57.175,soccer.asian_handicap,period=ft,home,handicap=0,1.58
2026-10-11T00:02:49.501261+02:00,36627633,USL Championship,USA,Pittsburgh Riverhounds,Hartford Athletic,2026-10-10T23:00:00+00:00,57.175,soccer.asian_handicap,period=ft,away,handicap=0,2.35
2026-10-11T00:02:49.501261+02:00,36627633,USL Championship,USA,Pittsburgh Riverhounds,Hartford Athletic,2026-10-10T23:00:00+00:00,57.175,soccer.asian_handicap,period=ft,home,handicap=0.25,1.4
2026-10-11T00:02:49.501261+02:00,36627633,USL Championship,USA,Pittsburgh Riverhounds,Hartford Athletic,2026-10-10T23:00:00+00:00,57.175,soccer.asian_handicap,period=ft,away,handicap=0.25,2.85
2026-10-11T00:02:49.501261+02:00,36627633,USL Championship,USA,Pittsburgh Riverhounds,Hartford Athletic,2026-10-10T23:00:00+00:00,57.175,soccer.asian_handicap,period=ft,home,handicap=0.5,1.3
2026-10-11T00:02:49.501261+02:00,36627633,USL Championship,USA,Pittsburgh Riverhounds,Hartford Athletic,2026-10-10T23:00:00+00:00,57.175,soccer.asian_handicap,period=ft,away,handicap=0.5,3.35
2026-10-11T00:02:49.501261+02:00,36627633,USL Championship,USA,Pittsburgh Riverhounds,Hartford Athletic,2026-10-10T23:00:00+00:00,57.175,soccer.asian_handicap,period=ft,home,handicap=0.75,1.19
2026-10-11T00:02:49.501261+02:00,36627633,USL Championship,USA,Pittsburgh Riverhounds,Hartford Athletic,2026-10-10T23:00:00+00:00,57.175,soccer.asian_handicap,period=ft,away,handicap=0.75,4.4
2026-10-11T00:02:49.501261+02:00,36627633,USL Championship,USA,Pittsburgh Riverhounds,Hartford Athletic,2026-10-10T23:00:00+00:00,57.175,soccer.double_chance,period=ft,draw_away,,1.6
2026-10-11T00:02:49.501261+02:00,36627633,USL Championship,USA,Pittsburgh Riverhounds,Hartford Athletic,2026-10-10T23:00:00+00:00,57.175,soccer.double_chance,period=ft,home_away,,1.37
2026-10-11T00:02:49.501261+02:00,36627633,USL Championship,USA,Pittsburgh Riverhounds,Hartford Athletic,2026-10-10T23:00:00+00:00,57.175,soccer.double_chance,period=ft,home_draw,,1.3
2026-10-11T00:02:49.501261+02:00,36627633,USL Championship,USA,Pittsburgh Riverhounds,Hartford Athletic,2026-10-10T23:00:00+00:00,57.175,soccer.match_odds,period=ft,home,,2.25
2026-10-11T00:02:49.501261+02:00,36627633,USL Championship,USA,Pittsburgh Riverhounds,Hartford Athletic,2026-10-10T23:00:00+00:00,57.175,soccer.match_odds,period=ft,draw,,3.0
2026-10-11T00:02:49.501261+02:00,36627633,USL Championship,USA,Pittsburgh Riverhounds,Hartford Athletic,2026-10-10T23:00:00+00:00,57.175,soccer.match_odds,period=ft,away,,3.4
2026-10-11T00:02:49.501261+02:00,36627633,USL Championship,USA,Pittsburgh Riverhounds,Hartford Athletic,2026-10-10T23:00:00+00:00,57.175,soccer.total_goals,period=ft,over,total=2.25,2.0
2026-10-11T00:02:49.501261+02:00,36627633,USL Championship,USA,Pittsburgh Riverhounds,Hartford Athletic,2026-10-10T23:00:00+00:00,57.175,soccer.total_goals,period=ft,under,total=2.25,1.8
2026-10-11T00:02:49.501261+02:00,36627633,USL Championship,USA,Pittsburgh Riverhounds,Hartford Athletic,2026-10-10T23:00:00+00:00,57.175,soccer.total_goals,period=ft,over,total=1.5,1.39
2026-10-11T00:02:49.501261+02:00,36627633,USL Championship,USA,Pittsburgh Riverhounds,Hartford Athletic,2026-10-10T23:00:00+00:00,57.175,soccer.total_goals,period=ft,under,total=1.5,2.85
2026-10-11T00:02:49.501261+02:00,36627633,USL Championship,USA,Pittsburgh Riverhounds,Hartford Athletic,2026-10-10T23:00:00+00:00,57.175,soccer.total_goals,period=ft,over,total=1.75,1.5
2026-10-11T00:02:49.501261+02:00,36627633,USL Championship,USA,Pittsburgh Riverhounds,Hartford Athletic,2026-10-10T23:00:00+00:00,57.175,soccer.total_goals,period=ft,under,total=1.75,2.5
2026-10-11T00:02:49.501261+02:00,36627633,USL Championship,USA,Pittsburgh Riverhounds,Hartford Athletic,2026-10-10T23:00:00+00:00,57.175,soccer.total_goals,period=ft,over,total=2,1.68
2026-10-11T00:02:49.501261+02:00,36627633,USL Championship,USA,Pittsburgh Riverhounds,Hartford Athletic,2026-10-10T23:00:00+00:00,57.175,soccer.total_goals,period=ft,under,total=2,2.15
2026-10-11T00:02:49.501261+02:00,36627633,USL Championship,USA,Pittsburgh Riverhounds,Hartford Athletic,2026-10-10T23:00:00+00:00,57.175,soccer.total_goals,period=ft,over,total=2.5,2.25
2026-10-11T00:02:49.501261+02:00,36627633,USL Championship,USA,Pittsburgh Riverhounds,Hartford Athletic,2026-10-10T23:00:00+00:00,57.175,soccer.total_goals,period=ft,under,total=2.5,1.61
2026-10-11T00:02:49.501261+02:00,36627633,USL Championship,USA,Pittsburgh Riverhounds,Hartford Athletic,2026-10-10T23:00:00+00:00,57.175,soccer.total_goals,period=ft,over,total=2.75,2.65
2026-10-11T00:02:49.501261+02:00,36627633,USL Championship,USA,Pittsburgh Riverhounds,Hartford Athletic,2026-10-10T23:00:00+00:00,57.175,soccer.total_goals,period=ft,under,total=2.75,1.45
2026-10-11T00:02:49.501261+02:00,36627633,USL Championship,USA,Pittsburgh Riverhounds,Hartford Athletic,2026-10-10T23:00:00+00:00,57.175,soccer.total_goals,period=ft,over,total=3.5,4.15
2026-10-11T00:02:49.501261+02:00,36627633,USL Championship,USA,Pittsburgh Riverhounds,Hartford Athletic,2026-10-10T23:00:00+00:00,57.175,soccer.total_goals,period=ft,under,total=3.5,1.21
2026-10-11T00:02:49.501261+02:00,36653708,Division Profesional,Bolivia,Oriente Petrolero,Academia del Balompie Boliviano,2026-10-10T23:30:00+00:00,87.175,soccer.asian_handicap,period=ft,home,handicap=-1.5,1.85
2026-10-11T00:02:49.501261+02:00,36653708,Division Profesional,Bolivia,Oriente Petrolero,Academia del Balompie Boliviano,2026-10-10T23:30:00+00:00,87.175,soccer.asian_handicap,period=ft,away,handicap=-1.5,1.89
2026-10-11T00:02:49.501261+02:00,36653708,Division Profesional,Bolivia,Oriente Petrolero,Academia del Balompie Boliviano,2026-10-10T23:30:00+00:00,87.175,soccer.asian_handicap,period=ft,home,handicap=-2.25,2.65
2026-10-11T00:02:49.501261+02:00,36653708,Division Profesional,Bolivia,Oriente Petrolero,Academia del Balompie Boliviano,2026-10-10T23:30:00+00:00,87.175,soccer.asian_handicap,period=ft,away,handicap=-2.25,1.4
2026-10-11T00:02:49.501261+02:00,36653708,Division Profesional,Bolivia,Oriente Petrolero,Academia del Balompie Boliviano,2026-10-10T23:30:00+00:00,87.175,soccer.asian_handicap,period=ft,home,handicap=-2,2.35
2026-10-11T00:02:49.501261+02:00,36653708,Division Profesional,Bolivia,Oriente Petrolero,Academia del Balompie Boliviano,2026-10-10T23:30:00+00:00,87.175,soccer.asian_handicap,period=ft,away,handicap=-2,1.49
2026-10-11T00:02:49.501261+02:00,36653708,Division Profesional,Bolivia,Oriente Petrolero,Academia del Balompie Boliviano,2026-10-10T23:30:00+00:00,87.175,soccer.asian_handicap,period=ft,home,handicap=-1.75,2.05
2026-10-11T00:02:49.501261+02:00,36653708,Division Profesional,Bolivia,Oriente Petrolero,Academia del Balompie Boliviano,2026-10-10T23:30:00+00:00,87.175,soccer.asian_handicap,period=ft,away,handicap=-1.75,1.69
2026-10-11T00:02:49.501261+02:00,36653708,Division Profesional,Bolivia,Oriente Petrolero,Academia del Balompie Boliviano,2026-10-10T23:30:00+00:00,87.175,soccer.asian_handicap,period=ft,home,handicap=-1.25,1.63
2026-10-11T00:02:49.501261+02:00,36653708,Division Profesional,Bolivia,Oriente Petrolero,Academia del Balompie Boliviano,2026-10-10T23:30:00+00:00,87.175,soccer.asian_handicap,period=ft,away,handicap=-1.25,2.14
2026-10-11T00:02:49.501261+02:00,36653708,Division Profesional,Bolivia,Oriente Petrolero,Academia del Balompie Boliviano,2026-10-10T23:30:00+00:00,87.175,soccer.asian_handicap,period=ft,home,handicap=-1,1.42
2026-10-11T00:02:49.501261+02:00,36653708,Division Profesional,Bolivia,Oriente Petrolero,Academia del Balompie Boliviano,2026-10-10T23:30:00+00:00,87.175,soccer.asian_handicap,period=ft,away,handicap=-1,2.6
2026-10-11T00:02:49.501261+02:00,36653708,Division Profesional,Bolivia,Oriente Petrolero,Academia del Balompie Boliviano,2026-10-10T23:30:00+00:00,87.175,soccer.asian_handicap,period=ft,home,handicap=-0.75,1.33
2026-10-11T00:02:49.501261+02:00,36653708,Division Profesional,Bolivia,Oriente Petrolero,Academia del Balompie Boliviano,2026-10-10T23:30:00+00:00,87.175,soccer.asian_handicap,period=ft,away,handicap=-0.75,2.95
2026-10-11T00:02:49.501261+02:00,36653708,Division Profesional,Bolivia,Oriente Petrolero,Academia del Balompie Boliviano,2026-10-10T23:30:00+00:00,87.175,soccer.double_chance,period=ft,draw_away,,3.15
2026-10-11T00:02:49.501261+02:00,36653708,Division Profesional,Bolivia,Oriente Petrolero,Academia del Balompie Boliviano,2026-10-10T23:30:00+00:00,87.175,soccer.double_chance,period=ft,home_away,,1.14
2026-10-11T00:02:49.501261+02:00,36653708,Division Profesional,Bolivia,Oriente Petrolero,Academia del Balompie Boliviano,2026-10-10T23:30:00+00:00,87.175,soccer.double_chance,period=ft,home_draw,,1.1
2026-10-11T00:02:49.501261+02:00,36653708,Division Profesional,Bolivia,Oriente Petrolero,Academia del Balompie Boliviano,2026-10-10T23:30:00+00:00,87.175,soccer.match_odds,period=ft,home,,1.28
2026-10-11T00:02:49.501261+02:00,36653708,Division Profesional,Bolivia,Oriente Petrolero,Academia del Balompie Boliviano,2026-10-10T23:30:00+00:00,87.175,soccer.match_odds,period=ft,draw,,5.2
2026-10-11T00:02:49.501261+02:00,36653708,Division Profesional,Bolivia,Oriente Petrolero,Academia del Balompie Boliviano,2026-10-10T23:30:00+00:00,87.175,soccer.match_odds,period=ft,away,,7.35
2026-10-11T00:02:49.501261+02:00,36653708,Division Profesional,Bolivia,Oriente Petrolero,Academia del Balompie Boliviano,2026-10-10T23:30:00+00:00,87.175,soccer.total_goals,period=ft,over,total=3.5,1.85
2026-10-11T00:02:49.501261+02:00,36653708,Division Profesional,Bolivia,Oriente Petrolero,Academia del Balompie Boliviano,2026-10-10T23:30:00+00:00,87.175,soccer.total_goals,period=ft,under,total=3.5,1.89
2026-10-11T00:02:49.501261+02:00,36653708,Division Profesional,Bolivia,Oriente Petrolero,Academia del Balompie Boliviano,2026-10-10T23:30:00+00:00,87.175,soccer.total_goals,period=ft,over,total=2.75,1.37
2026-10-11T00:02:49.501261+02:00,36653708,Division Profesional,Bolivia,Oriente Petrolero,Academia del Balompie Boliviano,2026-10-10T23:30:00+00:00,87.175,soccer.total_goals,period=ft,under,total=2.75,2.8
2026-10-11T00:02:49.501261+02:00,36653708,Division Profesional,Bolivia,Oriente Petrolero,Academia del Balompie Boliviano,2026-10-10T23:30:00+00:00,87.175,soccer.total_goals,period=ft,over,total=3,1.45
2026-10-11T00:02:49.501261+02:00,36653708,Division Profesional,Bolivia,Oriente Petrolero,Academia del Balompie Boliviano,2026-10-10T23:30:00+00:00,87.175,soccer.total_goals,period=ft,under,total=3,2.5
2026-10-11T00:02:49.501261+02:00,36653708,Division Profesional,Bolivia,Oriente Petrolero,Academia del Balompie Boliviano,2026-10-10T23:30:00+00:00,87.175,soccer.total_goals,period=ft,over,total=3.25,1.65
2026-10-11T00:02:49.501261+02:00,36653708,Division Profesional,Bolivia,Oriente Petrolero,Academia del Balompie Boliviano,2026-10-10T23:30:00+00:00,87.175,soccer.total_goals,period=ft,under,total=3.25,2.11
2026-10-11T00:02:49.501261+02:00,36653708,Division Profesional,Bolivia,Oriente Petrolero,Academia del Balompie Boliviano,2026-10-10T23:30:00+00:00,87.175,soccer.total_goals,period=ft,over,total=3.75,2.02
2026-10-11T00:02:49.501261+02:00,36653708,Division Profesional,Bolivia,Oriente Petrolero,Academia del Balompie Boliviano,2026-10-10T23:30:00+00:00,87.175,soccer.total_goals,period=ft,under,total=3.75,1.71
2026-10-11T00:02:49.501261+02:00,36653708,Division Profesional,Bolivia,Oriente Petrolero,Academia del Balompie Boliviano,2026-10-10T23:30:00+00:00,87.175,soccer.total_goals,period=ft,over,total=4,2.3
2026-10-11T00:02:49.501261+02:00,36653708,Division Profesional,Bolivia,Oriente Petrolero,Academia del Balompie Boliviano,2026-10-10T23:30:00+00:00,87.175,soccer.total_goals,period=ft,under,total=4,1.53
2026-10-11T00:02:49.501261+02:00,36653708,Division Profesional,Bolivia,Oriente Petrolero,Academia del Balompie Boliviano,2026-10-10T23:30:00+00:00,87.175,soccer.total_goals,period=ft,over,total=4.25,2.55
2026-10-11T00:02:49.501261+02:00,36653708,Division Profesional,Bolivia,Oriente Petrolero,Academia del Balompie Boliviano,2026-10-10T23:30:00+00:00,87.175,soccer.total_goals,period=ft,under,total=4.25,1.44
2026-10-11T00:02:49.501261+02:00,36692323,Primera Division,Venezuela,Metropolitanos FC,Rayo Zuliano,2026-10-10T23:30:00+00:00,87.175,soccer.asian_handicap,period=ft,home,handicap=-1.25,1.8
2026-10-11T00:02:49.501261+02:00,36692323,Primera Division,Venezuela,Metropolitanos FC,Rayo Zuliano,2026-10-10T23:30:00+00:00,87.175,soccer.asian_handicap,period=ft,away,handicap=-1.25,1.99
2026-10-11T00:02:49.501261+02:00,36692323,Primera Division,Venezuela,Metropolitanos FC,Rayo Zuliano,2026-10-10T23:30:00+00:00,87.175,soccer.asian_handicap,period=ft,home,handicap=-2,2.85
2026-10-11T00:02:49.501261+02:00,36692323,Primera Division,Venezuela,Metropolitanos FC,Rayo Zuliano,2026-10-10T23:30:00+00:00,87.175,soccer.asian_handicap,period=ft,away,handicap=-2,1.37
2026-10-11T00:02:49.501261+02:00,36692323,Primera Division,Venezuela,Metropolitanos FC,Rayo Zuliano,2026-10-10T23:30:00+00:00,87.175,soccer.asian_handicap,period=ft,home,handicap=-1.75,2.3
2026-10-11T00:02:49.501261+02:00,36692323,Primera Division,Venezuela,Metropolitanos FC,Rayo Zuliano,2026-10-10T23:30:00+00:00,87.175,soccer.asian_handicap,period=ft,away,handicap=-1.75,1.54
2026-10-11T00:02:49.501261+02:00,36692323,Primera Division,Venezuela,Metropolitanos FC,Rayo Zuliano,2026-10-10T23:30:00+00:00,87.175,soccer.asian_handicap,period=ft,home,handicap=-1.5,2.03
2026-10-11T00:02:49.501261+02:00,36692323,Primera Division,Venezuela,Metropolitanos FC,Rayo Zuliano,2026-10-10T23:30:00+00:00,87.175,soccer.asian_handicap,period=ft,away,handicap=-1.5,1.73
2026-10-11T00:02:49.501261+02:00,36692323,Primera Division,Venezuela,Metropolitanos FC,Rayo Zuliano,2026-10-10T23:30:00+00:00,87.175,soccer.asian_handicap,period=ft,home,handicap=-1,1.52
2026-10-11T00:02:49.501261+02:00,36692323,Primera Division,Venezuela,Metropolitanos FC,Rayo Zuliano,2026-10-10T23:30:00+00:00,87.175,soccer.asian_handicap,period=ft,away,handicap=-1,2.4
2026-10-11T00:02:49.501261+02:00,36692323,Primera Division,Venezuela,Metropolitanos FC,Rayo Zuliano,2026-10-10T23:30:00+00:00,87.175,soccer.asian_handicap,period=ft,home,handicap=-0.75,1.39
2026-10-11T00:02:49.501261+02:00,36692323,Primera Division,Venezuela,Metropolitanos FC,Rayo Zuliano,2026-10-10T23:30:00+00:00,87.175,soccer.asian_handicap,period=ft,away,handicap=-0.75,2.75
2026-10-11T00:02:49.501261+02:00,36692323,Primera Division,Venezuela,Metropolitanos FC,Rayo Zuliano,2026-10-10T23:30:00+00:00,87.175,soccer.asian_handicap,period=ft,home,handicap=-0.5,1.31
2026-10-11T00:02:49.501261+02:00,36692323,Primera Division,Venezuela,Metropolitanos FC,Rayo Zuliano,2026-10-10T23:30:00+00:00,87.175,soccer.asian_handicap,period=ft,away,handicap=-0.5,3.15
2026-10-11T00:02:49.501261+02:00,36692323,Primera Division,Venezuela,Metropolitanos FC,Rayo Zuliano,2026-10-10T23:30:00+00:00,87.175,soccer.double_chance,period=ft,draw_away,,3.15
2026-10-11T00:02:49.501261+02:00,36692323,Primera Division,Venezuela,Metropolitanos FC,Rayo Zuliano,2026-10-10T23:30:00+00:00,87.175,soccer.double_chance,period=ft,home_away,,1.16
2026-10-11T00:02:49.501261+02:00,36692323,Primera Division,Venezuela,Metropolitanos FC,Rayo Zuliano,2026-10-10T23:30:00+00:00,87.175,soccer.double_chance,period=ft,home_draw,,1.07
2026-10-11T00:02:49.501261+02:00,36692323,Primera Division,Venezuela,Metropolitanos FC,Rayo Zuliano,2026-10-10T23:30:00+00:00,87.175,soccer.match_odds,period=ft,home,,1.32
2026-10-11T00:02:49.501261+02:00,36692323,Primera Division,Venezuela,Metropolitanos FC,Rayo Zuliano,2026-10-10T23:30:00+00:00,87.175,soccer.match_odds,period=ft,draw,,4.85
2026-10-11T00:02:49.501261+02:00,36692323,Primera Division,Venezuela,Metropolitanos FC,Rayo Zuliano,2026-10-10T23:30:00+00:00,87.175,soccer.match_odds,period=ft,away,,7.75
2026-10-11T00:02:49.501261+02:00,36692323,Primera Division,Venezuela,Metropolitanos FC,Rayo Zuliano,2026-10-10T23:30:00+00:00,87.175,soccer.total_goals,period=ft,over,total=3,1.94
2026-10-11T00:02:49.501261+02:00,36692323,Primera Division,Venezuela,Metropolitanos FC,Rayo Zuliano,2026-10-10T23:30:00+00:00,87.175,soccer.total_goals,period=ft,under,total=3,1.83
2026-10-11T00:02:49.501261+02:00,36692323,Primera Division,Venezuela,Metropolitanos FC,Rayo Zuliano,2026-10-10T23:30:00+00:00,87.175,soccer.total_goals,period=ft,over,total=2.25,1.4
2026-10-11T00:02:49.501261+02:00,36692323,Primera Division,Venezuela,Metropolitanos FC,Rayo Zuliano,2026-10-10T23:30:00+00:00,87.175,soccer.total_goals,period=ft,under,total=2.25,2.75
2026-10-11T00:02:49.501261+02:00,36692323,Primera Division,Venezuela,Metropolitanos FC,Rayo Zuliano,2026-10-10T23:30:00+00:00,87.175,soccer.total_goals,period=ft,over,total=2.5,1.55
2026-10-11T00:02:49.501261+02:00,36692323,Primera Division,Venezuela,Metropolitanos FC,Rayo Zuliano,2026-10-10T23:30:00+00:00,87.175,soccer.total_goals,period=ft,under,total=2.5,2.3
2026-10-11T00:02:49.501261+02:00,36692323,Primera Division,Venezuela,Metropolitanos FC,Rayo Zuliano,2026-10-10T23:30:00+00:00,87.175,soccer.total_goals,period=ft,over,total=2.75,1.7
2026-10-11T00:02:49.501261+02:00,36692323,Primera Division,Venezuela,Metropolitanos FC,Rayo Zuliano,2026-10-10T23:30:00+00:00,87.175,soccer.total_goals,period=ft,under,total=2.75,2.07
2026-10-11T00:02:49.501261+02:00,36692323,Primera Division,Venezuela,Metropolitanos FC,Rayo Zuliano,2026-10-10T23:30:00+00:00,87.175,soccer.total_goals,period=ft,over,total=3.25,2.2
2026-10-11T00:02:49.501261+02:00,36692323,Primera Division,Venezuela,Metropolitanos FC,Rayo Zuliano,2026-10-10T23:30:00+00:00,87.175,soccer.total_goals,period=ft,under,total=3.25,1.62
2026-10-11T00:02:49.501261+02:00,36692323,Primera Division,Venezuela,Metropolitanos FC,Rayo Zuliano,2026-10-10T23:30:00+00:00,87.175,soccer.total_goals,period=ft,over,total=3.5,2.4
2026-10-11T00:02:49.501261+02:00,36692323,Primera Division,Venezuela,Metropolitanos FC,Rayo Zuliano,2026-10-10T23:30:00+00:00,87.175,soccer.total_goals,period=ft,under,total=3.5,1.49
2026-10-11T00:02:49.501261+02:00,36692323,Primera Division,Venezuela,Metropolitanos FC,Rayo Zuliano,2026-10-10T23:30:00+00:00,87.175,soccer.total_goals,period=ft,over,total=3.75,2.85
2026-10-11T00:02:49.501261+02:00,36692323,Primera Division,Venezuela,Metropolitanos FC,Rayo Zuliano,2026-10-10T23:30:00+00:00,87.175,soccer.total_goals,period=ft,under,total=3.75,1.37
2026-10-11T00:02:49.501261+02:00,36657973,"Division de Honor, Apertura",Paraguay,Sportivo Luqueno,Cerro Porteno,2026-10-10T22:20:00+00:00,17.175,soccer.asian_handicap,period=ft,home,handicap=0.5,1.99
2026-10-11T00:02:49.501261+02:00,36657973,"Division de Honor, Apertura",Paraguay,Sportivo Luqueno,Cerro Porteno,2026-10-10T22:20:00+00:00,17.175,soccer.asian_handicap,period=ft,away,handicap=0.5,1.82
2026-10-11T00:02:49.501261+02:00,36657973,"Division de Honor, Apertura",Paraguay,Sportivo Luqueno,Cerro Porteno,2026-10-10T22:20:00+00:00,17.175,soccer.asian_handicap,period=ft,home,handicap=-0.5,4.35
2026-10-11T00:02:49.501261+02:00,36657973,"Division de Honor, Apertura",Paraguay,Sportivo Luqueno,Cerro Porteno,2026-10-10T22:20:00+00:00,17.175,soccer.asian_handicap,period=ft,away,handicap=-0.5,1.2
2026-10-11T00:02:49.501261+02:00,36657973,"Division de Honor, Apertura",Paraguay,Sportivo Luqueno,Cerro Porteno,2026-10-10T22:20:00+00:00,17.175,soccer.asian_handicap,period=ft,home,handicap=-0.25,3.8
2026-10-11T00:02:49.501261+02:00,36657973,"Division de Honor, Apertura",Paraguay,Sportivo Luqueno,Cerro Porteno,2026-10-10T22:20:00+00:00,17.175,soccer.asian_handicap,period=ft,away,handicap=-0.25,1.25
2026-10-11T00:02:49.501261+02:00,36657973,"Division de Honor, Apertura",Paraguay,Sportivo Luqueno,Cerro Porteno,2026-10-10T22:20:00+00:00,17.175,soccer.asian_handicap,period=ft,home,handicap=0,3.25
2026-10-11T00:02:49.501261+02:00,36657973,"Division de Honor, Apertura",Paraguay,Sportivo Luqueno,Cerro Porteno,2026-10-10T22:20:00+00:00,17.175,soccer.asian_handicap,period=ft,away,handicap=0,1.33
2026-10-11T00:02:49.501261+02:00,36657973,"Division de Honor, Apertura",Paraguay,Sportivo Luqueno,Cerro Porteno,2026-10-10T22:20:00+00:00,17.175,soccer.asian_handicap,period=ft,home,handicap=0.25,2.35
2026-10-11T00:02:49.501261+02:00,36657973,"Division de Honor, Apertura",Paraguay,Sportivo Luqueno,Cerro Porteno,2026-10-10T22:20:00+00:00,17.175,soccer.asian_handicap,period=ft,away,handicap=0.25,1.57
2026-10-11T00:02:49.501261+02:00,36657973,"Division de Honor, Apertura",Paraguay,Sportivo Luqueno,Cerro Porteno,2026-10-10T22:20:00+00:00,17.175,soccer.asian_handicap,period=ft,home,handicap=0.75,1.74
2026-10-11T00:02:49.501261+02:00,36657973,"Division de Honor, Apertura",Paraguay,Sportivo Luqueno,Cerro Porteno,2026-10-10T22:20:00+00:00,17.175,soccer.asian_handicap,period=ft,away,handicap=0.75,2.07
2026-10-11T00:02:49.501261+02:00,36657973,"Division de Honor, Apertura",Paraguay,Sportivo Luqueno,Cerro Porteno,2026-10-10T22:20:00+00:00,17.175,soccer.asian_handicap,period=ft,home,handicap=1,1.5
2026-10-11T00:02:49.501261+02:00,36657973,"Division de Honor, Apertura",Paraguay,Sportivo Luqueno,Cerro Porteno,2026-10-10T22:20:00+00:00,17.175,soccer.asian_handicap,period=ft,away,handicap=1,2.55
2026-10-11T00:02:49.501261+02:00,36657973,"Division de Honor, Apertura",Paraguay,Sportivo Luqueno,Cerro Porteno,2026-10-10T22:20:00+00:00,17.175,soccer.asian_handicap,period=ft,home,handicap=1.25,1.38
2026-10-11T00:02:49.501261+02:00,36657973,"Division de Honor, Apertura",Paraguay,Sportivo Luqueno,Cerro Porteno,2026-10-10T22:20:00+00:00,17.175,soccer.asian_handicap,period=ft,away,handicap=1.25,2.95
2026-10-11T00:02:49.501261+02:00,36657973,"Division de Honor, Apertura",Paraguay,Sportivo Luqueno,Cerro Porteno,2026-10-10T22:20:00+00:00,17.175,soccer.asian_handicap,period=ft,home,handicap=1.5,1.31
2026-10-11T00:02:49.501261+02:00,36657973,"Division de Honor, Apertura",Paraguay,Sportivo Luqueno,Cerro Porteno,2026-10-10T22:20:00+00:00,17.175,soccer.asian_handicap,period=ft,away,handicap=1.5,3.3
2026-10-11T00:02:49.501261+02:00,36657973,"Division de Honor, Apertura",Paraguay,Sportivo Luqueno,Cerro Porteno,2026-10-10T22:20:00+00:00,17.175,soccer.double_chance,period=ft,draw_away,,1.2
2026-10-11T00:02:49.501261+02:00,36657973,"Division de Honor, Apertura",Paraguay,Sportivo Luqueno,Cerro Porteno,2026-10-10T22:20:00+00:00,17.175,soccer.double_chance,period=ft,home_away,,1.29
2026-10-11T00:02:49.501261+02:00,36657973,"Division de Honor, Apertura",Paraguay,Sportivo Luqueno,Cerro Porteno,2026-10-10T22:20:00+00:00,17.175,soccer.double_chance,period=ft,home_draw,,1.98
2026-10-11T00:02:49.501261+02:00,36657973,"Division de Honor, Apertura",Paraguay,Sportivo Luqueno,Cerro Porteno,2026-10-10T22:20:00+00:00,17.175,soccer.match_odds,period=ft,home,,4.4
2026-10-11T00:02:49.501261+02:00,36657973,"Division de Honor, Apertura",Paraguay,Sportivo Luqueno,Cerro Porteno,2026-10-10T22:20:00+00:00,17.175,soccer.match_odds,period=ft,draw,,3.45
2026-10-11T00:02:49.501261+02:00,36657973,"Division de Honor, Apertura",Paraguay,Sportivo Luqueno,Cerro Porteno,2026-10-10T22:20:00+00:00,17.175,soccer.match_odds,period=ft,away,,1.82
2026-10-11T00:02:49.501261+02:00,36657973,"Division de Honor, Apertura",Paraguay,Sportivo Luqueno,Cerro Porteno,2026-10-10T22:20:00+00:00,17.175,soccer.total_goals,period=ft,over,total=2.25,1.8
2026-10-11T00:02:49.501261+02:00,36657973,"Division de Honor, Apertura",Paraguay,Sportivo Luqueno,Cerro Porteno,2026-10-10T22:20:00+00:00,17.175,soccer.total_goals,period=ft,under,total=2.25,2.0
2026-10-11T00:02:49.501261+02:00,36657973,"Division de Honor, Apertura",Paraguay,Sportivo Luqueno,Cerro Porteno,2026-10-10T22:20:00+00:00,17.175,soccer.total_goals,period=ft,over,total=1.5,1.32
2026-10-11T00:02:49.501261+02:00,36657973,"Division de Honor, Apertura",Paraguay,Sportivo Luqueno,Cerro Porteno,2026-10-10T22:20:00+00:00,17.175,soccer.total_goals,period=ft,under,total=1.5,3.15
2026-10-11T00:02:49.501261+02:00,36657973,"Division de Honor, Apertura",Paraguay,Sportivo Luqueno,Cerro Porteno,2026-10-10T22:20:00+00:00,17.175,soccer.total_goals,period=ft,over,total=1.75,1.41
2026-10-11T00:02:49.501261+02:00,36657973,"Division de Honor, Apertura",Paraguay,Sportivo Luqueno,Cerro Porteno,2026-10-10T22:20:00+00:00,17.175,soccer.total_goals,period=ft,under,total=1.75,2.8
2026-10-11T00:02:49.501261+02:00,36657973,"Division de Honor, Apertura",Paraguay,Sportivo Luqueno,Cerro Porteno,2026-10-10T22:20:00+00:00,17.175,soccer.total_goals,period=ft,over,total=2,1.54
2026-10-11T00:02:49.501261+02:00,36657973,"Division de Honor, Apertura",Paraguay,Sportivo Luqueno,Cerro Porteno,2026-10-10T22:20:00+00:00,17.175,soccer.total_goals,period=ft,under,total=2,2.4
2026-10-11T00:02:49.501261+02:00,36657973,"Division de Honor, Apertura",Paraguay,Sportivo Luqueno,Cerro Porteno,2026-10-10T22:20:00+00:00,17.175,soccer.total_goals,period=ft,over,total=2.5,2.05
2026-10-11T00:02:49.501261+02:00,36657973,"Division de Honor, Apertura",Paraguay,Sportivo Luqueno,Cerro Porteno,2026-10-10T22:20:00+00:00,17.175,soccer.total_goals,period=ft,under,total=2.5,1.74
2026-10-11T00:02:49.501261+02:00,36657973,"Division de Honor, Apertura",Paraguay,Sportivo Luqueno,Cerro Porteno,2026-10-10T22:20:00+00:00,17.175,soccer.total_goals,period=ft,over,total=2.75,2.35
2026-10-11T00:02:49.501261+02:00,36657973,"Division de Honor, Apertura",Paraguay,Sportivo Luqueno,Cerro Porteno,2026-10-10T22:20:00+00:00,17.175,soccer.total_goals,period=ft,under,total=2.75,1.56
2026-10-11T00:02:49.501261+02:00,36657973,"Division de Honor, Apertura",Paraguay,Sportivo Luqueno,Cerro Porteno,2026-10-10T22:20:00+00:00,17.175,soccer.total_goals,period=ft,over,total=3.5,3.65
2026-10-11T00:02:49.501261+02:00,36657973,"Division de Honor, Apertura",Paraguay,Sportivo Luqueno,Cerro Porteno,2026-10-10T22:20:00+00:00,17.175,soccer.total_goals,period=ft,under,total=3.5,1.26
2026-10-11T00:02:49.501261+02:00,36713913,"Liga MX, Apertura",Mexico,Deportiva Venados,Pioneros de Cancun,2026-10-10T23:00:00+00:00,57.175,soccer.asian_handicap,period=ft,home,handicap=-0.25,1.91
2026-10-11T00:02:49.501261+02:00,36713913,"Liga MX, Apertura",Mexico,Deportiva Venados,Pioneros de Cancun,2026-10-10T23:00:00+00:00,57.175,soccer.asian_handicap,period=ft,away,handicap=-0.25,1.79
2026-10-11T00:02:49.501261+02:00,36713913,"Liga MX, Apertura",Mexico,Deportiva Venados,Pioneros de Cancun,2026-10-10T23:00:00+00:00,57.175,soccer.asian_handicap,period=ft,home,handicap=-1,3.1
2026-10-11T00:02:49.501261+02:00,36713913,"Liga MX, Apertura",Mexico,Deportiva Venados,Pioneros de Cancun,2026-10-10T23:00:00+00:00,57.175,soccer.asian_handicap,period=ft,away,handicap=-1,1.28
2026-10-11T00:02:49.501261+02:00,36713913,"Liga MX, Apertura",Mexico,Deportiva Venados,Pioneros de Cancun,2026-10-10T23:00:00+00:00,57.175,soccer.asian_handicap,period=ft,home,handicap=-0.75,2.45
2026-10-11T00:02:49.501261+02:00,36713913,"Liga MX, Apertura",Mexico,Deportiva Venados,Pioneros de Cancun,2026-10-10T23:00:00+00:00,57.175,soccer.asian_handicap,period=ft,away,handicap=-0.75,1.44
2026-10-11T00:02:49.501261+02:00,36713913,"Liga MX, Apertura",Mexico,Deportiva Venados,Pioneros de Cancun,2026-10-10T23:00:00+00:00,57.175,soccer.asian_handicap,period=ft,home,handicap=-0.5,2.14
2026-10-11T00:02:49.501261+02:00,36713913,"Liga MX, Apertura",Mexico,Deportiva Venados,Pioneros de Cancun,2026-10-10T23:00:00+00:00,57.175,soccer.asian_handicap,period=ft,away,handicap=-0.5,1.6
2026-10-11T00:02:49.501261+02:00,36713913,"Liga MX, Apertura",Mexico,Deportiva Venados,Pioneros de Cancun,2026-10-10T23:00:00+00:00,57.175,soccer.asian_handicap,period=ft,home,handicap=0,1.64
2026-10-11T00:02:49.501261+02:00,36713913,"Liga MX, Apertura",Mexico,Deportiva Venados,Pioneros de Cancun,2026-10-10T23:00:00+00:00,57.175,soccer.asian_handicap,period=ft,away,handicap=0,2.07
2026-10-11T00:02:49.501261+02:00,36713913,"Liga MX, Apertura",Mexico,Deportiva Venados,Pioneros de Cancun,2026-10-10T23:00:00+00:00,57.175,soccer.asian_handicap,period=ft,home,handicap=0.25,1.48
2026-10-11T00:02:49.501261+02:00,36713913,"Liga MX, Apertura",Mexico,Deportiva Venados,Pioneros de Cancun,2026-10-10T23:00:00+00:00,57.175,soccer.asian_handicap,period=ft,away,handicap=0.25,2.35
2026-10-11T00:02:49.501261+02:00,36713913,"Liga MX, Apertura",Mexico,Deportiva Venados,Pioneros de Cancun,2026-10-10T23:00:00+00:00,57.175,soccer.asian_handicap,period=ft,home,handicap=0.5,1.38
2026-10-11T00:02:49.501261+02:00,36713913,"Liga MX, Apertura",Mexico,Deportiva Venados,Pioneros de Cancun,2026-10-10T23:00:00+00:00,57.175,soccer.asian_handicap,period=ft,away,handicap=0.5,2.65
2026-10-11T00:02:49.501261+02:00,36713913,"Liga MX, Apertura",Mexico,Deportiva Venados,Pioneros de Cancun,2026-10-10T23:00:00+00:00,57.175,soccer.double_chance,period=ft,draw_away,,1.6
2026-10-11T00:02:49.501261+02:00,36713913,"Liga MX, Apertura",Mexico,Deportiva Venados,Pioneros de Cancun,2026-10-10T23:00:00+00:00,57.175,soccer.double_chance,period=ft,home_away,,1.3
2026-10-11T00:02:49.501261+02:00,36713913,"Liga MX, Apertura",Mexico,Deportiva Venados,Pioneros de Cancun,2026-10-10T23:00:00+00:00,57.175,soccer.double_chance,period=ft,home_draw,,1.42
2026-10-11T00:02:49.501261+02:00,36713913,"Liga MX, Apertura",Mexico,Deportiva Venados,Pioneros de Cancun,2026-10-10T23:00:00+00:00,57.175,soccer.match_odds,period=ft,home,,2.15
2026-10-11T00:02:49.501261+02:00,36713913,"Liga MX, Apertura",Mexico,Deportiva Venados,Pioneros de Cancun,2026-10-10T23:00:00+00:00,57.175,soccer.match_odds,period=ft,draw,,3.4
2026-10-11T00:02:49.501261+02:00,36713913,"Liga MX, Apertura",Mexico,Deportiva Venados,Pioneros de Cancun,2026-10-10T23:00:00+00:00,57.175,soccer.match_odds,period=ft,away,,2.7
2026-10-11T00:02:49.501261+02:00,36713913,"Liga MX, Apertura",Mexico,Deportiva Venados,Pioneros de Cancun,2026-10-10T23:00:00+00:00,57.175,soccer.total_goals,period=ft,over,total=2.75,1.76
2026-10-11T00:02:49.501261+02:00,36713913,"Liga MX, Apertura",Mexico,Deportiva Venados,Pioneros de Cancun,2026-10-10T23:00:00+00:00,57.175,soccer.total_goals,period=ft,under,total=2.75,1.94
2026-10-11T00:02:49.501261+02:00,36713913,"Liga MX, Apertura",Mexico,Deportiva Venados,Pioneros de Cancun,2026-10-10T23:00:00+00:00,57.175,soccer.total_goals,period=ft,over,total=2,1.24
2026-10-11T00:02:49.501261+02:00,36713913,"Liga MX, Apertura",Mexico,Deportiva Venados,Pioneros de Cancun,2026-10-10T23:00:00+00:00,57.175,soccer.total_goals,period=ft,under,total=2,3.35
2026-10-11T00:02:49.501261+02:00,36713913,"Liga MX, Apertura",Mexico,Deportiva Venados,Pioneros de Cancun,2026-10-10T23:00:00+00:00,57.175,soccer.total_goals,period=ft,over,total=2.25,1.42
2026-10-11T00:02:49.501261+02:00,36713913,"Liga MX, Apertura",Mexico,Deportiva Venados,Pioneros de Cancun,2026-10-10T23:00:00+00:00,57.175,soccer.total_goals,period=ft,under,total=2.25,2.5
2026-10-11T00:02:49.501261+02:00,36713913,"Liga MX, Apertura",Mexico,Deportiva Venados,Pioneros de Cancun,2026-10-10T23:00:00+00:00,57.175,soccer.total_goals,period=ft,over,total=2.5,1.6
2026-10-11T00:02:49.501261+02:00,36713913,"Liga MX, Apertura",Mexico,Deportiva Venados,Pioneros de Cancun,2026-10-10T23:00:00+00:00,57.175,soccer.total_goals,period=ft,under,total=2.5,2.14
2026-10-11T00:02:49.501261+02:00,36713913,"Liga MX, Apertura",Mexico,Deportiva Venados,Pioneros de Cancun,2026-10-10T23:00:00+00:00,57.175,soccer.total_goals,period=ft,over,total=3,1.99
2026-10-11T00:02:49.501261+02:00,36713913,"Liga MX, Apertura",Mexico,Deportiva Venados,Pioneros de Cancun,2026-10-10T23:00:00+00:00,57.175,soccer.total_goals,period=ft,under,total=3,1.7
2026-10-11T00:02:49.501261+02:00,36713913,"Liga MX, Apertura",Mexico,Deportiva Venados,Pioneros de Cancun,2026-10-10T23:00:00+00:00,57.175,soccer.total_goals,period=ft,over,total=3.25,2.2
2026-10-11T00:02:49.501261+02:00,36713913,"Liga MX, Apertura",Mexico,Deportiva Venados,Pioneros de Cancun,2026-10-10T23:00:00+00:00,57.175,soccer.total_goals,period=ft,under,total=3.25,1.54
2026-10-11T00:02:49.501261+02:00,36713913,"Liga MX, Apertura",Mexico,Deportiva Venados,Pioneros de Cancun,2026-10-10T23:00:00+00:00,57.175,soccer.total_goals,period=ft,over,total=3.5,2.45
2026-10-11T00:02:49.501261+02:00,36713913,"Liga MX, Apertura",Mexico,Deportiva Venados,Pioneros de Cancun,2026-10-10T23:00:00+00:00,57.175,soccer.total_goals,period=ft,under,total=3.5,1.44
2026-10-11T00:02:49.501261+02:00,36543872,"Liga MX, Apertura",Mexico,FC Juarez,Club Tijuana de Caliente,2026-10-10T23:00:00+00:00,57.175,soccer.asian_handicap,period=ft,home,handicap=0,2.04
2026-10-11T00:02:49.501261+02:00,36543872,"Liga MX, Apertura",Mexico,FC Juarez,Club Tijuana de Caliente,2026-10-10T23:00:00+00:00,57.175,soccer.asian_handicap,period=ft,away,handicap=0,1.82
2026-10-11T00:02:49.501261+02:00,36543872,"Liga MX, Apertura",Mexico,FC Juarez,Club Tijuana de Caliente,2026-10-10T23:00:00+00:00,57.175,soccer.asian_handicap,period=ft,home,handicap=-1,4.95
2026-10-11T00:02:49.501261+02:00,36543872,"Liga MX, Apertura",Mexico,FC Juarez,Club Tijuana de Caliente,2026-10-10T23:00:00+00:00,57.175,soccer.asian_handicap,period=ft,away,handicap=-1,1.18
2026-10-11T00:02:49.501261+02:00,36543872,"Liga MX, Apertura",Mexico,FC Juarez,Club Tijuana de Caliente,2026-10-10T23:00:00+00:00,57.175,soccer.asian_handicap,period=ft,home,handicap=-0.75,3.45
2026-10-11T00:02:49.501261+02:00,36543872,"Liga MX, Apertura",Mexico,FC Juarez,Club Tijuana de Caliente,2026-10-10T23:00:00+00:00,57.175,soccer.asian_handicap,period=ft,away,handicap=-0.75,1.31
2026-10-11T00:02:49.501261+02:00,36543872,"Liga MX, Apertura",Mexico,FC Juarez,Club Tijuana de Caliente,2026-10-10T23:00:00+00:00,57.175,soccer.asian_handicap,period=ft,home,handicap=-0.5,2.8
2026-10-11T00:02:49.501261+02:00,36543872,"Liga MX, Apertura",Mexico,FC Juarez,Club Tijuana de Caliente,2026-10-10T23:00:00+00:00,57.175,soccer.asian_handicap,period=ft,away,handicap=-0.5,1.45
2026-10-11T00:02:49.501261+02:00,36543872,"Liga MX, Apertura",Mexico,FC Juarez,Club Tijuana de Caliente,2026-10-10T23:00:00+00:00,57.175,soccer.asian_handicap,period=ft,home,handicap=-0.25,2.4
2026-10-11T00:02:49.501261+02:00,36543872,"Liga MX, Apertura",Mexico,FC Juarez,Club Tijuana de Caliente,2026-10-10T23:00:00+00:00,57.175,soccer.asian_handicap,period=ft,away,handicap=-0.25,1.59
2026-10-11T00:02:49.501261+02:00,36543872,"Liga MX, Apertura",Mexico,FC Juarez,Club Tijuana de Caliente,2026-10-10T23:00:00+00:00,57.175,soccer.asian_handicap,period=ft,home,handicap=0.25,1.72
2026-10-11T00:02:49.501261+02:00,36543872,"Liga MX, Apertura",Mexico,FC Juarez,Club Tijuana de Caliente,2026-10-10T23:00:00+00:00,57.175,soccer.asian_handicap,period=ft,away,handicap=0.25,2.16
2026-10-11T00:02:49.501261+02:00,36543872,"Liga MX, Apertura",Mexico,FC Juarez,Club Tijuana de Caliente,2026-10-10T23:00:00+00:00,57.175,soccer.asian_handicap,period=ft,home,handicap=0.5,1.55
2026-10-11T00:02:49.501261+02:00,36543872,"Liga MX, Apertura",Mexico,FC Juarez,Club Tijuana de Caliente,2026-10-10T23:00:00+00:00,57.175,soccer.asian_handicap,period=ft,away,handicap=0.5,2.5
2026-10-11T00:02:49.501261+02:00,36543872,"Liga MX, Apertura",Mexico,FC Juarez,Club Tijuana de Caliente,2026-10-10T23:00:00+00:00,57.175,soccer.asian_handicap,period=ft,home,handicap=0.75,1.39
2026-10-11T00:02:49.501261+02:00,36543872,"Liga MX, Apertura",Mexico,FC Juarez,Club Tijuana de Caliente,2026-10-10T23:00:00+00:00,57.175,soccer.asian_handicap,period=ft,away,handicap=0.75,3.0
2026-10-11T00:02:49.501261+02:00,36543872,"Liga MX, Apertura",Mexico,FC Juarez,Club Tijuana de Caliente,2026-10-10T23:00:00+00:00,57.175,soccer.asian_handicap,period=ft,home,handicap=1,1.24
2026-10-11T00:02:49.501261+02:00,36543872,"Liga MX, Apertura",Mexico,FC Juarez,Club Tijuana de Caliente,2026-10-10T23:00:00+00:00,57.175,soccer.asian_handicap,period=ft,away,handicap=1,4.1
2026-10-11T00:02:49.501261+02:00,36543872,"Liga MX, Apertura",Mexico,FC Juarez,Club Tijuana de Caliente,2026-10-10T23:00:00+00:00,57.175,soccer.double_chance,period=ft,draw_away,,1.44
2026-10-11T00:02:49.501261+02:00,36543872,"Liga MX, Apertura",Mexico,FC Juarez,Club Tijuana de Caliente,2026-10-10T23:00:00+00:00,57.175,soccer.double_chance,period=ft,home_away,,1.33
2026-10-11T00:02:49.501261+02:00,36543872,"Liga MX, Apertura",Mexico,FC Juarez,Club Tijuana de Caliente,2026-10-10T23:00:00+00:00,57.175,soccer.double_chance,period=ft,home_draw,,1.54
2026-10-11T00:02:49.501261+02:00,36543872,"Liga MX, Apertura",Mexico,FC Juarez,Club Tijuana de Caliente,2026-10-10T23:00:00+00:00,57.175,soccer.match_odds,period=ft,home,,2.8
2026-10-11T00:02:49.501261+02:00,36543872,"Liga MX, Apertura",Mexico,FC Juarez,Club Tijuana de Caliente,2026-10-10T23:00:00+00:00,57.175,soccer.match_odds,period=ft,draw,,3.4
2026-10-11T00:02:49.501261+02:00,36543872,"Liga MX, Apertura",Mexico,FC Juarez,Club Tijuana de Caliente,2026-10-10T23:00:00+00:00,57.175,soccer.match_odds,period=ft,away,,2.5
2026-10-11T00:02:49.501261+02:00,36543872,"Liga MX, Apertura",Mexico,FC Juarez,Club Tijuana de Caliente,2026-10-10T23:00:00+00:00,57.175,soccer.total_goals,period=ft,over,total=2.5,1.89
2026-10-11T00:02:49.501261+02:00,36543872,"Liga MX, Apertura",Mexico,FC Juarez,Club Tijuana de Caliente,2026-10-10T23:00:00+00:00,57.175,soccer.total_goals,period=ft,under,total=2.5,1.95
2026-10-11T00:02:49.501261+02:00,36543872,"Liga MX, Apertura",Mexico,FC Juarez,Club Tijuana de Caliente,2026-10-10T23:00:00+00:00,57.175,soccer.total_goals,period=ft,over,total=1.5,1.26
2026-10-11T00:02:49.501261+02:00,36543872,"Liga MX, Apertura",Mexico,FC Juarez,Club Tijuana de Caliente,2026-10-10T23:00:00+00:00,57.175,soccer.total_goals,period=ft,under,total=1.5,3.8
2026-10-11T00:02:49.501261+02:00,36543872,"Liga MX, Apertura",Mexico,FC Juarez,Club Tijuana de Caliente,2026-10-10T23:00:00+00:00,57.175,soccer.total_goals,period=ft,over,total=2,1.41
2026-10-11T00:02:49.501261+02:00,36543872,"Liga MX, Apertura",Mexico,FC Juarez,Club Tijuana de Caliente,2026-10-10T23:00:00+00:00,57.175,soccer.total_goals,period=ft,under,total=2,2.9
2026-10-11T00:02:49.501261+02:00,36543872,"Liga MX, Apertura",Mexico,FC Juarez,Club Tijuana de Caliente,2026-10-10T23:00:00+00:00,57.175,soccer.total_goals,period=ft,over,total=2.25,1.65
2026-10-11T00:02:49.501261+02:00,36543872,"Liga MX, Apertura",Mexico,FC Juarez,Club Tijuana de Caliente,2026-10-10T23:00:00+00:00,57.175,soccer.total_goals,period=ft,under,total=2.25,2.25
2026-10-11T00:02:49.501261+02:00,36543872,"Liga MX, Apertura",Mexico,FC Juarez,Club Tijuana de Caliente,2026-10-10T23:00:00+00:00,57.175,soccer.total_goals,period=ft,over,total=2.75,2.12
2026-10-11T00:02:49.501261+02:00,36543872,"Liga MX, Apertura",Mexico,FC Juarez,Club Tijuana de Caliente,2026-10-10T23:00:00+00:00,57.175,soccer.total_goals,period=ft,under,total=2.75,1.74
2026-10-11T00:02:49.501261+02:00,36543872,"Liga MX, Apertura",Mexico,FC Juarez,Club Tijuana de Caliente,2026-10-10T23:00:00+00:00,57.175,soccer.total_goals,period=ft,over,total=3,2.5
2026-10-11T00:02:49.501261+02:00,36543872,"Liga MX, Apertura",Mexico,FC Juarez,Club Tijuana de Caliente,2026-10-10T23:00:00+00:00,57.175,soccer.total_goals,period=ft,under,total=3,1.53
2026-10-11T00:02:49.501261+02:00,36543872,"Liga MX, Apertura",Mexico,FC Juarez,Club Tijuana de Caliente,2026-10-10T23:00:00+00:00,57.175,soccer.total_goals,period=ft,over,total=3.5,3.1
2026-10-11T00:02:49.501261+02:00,36543872,"Liga MX, Apertura",Mexico,FC Juarez,Club Tijuana de Caliente,2026-10-10T23:00:00+00:00,57.175,soccer.total_goals,period=ft,under,total=3.5,1.36
2026-10-11T00:02:49.501261+02:00,36543872,"Liga MX, Apertura",Mexico,FC Juarez,Club Tijuana de Caliente,2026-10-10T23:00:00+00:00,57.175,soccer.total_goals,period=ft,over,total=4.5,5.9
2026-10-11T00:02:49.501261+02:00,36543872,"Liga MX, Apertura",Mexico,FC Juarez,Club Tijuana de Caliente,2026-10-10T23:00:00+00:00,57.175,soccer.total_goals,period=ft,under,total=4.5,1.13
2026-10-11T00:02:49.501261+02:00,36543848,"Liga MX, Apertura",Mexico,Queretaro FC,Atlante FC,2026-10-10T23:00:00+00:00,57.175,soccer.asian_handicap,period=ft,home,handicap=-0.25,1.88
2026-10-11T00:02:49.501261+02:00,36543848,"Liga MX, Apertura",Mexico,Queretaro FC,Atlante FC,2026-10-10T23:00:00+00:00,57.175,soccer.asian_handicap,period=ft,away,handicap=-0.25,1.98
2026-10-11T00:02:49.501261+02:00,36543848,"Liga MX, Apertura",Mexico,Queretaro FC,Atlante FC,2026-10-10T23:00:00+00:00,57.175,soccer.asian_handicap,period=ft,home,handicap=-1.25,3.7
2026-10-11T00:02:49.501261+02:00,36543848,"Liga MX, Apertura",Mexico,Queretaro FC,Atlante FC,2026-10-10T23:00:00+00:00,57.175,soccer.asian_handicap,period=ft,away,handicap=-1.25,1.28
2026-10-11T00:02:49.501261+02:00,36543848,"Liga MX, Apertura",Mexico,Queretaro FC,Atlante FC,2026-10-10T23:00:00+00:00,57.175,soccer.asian_handicap,period=ft,home,handicap=-1,3.25
2026-10-11T00:02:49.501261+02:00,36543848,"Liga MX, Apertura",Mexico,Queretaro FC,Atlante FC,2026-10-10T23:00:00+00:00,57.175,soccer.asian_handicap,period=ft,away,handicap=-1,1.34
2026-10-11T00:02:49.501261+02:00,36543848,"Liga MX, Apertura",Mexico,Queretaro FC,Atlante FC,2026-10-10T23:00:00+00:00,57.175,soccer.asian_handicap,period=ft,home,handicap=-0.75,2.55
2026-10-11T00:02:49.501261+02:00,36543848,"Liga MX, Apertura",Mexico,Queretaro FC,Atlante FC,2026-10-10T23:00:00+00:00,57.175,soccer.asian_handicap,period=ft,away,handicap=-0.75,1.52
2026-10-11T00:02:49.501261+02:00,36543848,"Liga MX, Apertura",Mexico,Queretaro FC,Atlante FC,2026-10-10T23:00:00+00:00,57.175,soccer.asian_handicap,period=ft,home,handicap=-0.5,2.19
2026-10-11T00:02:49.501261+02:00,36543848,"Liga MX, Apertura",Mexico,Queretaro FC,Atlante FC,2026-10-10T23:00:00+00:00,57.175,soccer.asian_handicap,period=ft,away,handicap=-0.5,1.71
2026-10-11T00:02:49.501261+02:00,36543848,"Liga MX, Apertura",Mexico,Queretaro FC,Atlante FC,2026-10-10T23:00:00+00:00,57.175,soccer.asian_handicap,period=ft,home,handicap=0,1.55
2026-10-11T00:02:49.501261+02:00,36543848,"Liga MX, Apertura",Mexico,Queretaro FC,Atlante FC,2026-10-10T23:00:00+00:00,57.175,soccer.asian_handicap,period=ft,away,handicap=0,2.5
2026-10-11T00:02:49.501261+02:00,36543848,"Liga MX, Apertura",Mexico,Queretaro FC,Atlante FC,2026-10-10T23:00:00+00:00,57.175,soccer.asian_handicap,period=ft,home,handicap=0.25,1.4
2026-10-11T00:02:49.501261+02:00,36543848,"Liga MX, Apertura",Mexico,Queretaro FC,Atlante FC,2026-10-10T23:00:00+00:00,57.175,soccer.asian_handicap,period=ft,away,handicap=0.25,3.0
2026-10-11T00:02:49.501261+02:00,36543848,"Liga MX, Apertura",Mexico,Queretaro FC,Atlante FC,2026-10-10T23:00:00+00:00,57.175,soccer.asian_handicap,period=ft,home,handicap=0.5,1.31
2026-10-11T00:02:49.501261+02:00,36543848,"Liga MX, Apertura",Mexico,Queretaro FC,Atlante FC,2026-10-10T23:00:00+00:00,57.175,soccer.asian_handicap,period=ft,away,handicap=0.5,3.5
2026-10-11T00:02:49.501261+02:00,36543848,"Liga MX, Apertura",Mexico,Queretaro FC,Atlante FC,2026-10-10T23:00:00+00:00,57.175,soccer.asian_handicap,period=ft,home,handicap=0.75,1.21
2026-10-11T00:02:49.501261+02:00,36543848,"Liga MX, Apertura",Mexico,Queretaro FC,Atlante FC,2026-10-10T23:00:00+00:00,57.175,soccer.asian_handicap,period=ft,away,handicap=0.75,4.55
2026-10-11T00:02:49.501261+02:00,36543848,"Liga MX, Apertura",Mexico,Queretaro FC,Atlante FC,2026-10-10T23:00:00+00:00,57.175,soccer.double_chance,period=ft,draw_away,,1.69
2026-10-11T00:02:49.501261+02:00,36543848,"Liga MX, Apertura",Mexico,Queretaro FC,Atlante FC,2026-10-10T23:00:00+00:00,57.175,soccer.double_chance,period=ft,home_away,,1.35
2026-10-11T00:02:49.501261+02:00,36543848,"Liga MX, Apertura",Mexico,Queretaro FC,Atlante FC,2026-10-10T23:00:00+00:00,57.175,soccer.double_chance,period=ft,home_draw,,1.3
2026-10-11T00:02:49.501261+02:00,36543848,"Liga MX, Apertura",Mexico,Queretaro FC,Atlante FC,2026-10-10T23:00:00+00:00,57.175,soccer.match_odds,period=ft,home,,2.19
2026-10-11T00:02:49.501261+02:00,36543848,"Liga MX, Apertura",Mexico,Queretaro FC,Atlante FC,2026-10-10T23:00:00+00:00,57.175,soccer.match_odds,period=ft,draw,,3.25
2026-10-11T00:02:49.501261+02:00,36543848,"Liga MX, Apertura",Mexico,Queretaro FC,Atlante FC,2026-10-10T23:00:00+00:00,57.175,soccer.match_odds,period=ft,away,,3.5
2026-10-11T00:02:49.501261+02:00,36543848,"Liga MX, Apertura",Mexico,Queretaro FC,Atlante FC,2026-10-10T23:00:00+00:00,57.175,soccer.total_goals,period=ft,over,total=2.75,2.01
2026-10-11T00:02:49.501261+02:00,36543848,"Liga MX, Apertura",Mexico,Queretaro FC,Atlante FC,2026-10-10T23:00:00+00:00,57.175,soccer.total_goals,period=ft,under,total=2.75,1.83
2026-10-11T00:02:49.501261+02:00,36543848,"Liga MX, Apertura",Mexico,Queretaro FC,Atlante FC,2026-10-10T23:00:00+00:00,57.175,soccer.total_goals,period=ft,over,total=1.5,1.23
2026-10-11T00:02:49.501261+02:00,36543848,"Liga MX, Apertura",Mexico,Queretaro FC,Atlante FC,2026-10-10T23:00:00+00:00,57.175,soccer.total_goals,period=ft,under,total=1.5,4.1
2026-10-11T00:02:49.501261+02:00,36543848,"Liga MX, Apertura",Mexico,Queretaro FC,Atlante FC,2026-10-10T23:00:00+00:00,57.175,soccer.total_goals,period=ft,over,total=2.25,1.58
2026-10-11T00:02:49.501261+02:00,36543848,"Liga MX, Apertura",Mexico,Queretaro FC,Atlante FC,2026-10-10T23:00:00+00:00,57.175,soccer.total_goals,period=ft,under,total=2.25,2.4
2026-10-11T00:02:49.501261+02:00,36543848,"Liga MX, Apertura",Mexico,Queretaro FC,Atlante FC,2026-10-10T23:00:00+00:00,57.175,soccer.total_goals,period=ft,over,total=2.5,1.8
2026-10-11T00:02:49.501261+02:00,36543848,"Liga MX, Apertura",Mexico,Queretaro FC,Atlante FC,2026-10-10T23:00:00+00:00,57.175,soccer.total_goals,period=ft,under,total=2.5,2.03
2026-10-11T00:02:49.501261+02:00,36543848,"Liga MX, Apertura",Mexico,Queretaro FC,Atlante FC,2026-10-10T23:00:00+00:00,57.175,soccer.total_goals,period=ft,over,total=3,2.3
2026-10-11T00:02:49.501261+02:00,36543848,"Liga MX, Apertura",Mexico,Queretaro FC,Atlante FC,2026-10-10T23:00:00+00:00,57.175,soccer.total_goals,period=ft,under,total=3,1.61
2026-10-11T00:02:49.501261+02:00,36543848,"Liga MX, Apertura",Mexico,Queretaro FC,Atlante FC,2026-10-10T23:00:00+00:00,57.175,soccer.total_goals,period=ft,over,total=3.25,2.65
2026-10-11T00:02:49.501261+02:00,36543848,"Liga MX, Apertura",Mexico,Queretaro FC,Atlante FC,2026-10-10T23:00:00+00:00,57.175,soccer.total_goals,period=ft,under,total=3.25,1.49
2026-10-11T00:02:49.501261+02:00,36543848,"Liga MX, Apertura",Mexico,Queretaro FC,Atlante FC,2026-10-10T23:00:00+00:00,57.175,soccer.total_goals,period=ft,over,total=3.5,2.9
2026-10-11T00:02:49.501261+02:00,36543848,"Liga MX, Apertura",Mexico,Queretaro FC,Atlante FC,2026-10-10T23:00:00+00:00,57.175,soccer.total_goals,period=ft,under,total=3.5,1.4
2026-10-11T00:02:49.501261+02:00,36543848,"Liga MX, Apertura",Mexico,Queretaro FC,Atlante FC,2026-10-10T23:00:00+00:00,57.175,soccer.total_goals,period=ft,over,total=4.5,5.6
2026-10-11T00:02:49.501261+02:00,36543848,"Liga MX, Apertura",Mexico,Queretaro FC,Atlante FC,2026-10-10T23:00:00+00:00,57.175,soccer.total_goals,period=ft,under,total=4.5,1.14
2026-10-11T00:02:49.501261+02:00,36431739,Primera Division,Chile,CD Universidad Catolica,Audax Italiano,2026-10-10T23:00:00+00:00,57.175,soccer.asian_handicap,period=ft,home,handicap=-1,1.97
2026-10-11T00:02:49.501261+02:00,36431739,Primera Division,Chile,CD Universidad Catolica,Audax Italiano,2026-10-10T23:00:00+00:00,57.175,soccer.asian_handicap,period=ft,away,handicap=-1,1.87
2026-10-11T00:02:49.501261+02:00,36431739,Primera Division,Chile,CD Universidad Catolica,Audax Italiano,2026-10-10T23:00:00+00:00,57.175,soccer.asian_handicap,period=ft,home,handicap=-2,4.3
2026-10-11T00:02:49.501261+02:00,36431739,Primera Division,Chile,CD Universidad Catolica,Audax Italiano,2026-10-10T23:00:00+00:00,57.175,soccer.asian_handicap,period=ft,away,handicap=-2,1.22
2026-10-11T00:02:49.501261+02:00,36431739,Primera Division,Chile,CD Universidad Catolica,Audax Italiano,2026-10-10T23:00:00+00:00,57.175,soccer.asian_handicap,period=ft,home,handicap=-1.75,3.1
2026-10-11T00:02:49.501261+02:00,36431739,Primera Division,Chile,CD Universidad Catolica,Audax Italiano,2026-10-10T23:00:00+00:00,57.175,soccer.asian_handicap,period=ft,away,handicap=-1.75,1.36
2026-10-11T00:02:49.501261+02:00,36431739,Primera Division,Chile,CD Universidad Catolica,Audax Italiano,2026-10-10T23:00:00+00:00,57.175,soccer.asian_handicap,period=ft,home,handicap=-1.5,2.55
2026-10-11T00:02:49.501261+02:00,36431739,Primera Division,Chile,CD Universidad Catolica,Audax Italiano,2026-10-10T23:00:00+00:00,57.175,soccer.asian_handicap,period=ft,away,handicap=-1.5,1.51
2026-10-11T00:02:49.501261+02:00,36431739,Primera Division,Chile,CD Universidad Catolica,Audax Italiano,2026-10-10T23:00:00+00:00,57.175,soccer.asian_handicap,period=ft,home,handicap=-1.25,2.25
2026-10-11T00:02:49.501261+02:00,36431739,Primera Division,Chile,CD Universidad Catolica,Audax Italiano,2026-10-10T23:00:00+00:00,57.175,soccer.asian_handicap,period=ft,away,handicap=-1.25,1.64
2026-10-11T00:02:49.501261+02:00,36431739,Primera Division,Chile,CD Universidad Catolica,Audax Italiano,2026-10-10T23:00:00+00:00,57.175,soccer.asian_handicap,period=ft,home,handicap=-0.75,1.71
2026-10-11T00:02:49.501261+02:00,36431739,Primera Division,Chile,CD Universidad Catolica,Audax Italiano,2026-10-10T23:00:00+00:00,57.175,soccer.asian_handicap,period=ft,away,handicap=-0.75,2.17
2026-10-11T00:02:49.501261+02:00,36431739,Primera Division,Chile,CD Universidad Catolica,Audax Italiano,2026-10-10T23:00:00+00:00,57.175,soccer.asian_handicap,period=ft,home,handicap=-0.5,1.55
2026-10-11T00:02:49.501261+02:00,36431739,Primera Division,Chile,CD Universidad Catolica,Audax Italiano,2026-10-10T23:00:00+00:00,57.175,soccer.asian_handicap,period=ft,away,handicap=-0.5,2.45
2026-10-11T00:02:49.501261+02:00,36431739,Primera Division,Chile,CD Universidad Catolica,Audax Italiano,2026-10-10T23:00:00+00:00,57.175,soccer.asian_handicap,period=ft,home,handicap=-0.25,1.38
2026-10-11T00:02:49.501261+02:00,36431739,Primera Division,Chile,CD Universidad Catolica,Audax Italiano,2026-10-10T23:00:00+00:00,57.175,soccer.asian_handicap,period=ft,away,handicap=-0.25,3.05
2026-10-11T00:02:49.501261+02:00,36431739,Primera Division,Chile,CD Universidad Catolica,Audax Italiano,2026-10-10T23:00:00+00:00,57.175,soccer.asian_handicap,period=ft,home,handicap=0,1.21
2026-10-11T00:02:49.501261+02:00,36431739,Primera Division,Chile,CD Universidad Catolica,Audax Italiano,2026-10-10T23:00:00+00:00,57.175,soccer.asian_handicap,period=ft,away,handicap=0,4.4
2026-10-11T00:02:49.501261+02:00,36431739,Primera Division,Chile,CD Universidad Catolica,Audax Italiano,2026-10-10T23:00:00+00:00,57.175,soccer.double_chance,period=ft,draw_away,,2.45
2026-10-11T00:02:49.501261+02:00,36431739,Primera Division,Chile,CD Universidad Catolica,Audax Italiano,2026-10-10T23:00:00+00:00,57.175,soccer.double_chance,period=ft,home_away,,1.23
2026-10-11T00:02:49.501261+02:00,36431739,Primera Division,Chile,CD Universidad Catolica,Audax Italiano,2026-10-10T23:00:00+00:00,57.175,soccer.double_chance,period=ft,home_draw,,1.14
2026-10-11T00:02:49.501261+02:00,36431739,Primera Division,Chile,CD Universidad Catolica,Audax Italiano,2026-10-10T23:00:00+00:00,57.175,soccer.match_odds,period=ft,home,,1.55
2026-10-11T00:02:49.501261+02:00,36431739,Primera Division,Chile,CD Universidad Catolica,Audax Italiano,2026-10-10T23:00:00+00:00,57.175,soccer.match_odds,period=ft,draw,,4.2
2026-10-11T00:02:49.501261+02:00,36431739,Primera Division,Chile,CD Universidad Catolica,Audax Italiano,2026-10-10T23:00:00+00:00,57.175,soccer.match_odds,period=ft,away,,5.65
2026-10-11T00:02:49.501261+02:00,36431739,Primera Division,Chile,CD Universidad Catolica,Audax Italiano,2026-10-10T23:00:00+00:00,57.175,soccer.total_goals,period=ft,over,total=2.75,1.98
2026-10-11T00:02:49.501261+02:00,36431739,Primera Division,Chile,CD Universidad Catolica,Audax Italiano,2026-10-10T23:00:00+00:00,57.175,soccer.total_goals,period=ft,under,total=2.75,1.85
2026-10-11T00:02:49.501261+02:00,36431739,Primera Division,Chile,CD Universidad Catolica,Audax Italiano,2026-10-10T23:00:00+00:00,57.175,soccer.total_goals,period=ft,over,total=1.5,1.22
2026-10-11T00:02:49.501261+02:00,36431739,Primera Division,Chile,CD Universidad Catolica,Audax Italiano,2026-10-10T23:00:00+00:00,57.175,soccer.total_goals,period=ft,under,total=1.5,4.1
2026-10-11T00:02:49.501261+02:00,36431739,Primera Division,Chile,CD Universidad Catolica,Audax Italiano,2026-10-10T23:00:00+00:00,57.175,soccer.total_goals,period=ft,over,total=2.25,1.55
2026-10-11T00:02:49.501261+02:00,36431739,Primera Division,Chile,CD Universidad Catolica,Audax Italiano,2026-10-10T23:00:00+00:00,57.175,soccer.total_goals,period=ft,under,total=2.25,2.4
2026-10-11T00:02:49.501261+02:00,36431739,Primera Division,Chile,CD Universidad Catolica,Audax Italiano,2026-10-10T23:00:00+00:00,57.175,soccer.total_goals,period=ft,over,total=2.5,1.76
2026-10-11T00:02:49.501261+02:00,36431739,Primera Division,Chile,CD Universidad Catolica,Audax Italiano,2026-10-10T23:00:00+00:00,57.175,soccer.total_goals,period=ft,under,total=2.5,2.06
2026-10-11T00:02:49.501261+02:00,36431739,Primera Division,Chile,CD Universidad Catolica,Audax Italiano,2026-10-10T23:00:00+00:00,57.175,soccer.total_goals,period=ft,over,total=3,2.3
2026-10-11T00:02:49.501261+02:00,36431739,Primera Division,Chile,CD Universidad Catolica,Audax Italiano,2026-10-10T23:00:00+00:00,57.175,soccer.total_goals,period=ft,under,total=3,1.62
2026-10-11T00:02:49.501261+02:00,36431739,Primera Division,Chile,CD Universidad Catolica,Audax Italiano,2026-10-10T23:00:00+00:00,57.175,soccer.total_goals,period=ft,over,total=3.25,2.6
2026-10-11T00:02:49.501261+02:00,36431739,Primera Division,Chile,CD Universidad Catolica,Audax Italiano,2026-10-10T23:00:00+00:00,57.175,soccer.total_goals,period=ft,under,total=3.25,1.49
2026-10-11T00:02:49.501261+02:00,36431739,Primera Division,Chile,CD Universidad Catolica,Audax Italiano,2026-10-10T23:00:00+00:00,57.175,soccer.total_goals,period=ft,over,total=3.5,2.85
2026-10-11T00:02:49.501261+02:00,36431739,Primera Division,Chile,CD Universidad Catolica,Audax Italiano,2026-10-10T23:00:00+00:00,57.175,soccer.total_goals,period=ft,under,total=3.5,1.4
2026-10-11T00:02:49.501261+02:00,36431739,Primera Division,Chile,CD Universidad Catolica,Audax Italiano,2026-10-10T23:00:00+00:00,57.175,soccer.total_goals,period=ft,over,total=4.5,5.45
2026-10-11T00:02:49.501261+02:00,36431739,Primera Division,Chile,CD Universidad Catolica,Audax Italiano,2026-10-10T23:00:00+00:00,57.175,soccer.total_goals,period=ft,under,total=4.5,1.14
2026-10-11T00:02:49.501261+02:00,36521856,Liga Profesional,Argentina,CA Tigre,CA Banfield,2026-10-10T22:15:00+00:00,12.175,soccer.asian_handicap,period=ft,home,handicap=-0.5,1.82
2026-10-11T00:02:49.501261+02:00,36521856,Liga Profesional,Argentina,CA Tigre,CA Banfield,2026-10-10T22:15:00+00:00,12.175,soccer.asian_handicap,period=ft,away,handicap=-0.5,2.04
2026-10-11T00:02:49.501261+02:00,36521856,Liga Profesional,Argentina,CA Tigre,CA Banfield,2026-10-10T22:15:00+00:00,12.175,soccer.asian_handicap,period=ft,home,handicap=-1.5,3.45
2026-10-11T00:02:49.501261+02:00,36521856,Liga Profesional,Argentina,CA Tigre,CA Banfield,2026-10-10T22:15:00+00:00,12.175,soccer.asian_handicap,period=ft,away,handicap=-1.5,1.31
2026-10-11T00:02:49.501261+02:00,36521856,Liga Profesional,Argentina,CA Tigre,CA Banfield,2026-10-10T22:15:00+00:00,12.175,soccer.asian_handicap,period=ft,home,handicap=-1.25,3.0
2026-10-11T00:02:49.501261+02:00,36521856,Liga Profesional,Argentina,CA Tigre,CA Banfield,2026-10-10T22:15:00+00:00,12.175,soccer.asian_handicap,period=ft,away,handicap=-1.25,1.39
2026-10-11T00:02:49.501261+02:00,36521856,Liga Profesional,Argentina,CA Tigre,CA Banfield,2026-10-10T22:15:00+00:00,12.175,soccer.asian_handicap,period=ft,home,handicap=-1,2.6
2026-10-11T00:02:49.501261+02:00,36521856,Liga Profesional,Argentina,CA Tigre,CA Banfield,2026-10-10T22:15:00+00:00,12.175,soccer.asian_handicap,period=ft,away,handicap=-1,1.51
2026-10-11T00:02:49.501261+02:00,36521856,Liga Profesional,Argentina,CA Tigre,CA Banfield,2026-10-10T22:15:00+00:00,12.175,soccer.asian_handicap,period=ft,home,handicap=-0.75,2.08
2026-10-11T00:02:49.501261+02:00,36521856,Liga Profesional,Argentina,CA Tigre,CA Banfield,2026-10-10T22:15:00+00:00,12.175,soccer.asian_handicap,period=ft,away,handicap=-0.75,1.78
2026-10-11T00:02:49.501261+02:00,36521856,Liga Profesional,Argentina,CA Tigre,CA Banfield,2026-10-10T22:15:00+00:00,12.175,soccer.asian_handicap,period=ft,home,handicap=-0.25,1.55
2026-10-11T00:02:49.501261+02:00,36521856,Liga Profesional,Argentina,CA Tigre,CA Banfield,2026-10-10T22:15:00+00:00,12.175,soccer.asian_handicap,period=ft,away,handicap=-0.25,2.5
2026-10-11T00:02:49.501261+02:00,36521856,Liga Profesional,Argentina,CA Tigre,CA Banfield,2026-10-10T22:15:00+00:00,12.175,soccer.asian_handicap,period=ft,home,handicap=0,1.29
2026-10-11T00:02:49.501261+02:00,36521856,Liga Profesional,Argentina,CA Tigre,CA Banfield,2026-10-10T22:15:00+00:00,12.175,soccer.asian_handicap,period=ft,away,handicap=0,3.65
2026-10-11T00:02:49.501261+02:00,36521856,Liga Profesional,Argentina,CA Tigre,CA Banfield,2026-10-10T22:15:00+00:00,12.175,soccer.asian_handicap,period=ft,home,handicap=0.25,1.22
2026-10-11T00:02:49.501261+02:00,36521856,Liga Profesional,Argentina,CA Tigre,CA Banfield,2026-10-10T22:15:00+00:00,12.175,soccer.asian_handicap,period=ft,away,handicap=0.25,4.35
2026-10-11T00:02:49.501261+02:00,36521856,Liga Profesional,Argentina,CA Tigre,CA Banfield,2026-10-10T22:15:00+00:00,12.175,soccer.asian_handicap,period=ft,home,handicap=0.5,1.18
2026-10-11T00:02:49.501261+02:00,36521856,Liga Profesional,Argentina,CA Tigre,CA Banfield,2026-10-10T22:15:00+00:00,12.175,soccer.asian_handicap,period=ft,away,handicap=0.5,5.05
2026-10-11T00:02:49.501261+02:00,36521856,Liga Profesional,Argentina,CA Tigre,CA Banfield,2026-10-10T22:15:00+00:00,12.175,soccer.double_chance,period=ft,draw_away,,2.01
2026-10-11T00:02:49.501261+02:00,36521856,Liga Profesional,Argentina,CA Tigre,CA Banfield,2026-10-10T22:15:00+00:00,12.175,soccer.double_chance,period=ft,home_away,,1.34
2026-10-11T00:02:49.501261+02:00,36521856,Liga Profesional,Argentina,CA Tigre,CA Banfield,2026-10-10T22:15:00+00:00,12.175,soccer.double_chance,period=ft,home_draw,,1.17
2026-10-11T00:02:49.501261+02:00,36521856,Liga Profesional,Argentina,CA Tigre,CA Banfield,2026-10-10T22:15:00+00:00,12.175,soccer.match_odds,period=ft,home,,1.81
2026-10-11T00:02:49.501261+02:00,36521856,Liga Profesional,Argentina,CA Tigre,CA Banfield,2026-10-10T22:15:00+00:00,12.175,soccer.match_odds,period=ft,draw,,3.3
2026-10-11T00:02:49.501261+02:00,36521856,Liga Profesional,Argentina,CA Tigre,CA Banfield,2026-10-10T22:15:00+00:00,12.175,soccer.match_odds,period=ft,away,,5.1
2026-10-11T00:02:49.501261+02:00,36521856,Liga Profesional,Argentina,CA Tigre,CA Banfield,2026-10-10T22:15:00+00:00,12.175,soccer.total_goals,period=ft,over,total=2.25,2.05
2026-10-11T00:02:49.501261+02:00,36521856,Liga Profesional,Argentina,CA Tigre,CA Banfield,2026-10-10T22:15:00+00:00,12.175,soccer.total_goals,period=ft,under,total=2.25,1.8
2026-10-11T00:02:49.501261+02:00,36521856,Liga Profesional,Argentina,CA Tigre,CA Banfield,2026-10-10T22:15:00+00:00,12.175,soccer.total_goals,period=ft,over,total=1.5,1.42
2026-10-11T00:02:49.501261+02:00,36521856,Liga Profesional,Argentina,CA Tigre,CA Banfield,2026-10-10T22:15:00+00:00,12.175,soccer.total_goals,period=ft,under,total=1.5,2.85
2026-10-11T00:02:49.501261+02:00,36521856,Liga Profesional,Argentina,CA Tigre,CA Banfield,2026-10-10T22:15:00+00:00,12.175,soccer.total_goals,period=ft,over,total=1.75,1.54
2026-10-11T00:02:49.501261+02:00,36521856,Liga Profesional,Argentina,CA Tigre,CA Banfield,2026-10-10T22:15:00+00:00,12.175,soccer.total_goals,period=ft,under,total=1.75,2.5
2026-10-11T00:02:49.501261+02:00,36521856,Liga Profesional,Argentina,CA Tigre,CA Banfield,2026-10-10T22:15:00+00:00,12.175,soccer.total_goals,period=ft,over,total=2,1.74
2026-10-11T00:02:49.501261+02:00,36521856,Liga Profesional,Argentina,CA Tigre,CA Banfield,2026-10-10T22:15:00+00:00,12.175,soccer.total_goals,period=ft,under,total=2,2.13
2026-10-11T00:02:49.501261+02:00,36521856,Liga Profesional,Argentina,CA Tigre,CA Banfield,2026-10-10T22:15:00+00:00,12.175,soccer.total_goals,period=ft,over,total=2.5,2.35
2026-10-11T00:02:49.501261+02:00,36521856,Liga Profesional,Argentina,CA Tigre,CA Banfield,2026-10-10T22:15:00+00:00,12.175,soccer.total_goals,period=ft,under,total=2.5,1.61
2026-10-11T00:02:49.501261+02:00,36521856,Liga Profesional,Argentina,CA Tigre,CA Banfield,2026-10-10T22:15:00+00:00,12.175,soccer.total_goals,period=ft,over,total=2.75,2.8
2026-10-11T00:02:49.501261+02:00,36521856,Liga Profesional,Argentina,CA Tigre,CA Banfield,2026-10-10T22:15:00+00:00,12.175,soccer.total_goals,period=ft,under,total=2.75,1.45
2026-10-11T00:02:49.501261+02:00,36521856,Liga Profesional,Argentina,CA Tigre,CA Banfield,2026-10-10T22:15:00+00:00,12.175,soccer.total_goals,period=ft,over,total=3.5,4.45
2026-10-11T00:02:49.501261+02:00,36521856,Liga Profesional,Argentina,CA Tigre,CA Banfield,2026-10-10T22:15:00+00:00,12.175,soccer.total_goals,period=ft,under,total=3.5,1.2
2026-10-11T00:02:49.501261+02:00,36726549,Liga Nacional. Apertura,Honduras,FC Motagua Tegucigalpa,Atletico Choloma,2026-10-10T23:15:00+00:00,72.175,soccer.asian_handicap,period=ft,home,handicap=-3,0.0
2026-10-11T00:02:49.501261+02:00,36726549,Liga Nacional. Apertura,Honduras,FC Motagua Tegucigalpa,Atletico Choloma,2026-10-10T23:15:00+00:00,72.175,soccer.asian_handicap,period=ft,away,handicap=-3,0.0
2026-10-11T00:02:49.501261+02:00,36726549,Liga Nacional. Apertura,Honduras,FC Motagua Tegucigalpa,Atletico Choloma,2026-10-10T23:15:00+00:00,72.175,soccer.asian_handicap,period=ft,home,handicap=-2.75,2.4
2026-10-11T00:02:49.501261+02:00,36726549,Liga Nacional. Apertura,Honduras,FC Motagua Tegucigalpa,Atletico Choloma,2026-10-10T23:15:00+00:00,72.175,soccer.asian_handicap,period=ft,away,handicap=-2.75,1.44
2026-10-11T00:02:49.501261+02:00,36726549,Liga Nacional. Apertura,Honduras,FC Motagua Tegucigalpa,Atletico Choloma,2026-10-10T23:15:00+00:00,72.175,soccer.asian_handicap,period=ft,home,handicap=-2.5,2.11
2026-10-11T00:02:49.501261+02:00,36726549,Liga Nacional. Apertura,Honduras,FC Motagua Tegucigalpa,Atletico Choloma,2026-10-10T23:15:00+00:00,72.175,soccer.asian_handicap,period=ft,away,handicap=-2.5,1.59
2026-10-11T00:02:49.501261+02:00,36726549,Liga Nacional. Apertura,Honduras,FC Motagua Tegucigalpa,Atletico Choloma,2026-10-10T23:15:00+00:00,72.175,soccer.asian_handicap,period=ft,home,handicap=-2.25,1.94
2026-10-11T00:02:49.501261+02:00,36726549,Liga Nacional. Apertura,Honduras,FC Motagua Tegucigalpa,Atletico Choloma,2026-10-10T23:15:00+00:00,72.175,soccer.asian_handicap,period=ft,away,handicap=-2.25,1.72
2026-10-11T00:02:49.501261+02:00,36726549,Liga Nacional. Apertura,Honduras,FC Motagua Tegucigalpa,Atletico Choloma,2026-10-10T23:15:00+00:00,72.175,soccer.asian_handicap,period=ft,home,handicap=-2,1.75
2026-10-11T00:02:49.501261+02:00,36726549,Liga Nacional. Apertura,Honduras,FC Motagua Tegucigalpa,Atletico Choloma,2026-10-10T23:15:00+00:00,72.175,soccer.asian_handicap,period=ft,away,handicap=-2,1.94
2026-10-11T00:02:49.501261+02:00,36726549,Liga Nacional. Apertura,Honduras,FC Motagua Tegucigalpa,Atletico Choloma,2026-10-10T23:15:00+00:00,72.175,soccer.asian_handicap,period=ft,home,handicap=-1.75,1.59
2026-10-11T00:02:49.501261+02:00,36726549,Liga Nacional. Apertura,Honduras,FC Motagua Tegucigalpa,Atletico Choloma,2026-10-10T23:15:00+00:00,72.175,soccer.asian_handicap,period=ft,away,handicap=-1.75,2.14
2026-10-11T00:02:49.501261+02:00,36726549,Liga Nacional. Apertura,Honduras,FC Motagua Tegucigalpa,Atletico Choloma,2026-10-10T23:15:00+00:00,72.175,soccer.asian_handicap,period=ft,home,handicap=-1.5,1.48
2026-10-11T00:02:49.501261+02:00,36726549,Liga Nacional. Apertura,Honduras,FC Motagua Tegucigalpa,Atletico Choloma,2026-10-10T23:15:00+00:00,72.175,soccer.asian_handicap,period=ft,away,handicap=-1.5,2.3
2026-10-11T00:02:49.501261+02:00,36726549,Liga Nacional. Apertura,Honduras,FC Motagua Tegucigalpa,Atletico Choloma,2026-10-10T23:15:00+00:00,72.175,soccer.asian_handicap,period=ft,home,handicap=-1.25,1.34
2026-10-11T00:02:49.501261+02:00,36726549,Liga Nacional. Apertura,Honduras,FC Motagua Tegucigalpa,Atletico Choloma,2026-10-10T23:15:00+00:00,72.175,soccer.asian_handicap,period=ft,away,handicap=-1.25,2.75
2026-10-11T00:02:49.501261+02:00,36726549,Liga Nacional. Apertura,Honduras,FC Motagua Tegucigalpa,Atletico Choloma,2026-10-10T23:15:00+00:00,72.175,soccer.double_chance,period=ft,draw_away,,3.2
2026-10-11T00:02:49.501261+02:00,36726549,Liga Nacional. Apertura,Honduras,FC Motagua Tegucigalpa,Atletico Choloma,2026-10-10T23:15:00+00:00,72.175,soccer.double_chance,period=ft,home_away,,1.07
2026-10-11T00:02:49.501261+02:00,36726549,Liga Nacional. Apertura,Honduras,FC Motagua Tegucigalpa,Atletico Choloma,2026-10-10T23:15:00+00:00,72.175,soccer.double_chance,period=ft,home_draw,,1.04
2026-10-11T00:02:49.501261+02:00,36726549,Liga Nacional. Apertura,Honduras,FC Motagua Tegucigalpa,Atletico Choloma,2026-10-10T23:15:00+00:00,72.175,soccer.match_odds,period=ft,home,,1.15
2026-10-11T00:02:49.501261+02:00,36726549,Liga Nacional. Apertura,Honduras,FC Motagua Tegucigalpa,Atletico Choloma,2026-10-10T23:15:00+00:00,72.175,soccer.match_odds,period=ft,draw,,6.3
2026-10-11T00:02:49.501261+02:00,36726549,Liga Nacional. Apertura,Honduras,FC Motagua Tegucigalpa,Atletico Choloma,2026-10-10T23:15:00+00:00,72.175,soccer.match_odds,period=ft,away,,9.95
2026-10-11T00:02:49.501261+02:00,36726549,Liga Nacional. Apertura,Honduras,FC Motagua Tegucigalpa,Atletico Choloma,2026-10-10T23:15:00+00:00,72.175,soccer.total_goals,period=ft,over,total=3.5,1.91
2026-10-11T00:02:49.501261+02:00,36726549,Liga Nacional. Apertura,Honduras,FC Motagua Tegucigalpa,Atletico Choloma,2026-10-10T23:15:00+00:00,72.175,soccer.total_goals,period=ft,under,total=3.5,1.78
2026-10-11T00:02:49.501261+02:00,36726549,Liga Nacional. Apertura,Honduras,FC Motagua Tegucigalpa,Atletico Choloma,2026-10-10T23:15:00+00:00,72.175,soccer.total_goals,period=ft,over,total=2.75,1.38
2026-10-11T00:02:49.501261+02:00,36726549,Liga Nacional. Apertura,Honduras,FC Motagua Tegucigalpa,Atletico Choloma,2026-10-10T23:15:00+00:00,72.175,soccer.total_goals,period=ft,under,total=2.75,2.6
2026-10-11T00:02:49.501261+02:00,36726549,Liga Nacional. Apertura,Honduras,FC Motagua Tegucigalpa,Atletico Choloma,2026-10-10T23:15:00+00:00,72.175,soccer.total_goals,period=ft,over,total=3,1.48
2026-10-11T00:02:49.501261+02:00,36726549,Liga Nacional. Apertura,Honduras,FC Motagua Tegucigalpa,Atletico Choloma,2026-10-10T23:15:00+00:00,72.175,soccer.total_goals,period=ft,under,total=3,2.3
2026-10-11T00:02:49.501261+02:00,36726549,Liga Nacional. Apertura,Honduras,FC Motagua Tegucigalpa,Atletico Choloma,2026-10-10T23:15:00+00:00,72.175,soccer.total_goals,period=ft,over,total=3.25,1.69
2026-10-11T00:02:49.501261+02:00,36726549,Liga Nacional. Apertura,Honduras,FC Motagua Tegucigalpa,Atletico Choloma,2026-10-10T23:15:00+00:00,72.175,soccer.total_goals,period=ft,under,total=3.25,1.99
2026-10-11T00:02:49.501261+02:00,36726549,Liga Nacional. Apertura,Honduras,FC Motagua Tegucigalpa,Atletico Choloma,2026-10-10T23:15:00+00:00,72.175,soccer.total_goals,period=ft,over,total=3.75,2.12
2026-10-11T00:02:49.501261+02:00,36726549,Liga Nacional. Apertura,Honduras,FC Motagua Tegucigalpa,Atletico Choloma,2026-10-10T23:15:00+00:00,72.175,soccer.total_goals,period=ft,under,total=3.75,1.6
2026-10-11T00:02:49.501261+02:00,36726549,Liga Nacional. Apertura,Honduras,FC Motagua Tegucigalpa,Atletico Choloma,2026-10-10T23:15:00+00:00,72.175,soccer.total_goals,period=ft,over,total=4,2.45
2026-10-11T00:02:49.501261+02:00,36726549,Liga Nacional. Apertura,Honduras,FC Motagua Tegucigalpa,Atletico Choloma,2026-10-10T23:15:00+00:00,72.175,soccer.total_goals,period=ft,under,total=4,1.43
2026-10-11T00:02:49.501261+02:00,36726549,Liga Nacional. Apertura,Honduras,FC Motagua Tegucigalpa,Atletico Choloma,2026-10-10T23:15:00+00:00,72.175,soccer.total_goals,period=ft,over,total=4.25,2.7
2026-10-11T00:02:49.501261+02:00,36726549,Liga Nacional. Apertura,Honduras,FC Motagua Tegucigalpa,Atletico Choloma,2026-10-10T23:15:00+00:00,72.175,soccer.total_goals,period=ft,under,total=4.25,1.35
2026-10-11T00:02:49.501261+02:00,36627825,"Primera Division, Clausura",Costa Rica,Puntarenas FC,Liga Deportiva Alajuelense,2026-10-10T23:00:00+00:00,57.175,soccer.asian_handicap,period=ft,home,handicap=0.5,1.91
2026-10-11T00:02:49.501261+02:00,36627825,"Primera Division, Clausura",Costa Rica,Puntarenas FC,Liga Deportiva Alajuelense,2026-10-10T23:00:00+00:00,57.175,soccer.asian_handicap,period=ft,away,handicap=0.5,1.89
2026-10-11T00:02:49.501261+02:00,36627825,"Primera Division, Clausura",Costa Rica,Puntarenas FC,Liga Deportiva Alajuelense,2026-10-10T23:00:00+00:00,57.175,soccer.asian_handicap,period=ft,home,handicap=-0.5,3.75
2026-10-11T00:02:49.501261+02:00,36627825,"Primera Division, Clausura",Costa Rica,Puntarenas FC,Liga Deportiva Alajuelense,2026-10-10T23:00:00+00:00,57.175,soccer.asian_handicap,period=ft,away,handicap=-0.5,1.25
2026-10-11T00:02:49.501261+02:00,36627825,"Primera Division, Clausura",Costa Rica,Puntarenas FC,Liga Deportiva Alajuelense,2026-10-10T23:00:00+00:00,57.175,soccer.asian_handicap,period=ft,home,handicap=-0.25,3.3
2026-10-11T00:02:49.501261+02:00,36627825,"Primera Division, Clausura",Costa Rica,Puntarenas FC,Liga Deportiva Alajuelense,2026-10-10T23:00:00+00:00,57.175,soccer.asian_handicap,period=ft,away,handicap=-0.25,1.31
2026-10-11T00:02:49.501261+02:00,36627825,"Primera Division, Clausura",Costa Rica,Puntarenas FC,Liga Deportiva Alajuelense,2026-10-10T23:00:00+00:00,57.175,soccer.asian_handicap,period=ft,home,handicap=0,2.85
2026-10-11T00:02:49.501261+02:00,36627825,"Primera Division, Clausura",Costa Rica,Puntarenas FC,Liga Deportiva Alajuelense,2026-10-10T23:00:00+00:00,57.175,soccer.asian_handicap,period=ft,away,handicap=0,1.41
2026-10-11T00:02:49.501261+02:00,36627825,"Primera Division, Clausura",Costa Rica,Puntarenas FC,Liga Deportiva Alajuelense,2026-10-10T23:00:00+00:00,57.175,soccer.asian_handicap,period=ft,home,handicap=0.25,2.2
2026-10-11T00:02:49.501261+02:00,36627825,"Primera Division, Clausura",Costa Rica,Puntarenas FC,Liga Deportiva Alajuelense,2026-10-10T23:00:00+00:00,57.175,soccer.asian_handicap,period=ft,away,handicap=0.25,1.65
2026-10-11T00:02:49.501261+02:00,36627825,"Primera Division, Clausura",Costa Rica,Puntarenas FC,Liga Deportiva Alajuelense,2026-10-10T23:00:00+00:00,57.175,soccer.asian_handicap,period=ft,home,handicap=0.75,1.68
2026-10-11T00:02:49.501261+02:00,36627825,"Primera Division, Clausura",Costa Rica,Puntarenas FC,Liga Deportiva Alajuelense,2026-10-10T23:00:00+00:00,57.175,soccer.asian_handicap,period=ft,away,handicap=0.75,2.17
2026-10-11T00:02:49.501261+02:00,36627825,"Primera Division, Clausura",Costa Rica,Puntarenas FC,Liga Deportiva Alajuelense,2026-10-10T23:00:00+00:00,57.175,soccer.asian_handicap,period=ft,home,handicap=1,1.46
2026-10-11T00:02:49.501261+02:00,36627825,"Primera Division, Clausura",Costa Rica,Puntarenas FC,Liga Deportiva Alajuelense,2026-10-10T23:00:00+00:00,57.175,soccer.asian_handicap,period=ft,away,handicap=1,2.65
2026-10-11T00:02:49.501261+02:00,36627825,"Primera Division, Clausura",Costa Rica,Puntarenas FC,Liga Deportiva Alajuelense,2026-10-10T23:00:00+00:00,57.175,soccer.asian_handicap,period=ft,home,handicap=1.25,1.36
2026-10-11T00:02:49.501261+02:00,36627825,"Primera Division, Clausura",Costa Rica,Puntarenas FC,Liga Deportiva Alajuelense,2026-10-10T23:00:00+00:00,57.175,soccer.asian_handicap,period=ft,away,handicap=1.25,3.05
2026-10-11T00:02:49.501261+02:00,36627825,"Primera Division, Clausura",Costa Rica,Puntarenas FC,Liga Deportiva Alajuelense,2026-10-10T23:00:00+00:00,57.175,soccer.asian_handicap,period=ft,home,handicap=1.5,1.29
2026-10-11T00:02:49.501261+02:00,36627825,"Primera Division, Clausura",Costa Rica,Puntarenas FC,Liga Deportiva Alajuelense,2026-10-10T23:00:00+00:00,57.175,soccer.asian_handicap,period=ft,away,handicap=1.5,3.4
2026-10-11T00:02:49.501261+02:00,36627825,"Primera Division, Clausura",Costa Rica,Puntarenas FC,Liga Deportiva Alajuelense,2026-10-10T23:00:00+00:00,57.175,soccer.double_chance,period=ft,draw_away,,1.25
2026-10-11T00:02:49.501261+02:00,36627825,"Primera Division, Clausura",Costa Rica,Puntarenas FC,Liga Deportiva Alajuelense,2026-10-10T23:00:00+00:00,57.175,soccer.double_chance,period=ft,home_away,,1.26
2026-10-11T00:02:49.501261+02:00,36627825,"Primera Division, Clausura",Costa Rica,Puntarenas FC,Liga Deportiva Alajuelense,2026-10-10T23:00:00+00:00,57.175,soccer.double_chance,period=ft,home_draw,,1.89
2026-10-11T00:02:49.501261+02:00,36627825,"Primera Division, Clausura",Costa Rica,Puntarenas FC,Liga Deportiva Alajuelense,2026-10-10T23:00:00+00:00,57.175,soccer.match_odds,period=ft,home,,3.8
2026-10-11T00:02:49.501261+02:00,36627825,"Primera Division, Clausura",Costa Rica,Puntarenas FC,Liga Deportiva Alajuelense,2026-10-10T23:00:00+00:00,57.175,soccer.match_odds,period=ft,draw,,3.65
2026-10-11T00:02:49.501261+02:00,36627825,"Primera Division, Clausura",Costa Rica,Puntarenas FC,Liga Deportiva Alajuelense,2026-10-10T23:00:00+00:00,57.175,soccer.match_odds,period=ft,away,,1.89
2026-10-11T00:02:49.501261+02:00,36627825,"Primera Division, Clausura",Costa Rica,Puntarenas FC,Liga Deportiva Alajuelense,2026-10-10T23:00:00+00:00,57.175,soccer.total_goals,period=ft,over,total=2.75,1.98
2026-10-11T00:02:49.501261+02:00,36627825,"Primera Division, Clausura",Costa Rica,Puntarenas FC,Liga Deportiva Alajuelense,2026-10-10T23:00:00+00:00,57.175,soccer.total_goals,period=ft,under,total=2.75,1.82
2026-10-11T00:02:49.501261+02:00,36627825,"Primera Division, Clausura",Costa Rica,Puntarenas FC,Liga Deportiva Alajuelense,2026-10-10T23:00:00+00:00,57.175,soccer.total_goals,period=ft,over,total=1.5,1.22
2026-10-11T00:02:49.501261+02:00,36627825,"Primera Division, Clausura",Costa Rica,Puntarenas FC,Liga Deportiva Alajuelense,2026-10-10T23:00:00+00:00,57.175,soccer.total_goals,period=ft,under,total=1.5,3.95
2026-10-11T00:02:49.501261+02:00,36627825,"Primera Division, Clausura",Costa Rica,Puntarenas FC,Liga Deportiva Alajuelense,2026-10-10T23:00:00+00:00,57.175,soccer.total_goals,period=ft,over,total=2.25,1.55
2026-10-11T00:02:49.501261+02:00,36627825,"Primera Division, Clausura",Costa Rica,Puntarenas FC,Liga Deportiva Alajuelense,2026-10-10T23:00:00+00:00,57.175,soccer.total_goals,period=ft,under,total=2.25,2.35
2026-10-11T00:02:49.501261+02:00,36627825,"Primera Division, Clausura",Costa Rica,Puntarenas FC,Liga Deportiva Alajuelense,2026-10-10T23:00:00+00:00,57.175,soccer.total_goals,period=ft,over,total=2.5,1.76
2026-10-11T00:02:49.501261+02:00,36627825,"Primera Division, Clausura",Costa Rica,Puntarenas FC,Liga Deportiva Alajuelense,2026-10-10T23:00:00+00:00,57.175,soccer.total_goals,period=ft,under,total=2.5,2.03
2026-10-11T00:02:49.501261+02:00,36627825,"Primera Division, Clausura",Costa Rica,Puntarenas FC,Liga Deportiva Alajuelense,2026-10-10T23:00:00+00:00,57.175,soccer.total_goals,period=ft,over,total=3,2.3
2026-10-11T00:02:49.501261+02:00,36627825,"Primera Division, Clausura",Costa Rica,Puntarenas FC,Liga Deportiva Alajuelense,2026-10-10T23:00:00+00:00,57.175,soccer.total_goals,period=ft,under,total=3,1.6
2026-10-11T00:02:49.501261+02:00,36627825,"Primera Division, Clausura",Costa Rica,Puntarenas FC,Liga Deportiva Alajuelense,2026-10-10T23:00:00+00:00,57.175,soccer.total_goals,period=ft,over,total=3.25,2.6
2026-10-11T00:02:49.501261+02:00,36627825,"Primera Division, Clausura",Costa Rica,Puntarenas FC,Liga Deportiva Alajuelense,2026-10-10T23:00:00+00:00,57.175,soccer.total_goals,period=ft,under,total=3.25,1.47
2026-10-11T00:02:49.501261+02:00,36627825,"Primera Division, Clausura",Costa Rica,Puntarenas FC,Liga Deportiva Alajuelense,2026-10-10T23:00:00+00:00,57.175,soccer.total_goals,period=ft,over,total=3.5,2.85
2026-10-11T00:02:49.501261+02:00,36627825,"Primera Division, Clausura",Costa Rica,Puntarenas FC,Liga Deportiva Alajuelense,2026-10-10T23:00:00+00:00,57.175,soccer.total_goals,period=ft,under,total=3.5,1.39
2026-10-11T00:02:49.501261+02:00,36627825,"Primera Division, Clausura",Costa Rica,Puntarenas FC,Liga Deportiva Alajuelense,2026-10-10T23:00:00+00:00,57.175,soccer.total_goals,period=ft,over,total=4.5,5.3
2026-10-11T00:02:49.501261+02:00,36627825,"Primera Division, Clausura",Costa Rica,Puntarenas FC,Liga Deportiva Alajuelense,2026-10-10T23:00:00+00:00,57.175,soccer.total_goals,period=ft,under,total=4.5,1.14
