captured_at_local,event_id,competition,category,home_team,away_team,kickoff_utc,minutes_to_kickoff,market,submarket,outcome,params,price
2026-09-28T00:01:00.588313+02:00,36499711,"Primera Division, Clausura",El Salvador,Municipal Limeno,CD FAS Santa Ana,2026-09-27T23:00:00+00:00,58.9902,soccer.asian_handicap,period=ft,home,handicap=0.25,1.78
2026-09-28T00:01:00.588313+02:00,36499711,"Primera Division, Clausura",El Salvador,Municipal Limeno,CD FAS Santa Ana,2026-09-27T23:00:00+00:00,58.9902,soccer.asian_handicap,period=ft,away,handicap=0.25,2.01
2026-09-28T00:01:00.588313+02:00,36499711,"Primera Division, Clausura",El Salvador,Municipal Limeno,CD FAS Santa Ana,2026-09-27T23:00:00+00:00,58.9902,soccer.asian_handicap,period=ft,home,handicap=-0.5,2.8
2026-09-28T00:01:00.588313+02:00,36499711,"Primera Division, Clausura",El Salvador,Municipal Limeno,CD FAS Santa Ana,2026-09-27T23:00:00+00:00,58.9902,soccer.asian_handicap,period=ft,away,handicap=-0.5,1.38
2026-09-28T00:01:00.588313+02:00,36499711,"Primera Division, Clausura",El Salvador,Municipal Limeno,CD FAS Santa Ana,2026-09-27T23:00:00+00:00,58.9902,soccer.asian_handicap,period=ft,home,handicap=-0.25,2.45
2026-09-28T00:01:00.588313+02:00,36499711,"Primera Division, Clausura",El Salvador,Municipal Limeno,CD FAS Santa Ana,2026-09-27T23:00:00+00:00,58.9902,soccer.asian_handicap,period=ft,away,handicap=-0.25,1.48
2026-09-28T00:01:00.588313+02:00,36499711,"Primera Division, Clausura",El Salvador,Municipal Limeno,CD FAS Santa Ana,2026-09-27T23:00:00+00:00,58.9902,soccer.asian_handicap,period=ft,home,handicap=0,2.11
2026-09-28T00:01:00.588313+02:00,36499711,"Primera Division, Clausura",El Salvador,Municipal Limeno,CD FAS Santa Ana,2026-09-27T23:00:00+00:00,58.9902,soccer.asian_handicap,period=ft,away,handicap=0,1.68
2026-09-28T00:01:00.588313+02:00,36499711,"Primera Division, Clausura",El Salvador,Municipal Limeno,CD FAS Santa Ana,2026-09-27T23:00:00+00:00,58.9902,soccer.asian_handicap,period=ft,home,handicap=0.5,1.58
2026-09-28T00:01:00.588313+02:00,36499711,"Primera Division, Clausura",El Salvador,Municipal Limeno,CD FAS Santa Ana,2026-09-27T23:00:00+00:00,58.9902,soccer.asian_handicap,period=ft,away,handicap=0.5,2.25
2026-09-28T00:01:00.588313+02:00,36499711,"Primera Division, Clausura",El Salvador,Municipal Limeno,CD FAS Santa Ana,2026-09-27T23:00:00+00:00,58.9902,soccer.asian_handicap,period=ft,home,handicap=0.75,1.41
2026-09-28T00:01:00.588313+02:00,36499711,"Primera Division, Clausura",El Salvador,Municipal Limeno,CD FAS Santa Ana,2026-09-27T23:00:00+00:00,58.9902,soccer.asian_handicap,period=ft,away,handicap=0.75,2.7
2026-09-28T00:01:00.588313+02:00,36499711,"Primera Division, Clausura",El Salvador,Municipal Limeno,CD FAS Santa Ana,2026-09-27T23:00:00+00:00,58.9902,soccer.asian_handicap,period=ft,home,handicap=1,1.25
2026-09-28T00:01:00.588313+02:00,36499711,"Primera Division, Clausura",El Salvador,Municipal Limeno,CD FAS Santa Ana,2026-09-27T23:00:00+00:00,58.9902,soccer.asian_handicap,period=ft,away,handicap=1,3.5
2026-09-28T00:01:00.588313+02:00,36499711,"Primera Division, Clausura",El Salvador,Municipal Limeno,CD FAS Santa Ana,2026-09-27T23:00:00+00:00,58.9902,soccer.double_chance,period=ft,draw_away,,1.38
2026-09-28T00:01:00.588313+02:00,36499711,"Primera Division, Clausura",El Salvador,Municipal Limeno,CD FAS Santa Ana,2026-09-27T23:00:00+00:00,58.9902,soccer.double_chance,period=ft,home_away,,1.32
2026-09-28T00:01:00.588313+02:00,36499711,"Primera Division, Clausura",El Salvador,Municipal Limeno,CD FAS Santa Ana,2026-09-27T23:00:00+00:00,58.9902,soccer.double_chance,period=ft,home_draw,,1.57
2026-09-28T00:01:00.588313+02:00,36499711,"Primera Division, Clausura",El Salvador,Municipal Limeno,CD FAS Santa Ana,2026-09-27T23:00:00+00:00,58.9902,soccer.match_odds,period=ft,home,,2.85
2026-09-28T00:01:00.588313+02:00,36499711,"Primera Division, Clausura",El Salvador,Municipal Limeno,CD FAS Santa Ana,2026-09-27T23:00:00+00:00,58.9902,soccer.match_odds,period=ft,draw,,3.2
2026-09-28T00:01:00.588313+02:00,36499711,"Primera Division, Clausura",El Salvador,Municipal Limeno,CD FAS Santa Ana,2026-09-27T23:00:00+00:00,58.9902,soccer.match_odds,period=ft,away,,2.3
2026-09-28T00:01:00.588313+02:00,36499711,"Primera Division, Clausura",El Salvador,Municipal Limeno,CD FAS Santa Ana,2026-09-27T23:00:00+00:00,58.9902,soccer.total_goals,period=ft,over,total=2.5,1.87
2026-09-28T00:01:00.588313+02:00,36499711,"Primera Division, Clausura",El Salvador,Municipal Limeno,CD FAS Santa Ana,2026-09-27T23:00:00+00:00,58.9902,soccer.total_goals,period=ft,under,total=2.5,1.9
2026-09-28T00:01:00.588313+02:00,36499711,"Primera Division, Clausura",El Salvador,Municipal Limeno,CD FAS Santa Ana,2026-09-27T23:00:00+00:00,58.9902,soccer.total_goals,period=ft,over,total=1.75,1.3
2026-09-28T00:01:00.588313+02:00,36499711,"Primera Division, Clausura",El Salvador,Municipal Limeno,CD FAS Santa Ana,2026-09-27T23:00:00+00:00,58.9902,soccer.total_goals,period=ft,under,total=1.75,3.2
2026-09-28T00:01:00.588313+02:00,36499711,"Primera Division, Clausura",El Salvador,Municipal Limeno,CD FAS Santa Ana,2026-09-27T23:00:00+00:00,58.9902,soccer.total_goals,period=ft,over,total=2,1.39
2026-09-28T00:01:00.588313+02:00,36499711,"Primera Division, Clausura",El Salvador,Municipal Limeno,CD FAS Santa Ana,2026-09-27T23:00:00+00:00,58.9902,soccer.total_goals,period=ft,under,total=2,2.75
2026-09-28T00:01:00.588313+02:00,36499711,"Primera Division, Clausura",El Salvador,Municipal Limeno,CD FAS Santa Ana,2026-09-27T23:00:00+00:00,58.9902,soccer.total_goals,period=ft,over,total=2.25,1.62
2026-09-28T00:01:00.588313+02:00,36499711,"Primera Division, Clausura",El Salvador,Municipal Limeno,CD FAS Santa Ana,2026-09-27T23:00:00+00:00,58.9902,soccer.total_goals,period=ft,under,total=2.25,2.2
2026-09-28T00:01:00.588313+02:00,36499711,"Primera Division, Clausura",El Salvador,Municipal Limeno,CD FAS Santa Ana,2026-09-27T23:00:00+00:00,58.9902,soccer.total_goals,period=ft,over,total=2.75,2.09
2026-09-28T00:01:00.588313+02:00,36499711,"Primera Division, Clausura",El Salvador,Municipal Limeno,CD FAS Santa Ana,2026-09-27T23:00:00+00:00,58.9902,soccer.total_goals,period=ft,under,total=2.75,1.69
2026-09-28T00:01:00.588313+02:00,36499711,"Primera Division, Clausura",El Salvador,Municipal Limeno,CD FAS Santa Ana,2026-09-27T23:00:00+00:00,58.9902,soccer.total_goals,period=ft,over,total=3,2.45
2026-09-28T00:01:00.588313+02:00,36499711,"Primera Division, Clausura",El Salvador,Municipal Limeno,CD FAS Santa Ana,2026-09-27T23:00:00+00:00,58.9902,soccer.total_goals,period=ft,under,total=3,1.48
2026-09-28T00:01:00.588313+02:00,36499711,"Primera Division, Clausura",El Salvador,Municipal Limeno,CD FAS Santa Ana,2026-09-27T23:00:00+00:00,58.9902,soccer.total_goals,period=ft,over,total=3.25,2.8
2026-09-28T00:01:00.588313+02:00,36499711,"Primera Division, Clausura",El Salvador,Municipal Limeno,CD FAS Santa Ana,2026-09-27T23:00:00+00:00,58.9902,soccer.total_goals,period=ft,under,total=3.25,1.38
2026-09-28T00:01:00.588313+02:00,36519400,Torneo Federal A,Argentina,CSB Atenas,Sportivo General San Martin,2026-09-27T22:30:00+00:00,28.9902,soccer.asian_handicap,period=ft,home,handicap=0.75,0.0
2026-09-28T00:01:00.588313+02:00,36519400,Torneo Federal A,Argentina,CSB Atenas,Sportivo General San Martin,2026-09-27T22:30:00+00:00,28.9902,soccer.asian_handicap,period=ft,away,handicap=0.75,0.0
2026-09-28T00:01:00.588313+02:00,36519400,Torneo Federal A,Argentina,CSB Atenas,Sportivo General San Martin,2026-09-27T22:30:00+00:00,28.9902,soccer.asian_handicap,period=ft,home,handicap=-1,4.05
2026-09-28T00:01:00.588313+02:00,36519400,Torneo Federal A,Argentina,CSB Atenas,Sportivo General San Martin,2026-09-27T22:30:00+00:00,28.9902,soccer.asian_handicap,period=ft,away,handicap=-1,1.17
2026-09-28T00:01:00.588313+02:00,36519400,Torneo Federal A,Argentina,CSB Atenas,Sportivo General San Martin,2026-09-27T22:30:00+00:00,28.9902,soccer.asian_handicap,period=ft,home,handicap=-0.75,2.9
2026-09-28T00:01:00.588313+02:00,36519400,Torneo Federal A,Argentina,CSB Atenas,Sportivo General San Martin,2026-09-27T22:30:00+00:00,28.9902,soccer.asian_handicap,period=ft,away,handicap=-0.75,1.32
2026-09-28T00:01:00.588313+02:00,36519400,Torneo Federal A,Argentina,CSB Atenas,Sportivo General San Martin,2026-09-27T22:30:00+00:00,28.9902,soccer.asian_handicap,period=ft,home,handicap=-0.5,2.4
2026-09-28T00:01:00.588313+02:00,36519400,Torneo Federal A,Argentina,CSB Atenas,Sportivo General San Martin,2026-09-27T22:30:00+00:00,28.9902,soccer.asian_handicap,period=ft,away,handicap=-0.5,1.48
2026-09-28T00:01:00.588313+02:00,36519400,Torneo Federal A,Argentina,CSB Atenas,Sportivo General San Martin,2026-09-27T22:30:00+00:00,28.9902,soccer.asian_handicap,period=ft,home,handicap=-0.25,2.05
2026-09-28T00:01:00.588313+02:00,36519400,Torneo Federal A,Argentina,CSB Atenas,Sportivo General San Martin,2026-09-27T22:30:00+00:00,28.9902,soccer.asian_handicap,period=ft,away,handicap=-0.25,1.68
2026-09-28T00:01:00.588313+02:00,36519400,Torneo Federal A,Argentina,CSB Atenas,Sportivo General San Martin,2026-09-27T22:30:00+00:00,28.9902,soccer.asian_handicap,period=ft,home,handicap=0,1.65
2026-09-28T00:01:00.588313+02:00,36519400,Torneo Federal A,Argentina,CSB Atenas,Sportivo General San Martin,2026-09-27T22:30:00+00:00,28.9902,soccer.asian_handicap,period=ft,away,handicap=0,2.05
2026-09-28T00:01:00.588313+02:00,36519400,Torneo Federal A,Argentina,CSB Atenas,Sportivo General San Martin,2026-09-27T22:30:00+00:00,28.9902,soccer.asian_handicap,period=ft,home,handicap=0.25,1.43
2026-09-28T00:01:00.588313+02:00,36519400,Torneo Federal A,Argentina,CSB Atenas,Sportivo General San Martin,2026-09-27T22:30:00+00:00,28.9902,soccer.asian_handicap,period=ft,away,handicap=0.25,2.45
2026-09-28T00:01:00.588313+02:00,36519400,Torneo Federal A,Argentina,CSB Atenas,Sportivo General San Martin,2026-09-27T22:30:00+00:00,28.9902,soccer.asian_handicap,period=ft,home,handicap=0.5,1.32
2026-09-28T00:01:00.588313+02:00,36519400,Torneo Federal A,Argentina,CSB Atenas,Sportivo General San Martin,2026-09-27T22:30:00+00:00,28.9902,soccer.asian_handicap,period=ft,away,handicap=0.5,2.9
2026-09-28T00:01:00.588313+02:00,36519400,Torneo Federal A,Argentina,CSB Atenas,Sportivo General San Martin,2026-09-27T22:30:00+00:00,28.9902,soccer.double_chance,period=ft,draw_away,,1.51
2026-09-28T00:01:00.588313+02:00,36519400,Torneo Federal A,Argentina,CSB Atenas,Sportivo General San Martin,2026-09-27T22:30:00+00:00,28.9902,soccer.double_chance,period=ft,home_away,,1.43
2026-09-28T00:01:00.588313+02:00,36519400,Torneo Federal A,Argentina,CSB Atenas,Sportivo General San Martin,2026-09-27T22:30:00+00:00,28.9902,soccer.double_chance,period=ft,home_draw,,1.36
2026-09-28T00:01:00.588313+02:00,36519400,Torneo Federal A,Argentina,CSB Atenas,Sportivo General San Martin,2026-09-27T22:30:00+00:00,28.9902,soccer.match_odds,period=ft,home,,2.4
2026-09-28T00:01:00.588313+02:00,36519400,Torneo Federal A,Argentina,CSB Atenas,Sportivo General San Martin,2026-09-27T22:30:00+00:00,28.9902,soccer.match_odds,period=ft,draw,,2.65
2026-09-28T00:01:00.588313+02:00,36519400,Torneo Federal A,Argentina,CSB Atenas,Sportivo General San Martin,2026-09-27T22:30:00+00:00,28.9902,soccer.match_odds,period=ft,away,,2.95
2026-09-28T00:01:00.588313+02:00,36519400,Torneo Federal A,Argentina,CSB Atenas,Sportivo General San Martin,2026-09-27T22:30:00+00:00,28.9902,soccer.total_goals,period=ft,over,total=2,1.91
2026-09-28T00:01:00.588313+02:00,36519400,Torneo Federal A,Argentina,CSB Atenas,Sportivo General San Martin,2026-09-27T22:30:00+00:00,28.9902,soccer.total_goals,period=ft,under,total=2,1.79
2026-09-28T00:01:00.588313+02:00,36519400,Torneo Federal A,Argentina,CSB Atenas,Sportivo General San Martin,2026-09-27T22:30:00+00:00,28.9902,soccer.total_goals,period=ft,over,total=1.25,1.3
2026-09-28T00:01:00.588313+02:00,36519400,Torneo Federal A,Argentina,CSB Atenas,Sportivo General San Martin,2026-09-27T22:30:00+00:00,28.9902,soccer.total_goals,period=ft,under,total=1.25,3.0
2026-09-28T00:01:00.588313+02:00,36519400,Torneo Federal A,Argentina,CSB Atenas,Sportivo General San Martin,2026-09-27T22:30:00+00:00,28.9902,soccer.total_goals,period=ft,over,total=1.5,1.47
2026-09-28T00:01:00.588313+02:00,36519400,Torneo Federal A,Argentina,CSB Atenas,Sportivo General San Martin,2026-09-27T22:30:00+00:00,28.9902,soccer.total_goals,period=ft,under,total=1.5,2.35
2026-09-28T00:01:00.588313+02:00,36519400,Torneo Federal A,Argentina,CSB Atenas,Sportivo General San Martin,2026-09-27T22:30:00+00:00,28.9902,soccer.total_goals,period=ft,over,total=1.75,1.63
2026-09-28T00:01:00.588313+02:00,36519400,Torneo Federal A,Argentina,CSB Atenas,Sportivo General San Martin,2026-09-27T22:30:00+00:00,28.9902,soccer.total_goals,period=ft,under,total=1.75,2.09
2026-09-28T00:01:00.588313+02:00,36519400,Torneo Federal A,Argentina,CSB Atenas,Sportivo General San Martin,2026-09-27T22:30:00+00:00,28.9902,soccer.total_goals,period=ft,over,total=2.25,2.2
2026-09-28T00:01:00.588313+02:00,36519400,Torneo Federal A,Argentina,CSB Atenas,Sportivo General San Martin,2026-09-27T22:30:00+00:00,28.9902,soccer.total_goals,period=ft,under,total=2.25,1.55
2026-09-28T00:01:00.588313+02:00,36519400,Torneo Federal A,Argentina,CSB Atenas,Sportivo General San Martin,2026-09-27T22:30:00+00:00,28.9902,soccer.total_goals,period=ft,over,total=2.5,2.5
2026-09-28T00:01:00.588313+02:00,36519400,Torneo Federal A,Argentina,CSB Atenas,Sportivo General San Martin,2026-09-27T22:30:00+00:00,28.9902,soccer.total_goals,period=ft,under,total=2.5,1.42
2026-09-28T00:01:00.588313+02:00,36519400,Torneo Federal A,Argentina,CSB Atenas,Sportivo General San Martin,2026-09-27T22:30:00+00:00,28.9902,soccer.total_goals,period=ft,over,total=2.75,3.0
2026-09-28T00:01:00.588313+02:00,36519400,Torneo Federal A,Argentina,CSB Atenas,Sportivo General San Martin,2026-09-27T22:30:00+00:00,28.9902,soccer.total_goals,period=ft,under,total=2.75,1.29
2026-09-28T00:01:00.588313+02:00,36430466,"Primera A, Clausura",Colombia,Fortaleza FC,CD Tolima,2026-09-27T23:05:00+00:00,63.9902,soccer.asian_handicap,period=ft,home,handicap=0.25,2.03
2026-09-28T00:01:00.588313+02:00,36430466,"Primera A, Clausura",Colombia,Fortaleza FC,CD Tolima,2026-09-27T23:05:00+00:00,63.9902,soccer.asian_handicap,period=ft,away,handicap=0.25,1.8
2026-09-28T00:01:00.588313+02:00,36430466,"Primera A, Clausura",Colombia,Fortaleza FC,CD Tolima,2026-09-27T23:05:00+00:00,63.9902,soccer.asian_handicap,period=ft,home,handicap=-0.75,4.85
2026-09-28T00:01:00.588313+02:00,36430466,"Primera A, Clausura",Colombia,Fortaleza FC,CD Tolima,2026-09-27T23:05:00+00:00,63.9902,soccer.asian_handicap,period=ft,away,handicap=-0.75,1.18
2026-09-28T00:01:00.588313+02:00,36430466,"Primera A, Clausura",Colombia,Fortaleza FC,CD Tolima,2026-09-27T23:05:00+00:00,63.9902,soccer.asian_handicap,period=ft,home,handicap=-0.5,3.65
2026-09-28T00:01:00.588313+02:00,36430466,"Primera A, Clausura",Colombia,Fortaleza FC,CD Tolima,2026-09-27T23:05:00+00:00,63.9902,soccer.asian_handicap,period=ft,away,handicap=-0.5,1.27
2026-09-28T00:01:00.588313+02:00,36430466,"Primera A, Clausura",Colombia,Fortaleza FC,CD Tolima,2026-09-27T23:05:00+00:00,63.9902,soccer.asian_handicap,period=ft,home,handicap=-0.25,3.15
2026-09-28T00:01:00.588313+02:00,36430466,"Primera A, Clausura",Colombia,Fortaleza FC,CD Tolima,2026-09-27T23:05:00+00:00,63.9902,soccer.asian_handicap,period=ft,away,handicap=-0.25,1.35
2026-09-28T00:01:00.588313+02:00,36430466,"Primera A, Clausura",Colombia,Fortaleza FC,CD Tolima,2026-09-27T23:05:00+00:00,63.9902,soccer.asian_handicap,period=ft,home,handicap=0,2.6
2026-09-28T00:01:00.588313+02:00,36430466,"Primera A, Clausura",Colombia,Fortaleza FC,CD Tolima,2026-09-27T23:05:00+00:00,63.9902,soccer.asian_handicap,period=ft,away,handicap=0,1.49
2026-09-28T00:01:00.588313+02:00,36430466,"Primera A, Clausura",Colombia,Fortaleza FC,CD Tolima,2026-09-27T23:05:00+00:00,63.9902,soccer.asian_handicap,period=ft,home,handicap=0.5,1.74
2026-09-28T00:01:00.588313+02:00,36430466,"Primera A, Clausura",Colombia,Fortaleza FC,CD Tolima,2026-09-27T23:05:00+00:00,63.9902,soccer.asian_handicap,period=ft,away,handicap=0.5,2.1
2026-09-28T00:01:00.588313+02:00,36430466,"Primera A, Clausura",Colombia,Fortaleza FC,CD Tolima,2026-09-27T23:05:00+00:00,63.9902,soccer.asian_handicap,period=ft,home,handicap=0.75,1.53
2026-09-28T00:01:00.588313+02:00,36430466,"Primera A, Clausura",Colombia,Fortaleza FC,CD Tolima,2026-09-27T23:05:00+00:00,63.9902,soccer.asian_handicap,period=ft,away,handicap=0.75,2.45
2026-09-28T00:01:00.588313+02:00,36430466,"Primera A, Clausura",Colombia,Fortaleza FC,CD Tolima,2026-09-27T23:05:00+00:00,63.9902,soccer.asian_handicap,period=ft,home,handicap=1,1.33
2026-09-28T00:01:00.588313+02:00,36430466,"Primera A, Clausura",Colombia,Fortaleza FC,CD Tolima,2026-09-27T23:05:00+00:00,63.9902,soccer.asian_handicap,period=ft,away,handicap=1,3.25
2026-09-28T00:01:00.588313+02:00,36430466,"Primera A, Clausura",Colombia,Fortaleza FC,CD Tolima,2026-09-27T23:05:00+00:00,63.9902,soccer.asian_handicap,period=ft,home,handicap=1.25,1.26
2026-09-28T00:01:00.588313+02:00,36430466,"Primera A, Clausura",Colombia,Fortaleza FC,CD Tolima,2026-09-27T23:05:00+00:00,63.9902,soccer.asian_handicap,period=ft,away,handicap=1.25,3.7
2026-09-28T00:01:00.588313+02:00,36430466,"Primera A, Clausura",Colombia,Fortaleza FC,CD Tolima,2026-09-27T23:05:00+00:00,63.9902,soccer.double_chance,period=ft,draw_away,,1.32
2026-09-28T00:01:00.588313+02:00,36430466,"Primera A, Clausura",Colombia,Fortaleza FC,CD Tolima,2026-09-27T23:05:00+00:00,63.9902,soccer.double_chance,period=ft,home_away,,1.35
2026-09-28T00:01:00.588313+02:00,36430466,"Primera A, Clausura",Colombia,Fortaleza FC,CD Tolima,2026-09-27T23:05:00+00:00,63.9902,soccer.double_chance,period=ft,home_draw,,1.66
2026-09-28T00:01:00.588313+02:00,36430466,"Primera A, Clausura",Colombia,Fortaleza FC,CD Tolima,2026-09-27T23:05:00+00:00,63.9902,soccer.match_odds,period=ft,home,,3.7
2026-09-28T00:01:00.588313+02:00,36430466,"Primera A, Clausura",Colombia,Fortaleza FC,CD Tolima,2026-09-27T23:05:00+00:00,63.9902,soccer.match_odds,period=ft,draw,,3.2
2026-09-28T00:01:00.588313+02:00,36430466,"Primera A, Clausura",Colombia,Fortaleza FC,CD Tolima,2026-09-27T23:05:00+00:00,63.9902,soccer.match_odds,period=ft,away,,2.1
2026-09-28T00:01:00.588313+02:00,36430466,"Primera A, Clausura",Colombia,Fortaleza FC,CD Tolima,2026-09-27T23:05:00+00:00,63.9902,soccer.total_goals,period=ft,over,total=2.25,1.9
2026-09-28T00:01:00.588313+02:00,36430466,"Primera A, Clausura",Colombia,Fortaleza FC,CD Tolima,2026-09-27T23:05:00+00:00,63.9902,soccer.total_goals,period=ft,under,total=2.25,1.9
2026-09-28T00:01:00.588313+02:00,36430466,"Primera A, Clausura",Colombia,Fortaleza FC,CD Tolima,2026-09-27T23:05:00+00:00,63.9902,soccer.total_goals,period=ft,over,total=1.5,1.36
2026-09-28T00:01:00.588313+02:00,36430466,"Primera A, Clausura",Colombia,Fortaleza FC,CD Tolima,2026-09-27T23:05:00+00:00,63.9902,soccer.total_goals,period=ft,under,total=1.5,3.0
2026-09-28T00:01:00.588313+02:00,36430466,"Primera A, Clausura",Colombia,Fortaleza FC,CD Tolima,2026-09-27T23:05:00+00:00,63.9902,soccer.total_goals,period=ft,over,total=1.75,1.46
2026-09-28T00:01:00.588313+02:00,36430466,"Primera A, Clausura",Colombia,Fortaleza FC,CD Tolima,2026-09-27T23:05:00+00:00,63.9902,soccer.total_goals,period=ft,under,total=1.75,2.65
2026-09-28T00:01:00.588313+02:00,36430466,"Primera A, Clausura",Colombia,Fortaleza FC,CD Tolima,2026-09-27T23:05:00+00:00,63.9902,soccer.total_goals,period=ft,over,total=2,1.62
2026-09-28T00:01:00.588313+02:00,36430466,"Primera A, Clausura",Colombia,Fortaleza FC,CD Tolima,2026-09-27T23:05:00+00:00,63.9902,soccer.total_goals,period=ft,under,total=2,2.25
2026-09-28T00:01:00.588313+02:00,36430466,"Primera A, Clausura",Colombia,Fortaleza FC,CD Tolima,2026-09-27T23:05:00+00:00,63.9902,soccer.total_goals,period=ft,over,total=2.5,2.17
2026-09-28T00:01:00.588313+02:00,36430466,"Primera A, Clausura",Colombia,Fortaleza FC,CD Tolima,2026-09-27T23:05:00+00:00,63.9902,soccer.total_goals,period=ft,under,total=2.5,1.68
2026-09-28T00:01:00.588313+02:00,36430466,"Primera A, Clausura",Colombia,Fortaleza FC,CD Tolima,2026-09-27T23:05:00+00:00,63.9902,soccer.total_goals,period=ft,over,total=2.75,2.5
2026-09-28T00:01:00.588313+02:00,36430466,"Primera A, Clausura",Colombia,Fortaleza FC,CD Tolima,2026-09-27T23:05:00+00:00,63.9902,soccer.total_goals,period=ft,under,total=2.75,1.51
2026-09-28T00:01:00.588313+02:00,36430466,"Primera A, Clausura",Colombia,Fortaleza FC,CD Tolima,2026-09-27T23:05:00+00:00,63.9902,soccer.total_goals,period=ft,over,total=3.5,3.85
2026-09-28T00:01:00.588313+02:00,36430466,"Primera A, Clausura",Colombia,Fortaleza FC,CD Tolima,2026-09-27T23:05:00+00:00,63.9902,soccer.total_goals,period=ft,under,total=3.5,1.24
2026-09-28T00:01:00.588313+02:00,36529311,Copa Division Profesional,Bolivia,CD Real Tomayapo,Cdt Real Oruro,2026-09-27T23:30:00+00:00,88.9902,soccer.asian_handicap,period=ft,home,handicap=-0.5,1.92
2026-09-28T00:01:00.588313+02:00,36529311,Copa Division Profesional,Bolivia,CD Real Tomayapo,Cdt Real Oruro,2026-09-27T23:30:00+00:00,88.9902,soccer.asian_handicap,period=ft,away,handicap=-0.5,1.78
2026-09-28T00:01:00.588313+02:00,36529311,Copa Division Profesional,Bolivia,CD Real Tomayapo,Cdt Real Oruro,2026-09-27T23:30:00+00:00,88.9902,soccer.asian_handicap,period=ft,home,handicap=-1.25,2.8
2026-09-28T00:01:00.588313+02:00,36529311,Copa Division Profesional,Bolivia,CD Real Tomayapo,Cdt Real Oruro,2026-09-27T23:30:00+00:00,88.9902,soccer.asian_handicap,period=ft,away,handicap=-1.25,1.34
2026-09-28T00:01:00.588313+02:00,36529311,Copa Division Profesional,Bolivia,CD Real Tomayapo,Cdt Real Oruro,2026-09-27T23:30:00+00:00,88.9902,soccer.asian_handicap,period=ft,home,handicap=-1,2.5
2026-09-28T00:01:00.588313+02:00,36529311,Copa Division Profesional,Bolivia,CD Real Tomayapo,Cdt Real Oruro,2026-09-27T23:30:00+00:00,88.9902,soccer.asian_handicap,period=ft,away,handicap=-1,1.42
2026-09-28T00:01:00.588313+02:00,36529311,Copa Division Profesional,Bolivia,CD Real Tomayapo,Cdt Real Oruro,2026-09-27T23:30:00+00:00,88.9902,soccer.asian_handicap,period=ft,home,handicap=-0.75,2.14
2026-09-28T00:01:00.588313+02:00,36529311,Copa Division Profesional,Bolivia,CD Real Tomayapo,Cdt Real Oruro,2026-09-27T23:30:00+00:00,88.9902,soccer.asian_handicap,period=ft,away,handicap=-0.75,1.6
2026-09-28T00:01:00.588313+02:00,36529311,Copa Division Profesional,Bolivia,CD Real Tomayapo,Cdt Real Oruro,2026-09-27T23:30:00+00:00,88.9902,soccer.asian_handicap,period=ft,home,handicap=-0.25,1.69
2026-09-28T00:01:00.588313+02:00,36529311,Copa Division Profesional,Bolivia,CD Real Tomayapo,Cdt Real Oruro,2026-09-27T23:30:00+00:00,88.9902,soccer.asian_handicap,period=ft,away,handicap=-0.25,2.0
2026-09-28T00:01:00.588313+02:00,36529311,Copa Division Profesional,Bolivia,CD Real Tomayapo,Cdt Real Oruro,2026-09-27T23:30:00+00:00,88.9902,soccer.asian_handicap,period=ft,home,handicap=0,1.47
2026-09-28T00:01:00.588313+02:00,36529311,Copa Division Profesional,Bolivia,CD Real Tomayapo,Cdt Real Oruro,2026-09-27T23:30:00+00:00,88.9902,soccer.asian_handicap,period=ft,away,handicap=0,2.35
2026-09-28T00:01:00.588313+02:00,36529311,Copa Division Profesional,Bolivia,CD Real Tomayapo,Cdt Real Oruro,2026-09-27T23:30:00+00:00,88.9902,soccer.asian_handicap,period=ft,home,handicap=0.25,1.37
2026-09-28T00:01:00.588313+02:00,36529311,Copa Division Profesional,Bolivia,CD Real Tomayapo,Cdt Real Oruro,2026-09-27T23:30:00+00:00,88.9902,soccer.asian_handicap,period=ft,away,handicap=0.25,2.65
2026-09-28T00:01:00.588313+02:00,36529311,Copa Division Profesional,Bolivia,CD Real Tomayapo,Cdt Real Oruro,2026-09-27T23:30:00+00:00,88.9902,soccer.match_odds,period=ft,home,,1.91
2026-09-28T00:01:00.588313+02:00,36529311,Copa Division Profesional,Bolivia,CD Real Tomayapo,Cdt Real Oruro,2026-09-27T23:30:00+00:00,88.9902,soccer.match_odds,period=ft,draw,,3.6
2026-09-28T00:01:00.588313+02:00,36529311,Copa Division Profesional,Bolivia,CD Real Tomayapo,Cdt Real Oruro,2026-09-27T23:30:00+00:00,88.9902,soccer.match_odds,period=ft,away,,3.05
2026-09-28T00:01:00.588313+02:00,36529311,Copa Division Profesional,Bolivia,CD Real Tomayapo,Cdt Real Oruro,2026-09-27T23:30:00+00:00,88.9902,soccer.total_goals,period=ft,over,total=3.5,1.89
2026-09-28T00:01:00.588313+02:00,36529311,Copa Division Profesional,Bolivia,CD Real Tomayapo,Cdt Real Oruro,2026-09-27T23:30:00+00:00,88.9902,soccer.total_goals,period=ft,under,total=3.5,1.8
2026-09-28T00:01:00.588313+02:00,36529311,Copa Division Profesional,Bolivia,CD Real Tomayapo,Cdt Real Oruro,2026-09-27T23:30:00+00:00,88.9902,soccer.total_goals,period=ft,over,total=2.75,1.4
2026-09-28T00:01:00.588313+02:00,36529311,Copa Division Profesional,Bolivia,CD Real Tomayapo,Cdt Real Oruro,2026-09-27T23:30:00+00:00,88.9902,soccer.total_goals,period=ft,under,total=2.75,2.55
2026-09-28T00:01:00.588313+02:00,36529311,Copa Division Profesional,Bolivia,CD Real Tomayapo,Cdt Real Oruro,2026-09-27T23:30:00+00:00,88.9902,soccer.total_goals,period=ft,over,total=3,1.5
2026-09-28T00:01:00.588313+02:00,36529311,Copa Division Profesional,Bolivia,CD Real Tomayapo,Cdt Real Oruro,2026-09-27T23:30:00+00:00,88.9902,soccer.total_goals,period=ft,under,total=3,2.3
2026-09-28T00:01:00.588313+02:00,36529311,Copa Division Profesional,Bolivia,CD Real Tomayapo,Cdt Real Oruro,2026-09-27T23:30:00+00:00,88.9902,soccer.total_goals,period=ft,over,total=3.25,1.7
2026-09-28T00:01:00.588313+02:00,36529311,Copa Division Profesional,Bolivia,CD Real Tomayapo,Cdt Real Oruro,2026-09-27T23:30:00+00:00,88.9902,soccer.total_goals,period=ft,under,total=3.25,2.0
2026-09-28T00:01:00.588313+02:00,36529311,Copa Division Profesional,Bolivia,CD Real Tomayapo,Cdt Real Oruro,2026-09-27T23:30:00+00:00,88.9902,soccer.total_goals,period=ft,over,total=3.75,2.1
2026-09-28T00:01:00.588313+02:00,36529311,Copa Division Profesional,Bolivia,CD Real Tomayapo,Cdt Real Oruro,2026-09-27T23:30:00+00:00,88.9902,soccer.total_goals,period=ft,under,total=3.75,1.62
2026-09-28T00:01:00.588313+02:00,36529311,Copa Division Profesional,Bolivia,CD Real Tomayapo,Cdt Real Oruro,2026-09-27T23:30:00+00:00,88.9902,soccer.total_goals,period=ft,over,total=4,2.45
2026-09-28T00:01:00.588313+02:00,36529311,Copa Division Profesional,Bolivia,CD Real Tomayapo,Cdt Real Oruro,2026-09-27T23:30:00+00:00,88.9902,soccer.total_goals,period=ft,under,total=4,1.44
2026-09-28T00:01:00.588313+02:00,36529311,Copa Division Profesional,Bolivia,CD Real Tomayapo,Cdt Real Oruro,2026-09-27T23:30:00+00:00,88.9902,soccer.total_goals,period=ft,over,total=4.25,2.7
2026-09-28T00:01:00.588313+02:00,36529311,Copa Division Profesional,Bolivia,CD Real Tomayapo,Cdt Real Oruro,2026-09-27T23:30:00+00:00,88.9902,soccer.total_goals,period=ft,under,total=4.25,1.36
2026-09-28T00:01:00.588313+02:00,36500991,Segunda Division,Uruguay,Huracan Del Paso de la Arena,Miramar Misiones,2026-09-27T23:00:00+00:00,58.9902,soccer.asian_handicap,period=ft,home,handicap=-0.25,1.87
2026-09-28T00:01:00.588313+02:00,36500991,Segunda Division,Uruguay,Huracan Del Paso de la Arena,Miramar Misiones,2026-09-27T23:00:00+00:00,58.9902,soccer.asian_handicap,period=ft,away,handicap=-0.25,1.9
2026-09-28T00:01:00.588313+02:00,36500991,Segunda Division,Uruguay,Huracan Del Paso de la Arena,Miramar Misiones,2026-09-27T23:00:00+00:00,58.9902,soccer.asian_handicap,period=ft,home,handicap=-1,3.3
2026-09-28T00:01:00.588313+02:00,36500991,Segunda Division,Uruguay,Huracan Del Paso de la Arena,Miramar Misiones,2026-09-27T23:00:00+00:00,58.9902,soccer.asian_handicap,period=ft,away,handicap=-1,1.28
2026-09-28T00:01:00.588313+02:00,36500991,Segunda Division,Uruguay,Huracan Del Paso de la Arena,Miramar Misiones,2026-09-27T23:00:00+00:00,58.9902,soccer.asian_handicap,period=ft,home,handicap=-0.75,2.5
2026-09-28T00:01:00.588313+02:00,36500991,Segunda Division,Uruguay,Huracan Del Paso de la Arena,Miramar Misiones,2026-09-27T23:00:00+00:00,58.9902,soccer.asian_handicap,period=ft,away,handicap=-0.75,1.47
2026-09-28T00:01:00.588313+02:00,36500991,Segunda Division,Uruguay,Huracan Del Paso de la Arena,Miramar Misiones,2026-09-27T23:00:00+00:00,58.9902,soccer.asian_handicap,period=ft,home,handicap=-0.5,2.14
2026-09-28T00:01:00.588313+02:00,36500991,Segunda Division,Uruguay,Huracan Del Paso de la Arena,Miramar Misiones,2026-09-27T23:00:00+00:00,58.9902,soccer.asian_handicap,period=ft,away,handicap=-0.5,1.66
2026-09-28T00:01:00.588313+02:00,36500991,Segunda Division,Uruguay,Huracan Del Paso de la Arena,Miramar Misiones,2026-09-27T23:00:00+00:00,58.9902,soccer.asian_handicap,period=ft,home,handicap=0,1.56
2026-09-28T00:01:00.588313+02:00,36500991,Segunda Division,Uruguay,Huracan Del Paso de la Arena,Miramar Misiones,2026-09-27T23:00:00+00:00,58.9902,soccer.asian_handicap,period=ft,away,handicap=0,2.3
2026-09-28T00:01:00.588313+02:00,36500991,Segunda Division,Uruguay,Huracan Del Paso de la Arena,Miramar Misiones,2026-09-27T23:00:00+00:00,58.9902,soccer.asian_handicap,period=ft,home,handicap=0.25,1.4
2026-09-28T00:01:00.588313+02:00,36500991,Segunda Division,Uruguay,Huracan Del Paso de la Arena,Miramar Misiones,2026-09-27T23:00:00+00:00,58.9902,soccer.asian_handicap,period=ft,away,handicap=0.25,2.7
2026-09-28T00:01:00.588313+02:00,36500991,Segunda Division,Uruguay,Huracan Del Paso de la Arena,Miramar Misiones,2026-09-27T23:00:00+00:00,58.9902,soccer.asian_handicap,period=ft,home,handicap=0.5,1.32
2026-09-28T00:01:00.588313+02:00,36500991,Segunda Division,Uruguay,Huracan Del Paso de la Arena,Miramar Misiones,2026-09-27T23:00:00+00:00,58.9902,soccer.asian_handicap,period=ft,away,handicap=0.5,3.1
2026-09-28T00:01:00.588313+02:00,36500991,Segunda Division,Uruguay,Huracan Del Paso de la Arena,Miramar Misiones,2026-09-27T23:00:00+00:00,58.9902,soccer.double_chance,period=ft,draw_away,,1.65
2026-09-28T00:01:00.588313+02:00,36500991,Segunda Division,Uruguay,Huracan Del Paso de la Arena,Miramar Misiones,2026-09-27T23:00:00+00:00,58.9902,soccer.double_chance,period=ft,home_away,,1.32
2026-09-28T00:01:00.588313+02:00,36500991,Segunda Division,Uruguay,Huracan Del Paso de la Arena,Miramar Misiones,2026-09-27T23:00:00+00:00,58.9902,soccer.double_chance,period=ft,home_draw,,1.32
2026-09-28T00:01:00.588313+02:00,36500991,Segunda Division,Uruguay,Huracan Del Paso de la Arena,Miramar Misiones,2026-09-27T23:00:00+00:00,58.9902,soccer.match_odds,period=ft,home,,2.15
2026-09-28T00:01:00.588313+02:00,36500991,Segunda Division,Uruguay,Huracan Del Paso de la Arena,Miramar Misiones,2026-09-27T23:00:00+00:00,58.9902,soccer.match_odds,period=ft,draw,,3.15
2026-09-28T00:01:00.588313+02:00,36500991,Segunda Division,Uruguay,Huracan Del Paso de la Arena,Miramar Misiones,2026-09-27T23:00:00+00:00,58.9902,soccer.match_odds,period=ft,away,,3.15
2026-09-28T00:01:00.588313+02:00,36500991,Segunda Division,Uruguay,Huracan Del Paso de la Arena,Miramar Misiones,2026-09-27T23:00:00+00:00,58.9902,soccer.total_goals,period=ft,over,total=2.25,1.89
2026-09-28T00:01:00.588313+02:00,36500991,Segunda Division,Uruguay,Huracan Del Paso de la Arena,Miramar Misiones,2026-09-27T23:00:00+00:00,58.9902,soccer.total_goals,period=ft,under,total=2.25,1.89
2026-09-28T00:01:00.588313+02:00,36500991,Segunda Division,Uruguay,Huracan Del Paso de la Arena,Miramar Misiones,2026-09-27T23:00:00+00:00,58.9902,soccer.total_goals,period=ft,over,total=1.5,1.34
2026-09-28T00:01:00.588313+02:00,36500991,Segunda Division,Uruguay,Huracan Del Paso de la Arena,Miramar Misiones,2026-09-27T23:00:00+00:00,58.9902,soccer.total_goals,period=ft,under,total=1.5,2.95
2026-09-28T00:01:00.588313+02:00,36500991,Segunda Division,Uruguay,Huracan Del Paso de la Arena,Miramar Misiones,2026-09-27T23:00:00+00:00,58.9902,soccer.total_goals,period=ft,over,total=1.75,1.43
2026-09-28T00:01:00.588313+02:00,36500991,Segunda Division,Uruguay,Huracan Del Paso de la Arena,Miramar Misiones,2026-09-27T23:00:00+00:00,58.9902,soccer.total_goals,period=ft,under,total=1.75,2.6
2026-09-28T00:01:00.588313+02:00,36500991,Segunda Division,Uruguay,Huracan Del Paso de la Arena,Miramar Misiones,2026-09-27T23:00:00+00:00,58.9902,soccer.total_goals,period=ft,over,total=2,1.59
2026-09-28T00:01:00.588313+02:00,36500991,Segunda Division,Uruguay,Huracan Del Paso de la Arena,Miramar Misiones,2026-09-27T23:00:00+00:00,58.9902,soccer.total_goals,period=ft,under,total=2,2.25
2026-09-28T00:01:00.588313+02:00,36500991,Segunda Division,Uruguay,Huracan Del Paso de la Arena,Miramar Misiones,2026-09-27T23:00:00+00:00,58.9902,soccer.total_goals,period=ft,over,total=2.5,2.14
2026-09-28T00:01:00.588313+02:00,36500991,Segunda Division,Uruguay,Huracan Del Paso de la Arena,Miramar Misiones,2026-09-27T23:00:00+00:00,58.9902,soccer.total_goals,period=ft,under,total=2.5,1.66
2026-09-28T00:01:00.588313+02:00,36500991,Segunda Division,Uruguay,Huracan Del Paso de la Arena,Miramar Misiones,2026-09-27T23:00:00+00:00,58.9902,soccer.total_goals,period=ft,over,total=2.75,2.45
2026-09-28T00:01:00.588313+02:00,36500991,Segunda Division,Uruguay,Huracan Del Paso de la Arena,Miramar Misiones,2026-09-27T23:00:00+00:00,58.9902,soccer.total_goals,period=ft,under,total=2.75,1.48
2026-09-28T00:01:00.588313+02:00,36500991,Segunda Division,Uruguay,Huracan Del Paso de la Arena,Miramar Misiones,2026-09-27T23:00:00+00:00,58.9902,soccer.total_goals,period=ft,over,total=3,3.1
2026-09-28T00:01:00.588313+02:00,36500991,Segunda Division,Uruguay,Huracan Del Paso de la Arena,Miramar Misiones,2026-09-27T23:00:00+00:00,58.9902,soccer.total_goals,period=ft,under,total=3,1.31
2026-09-28T00:01:00.588313+02:00,36521606,"Liga Panamena de Futbol, Apertura",Panama,Veraguas United FC,AF Sporting San Miguelito,2026-09-27T23:15:00+00:00,73.9902,soccer.asian_handicap,period=ft,home,handicap=0,1.86
2026-09-28T00:01:00.588313+02:00,36521606,"Liga Panamena de Futbol, Apertura",Panama,Veraguas United FC,AF Sporting San Miguelito,2026-09-27T23:15:00+00:00,73.9902,soccer.asian_handicap,period=ft,away,handicap=0,1.91
2026-09-28T00:01:00.588313+02:00,36521606,"Liga Panamena de Futbol, Apertura",Panama,Veraguas United FC,AF Sporting San Miguelito,2026-09-27T23:15:00+00:00,73.9902,soccer.asian_handicap,period=ft,home,handicap=-0.75,3.05
2026-09-28T00:01:00.588313+02:00,36521606,"Liga Panamena de Futbol, Apertura",Panama,Veraguas United FC,AF Sporting San Miguelito,2026-09-27T23:15:00+00:00,73.9902,soccer.asian_handicap,period=ft,away,handicap=-0.75,1.32
2026-09-28T00:01:00.588313+02:00,36521606,"Liga Panamena de Futbol, Apertura",Panama,Veraguas United FC,AF Sporting San Miguelito,2026-09-27T23:15:00+00:00,73.9902,soccer.asian_handicap,period=ft,home,handicap=-0.5,2.5
2026-09-28T00:01:00.588313+02:00,36521606,"Liga Panamena de Futbol, Apertura",Panama,Veraguas United FC,AF Sporting San Miguelito,2026-09-27T23:15:00+00:00,73.9902,soccer.asian_handicap,period=ft,away,handicap=-0.5,1.46
2026-09-28T00:01:00.588313+02:00,36521606,"Liga Panamena de Futbol, Apertura",Panama,Veraguas United FC,AF Sporting San Miguelito,2026-09-27T23:15:00+00:00,73.9902,soccer.asian_handicap,period=ft,home,handicap=-0.25,2.2
2026-09-28T00:01:00.588313+02:00,36521606,"Liga Panamena de Futbol, Apertura",Panama,Veraguas United FC,AF Sporting San Miguelito,2026-09-27T23:15:00+00:00,73.9902,soccer.asian_handicap,period=ft,away,handicap=-0.25,1.62
2026-09-28T00:01:00.588313+02:00,36521606,"Liga Panamena de Futbol, Apertura",Panama,Veraguas United FC,AF Sporting San Miguelito,2026-09-27T23:15:00+00:00,73.9902,soccer.asian_handicap,period=ft,home,handicap=0.25,1.6
2026-09-28T00:01:00.588313+02:00,36521606,"Liga Panamena de Futbol, Apertura",Panama,Veraguas United FC,AF Sporting San Miguelito,2026-09-27T23:15:00+00:00,73.9902,soccer.asian_handicap,period=ft,away,handicap=0.25,2.25
2026-09-28T00:01:00.588313+02:00,36521606,"Liga Panamena de Futbol, Apertura",Panama,Veraguas United FC,AF Sporting San Miguelito,2026-09-27T23:15:00+00:00,73.9902,soccer.asian_handicap,period=ft,home,handicap=0.5,1.44
2026-09-28T00:01:00.588313+02:00,36521606,"Liga Panamena de Futbol, Apertura",Panama,Veraguas United FC,AF Sporting San Miguelito,2026-09-27T23:15:00+00:00,73.9902,soccer.asian_handicap,period=ft,away,handicap=0.5,2.55
2026-09-28T00:01:00.588313+02:00,36521606,"Liga Panamena de Futbol, Apertura",Panama,Veraguas United FC,AF Sporting San Miguelito,2026-09-27T23:15:00+00:00,73.9902,soccer.asian_handicap,period=ft,home,handicap=0.75,1.31
2026-09-28T00:01:00.588313+02:00,36521606,"Liga Panamena de Futbol, Apertura",Panama,Veraguas United FC,AF Sporting San Miguelito,2026-09-27T23:15:00+00:00,73.9902,soccer.asian_handicap,period=ft,away,handicap=0.75,3.15
2026-09-28T00:01:00.588313+02:00,36521606,"Liga Panamena de Futbol, Apertura",Panama,Veraguas United FC,AF Sporting San Miguelito,2026-09-27T23:15:00+00:00,73.9902,soccer.double_chance,period=ft,draw_away,,1.47
2026-09-28T00:01:00.588313+02:00,36521606,"Liga Panamena de Futbol, Apertura",Panama,Veraguas United FC,AF Sporting San Miguelito,2026-09-27T23:15:00+00:00,73.9902,soccer.double_chance,period=ft,home_away,,1.33
2026-09-28T00:01:00.588313+02:00,36521606,"Liga Panamena de Futbol, Apertura",Panama,Veraguas United FC,AF Sporting San Miguelito,2026-09-27T23:15:00+00:00,73.9902,soccer.double_chance,period=ft,home_draw,,1.45
2026-09-28T00:01:00.588313+02:00,36521606,"Liga Panamena de Futbol, Apertura",Panama,Veraguas United FC,AF Sporting San Miguelito,2026-09-27T23:15:00+00:00,73.9902,soccer.match_odds,period=ft,home,,2.55
2026-09-28T00:01:00.588313+02:00,36521606,"Liga Panamena de Futbol, Apertura",Panama,Veraguas United FC,AF Sporting San Miguelito,2026-09-27T23:15:00+00:00,73.9902,soccer.match_odds,period=ft,draw,,3.1
2026-09-28T00:01:00.588313+02:00,36521606,"Liga Panamena de Futbol, Apertura",Panama,Veraguas United FC,AF Sporting San Miguelito,2026-09-27T23:15:00+00:00,73.9902,soccer.match_odds,period=ft,away,,2.6
2026-09-28T00:01:00.588313+02:00,36521606,"Liga Panamena de Futbol, Apertura",Panama,Veraguas United FC,AF Sporting San Miguelito,2026-09-27T23:15:00+00:00,73.9902,soccer.total_goals,period=ft,over,total=2.5,1.98
2026-09-28T00:01:00.588313+02:00,36521606,"Liga Panamena de Futbol, Apertura",Panama,Veraguas United FC,AF Sporting San Miguelito,2026-09-27T23:15:00+00:00,73.9902,soccer.total_goals,period=ft,under,total=2.5,1.8
2026-09-28T00:01:00.588313+02:00,36521606,"Liga Panamena de Futbol, Apertura",Panama,Veraguas United FC,AF Sporting San Miguelito,2026-09-27T23:15:00+00:00,73.9902,soccer.total_goals,period=ft,over,total=1.75,1.34
2026-09-28T00:01:00.588313+02:00,36521606,"Liga Panamena de Futbol, Apertura",Panama,Veraguas United FC,AF Sporting San Miguelito,2026-09-27T23:15:00+00:00,73.9902,soccer.total_goals,period=ft,under,total=1.75,2.95
2026-09-28T00:01:00.588313+02:00,36521606,"Liga Panamena de Futbol, Apertura",Panama,Veraguas United FC,AF Sporting San Miguelito,2026-09-27T23:15:00+00:00,73.9902,soccer.total_goals,period=ft,over,total=2,1.45
2026-09-28T00:01:00.588313+02:00,36521606,"Liga Panamena de Futbol, Apertura",Panama,Veraguas United FC,AF Sporting San Miguelito,2026-09-27T23:15:00+00:00,73.9902,soccer.total_goals,period=ft,under,total=2,2.55
2026-09-28T00:01:00.588313+02:00,36521606,"Liga Panamena de Futbol, Apertura",Panama,Veraguas United FC,AF Sporting San Miguelito,2026-09-27T23:15:00+00:00,73.9902,soccer.total_goals,period=ft,over,total=2.25,1.71
2026-09-28T00:01:00.588313+02:00,36521606,"Liga Panamena de Futbol, Apertura",Panama,Veraguas United FC,AF Sporting San Miguelito,2026-09-27T23:15:00+00:00,73.9902,soccer.total_goals,period=ft,under,total=2.25,2.06
2026-09-28T00:01:00.588313+02:00,36521606,"Liga Panamena de Futbol, Apertura",Panama,Veraguas United FC,AF Sporting San Miguelito,2026-09-27T23:15:00+00:00,73.9902,soccer.total_goals,period=ft,over,total=2.75,2.2
2026-09-28T00:01:00.588313+02:00,36521606,"Liga Panamena de Futbol, Apertura",Panama,Veraguas United FC,AF Sporting San Miguelito,2026-09-27T23:15:00+00:00,73.9902,soccer.total_goals,period=ft,under,total=2.75,1.61
2026-09-28T00:01:00.588313+02:00,36521606,"Liga Panamena de Futbol, Apertura",Panama,Veraguas United FC,AF Sporting San Miguelito,2026-09-27T23:15:00+00:00,73.9902,soccer.total_goals,period=ft,over,total=3,2.65
2026-09-28T00:01:00.588313+02:00,36521606,"Liga Panamena de Futbol, Apertura",Panama,Veraguas United FC,AF Sporting San Miguelito,2026-09-27T23:15:00+00:00,73.9902,soccer.total_goals,period=ft,under,total=3,1.41
2026-09-28T00:01:00.588313+02:00,36521606,"Liga Panamena de Futbol, Apertura",Panama,Veraguas United FC,AF Sporting San Miguelito,2026-09-27T23:15:00+00:00,73.9902,soccer.total_goals,period=ft,over,total=3.25,3.0
2026-09-28T00:01:00.588313+02:00,36521606,"Liga Panamena de Futbol, Apertura",Panama,Veraguas United FC,AF Sporting San Miguelito,2026-09-27T23:15:00+00:00,73.9902,soccer.total_goals,period=ft,under,total=3.25,1.34
2026-09-28T00:02:25.402836+02:00,36500991,Segunda Division,Uruguay,Huracan Del Paso de la Arena,Miramar Misiones,2026-09-27T23:00:00+00:00,57.5766,soccer.asian_handicap,period=ft,home,handicap=-0.25,1.87
2026-09-28T00:02:25.402836+02:00,36500991,Segunda Division,Uruguay,Huracan Del Paso de la Arena,Miramar Misiones,2026-09-27T23:00:00+00:00,57.5766,soccer.asian_handicap,period=ft,away,handicap=-0.25,1.9
2026-09-28T00:02:25.402836+02:00,36500991,Segunda Division,Uruguay,Huracan Del Paso de la Arena,Miramar Misiones,2026-09-27T23:00:00+00:00,57.5766,soccer.asian_handicap,period=ft,home,handicap=-1,3.3
2026-09-28T00:02:25.402836+02:00,36500991,Segunda Division,Uruguay,Huracan Del Paso de la Arena,Miramar Misiones,2026-09-27T23:00:00+00:00,57.5766,soccer.asian_handicap,period=ft,away,handicap=-1,1.28
2026-09-28T00:02:25.402836+02:00,36500991,Segunda Division,Uruguay,Huracan Del Paso de la Arena,Miramar Misiones,2026-09-27T23:00:00+00:00,57.5766,soccer.asian_handicap,period=ft,home,handicap=-0.75,2.5
2026-09-28T00:02:25.402836+02:00,36500991,Segunda Division,Uruguay,Huracan Del Paso de la Arena,Miramar Misiones,2026-09-27T23:00:00+00:00,57.5766,soccer.asian_handicap,period=ft,away,handicap=-0.75,1.47
2026-09-28T00:02:25.402836+02:00,36500991,Segunda Division,Uruguay,Huracan Del Paso de la Arena,Miramar Misiones,2026-09-27T23:00:00+00:00,57.5766,soccer.asian_handicap,period=ft,home,handicap=-0.5,2.14
2026-09-28T00:02:25.402836+02:00,36500991,Segunda Division,Uruguay,Huracan Del Paso de la Arena,Miramar Misiones,2026-09-27T23:00:00+00:00,57.5766,soccer.asian_handicap,period=ft,away,handicap=-0.5,1.66
2026-09-28T00:02:25.402836+02:00,36500991,Segunda Division,Uruguay,Huracan Del Paso de la Arena,Miramar Misiones,2026-09-27T23:00:00+00:00,57.5766,soccer.asian_handicap,period=ft,home,handicap=0,1.56
2026-09-28T00:02:25.402836+02:00,36500991,Segunda Division,Uruguay,Huracan Del Paso de la Arena,Miramar Misiones,2026-09-27T23:00:00+00:00,57.5766,soccer.asian_handicap,period=ft,away,handicap=0,2.3
2026-09-28T00:02:25.402836+02:00,36500991,Segunda Division,Uruguay,Huracan Del Paso de la Arena,Miramar Misiones,2026-09-27T23:00:00+00:00,57.5766,soccer.asian_handicap,period=ft,home,handicap=0.25,1.4
2026-09-28T00:02:25.402836+02:00,36500991,Segunda Division,Uruguay,Huracan Del Paso de la Arena,Miramar Misiones,2026-09-27T23:00:00+00:00,57.5766,soccer.asian_handicap,period=ft,away,handicap=0.25,2.7
2026-09-28T00:02:25.402836+02:00,36500991,Segunda Division,Uruguay,Huracan Del Paso de la Arena,Miramar Misiones,2026-09-27T23:00:00+00:00,57.5766,soccer.asian_handicap,period=ft,home,handicap=0.5,1.32
2026-09-28T00:02:25.402836+02:00,36500991,Segunda Division,Uruguay,Huracan Del Paso de la Arena,Miramar Misiones,2026-09-27T23:00:00+00:00,57.5766,soccer.asian_handicap,period=ft,away,handicap=0.5,3.1
2026-09-28T00:02:25.402836+02:00,36500991,Segunda Division,Uruguay,Huracan Del Paso de la Arena,Miramar Misiones,2026-09-27T23:00:00+00:00,57.5766,soccer.double_chance,period=ft,draw_away,,1.65
2026-09-28T00:02:25.402836+02:00,36500991,Segunda Division,Uruguay,Huracan Del Paso de la Arena,Miramar Misiones,2026-09-27T23:00:00+00:00,57.5766,soccer.double_chance,period=ft,home_away,,1.32
2026-09-28T00:02:25.402836+02:00,36500991,Segunda Division,Uruguay,Huracan Del Paso de la Arena,Miramar Misiones,2026-09-27T23:00:00+00:00,57.5766,soccer.double_chance,period=ft,home_draw,,1.32
2026-09-28T00:02:25.402836+02:00,36500991,Segunda Division,Uruguay,Huracan Del Paso de la Arena,Miramar Misiones,2026-09-27T23:00:00+00:00,57.5766,soccer.match_odds,period=ft,home,,2.15
2026-09-28T00:02:25.402836+02:00,36500991,Segunda Division,Uruguay,Huracan Del Paso de la Arena,Miramar Misiones,2026-09-27T23:00:00+00:00,57.5766,soccer.match_odds,period=ft,draw,,3.15
2026-09-28T00:02:25.402836+02:00,36500991,Segunda Division,Uruguay,Huracan Del Paso de la Arena,Miramar Misiones,2026-09-27T23:00:00+00:00,57.5766,soccer.match_odds,period=ft,away,,3.15
2026-09-28T00:02:25.402836+02:00,36500991,Segunda Division,Uruguay,Huracan Del Paso de la Arena,Miramar Misiones,2026-09-27T23:00:00+00:00,57.5766,soccer.total_goals,period=ft,over,total=2.25,1.89
2026-09-28T00:02:25.402836+02:00,36500991,Segunda Division,Uruguay,Huracan Del Paso de la Arena,Miramar Misiones,2026-09-27T23:00:00+00:00,57.5766,soccer.total_goals,period=ft,under,total=2.25,1.89
2026-09-28T00:02:25.402836+02:00,36500991,Segunda Division,Uruguay,Huracan Del Paso de la Arena,Miramar Misiones,2026-09-27T23:00:00+00:00,57.5766,soccer.total_goals,period=ft,over,total=1.5,1.34
2026-09-28T00:02:25.402836+02:00,36500991,Segunda Division,Uruguay,Huracan Del Paso de la Arena,Miramar Misiones,2026-09-27T23:00:00+00:00,57.5766,soccer.total_goals,period=ft,under,total=1.5,2.95
2026-09-28T00:02:25.402836+02:00,36500991,Segunda Division,Uruguay,Huracan Del Paso de la Arena,Miramar Misiones,2026-09-27T23:00:00+00:00,57.5766,soccer.total_goals,period=ft,over,total=1.75,1.43
2026-09-28T00:02:25.402836+02:00,36500991,Segunda Division,Uruguay,Huracan Del Paso de la Arena,Miramar Misiones,2026-09-27T23:00:00+00:00,57.5766,soccer.total_goals,period=ft,under,total=1.75,2.6
2026-09-28T00:02:25.402836+02:00,36500991,Segunda Division,Uruguay,Huracan Del Paso de la Arena,Miramar Misiones,2026-09-27T23:00:00+00:00,57.5766,soccer.total_goals,period=ft,over,total=2,1.59
2026-09-28T00:02:25.402836+02:00,36500991,Segunda Division,Uruguay,Huracan Del Paso de la Arena,Miramar Misiones,2026-09-27T23:00:00+00:00,57.5766,soccer.total_goals,period=ft,under,total=2,2.25
2026-09-28T00:02:25.402836+02:00,36500991,Segunda Division,Uruguay,Huracan Del Paso de la Arena,Miramar Misiones,2026-09-27T23:00:00+00:00,57.5766,soccer.total_goals,period=ft,over,total=2.5,2.14
2026-09-28T00:02:25.402836+02:00,36500991,Segunda Division,Uruguay,Huracan Del Paso de la Arena,Miramar Misiones,2026-09-27T23:00:00+00:00,57.5766,soccer.total_goals,period=ft,under,total=2.5,1.66
2026-09-28T00:02:25.402836+02:00,36500991,Segunda Division,Uruguay,Huracan Del Paso de la Arena,Miramar Misiones,2026-09-27T23:00:00+00:00,57.5766,soccer.total_goals,period=ft,over,total=2.75,2.45
2026-09-28T00:02:25.402836+02:00,36500991,Segunda Division,Uruguay,Huracan Del Paso de la Arena,Miramar Misiones,2026-09-27T23:00:00+00:00,57.5766,soccer.total_goals,period=ft,under,total=2.75,1.48
2026-09-28T00:02:25.402836+02:00,36500991,Segunda Division,Uruguay,Huracan Del Paso de la Arena,Miramar Misiones,2026-09-27T23:00:00+00:00,57.5766,soccer.total_goals,period=ft,over,total=3,3.1
2026-09-28T00:02:25.402836+02:00,36500991,Segunda Division,Uruguay,Huracan Del Paso de la Arena,Miramar Misiones,2026-09-27T23:00:00+00:00,57.5766,soccer.total_goals,period=ft,under,total=3,1.31
2026-09-28T00:02:25.402836+02:00,36529311,Copa Division Profesional,Bolivia,CD Real Tomayapo,Cdt Real Oruro,2026-09-27T23:30:00+00:00,87.5766,soccer.asian_handicap,period=ft,home,handicap=-0.5,1.92
2026-09-28T00:02:25.402836+02:00,36529311,Copa Division Profesional,Bolivia,CD Real Tomayapo,Cdt Real Oruro,2026-09-27T23:30:00+00:00,87.5766,soccer.asian_handicap,period=ft,away,handicap=-0.5,1.78
2026-09-28T00:02:25.402836+02:00,36529311,Copa Division Profesional,Bolivia,CD Real Tomayapo,Cdt Real Oruro,2026-09-27T23:30:00+00:00,87.5766,soccer.asian_handicap,period=ft,home,handicap=-1.25,2.8
2026-09-28T00:02:25.402836+02:00,36529311,Copa Division Profesional,Bolivia,CD Real Tomayapo,Cdt Real Oruro,2026-09-27T23:30:00+00:00,87.5766,soccer.asian_handicap,period=ft,away,handicap=-1.25,1.34
2026-09-28T00:02:25.402836+02:00,36529311,Copa Division Profesional,Bolivia,CD Real Tomayapo,Cdt Real Oruro,2026-09-27T23:30:00+00:00,87.5766,soccer.asian_handicap,period=ft,home,handicap=-1,2.5
2026-09-28T00:02:25.402836+02:00,36529311,Copa Division Profesional,Bolivia,CD Real Tomayapo,Cdt Real Oruro,2026-09-27T23:30:00+00:00,87.5766,soccer.asian_handicap,period=ft,away,handicap=-1,1.42
2026-09-28T00:02:25.402836+02:00,36529311,Copa Division Profesional,Bolivia,CD Real Tomayapo,Cdt Real Oruro,2026-09-27T23:30:00+00:00,87.5766,soccer.asian_handicap,period=ft,home,handicap=-0.75,2.14
2026-09-28T00:02:25.402836+02:00,36529311,Copa Division Profesional,Bolivia,CD Real Tomayapo,Cdt Real Oruro,2026-09-27T23:30:00+00:00,87.5766,soccer.asian_handicap,period=ft,away,handicap=-0.75,1.6
2026-09-28T00:02:25.402836+02:00,36529311,Copa Division Profesional,Bolivia,CD Real Tomayapo,Cdt Real Oruro,2026-09-27T23:30:00+00:00,87.5766,soccer.asian_handicap,period=ft,home,handicap=-0.25,1.69
2026-09-28T00:02:25.402836+02:00,36529311,Copa Division Profesional,Bolivia,CD Real Tomayapo,Cdt Real Oruro,2026-09-27T23:30:00+00:00,87.5766,soccer.asian_handicap,period=ft,away,handicap=-0.25,2.0
2026-09-28T00:02:25.402836+02:00,36529311,Copa Division Profesional,Bolivia,CD Real Tomayapo,Cdt Real Oruro,2026-09-27T23:30:00+00:00,87.5766,soccer.asian_handicap,period=ft,home,handicap=0,1.47
2026-09-28T00:02:25.402836+02:00,36529311,Copa Division Profesional,Bolivia,CD Real Tomayapo,Cdt Real Oruro,2026-09-27T23:30:00+00:00,87.5766,soccer.asian_handicap,period=ft,away,handicap=0,2.35
2026-09-28T00:02:25.402836+02:00,36529311,Copa Division Profesional,Bolivia,CD Real Tomayapo,Cdt Real Oruro,2026-09-27T23:30:00+00:00,87.5766,soccer.asian_handicap,period=ft,home,handicap=0.25,1.37
2026-09-28T00:02:25.402836+02:00,36529311,Copa Division Profesional,Bolivia,CD Real Tomayapo,Cdt Real Oruro,2026-09-27T23:30:00+00:00,87.5766,soccer.asian_handicap,period=ft,away,handicap=0.25,2.65
2026-09-28T00:02:25.402836+02:00,36529311,Copa Division Profesional,Bolivia,CD Real Tomayapo,Cdt Real Oruro,2026-09-27T23:30:00+00:00,87.5766,soccer.match_odds,period=ft,home,,1.91
2026-09-28T00:02:25.402836+02:00,36529311,Copa Division Profesional,Bolivia,CD Real Tomayapo,Cdt Real Oruro,2026-09-27T23:30:00+00:00,87.5766,soccer.match_odds,period=ft,draw,,3.6
2026-09-28T00:02:25.402836+02:00,36529311,Copa Division Profesional,Bolivia,CD Real Tomayapo,Cdt Real Oruro,2026-09-27T23:30:00+00:00,87.5766,soccer.match_odds,period=ft,away,,3.05
2026-09-28T00:02:25.402836+02:00,36529311,Copa Division Profesional,Bolivia,CD Real Tomayapo,Cdt Real Oruro,2026-09-27T23:30:00+00:00,87.5766,soccer.total_goals,period=ft,over,total=3.5,1.89
2026-09-28T00:02:25.402836+02:00,36529311,Copa Division Profesional,Bolivia,CD Real Tomayapo,Cdt Real Oruro,2026-09-27T23:30:00+00:00,87.5766,soccer.total_goals,period=ft,under,total=3.5,1.8
2026-09-28T00:02:25.402836+02:00,36529311,Copa Division Profesional,Bolivia,CD Real Tomayapo,Cdt Real Oruro,2026-09-27T23:30:00+00:00,87.5766,soccer.total_goals,period=ft,over,total=2.75,1.4
2026-09-28T00:02:25.402836+02:00,36529311,Copa Division Profesional,Bolivia,CD Real Tomayapo,Cdt Real Oruro,2026-09-27T23:30:00+00:00,87.5766,soccer.total_goals,period=ft,under,total=2.75,2.55
2026-09-28T00:02:25.402836+02:00,36529311,Copa Division Profesional,Bolivia,CD Real Tomayapo,Cdt Real Oruro,2026-09-27T23:30:00+00:00,87.5766,soccer.total_goals,period=ft,over,total=3,1.5
2026-09-28T00:02:25.402836+02:00,36529311,Copa Division Profesional,Bolivia,CD Real Tomayapo,Cdt Real Oruro,2026-09-27T23:30:00+00:00,87.5766,soccer.total_goals,period=ft,under,total=3,2.3
2026-09-28T00:02:25.402836+02:00,36529311,Copa Division Profesional,Bolivia,CD Real Tomayapo,Cdt Real Oruro,2026-09-27T23:30:00+00:00,87.5766,soccer.total_goals,period=ft,over,total=3.25,1.7
2026-09-28T00:02:25.402836+02:00,36529311,Copa Division Profesional,Bolivia,CD Real Tomayapo,Cdt Real Oruro,2026-09-27T23:30:00+00:00,87.5766,soccer.total_goals,period=ft,under,total=3.25,2.0
2026-09-28T00:02:25.402836+02:00,36529311,Copa Division Profesional,Bolivia,CD Real Tomayapo,Cdt Real Oruro,2026-09-27T23:30:00+00:00,87.5766,soccer.total_goals,period=ft,over,total=3.75,2.1
2026-09-28T00:02:25.402836+02:00,36529311,Copa Division Profesional,Bolivia,CD Real Tomayapo,Cdt Real Oruro,2026-09-27T23:30:00+00:00,87.5766,soccer.total_goals,period=ft,under,total=3.75,1.62
2026-09-28T00:02:25.402836+02:00,36529311,Copa Division Profesional,Bolivia,CD Real Tomayapo,Cdt Real Oruro,2026-09-27T23:30:00+00:00,87.5766,soccer.total_goals,period=ft,over,total=4,2.45
2026-09-28T00:02:25.402836+02:00,36529311,Copa Division Profesional,Bolivia,CD Real Tomayapo,Cdt Real Oruro,2026-09-27T23:30:00+00:00,87.5766,soccer.total_goals,period=ft,under,total=4,1.44
2026-09-28T00:02:25.402836+02:00,36529311,Copa Division Profesional,Bolivia,CD Real Tomayapo,Cdt Real Oruro,2026-09-27T23:30:00+00:00,87.5766,soccer.total_goals,period=ft,over,total=4.25,2.7
2026-09-28T00:02:25.402836+02:00,36529311,Copa Division Profesional,Bolivia,CD Real Tomayapo,Cdt Real Oruro,2026-09-27T23:30:00+00:00,87.5766,soccer.total_goals,period=ft,under,total=4.25,1.36
2026-09-28T00:02:25.402836+02:00,36519400,Torneo Federal A,Argentina,CSB Atenas,Sportivo General San Martin,2026-09-27T22:30:00+00:00,27.5766,soccer.asian_handicap,period=ft,home,handicap=0.75,0.0
2026-09-28T00:02:25.402836+02:00,36519400,Torneo Federal A,Argentina,CSB Atenas,Sportivo General San Martin,2026-09-27T22:30:00+00:00,27.5766,soccer.asian_handicap,period=ft,away,handicap=0.75,0.0
2026-09-28T00:02:25.402836+02:00,36519400,Torneo Federal A,Argentina,CSB Atenas,Sportivo General San Martin,2026-09-27T22:30:00+00:00,27.5766,soccer.asian_handicap,period=ft,home,handicap=-1,4.05
2026-09-28T00:02:25.402836+02:00,36519400,Torneo Federal A,Argentina,CSB Atenas,Sportivo General San Martin,2026-09-27T22:30:00+00:00,27.5766,soccer.asian_handicap,period=ft,away,handicap=-1,1.17
2026-09-28T00:02:25.402836+02:00,36519400,Torneo Federal A,Argentina,CSB Atenas,Sportivo General San Martin,2026-09-27T22:30:00+00:00,27.5766,soccer.asian_handicap,period=ft,home,handicap=-0.75,2.9
2026-09-28T00:02:25.402836+02:00,36519400,Torneo Federal A,Argentina,CSB Atenas,Sportivo General San Martin,2026-09-27T22:30:00+00:00,27.5766,soccer.asian_handicap,period=ft,away,handicap=-0.75,1.32
2026-09-28T00:02:25.402836+02:00,36519400,Torneo Federal A,Argentina,CSB Atenas,Sportivo General San Martin,2026-09-27T22:30:00+00:00,27.5766,soccer.asian_handicap,period=ft,home,handicap=-0.5,2.4
2026-09-28T00:02:25.402836+02:00,36519400,Torneo Federal A,Argentina,CSB Atenas,Sportivo General San Martin,2026-09-27T22:30:00+00:00,27.5766,soccer.asian_handicap,period=ft,away,handicap=-0.5,1.48
2026-09-28T00:02:25.402836+02:00,36519400,Torneo Federal A,Argentina,CSB Atenas,Sportivo General San Martin,2026-09-27T22:30:00+00:00,27.5766,soccer.asian_handicap,period=ft,home,handicap=-0.25,2.05
2026-09-28T00:02:25.402836+02:00,36519400,Torneo Federal A,Argentina,CSB Atenas,Sportivo General San Martin,2026-09-27T22:30:00+00:00,27.5766,soccer.asian_handicap,period=ft,away,handicap=-0.25,1.68
2026-09-28T00:02:25.402836+02:00,36519400,Torneo Federal A,Argentina,CSB Atenas,Sportivo General San Martin,2026-09-27T22:30:00+00:00,27.5766,soccer.asian_handicap,period=ft,home,handicap=0,1.65
2026-09-28T00:02:25.402836+02:00,36519400,Torneo Federal A,Argentina,CSB Atenas,Sportivo General San Martin,2026-09-27T22:30:00+00:00,27.5766,soccer.asian_handicap,period=ft,away,handicap=0,2.05
2026-09-28T00:02:25.402836+02:00,36519400,Torneo Federal A,Argentina,CSB Atenas,Sportivo General San Martin,2026-09-27T22:30:00+00:00,27.5766,soccer.asian_handicap,period=ft,home,handicap=0.25,1.43
2026-09-28T00:02:25.402836+02:00,36519400,Torneo Federal A,Argentina,CSB Atenas,Sportivo General San Martin,2026-09-27T22:30:00+00:00,27.5766,soccer.asian_handicap,period=ft,away,handicap=0.25,2.45
2026-09-28T00:02:25.402836+02:00,36519400,Torneo Federal A,Argentina,CSB Atenas,Sportivo General San Martin,2026-09-27T22:30:00+00:00,27.5766,soccer.asian_handicap,period=ft,home,handicap=0.5,1.32
2026-09-28T00:02:25.402836+02:00,36519400,Torneo Federal A,Argentina,CSB Atenas,Sportivo General San Martin,2026-09-27T22:30:00+00:00,27.5766,soccer.asian_handicap,period=ft,away,handicap=0.5,2.9
2026-09-28T00:02:25.402836+02:00,36519400,Torneo Federal A,Argentina,CSB Atenas,Sportivo General San Martin,2026-09-27T22:30:00+00:00,27.5766,soccer.double_chance,period=ft,draw_away,,1.51
2026-09-28T00:02:25.402836+02:00,36519400,Torneo Federal A,Argentina,CSB Atenas,Sportivo General San Martin,2026-09-27T22:30:00+00:00,27.5766,soccer.double_chance,period=ft,home_away,,1.43
2026-09-28T00:02:25.402836+02:00,36519400,Torneo Federal A,Argentina,CSB Atenas,Sportivo General San Martin,2026-09-27T22:30:00+00:00,27.5766,soccer.double_chance,period=ft,home_draw,,1.36
2026-09-28T00:02:25.402836+02:00,36519400,Torneo Federal A,Argentina,CSB Atenas,Sportivo General San Martin,2026-09-27T22:30:00+00:00,27.5766,soccer.match_odds,period=ft,home,,2.4
2026-09-28T00:02:25.402836+02:00,36519400,Torneo Federal A,Argentina,CSB Atenas,Sportivo General San Martin,2026-09-27T22:30:00+00:00,27.5766,soccer.match_odds,period=ft,draw,,2.65
2026-09-28T00:02:25.402836+02:00,36519400,Torneo Federal A,Argentina,CSB Atenas,Sportivo General San Martin,2026-09-27T22:30:00+00:00,27.5766,soccer.match_odds,period=ft,away,,2.95
2026-09-28T00:02:25.402836+02:00,36519400,Torneo Federal A,Argentina,CSB Atenas,Sportivo General San Martin,2026-09-27T22:30:00+00:00,27.5766,soccer.total_goals,period=ft,over,total=2,1.91
2026-09-28T00:02:25.402836+02:00,36519400,Torneo Federal A,Argentina,CSB Atenas,Sportivo General San Martin,2026-09-27T22:30:00+00:00,27.5766,soccer.total_goals,period=ft,under,total=2,1.79
2026-09-28T00:02:25.402836+02:00,36519400,Torneo Federal A,Argentina,CSB Atenas,Sportivo General San Martin,2026-09-27T22:30:00+00:00,27.5766,soccer.total_goals,period=ft,over,total=1.25,1.3
2026-09-28T00:02:25.402836+02:00,36519400,Torneo Federal A,Argentina,CSB Atenas,Sportivo General San Martin,2026-09-27T22:30:00+00:00,27.5766,soccer.total_goals,period=ft,under,total=1.25,3.0
2026-09-28T00:02:25.402836+02:00,36519400,Torneo Federal A,Argentina,CSB Atenas,Sportivo General San Martin,2026-09-27T22:30:00+00:00,27.5766,soccer.total_goals,period=ft,over,total=1.5,1.47
2026-09-28T00:02:25.402836+02:00,36519400,Torneo Federal A,Argentina,CSB Atenas,Sportivo General San Martin,2026-09-27T22:30:00+00:00,27.5766,soccer.total_goals,period=ft,under,total=1.5,2.35
2026-09-28T00:02:25.402836+02:00,36519400,Torneo Federal A,Argentina,CSB Atenas,Sportivo General San Martin,2026-09-27T22:30:00+00:00,27.5766,soccer.total_goals,period=ft,over,total=1.75,1.63
2026-09-28T00:02:25.402836+02:00,36519400,Torneo Federal A,Argentina,CSB Atenas,Sportivo General San Martin,2026-09-27T22:30:00+00:00,27.5766,soccer.total_goals,period=ft,under,total=1.75,2.09
2026-09-28T00:02:25.402836+02:00,36519400,Torneo Federal A,Argentina,CSB Atenas,Sportivo General San Martin,2026-09-27T22:30:00+00:00,27.5766,soccer.total_goals,period=ft,over,total=2.25,2.2
2026-09-28T00:02:25.402836+02:00,36519400,Torneo Federal A,Argentina,CSB Atenas,Sportivo General San Martin,2026-09-27T22:30:00+00:00,27.5766,soccer.total_goals,period=ft,under,total=2.25,1.55
2026-09-28T00:02:25.402836+02:00,36519400,Torneo Federal A,Argentina,CSB Atenas,Sportivo General San Martin,2026-09-27T22:30:00+00:00,27.5766,soccer.total_goals,period=ft,over,total=2.5,2.5
2026-09-28T00:02:25.402836+02:00,36519400,Torneo Federal A,Argentina,CSB Atenas,Sportivo General San Martin,2026-09-27T22:30:00+00:00,27.5766,soccer.total_goals,period=ft,under,total=2.5,1.42
2026-09-28T00:02:25.402836+02:00,36519400,Torneo Federal A,Argentina,CSB Atenas,Sportivo General San Martin,2026-09-27T22:30:00+00:00,27.5766,soccer.total_goals,period=ft,over,total=2.75,3.0
2026-09-28T00:02:25.402836+02:00,36519400,Torneo Federal A,Argentina,CSB Atenas,Sportivo General San Martin,2026-09-27T22:30:00+00:00,27.5766,soccer.total_goals,period=ft,under,total=2.75,1.29
2026-09-28T00:02:25.402836+02:00,36521606,"Liga Panamena de Futbol, Apertura",Panama,Veraguas United FC,AF Sporting San Miguelito,2026-09-27T23:15:00+00:00,72.5766,soccer.asian_handicap,period=ft,home,handicap=0,1.86
2026-09-28T00:02:25.402836+02:00,36521606,"Liga Panamena de Futbol, Apertura",Panama,Veraguas United FC,AF Sporting San Miguelito,2026-09-27T23:15:00+00:00,72.5766,soccer.asian_handicap,period=ft,away,handicap=0,1.91
2026-09-28T00:02:25.402836+02:00,36521606,"Liga Panamena de Futbol, Apertura",Panama,Veraguas United FC,AF Sporting San Miguelito,2026-09-27T23:15:00+00:00,72.5766,soccer.asian_handicap,period=ft,home,handicap=-0.75,3.05
2026-09-28T00:02:25.402836+02:00,36521606,"Liga Panamena de Futbol, Apertura",Panama,Veraguas United FC,AF Sporting San Miguelito,2026-09-27T23:15:00+00:00,72.5766,soccer.asian_handicap,period=ft,away,handicap=-0.75,1.32
2026-09-28T00:02:25.402836+02:00,36521606,"Liga Panamena de Futbol, Apertura",Panama,Veraguas United FC,AF Sporting San Miguelito,2026-09-27T23:15:00+00:00,72.5766,soccer.asian_handicap,period=ft,home,handicap=-0.5,2.5
2026-09-28T00:02:25.402836+02:00,36521606,"Liga Panamena de Futbol, Apertura",Panama,Veraguas United FC,AF Sporting San Miguelito,2026-09-27T23:15:00+00:00,72.5766,soccer.asian_handicap,period=ft,away,handicap=-0.5,1.46
2026-09-28T00:02:25.402836+02:00,36521606,"Liga Panamena de Futbol, Apertura",Panama,Veraguas United FC,AF Sporting San Miguelito,2026-09-27T23:15:00+00:00,72.5766,soccer.asian_handicap,period=ft,home,handicap=-0.25,2.2
2026-09-28T00:02:25.402836+02:00,36521606,"Liga Panamena de Futbol, Apertura",Panama,Veraguas United FC,AF Sporting San Miguelito,2026-09-27T23:15:00+00:00,72.5766,soccer.asian_handicap,period=ft,away,handicap=-0.25,1.62
2026-09-28T00:02:25.402836+02:00,36521606,"Liga Panamena de Futbol, Apertura",Panama,Veraguas United FC,AF Sporting San Miguelito,2026-09-27T23:15:00+00:00,72.5766,soccer.asian_handicap,period=ft,home,handicap=0.25,1.6
2026-09-28T00:02:25.402836+02:00,36521606,"Liga Panamena de Futbol, Apertura",Panama,Veraguas United FC,AF Sporting San Miguelito,2026-09-27T23:15:00+00:00,72.5766,soccer.asian_handicap,period=ft,away,handicap=0.25,2.25
2026-09-28T00:02:25.402836+02:00,36521606,"Liga Panamena de Futbol, Apertura",Panama,Veraguas United FC,AF Sporting San Miguelito,2026-09-27T23:15:00+00:00,72.5766,soccer.asian_handicap,period=ft,home,handicap=0.5,1.44
2026-09-28T00:02:25.402836+02:00,36521606,"Liga Panamena de Futbol, Apertura",Panama,Veraguas United FC,AF Sporting San Miguelito,2026-09-27T23:15:00+00:00,72.5766,soccer.asian_handicap,period=ft,away,handicap=0.5,2.55
2026-09-28T00:02:25.402836+02:00,36521606,"Liga Panamena de Futbol, Apertura",Panama,Veraguas United FC,AF Sporting San Miguelito,2026-09-27T23:15:00+00:00,72.5766,soccer.asian_handicap,period=ft,home,handicap=0.75,1.31
2026-09-28T00:02:25.402836+02:00,36521606,"Liga Panamena de Futbol, Apertura",Panama,Veraguas United FC,AF Sporting San Miguelito,2026-09-27T23:15:00+00:00,72.5766,soccer.asian_handicap,period=ft,away,handicap=0.75,3.15
2026-09-28T00:02:25.402836+02:00,36521606,"Liga Panamena de Futbol, Apertura",Panama,Veraguas United FC,AF Sporting San Miguelito,2026-09-27T23:15:00+00:00,72.5766,soccer.double_chance,period=ft,draw_away,,1.47
2026-09-28T00:02:25.402836+02:00,36521606,"Liga Panamena de Futbol, Apertura",Panama,Veraguas United FC,AF Sporting San Miguelito,2026-09-27T23:15:00+00:00,72.5766,soccer.double_chance,period=ft,home_away,,1.33
2026-09-28T00:02:25.402836+02:00,36521606,"Liga Panamena de Futbol, Apertura",Panama,Veraguas United FC,AF Sporting San Miguelito,2026-09-27T23:15:00+00:00,72.5766,soccer.double_chance,period=ft,home_draw,,1.45
2026-09-28T00:02:25.402836+02:00,36521606,"Liga Panamena de Futbol, Apertura",Panama,Veraguas United FC,AF Sporting San Miguelito,2026-09-27T23:15:00+00:00,72.5766,soccer.match_odds,period=ft,home,,2.55
2026-09-28T00:02:25.402836+02:00,36521606,"Liga Panamena de Futbol, Apertura",Panama,Veraguas United FC,AF Sporting San Miguelito,2026-09-27T23:15:00+00:00,72.5766,soccer.match_odds,period=ft,draw,,3.1
2026-09-28T00:02:25.402836+02:00,36521606,"Liga Panamena de Futbol, Apertura",Panama,Veraguas United FC,AF Sporting San Miguelito,2026-09-27T23:15:00+00:00,72.5766,soccer.match_odds,period=ft,away,,2.6
2026-09-28T00:02:25.402836+02:00,36521606,"Liga Panamena de Futbol, Apertura",Panama,Veraguas United FC,AF Sporting San Miguelito,2026-09-27T23:15:00+00:00,72.5766,soccer.total_goals,period=ft,over,total=2.5,1.98
2026-09-28T00:02:25.402836+02:00,36521606,"Liga Panamena de Futbol, Apertura",Panama,Veraguas United FC,AF Sporting San Miguelito,2026-09-27T23:15:00+00:00,72.5766,soccer.total_goals,period=ft,under,total=2.5,1.8
2026-09-28T00:02:25.402836+02:00,36521606,"Liga Panamena de Futbol, Apertura",Panama,Veraguas United FC,AF Sporting San Miguelito,2026-09-27T23:15:00+00:00,72.5766,soccer.total_goals,period=ft,over,total=1.75,1.34
2026-09-28T00:02:25.402836+02:00,36521606,"Liga Panamena de Futbol, Apertura",Panama,Veraguas United FC,AF Sporting San Miguelito,2026-09-27T23:15:00+00:00,72.5766,soccer.total_goals,period=ft,under,total=1.75,2.95
2026-09-28T00:02:25.402836+02:00,36521606,"Liga Panamena de Futbol, Apertura",Panama,Veraguas United FC,AF Sporting San Miguelito,2026-09-27T23:15:00+00:00,72.5766,soccer.total_goals,period=ft,over,total=2,1.45
2026-09-28T00:02:25.402836+02:00,36521606,"Liga Panamena de Futbol, Apertura",Panama,Veraguas United FC,AF Sporting San Miguelito,2026-09-27T23:15:00+00:00,72.5766,soccer.total_goals,period=ft,under,total=2,2.55
2026-09-28T00:02:25.402836+02:00,36521606,"Liga Panamena de Futbol, Apertura",Panama,Veraguas United FC,AF Sporting San Miguelito,2026-09-27T23:15:00+00:00,72.5766,soccer.total_goals,period=ft,over,total=2.25,1.71
2026-09-28T00:02:25.402836+02:00,36521606,"Liga Panamena de Futbol, Apertura",Panama,Veraguas United FC,AF Sporting San Miguelito,2026-09-27T23:15:00+00:00,72.5766,soccer.total_goals,period=ft,under,total=2.25,2.06
2026-09-28T00:02:25.402836+02:00,36521606,"Liga Panamena de Futbol, Apertura",Panama,Veraguas United FC,AF Sporting San Miguelito,2026-09-27T23:15:00+00:00,72.5766,soccer.total_goals,period=ft,over,total=2.75,2.2
2026-09-28T00:02:25.402836+02:00,36521606,"Liga Panamena de Futbol, Apertura",Panama,Veraguas United FC,AF Sporting San Miguelito,2026-09-27T23:15:00+00:00,72.5766,soccer.total_goals,period=ft,under,total=2.75,1.61
2026-09-28T00:02:25.402836+02:00,36521606,"Liga Panamena de Futbol, Apertura",Panama,Veraguas United FC,AF Sporting San Miguelito,2026-09-27T23:15:00+00:00,72.5766,soccer.total_goals,period=ft,over,total=3,2.65
2026-09-28T00:02:25.402836+02:00,36521606,"Liga Panamena de Futbol, Apertura",Panama,Veraguas United FC,AF Sporting San Miguelito,2026-09-27T23:15:00+00:00,72.5766,soccer.total_goals,period=ft,under,total=3,1.41
2026-09-28T00:02:25.402836+02:00,36521606,"Liga Panamena de Futbol, Apertura",Panama,Veraguas United FC,AF Sporting San Miguelito,2026-09-27T23:15:00+00:00,72.5766,soccer.total_goals,period=ft,over,total=3.25,3.0
2026-09-28T00:02:25.402836+02:00,36521606,"Liga Panamena de Futbol, Apertura",Panama,Veraguas United FC,AF Sporting San Miguelito,2026-09-27T23:15:00+00:00,72.5766,soccer.total_goals,period=ft,under,total=3.25,1.34
2026-09-28T00:02:25.402836+02:00,36430466,"Primera A, Clausura",Colombia,Fortaleza FC,CD Tolima,2026-09-27T23:05:00+00:00,62.5766,soccer.asian_handicap,period=ft,home,handicap=0.25,2.03
2026-09-28T00:02:25.402836+02:00,36430466,"Primera A, Clausura",Colombia,Fortaleza FC,CD Tolima,2026-09-27T23:05:00+00:00,62.5766,soccer.asian_handicap,period=ft,away,handicap=0.25,1.8
2026-09-28T00:02:25.402836+02:00,36430466,"Primera A, Clausura",Colombia,Fortaleza FC,CD Tolima,2026-09-27T23:05:00+00:00,62.5766,soccer.asian_handicap,period=ft,home,handicap=-0.75,4.85
2026-09-28T00:02:25.402836+02:00,36430466,"Primera A, Clausura",Colombia,Fortaleza FC,CD Tolima,2026-09-27T23:05:00+00:00,62.5766,soccer.asian_handicap,period=ft,away,handicap=-0.75,1.18
2026-09-28T00:02:25.402836+02:00,36430466,"Primera A, Clausura",Colombia,Fortaleza FC,CD Tolima,2026-09-27T23:05:00+00:00,62.5766,soccer.asian_handicap,period=ft,home,handicap=-0.5,3.65
2026-09-28T00:02:25.402836+02:00,36430466,"Primera A, Clausura",Colombia,Fortaleza FC,CD Tolima,2026-09-27T23:05:00+00:00,62.5766,soccer.asian_handicap,period=ft,away,handicap=-0.5,1.27
2026-09-28T00:02:25.402836+02:00,36430466,"Primera A, Clausura",Colombia,Fortaleza FC,CD Tolima,2026-09-27T23:05:00+00:00,62.5766,soccer.asian_handicap,period=ft,home,handicap=-0.25,3.15
2026-09-28T00:02:25.402836+02:00,36430466,"Primera A, Clausura",Colombia,Fortaleza FC,CD Tolima,2026-09-27T23:05:00+00:00,62.5766,soccer.asian_handicap,period=ft,away,handicap=-0.25,1.35
2026-09-28T00:02:25.402836+02:00,36430466,"Primera A, Clausura",Colombia,Fortaleza FC,CD Tolima,2026-09-27T23:05:00+00:00,62.5766,soccer.asian_handicap,period=ft,home,handicap=0,2.6
2026-09-28T00:02:25.402836+02:00,36430466,"Primera A, Clausura",Colombia,Fortaleza FC,CD Tolima,2026-09-27T23:05:00+00:00,62.5766,soccer.asian_handicap,period=ft,away,handicap=0,1.49
2026-09-28T00:02:25.402836+02:00,36430466,"Primera A, Clausura",Colombia,Fortaleza FC,CD Tolima,2026-09-27T23:05:00+00:00,62.5766,soccer.asian_handicap,period=ft,home,handicap=0.5,1.74
2026-09-28T00:02:25.402836+02:00,36430466,"Primera A, Clausura",Colombia,Fortaleza FC,CD Tolima,2026-09-27T23:05:00+00:00,62.5766,soccer.asian_handicap,period=ft,away,handicap=0.5,2.1
2026-09-28T00:02:25.402836+02:00,36430466,"Primera A, Clausura",Colombia,Fortaleza FC,CD Tolima,2026-09-27T23:05:00+00:00,62.5766,soccer.asian_handicap,period=ft,home,handicap=0.75,1.53
2026-09-28T00:02:25.402836+02:00,36430466,"Primera A, Clausura",Colombia,Fortaleza FC,CD Tolima,2026-09-27T23:05:00+00:00,62.5766,soccer.asian_handicap,period=ft,away,handicap=0.75,2.45
2026-09-28T00:02:25.402836+02:00,36430466,"Primera A, Clausura",Colombia,Fortaleza FC,CD Tolima,2026-09-27T23:05:00+00:00,62.5766,soccer.asian_handicap,period=ft,home,handicap=1,1.33
2026-09-28T00:02:25.402836+02:00,36430466,"Primera A, Clausura",Colombia,Fortaleza FC,CD Tolima,2026-09-27T23:05:00+00:00,62.5766,soccer.asian_handicap,period=ft,away,handicap=1,3.25
2026-09-28T00:02:25.402836+02:00,36430466,"Primera A, Clausura",Colombia,Fortaleza FC,CD Tolima,2026-09-27T23:05:00+00:00,62.5766,soccer.asian_handicap,period=ft,home,handicap=1.25,1.26
2026-09-28T00:02:25.402836+02:00,36430466,"Primera A, Clausura",Colombia,Fortaleza FC,CD Tolima,2026-09-27T23:05:00+00:00,62.5766,soccer.asian_handicap,period=ft,away,handicap=1.25,3.7
2026-09-28T00:02:25.402836+02:00,36430466,"Primera A, Clausura",Colombia,Fortaleza FC,CD Tolima,2026-09-27T23:05:00+00:00,62.5766,soccer.double_chance,period=ft,draw_away,,1.31
2026-09-28T00:02:25.402836+02:00,36430466,"Primera A, Clausura",Colombia,Fortaleza FC,CD Tolima,2026-09-27T23:05:00+00:00,62.5766,soccer.double_chance,period=ft,home_away,,1.35
2026-09-28T00:02:25.402836+02:00,36430466,"Primera A, Clausura",Colombia,Fortaleza FC,CD Tolima,2026-09-27T23:05:00+00:00,62.5766,soccer.double_chance,period=ft,home_draw,,1.69
2026-09-28T00:02:25.402836+02:00,36430466,"Primera A, Clausura",Colombia,Fortaleza FC,CD Tolima,2026-09-27T23:05:00+00:00,62.5766,soccer.match_odds,period=ft,home,,3.7
2026-09-28T00:02:25.402836+02:00,36430466,"Primera A, Clausura",Colombia,Fortaleza FC,CD Tolima,2026-09-27T23:05:00+00:00,62.5766,soccer.match_odds,period=ft,draw,,3.2
2026-09-28T00:02:25.402836+02:00,36430466,"Primera A, Clausura",Colombia,Fortaleza FC,CD Tolima,2026-09-27T23:05:00+00:00,62.5766,soccer.match_odds,period=ft,away,,2.1
2026-09-28T00:02:25.402836+02:00,36430466,"Primera A, Clausura",Colombia,Fortaleza FC,CD Tolima,2026-09-27T23:05:00+00:00,62.5766,soccer.total_goals,period=ft,over,total=2.25,1.9
2026-09-28T00:02:25.402836+02:00,36430466,"Primera A, Clausura",Colombia,Fortaleza FC,CD Tolima,2026-09-27T23:05:00+00:00,62.5766,soccer.total_goals,period=ft,under,total=2.25,1.9
2026-09-28T00:02:25.402836+02:00,36430466,"Primera A, Clausura",Colombia,Fortaleza FC,CD Tolima,2026-09-27T23:05:00+00:00,62.5766,soccer.total_goals,period=ft,over,total=1.5,1.36
2026-09-28T00:02:25.402836+02:00,36430466,"Primera A, Clausura",Colombia,Fortaleza FC,CD Tolima,2026-09-27T23:05:00+00:00,62.5766,soccer.total_goals,period=ft,under,total=1.5,3.0
2026-09-28T00:02:25.402836+02:00,36430466,"Primera A, Clausura",Colombia,Fortaleza FC,CD Tolima,2026-09-27T23:05:00+00:00,62.5766,soccer.total_goals,period=ft,over,total=1.75,1.46
2026-09-28T00:02:25.402836+02:00,36430466,"Primera A, Clausura",Colombia,Fortaleza FC,CD Tolima,2026-09-27T23:05:00+00:00,62.5766,soccer.total_goals,period=ft,under,total=1.75,2.65
2026-09-28T00:02:25.402836+02:00,36430466,"Primera A, Clausura",Colombia,Fortaleza FC,CD Tolima,2026-09-27T23:05:00+00:00,62.5766,soccer.total_goals,period=ft,over,total=2,1.62
2026-09-28T00:02:25.402836+02:00,36430466,"Primera A, Clausura",Colombia,Fortaleza FC,CD Tolima,2026-09-27T23:05:00+00:00,62.5766,soccer.total_goals,period=ft,under,total=2,2.25
2026-09-28T00:02:25.402836+02:00,36430466,"Primera A, Clausura",Colombia,Fortaleza FC,CD Tolima,2026-09-27T23:05:00+00:00,62.5766,soccer.total_goals,period=ft,over,total=2.5,2.17
2026-09-28T00:02:25.402836+02:00,36430466,"Primera A, Clausura",Colombia,Fortaleza FC,CD Tolima,2026-09-27T23:05:00+00:00,62.5766,soccer.total_goals,period=ft,under,total=2.5,1.68
2026-09-28T00:02:25.402836+02:00,36430466,"Primera A, Clausura",Colombia,Fortaleza FC,CD Tolima,2026-09-27T23:05:00+00:00,62.5766,soccer.total_goals,period=ft,over,total=2.75,2.5
2026-09-28T00:02:25.402836+02:00,36430466,"Primera A, Clausura",Colombia,Fortaleza FC,CD Tolima,2026-09-27T23:05:00+00:00,62.5766,soccer.total_goals,period=ft,under,total=2.75,1.51
2026-09-28T00:02:25.402836+02:00,36430466,"Primera A, Clausura",Colombia,Fortaleza FC,CD Tolima,2026-09-27T23:05:00+00:00,62.5766,soccer.total_goals,period=ft,over,total=3.5,3.85
2026-09-28T00:02:25.402836+02:00,36430466,"Primera A, Clausura",Colombia,Fortaleza FC,CD Tolima,2026-09-27T23:05:00+00:00,62.5766,soccer.total_goals,period=ft,under,total=3.5,1.24
2026-09-28T00:02:25.402836+02:00,36499711,"Primera Division, Clausura",El Salvador,Municipal Limeno,CD FAS Santa Ana,2026-09-27T23:00:00+00:00,57.5766,soccer.asian_handicap,period=ft,home,handicap=0.25,1.78
2026-09-28T00:02:25.402836+02:00,36499711,"Primera Division, Clausura",El Salvador,Municipal Limeno,CD FAS Santa Ana,2026-09-27T23:00:00+00:00,57.5766,soccer.asian_handicap,period=ft,away,handicap=0.25,2.01
2026-09-28T00:02:25.402836+02:00,36499711,"Primera Division, Clausura",El Salvador,Municipal Limeno,CD FAS Santa Ana,2026-09-27T23:00:00+00:00,57.5766,soccer.asian_handicap,period=ft,home,handicap=-0.5,2.8
2026-09-28T00:02:25.402836+02:00,36499711,"Primera Division, Clausura",El Salvador,Municipal Limeno,CD FAS Santa Ana,2026-09-27T23:00:00+00:00,57.5766,soccer.asian_handicap,period=ft,away,handicap=-0.5,1.38
2026-09-28T00:02:25.402836+02:00,36499711,"Primera Division, Clausura",El Salvador,Municipal Limeno,CD FAS Santa Ana,2026-09-27T23:00:00+00:00,57.5766,soccer.asian_handicap,period=ft,home,handicap=-0.25,2.45
2026-09-28T00:02:25.402836+02:00,36499711,"Primera Division, Clausura",El Salvador,Municipal Limeno,CD FAS Santa Ana,2026-09-27T23:00:00+00:00,57.5766,soccer.asian_handicap,period=ft,away,handicap=-0.25,1.48
2026-09-28T00:02:25.402836+02:00,36499711,"Primera Division, Clausura",El Salvador,Municipal Limeno,CD FAS Santa Ana,2026-09-27T23:00:00+00:00,57.5766,soccer.asian_handicap,period=ft,home,handicap=0,2.11
2026-09-28T00:02:25.402836+02:00,36499711,"Primera Division, Clausura",El Salvador,Municipal Limeno,CD FAS Santa Ana,2026-09-27T23:00:00+00:00,57.5766,soccer.asian_handicap,period=ft,away,handicap=0,1.68
2026-09-28T00:02:25.402836+02:00,36499711,"Primera Division, Clausura",El Salvador,Municipal Limeno,CD FAS Santa Ana,2026-09-27T23:00:00+00:00,57.5766,soccer.asian_handicap,period=ft,home,handicap=0.5,1.58
2026-09-28T00:02:25.402836+02:00,36499711,"Primera Division, Clausura",El Salvador,Municipal Limeno,CD FAS Santa Ana,2026-09-27T23:00:00+00:00,57.5766,soccer.asian_handicap,period=ft,away,handicap=0.5,2.25
2026-09-28T00:02:25.402836+02:00,36499711,"Primera Division, Clausura",El Salvador,Municipal Limeno,CD FAS Santa Ana,2026-09-27T23:00:00+00:00,57.5766,soccer.asian_handicap,period=ft,home,handicap=0.75,1.41
2026-09-28T00:02:25.402836+02:00,36499711,"Primera Division, Clausura",El Salvador,Municipal Limeno,CD FAS Santa Ana,2026-09-27T23:00:00+00:00,57.5766,soccer.asian_handicap,period=ft,away,handicap=0.75,2.7
2026-09-28T00:02:25.402836+02:00,36499711,"Primera Division, Clausura",El Salvador,Municipal Limeno,CD FAS Santa Ana,2026-09-27T23:00:00+00:00,57.5766,soccer.asian_handicap,period=ft,home,handicap=1,1.25
2026-09-28T00:02:25.402836+02:00,36499711,"Primera Division, Clausura",El Salvador,Municipal Limeno,CD FAS Santa Ana,2026-09-27T23:00:00+00:00,57.5766,soccer.asian_handicap,period=ft,away,handicap=1,3.5
2026-09-28T00:02:25.402836+02:00,36499711,"Primera Division, Clausura",El Salvador,Municipal Limeno,CD FAS Santa Ana,2026-09-27T23:00:00+00:00,57.5766,soccer.double_chance,period=ft,draw_away,,1.38
2026-09-28T00:02:25.402836+02:00,36499711,"Primera Division, Clausura",El Salvador,Municipal Limeno,CD FAS Santa Ana,2026-09-27T23:00:00+00:00,57.5766,soccer.double_chance,period=ft,home_away,,1.32
2026-09-28T00:02:25.402836+02:00,36499711,"Primera Division, Clausura",El Salvador,Municipal Limeno,CD FAS Santa Ana,2026-09-27T23:00:00+00:00,57.5766,soccer.double_chance,period=ft,home_draw,,1.57
2026-09-28T00:02:25.402836+02:00,36499711,"Primera Division, Clausura",El Salvador,Municipal Limeno,CD FAS Santa Ana,2026-09-27T23:00:00+00:00,57.5766,soccer.match_odds,period=ft,home,,2.85
2026-09-28T00:02:25.402836+02:00,36499711,"Primera Division, Clausura",El Salvador,Municipal Limeno,CD FAS Santa Ana,2026-09-27T23:00:00+00:00,57.5766,soccer.match_odds,period=ft,draw,,3.2
2026-09-28T00:02:25.402836+02:00,36499711,"Primera Division, Clausura",El Salvador,Municipal Limeno,CD FAS Santa Ana,2026-09-27T23:00:00+00:00,57.5766,soccer.match_odds,period=ft,away,,2.3
2026-09-28T00:02:25.402836+02:00,36499711,"Primera Division, Clausura",El Salvador,Municipal Limeno,CD FAS Santa Ana,2026-09-27T23:00:00+00:00,57.5766,soccer.total_goals,period=ft,over,total=2.5,1.87
2026-09-28T00:02:25.402836+02:00,36499711,"Primera Division, Clausura",El Salvador,Municipal Limeno,CD FAS Santa Ana,2026-09-27T23:00:00+00:00,57.5766,soccer.total_goals,period=ft,under,total=2.5,1.9
2026-09-28T00:02:25.402836+02:00,36499711,"Primera Division, Clausura",El Salvador,Municipal Limeno,CD FAS Santa Ana,2026-09-27T23:00:00+00:00,57.5766,soccer.total_goals,period=ft,over,total=1.75,1.3
2026-09-28T00:02:25.402836+02:00,36499711,"Primera Division, Clausura",El Salvador,Municipal Limeno,CD FAS Santa Ana,2026-09-27T23:00:00+00:00,57.5766,soccer.total_goals,period=ft,under,total=1.75,3.2
2026-09-28T00:02:25.402836+02:00,36499711,"Primera Division, Clausura",El Salvador,Municipal Limeno,CD FAS Santa Ana,2026-09-27T23:00:00+00:00,57.5766,soccer.total_goals,period=ft,over,total=2,1.39
2026-09-28T00:02:25.402836+02:00,36499711,"Primera Division, Clausura",El Salvador,Municipal Limeno,CD FAS Santa Ana,2026-09-27T23:00:00+00:00,57.5766,soccer.total_goals,period=ft,under,total=2,2.75
2026-09-28T00:02:25.402836+02:00,36499711,"Primera Division, Clausura",El Salvador,Municipal Limeno,CD FAS Santa Ana,2026-09-27T23:00:00+00:00,57.5766,soccer.total_goals,period=ft,over,total=2.25,1.62
2026-09-28T00:02:25.402836+02:00,36499711,"Primera Division, Clausura",El Salvador,Municipal Limeno,CD FAS Santa Ana,2026-09-27T23:00:00+00:00,57.5766,soccer.total_goals,period=ft,under,total=2.25,2.2
2026-09-28T00:02:25.402836+02:00,36499711,"Primera Division, Clausura",El Salvador,Municipal Limeno,CD FAS Santa Ana,2026-09-27T23:00:00+00:00,57.5766,soccer.total_goals,period=ft,over,total=2.75,2.09
2026-09-28T00:02:25.402836+02:00,36499711,"Primera Division, Clausura",El Salvador,Municipal Limeno,CD FAS Santa Ana,2026-09-27T23:00:00+00:00,57.5766,soccer.total_goals,period=ft,under,total=2.75,1.69
2026-09-28T00:02:25.402836+02:00,36499711,"Primera Division, Clausura",El Salvador,Municipal Limeno,CD FAS Santa Ana,2026-09-27T23:00:00+00:00,57.5766,soccer.total_goals,period=ft,over,total=3,2.45
2026-09-28T00:02:25.402836+02:00,36499711,"Primera Division, Clausura",El Salvador,Municipal Limeno,CD FAS Santa Ana,2026-09-27T23:00:00+00:00,57.5766,soccer.total_goals,period=ft,under,total=3,1.48
2026-09-28T00:02:25.402836+02:00,36499711,"Primera Division, Clausura",El Salvador,Municipal Limeno,CD FAS Santa Ana,2026-09-27T23:00:00+00:00,57.5766,soccer.total_goals,period=ft,over,total=3.25,2.8
2026-09-28T00:02:25.402836+02:00,36499711,"Primera Division, Clausura",El Salvador,Municipal Limeno,CD FAS Santa Ana,2026-09-27T23:00:00+00:00,57.5766,soccer.total_goals,period=ft,under,total=3.25,1.38
2026-09-28T00:04:22.691104+02:00,36529311,Copa Division Profesional,Bolivia,CD Real Tomayapo,Cdt Real Oruro,2026-09-27T23:30:00+00:00,85.6218,soccer.asian_handicap,period=ft,home,handicap=-0.5,1.92
2026-09-28T00:04:22.691104+02:00,36529311,Copa Division Profesional,Bolivia,CD Real Tomayapo,Cdt Real Oruro,2026-09-27T23:30:00+00:00,85.6218,soccer.asian_handicap,period=ft,away,handicap=-0.5,1.78
2026-09-28T00:04:22.691104+02:00,36529311,Copa Division Profesional,Bolivia,CD Real Tomayapo,Cdt Real Oruro,2026-09-27T23:30:00+00:00,85.6218,soccer.asian_handicap,period=ft,home,handicap=-1.25,2.8
2026-09-28T00:04:22.691104+02:00,36529311,Copa Division Profesional,Bolivia,CD Real Tomayapo,Cdt Real Oruro,2026-09-27T23:30:00+00:00,85.6218,soccer.asian_handicap,period=ft,away,handicap=-1.25,1.34
2026-09-28T00:04:22.691104+02:00,36529311,Copa Division Profesional,Bolivia,CD Real Tomayapo,Cdt Real Oruro,2026-09-27T23:30:00+00:00,85.6218,soccer.asian_handicap,period=ft,home,handicap=-1,2.5
2026-09-28T00:04:22.691104+02:00,36529311,Copa Division Profesional,Bolivia,CD Real Tomayapo,Cdt Real Oruro,2026-09-27T23:30:00+00:00,85.6218,soccer.asian_handicap,period=ft,away,handicap=-1,1.42
2026-09-28T00:04:22.691104+02:00,36529311,Copa Division Profesional,Bolivia,CD Real Tomayapo,Cdt Real Oruro,2026-09-27T23:30:00+00:00,85.6218,soccer.asian_handicap,period=ft,home,handicap=-0.75,2.14
2026-09-28T00:04:22.691104+02:00,36529311,Copa Division Profesional,Bolivia,CD Real Tomayapo,Cdt Real Oruro,2026-09-27T23:30:00+00:00,85.6218,soccer.asian_handicap,period=ft,away,handicap=-0.75,1.6
2026-09-28T00:04:22.691104+02:00,36529311,Copa Division Profesional,Bolivia,CD Real Tomayapo,Cdt Real Oruro,2026-09-27T23:30:00+00:00,85.6218,soccer.asian_handicap,period=ft,home,handicap=-0.25,1.69
2026-09-28T00:04:22.691104+02:00,36529311,Copa Division Profesional,Bolivia,CD Real Tomayapo,Cdt Real Oruro,2026-09-27T23:30:00+00:00,85.6218,soccer.asian_handicap,period=ft,away,handicap=-0.25,2.0
2026-09-28T00:04:22.691104+02:00,36529311,Copa Division Profesional,Bolivia,CD Real Tomayapo,Cdt Real Oruro,2026-09-27T23:30:00+00:00,85.6218,soccer.asian_handicap,period=ft,home,handicap=0,1.47
2026-09-28T00:04:22.691104+02:00,36529311,Copa Division Profesional,Bolivia,CD Real Tomayapo,Cdt Real Oruro,2026-09-27T23:30:00+00:00,85.6218,soccer.asian_handicap,period=ft,away,handicap=0,2.35
2026-09-28T00:04:22.691104+02:00,36529311,Copa Division Profesional,Bolivia,CD Real Tomayapo,Cdt Real Oruro,2026-09-27T23:30:00+00:00,85.6218,soccer.asian_handicap,period=ft,home,handicap=0.25,1.37
2026-09-28T00:04:22.691104+02:00,36529311,Copa Division Profesional,Bolivia,CD Real Tomayapo,Cdt Real Oruro,2026-09-27T23:30:00+00:00,85.6218,soccer.asian_handicap,period=ft,away,handicap=0.25,2.65
2026-09-28T00:04:22.691104+02:00,36529311,Copa Division Profesional,Bolivia,CD Real Tomayapo,Cdt Real Oruro,2026-09-27T23:30:00+00:00,85.6218,soccer.match_odds,period=ft,home,,1.91
2026-09-28T00:04:22.691104+02:00,36529311,Copa Division Profesional,Bolivia,CD Real Tomayapo,Cdt Real Oruro,2026-09-27T23:30:00+00:00,85.6218,soccer.match_odds,period=ft,draw,,3.6
2026-09-28T00:04:22.691104+02:00,36529311,Copa Division Profesional,Bolivia,CD Real Tomayapo,Cdt Real Oruro,2026-09-27T23:30:00+00:00,85.6218,soccer.match_odds,period=ft,away,,3.05
2026-09-28T00:04:22.691104+02:00,36529311,Copa Division Profesional,Bolivia,CD Real Tomayapo,Cdt Real Oruro,2026-09-27T23:30:00+00:00,85.6218,soccer.total_goals,period=ft,over,total=3.5,1.89
2026-09-28T00:04:22.691104+02:00,36529311,Copa Division Profesional,Bolivia,CD Real Tomayapo,Cdt Real Oruro,2026-09-27T23:30:00+00:00,85.6218,soccer.total_goals,period=ft,under,total=3.5,1.8
2026-09-28T00:04:22.691104+02:00,36529311,Copa Division Profesional,Bolivia,CD Real Tomayapo,Cdt Real Oruro,2026-09-27T23:30:00+00:00,85.6218,soccer.total_goals,period=ft,over,total=2.75,1.4
2026-09-28T00:04:22.691104+02:00,36529311,Copa Division Profesional,Bolivia,CD Real Tomayapo,Cdt Real Oruro,2026-09-27T23:30:00+00:00,85.6218,soccer.total_goals,period=ft,under,total=2.75,2.55
2026-09-28T00:04:22.691104+02:00,36529311,Copa Division Profesional,Bolivia,CD Real Tomayapo,Cdt Real Oruro,2026-09-27T23:30:00+00:00,85.6218,soccer.total_goals,period=ft,over,total=3,1.5
2026-09-28T00:04:22.691104+02:00,36529311,Copa Division Profesional,Bolivia,CD Real Tomayapo,Cdt Real Oruro,2026-09-27T23:30:00+00:00,85.6218,soccer.total_goals,period=ft,under,total=3,2.3
2026-09-28T00:04:22.691104+02:00,36529311,Copa Division Profesional,Bolivia,CD Real Tomayapo,Cdt Real Oruro,2026-09-27T23:30:00+00:00,85.6218,soccer.total_goals,period=ft,over,total=3.25,1.7
2026-09-28T00:04:22.691104+02:00,36529311,Copa Division Profesional,Bolivia,CD Real Tomayapo,Cdt Real Oruro,2026-09-27T23:30:00+00:00,85.6218,soccer.total_goals,period=ft,under,total=3.25,2.0
2026-09-28T00:04:22.691104+02:00,36529311,Copa Division Profesional,Bolivia,CD Real Tomayapo,Cdt Real Oruro,2026-09-27T23:30:00+00:00,85.6218,soccer.total_goals,period=ft,over,total=3.75,2.1
2026-09-28T00:04:22.691104+02:00,36529311,Copa Division Profesional,Bolivia,CD Real Tomayapo,Cdt Real Oruro,2026-09-27T23:30:00+00:00,85.6218,soccer.total_goals,period=ft,under,total=3.75,1.62
2026-09-28T00:04:22.691104+02:00,36529311,Copa Division Profesional,Bolivia,CD Real Tomayapo,Cdt Real Oruro,2026-09-27T23:30:00+00:00,85.6218,soccer.total_goals,period=ft,over,total=4,2.45
2026-09-28T00:04:22.691104+02:00,36529311,Copa Division Profesional,Bolivia,CD Real Tomayapo,Cdt Real Oruro,2026-09-27T23:30:00+00:00,85.6218,soccer.total_goals,period=ft,under,total=4,1.44
2026-09-28T00:04:22.691104+02:00,36529311,Copa Division Profesional,Bolivia,CD Real Tomayapo,Cdt Real Oruro,2026-09-27T23:30:00+00:00,85.6218,soccer.total_goals,period=ft,over,total=4.25,2.7
2026-09-28T00:04:22.691104+02:00,36529311,Copa Division Profesional,Bolivia,CD Real Tomayapo,Cdt Real Oruro,2026-09-27T23:30:00+00:00,85.6218,soccer.total_goals,period=ft,under,total=4.25,1.36
2026-09-28T00:04:22.691104+02:00,36521606,"Liga Panamena de Futbol, Apertura",Panama,Veraguas United FC,AF Sporting San Miguelito,2026-09-27T23:15:00+00:00,70.6218,soccer.asian_handicap,period=ft,home,handicap=0,1.86
2026-09-28T00:04:22.691104+02:00,36521606,"Liga Panamena de Futbol, Apertura",Panama,Veraguas United FC,AF Sporting San Miguelito,2026-09-27T23:15:00+00:00,70.6218,soccer.asian_handicap,period=ft,away,handicap=0,1.91
2026-09-28T00:04:22.691104+02:00,36521606,"Liga Panamena de Futbol, Apertura",Panama,Veraguas United FC,AF Sporting San Miguelito,2026-09-27T23:15:00+00:00,70.6218,soccer.asian_handicap,period=ft,home,handicap=-0.75,3.05
2026-09-28T00:04:22.691104+02:00,36521606,"Liga Panamena de Futbol, Apertura",Panama,Veraguas United FC,AF Sporting San Miguelito,2026-09-27T23:15:00+00:00,70.6218,soccer.asian_handicap,period=ft,away,handicap=-0.75,1.32
2026-09-28T00:04:22.691104+02:00,36521606,"Liga Panamena de Futbol, Apertura",Panama,Veraguas United FC,AF Sporting San Miguelito,2026-09-27T23:15:00+00:00,70.6218,soccer.asian_handicap,period=ft,home,handicap=-0.5,2.5
2026-09-28T00:04:22.691104+02:00,36521606,"Liga Panamena de Futbol, Apertura",Panama,Veraguas United FC,AF Sporting San Miguelito,2026-09-27T23:15:00+00:00,70.6218,soccer.asian_handicap,period=ft,away,handicap=-0.5,1.46
2026-09-28T00:04:22.691104+02:00,36521606,"Liga Panamena de Futbol, Apertura",Panama,Veraguas United FC,AF Sporting San Miguelito,2026-09-27T23:15:00+00:00,70.6218,soccer.asian_handicap,period=ft,home,handicap=-0.25,2.2
2026-09-28T00:04:22.691104+02:00,36521606,"Liga Panamena de Futbol, Apertura",Panama,Veraguas United FC,AF Sporting San Miguelito,2026-09-27T23:15:00+00:00,70.6218,soccer.asian_handicap,period=ft,away,handicap=-0.25,1.62
2026-09-28T00:04:22.691104+02:00,36521606,"Liga Panamena de Futbol, Apertura",Panama,Veraguas United FC,AF Sporting San Miguelito,2026-09-27T23:15:00+00:00,70.6218,soccer.asian_handicap,period=ft,home,handicap=0.25,1.6
2026-09-28T00:04:22.691104+02:00,36521606,"Liga Panamena de Futbol, Apertura",Panama,Veraguas United FC,AF Sporting San Miguelito,2026-09-27T23:15:00+00:00,70.6218,soccer.asian_handicap,period=ft,away,handicap=0.25,2.25
2026-09-28T00:04:22.691104+02:00,36521606,"Liga Panamena de Futbol, Apertura",Panama,Veraguas United FC,AF Sporting San Miguelito,2026-09-27T23:15:00+00:00,70.6218,soccer.asian_handicap,period=ft,home,handicap=0.5,1.44
2026-09-28T00:04:22.691104+02:00,36521606,"Liga Panamena de Futbol, Apertura",Panama,Veraguas United FC,AF Sporting San Miguelito,2026-09-27T23:15:00+00:00,70.6218,soccer.asian_handicap,period=ft,away,handicap=0.5,2.55
2026-09-28T00:04:22.691104+02:00,36521606,"Liga Panamena de Futbol, Apertura",Panama,Veraguas United FC,AF Sporting San Miguelito,2026-09-27T23:15:00+00:00,70.6218,soccer.asian_handicap,period=ft,home,handicap=0.75,1.31
2026-09-28T00:04:22.691104+02:00,36521606,"Liga Panamena de Futbol, Apertura",Panama,Veraguas United FC,AF Sporting San Miguelito,2026-09-27T23:15:00+00:00,70.6218,soccer.asian_handicap,period=ft,away,handicap=0.75,3.15
2026-09-28T00:04:22.691104+02:00,36521606,"Liga Panamena de Futbol, Apertura",Panama,Veraguas United FC,AF Sporting San Miguelito,2026-09-27T23:15:00+00:00,70.6218,soccer.double_chance,period=ft,draw_away,,1.47
2026-09-28T00:04:22.691104+02:00,36521606,"Liga Panamena de Futbol, Apertura",Panama,Veraguas United FC,AF Sporting San Miguelito,2026-09-27T23:15:00+00:00,70.6218,soccer.double_chance,period=ft,home_away,,1.33
2026-09-28T00:04:22.691104+02:00,36521606,"Liga Panamena de Futbol, Apertura",Panama,Veraguas United FC,AF Sporting San Miguelito,2026-09-27T23:15:00+00:00,70.6218,soccer.double_chance,period=ft,home_draw,,1.45
2026-09-28T00:04:22.691104+02:00,36521606,"Liga Panamena de Futbol, Apertura",Panama,Veraguas United FC,AF Sporting San Miguelito,2026-09-27T23:15:00+00:00,70.6218,soccer.match_odds,period=ft,home,,2.55
2026-09-28T00:04:22.691104+02:00,36521606,"Liga Panamena de Futbol, Apertura",Panama,Veraguas United FC,AF Sporting San Miguelito,2026-09-27T23:15:00+00:00,70.6218,soccer.match_odds,period=ft,draw,,3.1
2026-09-28T00:04:22.691104+02:00,36521606,"Liga Panamena de Futbol, Apertura",Panama,Veraguas United FC,AF Sporting San Miguelito,2026-09-27T23:15:00+00:00,70.6218,soccer.match_odds,period=ft,away,,2.6
2026-09-28T00:04:22.691104+02:00,36521606,"Liga Panamena de Futbol, Apertura",Panama,Veraguas United FC,AF Sporting San Miguelito,2026-09-27T23:15:00+00:00,70.6218,soccer.total_goals,period=ft,over,total=2.5,1.98
2026-09-28T00:04:22.691104+02:00,36521606,"Liga Panamena de Futbol, Apertura",Panama,Veraguas United FC,AF Sporting San Miguelito,2026-09-27T23:15:00+00:00,70.6218,soccer.total_goals,period=ft,under,total=2.5,1.8
2026-09-28T00:04:22.691104+02:00,36521606,"Liga Panamena de Futbol, Apertura",Panama,Veraguas United FC,AF Sporting San Miguelito,2026-09-27T23:15:00+00:00,70.6218,soccer.total_goals,period=ft,over,total=1.75,1.34
2026-09-28T00:04:22.691104+02:00,36521606,"Liga Panamena de Futbol, Apertura",Panama,Veraguas United FC,AF Sporting San Miguelito,2026-09-27T23:15:00+00:00,70.6218,soccer.total_goals,period=ft,under,total=1.75,2.95
2026-09-28T00:04:22.691104+02:00,36521606,"Liga Panamena de Futbol, Apertura",Panama,Veraguas United FC,AF Sporting San Miguelito,2026-09-27T23:15:00+00:00,70.6218,soccer.total_goals,period=ft,over,total=2,1.45
2026-09-28T00:04:22.691104+02:00,36521606,"Liga Panamena de Futbol, Apertura",Panama,Veraguas United FC,AF Sporting San Miguelito,2026-09-27T23:15:00+00:00,70.6218,soccer.total_goals,period=ft,under,total=2,2.55
2026-09-28T00:04:22.691104+02:00,36521606,"Liga Panamena de Futbol, Apertura",Panama,Veraguas United FC,AF Sporting San Miguelito,2026-09-27T23:15:00+00:00,70.6218,soccer.total_goals,period=ft,over,total=2.25,1.71
2026-09-28T00:04:22.691104+02:00,36521606,"Liga Panamena de Futbol, Apertura",Panama,Veraguas United FC,AF Sporting San Miguelito,2026-09-27T23:15:00+00:00,70.6218,soccer.total_goals,period=ft,under,total=2.25,2.06
2026-09-28T00:04:22.691104+02:00,36521606,"Liga Panamena de Futbol, Apertura",Panama,Veraguas United FC,AF Sporting San Miguelito,2026-09-27T23:15:00+00:00,70.6218,soccer.total_goals,period=ft,over,total=2.75,2.2
2026-09-28T00:04:22.691104+02:00,36521606,"Liga Panamena de Futbol, Apertura",Panama,Veraguas United FC,AF Sporting San Miguelito,2026-09-27T23:15:00+00:00,70.6218,soccer.total_goals,period=ft,under,total=2.75,1.61
2026-09-28T00:04:22.691104+02:00,36521606,"Liga Panamena de Futbol, Apertura",Panama,Veraguas United FC,AF Sporting San Miguelito,2026-09-27T23:15:00+00:00,70.6218,soccer.total_goals,period=ft,over,total=3,2.65
2026-09-28T00:04:22.691104+02:00,36521606,"Liga Panamena de Futbol, Apertura",Panama,Veraguas United FC,AF Sporting San Miguelito,2026-09-27T23:15:00+00:00,70.6218,soccer.total_goals,period=ft,under,total=3,1.41
2026-09-28T00:04:22.691104+02:00,36521606,"Liga Panamena de Futbol, Apertura",Panama,Veraguas United FC,AF Sporting San Miguelito,2026-09-27T23:15:00+00:00,70.6218,soccer.total_goals,period=ft,over,total=3.25,3.0
2026-09-28T00:04:22.691104+02:00,36521606,"Liga Panamena de Futbol, Apertura",Panama,Veraguas United FC,AF Sporting San Miguelito,2026-09-27T23:15:00+00:00,70.6218,soccer.total_goals,period=ft,under,total=3.25,1.34
2026-09-28T00:04:22.691104+02:00,36500991,Segunda Division,Uruguay,Huracan Del Paso de la Arena,Miramar Misiones,2026-09-27T23:00:00+00:00,55.6218,soccer.asian_handicap,period=ft,home,handicap=-0.25,1.87
2026-09-28T00:04:22.691104+02:00,36500991,Segunda Division,Uruguay,Huracan Del Paso de la Arena,Miramar Misiones,2026-09-27T23:00:00+00:00,55.6218,soccer.asian_handicap,period=ft,away,handicap=-0.25,1.9
2026-09-28T00:04:22.691104+02:00,36500991,Segunda Division,Uruguay,Huracan Del Paso de la Arena,Miramar Misiones,2026-09-27T23:00:00+00:00,55.6218,soccer.asian_handicap,period=ft,home,handicap=-1,3.3
2026-09-28T00:04:22.691104+02:00,36500991,Segunda Division,Uruguay,Huracan Del Paso de la Arena,Miramar Misiones,2026-09-27T23:00:00+00:00,55.6218,soccer.asian_handicap,period=ft,away,handicap=-1,1.28
2026-09-28T00:04:22.691104+02:00,36500991,Segunda Division,Uruguay,Huracan Del Paso de la Arena,Miramar Misiones,2026-09-27T23:00:00+00:00,55.6218,soccer.asian_handicap,period=ft,home,handicap=-0.75,2.5
2026-09-28T00:04:22.691104+02:00,36500991,Segunda Division,Uruguay,Huracan Del Paso de la Arena,Miramar Misiones,2026-09-27T23:00:00+00:00,55.6218,soccer.asian_handicap,period=ft,away,handicap=-0.75,1.47
2026-09-28T00:04:22.691104+02:00,36500991,Segunda Division,Uruguay,Huracan Del Paso de la Arena,Miramar Misiones,2026-09-27T23:00:00+00:00,55.6218,soccer.asian_handicap,period=ft,home,handicap=-0.5,2.14
2026-09-28T00:04:22.691104+02:00,36500991,Segunda Division,Uruguay,Huracan Del Paso de la Arena,Miramar Misiones,2026-09-27T23:00:00+00:00,55.6218,soccer.asian_handicap,period=ft,away,handicap=-0.5,1.66
2026-09-28T00:04:22.691104+02:00,36500991,Segunda Division,Uruguay,Huracan Del Paso de la Arena,Miramar Misiones,2026-09-27T23:00:00+00:00,55.6218,soccer.asian_handicap,period=ft,home,handicap=0,1.56
2026-09-28T00:04:22.691104+02:00,36500991,Segunda Division,Uruguay,Huracan Del Paso de la Arena,Miramar Misiones,2026-09-27T23:00:00+00:00,55.6218,soccer.asian_handicap,period=ft,away,handicap=0,2.3
2026-09-28T00:04:22.691104+02:00,36500991,Segunda Division,Uruguay,Huracan Del Paso de la Arena,Miramar Misiones,2026-09-27T23:00:00+00:00,55.6218,soccer.asian_handicap,period=ft,home,handicap=0.25,1.4
2026-09-28T00:04:22.691104+02:00,36500991,Segunda Division,Uruguay,Huracan Del Paso de la Arena,Miramar Misiones,2026-09-27T23:00:00+00:00,55.6218,soccer.asian_handicap,period=ft,away,handicap=0.25,2.7
2026-09-28T00:04:22.691104+02:00,36500991,Segunda Division,Uruguay,Huracan Del Paso de la Arena,Miramar Misiones,2026-09-27T23:00:00+00:00,55.6218,soccer.asian_handicap,period=ft,home,handicap=0.5,1.32
2026-09-28T00:04:22.691104+02:00,36500991,Segunda Division,Uruguay,Huracan Del Paso de la Arena,Miramar Misiones,2026-09-27T23:00:00+00:00,55.6218,soccer.asian_handicap,period=ft,away,handicap=0.5,3.1
2026-09-28T00:04:22.691104+02:00,36500991,Segunda Division,Uruguay,Huracan Del Paso de la Arena,Miramar Misiones,2026-09-27T23:00:00+00:00,55.6218,soccer.double_chance,period=ft,draw_away,,1.65
2026-09-28T00:04:22.691104+02:00,36500991,Segunda Division,Uruguay,Huracan Del Paso de la Arena,Miramar Misiones,2026-09-27T23:00:00+00:00,55.6218,soccer.double_chance,period=ft,home_away,,1.32
2026-09-28T00:04:22.691104+02:00,36500991,Segunda Division,Uruguay,Huracan Del Paso de la Arena,Miramar Misiones,2026-09-27T23:00:00+00:00,55.6218,soccer.double_chance,period=ft,home_draw,,1.32
2026-09-28T00:04:22.691104+02:00,36500991,Segunda Division,Uruguay,Huracan Del Paso de la Arena,Miramar Misiones,2026-09-27T23:00:00+00:00,55.6218,soccer.match_odds,period=ft,home,,2.15
2026-09-28T00:04:22.691104+02:00,36500991,Segunda Division,Uruguay,Huracan Del Paso de la Arena,Miramar Misiones,2026-09-27T23:00:00+00:00,55.6218,soccer.match_odds,period=ft,draw,,3.15
2026-09-28T00:04:22.691104+02:00,36500991,Segunda Division,Uruguay,Huracan Del Paso de la Arena,Miramar Misiones,2026-09-27T23:00:00+00:00,55.6218,soccer.match_odds,period=ft,away,,3.15
2026-09-28T00:04:22.691104+02:00,36500991,Segunda Division,Uruguay,Huracan Del Paso de la Arena,Miramar Misiones,2026-09-27T23:00:00+00:00,55.6218,soccer.total_goals,period=ft,over,total=2.25,1.89
2026-09-28T00:04:22.691104+02:00,36500991,Segunda Division,Uruguay,Huracan Del Paso de la Arena,Miramar Misiones,2026-09-27T23:00:00+00:00,55.6218,soccer.total_goals,period=ft,under,total=2.25,1.89
2026-09-28T00:04:22.691104+02:00,36500991,Segunda Division,Uruguay,Huracan Del Paso de la Arena,Miramar Misiones,2026-09-27T23:00:00+00:00,55.6218,soccer.total_goals,period=ft,over,total=1.5,1.34
2026-09-28T00:04:22.691104+02:00,36500991,Segunda Division,Uruguay,Huracan Del Paso de la Arena,Miramar Misiones,2026-09-27T23:00:00+00:00,55.6218,soccer.total_goals,period=ft,under,total=1.5,2.95
2026-09-28T00:04:22.691104+02:00,36500991,Segunda Division,Uruguay,Huracan Del Paso de la Arena,Miramar Misiones,2026-09-27T23:00:00+00:00,55.6218,soccer.total_goals,period=ft,over,total=1.75,1.43
2026-09-28T00:04:22.691104+02:00,36500991,Segunda Division,Uruguay,Huracan Del Paso de la Arena,Miramar Misiones,2026-09-27T23:00:00+00:00,55.6218,soccer.total_goals,period=ft,under,total=1.75,2.6
2026-09-28T00:04:22.691104+02:00,36500991,Segunda Division,Uruguay,Huracan Del Paso de la Arena,Miramar Misiones,2026-09-27T23:00:00+00:00,55.6218,soccer.total_goals,period=ft,over,total=2,1.59
2026-09-28T00:04:22.691104+02:00,36500991,Segunda Division,Uruguay,Huracan Del Paso de la Arena,Miramar Misiones,2026-09-27T23:00:00+00:00,55.6218,soccer.total_goals,period=ft,under,total=2,2.25
2026-09-28T00:04:22.691104+02:00,36500991,Segunda Division,Uruguay,Huracan Del Paso de la Arena,Miramar Misiones,2026-09-27T23:00:00+00:00,55.6218,soccer.total_goals,period=ft,over,total=2.5,2.14
2026-09-28T00:04:22.691104+02:00,36500991,Segunda Division,Uruguay,Huracan Del Paso de la Arena,Miramar Misiones,2026-09-27T23:00:00+00:00,55.6218,soccer.total_goals,period=ft,under,total=2.5,1.66
2026-09-28T00:04:22.691104+02:00,36500991,Segunda Division,Uruguay,Huracan Del Paso de la Arena,Miramar Misiones,2026-09-27T23:00:00+00:00,55.6218,soccer.total_goals,period=ft,over,total=2.75,2.45
2026-09-28T00:04:22.691104+02:00,36500991,Segunda Division,Uruguay,Huracan Del Paso de la Arena,Miramar Misiones,2026-09-27T23:00:00+00:00,55.6218,soccer.total_goals,period=ft,under,total=2.75,1.48
2026-09-28T00:04:22.691104+02:00,36500991,Segunda Division,Uruguay,Huracan Del Paso de la Arena,Miramar Misiones,2026-09-27T23:00:00+00:00,55.6218,soccer.total_goals,period=ft,over,total=3,3.1
2026-09-28T00:04:22.691104+02:00,36500991,Segunda Division,Uruguay,Huracan Del Paso de la Arena,Miramar Misiones,2026-09-27T23:00:00+00:00,55.6218,soccer.total_goals,period=ft,under,total=3,1.31
2026-09-28T00:04:22.691104+02:00,36519400,Torneo Federal A,Argentina,CSB Atenas,Sportivo General San Martin,2026-09-27T22:30:00+00:00,25.6218,soccer.asian_handicap,period=ft,home,handicap=0.75,0.0
2026-09-28T00:04:22.691104+02:00,36519400,Torneo Federal A,Argentina,CSB Atenas,Sportivo General San Martin,2026-09-27T22:30:00+00:00,25.6218,soccer.asian_handicap,period=ft,away,handicap=0.75,0.0
2026-09-28T00:04:22.691104+02:00,36519400,Torneo Federal A,Argentina,CSB Atenas,Sportivo General San Martin,2026-09-27T22:30:00+00:00,25.6218,soccer.asian_handicap,period=ft,home,handicap=-1,4.05
2026-09-28T00:04:22.691104+02:00,36519400,Torneo Federal A,Argentina,CSB Atenas,Sportivo General San Martin,2026-09-27T22:30:00+00:00,25.6218,soccer.asian_handicap,period=ft,away,handicap=-1,1.17
2026-09-28T00:04:22.691104+02:00,36519400,Torneo Federal A,Argentina,CSB Atenas,Sportivo General San Martin,2026-09-27T22:30:00+00:00,25.6218,soccer.asian_handicap,period=ft,home,handicap=-0.75,2.9
2026-09-28T00:04:22.691104+02:00,36519400,Torneo Federal A,Argentina,CSB Atenas,Sportivo General San Martin,2026-09-27T22:30:00+00:00,25.6218,soccer.asian_handicap,period=ft,away,handicap=-0.75,1.32
2026-09-28T00:04:22.691104+02:00,36519400,Torneo Federal A,Argentina,CSB Atenas,Sportivo General San Martin,2026-09-27T22:30:00+00:00,25.6218,soccer.asian_handicap,period=ft,home,handicap=-0.5,2.4
2026-09-28T00:04:22.691104+02:00,36519400,Torneo Federal A,Argentina,CSB Atenas,Sportivo General San Martin,2026-09-27T22:30:00+00:00,25.6218,soccer.asian_handicap,period=ft,away,handicap=-0.5,1.48
2026-09-28T00:04:22.691104+02:00,36519400,Torneo Federal A,Argentina,CSB Atenas,Sportivo General San Martin,2026-09-27T22:30:00+00:00,25.6218,soccer.asian_handicap,period=ft,home,handicap=-0.25,2.05
2026-09-28T00:04:22.691104+02:00,36519400,Torneo Federal A,Argentina,CSB Atenas,Sportivo General San Martin,2026-09-27T22:30:00+00:00,25.6218,soccer.asian_handicap,period=ft,away,handicap=-0.25,1.68
2026-09-28T00:04:22.691104+02:00,36519400,Torneo Federal A,Argentina,CSB Atenas,Sportivo General San Martin,2026-09-27T22:30:00+00:00,25.6218,soccer.asian_handicap,period=ft,home,handicap=0,1.65
2026-09-28T00:04:22.691104+02:00,36519400,Torneo Federal A,Argentina,CSB Atenas,Sportivo General San Martin,2026-09-27T22:30:00+00:00,25.6218,soccer.asian_handicap,period=ft,away,handicap=0,2.05
2026-09-28T00:04:22.691104+02:00,36519400,Torneo Federal A,Argentina,CSB Atenas,Sportivo General San Martin,2026-09-27T22:30:00+00:00,25.6218,soccer.asian_handicap,period=ft,home,handicap=0.25,1.43
2026-09-28T00:04:22.691104+02:00,36519400,Torneo Federal A,Argentina,CSB Atenas,Sportivo General San Martin,2026-09-27T22:30:00+00:00,25.6218,soccer.asian_handicap,period=ft,away,handicap=0.25,2.45
2026-09-28T00:04:22.691104+02:00,36519400,Torneo Federal A,Argentina,CSB Atenas,Sportivo General San Martin,2026-09-27T22:30:00+00:00,25.6218,soccer.asian_handicap,period=ft,home,handicap=0.5,1.32
2026-09-28T00:04:22.691104+02:00,36519400,Torneo Federal A,Argentina,CSB Atenas,Sportivo General San Martin,2026-09-27T22:30:00+00:00,25.6218,soccer.asian_handicap,period=ft,away,handicap=0.5,2.9
2026-09-28T00:04:22.691104+02:00,36519400,Torneo Federal A,Argentina,CSB Atenas,Sportivo General San Martin,2026-09-27T22:30:00+00:00,25.6218,soccer.double_chance,period=ft,draw_away,,1.51
2026-09-28T00:04:22.691104+02:00,36519400,Torneo Federal A,Argentina,CSB Atenas,Sportivo General San Martin,2026-09-27T22:30:00+00:00,25.6218,soccer.double_chance,period=ft,home_away,,1.43
2026-09-28T00:04:22.691104+02:00,36519400,Torneo Federal A,Argentina,CSB Atenas,Sportivo General San Martin,2026-09-27T22:30:00+00:00,25.6218,soccer.double_chance,period=ft,home_draw,,1.36
2026-09-28T00:04:22.691104+02:00,36519400,Torneo Federal A,Argentina,CSB Atenas,Sportivo General San Martin,2026-09-27T22:30:00+00:00,25.6218,soccer.match_odds,period=ft,home,,2.4
2026-09-28T00:04:22.691104+02:00,36519400,Torneo Federal A,Argentina,CSB Atenas,Sportivo General San Martin,2026-09-27T22:30:00+00:00,25.6218,soccer.match_odds,period=ft,draw,,2.65
2026-09-28T00:04:22.691104+02:00,36519400,Torneo Federal A,Argentina,CSB Atenas,Sportivo General San Martin,2026-09-27T22:30:00+00:00,25.6218,soccer.match_odds,period=ft,away,,2.95
2026-09-28T00:04:22.691104+02:00,36519400,Torneo Federal A,Argentina,CSB Atenas,Sportivo General San Martin,2026-09-27T22:30:00+00:00,25.6218,soccer.total_goals,period=ft,over,total=2,1.91
2026-09-28T00:04:22.691104+02:00,36519400,Torneo Federal A,Argentina,CSB Atenas,Sportivo General San Martin,2026-09-27T22:30:00+00:00,25.6218,soccer.total_goals,period=ft,under,total=2,1.79
2026-09-28T00:04:22.691104+02:00,36519400,Torneo Federal A,Argentina,CSB Atenas,Sportivo General San Martin,2026-09-27T22:30:00+00:00,25.6218,soccer.total_goals,period=ft,over,total=1.25,1.3
2026-09-28T00:04:22.691104+02:00,36519400,Torneo Federal A,Argentina,CSB Atenas,Sportivo General San Martin,2026-09-27T22:30:00+00:00,25.6218,soccer.total_goals,period=ft,under,total=1.25,3.0
2026-09-28T00:04:22.691104+02:00,36519400,Torneo Federal A,Argentina,CSB Atenas,Sportivo General San Martin,2026-09-27T22:30:00+00:00,25.6218,soccer.total_goals,period=ft,over,total=1.5,1.47
2026-09-28T00:04:22.691104+02:00,36519400,Torneo Federal A,Argentina,CSB Atenas,Sportivo General San Martin,2026-09-27T22:30:00+00:00,25.6218,soccer.total_goals,period=ft,under,total=1.5,2.35
2026-09-28T00:04:22.691104+02:00,36519400,Torneo Federal A,Argentina,CSB Atenas,Sportivo General San Martin,2026-09-27T22:30:00+00:00,25.6218,soccer.total_goals,period=ft,over,total=1.75,1.63
2026-09-28T00:04:22.691104+02:00,36519400,Torneo Federal A,Argentina,CSB Atenas,Sportivo General San Martin,2026-09-27T22:30:00+00:00,25.6218,soccer.total_goals,period=ft,under,total=1.75,2.09
2026-09-28T00:04:22.691104+02:00,36519400,Torneo Federal A,Argentina,CSB Atenas,Sportivo General San Martin,2026-09-27T22:30:00+00:00,25.6218,soccer.total_goals,period=ft,over,total=2.25,2.2
2026-09-28T00:04:22.691104+02:00,36519400,Torneo Federal A,Argentina,CSB Atenas,Sportivo General San Martin,2026-09-27T22:30:00+00:00,25.6218,soccer.total_goals,period=ft,under,total=2.25,1.55
2026-09-28T00:04:22.691104+02:00,36519400,Torneo Federal A,Argentina,CSB Atenas,Sportivo General San Martin,2026-09-27T22:30:00+00:00,25.6218,soccer.total_goals,period=ft,over,total=2.5,2.5
2026-09-28T00:04:22.691104+02:00,36519400,Torneo Federal A,Argentina,CSB Atenas,Sportivo General San Martin,2026-09-27T22:30:00+00:00,25.6218,soccer.total_goals,period=ft,under,total=2.5,1.42
2026-09-28T00:04:22.691104+02:00,36519400,Torneo Federal A,Argentina,CSB Atenas,Sportivo General San Martin,2026-09-27T22:30:00+00:00,25.6218,soccer.total_goals,period=ft,over,total=2.75,3.0
2026-09-28T00:04:22.691104+02:00,36519400,Torneo Federal A,Argentina,CSB Atenas,Sportivo General San Martin,2026-09-27T22:30:00+00:00,25.6218,soccer.total_goals,period=ft,under,total=2.75,1.29
2026-09-28T00:04:22.691104+02:00,36499711,"Primera Division, Clausura",El Salvador,Municipal Limeno,CD FAS Santa Ana,2026-09-27T23:00:00+00:00,55.6218,soccer.asian_handicap,period=ft,home,handicap=0.25,1.78
2026-09-28T00:04:22.691104+02:00,36499711,"Primera Division, Clausura",El Salvador,Municipal Limeno,CD FAS Santa Ana,2026-09-27T23:00:00+00:00,55.6218,soccer.asian_handicap,period=ft,away,handicap=0.25,2.01
2026-09-28T00:04:22.691104+02:00,36499711,"Primera Division, Clausura",El Salvador,Municipal Limeno,CD FAS Santa Ana,2026-09-27T23:00:00+00:00,55.6218,soccer.asian_handicap,period=ft,home,handicap=-0.5,2.8
2026-09-28T00:04:22.691104+02:00,36499711,"Primera Division, Clausura",El Salvador,Municipal Limeno,CD FAS Santa Ana,2026-09-27T23:00:00+00:00,55.6218,soccer.asian_handicap,period=ft,away,handicap=-0.5,1.38
2026-09-28T00:04:22.691104+02:00,36499711,"Primera Division, Clausura",El Salvador,Municipal Limeno,CD FAS Santa Ana,2026-09-27T23:00:00+00:00,55.6218,soccer.asian_handicap,period=ft,home,handicap=-0.25,2.45
2026-09-28T00:04:22.691104+02:00,36499711,"Primera Division, Clausura",El Salvador,Municipal Limeno,CD FAS Santa Ana,2026-09-27T23:00:00+00:00,55.6218,soccer.asian_handicap,period=ft,away,handicap=-0.25,1.48
2026-09-28T00:04:22.691104+02:00,36499711,"Primera Division, Clausura",El Salvador,Municipal Limeno,CD FAS Santa Ana,2026-09-27T23:00:00+00:00,55.6218,soccer.asian_handicap,period=ft,home,handicap=0,2.11
2026-09-28T00:04:22.691104+02:00,36499711,"Primera Division, Clausura",El Salvador,Municipal Limeno,CD FAS Santa Ana,2026-09-27T23:00:00+00:00,55.6218,soccer.asian_handicap,period=ft,away,handicap=0,1.68
2026-09-28T00:04:22.691104+02:00,36499711,"Primera Division, Clausura",El Salvador,Municipal Limeno,CD FAS Santa Ana,2026-09-27T23:00:00+00:00,55.6218,soccer.asian_handicap,period=ft,home,handicap=0.5,1.58
2026-09-28T00:04:22.691104+02:00,36499711,"Primera Division, Clausura",El Salvador,Municipal Limeno,CD FAS Santa Ana,2026-09-27T23:00:00+00:00,55.6218,soccer.asian_handicap,period=ft,away,handicap=0.5,2.25
2026-09-28T00:04:22.691104+02:00,36499711,"Primera Division, Clausura",El Salvador,Municipal Limeno,CD FAS Santa Ana,2026-09-27T23:00:00+00:00,55.6218,soccer.asian_handicap,period=ft,home,handicap=0.75,1.41
2026-09-28T00:04:22.691104+02:00,36499711,"Primera Division, Clausura",El Salvador,Municipal Limeno,CD FAS Santa Ana,2026-09-27T23:00:00+00:00,55.6218,soccer.asian_handicap,period=ft,away,handicap=0.75,2.7
2026-09-28T00:04:22.691104+02:00,36499711,"Primera Division, Clausura",El Salvador,Municipal Limeno,CD FAS Santa Ana,2026-09-27T23:00:00+00:00,55.6218,soccer.asian_handicap,period=ft,home,handicap=1,1.25
2026-09-28T00:04:22.691104+02:00,36499711,"Primera Division, Clausura",El Salvador,Municipal Limeno,CD FAS Santa Ana,2026-09-27T23:00:00+00:00,55.6218,soccer.asian_handicap,period=ft,away,handicap=1,3.5
2026-09-28T00:04:22.691104+02:00,36499711,"Primera Division, Clausura",El Salvador,Municipal Limeno,CD FAS Santa Ana,2026-09-27T23:00:00+00:00,55.6218,soccer.double_chance,period=ft,draw_away,,1.38
2026-09-28T00:04:22.691104+02:00,36499711,"Primera Division, Clausura",El Salvador,Municipal Limeno,CD FAS Santa Ana,2026-09-27T23:00:00+00:00,55.6218,soccer.double_chance,period=ft,home_away,,1.32
2026-09-28T00:04:22.691104+02:00,36499711,"Primera Division, Clausura",El Salvador,Municipal Limeno,CD FAS Santa Ana,2026-09-27T23:00:00+00:00,55.6218,soccer.double_chance,period=ft,home_draw,,1.57
2026-09-28T00:04:22.691104+02:00,36499711,"Primera Division, Clausura",El Salvador,Municipal Limeno,CD FAS Santa Ana,2026-09-27T23:00:00+00:00,55.6218,soccer.match_odds,period=ft,home,,2.85
2026-09-28T00:04:22.691104+02:00,36499711,"Primera Division, Clausura",El Salvador,Municipal Limeno,CD FAS Santa Ana,2026-09-27T23:00:00+00:00,55.6218,soccer.match_odds,period=ft,draw,,3.2
2026-09-28T00:04:22.691104+02:00,36499711,"Primera Division, Clausura",El Salvador,Municipal Limeno,CD FAS Santa Ana,2026-09-27T23:00:00+00:00,55.6218,soccer.match_odds,period=ft,away,,2.3
2026-09-28T00:04:22.691104+02:00,36499711,"Primera Division, Clausura",El Salvador,Municipal Limeno,CD FAS Santa Ana,2026-09-27T23:00:00+00:00,55.6218,soccer.total_goals,period=ft,over,total=2.5,1.87
2026-09-28T00:04:22.691104+02:00,36499711,"Primera Division, Clausura",El Salvador,Municipal Limeno,CD FAS Santa Ana,2026-09-27T23:00:00+00:00,55.6218,soccer.total_goals,period=ft,under,total=2.5,1.9
2026-09-28T00:04:22.691104+02:00,36499711,"Primera Division, Clausura",El Salvador,Municipal Limeno,CD FAS Santa Ana,2026-09-27T23:00:00+00:00,55.6218,soccer.total_goals,period=ft,over,total=1.75,1.3
2026-09-28T00:04:22.691104+02:00,36499711,"Primera Division, Clausura",El Salvador,Municipal Limeno,CD FAS Santa Ana,2026-09-27T23:00:00+00:00,55.6218,soccer.total_goals,period=ft,under,total=1.75,3.2
2026-09-28T00:04:22.691104+02:00,36499711,"Primera Division, Clausura",El Salvador,Municipal Limeno,CD FAS Santa Ana,2026-09-27T23:00:00+00:00,55.6218,soccer.total_goals,period=ft,over,total=2,1.39
2026-09-28T00:04:22.691104+02:00,36499711,"Primera Division, Clausura",El Salvador,Municipal Limeno,CD FAS Santa Ana,2026-09-27T23:00:00+00:00,55.6218,soccer.total_goals,period=ft,under,total=2,2.75
2026-09-28T00:04:22.691104+02:00,36499711,"Primera Division, Clausura",El Salvador,Municipal Limeno,CD FAS Santa Ana,2026-09-27T23:00:00+00:00,55.6218,soccer.total_goals,period=ft,over,total=2.25,1.62
2026-09-28T00:04:22.691104+02:00,36499711,"Primera Division, Clausura",El Salvador,Municipal Limeno,CD FAS Santa Ana,2026-09-27T23:00:00+00:00,55.6218,soccer.total_goals,period=ft,under,total=2.25,2.2
2026-09-28T00:04:22.691104+02:00,36499711,"Primera Division, Clausura",El Salvador,Municipal Limeno,CD FAS Santa Ana,2026-09-27T23:00:00+00:00,55.6218,soccer.total_goals,period=ft,over,total=2.75,2.09
2026-09-28T00:04:22.691104+02:00,36499711,"Primera Division, Clausura",El Salvador,Municipal Limeno,CD FAS Santa Ana,2026-09-27T23:00:00+00:00,55.6218,soccer.total_goals,period=ft,under,total=2.75,1.69
2026-09-28T00:04:22.691104+02:00,36499711,"Primera Division, Clausura",El Salvador,Municipal Limeno,CD FAS Santa Ana,2026-09-27T23:00:00+00:00,55.6218,soccer.total_goals,period=ft,over,total=3,2.45
2026-09-28T00:04:22.691104+02:00,36499711,"Primera Division, Clausura",El Salvador,Municipal Limeno,CD FAS Santa Ana,2026-09-27T23:00:00+00:00,55.6218,soccer.total_goals,period=ft,under,total=3,1.48
2026-09-28T00:04:22.691104+02:00,36499711,"Primera Division, Clausura",El Salvador,Municipal Limeno,CD FAS Santa Ana,2026-09-27T23:00:00+00:00,55.6218,soccer.total_goals,period=ft,over,total=3.25,2.8
2026-09-28T00:04:22.691104+02:00,36499711,"Primera Division, Clausura",El Salvador,Municipal Limeno,CD FAS Santa Ana,2026-09-27T23:00:00+00:00,55.6218,soccer.total_goals,period=ft,under,total=3.25,1.38
2026-09-28T00:04:22.691104+02:00,36430466,"Primera A, Clausura",Colombia,Fortaleza FC,CD Tolima,2026-09-27T23:05:00+00:00,60.6218,soccer.asian_handicap,period=ft,home,handicap=0.25,2.03
2026-09-28T00:04:22.691104+02:00,36430466,"Primera A, Clausura",Colombia,Fortaleza FC,CD Tolima,2026-09-27T23:05:00+00:00,60.6218,soccer.asian_handicap,period=ft,away,handicap=0.25,1.8
2026-09-28T00:04:22.691104+02:00,36430466,"Primera A, Clausura",Colombia,Fortaleza FC,CD Tolima,2026-09-27T23:05:00+00:00,60.6218,soccer.asian_handicap,period=ft,home,handicap=-0.75,4.85
2026-09-28T00:04:22.691104+02:00,36430466,"Primera A, Clausura",Colombia,Fortaleza FC,CD Tolima,2026-09-27T23:05:00+00:00,60.6218,soccer.asian_handicap,period=ft,away,handicap=-0.75,1.18
2026-09-28T00:04:22.691104+02:00,36430466,"Primera A, Clausura",Colombia,Fortaleza FC,CD Tolima,2026-09-27T23:05:00+00:00,60.6218,soccer.asian_handicap,period=ft,home,handicap=-0.5,3.65
2026-09-28T00:04:22.691104+02:00,36430466,"Primera A, Clausura",Colombia,Fortaleza FC,CD Tolima,2026-09-27T23:05:00+00:00,60.6218,soccer.asian_handicap,period=ft,away,handicap=-0.5,1.27
2026-09-28T00:04:22.691104+02:00,36430466,"Primera A, Clausura",Colombia,Fortaleza FC,CD Tolima,2026-09-27T23:05:00+00:00,60.6218,soccer.asian_handicap,period=ft,home,handicap=-0.25,3.15
2026-09-28T00:04:22.691104+02:00,36430466,"Primera A, Clausura",Colombia,Fortaleza FC,CD Tolima,2026-09-27T23:05:00+00:00,60.6218,soccer.asian_handicap,period=ft,away,handicap=-0.25,1.35
2026-09-28T00:04:22.691104+02:00,36430466,"Primera A, Clausura",Colombia,Fortaleza FC,CD Tolima,2026-09-27T23:05:00+00:00,60.6218,soccer.asian_handicap,period=ft,home,handicap=0,2.6
2026-09-28T00:04:22.691104+02:00,36430466,"Primera A, Clausura",Colombia,Fortaleza FC,CD Tolima,2026-09-27T23:05:00+00:00,60.6218,soccer.asian_handicap,period=ft,away,handicap=0,1.49
2026-09-28T00:04:22.691104+02:00,36430466,"Primera A, Clausura",Colombia,Fortaleza FC,CD Tolima,2026-09-27T23:05:00+00:00,60.6218,soccer.asian_handicap,period=ft,home,handicap=0.5,1.74
2026-09-28T00:04:22.691104+02:00,36430466,"Primera A, Clausura",Colombia,Fortaleza FC,CD Tolima,2026-09-27T23:05:00+00:00,60.6218,soccer.asian_handicap,period=ft,away,handicap=0.5,2.1
2026-09-28T00:04:22.691104+02:00,36430466,"Primera A, Clausura",Colombia,Fortaleza FC,CD Tolima,2026-09-27T23:05:00+00:00,60.6218,soccer.asian_handicap,period=ft,home,handicap=0.75,1.53
2026-09-28T00:04:22.691104+02:00,36430466,"Primera A, Clausura",Colombia,Fortaleza FC,CD Tolima,2026-09-27T23:05:00+00:00,60.6218,soccer.asian_handicap,period=ft,away,handicap=0.75,2.45
2026-09-28T00:04:22.691104+02:00,36430466,"Primera A, Clausura",Colombia,Fortaleza FC,CD Tolima,2026-09-27T23:05:00+00:00,60.6218,soccer.asian_handicap,period=ft,home,handicap=1,1.33
2026-09-28T00:04:22.691104+02:00,36430466,"Primera A, Clausura",Colombia,Fortaleza FC,CD Tolima,2026-09-27T23:05:00+00:00,60.6218,soccer.asian_handicap,period=ft,away,handicap=1,3.25
2026-09-28T00:04:22.691104+02:00,36430466,"Primera A, Clausura",Colombia,Fortaleza FC,CD Tolima,2026-09-27T23:05:00+00:00,60.6218,soccer.asian_handicap,period=ft,home,handicap=1.25,1.26
2026-09-28T00:04:22.691104+02:00,36430466,"Primera A, Clausura",Colombia,Fortaleza FC,CD Tolima,2026-09-27T23:05:00+00:00,60.6218,soccer.asian_handicap,period=ft,away,handicap=1.25,3.7
2026-09-28T00:04:22.691104+02:00,36430466,"Primera A, Clausura",Colombia,Fortaleza FC,CD Tolima,2026-09-27T23:05:00+00:00,60.6218,soccer.double_chance,period=ft,draw_away,,1.31
2026-09-28T00:04:22.691104+02:00,36430466,"Primera A, Clausura",Colombia,Fortaleza FC,CD Tolima,2026-09-27T23:05:00+00:00,60.6218,soccer.double_chance,period=ft,home_away,,1.35
2026-09-28T00:04:22.691104+02:00,36430466,"Primera A, Clausura",Colombia,Fortaleza FC,CD Tolima,2026-09-27T23:05:00+00:00,60.6218,soccer.double_chance,period=ft,home_draw,,1.69
2026-09-28T00:04:22.691104+02:00,36430466,"Primera A, Clausura",Colombia,Fortaleza FC,CD Tolima,2026-09-27T23:05:00+00:00,60.6218,soccer.match_odds,period=ft,home,,3.7
2026-09-28T00:04:22.691104+02:00,36430466,"Primera A, Clausura",Colombia,Fortaleza FC,CD Tolima,2026-09-27T23:05:00+00:00,60.6218,soccer.match_odds,period=ft,draw,,3.2
2026-09-28T00:04:22.691104+02:00,36430466,"Primera A, Clausura",Colombia,Fortaleza FC,CD Tolima,2026-09-27T23:05:00+00:00,60.6218,soccer.match_odds,period=ft,away,,2.1
2026-09-28T00:04:22.691104+02:00,36430466,"Primera A, Clausura",Colombia,Fortaleza FC,CD Tolima,2026-09-27T23:05:00+00:00,60.6218,soccer.total_goals,period=ft,over,total=2.25,1.9
2026-09-28T00:04:22.691104+02:00,36430466,"Primera A, Clausura",Colombia,Fortaleza FC,CD Tolima,2026-09-27T23:05:00+00:00,60.6218,soccer.total_goals,period=ft,under,total=2.25,1.9
2026-09-28T00:04:22.691104+02:00,36430466,"Primera A, Clausura",Colombia,Fortaleza FC,CD Tolima,2026-09-27T23:05:00+00:00,60.6218,soccer.total_goals,period=ft,over,total=1.5,1.36
2026-09-28T00:04:22.691104+02:00,36430466,"Primera A, Clausura",Colombia,Fortaleza FC,CD Tolima,2026-09-27T23:05:00+00:00,60.6218,soccer.total_goals,period=ft,under,total=1.5,3.0
2026-09-28T00:04:22.691104+02:00,36430466,"Primera A, Clausura",Colombia,Fortaleza FC,CD Tolima,2026-09-27T23:05:00+00:00,60.6218,soccer.total_goals,period=ft,over,total=1.75,1.46
2026-09-28T00:04:22.691104+02:00,36430466,"Primera A, Clausura",Colombia,Fortaleza FC,CD Tolima,2026-09-27T23:05:00+00:00,60.6218,soccer.total_goals,period=ft,under,total=1.75,2.65
2026-09-28T00:04:22.691104+02:00,36430466,"Primera A, Clausura",Colombia,Fortaleza FC,CD Tolima,2026-09-27T23:05:00+00:00,60.6218,soccer.total_goals,period=ft,over,total=2,1.62
2026-09-28T00:04:22.691104+02:00,36430466,"Primera A, Clausura",Colombia,Fortaleza FC,CD Tolima,2026-09-27T23:05:00+00:00,60.6218,soccer.total_goals,period=ft,under,total=2,2.25
2026-09-28T00:04:22.691104+02:00,36430466,"Primera A, Clausura",Colombia,Fortaleza FC,CD Tolima,2026-09-27T23:05:00+00:00,60.6218,soccer.total_goals,period=ft,over,total=2.5,2.17
2026-09-28T00:04:22.691104+02:00,36430466,"Primera A, Clausura",Colombia,Fortaleza FC,CD Tolima,2026-09-27T23:05:00+00:00,60.6218,soccer.total_goals,period=ft,under,total=2.5,1.68
2026-09-28T00:04:22.691104+02:00,36430466,"Primera A, Clausura",Colombia,Fortaleza FC,CD Tolima,2026-09-27T23:05:00+00:00,60.6218,soccer.total_goals,period=ft,over,total=2.75,2.5
2026-09-28T00:04:22.691104+02:00,36430466,"Primera A, Clausura",Colombia,Fortaleza FC,CD Tolima,2026-09-27T23:05:00+00:00,60.6218,soccer.total_goals,period=ft,under,total=2.75,1.51
2026-09-28T00:04:22.691104+02:00,36430466,"Primera A, Clausura",Colombia,Fortaleza FC,CD Tolima,2026-09-27T23:05:00+00:00,60.6218,soccer.total_goals,period=ft,over,total=3.5,3.85
2026-09-28T00:04:22.691104+02:00,36430466,"Primera A, Clausura",Colombia,Fortaleza FC,CD Tolima,2026-09-27T23:05:00+00:00,60.6218,soccer.total_goals,period=ft,under,total=3.5,1.24
2026-09-28T00:06:23.621334+02:00,36519400,Torneo Federal A,Argentina,CSB Atenas,Sportivo General San Martin,2026-09-27T22:30:00+00:00,23.6063,soccer.asian_handicap,period=ft,home,handicap=0.75,0.0
2026-09-28T00:06:23.621334+02:00,36519400,Torneo Federal A,Argentina,CSB Atenas,Sportivo General San Martin,2026-09-27T22:30:00+00:00,23.6063,soccer.asian_handicap,period=ft,away,handicap=0.75,0.0
2026-09-28T00:06:23.621334+02:00,36519400,Torneo Federal A,Argentina,CSB Atenas,Sportivo General San Martin,2026-09-27T22:30:00+00:00,23.6063,soccer.asian_handicap,period=ft,home,handicap=-1,4.05
2026-09-28T00:06:23.621334+02:00,36519400,Torneo Federal A,Argentina,CSB Atenas,Sportivo General San Martin,2026-09-27T22:30:00+00:00,23.6063,soccer.asian_handicap,period=ft,away,handicap=-1,1.17
2026-09-28T00:06:23.621334+02:00,36519400,Torneo Federal A,Argentina,CSB Atenas,Sportivo General San Martin,2026-09-27T22:30:00+00:00,23.6063,soccer.asian_handicap,period=ft,home,handicap=-0.75,2.9
2026-09-28T00:06:23.621334+02:00,36519400,Torneo Federal A,Argentina,CSB Atenas,Sportivo General San Martin,2026-09-27T22:30:00+00:00,23.6063,soccer.asian_handicap,period=ft,away,handicap=-0.75,1.32
2026-09-28T00:06:23.621334+02:00,36519400,Torneo Federal A,Argentina,CSB Atenas,Sportivo General San Martin,2026-09-27T22:30:00+00:00,23.6063,soccer.asian_handicap,period=ft,home,handicap=-0.5,2.4
2026-09-28T00:06:23.621334+02:00,36519400,Torneo Federal A,Argentina,CSB Atenas,Sportivo General San Martin,2026-09-27T22:30:00+00:00,23.6063,soccer.asian_handicap,period=ft,away,handicap=-0.5,1.48
2026-09-28T00:06:23.621334+02:00,36519400,Torneo Federal A,Argentina,CSB Atenas,Sportivo General San Martin,2026-09-27T22:30:00+00:00,23.6063,soccer.asian_handicap,period=ft,home,handicap=-0.25,2.05
2026-09-28T00:06:23.621334+02:00,36519400,Torneo Federal A,Argentina,CSB Atenas,Sportivo General San Martin,2026-09-27T22:30:00+00:00,23.6063,soccer.asian_handicap,period=ft,away,handicap=-0.25,1.68
2026-09-28T00:06:23.621334+02:00,36519400,Torneo Federal A,Argentina,CSB Atenas,Sportivo General San Martin,2026-09-27T22:30:00+00:00,23.6063,soccer.asian_handicap,period=ft,home,handicap=0,1.65
2026-09-28T00:06:23.621334+02:00,36519400,Torneo Federal A,Argentina,CSB Atenas,Sportivo General San Martin,2026-09-27T22:30:00+00:00,23.6063,soccer.asian_handicap,period=ft,away,handicap=0,2.05
2026-09-28T00:06:23.621334+02:00,36519400,Torneo Federal A,Argentina,CSB Atenas,Sportivo General San Martin,2026-09-27T22:30:00+00:00,23.6063,soccer.asian_handicap,period=ft,home,handicap=0.25,1.43
2026-09-28T00:06:23.621334+02:00,36519400,Torneo Federal A,Argentina,CSB Atenas,Sportivo General San Martin,2026-09-27T22:30:00+00:00,23.6063,soccer.asian_handicap,period=ft,away,handicap=0.25,2.45
2026-09-28T00:06:23.621334+02:00,36519400,Torneo Federal A,Argentina,CSB Atenas,Sportivo General San Martin,2026-09-27T22:30:00+00:00,23.6063,soccer.asian_handicap,period=ft,home,handicap=0.5,1.32
2026-09-28T00:06:23.621334+02:00,36519400,Torneo Federal A,Argentina,CSB Atenas,Sportivo General San Martin,2026-09-27T22:30:00+00:00,23.6063,soccer.asian_handicap,period=ft,away,handicap=0.5,2.9
2026-09-28T00:06:23.621334+02:00,36519400,Torneo Federal A,Argentina,CSB Atenas,Sportivo General San Martin,2026-09-27T22:30:00+00:00,23.6063,soccer.double_chance,period=ft,draw_away,,1.51
2026-09-28T00:06:23.621334+02:00,36519400,Torneo Federal A,Argentina,CSB Atenas,Sportivo General San Martin,2026-09-27T22:30:00+00:00,23.6063,soccer.double_chance,period=ft,home_away,,1.43
2026-09-28T00:06:23.621334+02:00,36519400,Torneo Federal A,Argentina,CSB Atenas,Sportivo General San Martin,2026-09-27T22:30:00+00:00,23.6063,soccer.double_chance,period=ft,home_draw,,1.36
2026-09-28T00:06:23.621334+02:00,36519400,Torneo Federal A,Argentina,CSB Atenas,Sportivo General San Martin,2026-09-27T22:30:00+00:00,23.6063,soccer.match_odds,period=ft,home,,2.4
2026-09-28T00:06:23.621334+02:00,36519400,Torneo Federal A,Argentina,CSB Atenas,Sportivo General San Martin,2026-09-27T22:30:00+00:00,23.6063,soccer.match_odds,period=ft,draw,,2.65
2026-09-28T00:06:23.621334+02:00,36519400,Torneo Federal A,Argentina,CSB Atenas,Sportivo General San Martin,2026-09-27T22:30:00+00:00,23.6063,soccer.match_odds,period=ft,away,,2.95
2026-09-28T00:06:23.621334+02:00,36519400,Torneo Federal A,Argentina,CSB Atenas,Sportivo General San Martin,2026-09-27T22:30:00+00:00,23.6063,soccer.total_goals,period=ft,over,total=2,1.91
2026-09-28T00:06:23.621334+02:00,36519400,Torneo Federal A,Argentina,CSB Atenas,Sportivo General San Martin,2026-09-27T22:30:00+00:00,23.6063,soccer.total_goals,period=ft,under,total=2,1.79
2026-09-28T00:06:23.621334+02:00,36519400,Torneo Federal A,Argentina,CSB Atenas,Sportivo General San Martin,2026-09-27T22:30:00+00:00,23.6063,soccer.total_goals,period=ft,over,total=1.25,1.3
2026-09-28T00:06:23.621334+02:00,36519400,Torneo Federal A,Argentina,CSB Atenas,Sportivo General San Martin,2026-09-27T22:30:00+00:00,23.6063,soccer.total_goals,period=ft,under,total=1.25,3.0
2026-09-28T00:06:23.621334+02:00,36519400,Torneo Federal A,Argentina,CSB Atenas,Sportivo General San Martin,2026-09-27T22:30:00+00:00,23.6063,soccer.total_goals,period=ft,over,total=1.5,1.47
2026-09-28T00:06:23.621334+02:00,36519400,Torneo Federal A,Argentina,CSB Atenas,Sportivo General San Martin,2026-09-27T22:30:00+00:00,23.6063,soccer.total_goals,period=ft,under,total=1.5,2.35
2026-09-28T00:06:23.621334+02:00,36519400,Torneo Federal A,Argentina,CSB Atenas,Sportivo General San Martin,2026-09-27T22:30:00+00:00,23.6063,soccer.total_goals,period=ft,over,total=1.75,1.63
2026-09-28T00:06:23.621334+02:00,36519400,Torneo Federal A,Argentina,CSB Atenas,Sportivo General San Martin,2026-09-27T22:30:00+00:00,23.6063,soccer.total_goals,period=ft,under,total=1.75,2.09
2026-09-28T00:06:23.621334+02:00,36519400,Torneo Federal A,Argentina,CSB Atenas,Sportivo General San Martin,2026-09-27T22:30:00+00:00,23.6063,soccer.total_goals,period=ft,over,total=2.25,2.2
2026-09-28T00:06:23.621334+02:00,36519400,Torneo Federal A,Argentina,CSB Atenas,Sportivo General San Martin,2026-09-27T22:30:00+00:00,23.6063,soccer.total_goals,period=ft,under,total=2.25,1.55
2026-09-28T00:06:23.621334+02:00,36519400,Torneo Federal A,Argentina,CSB Atenas,Sportivo General San Martin,2026-09-27T22:30:00+00:00,23.6063,soccer.total_goals,period=ft,over,total=2.5,2.5
2026-09-28T00:06:23.621334+02:00,36519400,Torneo Federal A,Argentina,CSB Atenas,Sportivo General San Martin,2026-09-27T22:30:00+00:00,23.6063,soccer.total_goals,period=ft,under,total=2.5,1.42
2026-09-28T00:06:23.621334+02:00,36519400,Torneo Federal A,Argentina,CSB Atenas,Sportivo General San Martin,2026-09-27T22:30:00+00:00,23.6063,soccer.total_goals,period=ft,over,total=2.75,3.0
2026-09-28T00:06:23.621334+02:00,36519400,Torneo Federal A,Argentina,CSB Atenas,Sportivo General San Martin,2026-09-27T22:30:00+00:00,23.6063,soccer.total_goals,period=ft,under,total=2.75,1.29
2026-09-28T00:06:23.621334+02:00,36430466,"Primera A, Clausura",Colombia,Fortaleza FC,CD Tolima,2026-09-27T23:05:00+00:00,58.6063,soccer.asian_handicap,period=ft,home,handicap=0.25,2.03
2026-09-28T00:06:23.621334+02:00,36430466,"Primera A, Clausura",Colombia,Fortaleza FC,CD Tolima,2026-09-27T23:05:00+00:00,58.6063,soccer.asian_handicap,period=ft,away,handicap=0.25,1.8
2026-09-28T00:06:23.621334+02:00,36430466,"Primera A, Clausura",Colombia,Fortaleza FC,CD Tolima,2026-09-27T23:05:00+00:00,58.6063,soccer.asian_handicap,period=ft,home,handicap=-0.75,4.85
2026-09-28T00:06:23.621334+02:00,36430466,"Primera A, Clausura",Colombia,Fortaleza FC,CD Tolima,2026-09-27T23:05:00+00:00,58.6063,soccer.asian_handicap,period=ft,away,handicap=-0.75,1.18
2026-09-28T00:06:23.621334+02:00,36430466,"Primera A, Clausura",Colombia,Fortaleza FC,CD Tolima,2026-09-27T23:05:00+00:00,58.6063,soccer.asian_handicap,period=ft,home,handicap=-0.5,3.65
2026-09-28T00:06:23.621334+02:00,36430466,"Primera A, Clausura",Colombia,Fortaleza FC,CD Tolima,2026-09-27T23:05:00+00:00,58.6063,soccer.asian_handicap,period=ft,away,handicap=-0.5,1.27
2026-09-28T00:06:23.621334+02:00,36430466,"Primera A, Clausura",Colombia,Fortaleza FC,CD Tolima,2026-09-27T23:05:00+00:00,58.6063,soccer.asian_handicap,period=ft,home,handicap=-0.25,3.15
2026-09-28T00:06:23.621334+02:00,36430466,"Primera A, Clausura",Colombia,Fortaleza FC,CD Tolima,2026-09-27T23:05:00+00:00,58.6063,soccer.asian_handicap,period=ft,away,handicap=-0.25,1.35
2026-09-28T00:06:23.621334+02:00,36430466,"Primera A, Clausura",Colombia,Fortaleza FC,CD Tolima,2026-09-27T23:05:00+00:00,58.6063,soccer.asian_handicap,period=ft,home,handicap=0,2.6
2026-09-28T00:06:23.621334+02:00,36430466,"Primera A, Clausura",Colombia,Fortaleza FC,CD Tolima,2026-09-27T23:05:00+00:00,58.6063,soccer.asian_handicap,period=ft,away,handicap=0,1.49
2026-09-28T00:06:23.621334+02:00,36430466,"Primera A, Clausura",Colombia,Fortaleza FC,CD Tolima,2026-09-27T23:05:00+00:00,58.6063,soccer.asian_handicap,period=ft,home,handicap=0.5,1.74
2026-09-28T00:06:23.621334+02:00,36430466,"Primera A, Clausura",Colombia,Fortaleza FC,CD Tolima,2026-09-27T23:05:00+00:00,58.6063,soccer.asian_handicap,period=ft,away,handicap=0.5,2.1
2026-09-28T00:06:23.621334+02:00,36430466,"Primera A, Clausura",Colombia,Fortaleza FC,CD Tolima,2026-09-27T23:05:00+00:00,58.6063,soccer.asian_handicap,period=ft,home,handicap=0.75,1.53
2026-09-28T00:06:23.621334+02:00,36430466,"Primera A, Clausura",Colombia,Fortaleza FC,CD Tolima,2026-09-27T23:05:00+00:00,58.6063,soccer.asian_handicap,period=ft,away,handicap=0.75,2.45
2026-09-28T00:06:23.621334+02:00,36430466,"Primera A, Clausura",Colombia,Fortaleza FC,CD Tolima,2026-09-27T23:05:00+00:00,58.6063,soccer.asian_handicap,period=ft,home,handicap=1,1.33
2026-09-28T00:06:23.621334+02:00,36430466,"Primera A, Clausura",Colombia,Fortaleza FC,CD Tolima,2026-09-27T23:05:00+00:00,58.6063,soccer.asian_handicap,period=ft,away,handicap=1,3.25
2026-09-28T00:06:23.621334+02:00,36430466,"Primera A, Clausura",Colombia,Fortaleza FC,CD Tolima,2026-09-27T23:05:00+00:00,58.6063,soccer.asian_handicap,period=ft,home,handicap=1.25,1.26
2026-09-28T00:06:23.621334+02:00,36430466,"Primera A, Clausura",Colombia,Fortaleza FC,CD Tolima,2026-09-27T23:05:00+00:00,58.6063,soccer.asian_handicap,period=ft,away,handicap=1.25,3.7
2026-09-28T00:06:23.621334+02:00,36430466,"Primera A, Clausura",Colombia,Fortaleza FC,CD Tolima,2026-09-27T23:05:00+00:00,58.6063,soccer.double_chance,period=ft,draw_away,,1.31
2026-09-28T00:06:23.621334+02:00,36430466,"Primera A, Clausura",Colombia,Fortaleza FC,CD Tolima,2026-09-27T23:05:00+00:00,58.6063,soccer.double_chance,period=ft,home_away,,1.35
2026-09-28T00:06:23.621334+02:00,36430466,"Primera A, Clausura",Colombia,Fortaleza FC,CD Tolima,2026-09-27T23:05:00+00:00,58.6063,soccer.double_chance,period=ft,home_draw,,1.69
2026-09-28T00:06:23.621334+02:00,36430466,"Primera A, Clausura",Colombia,Fortaleza FC,CD Tolima,2026-09-27T23:05:00+00:00,58.6063,soccer.match_odds,period=ft,home,,3.7
2026-09-28T00:06:23.621334+02:00,36430466,"Primera A, Clausura",Colombia,Fortaleza FC,CD Tolima,2026-09-27T23:05:00+00:00,58.6063,soccer.match_odds,period=ft,draw,,3.2
2026-09-28T00:06:23.621334+02:00,36430466,"Primera A, Clausura",Colombia,Fortaleza FC,CD Tolima,2026-09-27T23:05:00+00:00,58.6063,soccer.match_odds,period=ft,away,,2.1
2026-09-28T00:06:23.621334+02:00,36430466,"Primera A, Clausura",Colombia,Fortaleza FC,CD Tolima,2026-09-27T23:05:00+00:00,58.6063,soccer.total_goals,period=ft,over,total=2.25,1.9
2026-09-28T00:06:23.621334+02:00,36430466,"Primera A, Clausura",Colombia,Fortaleza FC,CD Tolima,2026-09-27T23:05:00+00:00,58.6063,soccer.total_goals,period=ft,under,total=2.25,1.9
2026-09-28T00:06:23.621334+02:00,36430466,"Primera A, Clausura",Colombia,Fortaleza FC,CD Tolima,2026-09-27T23:05:00+00:00,58.6063,soccer.total_goals,period=ft,over,total=1.5,1.36
2026-09-28T00:06:23.621334+02:00,36430466,"Primera A, Clausura",Colombia,Fortaleza FC,CD Tolima,2026-09-27T23:05:00+00:00,58.6063,soccer.total_goals,period=ft,under,total=1.5,3.0
2026-09-28T00:06:23.621334+02:00,36430466,"Primera A, Clausura",Colombia,Fortaleza FC,CD Tolima,2026-09-27T23:05:00+00:00,58.6063,soccer.total_goals,period=ft,over,total=1.75,1.46
2026-09-28T00:06:23.621334+02:00,36430466,"Primera A, Clausura",Colombia,Fortaleza FC,CD Tolima,2026-09-27T23:05:00+00:00,58.6063,soccer.total_goals,period=ft,under,total=1.75,2.65
2026-09-28T00:06:23.621334+02:00,36430466,"Primera A, Clausura",Colombia,Fortaleza FC,CD Tolima,2026-09-27T23:05:00+00:00,58.6063,soccer.total_goals,period=ft,over,total=2,1.62
2026-09-28T00:06:23.621334+02:00,36430466,"Primera A, Clausura",Colombia,Fortaleza FC,CD Tolima,2026-09-27T23:05:00+00:00,58.6063,soccer.total_goals,period=ft,under,total=2,2.25
2026-09-28T00:06:23.621334+02:00,36430466,"Primera A, Clausura",Colombia,Fortaleza FC,CD Tolima,2026-09-27T23:05:00+00:00,58.6063,soccer.total_goals,period=ft,over,total=2.5,2.17
2026-09-28T00:06:23.621334+02:00,36430466,"Primera A, Clausura",Colombia,Fortaleza FC,CD Tolima,2026-09-27T23:05:00+00:00,58.6063,soccer.total_goals,period=ft,under,total=2.5,1.68
2026-09-28T00:06:23.621334+02:00,36430466,"Primera A, Clausura",Colombia,Fortaleza FC,CD Tolima,2026-09-27T23:05:00+00:00,58.6063,soccer.total_goals,period=ft,over,total=2.75,2.5
2026-09-28T00:06:23.621334+02:00,36430466,"Primera A, Clausura",Colombia,Fortaleza FC,CD Tolima,2026-09-27T23:05:00+00:00,58.6063,soccer.total_goals,period=ft,under,total=2.75,1.51
2026-09-28T00:06:23.621334+02:00,36430466,"Primera A, Clausura",Colombia,Fortaleza FC,CD Tolima,2026-09-27T23:05:00+00:00,58.6063,soccer.total_goals,period=ft,over,total=3.5,3.85
2026-09-28T00:06:23.621334+02:00,36430466,"Primera A, Clausura",Colombia,Fortaleza FC,CD Tolima,2026-09-27T23:05:00+00:00,58.6063,soccer.total_goals,period=ft,under,total=3.5,1.24
2026-09-28T00:06:23.621334+02:00,36499711,"Primera Division, Clausura",El Salvador,Municipal Limeno,CD FAS Santa Ana,2026-09-27T23:00:00+00:00,53.6063,soccer.asian_handicap,period=ft,home,handicap=0.25,1.78
2026-09-28T00:06:23.621334+02:00,36499711,"Primera Division, Clausura",El Salvador,Municipal Limeno,CD FAS Santa Ana,2026-09-27T23:00:00+00:00,53.6063,soccer.asian_handicap,period=ft,away,handicap=0.25,2.01
2026-09-28T00:06:23.621334+02:00,36499711,"Primera Division, Clausura",El Salvador,Municipal Limeno,CD FAS Santa Ana,2026-09-27T23:00:00+00:00,53.6063,soccer.asian_handicap,period=ft,home,handicap=-0.5,2.8
2026-09-28T00:06:23.621334+02:00,36499711,"Primera Division, Clausura",El Salvador,Municipal Limeno,CD FAS Santa Ana,2026-09-27T23:00:00+00:00,53.6063,soccer.asian_handicap,period=ft,away,handicap=-0.5,1.38
2026-09-28T00:06:23.621334+02:00,36499711,"Primera Division, Clausura",El Salvador,Municipal Limeno,CD FAS Santa Ana,2026-09-27T23:00:00+00:00,53.6063,soccer.asian_handicap,period=ft,home,handicap=-0.25,2.45
2026-09-28T00:06:23.621334+02:00,36499711,"Primera Division, Clausura",El Salvador,Municipal Limeno,CD FAS Santa Ana,2026-09-27T23:00:00+00:00,53.6063,soccer.asian_handicap,period=ft,away,handicap=-0.25,1.48
2026-09-28T00:06:23.621334+02:00,36499711,"Primera Division, Clausura",El Salvador,Municipal Limeno,CD FAS Santa Ana,2026-09-27T23:00:00+00:00,53.6063,soccer.asian_handicap,period=ft,home,handicap=0,2.11
2026-09-28T00:06:23.621334+02:00,36499711,"Primera Division, Clausura",El Salvador,Municipal Limeno,CD FAS Santa Ana,2026-09-27T23:00:00+00:00,53.6063,soccer.asian_handicap,period=ft,away,handicap=0,1.68
2026-09-28T00:06:23.621334+02:00,36499711,"Primera Division, Clausura",El Salvador,Municipal Limeno,CD FAS Santa Ana,2026-09-27T23:00:00+00:00,53.6063,soccer.asian_handicap,period=ft,home,handicap=0.5,1.58
2026-09-28T00:06:23.621334+02:00,36499711,"Primera Division, Clausura",El Salvador,Municipal Limeno,CD FAS Santa Ana,2026-09-27T23:00:00+00:00,53.6063,soccer.asian_handicap,period=ft,away,handicap=0.5,2.25
2026-09-28T00:06:23.621334+02:00,36499711,"Primera Division, Clausura",El Salvador,Municipal Limeno,CD FAS Santa Ana,2026-09-27T23:00:00+00:00,53.6063,soccer.asian_handicap,period=ft,home,handicap=0.75,1.41
2026-09-28T00:06:23.621334+02:00,36499711,"Primera Division, Clausura",El Salvador,Municipal Limeno,CD FAS Santa Ana,2026-09-27T23:00:00+00:00,53.6063,soccer.asian_handicap,period=ft,away,handicap=0.75,2.7
2026-09-28T00:06:23.621334+02:00,36499711,"Primera Division, Clausura",El Salvador,Municipal Limeno,CD FAS Santa Ana,2026-09-27T23:00:00+00:00,53.6063,soccer.asian_handicap,period=ft,home,handicap=1,1.25
2026-09-28T00:06:23.621334+02:00,36499711,"Primera Division, Clausura",El Salvador,Municipal Limeno,CD FAS Santa Ana,2026-09-27T23:00:00+00:00,53.6063,soccer.asian_handicap,period=ft,away,handicap=1,3.5
2026-09-28T00:06:23.621334+02:00,36499711,"Primera Division, Clausura",El Salvador,Municipal Limeno,CD FAS Santa Ana,2026-09-27T23:00:00+00:00,53.6063,soccer.double_chance,period=ft,draw_away,,1.38
2026-09-28T00:06:23.621334+02:00,36499711,"Primera Division, Clausura",El Salvador,Municipal Limeno,CD FAS Santa Ana,2026-09-27T23:00:00+00:00,53.6063,soccer.double_chance,period=ft,home_away,,1.32
2026-09-28T00:06:23.621334+02:00,36499711,"Primera Division, Clausura",El Salvador,Municipal Limeno,CD FAS Santa Ana,2026-09-27T23:00:00+00:00,53.6063,soccer.double_chance,period=ft,home_draw,,1.57
2026-09-28T00:06:23.621334+02:00,36499711,"Primera Division, Clausura",El Salvador,Municipal Limeno,CD FAS Santa Ana,2026-09-27T23:00:00+00:00,53.6063,soccer.match_odds,period=ft,home,,2.85
2026-09-28T00:06:23.621334+02:00,36499711,"Primera Division, Clausura",El Salvador,Municipal Limeno,CD FAS Santa Ana,2026-09-27T23:00:00+00:00,53.6063,soccer.match_odds,period=ft,draw,,3.2
2026-09-28T00:06:23.621334+02:00,36499711,"Primera Division, Clausura",El Salvador,Municipal Limeno,CD FAS Santa Ana,2026-09-27T23:00:00+00:00,53.6063,soccer.match_odds,period=ft,away,,2.3
2026-09-28T00:06:23.621334+02:00,36499711,"Primera Division, Clausura",El Salvador,Municipal Limeno,CD FAS Santa Ana,2026-09-27T23:00:00+00:00,53.6063,soccer.total_goals,period=ft,over,total=2.5,1.87
2026-09-28T00:06:23.621334+02:00,36499711,"Primera Division, Clausura",El Salvador,Municipal Limeno,CD FAS Santa Ana,2026-09-27T23:00:00+00:00,53.6063,soccer.total_goals,period=ft,under,total=2.5,1.9
2026-09-28T00:06:23.621334+02:00,36499711,"Primera Division, Clausura",El Salvador,Municipal Limeno,CD FAS Santa Ana,2026-09-27T23:00:00+00:00,53.6063,soccer.total_goals,period=ft,over,total=1.75,1.3
2026-09-28T00:06:23.621334+02:00,36499711,"Primera Division, Clausura",El Salvador,Municipal Limeno,CD FAS Santa Ana,2026-09-27T23:00:00+00:00,53.6063,soccer.total_goals,period=ft,under,total=1.75,3.2
2026-09-28T00:06:23.621334+02:00,36499711,"Primera Division, Clausura",El Salvador,Municipal Limeno,CD FAS Santa Ana,2026-09-27T23:00:00+00:00,53.6063,soccer.total_goals,period=ft,over,total=2,1.39
2026-09-28T00:06:23.621334+02:00,36499711,"Primera Division, Clausura",El Salvador,Municipal Limeno,CD FAS Santa Ana,2026-09-27T23:00:00+00:00,53.6063,soccer.total_goals,period=ft,under,total=2,2.75
2026-09-28T00:06:23.621334+02:00,36499711,"Primera Division, Clausura",El Salvador,Municipal Limeno,CD FAS Santa Ana,2026-09-27T23:00:00+00:00,53.6063,soccer.total_goals,period=ft,over,total=2.25,1.62
2026-09-28T00:06:23.621334+02:00,36499711,"Primera Division, Clausura",El Salvador,Municipal Limeno,CD FAS Santa Ana,2026-09-27T23:00:00+00:00,53.6063,soccer.total_goals,period=ft,under,total=2.25,2.2
2026-09-28T00:06:23.621334+02:00,36499711,"Primera Division, Clausura",El Salvador,Municipal Limeno,CD FAS Santa Ana,2026-09-27T23:00:00+00:00,53.6063,soccer.total_goals,period=ft,over,total=2.75,2.09
2026-09-28T00:06:23.621334+02:00,36499711,"Primera Division, Clausura",El Salvador,Municipal Limeno,CD FAS Santa Ana,2026-09-27T23:00:00+00:00,53.6063,soccer.total_goals,period=ft,under,total=2.75,1.69
2026-09-28T00:06:23.621334+02:00,36499711,"Primera Division, Clausura",El Salvador,Municipal Limeno,CD FAS Santa Ana,2026-09-27T23:00:00+00:00,53.6063,soccer.total_goals,period=ft,over,total=3,2.45
2026-09-28T00:06:23.621334+02:00,36499711,"Primera Division, Clausura",El Salvador,Municipal Limeno,CD FAS Santa Ana,2026-09-27T23:00:00+00:00,53.6063,soccer.total_goals,period=ft,under,total=3,1.48
2026-09-28T00:06:23.621334+02:00,36499711,"Primera Division, Clausura",El Salvador,Municipal Limeno,CD FAS Santa Ana,2026-09-27T23:00:00+00:00,53.6063,soccer.total_goals,period=ft,over,total=3.25,2.8
2026-09-28T00:06:23.621334+02:00,36499711,"Primera Division, Clausura",El Salvador,Municipal Limeno,CD FAS Santa Ana,2026-09-27T23:00:00+00:00,53.6063,soccer.total_goals,period=ft,under,total=3.25,1.38
2026-09-28T00:06:23.621334+02:00,36521606,"Liga Panamena de Futbol, Apertura",Panama,Veraguas United FC,AF Sporting San Miguelito,2026-09-27T23:15:00+00:00,68.6063,soccer.asian_handicap,period=ft,home,handicap=0,1.86
2026-09-28T00:06:23.621334+02:00,36521606,"Liga Panamena de Futbol, Apertura",Panama,Veraguas United FC,AF Sporting San Miguelito,2026-09-27T23:15:00+00:00,68.6063,soccer.asian_handicap,period=ft,away,handicap=0,1.91
2026-09-28T00:06:23.621334+02:00,36521606,"Liga Panamena de Futbol, Apertura",Panama,Veraguas United FC,AF Sporting San Miguelito,2026-09-27T23:15:00+00:00,68.6063,soccer.asian_handicap,period=ft,home,handicap=-0.75,3.05
2026-09-28T00:06:23.621334+02:00,36521606,"Liga Panamena de Futbol, Apertura",Panama,Veraguas United FC,AF Sporting San Miguelito,2026-09-27T23:15:00+00:00,68.6063,soccer.asian_handicap,period=ft,away,handicap=-0.75,1.32
2026-09-28T00:06:23.621334+02:00,36521606,"Liga Panamena de Futbol, Apertura",Panama,Veraguas United FC,AF Sporting San Miguelito,2026-09-27T23:15:00+00:00,68.6063,soccer.asian_handicap,period=ft,home,handicap=-0.5,2.5
2026-09-28T00:06:23.621334+02:00,36521606,"Liga Panamena de Futbol, Apertura",Panama,Veraguas United FC,AF Sporting San Miguelito,2026-09-27T23:15:00+00:00,68.6063,soccer.asian_handicap,period=ft,away,handicap=-0.5,1.46
2026-09-28T00:06:23.621334+02:00,36521606,"Liga Panamena de Futbol, Apertura",Panama,Veraguas United FC,AF Sporting San Miguelito,2026-09-27T23:15:00+00:00,68.6063,soccer.asian_handicap,period=ft,home,handicap=-0.25,2.2
2026-09-28T00:06:23.621334+02:00,36521606,"Liga Panamena de Futbol, Apertura",Panama,Veraguas United FC,AF Sporting San Miguelito,2026-09-27T23:15:00+00:00,68.6063,soccer.asian_handicap,period=ft,away,handicap=-0.25,1.62
2026-09-28T00:06:23.621334+02:00,36521606,"Liga Panamena de Futbol, Apertura",Panama,Veraguas United FC,AF Sporting San Miguelito,2026-09-27T23:15:00+00:00,68.6063,soccer.asian_handicap,period=ft,home,handicap=0.25,1.6
2026-09-28T00:06:23.621334+02:00,36521606,"Liga Panamena de Futbol, Apertura",Panama,Veraguas United FC,AF Sporting San Miguelito,2026-09-27T23:15:00+00:00,68.6063,soccer.asian_handicap,period=ft,away,handicap=0.25,2.25
2026-09-28T00:06:23.621334+02:00,36521606,"Liga Panamena de Futbol, Apertura",Panama,Veraguas United FC,AF Sporting San Miguelito,2026-09-27T23:15:00+00:00,68.6063,soccer.asian_handicap,period=ft,home,handicap=0.5,1.44
2026-09-28T00:06:23.621334+02:00,36521606,"Liga Panamena de Futbol, Apertura",Panama,Veraguas United FC,AF Sporting San Miguelito,2026-09-27T23:15:00+00:00,68.6063,soccer.asian_handicap,period=ft,away,handicap=0.5,2.55
2026-09-28T00:06:23.621334+02:00,36521606,"Liga Panamena de Futbol, Apertura",Panama,Veraguas United FC,AF Sporting San Miguelito,2026-09-27T23:15:00+00:00,68.6063,soccer.asian_handicap,period=ft,home,handicap=0.75,1.31
2026-09-28T00:06:23.621334+02:00,36521606,"Liga Panamena de Futbol, Apertura",Panama,Veraguas United FC,AF Sporting San Miguelito,2026-09-27T23:15:00+00:00,68.6063,soccer.asian_handicap,period=ft,away,handicap=0.75,3.15
2026-09-28T00:06:23.621334+02:00,36521606,"Liga Panamena de Futbol, Apertura",Panama,Veraguas United FC,AF Sporting San Miguelito,2026-09-27T23:15:00+00:00,68.6063,soccer.double_chance,period=ft,draw_away,,1.47
2026-09-28T00:06:23.621334+02:00,36521606,"Liga Panamena de Futbol, Apertura",Panama,Veraguas United FC,AF Sporting San Miguelito,2026-09-27T23:15:00+00:00,68.6063,soccer.double_chance,period=ft,home_away,,1.33
2026-09-28T00:06:23.621334+02:00,36521606,"Liga Panamena de Futbol, Apertura",Panama,Veraguas United FC,AF Sporting San Miguelito,2026-09-27T23:15:00+00:00,68.6063,soccer.double_chance,period=ft,home_draw,,1.45
2026-09-28T00:06:23.621334+02:00,36521606,"Liga Panamena de Futbol, Apertura",Panama,Veraguas United FC,AF Sporting San Miguelito,2026-09-27T23:15:00+00:00,68.6063,soccer.match_odds,period=ft,home,,2.55
2026-09-28T00:06:23.621334+02:00,36521606,"Liga Panamena de Futbol, Apertura",Panama,Veraguas United FC,AF Sporting San Miguelito,2026-09-27T23:15:00+00:00,68.6063,soccer.match_odds,period=ft,draw,,3.1
2026-09-28T00:06:23.621334+02:00,36521606,"Liga Panamena de Futbol, Apertura",Panama,Veraguas United FC,AF Sporting San Miguelito,2026-09-27T23:15:00+00:00,68.6063,soccer.match_odds,period=ft,away,,2.6
2026-09-28T00:06:23.621334+02:00,36521606,"Liga Panamena de Futbol, Apertura",Panama,Veraguas United FC,AF Sporting San Miguelito,2026-09-27T23:15:00+00:00,68.6063,soccer.total_goals,period=ft,over,total=2.5,1.98
2026-09-28T00:06:23.621334+02:00,36521606,"Liga Panamena de Futbol, Apertura",Panama,Veraguas United FC,AF Sporting San Miguelito,2026-09-27T23:15:00+00:00,68.6063,soccer.total_goals,period=ft,under,total=2.5,1.8
2026-09-28T00:06:23.621334+02:00,36521606,"Liga Panamena de Futbol, Apertura",Panama,Veraguas United FC,AF Sporting San Miguelito,2026-09-27T23:15:00+00:00,68.6063,soccer.total_goals,period=ft,over,total=1.75,1.34
2026-09-28T00:06:23.621334+02:00,36521606,"Liga Panamena de Futbol, Apertura",Panama,Veraguas United FC,AF Sporting San Miguelito,2026-09-27T23:15:00+00:00,68.6063,soccer.total_goals,period=ft,under,total=1.75,2.95
2026-09-28T00:06:23.621334+02:00,36521606,"Liga Panamena de Futbol, Apertura",Panama,Veraguas United FC,AF Sporting San Miguelito,2026-09-27T23:15:00+00:00,68.6063,soccer.total_goals,period=ft,over,total=2,1.45
2026-09-28T00:06:23.621334+02:00,36521606,"Liga Panamena de Futbol, Apertura",Panama,Veraguas United FC,AF Sporting San Miguelito,2026-09-27T23:15:00+00:00,68.6063,soccer.total_goals,period=ft,under,total=2,2.55
2026-09-28T00:06:23.621334+02:00,36521606,"Liga Panamena de Futbol, Apertura",Panama,Veraguas United FC,AF Sporting San Miguelito,2026-09-27T23:15:00+00:00,68.6063,soccer.total_goals,period=ft,over,total=2.25,1.71
2026-09-28T00:06:23.621334+02:00,36521606,"Liga Panamena de Futbol, Apertura",Panama,Veraguas United FC,AF Sporting San Miguelito,2026-09-27T23:15:00+00:00,68.6063,soccer.total_goals,period=ft,under,total=2.25,2.06
2026-09-28T00:06:23.621334+02:00,36521606,"Liga Panamena de Futbol, Apertura",Panama,Veraguas United FC,AF Sporting San Miguelito,2026-09-27T23:15:00+00:00,68.6063,soccer.total_goals,period=ft,over,total=2.75,2.2
2026-09-28T00:06:23.621334+02:00,36521606,"Liga Panamena de Futbol, Apertura",Panama,Veraguas United FC,AF Sporting San Miguelito,2026-09-27T23:15:00+00:00,68.6063,soccer.total_goals,period=ft,under,total=2.75,1.61
2026-09-28T00:06:23.621334+02:00,36521606,"Liga Panamena de Futbol, Apertura",Panama,Veraguas United FC,AF Sporting San Miguelito,2026-09-27T23:15:00+00:00,68.6063,soccer.total_goals,period=ft,over,total=3,2.65
2026-09-28T00:06:23.621334+02:00,36521606,"Liga Panamena de Futbol, Apertura",Panama,Veraguas United FC,AF Sporting San Miguelito,2026-09-27T23:15:00+00:00,68.6063,soccer.total_goals,period=ft,under,total=3,1.41
2026-09-28T00:06:23.621334+02:00,36521606,"Liga Panamena de Futbol, Apertura",Panama,Veraguas United FC,AF Sporting San Miguelito,2026-09-27T23:15:00+00:00,68.6063,soccer.total_goals,period=ft,over,total=3.25,3.0
2026-09-28T00:06:23.621334+02:00,36521606,"Liga Panamena de Futbol, Apertura",Panama,Veraguas United FC,AF Sporting San Miguelito,2026-09-27T23:15:00+00:00,68.6063,soccer.total_goals,period=ft,under,total=3.25,1.34
2026-09-28T00:06:23.621334+02:00,36529311,Copa Division Profesional,Bolivia,CD Real Tomayapo,Cdt Real Oruro,2026-09-27T23:30:00+00:00,83.6063,soccer.asian_handicap,period=ft,home,handicap=-0.5,1.92
2026-09-28T00:06:23.621334+02:00,36529311,Copa Division Profesional,Bolivia,CD Real Tomayapo,Cdt Real Oruro,2026-09-27T23:30:00+00:00,83.6063,soccer.asian_handicap,period=ft,away,handicap=-0.5,1.78
2026-09-28T00:06:23.621334+02:00,36529311,Copa Division Profesional,Bolivia,CD Real Tomayapo,Cdt Real Oruro,2026-09-27T23:30:00+00:00,83.6063,soccer.asian_handicap,period=ft,home,handicap=-1.25,2.8
2026-09-28T00:06:23.621334+02:00,36529311,Copa Division Profesional,Bolivia,CD Real Tomayapo,Cdt Real Oruro,2026-09-27T23:30:00+00:00,83.6063,soccer.asian_handicap,period=ft,away,handicap=-1.25,1.34
2026-09-28T00:06:23.621334+02:00,36529311,Copa Division Profesional,Bolivia,CD Real Tomayapo,Cdt Real Oruro,2026-09-27T23:30:00+00:00,83.6063,soccer.asian_handicap,period=ft,home,handicap=-1,2.5
2026-09-28T00:06:23.621334+02:00,36529311,Copa Division Profesional,Bolivia,CD Real Tomayapo,Cdt Real Oruro,2026-09-27T23:30:00+00:00,83.6063,soccer.asian_handicap,period=ft,away,handicap=-1,1.42
2026-09-28T00:06:23.621334+02:00,36529311,Copa Division Profesional,Bolivia,CD Real Tomayapo,Cdt Real Oruro,2026-09-27T23:30:00+00:00,83.6063,soccer.asian_handicap,period=ft,home,handicap=-0.75,2.14
2026-09-28T00:06:23.621334+02:00,36529311,Copa Division Profesional,Bolivia,CD Real Tomayapo,Cdt Real Oruro,2026-09-27T23:30:00+00:00,83.6063,soccer.asian_handicap,period=ft,away,handicap=-0.75,1.6
2026-09-28T00:06:23.621334+02:00,36529311,Copa Division Profesional,Bolivia,CD Real Tomayapo,Cdt Real Oruro,2026-09-27T23:30:00+00:00,83.6063,soccer.asian_handicap,period=ft,home,handicap=-0.25,1.69
2026-09-28T00:06:23.621334+02:00,36529311,Copa Division Profesional,Bolivia,CD Real Tomayapo,Cdt Real Oruro,2026-09-27T23:30:00+00:00,83.6063,soccer.asian_handicap,period=ft,away,handicap=-0.25,2.0
2026-09-28T00:06:23.621334+02:00,36529311,Copa Division Profesional,Bolivia,CD Real Tomayapo,Cdt Real Oruro,2026-09-27T23:30:00+00:00,83.6063,soccer.asian_handicap,period=ft,home,handicap=0,1.47
2026-09-28T00:06:23.621334+02:00,36529311,Copa Division Profesional,Bolivia,CD Real Tomayapo,Cdt Real Oruro,2026-09-27T23:30:00+00:00,83.6063,soccer.asian_handicap,period=ft,away,handicap=0,2.35
2026-09-28T00:06:23.621334+02:00,36529311,Copa Division Profesional,Bolivia,CD Real Tomayapo,Cdt Real Oruro,2026-09-27T23:30:00+00:00,83.6063,soccer.asian_handicap,period=ft,home,handicap=0.25,1.37
2026-09-28T00:06:23.621334+02:00,36529311,Copa Division Profesional,Bolivia,CD Real Tomayapo,Cdt Real Oruro,2026-09-27T23:30:00+00:00,83.6063,soccer.asian_handicap,period=ft,away,handicap=0.25,2.65
2026-09-28T00:06:23.621334+02:00,36529311,Copa Division Profesional,Bolivia,CD Real Tomayapo,Cdt Real Oruro,2026-09-27T23:30:00+00:00,83.6063,soccer.match_odds,period=ft,home,,1.91
2026-09-28T00:06:23.621334+02:00,36529311,Copa Division Profesional,Bolivia,CD Real Tomayapo,Cdt Real Oruro,2026-09-27T23:30:00+00:00,83.6063,soccer.match_odds,period=ft,draw,,3.6
2026-09-28T00:06:23.621334+02:00,36529311,Copa Division Profesional,Bolivia,CD Real Tomayapo,Cdt Real Oruro,2026-09-27T23:30:00+00:00,83.6063,soccer.match_odds,period=ft,away,,3.05
2026-09-28T00:06:23.621334+02:00,36529311,Copa Division Profesional,Bolivia,CD Real Tomayapo,Cdt Real Oruro,2026-09-27T23:30:00+00:00,83.6063,soccer.total_goals,period=ft,over,total=3.5,1.89
2026-09-28T00:06:23.621334+02:00,36529311,Copa Division Profesional,Bolivia,CD Real Tomayapo,Cdt Real Oruro,2026-09-27T23:30:00+00:00,83.6063,soccer.total_goals,period=ft,under,total=3.5,1.8
2026-09-28T00:06:23.621334+02:00,36529311,Copa Division Profesional,Bolivia,CD Real Tomayapo,Cdt Real Oruro,2026-09-27T23:30:00+00:00,83.6063,soccer.total_goals,period=ft,over,total=2.75,1.4
2026-09-28T00:06:23.621334+02:00,36529311,Copa Division Profesional,Bolivia,CD Real Tomayapo,Cdt Real Oruro,2026-09-27T23:30:00+00:00,83.6063,soccer.total_goals,period=ft,under,total=2.75,2.55
2026-09-28T00:06:23.621334+02:00,36529311,Copa Division Profesional,Bolivia,CD Real Tomayapo,Cdt Real Oruro,2026-09-27T23:30:00+00:00,83.6063,soccer.total_goals,period=ft,over,total=3,1.5
2026-09-28T00:06:23.621334+02:00,36529311,Copa Division Profesional,Bolivia,CD Real Tomayapo,Cdt Real Oruro,2026-09-27T23:30:00+00:00,83.6063,soccer.total_goals,period=ft,under,total=3,2.3
2026-09-28T00:06:23.621334+02:00,36529311,Copa Division Profesional,Bolivia,CD Real Tomayapo,Cdt Real Oruro,2026-09-27T23:30:00+00:00,83.6063,soccer.total_goals,period=ft,over,total=3.25,1.7
2026-09-28T00:06:23.621334+02:00,36529311,Copa Division Profesional,Bolivia,CD Real Tomayapo,Cdt Real Oruro,2026-09-27T23:30:00+00:00,83.6063,soccer.total_goals,period=ft,under,total=3.25,2.0
2026-09-28T00:06:23.621334+02:00,36529311,Copa Division Profesional,Bolivia,CD Real Tomayapo,Cdt Real Oruro,2026-09-27T23:30:00+00:00,83.6063,soccer.total_goals,period=ft,over,total=3.75,2.1
2026-09-28T00:06:23.621334+02:00,36529311,Copa Division Profesional,Bolivia,CD Real Tomayapo,Cdt Real Oruro,2026-09-27T23:30:00+00:00,83.6063,soccer.total_goals,period=ft,under,total=3.75,1.62
2026-09-28T00:06:23.621334+02:00,36529311,Copa Division Profesional,Bolivia,CD Real Tomayapo,Cdt Real Oruro,2026-09-27T23:30:00+00:00,83.6063,soccer.total_goals,period=ft,over,total=4,2.45
2026-09-28T00:06:23.621334+02:00,36529311,Copa Division Profesional,Bolivia,CD Real Tomayapo,Cdt Real Oruro,2026-09-27T23:30:00+00:00,83.6063,soccer.total_goals,period=ft,under,total=4,1.44
2026-09-28T00:06:23.621334+02:00,36529311,Copa Division Profesional,Bolivia,CD Real Tomayapo,Cdt Real Oruro,2026-09-27T23:30:00+00:00,83.6063,soccer.total_goals,period=ft,over,total=4.25,2.7
2026-09-28T00:06:23.621334+02:00,36529311,Copa Division Profesional,Bolivia,CD Real Tomayapo,Cdt Real Oruro,2026-09-27T23:30:00+00:00,83.6063,soccer.total_goals,period=ft,under,total=4.25,1.36
2026-09-28T00:06:23.621334+02:00,36500991,Segunda Division,Uruguay,Huracan Del Paso de la Arena,Miramar Misiones,2026-09-27T23:00:00+00:00,53.6063,soccer.asian_handicap,period=ft,home,handicap=-0.25,1.87
2026-09-28T00:06:23.621334+02:00,36500991,Segunda Division,Uruguay,Huracan Del Paso de la Arena,Miramar Misiones,2026-09-27T23:00:00+00:00,53.6063,soccer.asian_handicap,period=ft,away,handicap=-0.25,1.9
2026-09-28T00:06:23.621334+02:00,36500991,Segunda Division,Uruguay,Huracan Del Paso de la Arena,Miramar Misiones,2026-09-27T23:00:00+00:00,53.6063,soccer.asian_handicap,period=ft,home,handicap=-1,3.3
2026-09-28T00:06:23.621334+02:00,36500991,Segunda Division,Uruguay,Huracan Del Paso de la Arena,Miramar Misiones,2026-09-27T23:00:00+00:00,53.6063,soccer.asian_handicap,period=ft,away,handicap=-1,1.28
2026-09-28T00:06:23.621334+02:00,36500991,Segunda Division,Uruguay,Huracan Del Paso de la Arena,Miramar Misiones,2026-09-27T23:00:00+00:00,53.6063,soccer.asian_handicap,period=ft,home,handicap=-0.75,2.5
2026-09-28T00:06:23.621334+02:00,36500991,Segunda Division,Uruguay,Huracan Del Paso de la Arena,Miramar Misiones,2026-09-27T23:00:00+00:00,53.6063,soccer.asian_handicap,period=ft,away,handicap=-0.75,1.47
2026-09-28T00:06:23.621334+02:00,36500991,Segunda Division,Uruguay,Huracan Del Paso de la Arena,Miramar Misiones,2026-09-27T23:00:00+00:00,53.6063,soccer.asian_handicap,period=ft,home,handicap=-0.5,2.14
2026-09-28T00:06:23.621334+02:00,36500991,Segunda Division,Uruguay,Huracan Del Paso de la Arena,Miramar Misiones,2026-09-27T23:00:00+00:00,53.6063,soccer.asian_handicap,period=ft,away,handicap=-0.5,1.66
2026-09-28T00:06:23.621334+02:00,36500991,Segunda Division,Uruguay,Huracan Del Paso de la Arena,Miramar Misiones,2026-09-27T23:00:00+00:00,53.6063,soccer.asian_handicap,period=ft,home,handicap=0,1.56
2026-09-28T00:06:23.621334+02:00,36500991,Segunda Division,Uruguay,Huracan Del Paso de la Arena,Miramar Misiones,2026-09-27T23:00:00+00:00,53.6063,soccer.asian_handicap,period=ft,away,handicap=0,2.3
2026-09-28T00:06:23.621334+02:00,36500991,Segunda Division,Uruguay,Huracan Del Paso de la Arena,Miramar Misiones,2026-09-27T23:00:00+00:00,53.6063,soccer.asian_handicap,period=ft,home,handicap=0.25,1.4
2026-09-28T00:06:23.621334+02:00,36500991,Segunda Division,Uruguay,Huracan Del Paso de la Arena,Miramar Misiones,2026-09-27T23:00:00+00:00,53.6063,soccer.asian_handicap,period=ft,away,handicap=0.25,2.7
2026-09-28T00:06:23.621334+02:00,36500991,Segunda Division,Uruguay,Huracan Del Paso de la Arena,Miramar Misiones,2026-09-27T23:00:00+00:00,53.6063,soccer.asian_handicap,period=ft,home,handicap=0.5,1.32
2026-09-28T00:06:23.621334+02:00,36500991,Segunda Division,Uruguay,Huracan Del Paso de la Arena,Miramar Misiones,2026-09-27T23:00:00+00:00,53.6063,soccer.asian_handicap,period=ft,away,handicap=0.5,3.1
2026-09-28T00:06:23.621334+02:00,36500991,Segunda Division,Uruguay,Huracan Del Paso de la Arena,Miramar Misiones,2026-09-27T23:00:00+00:00,53.6063,soccer.double_chance,period=ft,draw_away,,1.65
2026-09-28T00:06:23.621334+02:00,36500991,Segunda Division,Uruguay,Huracan Del Paso de la Arena,Miramar Misiones,2026-09-27T23:00:00+00:00,53.6063,soccer.double_chance,period=ft,home_away,,1.32
2026-09-28T00:06:23.621334+02:00,36500991,Segunda Division,Uruguay,Huracan Del Paso de la Arena,Miramar Misiones,2026-09-27T23:00:00+00:00,53.6063,soccer.double_chance,period=ft,home_draw,,1.32
2026-09-28T00:06:23.621334+02:00,36500991,Segunda Division,Uruguay,Huracan Del Paso de la Arena,Miramar Misiones,2026-09-27T23:00:00+00:00,53.6063,soccer.match_odds,period=ft,home,,2.15
2026-09-28T00:06:23.621334+02:00,36500991,Segunda Division,Uruguay,Huracan Del Paso de la Arena,Miramar Misiones,2026-09-27T23:00:00+00:00,53.6063,soccer.match_odds,period=ft,draw,,3.15
2026-09-28T00:06:23.621334+02:00,36500991,Segunda Division,Uruguay,Huracan Del Paso de la Arena,Miramar Misiones,2026-09-27T23:00:00+00:00,53.6063,soccer.match_odds,period=ft,away,,3.15
2026-09-28T00:06:23.621334+02:00,36500991,Segunda Division,Uruguay,Huracan Del Paso de la Arena,Miramar Misiones,2026-09-27T23:00:00+00:00,53.6063,soccer.total_goals,period=ft,over,total=2.25,1.89
2026-09-28T00:06:23.621334+02:00,36500991,Segunda Division,Uruguay,Huracan Del Paso de la Arena,Miramar Misiones,2026-09-27T23:00:00+00:00,53.6063,soccer.total_goals,period=ft,under,total=2.25,1.89
2026-09-28T00:06:23.621334+02:00,36500991,Segunda Division,Uruguay,Huracan Del Paso de la Arena,Miramar Misiones,2026-09-27T23:00:00+00:00,53.6063,soccer.total_goals,period=ft,over,total=1.5,1.34
2026-09-28T00:06:23.621334+02:00,36500991,Segunda Division,Uruguay,Huracan Del Paso de la Arena,Miramar Misiones,2026-09-27T23:00:00+00:00,53.6063,soccer.total_goals,period=ft,under,total=1.5,2.95
2026-09-28T00:06:23.621334+02:00,36500991,Segunda Division,Uruguay,Huracan Del Paso de la Arena,Miramar Misiones,2026-09-27T23:00:00+00:00,53.6063,soccer.total_goals,period=ft,over,total=1.75,1.43
2026-09-28T00:06:23.621334+02:00,36500991,Segunda Division,Uruguay,Huracan Del Paso de la Arena,Miramar Misiones,2026-09-27T23:00:00+00:00,53.6063,soccer.total_goals,period=ft,under,total=1.75,2.6
2026-09-28T00:06:23.621334+02:00,36500991,Segunda Division,Uruguay,Huracan Del Paso de la Arena,Miramar Misiones,2026-09-27T23:00:00+00:00,53.6063,soccer.total_goals,period=ft,over,total=2,1.59
2026-09-28T00:06:23.621334+02:00,36500991,Segunda Division,Uruguay,Huracan Del Paso de la Arena,Miramar Misiones,2026-09-27T23:00:00+00:00,53.6063,soccer.total_goals,period=ft,under,total=2,2.25
2026-09-28T00:06:23.621334+02:00,36500991,Segunda Division,Uruguay,Huracan Del Paso de la Arena,Miramar Misiones,2026-09-27T23:00:00+00:00,53.6063,soccer.total_goals,period=ft,over,total=2.5,2.14
2026-09-28T00:06:23.621334+02:00,36500991,Segunda Division,Uruguay,Huracan Del Paso de la Arena,Miramar Misiones,2026-09-27T23:00:00+00:00,53.6063,soccer.total_goals,period=ft,under,total=2.5,1.66
2026-09-28T00:06:23.621334+02:00,36500991,Segunda Division,Uruguay,Huracan Del Paso de la Arena,Miramar Misiones,2026-09-27T23:00:00+00:00,53.6063,soccer.total_goals,period=ft,over,total=2.75,2.45
2026-09-28T00:06:23.621334+02:00,36500991,Segunda Division,Uruguay,Huracan Del Paso de la Arena,Miramar Misiones,2026-09-27T23:00:00+00:00,53.6063,soccer.total_goals,period=ft,under,total=2.75,1.48
2026-09-28T00:06:23.621334+02:00,36500991,Segunda Division,Uruguay,Huracan Del Paso de la Arena,Miramar Misiones,2026-09-27T23:00:00+00:00,53.6063,soccer.total_goals,period=ft,over,total=3,3.1
2026-09-28T00:06:23.621334+02:00,36500991,Segunda Division,Uruguay,Huracan Del Paso de la Arena,Miramar Misiones,2026-09-27T23:00:00+00:00,53.6063,soccer.total_goals,period=ft,under,total=3,1.31
2026-09-28T00:08:24.136149+02:00,36521606,"Liga Panamena de Futbol, Apertura",Panama,Veraguas United FC,AF Sporting San Miguelito,2026-09-27T23:15:00+00:00,66.5977,soccer.asian_handicap,period=ft,home,handicap=0,1.86
2026-09-28T00:08:24.136149+02:00,36521606,"Liga Panamena de Futbol, Apertura",Panama,Veraguas United FC,AF Sporting San Miguelito,2026-09-27T23:15:00+00:00,66.5977,soccer.asian_handicap,period=ft,away,handicap=0,1.91
2026-09-28T00:08:24.136149+02:00,36521606,"Liga Panamena de Futbol, Apertura",Panama,Veraguas United FC,AF Sporting San Miguelito,2026-09-27T23:15:00+00:00,66.5977,soccer.asian_handicap,period=ft,home,handicap=-0.75,3.05
2026-09-28T00:08:24.136149+02:00,36521606,"Liga Panamena de Futbol, Apertura",Panama,Veraguas United FC,AF Sporting San Miguelito,2026-09-27T23:15:00+00:00,66.5977,soccer.asian_handicap,period=ft,away,handicap=-0.75,1.32
2026-09-28T00:08:24.136149+02:00,36521606,"Liga Panamena de Futbol, Apertura",Panama,Veraguas United FC,AF Sporting San Miguelito,2026-09-27T23:15:00+00:00,66.5977,soccer.asian_handicap,period=ft,home,handicap=-0.5,2.5
2026-09-28T00:08:24.136149+02:00,36521606,"Liga Panamena de Futbol, Apertura",Panama,Veraguas United FC,AF Sporting San Miguelito,2026-09-27T23:15:00+00:00,66.5977,soccer.asian_handicap,period=ft,away,handicap=-0.5,1.46
2026-09-28T00:08:24.136149+02:00,36521606,"Liga Panamena de Futbol, Apertura",Panama,Veraguas United FC,AF Sporting San Miguelito,2026-09-27T23:15:00+00:00,66.5977,soccer.asian_handicap,period=ft,home,handicap=-0.25,2.2
2026-09-28T00:08:24.136149+02:00,36521606,"Liga Panamena de Futbol, Apertura",Panama,Veraguas United FC,AF Sporting San Miguelito,2026-09-27T23:15:00+00:00,66.5977,soccer.asian_handicap,period=ft,away,handicap=-0.25,1.62
2026-09-28T00:08:24.136149+02:00,36521606,"Liga Panamena de Futbol, Apertura",Panama,Veraguas United FC,AF Sporting San Miguelito,2026-09-27T23:15:00+00:00,66.5977,soccer.asian_handicap,period=ft,home,handicap=0.25,1.6
2026-09-28T00:08:24.136149+02:00,36521606,"Liga Panamena de Futbol, Apertura",Panama,Veraguas United FC,AF Sporting San Miguelito,2026-09-27T23:15:00+00:00,66.5977,soccer.asian_handicap,period=ft,away,handicap=0.25,2.25
2026-09-28T00:08:24.136149+02:00,36521606,"Liga Panamena de Futbol, Apertura",Panama,Veraguas United FC,AF Sporting San Miguelito,2026-09-27T23:15:00+00:00,66.5977,soccer.asian_handicap,period=ft,home,handicap=0.5,1.44
2026-09-28T00:08:24.136149+02:00,36521606,"Liga Panamena de Futbol, Apertura",Panama,Veraguas United FC,AF Sporting San Miguelito,2026-09-27T23:15:00+00:00,66.5977,soccer.asian_handicap,period=ft,away,handicap=0.5,2.55
2026-09-28T00:08:24.136149+02:00,36521606,"Liga Panamena de Futbol, Apertura",Panama,Veraguas United FC,AF Sporting San Miguelito,2026-09-27T23:15:00+00:00,66.5977,soccer.asian_handicap,period=ft,home,handicap=0.75,1.31
2026-09-28T00:08:24.136149+02:00,36521606,"Liga Panamena de Futbol, Apertura",Panama,Veraguas United FC,AF Sporting San Miguelito,2026-09-27T23:15:00+00:00,66.5977,soccer.asian_handicap,period=ft,away,handicap=0.75,3.15
2026-09-28T00:08:24.136149+02:00,36521606,"Liga Panamena de Futbol, Apertura",Panama,Veraguas United FC,AF Sporting San Miguelito,2026-09-27T23:15:00+00:00,66.5977,soccer.double_chance,period=ft,draw_away,,1.47
2026-09-28T00:08:24.136149+02:00,36521606,"Liga Panamena de Futbol, Apertura",Panama,Veraguas United FC,AF Sporting San Miguelito,2026-09-27T23:15:00+00:00,66.5977,soccer.double_chance,period=ft,home_away,,1.33
2026-09-28T00:08:24.136149+02:00,36521606,"Liga Panamena de Futbol, Apertura",Panama,Veraguas United FC,AF Sporting San Miguelito,2026-09-27T23:15:00+00:00,66.5977,soccer.double_chance,period=ft,home_draw,,1.45
2026-09-28T00:08:24.136149+02:00,36521606,"Liga Panamena de Futbol, Apertura",Panama,Veraguas United FC,AF Sporting San Miguelito,2026-09-27T23:15:00+00:00,66.5977,soccer.match_odds,period=ft,home,,2.55
2026-09-28T00:08:24.136149+02:00,36521606,"Liga Panamena de Futbol, Apertura",Panama,Veraguas United FC,AF Sporting San Miguelito,2026-09-27T23:15:00+00:00,66.5977,soccer.match_odds,period=ft,draw,,3.1
2026-09-28T00:08:24.136149+02:00,36521606,"Liga Panamena de Futbol, Apertura",Panama,Veraguas United FC,AF Sporting San Miguelito,2026-09-27T23:15:00+00:00,66.5977,soccer.match_odds,period=ft,away,,2.6
2026-09-28T00:08:24.136149+02:00,36521606,"Liga Panamena de Futbol, Apertura",Panama,Veraguas United FC,AF Sporting San Miguelito,2026-09-27T23:15:00+00:00,66.5977,soccer.total_goals,period=ft,over,total=2.5,1.98
2026-09-28T00:08:24.136149+02:00,36521606,"Liga Panamena de Futbol, Apertura",Panama,Veraguas United FC,AF Sporting San Miguelito,2026-09-27T23:15:00+00:00,66.5977,soccer.total_goals,period=ft,under,total=2.5,1.8
2026-09-28T00:08:24.136149+02:00,36521606,"Liga Panamena de Futbol, Apertura",Panama,Veraguas United FC,AF Sporting San Miguelito,2026-09-27T23:15:00+00:00,66.5977,soccer.total_goals,period=ft,over,total=1.75,1.34
2026-09-28T00:08:24.136149+02:00,36521606,"Liga Panamena de Futbol, Apertura",Panama,Veraguas United FC,AF Sporting San Miguelito,2026-09-27T23:15:00+00:00,66.5977,soccer.total_goals,period=ft,under,total=1.75,2.95
2026-09-28T00:08:24.136149+02:00,36521606,"Liga Panamena de Futbol, Apertura",Panama,Veraguas United FC,AF Sporting San Miguelito,2026-09-27T23:15:00+00:00,66.5977,soccer.total_goals,period=ft,over,total=2,1.45
2026-09-28T00:08:24.136149+02:00,36521606,"Liga Panamena de Futbol, Apertura",Panama,Veraguas United FC,AF Sporting San Miguelito,2026-09-27T23:15:00+00:00,66.5977,soccer.total_goals,period=ft,under,total=2,2.55
2026-09-28T00:08:24.136149+02:00,36521606,"Liga Panamena de Futbol, Apertura",Panama,Veraguas United FC,AF Sporting San Miguelito,2026-09-27T23:15:00+00:00,66.5977,soccer.total_goals,period=ft,over,total=2.25,1.71
2026-09-28T00:08:24.136149+02:00,36521606,"Liga Panamena de Futbol, Apertura",Panama,Veraguas United FC,AF Sporting San Miguelito,2026-09-27T23:15:00+00:00,66.5977,soccer.total_goals,period=ft,under,total=2.25,2.06
2026-09-28T00:08:24.136149+02:00,36521606,"Liga Panamena de Futbol, Apertura",Panama,Veraguas United FC,AF Sporting San Miguelito,2026-09-27T23:15:00+00:00,66.5977,soccer.total_goals,period=ft,over,total=2.75,2.2
2026-09-28T00:08:24.136149+02:00,36521606,"Liga Panamena de Futbol, Apertura",Panama,Veraguas United FC,AF Sporting San Miguelito,2026-09-27T23:15:00+00:00,66.5977,soccer.total_goals,period=ft,under,total=2.75,1.61
2026-09-28T00:08:24.136149+02:00,36521606,"Liga Panamena de Futbol, Apertura",Panama,Veraguas United FC,AF Sporting San Miguelito,2026-09-27T23:15:00+00:00,66.5977,soccer.total_goals,period=ft,over,total=3,2.65
2026-09-28T00:08:24.136149+02:00,36521606,"Liga Panamena de Futbol, Apertura",Panama,Veraguas United FC,AF Sporting San Miguelito,2026-09-27T23:15:00+00:00,66.5977,soccer.total_goals,period=ft,under,total=3,1.41
2026-09-28T00:08:24.136149+02:00,36521606,"Liga Panamena de Futbol, Apertura",Panama,Veraguas United FC,AF Sporting San Miguelito,2026-09-27T23:15:00+00:00,66.5977,soccer.total_goals,period=ft,over,total=3.25,3.0
2026-09-28T00:08:24.136149+02:00,36521606,"Liga Panamena de Futbol, Apertura",Panama,Veraguas United FC,AF Sporting San Miguelito,2026-09-27T23:15:00+00:00,66.5977,soccer.total_goals,period=ft,under,total=3.25,1.34
2026-09-28T00:08:24.136149+02:00,36519400,Torneo Federal A,Argentina,CSB Atenas,Sportivo General San Martin,2026-09-27T22:30:00+00:00,21.5977,soccer.asian_handicap,period=ft,home,handicap=-0.25,1.87
2026-09-28T00:08:24.136149+02:00,36519400,Torneo Federal A,Argentina,CSB Atenas,Sportivo General San Martin,2026-09-27T22:30:00+00:00,21.5977,soccer.asian_handicap,period=ft,away,handicap=-0.25,1.82
2026-09-28T00:08:24.136149+02:00,36519400,Torneo Federal A,Argentina,CSB Atenas,Sportivo General San Martin,2026-09-27T22:30:00+00:00,21.5977,soccer.asian_handicap,period=ft,home,handicap=-1,3.45
2026-09-28T00:08:24.136149+02:00,36519400,Torneo Federal A,Argentina,CSB Atenas,Sportivo General San Martin,2026-09-27T22:30:00+00:00,21.5977,soccer.asian_handicap,period=ft,away,handicap=-1,1.23
2026-09-28T00:08:24.136149+02:00,36519400,Torneo Federal A,Argentina,CSB Atenas,Sportivo General San Martin,2026-09-27T22:30:00+00:00,21.5977,soccer.asian_handicap,period=ft,home,handicap=-0.75,2.55
2026-09-28T00:08:24.136149+02:00,36519400,Torneo Federal A,Argentina,CSB Atenas,Sportivo General San Martin,2026-09-27T22:30:00+00:00,21.5977,soccer.asian_handicap,period=ft,away,handicap=-0.75,1.4
2026-09-28T00:08:24.136149+02:00,36519400,Torneo Federal A,Argentina,CSB Atenas,Sportivo General San Martin,2026-09-27T22:30:00+00:00,21.5977,soccer.asian_handicap,period=ft,home,handicap=-0.5,2.18
2026-09-28T00:08:24.136149+02:00,36519400,Torneo Federal A,Argentina,CSB Atenas,Sportivo General San Martin,2026-09-27T22:30:00+00:00,21.5977,soccer.asian_handicap,period=ft,away,handicap=-0.5,1.58
2026-09-28T00:08:24.136149+02:00,36519400,Torneo Federal A,Argentina,CSB Atenas,Sportivo General San Martin,2026-09-27T22:30:00+00:00,21.5977,soccer.asian_handicap,period=ft,home,handicap=0,1.52
2026-09-28T00:08:24.136149+02:00,36519400,Torneo Federal A,Argentina,CSB Atenas,Sportivo General San Martin,2026-09-27T22:30:00+00:00,21.5977,soccer.asian_handicap,period=ft,away,handicap=0,2.3
2026-09-28T00:08:24.136149+02:00,36519400,Torneo Federal A,Argentina,CSB Atenas,Sportivo General San Martin,2026-09-27T22:30:00+00:00,21.5977,soccer.asian_handicap,period=ft,home,handicap=0.25,1.35
2026-09-28T00:08:24.136149+02:00,36519400,Torneo Federal A,Argentina,CSB Atenas,Sportivo General San Martin,2026-09-27T22:30:00+00:00,21.5977,soccer.asian_handicap,period=ft,away,handicap=0.25,2.75
2026-09-28T00:08:24.136149+02:00,36519400,Torneo Federal A,Argentina,CSB Atenas,Sportivo General San Martin,2026-09-27T22:30:00+00:00,21.5977,soccer.asian_handicap,period=ft,home,handicap=0.5,1.26
2026-09-28T00:08:24.136149+02:00,36519400,Torneo Federal A,Argentina,CSB Atenas,Sportivo General San Martin,2026-09-27T22:30:00+00:00,21.5977,soccer.asian_handicap,period=ft,away,handicap=0.5,3.2
2026-09-28T00:08:24.136149+02:00,36519400,Torneo Federal A,Argentina,CSB Atenas,Sportivo General San Martin,2026-09-27T22:30:00+00:00,21.5977,soccer.double_chance,period=ft,draw_away,,1.53
2026-09-28T00:08:24.136149+02:00,36519400,Torneo Federal A,Argentina,CSB Atenas,Sportivo General San Martin,2026-09-27T22:30:00+00:00,21.5977,soccer.double_chance,period=ft,home_away,,1.42
2026-09-28T00:08:24.136149+02:00,36519400,Torneo Federal A,Argentina,CSB Atenas,Sportivo General San Martin,2026-09-27T22:30:00+00:00,21.5977,soccer.double_chance,period=ft,home_draw,,1.34
2026-09-28T00:08:24.136149+02:00,36519400,Torneo Federal A,Argentina,CSB Atenas,Sportivo General San Martin,2026-09-27T22:30:00+00:00,21.5977,soccer.match_odds,period=ft,home,,2.19
2026-09-28T00:08:24.136149+02:00,36519400,Torneo Federal A,Argentina,CSB Atenas,Sportivo General San Martin,2026-09-27T22:30:00+00:00,21.5977,soccer.match_odds,period=ft,draw,,2.75
2026-09-28T00:08:24.136149+02:00,36519400,Torneo Federal A,Argentina,CSB Atenas,Sportivo General San Martin,2026-09-27T22:30:00+00:00,21.5977,soccer.match_odds,period=ft,away,,3.25
2026-09-28T00:08:24.136149+02:00,36519400,Torneo Federal A,Argentina,CSB Atenas,Sportivo General San Martin,2026-09-27T22:30:00+00:00,21.5977,soccer.total_goals,period=ft,over,total=2,1.76
2026-09-28T00:08:24.136149+02:00,36519400,Torneo Federal A,Argentina,CSB Atenas,Sportivo General San Martin,2026-09-27T22:30:00+00:00,21.5977,soccer.total_goals,period=ft,under,total=2,1.94
2026-09-28T00:08:24.136149+02:00,36519400,Torneo Federal A,Argentina,CSB Atenas,Sportivo General San Martin,2026-09-27T22:30:00+00:00,21.5977,soccer.total_goals,period=ft,over,total=1.25,1.26
2026-09-28T00:08:24.136149+02:00,36519400,Torneo Federal A,Argentina,CSB Atenas,Sportivo General San Martin,2026-09-27T22:30:00+00:00,21.5977,soccer.total_goals,period=ft,under,total=1.25,3.25
2026-09-28T00:08:24.136149+02:00,36519400,Torneo Federal A,Argentina,CSB Atenas,Sportivo General San Martin,2026-09-27T22:30:00+00:00,21.5977,soccer.total_goals,period=ft,over,total=1.5,1.41
2026-09-28T00:08:24.136149+02:00,36519400,Torneo Federal A,Argentina,CSB Atenas,Sportivo General San Martin,2026-09-27T22:30:00+00:00,21.5977,soccer.total_goals,period=ft,under,total=1.5,2.55
2026-09-28T00:08:24.136149+02:00,36519400,Torneo Federal A,Argentina,CSB Atenas,Sportivo General San Martin,2026-09-27T22:30:00+00:00,21.5977,soccer.total_goals,period=ft,over,total=1.75,1.54
2026-09-28T00:08:24.136149+02:00,36519400,Torneo Federal A,Argentina,CSB Atenas,Sportivo General San Martin,2026-09-27T22:30:00+00:00,21.5977,soccer.total_goals,period=ft,under,total=1.75,2.25
2026-09-28T00:08:24.136149+02:00,36519400,Torneo Federal A,Argentina,CSB Atenas,Sportivo General San Martin,2026-09-27T22:30:00+00:00,21.5977,soccer.total_goals,period=ft,over,total=2.25,2.07
2026-09-28T00:08:24.136149+02:00,36519400,Torneo Federal A,Argentina,CSB Atenas,Sportivo General San Martin,2026-09-27T22:30:00+00:00,21.5977,soccer.total_goals,period=ft,under,total=2.25,1.64
2026-09-28T00:08:24.136149+02:00,36519400,Torneo Federal A,Argentina,CSB Atenas,Sportivo General San Martin,2026-09-27T22:30:00+00:00,21.5977,soccer.total_goals,period=ft,over,total=2.5,2.35
2026-09-28T00:08:24.136149+02:00,36519400,Torneo Federal A,Argentina,CSB Atenas,Sportivo General San Martin,2026-09-27T22:30:00+00:00,21.5977,soccer.total_goals,period=ft,under,total=2.5,1.48
2026-09-28T00:08:24.136149+02:00,36519400,Torneo Federal A,Argentina,CSB Atenas,Sportivo General San Martin,2026-09-27T22:30:00+00:00,21.5977,soccer.total_goals,period=ft,over,total=2.75,2.8
2026-09-28T00:08:24.136149+02:00,36519400,Torneo Federal A,Argentina,CSB Atenas,Sportivo General San Martin,2026-09-27T22:30:00+00:00,21.5977,soccer.total_goals,period=ft,under,total=2.75,1.34
2026-09-28T00:08:24.136149+02:00,36430466,"Primera A, Clausura",Colombia,Fortaleza FC,CD Tolima,2026-09-27T23:05:00+00:00,56.5977,soccer.asian_handicap,period=ft,home,handicap=0.25,2.02
2026-09-28T00:08:24.136149+02:00,36430466,"Primera A, Clausura",Colombia,Fortaleza FC,CD Tolima,2026-09-27T23:05:00+00:00,56.5977,soccer.asian_handicap,period=ft,away,handicap=0.25,1.81
2026-09-28T00:08:24.136149+02:00,36430466,"Primera A, Clausura",Colombia,Fortaleza FC,CD Tolima,2026-09-27T23:05:00+00:00,56.5977,soccer.asian_handicap,period=ft,home,handicap=-0.75,4.8
2026-09-28T00:08:24.136149+02:00,36430466,"Primera A, Clausura",Colombia,Fortaleza FC,CD Tolima,2026-09-27T23:05:00+00:00,56.5977,soccer.asian_handicap,period=ft,away,handicap=-0.75,1.18
2026-09-28T00:08:24.136149+02:00,36430466,"Primera A, Clausura",Colombia,Fortaleza FC,CD Tolima,2026-09-27T23:05:00+00:00,56.5977,soccer.asian_handicap,period=ft,home,handicap=-0.5,3.65
2026-09-28T00:08:24.136149+02:00,36430466,"Primera A, Clausura",Colombia,Fortaleza FC,CD Tolima,2026-09-27T23:05:00+00:00,56.5977,soccer.asian_handicap,period=ft,away,handicap=-0.5,1.27
2026-09-28T00:08:24.136149+02:00,36430466,"Primera A, Clausura",Colombia,Fortaleza FC,CD Tolima,2026-09-27T23:05:00+00:00,56.5977,soccer.asian_handicap,period=ft,home,handicap=-0.25,3.1
2026-09-28T00:08:24.136149+02:00,36430466,"Primera A, Clausura",Colombia,Fortaleza FC,CD Tolima,2026-09-27T23:05:00+00:00,56.5977,soccer.asian_handicap,period=ft,away,handicap=-0.25,1.36
2026-09-28T00:08:24.136149+02:00,36430466,"Primera A, Clausura",Colombia,Fortaleza FC,CD Tolima,2026-09-27T23:05:00+00:00,56.5977,soccer.asian_handicap,period=ft,home,handicap=0,2.6
2026-09-28T00:08:24.136149+02:00,36430466,"Primera A, Clausura",Colombia,Fortaleza FC,CD Tolima,2026-09-27T23:05:00+00:00,56.5977,soccer.asian_handicap,period=ft,away,handicap=0,1.49
2026-09-28T00:08:24.136149+02:00,36430466,"Primera A, Clausura",Colombia,Fortaleza FC,CD Tolima,2026-09-27T23:05:00+00:00,56.5977,soccer.asian_handicap,period=ft,home,handicap=0.5,1.73
2026-09-28T00:08:24.136149+02:00,36430466,"Primera A, Clausura",Colombia,Fortaleza FC,CD Tolima,2026-09-27T23:05:00+00:00,56.5977,soccer.asian_handicap,period=ft,away,handicap=0.5,2.11
2026-09-28T00:08:24.136149+02:00,36430466,"Primera A, Clausura",Colombia,Fortaleza FC,CD Tolima,2026-09-27T23:05:00+00:00,56.5977,soccer.asian_handicap,period=ft,home,handicap=0.75,1.53
2026-09-28T00:08:24.136149+02:00,36430466,"Primera A, Clausura",Colombia,Fortaleza FC,CD Tolima,2026-09-27T23:05:00+00:00,56.5977,soccer.asian_handicap,period=ft,away,handicap=0.75,2.5
2026-09-28T00:08:24.136149+02:00,36430466,"Primera A, Clausura",Colombia,Fortaleza FC,CD Tolima,2026-09-27T23:05:00+00:00,56.5977,soccer.asian_handicap,period=ft,home,handicap=1,1.32
2026-09-28T00:08:24.136149+02:00,36430466,"Primera A, Clausura",Colombia,Fortaleza FC,CD Tolima,2026-09-27T23:05:00+00:00,56.5977,soccer.asian_handicap,period=ft,away,handicap=1,3.25
2026-09-28T00:08:24.136149+02:00,36430466,"Primera A, Clausura",Colombia,Fortaleza FC,CD Tolima,2026-09-27T23:05:00+00:00,56.5977,soccer.asian_handicap,period=ft,home,handicap=1.25,1.26
2026-09-28T00:08:24.136149+02:00,36430466,"Primera A, Clausura",Colombia,Fortaleza FC,CD Tolima,2026-09-27T23:05:00+00:00,56.5977,soccer.asian_handicap,period=ft,away,handicap=1.25,3.75
2026-09-28T00:08:24.136149+02:00,36430466,"Primera A, Clausura",Colombia,Fortaleza FC,CD Tolima,2026-09-27T23:05:00+00:00,56.5977,soccer.double_chance,period=ft,draw_away,,1.31
2026-09-28T00:08:24.136149+02:00,36430466,"Primera A, Clausura",Colombia,Fortaleza FC,CD Tolima,2026-09-27T23:05:00+00:00,56.5977,soccer.double_chance,period=ft,home_away,,1.35
2026-09-28T00:08:24.136149+02:00,36430466,"Primera A, Clausura",Colombia,Fortaleza FC,CD Tolima,2026-09-27T23:05:00+00:00,56.5977,soccer.double_chance,period=ft,home_draw,,1.69
2026-09-28T00:08:24.136149+02:00,36430466,"Primera A, Clausura",Colombia,Fortaleza FC,CD Tolima,2026-09-27T23:05:00+00:00,56.5977,soccer.match_odds,period=ft,home,,3.65
2026-09-28T00:08:24.136149+02:00,36430466,"Primera A, Clausura",Colombia,Fortaleza FC,CD Tolima,2026-09-27T23:05:00+00:00,56.5977,soccer.match_odds,period=ft,draw,,3.2
2026-09-28T00:08:24.136149+02:00,36430466,"Primera A, Clausura",Colombia,Fortaleza FC,CD Tolima,2026-09-27T23:05:00+00:00,56.5977,soccer.match_odds,period=ft,away,,2.11
2026-09-28T00:08:24.136149+02:00,36430466,"Primera A, Clausura",Colombia,Fortaleza FC,CD Tolima,2026-09-27T23:05:00+00:00,56.5977,soccer.total_goals,period=ft,over,total=2.25,1.91
2026-09-28T00:08:24.136149+02:00,36430466,"Primera A, Clausura",Colombia,Fortaleza FC,CD Tolima,2026-09-27T23:05:00+00:00,56.5977,soccer.total_goals,period=ft,under,total=2.25,1.89
2026-09-28T00:08:24.136149+02:00,36430466,"Primera A, Clausura",Colombia,Fortaleza FC,CD Tolima,2026-09-27T23:05:00+00:00,56.5977,soccer.total_goals,period=ft,over,total=1.5,1.36
2026-09-28T00:08:24.136149+02:00,36430466,"Primera A, Clausura",Colombia,Fortaleza FC,CD Tolima,2026-09-27T23:05:00+00:00,56.5977,soccer.total_goals,period=ft,under,total=1.5,3.0
2026-09-28T00:08:24.136149+02:00,36430466,"Primera A, Clausura",Colombia,Fortaleza FC,CD Tolima,2026-09-27T23:05:00+00:00,56.5977,soccer.total_goals,period=ft,over,total=1.75,1.46
2026-09-28T00:08:24.136149+02:00,36430466,"Primera A, Clausura",Colombia,Fortaleza FC,CD Tolima,2026-09-27T23:05:00+00:00,56.5977,soccer.total_goals,period=ft,under,total=1.75,2.65
2026-09-28T00:08:24.136149+02:00,36430466,"Primera A, Clausura",Colombia,Fortaleza FC,CD Tolima,2026-09-27T23:05:00+00:00,56.5977,soccer.total_goals,period=ft,over,total=2,1.62
2026-09-28T00:08:24.136149+02:00,36430466,"Primera A, Clausura",Colombia,Fortaleza FC,CD Tolima,2026-09-27T23:05:00+00:00,56.5977,soccer.total_goals,period=ft,under,total=2,2.25
2026-09-28T00:08:24.136149+02:00,36430466,"Primera A, Clausura",Colombia,Fortaleza FC,CD Tolima,2026-09-27T23:05:00+00:00,56.5977,soccer.total_goals,period=ft,over,total=2.5,2.18
2026-09-28T00:08:24.136149+02:00,36430466,"Primera A, Clausura",Colombia,Fortaleza FC,CD Tolima,2026-09-27T23:05:00+00:00,56.5977,soccer.total_goals,period=ft,under,total=2.5,1.67
2026-09-28T00:08:24.136149+02:00,36430466,"Primera A, Clausura",Colombia,Fortaleza FC,CD Tolima,2026-09-27T23:05:00+00:00,56.5977,soccer.total_goals,period=ft,over,total=2.75,2.5
2026-09-28T00:08:24.136149+02:00,36430466,"Primera A, Clausura",Colombia,Fortaleza FC,CD Tolima,2026-09-27T23:05:00+00:00,56.5977,soccer.total_goals,period=ft,under,total=2.75,1.51
2026-09-28T00:08:24.136149+02:00,36430466,"Primera A, Clausura",Colombia,Fortaleza FC,CD Tolima,2026-09-27T23:05:00+00:00,56.5977,soccer.total_goals,period=ft,over,total=3.5,3.85
2026-09-28T00:08:24.136149+02:00,36430466,"Primera A, Clausura",Colombia,Fortaleza FC,CD Tolima,2026-09-27T23:05:00+00:00,56.5977,soccer.total_goals,period=ft,under,total=3.5,1.24
2026-09-28T00:08:24.136149+02:00,36500991,Segunda Division,Uruguay,Huracan Del Paso de la Arena,Miramar Misiones,2026-09-27T23:00:00+00:00,51.5977,soccer.asian_handicap,period=ft,home,handicap=-0.25,1.87
2026-09-28T00:08:24.136149+02:00,36500991,Segunda Division,Uruguay,Huracan Del Paso de la Arena,Miramar Misiones,2026-09-27T23:00:00+00:00,51.5977,soccer.asian_handicap,period=ft,away,handicap=-0.25,1.9
2026-09-28T00:08:24.136149+02:00,36500991,Segunda Division,Uruguay,Huracan Del Paso de la Arena,Miramar Misiones,2026-09-27T23:00:00+00:00,51.5977,soccer.asian_handicap,period=ft,home,handicap=-1,3.3
2026-09-28T00:08:24.136149+02:00,36500991,Segunda Division,Uruguay,Huracan Del Paso de la Arena,Miramar Misiones,2026-09-27T23:00:00+00:00,51.5977,soccer.asian_handicap,period=ft,away,handicap=-1,1.28
2026-09-28T00:08:24.136149+02:00,36500991,Segunda Division,Uruguay,Huracan Del Paso de la Arena,Miramar Misiones,2026-09-27T23:00:00+00:00,51.5977,soccer.asian_handicap,period=ft,home,handicap=-0.75,2.5
2026-09-28T00:08:24.136149+02:00,36500991,Segunda Division,Uruguay,Huracan Del Paso de la Arena,Miramar Misiones,2026-09-27T23:00:00+00:00,51.5977,soccer.asian_handicap,period=ft,away,handicap=-0.75,1.47
2026-09-28T00:08:24.136149+02:00,36500991,Segunda Division,Uruguay,Huracan Del Paso de la Arena,Miramar Misiones,2026-09-27T23:00:00+00:00,51.5977,soccer.asian_handicap,period=ft,home,handicap=-0.5,2.14
2026-09-28T00:08:24.136149+02:00,36500991,Segunda Division,Uruguay,Huracan Del Paso de la Arena,Miramar Misiones,2026-09-27T23:00:00+00:00,51.5977,soccer.asian_handicap,period=ft,away,handicap=-0.5,1.66
2026-09-28T00:08:24.136149+02:00,36500991,Segunda Division,Uruguay,Huracan Del Paso de la Arena,Miramar Misiones,2026-09-27T23:00:00+00:00,51.5977,soccer.asian_handicap,period=ft,home,handicap=0,1.56
2026-09-28T00:08:24.136149+02:00,36500991,Segunda Division,Uruguay,Huracan Del Paso de la Arena,Miramar Misiones,2026-09-27T23:00:00+00:00,51.5977,soccer.asian_handicap,period=ft,away,handicap=0,2.3
2026-09-28T00:08:24.136149+02:00,36500991,Segunda Division,Uruguay,Huracan Del Paso de la Arena,Miramar Misiones,2026-09-27T23:00:00+00:00,51.5977,soccer.asian_handicap,period=ft,home,handicap=0.25,1.4
2026-09-28T00:08:24.136149+02:00,36500991,Segunda Division,Uruguay,Huracan Del Paso de la Arena,Miramar Misiones,2026-09-27T23:00:00+00:00,51.5977,soccer.asian_handicap,period=ft,away,handicap=0.25,2.7
2026-09-28T00:08:24.136149+02:00,36500991,Segunda Division,Uruguay,Huracan Del Paso de la Arena,Miramar Misiones,2026-09-27T23:00:00+00:00,51.5977,soccer.asian_handicap,period=ft,home,handicap=0.5,1.32
2026-09-28T00:08:24.136149+02:00,36500991,Segunda Division,Uruguay,Huracan Del Paso de la Arena,Miramar Misiones,2026-09-27T23:00:00+00:00,51.5977,soccer.asian_handicap,period=ft,away,handicap=0.5,3.1
2026-09-28T00:08:24.136149+02:00,36500991,Segunda Division,Uruguay,Huracan Del Paso de la Arena,Miramar Misiones,2026-09-27T23:00:00+00:00,51.5977,soccer.double_chance,period=ft,draw_away,,1.65
2026-09-28T00:08:24.136149+02:00,36500991,Segunda Division,Uruguay,Huracan Del Paso de la Arena,Miramar Misiones,2026-09-27T23:00:00+00:00,51.5977,soccer.double_chance,period=ft,home_away,,1.32
2026-09-28T00:08:24.136149+02:00,36500991,Segunda Division,Uruguay,Huracan Del Paso de la Arena,Miramar Misiones,2026-09-27T23:00:00+00:00,51.5977,soccer.double_chance,period=ft,home_draw,,1.32
2026-09-28T00:08:24.136149+02:00,36500991,Segunda Division,Uruguay,Huracan Del Paso de la Arena,Miramar Misiones,2026-09-27T23:00:00+00:00,51.5977,soccer.match_odds,period=ft,home,,2.15
2026-09-28T00:08:24.136149+02:00,36500991,Segunda Division,Uruguay,Huracan Del Paso de la Arena,Miramar Misiones,2026-09-27T23:00:00+00:00,51.5977,soccer.match_odds,period=ft,draw,,3.15
2026-09-28T00:08:24.136149+02:00,36500991,Segunda Division,Uruguay,Huracan Del Paso de la Arena,Miramar Misiones,2026-09-27T23:00:00+00:00,51.5977,soccer.match_odds,period=ft,away,,3.15
2026-09-28T00:08:24.136149+02:00,36500991,Segunda Division,Uruguay,Huracan Del Paso de la Arena,Miramar Misiones,2026-09-27T23:00:00+00:00,51.5977,soccer.total_goals,period=ft,over,total=2.25,1.89
2026-09-28T00:08:24.136149+02:00,36500991,Segunda Division,Uruguay,Huracan Del Paso de la Arena,Miramar Misiones,2026-09-27T23:00:00+00:00,51.5977,soccer.total_goals,period=ft,under,total=2.25,1.89
2026-09-28T00:08:24.136149+02:00,36500991,Segunda Division,Uruguay,Huracan Del Paso de la Arena,Miramar Misiones,2026-09-27T23:00:00+00:00,51.5977,soccer.total_goals,period=ft,over,total=1.5,1.34
2026-09-28T00:08:24.136149+02:00,36500991,Segunda Division,Uruguay,Huracan Del Paso de la Arena,Miramar Misiones,2026-09-27T23:00:00+00:00,51.5977,soccer.total_goals,period=ft,under,total=1.5,2.95
2026-09-28T00:08:24.136149+02:00,36500991,Segunda Division,Uruguay,Huracan Del Paso de la Arena,Miramar Misiones,2026-09-27T23:00:00+00:00,51.5977,soccer.total_goals,period=ft,over,total=1.75,1.43
2026-09-28T00:08:24.136149+02:00,36500991,Segunda Division,Uruguay,Huracan Del Paso de la Arena,Miramar Misiones,2026-09-27T23:00:00+00:00,51.5977,soccer.total_goals,period=ft,under,total=1.75,2.6
2026-09-28T00:08:24.136149+02:00,36500991,Segunda Division,Uruguay,Huracan Del Paso de la Arena,Miramar Misiones,2026-09-27T23:00:00+00:00,51.5977,soccer.total_goals,period=ft,over,total=2,1.59
2026-09-28T00:08:24.136149+02:00,36500991,Segunda Division,Uruguay,Huracan Del Paso de la Arena,Miramar Misiones,2026-09-27T23:00:00+00:00,51.5977,soccer.total_goals,period=ft,under,total=2,2.25
2026-09-28T00:08:24.136149+02:00,36500991,Segunda Division,Uruguay,Huracan Del Paso de la Arena,Miramar Misiones,2026-09-27T23:00:00+00:00,51.5977,soccer.total_goals,period=ft,over,total=2.5,2.14
2026-09-28T00:08:24.136149+02:00,36500991,Segunda Division,Uruguay,Huracan Del Paso de la Arena,Miramar Misiones,2026-09-27T23:00:00+00:00,51.5977,soccer.total_goals,period=ft,under,total=2.5,1.66
2026-09-28T00:08:24.136149+02:00,36500991,Segunda Division,Uruguay,Huracan Del Paso de la Arena,Miramar Misiones,2026-09-27T23:00:00+00:00,51.5977,soccer.total_goals,period=ft,over,total=2.75,2.45
2026-09-28T00:08:24.136149+02:00,36500991,Segunda Division,Uruguay,Huracan Del Paso de la Arena,Miramar Misiones,2026-09-27T23:00:00+00:00,51.5977,soccer.total_goals,period=ft,under,total=2.75,1.48
2026-09-28T00:08:24.136149+02:00,36500991,Segunda Division,Uruguay,Huracan Del Paso de la Arena,Miramar Misiones,2026-09-27T23:00:00+00:00,51.5977,soccer.total_goals,period=ft,over,total=3,3.1
2026-09-28T00:08:24.136149+02:00,36500991,Segunda Division,Uruguay,Huracan Del Paso de la Arena,Miramar Misiones,2026-09-27T23:00:00+00:00,51.5977,soccer.total_goals,period=ft,under,total=3,1.31
2026-09-28T00:08:24.136149+02:00,36499711,"Primera Division, Clausura",El Salvador,Municipal Limeno,CD FAS Santa Ana,2026-09-27T23:00:00+00:00,51.5977,soccer.asian_handicap,period=ft,home,handicap=0.25,1.78
2026-09-28T00:08:24.136149+02:00,36499711,"Primera Division, Clausura",El Salvador,Municipal Limeno,CD FAS Santa Ana,2026-09-27T23:00:00+00:00,51.5977,soccer.asian_handicap,period=ft,away,handicap=0.25,2.01
2026-09-28T00:08:24.136149+02:00,36499711,"Primera Division, Clausura",El Salvador,Municipal Limeno,CD FAS Santa Ana,2026-09-27T23:00:00+00:00,51.5977,soccer.asian_handicap,period=ft,home,handicap=-0.5,2.8
2026-09-28T00:08:24.136149+02:00,36499711,"Primera Division, Clausura",El Salvador,Municipal Limeno,CD FAS Santa Ana,2026-09-27T23:00:00+00:00,51.5977,soccer.asian_handicap,period=ft,away,handicap=-0.5,1.38
2026-09-28T00:08:24.136149+02:00,36499711,"Primera Division, Clausura",El Salvador,Municipal Limeno,CD FAS Santa Ana,2026-09-27T23:00:00+00:00,51.5977,soccer.asian_handicap,period=ft,home,handicap=-0.25,2.45
2026-09-28T00:08:24.136149+02:00,36499711,"Primera Division, Clausura",El Salvador,Municipal Limeno,CD FAS Santa Ana,2026-09-27T23:00:00+00:00,51.5977,soccer.asian_handicap,period=ft,away,handicap=-0.25,1.48
2026-09-28T00:08:24.136149+02:00,36499711,"Primera Division, Clausura",El Salvador,Municipal Limeno,CD FAS Santa Ana,2026-09-27T23:00:00+00:00,51.5977,soccer.asian_handicap,period=ft,home,handicap=0,2.11
2026-09-28T00:08:24.136149+02:00,36499711,"Primera Division, Clausura",El Salvador,Municipal Limeno,CD FAS Santa Ana,2026-09-27T23:00:00+00:00,51.5977,soccer.asian_handicap,period=ft,away,handicap=0,1.68
2026-09-28T00:08:24.136149+02:00,36499711,"Primera Division, Clausura",El Salvador,Municipal Limeno,CD FAS Santa Ana,2026-09-27T23:00:00+00:00,51.5977,soccer.asian_handicap,period=ft,home,handicap=0.5,1.58
2026-09-28T00:08:24.136149+02:00,36499711,"Primera Division, Clausura",El Salvador,Municipal Limeno,CD FAS Santa Ana,2026-09-27T23:00:00+00:00,51.5977,soccer.asian_handicap,period=ft,away,handicap=0.5,2.25
2026-09-28T00:08:24.136149+02:00,36499711,"Primera Division, Clausura",El Salvador,Municipal Limeno,CD FAS Santa Ana,2026-09-27T23:00:00+00:00,51.5977,soccer.asian_handicap,period=ft,home,handicap=0.75,1.41
2026-09-28T00:08:24.136149+02:00,36499711,"Primera Division, Clausura",El Salvador,Municipal Limeno,CD FAS Santa Ana,2026-09-27T23:00:00+00:00,51.5977,soccer.asian_handicap,period=ft,away,handicap=0.75,2.7
2026-09-28T00:08:24.136149+02:00,36499711,"Primera Division, Clausura",El Salvador,Municipal Limeno,CD FAS Santa Ana,2026-09-27T23:00:00+00:00,51.5977,soccer.asian_handicap,period=ft,home,handicap=1,1.25
2026-09-28T00:08:24.136149+02:00,36499711,"Primera Division, Clausura",El Salvador,Municipal Limeno,CD FAS Santa Ana,2026-09-27T23:00:00+00:00,51.5977,soccer.asian_handicap,period=ft,away,handicap=1,3.5
2026-09-28T00:08:24.136149+02:00,36499711,"Primera Division, Clausura",El Salvador,Municipal Limeno,CD FAS Santa Ana,2026-09-27T23:00:00+00:00,51.5977,soccer.double_chance,period=ft,draw_away,,1.38
2026-09-28T00:08:24.136149+02:00,36499711,"Primera Division, Clausura",El Salvador,Municipal Limeno,CD FAS Santa Ana,2026-09-27T23:00:00+00:00,51.5977,soccer.double_chance,period=ft,home_away,,1.32
2026-09-28T00:08:24.136149+02:00,36499711,"Primera Division, Clausura",El Salvador,Municipal Limeno,CD FAS Santa Ana,2026-09-27T23:00:00+00:00,51.5977,soccer.double_chance,period=ft,home_draw,,1.57
2026-09-28T00:08:24.136149+02:00,36499711,"Primera Division, Clausura",El Salvador,Municipal Limeno,CD FAS Santa Ana,2026-09-27T23:00:00+00:00,51.5977,soccer.match_odds,period=ft,home,,2.85
2026-09-28T00:08:24.136149+02:00,36499711,"Primera Division, Clausura",El Salvador,Municipal Limeno,CD FAS Santa Ana,2026-09-27T23:00:00+00:00,51.5977,soccer.match_odds,period=ft,draw,,3.2
2026-09-28T00:08:24.136149+02:00,36499711,"Primera Division, Clausura",El Salvador,Municipal Limeno,CD FAS Santa Ana,2026-09-27T23:00:00+00:00,51.5977,soccer.match_odds,period=ft,away,,2.3
2026-09-28T00:08:24.136149+02:00,36499711,"Primera Division, Clausura",El Salvador,Municipal Limeno,CD FAS Santa Ana,2026-09-27T23:00:00+00:00,51.5977,soccer.total_goals,period=ft,over,total=2.5,1.87
2026-09-28T00:08:24.136149+02:00,36499711,"Primera Division, Clausura",El Salvador,Municipal Limeno,CD FAS Santa Ana,2026-09-27T23:00:00+00:00,51.5977,soccer.total_goals,period=ft,under,total=2.5,1.9
2026-09-28T00:08:24.136149+02:00,36499711,"Primera Division, Clausura",El Salvador,Municipal Limeno,CD FAS Santa Ana,2026-09-27T23:00:00+00:00,51.5977,soccer.total_goals,period=ft,over,total=1.75,1.3
2026-09-28T00:08:24.136149+02:00,36499711,"Primera Division, Clausura",El Salvador,Municipal Limeno,CD FAS Santa Ana,2026-09-27T23:00:00+00:00,51.5977,soccer.total_goals,period=ft,under,total=1.75,3.2
2026-09-28T00:08:24.136149+02:00,36499711,"Primera Division, Clausura",El Salvador,Municipal Limeno,CD FAS Santa Ana,2026-09-27T23:00:00+00:00,51.5977,soccer.total_goals,period=ft,over,total=2,1.39
2026-09-28T00:08:24.136149+02:00,36499711,"Primera Division, Clausura",El Salvador,Municipal Limeno,CD FAS Santa Ana,2026-09-27T23:00:00+00:00,51.5977,soccer.total_goals,period=ft,under,total=2,2.75
2026-09-28T00:08:24.136149+02:00,36499711,"Primera Division, Clausura",El Salvador,Municipal Limeno,CD FAS Santa Ana,2026-09-27T23:00:00+00:00,51.5977,soccer.total_goals,period=ft,over,total=2.25,1.62
2026-09-28T00:08:24.136149+02:00,36499711,"Primera Division, Clausura",El Salvador,Municipal Limeno,CD FAS Santa Ana,2026-09-27T23:00:00+00:00,51.5977,soccer.total_goals,period=ft,under,total=2.25,2.2
2026-09-28T00:08:24.136149+02:00,36499711,"Primera Division, Clausura",El Salvador,Municipal Limeno,CD FAS Santa Ana,2026-09-27T23:00:00+00:00,51.5977,soccer.total_goals,period=ft,over,total=2.75,2.09
2026-09-28T00:08:24.136149+02:00,36499711,"Primera Division, Clausura",El Salvador,Municipal Limeno,CD FAS Santa Ana,2026-09-27T23:00:00+00:00,51.5977,soccer.total_goals,period=ft,under,total=2.75,1.69
2026-09-28T00:08:24.136149+02:00,36499711,"Primera Division, Clausura",El Salvador,Municipal Limeno,CD FAS Santa Ana,2026-09-27T23:00:00+00:00,51.5977,soccer.total_goals,period=ft,over,total=3,2.45
2026-09-28T00:08:24.136149+02:00,36499711,"Primera Division, Clausura",El Salvador,Municipal Limeno,CD FAS Santa Ana,2026-09-27T23:00:00+00:00,51.5977,soccer.total_goals,period=ft,under,total=3,1.48
2026-09-28T00:08:24.136149+02:00,36499711,"Primera Division, Clausura",El Salvador,Municipal Limeno,CD FAS Santa Ana,2026-09-27T23:00:00+00:00,51.5977,soccer.total_goals,period=ft,over,total=3.25,2.8
2026-09-28T00:08:24.136149+02:00,36499711,"Primera Division, Clausura",El Salvador,Municipal Limeno,CD FAS Santa Ana,2026-09-27T23:00:00+00:00,51.5977,soccer.total_goals,period=ft,under,total=3.25,1.38
2026-09-28T00:08:24.136149+02:00,36529311,Copa Division Profesional,Bolivia,CD Real Tomayapo,Cdt Real Oruro,2026-09-27T23:30:00+00:00,81.5977,soccer.asian_handicap,period=ft,home,handicap=-0.5,1.92
2026-09-28T00:08:24.136149+02:00,36529311,Copa Division Profesional,Bolivia,CD Real Tomayapo,Cdt Real Oruro,2026-09-27T23:30:00+00:00,81.5977,soccer.asian_handicap,period=ft,away,handicap=-0.5,1.78
2026-09-28T00:08:24.136149+02:00,36529311,Copa Division Profesional,Bolivia,CD Real Tomayapo,Cdt Real Oruro,2026-09-27T23:30:00+00:00,81.5977,soccer.asian_handicap,period=ft,home,handicap=-1.25,2.8
2026-09-28T00:08:24.136149+02:00,36529311,Copa Division Profesional,Bolivia,CD Real Tomayapo,Cdt Real Oruro,2026-09-27T23:30:00+00:00,81.5977,soccer.asian_handicap,period=ft,away,handicap=-1.25,1.34
2026-09-28T00:08:24.136149+02:00,36529311,Copa Division Profesional,Bolivia,CD Real Tomayapo,Cdt Real Oruro,2026-09-27T23:30:00+00:00,81.5977,soccer.asian_handicap,period=ft,home,handicap=-1,2.5
2026-09-28T00:08:24.136149+02:00,36529311,Copa Division Profesional,Bolivia,CD Real Tomayapo,Cdt Real Oruro,2026-09-27T23:30:00+00:00,81.5977,soccer.asian_handicap,period=ft,away,handicap=-1,1.42
2026-09-28T00:08:24.136149+02:00,36529311,Copa Division Profesional,Bolivia,CD Real Tomayapo,Cdt Real Oruro,2026-09-27T23:30:00+00:00,81.5977,soccer.asian_handicap,period=ft,home,handicap=-0.75,2.14
2026-09-28T00:08:24.136149+02:00,36529311,Copa Division Profesional,Bolivia,CD Real Tomayapo,Cdt Real Oruro,2026-09-27T23:30:00+00:00,81.5977,soccer.asian_handicap,period=ft,away,handicap=-0.75,1.6
2026-09-28T00:08:24.136149+02:00,36529311,Copa Division Profesional,Bolivia,CD Real Tomayapo,Cdt Real Oruro,2026-09-27T23:30:00+00:00,81.5977,soccer.asian_handicap,period=ft,home,handicap=-0.25,1.69
2026-09-28T00:08:24.136149+02:00,36529311,Copa Division Profesional,Bolivia,CD Real Tomayapo,Cdt Real Oruro,2026-09-27T23:30:00+00:00,81.5977,soccer.asian_handicap,period=ft,away,handicap=-0.25,2.0
2026-09-28T00:08:24.136149+02:00,36529311,Copa Division Profesional,Bolivia,CD Real Tomayapo,Cdt Real Oruro,2026-09-27T23:30:00+00:00,81.5977,soccer.asian_handicap,period=ft,home,handicap=0,1.47
2026-09-28T00:08:24.136149+02:00,36529311,Copa Division Profesional,Bolivia,CD Real Tomayapo,Cdt Real Oruro,2026-09-27T23:30:00+00:00,81.5977,soccer.asian_handicap,period=ft,away,handicap=0,2.35
2026-09-28T00:08:24.136149+02:00,36529311,Copa Division Profesional,Bolivia,CD Real Tomayapo,Cdt Real Oruro,2026-09-27T23:30:00+00:00,81.5977,soccer.asian_handicap,period=ft,home,handicap=0.25,1.37
2026-09-28T00:08:24.136149+02:00,36529311,Copa Division Profesional,Bolivia,CD Real Tomayapo,Cdt Real Oruro,2026-09-27T23:30:00+00:00,81.5977,soccer.asian_handicap,period=ft,away,handicap=0.25,2.65
2026-09-28T00:08:24.136149+02:00,36529311,Copa Division Profesional,Bolivia,CD Real Tomayapo,Cdt Real Oruro,2026-09-27T23:30:00+00:00,81.5977,soccer.match_odds,period=ft,home,,1.91
2026-09-28T00:08:24.136149+02:00,36529311,Copa Division Profesional,Bolivia,CD Real Tomayapo,Cdt Real Oruro,2026-09-27T23:30:00+00:00,81.5977,soccer.match_odds,period=ft,draw,,3.6
2026-09-28T00:08:24.136149+02:00,36529311,Copa Division Profesional,Bolivia,CD Real Tomayapo,Cdt Real Oruro,2026-09-27T23:30:00+00:00,81.5977,soccer.match_odds,period=ft,away,,3.05
2026-09-28T00:08:24.136149+02:00,36529311,Copa Division Profesional,Bolivia,CD Real Tomayapo,Cdt Real Oruro,2026-09-27T23:30:00+00:00,81.5977,soccer.total_goals,period=ft,over,total=3.5,1.89
2026-09-28T00:08:24.136149+02:00,36529311,Copa Division Profesional,Bolivia,CD Real Tomayapo,Cdt Real Oruro,2026-09-27T23:30:00+00:00,81.5977,soccer.total_goals,period=ft,under,total=3.5,1.8
2026-09-28T00:08:24.136149+02:00,36529311,Copa Division Profesional,Bolivia,CD Real Tomayapo,Cdt Real Oruro,2026-09-27T23:30:00+00:00,81.5977,soccer.total_goals,period=ft,over,total=2.75,1.4
2026-09-28T00:08:24.136149+02:00,36529311,Copa Division Profesional,Bolivia,CD Real Tomayapo,Cdt Real Oruro,2026-09-27T23:30:00+00:00,81.5977,soccer.total_goals,period=ft,under,total=2.75,2.55
2026-09-28T00:08:24.136149+02:00,36529311,Copa Division Profesional,Bolivia,CD Real Tomayapo,Cdt Real Oruro,2026-09-27T23:30:00+00:00,81.5977,soccer.total_goals,period=ft,over,total=3,1.5
2026-09-28T00:08:24.136149+02:00,36529311,Copa Division Profesional,Bolivia,CD Real Tomayapo,Cdt Real Oruro,2026-09-27T23:30:00+00:00,81.5977,soccer.total_goals,period=ft,under,total=3,2.3
2026-09-28T00:08:24.136149+02:00,36529311,Copa Division Profesional,Bolivia,CD Real Tomayapo,Cdt Real Oruro,2026-09-27T23:30:00+00:00,81.5977,soccer.total_goals,period=ft,over,total=3.25,1.7
2026-09-28T00:08:24.136149+02:00,36529311,Copa Division Profesional,Bolivia,CD Real Tomayapo,Cdt Real Oruro,2026-09-27T23:30:00+00:00,81.5977,soccer.total_goals,period=ft,under,total=3.25,2.0
2026-09-28T00:08:24.136149+02:00,36529311,Copa Division Profesional,Bolivia,CD Real Tomayapo,Cdt Real Oruro,2026-09-27T23:30:00+00:00,81.5977,soccer.total_goals,period=ft,over,total=3.75,2.1
2026-09-28T00:08:24.136149+02:00,36529311,Copa Division Profesional,Bolivia,CD Real Tomayapo,Cdt Real Oruro,2026-09-27T23:30:00+00:00,81.5977,soccer.total_goals,period=ft,under,total=3.75,1.62
2026-09-28T00:08:24.136149+02:00,36529311,Copa Division Profesional,Bolivia,CD Real Tomayapo,Cdt Real Oruro,2026-09-27T23:30:00+00:00,81.5977,soccer.total_goals,period=ft,over,total=4,2.45
2026-09-28T00:08:24.136149+02:00,36529311,Copa Division Profesional,Bolivia,CD Real Tomayapo,Cdt Real Oruro,2026-09-27T23:30:00+00:00,81.5977,soccer.total_goals,period=ft,under,total=4,1.44
2026-09-28T00:08:24.136149+02:00,36529311,Copa Division Profesional,Bolivia,CD Real Tomayapo,Cdt Real Oruro,2026-09-27T23:30:00+00:00,81.5977,soccer.total_goals,period=ft,over,total=4.25,2.7
2026-09-28T00:08:24.136149+02:00,36529311,Copa Division Profesional,Bolivia,CD Real Tomayapo,Cdt Real Oruro,2026-09-27T23:30:00+00:00,81.5977,soccer.total_goals,period=ft,under,total=4.25,1.36
2026-09-28T00:10:38.287616+02:00,36521606,"Liga Panamena de Futbol, Apertura",Panama,Veraguas United FC,AF Sporting San Miguelito,2026-09-27T23:15:00+00:00,64.3619,soccer.asian_handicap,period=ft,home,handicap=0,1.86
2026-09-28T00:10:38.287616+02:00,36521606,"Liga Panamena de Futbol, Apertura",Panama,Veraguas United FC,AF Sporting San Miguelito,2026-09-27T23:15:00+00:00,64.3619,soccer.asian_handicap,period=ft,away,handicap=0,1.91
2026-09-28T00:10:38.287616+02:00,36521606,"Liga Panamena de Futbol, Apertura",Panama,Veraguas United FC,AF Sporting San Miguelito,2026-09-27T23:15:00+00:00,64.3619,soccer.asian_handicap,period=ft,home,handicap=-0.75,3.05
2026-09-28T00:10:38.287616+02:00,36521606,"Liga Panamena de Futbol, Apertura",Panama,Veraguas United FC,AF Sporting San Miguelito,2026-09-27T23:15:00+00:00,64.3619,soccer.asian_handicap,period=ft,away,handicap=-0.75,1.32
2026-09-28T00:10:38.287616+02:00,36521606,"Liga Panamena de Futbol, Apertura",Panama,Veraguas United FC,AF Sporting San Miguelito,2026-09-27T23:15:00+00:00,64.3619,soccer.asian_handicap,period=ft,home,handicap=-0.5,2.5
2026-09-28T00:10:38.287616+02:00,36521606,"Liga Panamena de Futbol, Apertura",Panama,Veraguas United FC,AF Sporting San Miguelito,2026-09-27T23:15:00+00:00,64.3619,soccer.asian_handicap,period=ft,away,handicap=-0.5,1.46
2026-09-28T00:10:38.287616+02:00,36521606,"Liga Panamena de Futbol, Apertura",Panama,Veraguas United FC,AF Sporting San Miguelito,2026-09-27T23:15:00+00:00,64.3619,soccer.asian_handicap,period=ft,home,handicap=-0.25,2.2
2026-09-28T00:10:38.287616+02:00,36521606,"Liga Panamena de Futbol, Apertura",Panama,Veraguas United FC,AF Sporting San Miguelito,2026-09-27T23:15:00+00:00,64.3619,soccer.asian_handicap,period=ft,away,handicap=-0.25,1.62
2026-09-28T00:10:38.287616+02:00,36521606,"Liga Panamena de Futbol, Apertura",Panama,Veraguas United FC,AF Sporting San Miguelito,2026-09-27T23:15:00+00:00,64.3619,soccer.asian_handicap,period=ft,home,handicap=0.25,1.6
2026-09-28T00:10:38.287616+02:00,36521606,"Liga Panamena de Futbol, Apertura",Panama,Veraguas United FC,AF Sporting San Miguelito,2026-09-27T23:15:00+00:00,64.3619,soccer.asian_handicap,period=ft,away,handicap=0.25,2.25
2026-09-28T00:10:38.287616+02:00,36521606,"Liga Panamena de Futbol, Apertura",Panama,Veraguas United FC,AF Sporting San Miguelito,2026-09-27T23:15:00+00:00,64.3619,soccer.asian_handicap,period=ft,home,handicap=0.5,1.44
2026-09-28T00:10:38.287616+02:00,36521606,"Liga Panamena de Futbol, Apertura",Panama,Veraguas United FC,AF Sporting San Miguelito,2026-09-27T23:15:00+00:00,64.3619,soccer.asian_handicap,period=ft,away,handicap=0.5,2.55
2026-09-28T00:10:38.287616+02:00,36521606,"Liga Panamena de Futbol, Apertura",Panama,Veraguas United FC,AF Sporting San Miguelito,2026-09-27T23:15:00+00:00,64.3619,soccer.asian_handicap,period=ft,home,handicap=0.75,1.31
2026-09-28T00:10:38.287616+02:00,36521606,"Liga Panamena de Futbol, Apertura",Panama,Veraguas United FC,AF Sporting San Miguelito,2026-09-27T23:15:00+00:00,64.3619,soccer.asian_handicap,period=ft,away,handicap=0.75,3.15
2026-09-28T00:10:38.287616+02:00,36521606,"Liga Panamena de Futbol, Apertura",Panama,Veraguas United FC,AF Sporting San Miguelito,2026-09-27T23:15:00+00:00,64.3619,soccer.double_chance,period=ft,draw_away,,1.47
2026-09-28T00:10:38.287616+02:00,36521606,"Liga Panamena de Futbol, Apertura",Panama,Veraguas United FC,AF Sporting San Miguelito,2026-09-27T23:15:00+00:00,64.3619,soccer.double_chance,period=ft,home_away,,1.33
2026-09-28T00:10:38.287616+02:00,36521606,"Liga Panamena de Futbol, Apertura",Panama,Veraguas United FC,AF Sporting San Miguelito,2026-09-27T23:15:00+00:00,64.3619,soccer.double_chance,period=ft,home_draw,,1.45
2026-09-28T00:10:38.287616+02:00,36521606,"Liga Panamena de Futbol, Apertura",Panama,Veraguas United FC,AF Sporting San Miguelito,2026-09-27T23:15:00+00:00,64.3619,soccer.match_odds,period=ft,home,,2.55
2026-09-28T00:10:38.287616+02:00,36521606,"Liga Panamena de Futbol, Apertura",Panama,Veraguas United FC,AF Sporting San Miguelito,2026-09-27T23:15:00+00:00,64.3619,soccer.match_odds,period=ft,draw,,3.1
2026-09-28T00:10:38.287616+02:00,36521606,"Liga Panamena de Futbol, Apertura",Panama,Veraguas United FC,AF Sporting San Miguelito,2026-09-27T23:15:00+00:00,64.3619,soccer.match_odds,period=ft,away,,2.6
2026-09-28T00:10:38.287616+02:00,36521606,"Liga Panamena de Futbol, Apertura",Panama,Veraguas United FC,AF Sporting San Miguelito,2026-09-27T23:15:00+00:00,64.3619,soccer.total_goals,period=ft,over,total=2.5,1.98
2026-09-28T00:10:38.287616+02:00,36521606,"Liga Panamena de Futbol, Apertura",Panama,Veraguas United FC,AF Sporting San Miguelito,2026-09-27T23:15:00+00:00,64.3619,soccer.total_goals,period=ft,under,total=2.5,1.8
2026-09-28T00:10:38.287616+02:00,36521606,"Liga Panamena de Futbol, Apertura",Panama,Veraguas United FC,AF Sporting San Miguelito,2026-09-27T23:15:00+00:00,64.3619,soccer.total_goals,period=ft,over,total=1.75,1.34
2026-09-28T00:10:38.287616+02:00,36521606,"Liga Panamena de Futbol, Apertura",Panama,Veraguas United FC,AF Sporting San Miguelito,2026-09-27T23:15:00+00:00,64.3619,soccer.total_goals,period=ft,under,total=1.75,2.95
2026-09-28T00:10:38.287616+02:00,36521606,"Liga Panamena de Futbol, Apertura",Panama,Veraguas United FC,AF Sporting San Miguelito,2026-09-27T23:15:00+00:00,64.3619,soccer.total_goals,period=ft,over,total=2,1.45
2026-09-28T00:10:38.287616+02:00,36521606,"Liga Panamena de Futbol, Apertura",Panama,Veraguas United FC,AF Sporting San Miguelito,2026-09-27T23:15:00+00:00,64.3619,soccer.total_goals,period=ft,under,total=2,2.55
2026-09-28T00:10:38.287616+02:00,36521606,"Liga Panamena de Futbol, Apertura",Panama,Veraguas United FC,AF Sporting San Miguelito,2026-09-27T23:15:00+00:00,64.3619,soccer.total_goals,period=ft,over,total=2.25,1.71
2026-09-28T00:10:38.287616+02:00,36521606,"Liga Panamena de Futbol, Apertura",Panama,Veraguas United FC,AF Sporting San Miguelito,2026-09-27T23:15:00+00:00,64.3619,soccer.total_goals,period=ft,under,total=2.25,2.06
2026-09-28T00:10:38.287616+02:00,36521606,"Liga Panamena de Futbol, Apertura",Panama,Veraguas United FC,AF Sporting San Miguelito,2026-09-27T23:15:00+00:00,64.3619,soccer.total_goals,period=ft,over,total=2.75,2.2
2026-09-28T00:10:38.287616+02:00,36521606,"Liga Panamena de Futbol, Apertura",Panama,Veraguas United FC,AF Sporting San Miguelito,2026-09-27T23:15:00+00:00,64.3619,soccer.total_goals,period=ft,under,total=2.75,1.61
2026-09-28T00:10:38.287616+02:00,36521606,"Liga Panamena de Futbol, Apertura",Panama,Veraguas United FC,AF Sporting San Miguelito,2026-09-27T23:15:00+00:00,64.3619,soccer.total_goals,period=ft,over,total=3,2.65
2026-09-28T00:10:38.287616+02:00,36521606,"Liga Panamena de Futbol, Apertura",Panama,Veraguas United FC,AF Sporting San Miguelito,2026-09-27T23:15:00+00:00,64.3619,soccer.total_goals,period=ft,under,total=3,1.41
2026-09-28T00:10:38.287616+02:00,36521606,"Liga Panamena de Futbol, Apertura",Panama,Veraguas United FC,AF Sporting San Miguelito,2026-09-27T23:15:00+00:00,64.3619,soccer.total_goals,period=ft,over,total=3.25,3.0
2026-09-28T00:10:38.287616+02:00,36521606,"Liga Panamena de Futbol, Apertura",Panama,Veraguas United FC,AF Sporting San Miguelito,2026-09-27T23:15:00+00:00,64.3619,soccer.total_goals,period=ft,under,total=3.25,1.34
2026-09-28T00:10:38.287616+02:00,36500991,Segunda Division,Uruguay,Huracan Del Paso de la Arena,Miramar Misiones,2026-09-27T23:00:00+00:00,49.3619,soccer.asian_handicap,period=ft,home,handicap=-0.25,1.87
2026-09-28T00:10:38.287616+02:00,36500991,Segunda Division,Uruguay,Huracan Del Paso de la Arena,Miramar Misiones,2026-09-27T23:00:00+00:00,49.3619,soccer.asian_handicap,period=ft,away,handicap=-0.25,1.9
2026-09-28T00:10:38.287616+02:00,36500991,Segunda Division,Uruguay,Huracan Del Paso de la Arena,Miramar Misiones,2026-09-27T23:00:00+00:00,49.3619,soccer.asian_handicap,period=ft,home,handicap=-1,3.3
2026-09-28T00:10:38.287616+02:00,36500991,Segunda Division,Uruguay,Huracan Del Paso de la Arena,Miramar Misiones,2026-09-27T23:00:00+00:00,49.3619,soccer.asian_handicap,period=ft,away,handicap=-1,1.28
2026-09-28T00:10:38.287616+02:00,36500991,Segunda Division,Uruguay,Huracan Del Paso de la Arena,Miramar Misiones,2026-09-27T23:00:00+00:00,49.3619,soccer.asian_handicap,period=ft,home,handicap=-0.75,2.5
2026-09-28T00:10:38.287616+02:00,36500991,Segunda Division,Uruguay,Huracan Del Paso de la Arena,Miramar Misiones,2026-09-27T23:00:00+00:00,49.3619,soccer.asian_handicap,period=ft,away,handicap=-0.75,1.47
2026-09-28T00:10:38.287616+02:00,36500991,Segunda Division,Uruguay,Huracan Del Paso de la Arena,Miramar Misiones,2026-09-27T23:00:00+00:00,49.3619,soccer.asian_handicap,period=ft,home,handicap=-0.5,2.14
2026-09-28T00:10:38.287616+02:00,36500991,Segunda Division,Uruguay,Huracan Del Paso de la Arena,Miramar Misiones,2026-09-27T23:00:00+00:00,49.3619,soccer.asian_handicap,period=ft,away,handicap=-0.5,1.66
2026-09-28T00:10:38.287616+02:00,36500991,Segunda Division,Uruguay,Huracan Del Paso de la Arena,Miramar Misiones,2026-09-27T23:00:00+00:00,49.3619,soccer.asian_handicap,period=ft,home,handicap=0,1.56
2026-09-28T00:10:38.287616+02:00,36500991,Segunda Division,Uruguay,Huracan Del Paso de la Arena,Miramar Misiones,2026-09-27T23:00:00+00:00,49.3619,soccer.asian_handicap,period=ft,away,handicap=0,2.3
2026-09-28T00:10:38.287616+02:00,36500991,Segunda Division,Uruguay,Huracan Del Paso de la Arena,Miramar Misiones,2026-09-27T23:00:00+00:00,49.3619,soccer.asian_handicap,period=ft,home,handicap=0.25,1.4
2026-09-28T00:10:38.287616+02:00,36500991,Segunda Division,Uruguay,Huracan Del Paso de la Arena,Miramar Misiones,2026-09-27T23:00:00+00:00,49.3619,soccer.asian_handicap,period=ft,away,handicap=0.25,2.7
2026-09-28T00:10:38.287616+02:00,36500991,Segunda Division,Uruguay,Huracan Del Paso de la Arena,Miramar Misiones,2026-09-27T23:00:00+00:00,49.3619,soccer.asian_handicap,period=ft,home,handicap=0.5,1.32
2026-09-28T00:10:38.287616+02:00,36500991,Segunda Division,Uruguay,Huracan Del Paso de la Arena,Miramar Misiones,2026-09-27T23:00:00+00:00,49.3619,soccer.asian_handicap,period=ft,away,handicap=0.5,3.1
2026-09-28T00:10:38.287616+02:00,36500991,Segunda Division,Uruguay,Huracan Del Paso de la Arena,Miramar Misiones,2026-09-27T23:00:00+00:00,49.3619,soccer.double_chance,period=ft,draw_away,,1.65
2026-09-28T00:10:38.287616+02:00,36500991,Segunda Division,Uruguay,Huracan Del Paso de la Arena,Miramar Misiones,2026-09-27T23:00:00+00:00,49.3619,soccer.double_chance,period=ft,home_away,,1.32
2026-09-28T00:10:38.287616+02:00,36500991,Segunda Division,Uruguay,Huracan Del Paso de la Arena,Miramar Misiones,2026-09-27T23:00:00+00:00,49.3619,soccer.double_chance,period=ft,home_draw,,1.32
2026-09-28T00:10:38.287616+02:00,36500991,Segunda Division,Uruguay,Huracan Del Paso de la Arena,Miramar Misiones,2026-09-27T23:00:00+00:00,49.3619,soccer.match_odds,period=ft,home,,2.15
2026-09-28T00:10:38.287616+02:00,36500991,Segunda Division,Uruguay,Huracan Del Paso de la Arena,Miramar Misiones,2026-09-27T23:00:00+00:00,49.3619,soccer.match_odds,period=ft,draw,,3.15
2026-09-28T00:10:38.287616+02:00,36500991,Segunda Division,Uruguay,Huracan Del Paso de la Arena,Miramar Misiones,2026-09-27T23:00:00+00:00,49.3619,soccer.match_odds,period=ft,away,,3.15
2026-09-28T00:10:38.287616+02:00,36500991,Segunda Division,Uruguay,Huracan Del Paso de la Arena,Miramar Misiones,2026-09-27T23:00:00+00:00,49.3619,soccer.total_goals,period=ft,over,total=2.25,1.89
2026-09-28T00:10:38.287616+02:00,36500991,Segunda Division,Uruguay,Huracan Del Paso de la Arena,Miramar Misiones,2026-09-27T23:00:00+00:00,49.3619,soccer.total_goals,period=ft,under,total=2.25,1.89
2026-09-28T00:10:38.287616+02:00,36500991,Segunda Division,Uruguay,Huracan Del Paso de la Arena,Miramar Misiones,2026-09-27T23:00:00+00:00,49.3619,soccer.total_goals,period=ft,over,total=1.5,1.34
2026-09-28T00:10:38.287616+02:00,36500991,Segunda Division,Uruguay,Huracan Del Paso de la Arena,Miramar Misiones,2026-09-27T23:00:00+00:00,49.3619,soccer.total_goals,period=ft,under,total=1.5,2.95
2026-09-28T00:10:38.287616+02:00,36500991,Segunda Division,Uruguay,Huracan Del Paso de la Arena,Miramar Misiones,2026-09-27T23:00:00+00:00,49.3619,soccer.total_goals,period=ft,over,total=1.75,1.43
2026-09-28T00:10:38.287616+02:00,36500991,Segunda Division,Uruguay,Huracan Del Paso de la Arena,Miramar Misiones,2026-09-27T23:00:00+00:00,49.3619,soccer.total_goals,period=ft,under,total=1.75,2.6
2026-09-28T00:10:38.287616+02:00,36500991,Segunda Division,Uruguay,Huracan Del Paso de la Arena,Miramar Misiones,2026-09-27T23:00:00+00:00,49.3619,soccer.total_goals,period=ft,over,total=2,1.59
2026-09-28T00:10:38.287616+02:00,36500991,Segunda Division,Uruguay,Huracan Del Paso de la Arena,Miramar Misiones,2026-09-27T23:00:00+00:00,49.3619,soccer.total_goals,period=ft,under,total=2,2.25
2026-09-28T00:10:38.287616+02:00,36500991,Segunda Division,Uruguay,Huracan Del Paso de la Arena,Miramar Misiones,2026-09-27T23:00:00+00:00,49.3619,soccer.total_goals,period=ft,over,total=2.5,2.14
2026-09-28T00:10:38.287616+02:00,36500991,Segunda Division,Uruguay,Huracan Del Paso de la Arena,Miramar Misiones,2026-09-27T23:00:00+00:00,49.3619,soccer.total_goals,period=ft,under,total=2.5,1.66
2026-09-28T00:10:38.287616+02:00,36500991,Segunda Division,Uruguay,Huracan Del Paso de la Arena,Miramar Misiones,2026-09-27T23:00:00+00:00,49.3619,soccer.total_goals,period=ft,over,total=2.75,2.45
2026-09-28T00:10:38.287616+02:00,36500991,Segunda Division,Uruguay,Huracan Del Paso de la Arena,Miramar Misiones,2026-09-27T23:00:00+00:00,49.3619,soccer.total_goals,period=ft,under,total=2.75,1.48
2026-09-28T00:10:38.287616+02:00,36500991,Segunda Division,Uruguay,Huracan Del Paso de la Arena,Miramar Misiones,2026-09-27T23:00:00+00:00,49.3619,soccer.total_goals,period=ft,over,total=3,3.1
2026-09-28T00:10:38.287616+02:00,36500991,Segunda Division,Uruguay,Huracan Del Paso de la Arena,Miramar Misiones,2026-09-27T23:00:00+00:00,49.3619,soccer.total_goals,period=ft,under,total=3,1.31
2026-09-28T00:10:38.287616+02:00,36499711,"Primera Division, Clausura",El Salvador,Municipal Limeno,CD FAS Santa Ana,2026-09-27T23:00:00+00:00,49.3619,soccer.asian_handicap,period=ft,home,handicap=0.25,1.78
2026-09-28T00:10:38.287616+02:00,36499711,"Primera Division, Clausura",El Salvador,Municipal Limeno,CD FAS Santa Ana,2026-09-27T23:00:00+00:00,49.3619,soccer.asian_handicap,period=ft,away,handicap=0.25,2.01
2026-09-28T00:10:38.287616+02:00,36499711,"Primera Division, Clausura",El Salvador,Municipal Limeno,CD FAS Santa Ana,2026-09-27T23:00:00+00:00,49.3619,soccer.asian_handicap,period=ft,home,handicap=-0.5,2.8
2026-09-28T00:10:38.287616+02:00,36499711,"Primera Division, Clausura",El Salvador,Municipal Limeno,CD FAS Santa Ana,2026-09-27T23:00:00+00:00,49.3619,soccer.asian_handicap,period=ft,away,handicap=-0.5,1.38
2026-09-28T00:10:38.287616+02:00,36499711,"Primera Division, Clausura",El Salvador,Municipal Limeno,CD FAS Santa Ana,2026-09-27T23:00:00+00:00,49.3619,soccer.asian_handicap,period=ft,home,handicap=-0.25,2.45
2026-09-28T00:10:38.287616+02:00,36499711,"Primera Division, Clausura",El Salvador,Municipal Limeno,CD FAS Santa Ana,2026-09-27T23:00:00+00:00,49.3619,soccer.asian_handicap,period=ft,away,handicap=-0.25,1.48
2026-09-28T00:10:38.287616+02:00,36499711,"Primera Division, Clausura",El Salvador,Municipal Limeno,CD FAS Santa Ana,2026-09-27T23:00:00+00:00,49.3619,soccer.asian_handicap,period=ft,home,handicap=0,2.11
2026-09-28T00:10:38.287616+02:00,36499711,"Primera Division, Clausura",El Salvador,Municipal Limeno,CD FAS Santa Ana,2026-09-27T23:00:00+00:00,49.3619,soccer.asian_handicap,period=ft,away,handicap=0,1.68
2026-09-28T00:10:38.287616+02:00,36499711,"Primera Division, Clausura",El Salvador,Municipal Limeno,CD FAS Santa Ana,2026-09-27T23:00:00+00:00,49.3619,soccer.asian_handicap,period=ft,home,handicap=0.5,1.58
2026-09-28T00:10:38.287616+02:00,36499711,"Primera Division, Clausura",El Salvador,Municipal Limeno,CD FAS Santa Ana,2026-09-27T23:00:00+00:00,49.3619,soccer.asian_handicap,period=ft,away,handicap=0.5,2.25
2026-09-28T00:10:38.287616+02:00,36499711,"Primera Division, Clausura",El Salvador,Municipal Limeno,CD FAS Santa Ana,2026-09-27T23:00:00+00:00,49.3619,soccer.asian_handicap,period=ft,home,handicap=0.75,1.41
2026-09-28T00:10:38.287616+02:00,36499711,"Primera Division, Clausura",El Salvador,Municipal Limeno,CD FAS Santa Ana,2026-09-27T23:00:00+00:00,49.3619,soccer.asian_handicap,period=ft,away,handicap=0.75,2.7
2026-09-28T00:10:38.287616+02:00,36499711,"Primera Division, Clausura",El Salvador,Municipal Limeno,CD FAS Santa Ana,2026-09-27T23:00:00+00:00,49.3619,soccer.asian_handicap,period=ft,home,handicap=1,1.25
2026-09-28T00:10:38.287616+02:00,36499711,"Primera Division, Clausura",El Salvador,Municipal Limeno,CD FAS Santa Ana,2026-09-27T23:00:00+00:00,49.3619,soccer.asian_handicap,period=ft,away,handicap=1,3.5
2026-09-28T00:10:38.287616+02:00,36499711,"Primera Division, Clausura",El Salvador,Municipal Limeno,CD FAS Santa Ana,2026-09-27T23:00:00+00:00,49.3619,soccer.double_chance,period=ft,draw_away,,1.38
2026-09-28T00:10:38.287616+02:00,36499711,"Primera Division, Clausura",El Salvador,Municipal Limeno,CD FAS Santa Ana,2026-09-27T23:00:00+00:00,49.3619,soccer.double_chance,period=ft,home_away,,1.32
2026-09-28T00:10:38.287616+02:00,36499711,"Primera Division, Clausura",El Salvador,Municipal Limeno,CD FAS Santa Ana,2026-09-27T23:00:00+00:00,49.3619,soccer.double_chance,period=ft,home_draw,,1.57
2026-09-28T00:10:38.287616+02:00,36499711,"Primera Division, Clausura",El Salvador,Municipal Limeno,CD FAS Santa Ana,2026-09-27T23:00:00+00:00,49.3619,soccer.match_odds,period=ft,home,,2.85
2026-09-28T00:10:38.287616+02:00,36499711,"Primera Division, Clausura",El Salvador,Municipal Limeno,CD FAS Santa Ana,2026-09-27T23:00:00+00:00,49.3619,soccer.match_odds,period=ft,draw,,3.2
2026-09-28T00:10:38.287616+02:00,36499711,"Primera Division, Clausura",El Salvador,Municipal Limeno,CD FAS Santa Ana,2026-09-27T23:00:00+00:00,49.3619,soccer.match_odds,period=ft,away,,2.3
2026-09-28T00:10:38.287616+02:00,36499711,"Primera Division, Clausura",El Salvador,Municipal Limeno,CD FAS Santa Ana,2026-09-27T23:00:00+00:00,49.3619,soccer.total_goals,period=ft,over,total=2.5,1.87
2026-09-28T00:10:38.287616+02:00,36499711,"Primera Division, Clausura",El Salvador,Municipal Limeno,CD FAS Santa Ana,2026-09-27T23:00:00+00:00,49.3619,soccer.total_goals,period=ft,under,total=2.5,1.9
2026-09-28T00:10:38.287616+02:00,36499711,"Primera Division, Clausura",El Salvador,Municipal Limeno,CD FAS Santa Ana,2026-09-27T23:00:00+00:00,49.3619,soccer.total_goals,period=ft,over,total=1.75,1.3
2026-09-28T00:10:38.287616+02:00,36499711,"Primera Division, Clausura",El Salvador,Municipal Limeno,CD FAS Santa Ana,2026-09-27T23:00:00+00:00,49.3619,soccer.total_goals,period=ft,under,total=1.75,3.2
2026-09-28T00:10:38.287616+02:00,36499711,"Primera Division, Clausura",El Salvador,Municipal Limeno,CD FAS Santa Ana,2026-09-27T23:00:00+00:00,49.3619,soccer.total_goals,period=ft,over,total=2,1.39
2026-09-28T00:10:38.287616+02:00,36499711,"Primera Division, Clausura",El Salvador,Municipal Limeno,CD FAS Santa Ana,2026-09-27T23:00:00+00:00,49.3619,soccer.total_goals,period=ft,under,total=2,2.75
2026-09-28T00:10:38.287616+02:00,36499711,"Primera Division, Clausura",El Salvador,Municipal Limeno,CD FAS Santa Ana,2026-09-27T23:00:00+00:00,49.3619,soccer.total_goals,period=ft,over,total=2.25,1.62
2026-09-28T00:10:38.287616+02:00,36499711,"Primera Division, Clausura",El Salvador,Municipal Limeno,CD FAS Santa Ana,2026-09-27T23:00:00+00:00,49.3619,soccer.total_goals,period=ft,under,total=2.25,2.2
2026-09-28T00:10:38.287616+02:00,36499711,"Primera Division, Clausura",El Salvador,Municipal Limeno,CD FAS Santa Ana,2026-09-27T23:00:00+00:00,49.3619,soccer.total_goals,period=ft,over,total=2.75,2.09
2026-09-28T00:10:38.287616+02:00,36499711,"Primera Division, Clausura",El Salvador,Municipal Limeno,CD FAS Santa Ana,2026-09-27T23:00:00+00:00,49.3619,soccer.total_goals,period=ft,under,total=2.75,1.69
2026-09-28T00:10:38.287616+02:00,36499711,"Primera Division, Clausura",El Salvador,Municipal Limeno,CD FAS Santa Ana,2026-09-27T23:00:00+00:00,49.3619,soccer.total_goals,period=ft,over,total=3,2.45
2026-09-28T00:10:38.287616+02:00,36499711,"Primera Division, Clausura",El Salvador,Municipal Limeno,CD FAS Santa Ana,2026-09-27T23:00:00+00:00,49.3619,soccer.total_goals,period=ft,under,total=3,1.48
2026-09-28T00:10:38.287616+02:00,36499711,"Primera Division, Clausura",El Salvador,Municipal Limeno,CD FAS Santa Ana,2026-09-27T23:00:00+00:00,49.3619,soccer.total_goals,period=ft,over,total=3.25,2.8
2026-09-28T00:10:38.287616+02:00,36499711,"Primera Division, Clausura",El Salvador,Municipal Limeno,CD FAS Santa Ana,2026-09-27T23:00:00+00:00,49.3619,soccer.total_goals,period=ft,under,total=3.25,1.38
2026-09-28T00:10:38.287616+02:00,36529311,Copa Division Profesional,Bolivia,CD Real Tomayapo,Cdt Real Oruro,2026-09-27T23:30:00+00:00,79.3619,soccer.asian_handicap,period=ft,home,handicap=-0.5,1.92
2026-09-28T00:10:38.287616+02:00,36529311,Copa Division Profesional,Bolivia,CD Real Tomayapo,Cdt Real Oruro,2026-09-27T23:30:00+00:00,79.3619,soccer.asian_handicap,period=ft,away,handicap=-0.5,1.78
2026-09-28T00:10:38.287616+02:00,36529311,Copa Division Profesional,Bolivia,CD Real Tomayapo,Cdt Real Oruro,2026-09-27T23:30:00+00:00,79.3619,soccer.asian_handicap,period=ft,home,handicap=-1.25,2.8
2026-09-28T00:10:38.287616+02:00,36529311,Copa Division Profesional,Bolivia,CD Real Tomayapo,Cdt Real Oruro,2026-09-27T23:30:00+00:00,79.3619,soccer.asian_handicap,period=ft,away,handicap=-1.25,1.34
2026-09-28T00:10:38.287616+02:00,36529311,Copa Division Profesional,Bolivia,CD Real Tomayapo,Cdt Real Oruro,2026-09-27T23:30:00+00:00,79.3619,soccer.asian_handicap,period=ft,home,handicap=-1,2.5
2026-09-28T00:10:38.287616+02:00,36529311,Copa Division Profesional,Bolivia,CD Real Tomayapo,Cdt Real Oruro,2026-09-27T23:30:00+00:00,79.3619,soccer.asian_handicap,period=ft,away,handicap=-1,1.42
2026-09-28T00:10:38.287616+02:00,36529311,Copa Division Profesional,Bolivia,CD Real Tomayapo,Cdt Real Oruro,2026-09-27T23:30:00+00:00,79.3619,soccer.asian_handicap,period=ft,home,handicap=-0.75,2.14
2026-09-28T00:10:38.287616+02:00,36529311,Copa Division Profesional,Bolivia,CD Real Tomayapo,Cdt Real Oruro,2026-09-27T23:30:00+00:00,79.3619,soccer.asian_handicap,period=ft,away,handicap=-0.75,1.6
2026-09-28T00:10:38.287616+02:00,36529311,Copa Division Profesional,Bolivia,CD Real Tomayapo,Cdt Real Oruro,2026-09-27T23:30:00+00:00,79.3619,soccer.asian_handicap,period=ft,home,handicap=-0.25,1.69
2026-09-28T00:10:38.287616+02:00,36529311,Copa Division Profesional,Bolivia,CD Real Tomayapo,Cdt Real Oruro,2026-09-27T23:30:00+00:00,79.3619,soccer.asian_handicap,period=ft,away,handicap=-0.25,2.0
2026-09-28T00:10:38.287616+02:00,36529311,Copa Division Profesional,Bolivia,CD Real Tomayapo,Cdt Real Oruro,2026-09-27T23:30:00+00:00,79.3619,soccer.asian_handicap,period=ft,home,handicap=0,1.47
2026-09-28T00:10:38.287616+02:00,36529311,Copa Division Profesional,Bolivia,CD Real Tomayapo,Cdt Real Oruro,2026-09-27T23:30:00+00:00,79.3619,soccer.asian_handicap,period=ft,away,handicap=0,2.35
2026-09-28T00:10:38.287616+02:00,36529311,Copa Division Profesional,Bolivia,CD Real Tomayapo,Cdt Real Oruro,2026-09-27T23:30:00+00:00,79.3619,soccer.asian_handicap,period=ft,home,handicap=0.25,1.37
2026-09-28T00:10:38.287616+02:00,36529311,Copa Division Profesional,Bolivia,CD Real Tomayapo,Cdt Real Oruro,2026-09-27T23:30:00+00:00,79.3619,soccer.asian_handicap,period=ft,away,handicap=0.25,2.65
2026-09-28T00:10:38.287616+02:00,36529311,Copa Division Profesional,Bolivia,CD Real Tomayapo,Cdt Real Oruro,2026-09-27T23:30:00+00:00,79.3619,soccer.match_odds,period=ft,home,,1.91
2026-09-28T00:10:38.287616+02:00,36529311,Copa Division Profesional,Bolivia,CD Real Tomayapo,Cdt Real Oruro,2026-09-27T23:30:00+00:00,79.3619,soccer.match_odds,period=ft,draw,,3.6
2026-09-28T00:10:38.287616+02:00,36529311,Copa Division Profesional,Bolivia,CD Real Tomayapo,Cdt Real Oruro,2026-09-27T23:30:00+00:00,79.3619,soccer.match_odds,period=ft,away,,3.05
2026-09-28T00:10:38.287616+02:00,36529311,Copa Division Profesional,Bolivia,CD Real Tomayapo,Cdt Real Oruro,2026-09-27T23:30:00+00:00,79.3619,soccer.total_goals,period=ft,over,total=3.5,1.89
2026-09-28T00:10:38.287616+02:00,36529311,Copa Division Profesional,Bolivia,CD Real Tomayapo,Cdt Real Oruro,2026-09-27T23:30:00+00:00,79.3619,soccer.total_goals,period=ft,under,total=3.5,1.8
2026-09-28T00:10:38.287616+02:00,36529311,Copa Division Profesional,Bolivia,CD Real Tomayapo,Cdt Real Oruro,2026-09-27T23:30:00+00:00,79.3619,soccer.total_goals,period=ft,over,total=2.75,1.4
2026-09-28T00:10:38.287616+02:00,36529311,Copa Division Profesional,Bolivia,CD Real Tomayapo,Cdt Real Oruro,2026-09-27T23:30:00+00:00,79.3619,soccer.total_goals,period=ft,under,total=2.75,2.55
2026-09-28T00:10:38.287616+02:00,36529311,Copa Division Profesional,Bolivia,CD Real Tomayapo,Cdt Real Oruro,2026-09-27T23:30:00+00:00,79.3619,soccer.total_goals,period=ft,over,total=3,1.5
2026-09-28T00:10:38.287616+02:00,36529311,Copa Division Profesional,Bolivia,CD Real Tomayapo,Cdt Real Oruro,2026-09-27T23:30:00+00:00,79.3619,soccer.total_goals,period=ft,under,total=3,2.3
2026-09-28T00:10:38.287616+02:00,36529311,Copa Division Profesional,Bolivia,CD Real Tomayapo,Cdt Real Oruro,2026-09-27T23:30:00+00:00,79.3619,soccer.total_goals,period=ft,over,total=3.25,1.7
2026-09-28T00:10:38.287616+02:00,36529311,Copa Division Profesional,Bolivia,CD Real Tomayapo,Cdt Real Oruro,2026-09-27T23:30:00+00:00,79.3619,soccer.total_goals,period=ft,under,total=3.25,2.0
2026-09-28T00:10:38.287616+02:00,36529311,Copa Division Profesional,Bolivia,CD Real Tomayapo,Cdt Real Oruro,2026-09-27T23:30:00+00:00,79.3619,soccer.total_goals,period=ft,over,total=3.75,2.1
2026-09-28T00:10:38.287616+02:00,36529311,Copa Division Profesional,Bolivia,CD Real Tomayapo,Cdt Real Oruro,2026-09-27T23:30:00+00:00,79.3619,soccer.total_goals,period=ft,under,total=3.75,1.62
2026-09-28T00:10:38.287616+02:00,36529311,Copa Division Profesional,Bolivia,CD Real Tomayapo,Cdt Real Oruro,2026-09-27T23:30:00+00:00,79.3619,soccer.total_goals,period=ft,over,total=4,2.45
2026-09-28T00:10:38.287616+02:00,36529311,Copa Division Profesional,Bolivia,CD Real Tomayapo,Cdt Real Oruro,2026-09-27T23:30:00+00:00,79.3619,soccer.total_goals,period=ft,under,total=4,1.44
2026-09-28T00:10:38.287616+02:00,36529311,Copa Division Profesional,Bolivia,CD Real Tomayapo,Cdt Real Oruro,2026-09-27T23:30:00+00:00,79.3619,soccer.total_goals,period=ft,over,total=4.25,2.7
2026-09-28T00:10:38.287616+02:00,36529311,Copa Division Profesional,Bolivia,CD Real Tomayapo,Cdt Real Oruro,2026-09-27T23:30:00+00:00,79.3619,soccer.total_goals,period=ft,under,total=4.25,1.36
2026-09-28T00:10:38.287616+02:00,36519400,Torneo Federal A,Argentina,CSB Atenas,Sportivo General San Martin,2026-09-27T22:30:00+00:00,19.3619,soccer.asian_handicap,period=ft,home,handicap=-0.25,1.86
2026-09-28T00:10:38.287616+02:00,36519400,Torneo Federal A,Argentina,CSB Atenas,Sportivo General San Martin,2026-09-27T22:30:00+00:00,19.3619,soccer.asian_handicap,period=ft,away,handicap=-0.25,1.83
2026-09-28T00:10:38.287616+02:00,36519400,Torneo Federal A,Argentina,CSB Atenas,Sportivo General San Martin,2026-09-27T22:30:00+00:00,19.3619,soccer.asian_handicap,period=ft,home,handicap=-1,3.4
2026-09-28T00:10:38.287616+02:00,36519400,Torneo Federal A,Argentina,CSB Atenas,Sportivo General San Martin,2026-09-27T22:30:00+00:00,19.3619,soccer.asian_handicap,period=ft,away,handicap=-1,1.23
2026-09-28T00:10:38.287616+02:00,36519400,Torneo Federal A,Argentina,CSB Atenas,Sportivo General San Martin,2026-09-27T22:30:00+00:00,19.3619,soccer.asian_handicap,period=ft,home,handicap=-0.75,2.55
2026-09-28T00:10:38.287616+02:00,36519400,Torneo Federal A,Argentina,CSB Atenas,Sportivo General San Martin,2026-09-27T22:30:00+00:00,19.3619,soccer.asian_handicap,period=ft,away,handicap=-0.75,1.4
2026-09-28T00:10:38.287616+02:00,36519400,Torneo Federal A,Argentina,CSB Atenas,Sportivo General San Martin,2026-09-27T22:30:00+00:00,19.3619,soccer.asian_handicap,period=ft,home,handicap=-0.5,2.16
2026-09-28T00:10:38.287616+02:00,36519400,Torneo Federal A,Argentina,CSB Atenas,Sportivo General San Martin,2026-09-27T22:30:00+00:00,19.3619,soccer.asian_handicap,period=ft,away,handicap=-0.5,1.59
2026-09-28T00:10:38.287616+02:00,36519400,Torneo Federal A,Argentina,CSB Atenas,Sportivo General San Martin,2026-09-27T22:30:00+00:00,19.3619,soccer.asian_handicap,period=ft,home,handicap=0,1.51
2026-09-28T00:10:38.287616+02:00,36519400,Torneo Federal A,Argentina,CSB Atenas,Sportivo General San Martin,2026-09-27T22:30:00+00:00,19.3619,soccer.asian_handicap,period=ft,away,handicap=0,2.3
2026-09-28T00:10:38.287616+02:00,36519400,Torneo Federal A,Argentina,CSB Atenas,Sportivo General San Martin,2026-09-27T22:30:00+00:00,19.3619,soccer.asian_handicap,period=ft,home,handicap=0.25,1.35
2026-09-28T00:10:38.287616+02:00,36519400,Torneo Federal A,Argentina,CSB Atenas,Sportivo General San Martin,2026-09-27T22:30:00+00:00,19.3619,soccer.asian_handicap,period=ft,away,handicap=0.25,2.75
2026-09-28T00:10:38.287616+02:00,36519400,Torneo Federal A,Argentina,CSB Atenas,Sportivo General San Martin,2026-09-27T22:30:00+00:00,19.3619,soccer.asian_handicap,period=ft,home,handicap=0.5,1.26
2026-09-28T00:10:38.287616+02:00,36519400,Torneo Federal A,Argentina,CSB Atenas,Sportivo General San Martin,2026-09-27T22:30:00+00:00,19.3619,soccer.asian_handicap,period=ft,away,handicap=0.5,3.2
2026-09-28T00:10:38.287616+02:00,36519400,Torneo Federal A,Argentina,CSB Atenas,Sportivo General San Martin,2026-09-27T22:30:00+00:00,19.3619,soccer.double_chance,period=ft,draw_away,,1.56
2026-09-28T00:10:38.287616+02:00,36519400,Torneo Federal A,Argentina,CSB Atenas,Sportivo General San Martin,2026-09-27T22:30:00+00:00,19.3619,soccer.double_chance,period=ft,home_away,,1.41
2026-09-28T00:10:38.287616+02:00,36519400,Torneo Federal A,Argentina,CSB Atenas,Sportivo General San Martin,2026-09-27T22:30:00+00:00,19.3619,soccer.double_chance,period=ft,home_draw,,1.33
2026-09-28T00:10:38.287616+02:00,36519400,Torneo Federal A,Argentina,CSB Atenas,Sportivo General San Martin,2026-09-27T22:30:00+00:00,19.3619,soccer.match_odds,period=ft,home,,2.18
2026-09-28T00:10:38.287616+02:00,36519400,Torneo Federal A,Argentina,CSB Atenas,Sportivo General San Martin,2026-09-27T22:30:00+00:00,19.3619,soccer.match_odds,period=ft,draw,,2.75
2026-09-28T00:10:38.287616+02:00,36519400,Torneo Federal A,Argentina,CSB Atenas,Sportivo General San Martin,2026-09-27T22:30:00+00:00,19.3619,soccer.match_odds,period=ft,away,,3.25
2026-09-28T00:10:38.287616+02:00,36519400,Torneo Federal A,Argentina,CSB Atenas,Sportivo General San Martin,2026-09-27T22:30:00+00:00,19.3619,soccer.total_goals,period=ft,over,total=2,1.72
2026-09-28T00:10:38.287616+02:00,36519400,Torneo Federal A,Argentina,CSB Atenas,Sportivo General San Martin,2026-09-27T22:30:00+00:00,19.3619,soccer.total_goals,period=ft,under,total=2,2.0
2026-09-28T00:10:38.287616+02:00,36519400,Torneo Federal A,Argentina,CSB Atenas,Sportivo General San Martin,2026-09-27T22:30:00+00:00,19.3619,soccer.total_goals,period=ft,over,total=1.25,1.24
2026-09-28T00:10:38.287616+02:00,36519400,Torneo Federal A,Argentina,CSB Atenas,Sportivo General San Martin,2026-09-27T22:30:00+00:00,19.3619,soccer.total_goals,period=ft,under,total=1.25,3.35
2026-09-28T00:10:38.287616+02:00,36519400,Torneo Federal A,Argentina,CSB Atenas,Sportivo General San Martin,2026-09-27T22:30:00+00:00,19.3619,soccer.total_goals,period=ft,over,total=1.5,1.38
2026-09-28T00:10:38.287616+02:00,36519400,Torneo Federal A,Argentina,CSB Atenas,Sportivo General San Martin,2026-09-27T22:30:00+00:00,19.3619,soccer.total_goals,period=ft,under,total=1.5,2.6
2026-09-28T00:10:38.287616+02:00,36519400,Torneo Federal A,Argentina,CSB Atenas,Sportivo General San Martin,2026-09-27T22:30:00+00:00,19.3619,soccer.total_goals,period=ft,over,total=1.75,1.51
2026-09-28T00:10:38.287616+02:00,36519400,Torneo Federal A,Argentina,CSB Atenas,Sportivo General San Martin,2026-09-27T22:30:00+00:00,19.3619,soccer.total_goals,period=ft,under,total=1.75,2.3
2026-09-28T00:10:38.287616+02:00,36519400,Torneo Federal A,Argentina,CSB Atenas,Sportivo General San Martin,2026-09-27T22:30:00+00:00,19.3619,soccer.total_goals,period=ft,over,total=2.25,2.01
2026-09-28T00:10:38.287616+02:00,36519400,Torneo Federal A,Argentina,CSB Atenas,Sportivo General San Martin,2026-09-27T22:30:00+00:00,19.3619,soccer.total_goals,period=ft,under,total=2.25,1.68
2026-09-28T00:10:38.287616+02:00,36519400,Torneo Federal A,Argentina,CSB Atenas,Sportivo General San Martin,2026-09-27T22:30:00+00:00,19.3619,soccer.total_goals,period=ft,over,total=2.5,2.25
2026-09-28T00:10:38.287616+02:00,36519400,Torneo Federal A,Argentina,CSB Atenas,Sportivo General San Martin,2026-09-27T22:30:00+00:00,19.3619,soccer.total_goals,period=ft,under,total=2.5,1.5
2026-09-28T00:10:38.287616+02:00,36519400,Torneo Federal A,Argentina,CSB Atenas,Sportivo General San Martin,2026-09-27T22:30:00+00:00,19.3619,soccer.total_goals,period=ft,over,total=2.75,2.7
2026-09-28T00:10:38.287616+02:00,36519400,Torneo Federal A,Argentina,CSB Atenas,Sportivo General San Martin,2026-09-27T22:30:00+00:00,19.3619,soccer.total_goals,period=ft,under,total=2.75,1.36
2026-09-28T00:10:38.287616+02:00,36430466,"Primera A, Clausura",Colombia,Fortaleza FC,CD Tolima,2026-09-27T23:05:00+00:00,54.3619,soccer.asian_handicap,period=ft,home,handicap=-0.75,0.0
2026-09-28T00:10:38.287616+02:00,36430466,"Primera A, Clausura",Colombia,Fortaleza FC,CD Tolima,2026-09-27T23:05:00+00:00,54.3619,soccer.asian_handicap,period=ft,away,handicap=-0.75,0.0
2026-09-28T00:10:38.287616+02:00,36430466,"Primera A, Clausura",Colombia,Fortaleza FC,CD Tolima,2026-09-27T23:05:00+00:00,54.3619,soccer.asian_handicap,period=ft,home,handicap=-0.5,3.85
2026-09-28T00:10:38.287616+02:00,36430466,"Primera A, Clausura",Colombia,Fortaleza FC,CD Tolima,2026-09-27T23:05:00+00:00,54.3619,soccer.asian_handicap,period=ft,away,handicap=-0.5,1.25
2026-09-28T00:10:38.287616+02:00,36430466,"Primera A, Clausura",Colombia,Fortaleza FC,CD Tolima,2026-09-27T23:05:00+00:00,54.3619,soccer.asian_handicap,period=ft,home,handicap=-0.25,3.3
2026-09-28T00:10:38.287616+02:00,36430466,"Primera A, Clausura",Colombia,Fortaleza FC,CD Tolima,2026-09-27T23:05:00+00:00,54.3619,soccer.asian_handicap,period=ft,away,handicap=-0.25,1.32
2026-09-28T00:10:38.287616+02:00,36430466,"Primera A, Clausura",Colombia,Fortaleza FC,CD Tolima,2026-09-27T23:05:00+00:00,54.3619,soccer.asian_handicap,period=ft,home,handicap=0,2.8
2026-09-28T00:10:38.287616+02:00,36430466,"Primera A, Clausura",Colombia,Fortaleza FC,CD Tolima,2026-09-27T23:05:00+00:00,54.3619,soccer.asian_handicap,period=ft,away,handicap=0,1.43
2026-09-28T00:10:38.287616+02:00,36430466,"Primera A, Clausura",Colombia,Fortaleza FC,CD Tolima,2026-09-27T23:05:00+00:00,54.3619,soccer.asian_handicap,period=ft,home,handicap=0.25,2.12
2026-09-28T00:10:38.287616+02:00,36430466,"Primera A, Clausura",Colombia,Fortaleza FC,CD Tolima,2026-09-27T23:05:00+00:00,54.3619,soccer.asian_handicap,period=ft,away,handicap=0.25,1.72
2026-09-28T00:10:38.287616+02:00,36430466,"Primera A, Clausura",Colombia,Fortaleza FC,CD Tolima,2026-09-27T23:05:00+00:00,54.3619,soccer.asian_handicap,period=ft,home,handicap=0.5,1.82
2026-09-28T00:10:38.287616+02:00,36430466,"Primera A, Clausura",Colombia,Fortaleza FC,CD Tolima,2026-09-27T23:05:00+00:00,54.3619,soccer.asian_handicap,period=ft,away,handicap=0.5,2.01
2026-09-28T00:10:38.287616+02:00,36430466,"Primera A, Clausura",Colombia,Fortaleza FC,CD Tolima,2026-09-27T23:05:00+00:00,54.3619,soccer.asian_handicap,period=ft,home,handicap=0.75,1.59
2026-09-28T00:10:38.287616+02:00,36430466,"Primera A, Clausura",Colombia,Fortaleza FC,CD Tolima,2026-09-27T23:05:00+00:00,54.3619,soccer.asian_handicap,period=ft,away,handicap=0.75,2.35
2026-09-28T00:10:38.287616+02:00,36430466,"Primera A, Clausura",Colombia,Fortaleza FC,CD Tolima,2026-09-27T23:05:00+00:00,54.3619,soccer.asian_handicap,period=ft,home,handicap=1,1.38
2026-09-28T00:10:38.287616+02:00,36430466,"Primera A, Clausura",Colombia,Fortaleza FC,CD Tolima,2026-09-27T23:05:00+00:00,54.3619,soccer.asian_handicap,period=ft,away,handicap=1,3.05
2026-09-28T00:10:38.287616+02:00,36430466,"Primera A, Clausura",Colombia,Fortaleza FC,CD Tolima,2026-09-27T23:05:00+00:00,54.3619,soccer.asian_handicap,period=ft,home,handicap=1.25,1.29
2026-09-28T00:10:38.287616+02:00,36430466,"Primera A, Clausura",Colombia,Fortaleza FC,CD Tolima,2026-09-27T23:05:00+00:00,54.3619,soccer.asian_handicap,period=ft,away,handicap=1.25,3.5
2026-09-28T00:10:38.287616+02:00,36430466,"Primera A, Clausura",Colombia,Fortaleza FC,CD Tolima,2026-09-27T23:05:00+00:00,54.3619,soccer.asian_handicap,period=ft,home,handicap=1.5,1.24
2026-09-28T00:10:38.287616+02:00,36430466,"Primera A, Clausura",Colombia,Fortaleza FC,CD Tolima,2026-09-27T23:05:00+00:00,54.3619,soccer.asian_handicap,period=ft,away,handicap=1.5,3.95
2026-09-28T00:10:38.287616+02:00,36430466,"Primera A, Clausura",Colombia,Fortaleza FC,CD Tolima,2026-09-27T23:05:00+00:00,54.3619,soccer.double_chance,period=ft,draw_away,,1.29
2026-09-28T00:10:38.287616+02:00,36430466,"Primera A, Clausura",Colombia,Fortaleza FC,CD Tolima,2026-09-27T23:05:00+00:00,54.3619,soccer.double_chance,period=ft,home_away,,1.35
2026-09-28T00:10:38.287616+02:00,36430466,"Primera A, Clausura",Colombia,Fortaleza FC,CD Tolima,2026-09-27T23:05:00+00:00,54.3619,soccer.double_chance,period=ft,home_draw,,1.71
2026-09-28T00:10:38.287616+02:00,36430466,"Primera A, Clausura",Colombia,Fortaleza FC,CD Tolima,2026-09-27T23:05:00+00:00,54.3619,soccer.match_odds,period=ft,home,,3.9
2026-09-28T00:10:38.287616+02:00,36430466,"Primera A, Clausura",Colombia,Fortaleza FC,CD Tolima,2026-09-27T23:05:00+00:00,54.3619,soccer.match_odds,period=ft,draw,,3.25
2026-09-28T00:10:38.287616+02:00,36430466,"Primera A, Clausura",Colombia,Fortaleza FC,CD Tolima,2026-09-27T23:05:00+00:00,54.3619,soccer.match_odds,period=ft,away,,2.01
2026-09-28T00:10:38.287616+02:00,36430466,"Primera A, Clausura",Colombia,Fortaleza FC,CD Tolima,2026-09-27T23:05:00+00:00,54.3619,soccer.total_goals,period=ft,over,total=2.25,1.89
2026-09-28T00:10:38.287616+02:00,36430466,"Primera A, Clausura",Colombia,Fortaleza FC,CD Tolima,2026-09-27T23:05:00+00:00,54.3619,soccer.total_goals,period=ft,under,total=2.25,1.91
2026-09-28T00:10:38.287616+02:00,36430466,"Primera A, Clausura",Colombia,Fortaleza FC,CD Tolima,2026-09-27T23:05:00+00:00,54.3619,soccer.total_goals,period=ft,over,total=1.5,1.36
2026-09-28T00:10:38.287616+02:00,36430466,"Primera A, Clausura",Colombia,Fortaleza FC,CD Tolima,2026-09-27T23:05:00+00:00,54.3619,soccer.total_goals,period=ft,under,total=1.5,3.05
2026-09-28T00:10:38.287616+02:00,36430466,"Primera A, Clausura",Colombia,Fortaleza FC,CD Tolima,2026-09-27T23:05:00+00:00,54.3619,soccer.total_goals,period=ft,over,total=1.75,1.45
2026-09-28T00:10:38.287616+02:00,36430466,"Primera A, Clausura",Colombia,Fortaleza FC,CD Tolima,2026-09-27T23:05:00+00:00,54.3619,soccer.total_goals,period=ft,under,total=1.75,2.7
2026-09-28T00:10:38.287616+02:00,36430466,"Primera A, Clausura",Colombia,Fortaleza FC,CD Tolima,2026-09-27T23:05:00+00:00,54.3619,soccer.total_goals,period=ft,over,total=2,1.6
2026-09-28T00:10:38.287616+02:00,36430466,"Primera A, Clausura",Colombia,Fortaleza FC,CD Tolima,2026-09-27T23:05:00+00:00,54.3619,soccer.total_goals,period=ft,under,total=2,2.3
2026-09-28T00:10:38.287616+02:00,36430466,"Primera A, Clausura",Colombia,Fortaleza FC,CD Tolima,2026-09-27T23:05:00+00:00,54.3619,soccer.total_goals,period=ft,over,total=2.5,2.15
2026-09-28T00:10:38.287616+02:00,36430466,"Primera A, Clausura",Colombia,Fortaleza FC,CD Tolima,2026-09-27T23:05:00+00:00,54.3619,soccer.total_goals,period=ft,under,total=2.5,1.69
2026-09-28T00:10:38.287616+02:00,36430466,"Primera A, Clausura",Colombia,Fortaleza FC,CD Tolima,2026-09-27T23:05:00+00:00,54.3619,soccer.total_goals,period=ft,over,total=2.75,2.5
2026-09-28T00:10:38.287616+02:00,36430466,"Primera A, Clausura",Colombia,Fortaleza FC,CD Tolima,2026-09-27T23:05:00+00:00,54.3619,soccer.total_goals,period=ft,under,total=2.75,1.52
2026-09-28T00:10:38.287616+02:00,36430466,"Primera A, Clausura",Colombia,Fortaleza FC,CD Tolima,2026-09-27T23:05:00+00:00,54.3619,soccer.total_goals,period=ft,over,total=3.5,3.8
2026-09-28T00:10:38.287616+02:00,36430466,"Primera A, Clausura",Colombia,Fortaleza FC,CD Tolima,2026-09-27T23:05:00+00:00,54.3619,soccer.total_goals,period=ft,under,total=3.5,1.25
2026-09-28T00:12:22.257912+02:00,36500991,Segunda Division,Uruguay,Huracan Del Paso de la Arena,Miramar Misiones,2026-09-27T23:00:00+00:00,47.629,soccer.asian_handicap,period=ft,home,handicap=-0.25,1.87
2026-09-28T00:12:22.257912+02:00,36500991,Segunda Division,Uruguay,Huracan Del Paso de la Arena,Miramar Misiones,2026-09-27T23:00:00+00:00,47.629,soccer.asian_handicap,period=ft,away,handicap=-0.25,1.9
2026-09-28T00:12:22.257912+02:00,36500991,Segunda Division,Uruguay,Huracan Del Paso de la Arena,Miramar Misiones,2026-09-27T23:00:00+00:00,47.629,soccer.asian_handicap,period=ft,home,handicap=-1,3.3
2026-09-28T00:12:22.257912+02:00,36500991,Segunda Division,Uruguay,Huracan Del Paso de la Arena,Miramar Misiones,2026-09-27T23:00:00+00:00,47.629,soccer.asian_handicap,period=ft,away,handicap=-1,1.28
2026-09-28T00:12:22.257912+02:00,36500991,Segunda Division,Uruguay,Huracan Del Paso de la Arena,Miramar Misiones,2026-09-27T23:00:00+00:00,47.629,soccer.asian_handicap,period=ft,home,handicap=-0.75,2.5
2026-09-28T00:12:22.257912+02:00,36500991,Segunda Division,Uruguay,Huracan Del Paso de la Arena,Miramar Misiones,2026-09-27T23:00:00+00:00,47.629,soccer.asian_handicap,period=ft,away,handicap=-0.75,1.47
2026-09-28T00:12:22.257912+02:00,36500991,Segunda Division,Uruguay,Huracan Del Paso de la Arena,Miramar Misiones,2026-09-27T23:00:00+00:00,47.629,soccer.asian_handicap,period=ft,home,handicap=-0.5,2.14
2026-09-28T00:12:22.257912+02:00,36500991,Segunda Division,Uruguay,Huracan Del Paso de la Arena,Miramar Misiones,2026-09-27T23:00:00+00:00,47.629,soccer.asian_handicap,period=ft,away,handicap=-0.5,1.66
2026-09-28T00:12:22.257912+02:00,36500991,Segunda Division,Uruguay,Huracan Del Paso de la Arena,Miramar Misiones,2026-09-27T23:00:00+00:00,47.629,soccer.asian_handicap,period=ft,home,handicap=0,1.56
2026-09-28T00:12:22.257912+02:00,36500991,Segunda Division,Uruguay,Huracan Del Paso de la Arena,Miramar Misiones,2026-09-27T23:00:00+00:00,47.629,soccer.asian_handicap,period=ft,away,handicap=0,2.3
2026-09-28T00:12:22.257912+02:00,36500991,Segunda Division,Uruguay,Huracan Del Paso de la Arena,Miramar Misiones,2026-09-27T23:00:00+00:00,47.629,soccer.asian_handicap,period=ft,home,handicap=0.25,1.4
2026-09-28T00:12:22.257912+02:00,36500991,Segunda Division,Uruguay,Huracan Del Paso de la Arena,Miramar Misiones,2026-09-27T23:00:00+00:00,47.629,soccer.asian_handicap,period=ft,away,handicap=0.25,2.7
2026-09-28T00:12:22.257912+02:00,36500991,Segunda Division,Uruguay,Huracan Del Paso de la Arena,Miramar Misiones,2026-09-27T23:00:00+00:00,47.629,soccer.asian_handicap,period=ft,home,handicap=0.5,1.32
2026-09-28T00:12:22.257912+02:00,36500991,Segunda Division,Uruguay,Huracan Del Paso de la Arena,Miramar Misiones,2026-09-27T23:00:00+00:00,47.629,soccer.asian_handicap,period=ft,away,handicap=0.5,3.1
2026-09-28T00:12:22.257912+02:00,36500991,Segunda Division,Uruguay,Huracan Del Paso de la Arena,Miramar Misiones,2026-09-27T23:00:00+00:00,47.629,soccer.double_chance,period=ft,draw_away,,1.65
2026-09-28T00:12:22.257912+02:00,36500991,Segunda Division,Uruguay,Huracan Del Paso de la Arena,Miramar Misiones,2026-09-27T23:00:00+00:00,47.629,soccer.double_chance,period=ft,home_away,,1.32
2026-09-28T00:12:22.257912+02:00,36500991,Segunda Division,Uruguay,Huracan Del Paso de la Arena,Miramar Misiones,2026-09-27T23:00:00+00:00,47.629,soccer.double_chance,period=ft,home_draw,,1.32
2026-09-28T00:12:22.257912+02:00,36500991,Segunda Division,Uruguay,Huracan Del Paso de la Arena,Miramar Misiones,2026-09-27T23:00:00+00:00,47.629,soccer.match_odds,period=ft,home,,2.15
2026-09-28T00:12:22.257912+02:00,36500991,Segunda Division,Uruguay,Huracan Del Paso de la Arena,Miramar Misiones,2026-09-27T23:00:00+00:00,47.629,soccer.match_odds,period=ft,draw,,3.15
2026-09-28T00:12:22.257912+02:00,36500991,Segunda Division,Uruguay,Huracan Del Paso de la Arena,Miramar Misiones,2026-09-27T23:00:00+00:00,47.629,soccer.match_odds,period=ft,away,,3.15
2026-09-28T00:12:22.257912+02:00,36500991,Segunda Division,Uruguay,Huracan Del Paso de la Arena,Miramar Misiones,2026-09-27T23:00:00+00:00,47.629,soccer.total_goals,period=ft,over,total=2.25,1.89
2026-09-28T00:12:22.257912+02:00,36500991,Segunda Division,Uruguay,Huracan Del Paso de la Arena,Miramar Misiones,2026-09-27T23:00:00+00:00,47.629,soccer.total_goals,period=ft,under,total=2.25,1.89
2026-09-28T00:12:22.257912+02:00,36500991,Segunda Division,Uruguay,Huracan Del Paso de la Arena,Miramar Misiones,2026-09-27T23:00:00+00:00,47.629,soccer.total_goals,period=ft,over,total=1.5,1.34
2026-09-28T00:12:22.257912+02:00,36500991,Segunda Division,Uruguay,Huracan Del Paso de la Arena,Miramar Misiones,2026-09-27T23:00:00+00:00,47.629,soccer.total_goals,period=ft,under,total=1.5,2.95
2026-09-28T00:12:22.257912+02:00,36500991,Segunda Division,Uruguay,Huracan Del Paso de la Arena,Miramar Misiones,2026-09-27T23:00:00+00:00,47.629,soccer.total_goals,period=ft,over,total=1.75,1.43
2026-09-28T00:12:22.257912+02:00,36500991,Segunda Division,Uruguay,Huracan Del Paso de la Arena,Miramar Misiones,2026-09-27T23:00:00+00:00,47.629,soccer.total_goals,period=ft,under,total=1.75,2.6
2026-09-28T00:12:22.257912+02:00,36500991,Segunda Division,Uruguay,Huracan Del Paso de la Arena,Miramar Misiones,2026-09-27T23:00:00+00:00,47.629,soccer.total_goals,period=ft,over,total=2,1.59
2026-09-28T00:12:22.257912+02:00,36500991,Segunda Division,Uruguay,Huracan Del Paso de la Arena,Miramar Misiones,2026-09-27T23:00:00+00:00,47.629,soccer.total_goals,period=ft,under,total=2,2.25
2026-09-28T00:12:22.257912+02:00,36500991,Segunda Division,Uruguay,Huracan Del Paso de la Arena,Miramar Misiones,2026-09-27T23:00:00+00:00,47.629,soccer.total_goals,period=ft,over,total=2.5,2.14
2026-09-28T00:12:22.257912+02:00,36500991,Segunda Division,Uruguay,Huracan Del Paso de la Arena,Miramar Misiones,2026-09-27T23:00:00+00:00,47.629,soccer.total_goals,period=ft,under,total=2.5,1.66
2026-09-28T00:12:22.257912+02:00,36500991,Segunda Division,Uruguay,Huracan Del Paso de la Arena,Miramar Misiones,2026-09-27T23:00:00+00:00,47.629,soccer.total_goals,period=ft,over,total=2.75,2.45
2026-09-28T00:12:22.257912+02:00,36500991,Segunda Division,Uruguay,Huracan Del Paso de la Arena,Miramar Misiones,2026-09-27T23:00:00+00:00,47.629,soccer.total_goals,period=ft,under,total=2.75,1.48
2026-09-28T00:12:22.257912+02:00,36500991,Segunda Division,Uruguay,Huracan Del Paso de la Arena,Miramar Misiones,2026-09-27T23:00:00+00:00,47.629,soccer.total_goals,period=ft,over,total=3,3.1
2026-09-28T00:12:22.257912+02:00,36500991,Segunda Division,Uruguay,Huracan Del Paso de la Arena,Miramar Misiones,2026-09-27T23:00:00+00:00,47.629,soccer.total_goals,period=ft,under,total=3,1.31
2026-09-28T00:12:22.257912+02:00,36521606,"Liga Panamena de Futbol, Apertura",Panama,Veraguas United FC,AF Sporting San Miguelito,2026-09-27T23:15:00+00:00,62.629,soccer.asian_handicap,period=ft,home,handicap=0,1.86
2026-09-28T00:12:22.257912+02:00,36521606,"Liga Panamena de Futbol, Apertura",Panama,Veraguas United FC,AF Sporting San Miguelito,2026-09-27T23:15:00+00:00,62.629,soccer.asian_handicap,period=ft,away,handicap=0,1.91
2026-09-28T00:12:22.257912+02:00,36521606,"Liga Panamena de Futbol, Apertura",Panama,Veraguas United FC,AF Sporting San Miguelito,2026-09-27T23:15:00+00:00,62.629,soccer.asian_handicap,period=ft,home,handicap=-0.75,3.05
2026-09-28T00:12:22.257912+02:00,36521606,"Liga Panamena de Futbol, Apertura",Panama,Veraguas United FC,AF Sporting San Miguelito,2026-09-27T23:15:00+00:00,62.629,soccer.asian_handicap,period=ft,away,handicap=-0.75,1.32
2026-09-28T00:12:22.257912+02:00,36521606,"Liga Panamena de Futbol, Apertura",Panama,Veraguas United FC,AF Sporting San Miguelito,2026-09-27T23:15:00+00:00,62.629,soccer.asian_handicap,period=ft,home,handicap=-0.5,2.5
2026-09-28T00:12:22.257912+02:00,36521606,"Liga Panamena de Futbol, Apertura",Panama,Veraguas United FC,AF Sporting San Miguelito,2026-09-27T23:15:00+00:00,62.629,soccer.asian_handicap,period=ft,away,handicap=-0.5,1.46
2026-09-28T00:12:22.257912+02:00,36521606,"Liga Panamena de Futbol, Apertura",Panama,Veraguas United FC,AF Sporting San Miguelito,2026-09-27T23:15:00+00:00,62.629,soccer.asian_handicap,period=ft,home,handicap=-0.25,2.2
2026-09-28T00:12:22.257912+02:00,36521606,"Liga Panamena de Futbol, Apertura",Panama,Veraguas United FC,AF Sporting San Miguelito,2026-09-27T23:15:00+00:00,62.629,soccer.asian_handicap,period=ft,away,handicap=-0.25,1.62
2026-09-28T00:12:22.257912+02:00,36521606,"Liga Panamena de Futbol, Apertura",Panama,Veraguas United FC,AF Sporting San Miguelito,2026-09-27T23:15:00+00:00,62.629,soccer.asian_handicap,period=ft,home,handicap=0.25,1.6
2026-09-28T00:12:22.257912+02:00,36521606,"Liga Panamena de Futbol, Apertura",Panama,Veraguas United FC,AF Sporting San Miguelito,2026-09-27T23:15:00+00:00,62.629,soccer.asian_handicap,period=ft,away,handicap=0.25,2.25
2026-09-28T00:12:22.257912+02:00,36521606,"Liga Panamena de Futbol, Apertura",Panama,Veraguas United FC,AF Sporting San Miguelito,2026-09-27T23:15:00+00:00,62.629,soccer.asian_handicap,period=ft,home,handicap=0.5,1.44
2026-09-28T00:12:22.257912+02:00,36521606,"Liga Panamena de Futbol, Apertura",Panama,Veraguas United FC,AF Sporting San Miguelito,2026-09-27T23:15:00+00:00,62.629,soccer.asian_handicap,period=ft,away,handicap=0.5,2.55
2026-09-28T00:12:22.257912+02:00,36521606,"Liga Panamena de Futbol, Apertura",Panama,Veraguas United FC,AF Sporting San Miguelito,2026-09-27T23:15:00+00:00,62.629,soccer.asian_handicap,period=ft,home,handicap=0.75,1.31
2026-09-28T00:12:22.257912+02:00,36521606,"Liga Panamena de Futbol, Apertura",Panama,Veraguas United FC,AF Sporting San Miguelito,2026-09-27T23:15:00+00:00,62.629,soccer.asian_handicap,period=ft,away,handicap=0.75,3.15
2026-09-28T00:12:22.257912+02:00,36521606,"Liga Panamena de Futbol, Apertura",Panama,Veraguas United FC,AF Sporting San Miguelito,2026-09-27T23:15:00+00:00,62.629,soccer.double_chance,period=ft,draw_away,,1.47
2026-09-28T00:12:22.257912+02:00,36521606,"Liga Panamena de Futbol, Apertura",Panama,Veraguas United FC,AF Sporting San Miguelito,2026-09-27T23:15:00+00:00,62.629,soccer.double_chance,period=ft,home_away,,1.33
2026-09-28T00:12:22.257912+02:00,36521606,"Liga Panamena de Futbol, Apertura",Panama,Veraguas United FC,AF Sporting San Miguelito,2026-09-27T23:15:00+00:00,62.629,soccer.double_chance,period=ft,home_draw,,1.45
2026-09-28T00:12:22.257912+02:00,36521606,"Liga Panamena de Futbol, Apertura",Panama,Veraguas United FC,AF Sporting San Miguelito,2026-09-27T23:15:00+00:00,62.629,soccer.match_odds,period=ft,home,,2.55
2026-09-28T00:12:22.257912+02:00,36521606,"Liga Panamena de Futbol, Apertura",Panama,Veraguas United FC,AF Sporting San Miguelito,2026-09-27T23:15:00+00:00,62.629,soccer.match_odds,period=ft,draw,,3.1
2026-09-28T00:12:22.257912+02:00,36521606,"Liga Panamena de Futbol, Apertura",Panama,Veraguas United FC,AF Sporting San Miguelito,2026-09-27T23:15:00+00:00,62.629,soccer.match_odds,period=ft,away,,2.6
2026-09-28T00:12:22.257912+02:00,36521606,"Liga Panamena de Futbol, Apertura",Panama,Veraguas United FC,AF Sporting San Miguelito,2026-09-27T23:15:00+00:00,62.629,soccer.total_goals,period=ft,over,total=2.5,1.98
2026-09-28T00:12:22.257912+02:00,36521606,"Liga Panamena de Futbol, Apertura",Panama,Veraguas United FC,AF Sporting San Miguelito,2026-09-27T23:15:00+00:00,62.629,soccer.total_goals,period=ft,under,total=2.5,1.8
2026-09-28T00:12:22.257912+02:00,36521606,"Liga Panamena de Futbol, Apertura",Panama,Veraguas United FC,AF Sporting San Miguelito,2026-09-27T23:15:00+00:00,62.629,soccer.total_goals,period=ft,over,total=1.75,1.34
2026-09-28T00:12:22.257912+02:00,36521606,"Liga Panamena de Futbol, Apertura",Panama,Veraguas United FC,AF Sporting San Miguelito,2026-09-27T23:15:00+00:00,62.629,soccer.total_goals,period=ft,under,total=1.75,2.95
2026-09-28T00:12:22.257912+02:00,36521606,"Liga Panamena de Futbol, Apertura",Panama,Veraguas United FC,AF Sporting San Miguelito,2026-09-27T23:15:00+00:00,62.629,soccer.total_goals,period=ft,over,total=2,1.45
2026-09-28T00:12:22.257912+02:00,36521606,"Liga Panamena de Futbol, Apertura",Panama,Veraguas United FC,AF Sporting San Miguelito,2026-09-27T23:15:00+00:00,62.629,soccer.total_goals,period=ft,under,total=2,2.55
2026-09-28T00:12:22.257912+02:00,36521606,"Liga Panamena de Futbol, Apertura",Panama,Veraguas United FC,AF Sporting San Miguelito,2026-09-27T23:15:00+00:00,62.629,soccer.total_goals,period=ft,over,total=2.25,1.71
2026-09-28T00:12:22.257912+02:00,36521606,"Liga Panamena de Futbol, Apertura",Panama,Veraguas United FC,AF Sporting San Miguelito,2026-09-27T23:15:00+00:00,62.629,soccer.total_goals,period=ft,under,total=2.25,2.06
2026-09-28T00:12:22.257912+02:00,36521606,"Liga Panamena de Futbol, Apertura",Panama,Veraguas United FC,AF Sporting San Miguelito,2026-09-27T23:15:00+00:00,62.629,soccer.total_goals,period=ft,over,total=2.75,2.2
2026-09-28T00:12:22.257912+02:00,36521606,"Liga Panamena de Futbol, Apertura",Panama,Veraguas United FC,AF Sporting San Miguelito,2026-09-27T23:15:00+00:00,62.629,soccer.total_goals,period=ft,under,total=2.75,1.61
2026-09-28T00:12:22.257912+02:00,36521606,"Liga Panamena de Futbol, Apertura",Panama,Veraguas United FC,AF Sporting San Miguelito,2026-09-27T23:15:00+00:00,62.629,soccer.total_goals,period=ft,over,total=3,2.65
2026-09-28T00:12:22.257912+02:00,36521606,"Liga Panamena de Futbol, Apertura",Panama,Veraguas United FC,AF Sporting San Miguelito,2026-09-27T23:15:00+00:00,62.629,soccer.total_goals,period=ft,under,total=3,1.41
2026-09-28T00:12:22.257912+02:00,36521606,"Liga Panamena de Futbol, Apertura",Panama,Veraguas United FC,AF Sporting San Miguelito,2026-09-27T23:15:00+00:00,62.629,soccer.total_goals,period=ft,over,total=3.25,3.0
2026-09-28T00:12:22.257912+02:00,36521606,"Liga Panamena de Futbol, Apertura",Panama,Veraguas United FC,AF Sporting San Miguelito,2026-09-27T23:15:00+00:00,62.629,soccer.total_goals,period=ft,under,total=3.25,1.34
2026-09-28T00:12:22.257912+02:00,36519400,Torneo Federal A,Argentina,CSB Atenas,Sportivo General San Martin,2026-09-27T22:30:00+00:00,17.629,soccer.asian_handicap,period=ft,home,handicap=-0.25,1.86
2026-09-28T00:12:22.257912+02:00,36519400,Torneo Federal A,Argentina,CSB Atenas,Sportivo General San Martin,2026-09-27T22:30:00+00:00,17.629,soccer.asian_handicap,period=ft,away,handicap=-0.25,1.83
2026-09-28T00:12:22.257912+02:00,36519400,Torneo Federal A,Argentina,CSB Atenas,Sportivo General San Martin,2026-09-27T22:30:00+00:00,17.629,soccer.asian_handicap,period=ft,home,handicap=-1,3.4
2026-09-28T00:12:22.257912+02:00,36519400,Torneo Federal A,Argentina,CSB Atenas,Sportivo General San Martin,2026-09-27T22:30:00+00:00,17.629,soccer.asian_handicap,period=ft,away,handicap=-1,1.23
2026-09-28T00:12:22.257912+02:00,36519400,Torneo Federal A,Argentina,CSB Atenas,Sportivo General San Martin,2026-09-27T22:30:00+00:00,17.629,soccer.asian_handicap,period=ft,home,handicap=-0.75,2.55
2026-09-28T00:12:22.257912+02:00,36519400,Torneo Federal A,Argentina,CSB Atenas,Sportivo General San Martin,2026-09-27T22:30:00+00:00,17.629,soccer.asian_handicap,period=ft,away,handicap=-0.75,1.4
2026-09-28T00:12:22.257912+02:00,36519400,Torneo Federal A,Argentina,CSB Atenas,Sportivo General San Martin,2026-09-27T22:30:00+00:00,17.629,soccer.asian_handicap,period=ft,home,handicap=-0.5,2.16
2026-09-28T00:12:22.257912+02:00,36519400,Torneo Federal A,Argentina,CSB Atenas,Sportivo General San Martin,2026-09-27T22:30:00+00:00,17.629,soccer.asian_handicap,period=ft,away,handicap=-0.5,1.59
2026-09-28T00:12:22.257912+02:00,36519400,Torneo Federal A,Argentina,CSB Atenas,Sportivo General San Martin,2026-09-27T22:30:00+00:00,17.629,soccer.asian_handicap,period=ft,home,handicap=0,1.51
2026-09-28T00:12:22.257912+02:00,36519400,Torneo Federal A,Argentina,CSB Atenas,Sportivo General San Martin,2026-09-27T22:30:00+00:00,17.629,soccer.asian_handicap,period=ft,away,handicap=0,2.3
2026-09-28T00:12:22.257912+02:00,36519400,Torneo Federal A,Argentina,CSB Atenas,Sportivo General San Martin,2026-09-27T22:30:00+00:00,17.629,soccer.asian_handicap,period=ft,home,handicap=0.25,1.35
2026-09-28T00:12:22.257912+02:00,36519400,Torneo Federal A,Argentina,CSB Atenas,Sportivo General San Martin,2026-09-27T22:30:00+00:00,17.629,soccer.asian_handicap,period=ft,away,handicap=0.25,2.75
2026-09-28T00:12:22.257912+02:00,36519400,Torneo Federal A,Argentina,CSB Atenas,Sportivo General San Martin,2026-09-27T22:30:00+00:00,17.629,soccer.asian_handicap,period=ft,home,handicap=0.5,1.26
2026-09-28T00:12:22.257912+02:00,36519400,Torneo Federal A,Argentina,CSB Atenas,Sportivo General San Martin,2026-09-27T22:30:00+00:00,17.629,soccer.asian_handicap,period=ft,away,handicap=0.5,3.2
2026-09-28T00:12:22.257912+02:00,36519400,Torneo Federal A,Argentina,CSB Atenas,Sportivo General San Martin,2026-09-27T22:30:00+00:00,17.629,soccer.double_chance,period=ft,draw_away,,1.56
2026-09-28T00:12:22.257912+02:00,36519400,Torneo Federal A,Argentina,CSB Atenas,Sportivo General San Martin,2026-09-27T22:30:00+00:00,17.629,soccer.double_chance,period=ft,home_away,,1.41
2026-09-28T00:12:22.257912+02:00,36519400,Torneo Federal A,Argentina,CSB Atenas,Sportivo General San Martin,2026-09-27T22:30:00+00:00,17.629,soccer.double_chance,period=ft,home_draw,,1.33
2026-09-28T00:12:22.257912+02:00,36519400,Torneo Federal A,Argentina,CSB Atenas,Sportivo General San Martin,2026-09-27T22:30:00+00:00,17.629,soccer.match_odds,period=ft,home,,2.18
2026-09-28T00:12:22.257912+02:00,36519400,Torneo Federal A,Argentina,CSB Atenas,Sportivo General San Martin,2026-09-27T22:30:00+00:00,17.629,soccer.match_odds,period=ft,draw,,2.75
2026-09-28T00:12:22.257912+02:00,36519400,Torneo Federal A,Argentina,CSB Atenas,Sportivo General San Martin,2026-09-27T22:30:00+00:00,17.629,soccer.match_odds,period=ft,away,,3.25
2026-09-28T00:12:22.257912+02:00,36519400,Torneo Federal A,Argentina,CSB Atenas,Sportivo General San Martin,2026-09-27T22:30:00+00:00,17.629,soccer.total_goals,period=ft,over,total=2,1.72
2026-09-28T00:12:22.257912+02:00,36519400,Torneo Federal A,Argentina,CSB Atenas,Sportivo General San Martin,2026-09-27T22:30:00+00:00,17.629,soccer.total_goals,period=ft,under,total=2,2.0
2026-09-28T00:12:22.257912+02:00,36519400,Torneo Federal A,Argentina,CSB Atenas,Sportivo General San Martin,2026-09-27T22:30:00+00:00,17.629,soccer.total_goals,period=ft,over,total=1.25,1.24
2026-09-28T00:12:22.257912+02:00,36519400,Torneo Federal A,Argentina,CSB Atenas,Sportivo General San Martin,2026-09-27T22:30:00+00:00,17.629,soccer.total_goals,period=ft,under,total=1.25,3.35
2026-09-28T00:12:22.257912+02:00,36519400,Torneo Federal A,Argentina,CSB Atenas,Sportivo General San Martin,2026-09-27T22:30:00+00:00,17.629,soccer.total_goals,period=ft,over,total=1.5,1.38
2026-09-28T00:12:22.257912+02:00,36519400,Torneo Federal A,Argentina,CSB Atenas,Sportivo General San Martin,2026-09-27T22:30:00+00:00,17.629,soccer.total_goals,period=ft,under,total=1.5,2.6
2026-09-28T00:12:22.257912+02:00,36519400,Torneo Federal A,Argentina,CSB Atenas,Sportivo General San Martin,2026-09-27T22:30:00+00:00,17.629,soccer.total_goals,period=ft,over,total=1.75,1.51
2026-09-28T00:12:22.257912+02:00,36519400,Torneo Federal A,Argentina,CSB Atenas,Sportivo General San Martin,2026-09-27T22:30:00+00:00,17.629,soccer.total_goals,period=ft,under,total=1.75,2.3
2026-09-28T00:12:22.257912+02:00,36519400,Torneo Federal A,Argentina,CSB Atenas,Sportivo General San Martin,2026-09-27T22:30:00+00:00,17.629,soccer.total_goals,period=ft,over,total=2.25,2.01
2026-09-28T00:12:22.257912+02:00,36519400,Torneo Federal A,Argentina,CSB Atenas,Sportivo General San Martin,2026-09-27T22:30:00+00:00,17.629,soccer.total_goals,period=ft,under,total=2.25,1.68
2026-09-28T00:12:22.257912+02:00,36519400,Torneo Federal A,Argentina,CSB Atenas,Sportivo General San Martin,2026-09-27T22:30:00+00:00,17.629,soccer.total_goals,period=ft,over,total=2.5,2.25
2026-09-28T00:12:22.257912+02:00,36519400,Torneo Federal A,Argentina,CSB Atenas,Sportivo General San Martin,2026-09-27T22:30:00+00:00,17.629,soccer.total_goals,period=ft,under,total=2.5,1.5
2026-09-28T00:12:22.257912+02:00,36519400,Torneo Federal A,Argentina,CSB Atenas,Sportivo General San Martin,2026-09-27T22:30:00+00:00,17.629,soccer.total_goals,period=ft,over,total=2.75,2.7
2026-09-28T00:12:22.257912+02:00,36519400,Torneo Federal A,Argentina,CSB Atenas,Sportivo General San Martin,2026-09-27T22:30:00+00:00,17.629,soccer.total_goals,period=ft,under,total=2.75,1.36
2026-09-28T00:12:22.257912+02:00,36529311,Copa Division Profesional,Bolivia,CD Real Tomayapo,Cdt Real Oruro,2026-09-27T23:30:00+00:00,77.629,soccer.asian_handicap,period=ft,home,handicap=-0.5,1.92
2026-09-28T00:12:22.257912+02:00,36529311,Copa Division Profesional,Bolivia,CD Real Tomayapo,Cdt Real Oruro,2026-09-27T23:30:00+00:00,77.629,soccer.asian_handicap,period=ft,away,handicap=-0.5,1.78
2026-09-28T00:12:22.257912+02:00,36529311,Copa Division Profesional,Bolivia,CD Real Tomayapo,Cdt Real Oruro,2026-09-27T23:30:00+00:00,77.629,soccer.asian_handicap,period=ft,home,handicap=-1.25,2.8
2026-09-28T00:12:22.257912+02:00,36529311,Copa Division Profesional,Bolivia,CD Real Tomayapo,Cdt Real Oruro,2026-09-27T23:30:00+00:00,77.629,soccer.asian_handicap,period=ft,away,handicap=-1.25,1.34
2026-09-28T00:12:22.257912+02:00,36529311,Copa Division Profesional,Bolivia,CD Real Tomayapo,Cdt Real Oruro,2026-09-27T23:30:00+00:00,77.629,soccer.asian_handicap,period=ft,home,handicap=-1,2.5
2026-09-28T00:12:22.257912+02:00,36529311,Copa Division Profesional,Bolivia,CD Real Tomayapo,Cdt Real Oruro,2026-09-27T23:30:00+00:00,77.629,soccer.asian_handicap,period=ft,away,handicap=-1,1.42
2026-09-28T00:12:22.257912+02:00,36529311,Copa Division Profesional,Bolivia,CD Real Tomayapo,Cdt Real Oruro,2026-09-27T23:30:00+00:00,77.629,soccer.asian_handicap,period=ft,home,handicap=-0.75,2.14
2026-09-28T00:12:22.257912+02:00,36529311,Copa Division Profesional,Bolivia,CD Real Tomayapo,Cdt Real Oruro,2026-09-27T23:30:00+00:00,77.629,soccer.asian_handicap,period=ft,away,handicap=-0.75,1.6
2026-09-28T00:12:22.257912+02:00,36529311,Copa Division Profesional,Bolivia,CD Real Tomayapo,Cdt Real Oruro,2026-09-27T23:30:00+00:00,77.629,soccer.asian_handicap,period=ft,home,handicap=-0.25,1.69
2026-09-28T00:12:22.257912+02:00,36529311,Copa Division Profesional,Bolivia,CD Real Tomayapo,Cdt Real Oruro,2026-09-27T23:30:00+00:00,77.629,soccer.asian_handicap,period=ft,away,handicap=-0.25,2.0
2026-09-28T00:12:22.257912+02:00,36529311,Copa Division Profesional,Bolivia,CD Real Tomayapo,Cdt Real Oruro,2026-09-27T23:30:00+00:00,77.629,soccer.asian_handicap,period=ft,home,handicap=0,1.47
2026-09-28T00:12:22.257912+02:00,36529311,Copa Division Profesional,Bolivia,CD Real Tomayapo,Cdt Real Oruro,2026-09-27T23:30:00+00:00,77.629,soccer.asian_handicap,period=ft,away,handicap=0,2.35
2026-09-28T00:12:22.257912+02:00,36529311,Copa Division Profesional,Bolivia,CD Real Tomayapo,Cdt Real Oruro,2026-09-27T23:30:00+00:00,77.629,soccer.asian_handicap,period=ft,home,handicap=0.25,1.37
2026-09-28T00:12:22.257912+02:00,36529311,Copa Division Profesional,Bolivia,CD Real Tomayapo,Cdt Real Oruro,2026-09-27T23:30:00+00:00,77.629,soccer.asian_handicap,period=ft,away,handicap=0.25,2.65
2026-09-28T00:12:22.257912+02:00,36529311,Copa Division Profesional,Bolivia,CD Real Tomayapo,Cdt Real Oruro,2026-09-27T23:30:00+00:00,77.629,soccer.match_odds,period=ft,home,,1.91
2026-09-28T00:12:22.257912+02:00,36529311,Copa Division Profesional,Bolivia,CD Real Tomayapo,Cdt Real Oruro,2026-09-27T23:30:00+00:00,77.629,soccer.match_odds,period=ft,draw,,3.6
2026-09-28T00:12:22.257912+02:00,36529311,Copa Division Profesional,Bolivia,CD Real Tomayapo,Cdt Real Oruro,2026-09-27T23:30:00+00:00,77.629,soccer.match_odds,period=ft,away,,3.05
2026-09-28T00:12:22.257912+02:00,36529311,Copa Division Profesional,Bolivia,CD Real Tomayapo,Cdt Real Oruro,2026-09-27T23:30:00+00:00,77.629,soccer.total_goals,period=ft,over,total=3.5,1.89
2026-09-28T00:12:22.257912+02:00,36529311,Copa Division Profesional,Bolivia,CD Real Tomayapo,Cdt Real Oruro,2026-09-27T23:30:00+00:00,77.629,soccer.total_goals,period=ft,under,total=3.5,1.8
2026-09-28T00:12:22.257912+02:00,36529311,Copa Division Profesional,Bolivia,CD Real Tomayapo,Cdt Real Oruro,2026-09-27T23:30:00+00:00,77.629,soccer.total_goals,period=ft,over,total=2.75,1.4
2026-09-28T00:12:22.257912+02:00,36529311,Copa Division Profesional,Bolivia,CD Real Tomayapo,Cdt Real Oruro,2026-09-27T23:30:00+00:00,77.629,soccer.total_goals,period=ft,under,total=2.75,2.55
2026-09-28T00:12:22.257912+02:00,36529311,Copa Division Profesional,Bolivia,CD Real Tomayapo,Cdt Real Oruro,2026-09-27T23:30:00+00:00,77.629,soccer.total_goals,period=ft,over,total=3,1.5
2026-09-28T00:12:22.257912+02:00,36529311,Copa Division Profesional,Bolivia,CD Real Tomayapo,Cdt Real Oruro,2026-09-27T23:30:00+00:00,77.629,soccer.total_goals,period=ft,under,total=3,2.3
2026-09-28T00:12:22.257912+02:00,36529311,Copa Division Profesional,Bolivia,CD Real Tomayapo,Cdt Real Oruro,2026-09-27T23:30:00+00:00,77.629,soccer.total_goals,period=ft,over,total=3.25,1.7
2026-09-28T00:12:22.257912+02:00,36529311,Copa Division Profesional,Bolivia,CD Real Tomayapo,Cdt Real Oruro,2026-09-27T23:30:00+00:00,77.629,soccer.total_goals,period=ft,under,total=3.25,2.0
2026-09-28T00:12:22.257912+02:00,36529311,Copa Division Profesional,Bolivia,CD Real Tomayapo,Cdt Real Oruro,2026-09-27T23:30:00+00:00,77.629,soccer.total_goals,period=ft,over,total=3.75,2.1
2026-09-28T00:12:22.257912+02:00,36529311,Copa Division Profesional,Bolivia,CD Real Tomayapo,Cdt Real Oruro,2026-09-27T23:30:00+00:00,77.629,soccer.total_goals,period=ft,under,total=3.75,1.62
2026-09-28T00:12:22.257912+02:00,36529311,Copa Division Profesional,Bolivia,CD Real Tomayapo,Cdt Real Oruro,2026-09-27T23:30:00+00:00,77.629,soccer.total_goals,period=ft,over,total=4,2.45
2026-09-28T00:12:22.257912+02:00,36529311,Copa Division Profesional,Bolivia,CD Real Tomayapo,Cdt Real Oruro,2026-09-27T23:30:00+00:00,77.629,soccer.total_goals,period=ft,under,total=4,1.44
2026-09-28T00:12:22.257912+02:00,36529311,Copa Division Profesional,Bolivia,CD Real Tomayapo,Cdt Real Oruro,2026-09-27T23:30:00+00:00,77.629,soccer.total_goals,period=ft,over,total=4.25,2.7
2026-09-28T00:12:22.257912+02:00,36529311,Copa Division Profesional,Bolivia,CD Real Tomayapo,Cdt Real Oruro,2026-09-27T23:30:00+00:00,77.629,soccer.total_goals,period=ft,under,total=4.25,1.36
2026-09-28T00:12:22.257912+02:00,36499711,"Primera Division, Clausura",El Salvador,Municipal Limeno,CD FAS Santa Ana,2026-09-27T23:00:00+00:00,47.629,soccer.asian_handicap,period=ft,home,handicap=0.25,1.78
2026-09-28T00:12:22.257912+02:00,36499711,"Primera Division, Clausura",El Salvador,Municipal Limeno,CD FAS Santa Ana,2026-09-27T23:00:00+00:00,47.629,soccer.asian_handicap,period=ft,away,handicap=0.25,2.01
2026-09-28T00:12:22.257912+02:00,36499711,"Primera Division, Clausura",El Salvador,Municipal Limeno,CD FAS Santa Ana,2026-09-27T23:00:00+00:00,47.629,soccer.asian_handicap,period=ft,home,handicap=-0.5,2.8
2026-09-28T00:12:22.257912+02:00,36499711,"Primera Division, Clausura",El Salvador,Municipal Limeno,CD FAS Santa Ana,2026-09-27T23:00:00+00:00,47.629,soccer.asian_handicap,period=ft,away,handicap=-0.5,1.38
2026-09-28T00:12:22.257912+02:00,36499711,"Primera Division, Clausura",El Salvador,Municipal Limeno,CD FAS Santa Ana,2026-09-27T23:00:00+00:00,47.629,soccer.asian_handicap,period=ft,home,handicap=-0.25,2.45
2026-09-28T00:12:22.257912+02:00,36499711,"Primera Division, Clausura",El Salvador,Municipal Limeno,CD FAS Santa Ana,2026-09-27T23:00:00+00:00,47.629,soccer.asian_handicap,period=ft,away,handicap=-0.25,1.48
2026-09-28T00:12:22.257912+02:00,36499711,"Primera Division, Clausura",El Salvador,Municipal Limeno,CD FAS Santa Ana,2026-09-27T23:00:00+00:00,47.629,soccer.asian_handicap,period=ft,home,handicap=0,2.11
2026-09-28T00:12:22.257912+02:00,36499711,"Primera Division, Clausura",El Salvador,Municipal Limeno,CD FAS Santa Ana,2026-09-27T23:00:00+00:00,47.629,soccer.asian_handicap,period=ft,away,handicap=0,1.68
2026-09-28T00:12:22.257912+02:00,36499711,"Primera Division, Clausura",El Salvador,Municipal Limeno,CD FAS Santa Ana,2026-09-27T23:00:00+00:00,47.629,soccer.asian_handicap,period=ft,home,handicap=0.5,1.58
2026-09-28T00:12:22.257912+02:00,36499711,"Primera Division, Clausura",El Salvador,Municipal Limeno,CD FAS Santa Ana,2026-09-27T23:00:00+00:00,47.629,soccer.asian_handicap,period=ft,away,handicap=0.5,2.25
2026-09-28T00:12:22.257912+02:00,36499711,"Primera Division, Clausura",El Salvador,Municipal Limeno,CD FAS Santa Ana,2026-09-27T23:00:00+00:00,47.629,soccer.asian_handicap,period=ft,home,handicap=0.75,1.41
2026-09-28T00:12:22.257912+02:00,36499711,"Primera Division, Clausura",El Salvador,Municipal Limeno,CD FAS Santa Ana,2026-09-27T23:00:00+00:00,47.629,soccer.asian_handicap,period=ft,away,handicap=0.75,2.7
2026-09-28T00:12:22.257912+02:00,36499711,"Primera Division, Clausura",El Salvador,Municipal Limeno,CD FAS Santa Ana,2026-09-27T23:00:00+00:00,47.629,soccer.asian_handicap,period=ft,home,handicap=1,1.25
2026-09-28T00:12:22.257912+02:00,36499711,"Primera Division, Clausura",El Salvador,Municipal Limeno,CD FAS Santa Ana,2026-09-27T23:00:00+00:00,47.629,soccer.asian_handicap,period=ft,away,handicap=1,3.5
2026-09-28T00:12:22.257912+02:00,36499711,"Primera Division, Clausura",El Salvador,Municipal Limeno,CD FAS Santa Ana,2026-09-27T23:00:00+00:00,47.629,soccer.double_chance,period=ft,draw_away,,1.38
2026-09-28T00:12:22.257912+02:00,36499711,"Primera Division, Clausura",El Salvador,Municipal Limeno,CD FAS Santa Ana,2026-09-27T23:00:00+00:00,47.629,soccer.double_chance,period=ft,home_away,,1.32
2026-09-28T00:12:22.257912+02:00,36499711,"Primera Division, Clausura",El Salvador,Municipal Limeno,CD FAS Santa Ana,2026-09-27T23:00:00+00:00,47.629,soccer.double_chance,period=ft,home_draw,,1.57
2026-09-28T00:12:22.257912+02:00,36499711,"Primera Division, Clausura",El Salvador,Municipal Limeno,CD FAS Santa Ana,2026-09-27T23:00:00+00:00,47.629,soccer.match_odds,period=ft,home,,2.85
2026-09-28T00:12:22.257912+02:00,36499711,"Primera Division, Clausura",El Salvador,Municipal Limeno,CD FAS Santa Ana,2026-09-27T23:00:00+00:00,47.629,soccer.match_odds,period=ft,draw,,3.2
2026-09-28T00:12:22.257912+02:00,36499711,"Primera Division, Clausura",El Salvador,Municipal Limeno,CD FAS Santa Ana,2026-09-27T23:00:00+00:00,47.629,soccer.match_odds,period=ft,away,,2.3
2026-09-28T00:12:22.257912+02:00,36499711,"Primera Division, Clausura",El Salvador,Municipal Limeno,CD FAS Santa Ana,2026-09-27T23:00:00+00:00,47.629,soccer.total_goals,period=ft,over,total=2.5,1.87
2026-09-28T00:12:22.257912+02:00,36499711,"Primera Division, Clausura",El Salvador,Municipal Limeno,CD FAS Santa Ana,2026-09-27T23:00:00+00:00,47.629,soccer.total_goals,period=ft,under,total=2.5,1.9
2026-09-28T00:12:22.257912+02:00,36499711,"Primera Division, Clausura",El Salvador,Municipal Limeno,CD FAS Santa Ana,2026-09-27T23:00:00+00:00,47.629,soccer.total_goals,period=ft,over,total=1.75,1.3
2026-09-28T00:12:22.257912+02:00,36499711,"Primera Division, Clausura",El Salvador,Municipal Limeno,CD FAS Santa Ana,2026-09-27T23:00:00+00:00,47.629,soccer.total_goals,period=ft,under,total=1.75,3.2
2026-09-28T00:12:22.257912+02:00,36499711,"Primera Division, Clausura",El Salvador,Municipal Limeno,CD FAS Santa Ana,2026-09-27T23:00:00+00:00,47.629,soccer.total_goals,period=ft,over,total=2,1.39
2026-09-28T00:12:22.257912+02:00,36499711,"Primera Division, Clausura",El Salvador,Municipal Limeno,CD FAS Santa Ana,2026-09-27T23:00:00+00:00,47.629,soccer.total_goals,period=ft,under,total=2,2.75
2026-09-28T00:12:22.257912+02:00,36499711,"Primera Division, Clausura",El Salvador,Municipal Limeno,CD FAS Santa Ana,2026-09-27T23:00:00+00:00,47.629,soccer.total_goals,period=ft,over,total=2.25,1.62
2026-09-28T00:12:22.257912+02:00,36499711,"Primera Division, Clausura",El Salvador,Municipal Limeno,CD FAS Santa Ana,2026-09-27T23:00:00+00:00,47.629,soccer.total_goals,period=ft,under,total=2.25,2.2
2026-09-28T00:12:22.257912+02:00,36499711,"Primera Division, Clausura",El Salvador,Municipal Limeno,CD FAS Santa Ana,2026-09-27T23:00:00+00:00,47.629,soccer.total_goals,period=ft,over,total=2.75,2.09
2026-09-28T00:12:22.257912+02:00,36499711,"Primera Division, Clausura",El Salvador,Municipal Limeno,CD FAS Santa Ana,2026-09-27T23:00:00+00:00,47.629,soccer.total_goals,period=ft,under,total=2.75,1.69
2026-09-28T00:12:22.257912+02:00,36499711,"Primera Division, Clausura",El Salvador,Municipal Limeno,CD FAS Santa Ana,2026-09-27T23:00:00+00:00,47.629,soccer.total_goals,period=ft,over,total=3,2.45
2026-09-28T00:12:22.257912+02:00,36499711,"Primera Division, Clausura",El Salvador,Municipal Limeno,CD FAS Santa Ana,2026-09-27T23:00:00+00:00,47.629,soccer.total_goals,period=ft,under,total=3,1.48
2026-09-28T00:12:22.257912+02:00,36499711,"Primera Division, Clausura",El Salvador,Municipal Limeno,CD FAS Santa Ana,2026-09-27T23:00:00+00:00,47.629,soccer.total_goals,period=ft,over,total=3.25,2.8
2026-09-28T00:12:22.257912+02:00,36499711,"Primera Division, Clausura",El Salvador,Municipal Limeno,CD FAS Santa Ana,2026-09-27T23:00:00+00:00,47.629,soccer.total_goals,period=ft,under,total=3.25,1.38
2026-09-28T00:12:22.257912+02:00,36430466,"Primera A, Clausura",Colombia,Fortaleza FC,CD Tolima,2026-09-27T23:05:00+00:00,52.629,soccer.asian_handicap,period=ft,home,handicap=-0.75,0.0
2026-09-28T00:12:22.257912+02:00,36430466,"Primera A, Clausura",Colombia,Fortaleza FC,CD Tolima,2026-09-27T23:05:00+00:00,52.629,soccer.asian_handicap,period=ft,away,handicap=-0.75,0.0
2026-09-28T00:12:22.257912+02:00,36430466,"Primera A, Clausura",Colombia,Fortaleza FC,CD Tolima,2026-09-27T23:05:00+00:00,52.629,soccer.asian_handicap,period=ft,home,handicap=-0.5,3.85
2026-09-28T00:12:22.257912+02:00,36430466,"Primera A, Clausura",Colombia,Fortaleza FC,CD Tolima,2026-09-27T23:05:00+00:00,52.629,soccer.asian_handicap,period=ft,away,handicap=-0.5,1.25
2026-09-28T00:12:22.257912+02:00,36430466,"Primera A, Clausura",Colombia,Fortaleza FC,CD Tolima,2026-09-27T23:05:00+00:00,52.629,soccer.asian_handicap,period=ft,home,handicap=-0.25,3.3
2026-09-28T00:12:22.257912+02:00,36430466,"Primera A, Clausura",Colombia,Fortaleza FC,CD Tolima,2026-09-27T23:05:00+00:00,52.629,soccer.asian_handicap,period=ft,away,handicap=-0.25,1.32
2026-09-28T00:12:22.257912+02:00,36430466,"Primera A, Clausura",Colombia,Fortaleza FC,CD Tolima,2026-09-27T23:05:00+00:00,52.629,soccer.asian_handicap,period=ft,home,handicap=0,2.8
2026-09-28T00:12:22.257912+02:00,36430466,"Primera A, Clausura",Colombia,Fortaleza FC,CD Tolima,2026-09-27T23:05:00+00:00,52.629,soccer.asian_handicap,period=ft,away,handicap=0,1.43
2026-09-28T00:12:22.257912+02:00,36430466,"Primera A, Clausura",Colombia,Fortaleza FC,CD Tolima,2026-09-27T23:05:00+00:00,52.629,soccer.asian_handicap,period=ft,home,handicap=0.25,2.12
2026-09-28T00:12:22.257912+02:00,36430466,"Primera A, Clausura",Colombia,Fortaleza FC,CD Tolima,2026-09-27T23:05:00+00:00,52.629,soccer.asian_handicap,period=ft,away,handicap=0.25,1.72
2026-09-28T00:12:22.257912+02:00,36430466,"Primera A, Clausura",Colombia,Fortaleza FC,CD Tolima,2026-09-27T23:05:00+00:00,52.629,soccer.asian_handicap,period=ft,home,handicap=0.5,1.82
2026-09-28T00:12:22.257912+02:00,36430466,"Primera A, Clausura",Colombia,Fortaleza FC,CD Tolima,2026-09-27T23:05:00+00:00,52.629,soccer.asian_handicap,period=ft,away,handicap=0.5,2.01
2026-09-28T00:12:22.257912+02:00,36430466,"Primera A, Clausura",Colombia,Fortaleza FC,CD Tolima,2026-09-27T23:05:00+00:00,52.629,soccer.asian_handicap,period=ft,home,handicap=0.75,1.59
2026-09-28T00:12:22.257912+02:00,36430466,"Primera A, Clausura",Colombia,Fortaleza FC,CD Tolima,2026-09-27T23:05:00+00:00,52.629,soccer.asian_handicap,period=ft,away,handicap=0.75,2.35
2026-09-28T00:12:22.257912+02:00,36430466,"Primera A, Clausura",Colombia,Fortaleza FC,CD Tolima,2026-09-27T23:05:00+00:00,52.629,soccer.asian_handicap,period=ft,home,handicap=1,1.38
2026-09-28T00:12:22.257912+02:00,36430466,"Primera A, Clausura",Colombia,Fortaleza FC,CD Tolima,2026-09-27T23:05:00+00:00,52.629,soccer.asian_handicap,period=ft,away,handicap=1,3.05
2026-09-28T00:12:22.257912+02:00,36430466,"Primera A, Clausura",Colombia,Fortaleza FC,CD Tolima,2026-09-27T23:05:00+00:00,52.629,soccer.asian_handicap,period=ft,home,handicap=1.25,1.29
2026-09-28T00:12:22.257912+02:00,36430466,"Primera A, Clausura",Colombia,Fortaleza FC,CD Tolima,2026-09-27T23:05:00+00:00,52.629,soccer.asian_handicap,period=ft,away,handicap=1.25,3.5
2026-09-28T00:12:22.257912+02:00,36430466,"Primera A, Clausura",Colombia,Fortaleza FC,CD Tolima,2026-09-27T23:05:00+00:00,52.629,soccer.asian_handicap,period=ft,home,handicap=1.5,1.24
2026-09-28T00:12:22.257912+02:00,36430466,"Primera A, Clausura",Colombia,Fortaleza FC,CD Tolima,2026-09-27T23:05:00+00:00,52.629,soccer.asian_handicap,period=ft,away,handicap=1.5,3.95
2026-09-28T00:12:22.257912+02:00,36430466,"Primera A, Clausura",Colombia,Fortaleza FC,CD Tolima,2026-09-27T23:05:00+00:00,52.629,soccer.double_chance,period=ft,draw_away,,1.29
2026-09-28T00:12:22.257912+02:00,36430466,"Primera A, Clausura",Colombia,Fortaleza FC,CD Tolima,2026-09-27T23:05:00+00:00,52.629,soccer.double_chance,period=ft,home_away,,1.35
2026-09-28T00:12:22.257912+02:00,36430466,"Primera A, Clausura",Colombia,Fortaleza FC,CD Tolima,2026-09-27T23:05:00+00:00,52.629,soccer.double_chance,period=ft,home_draw,,1.71
2026-09-28T00:12:22.257912+02:00,36430466,"Primera A, Clausura",Colombia,Fortaleza FC,CD Tolima,2026-09-27T23:05:00+00:00,52.629,soccer.match_odds,period=ft,home,,3.9
2026-09-28T00:12:22.257912+02:00,36430466,"Primera A, Clausura",Colombia,Fortaleza FC,CD Tolima,2026-09-27T23:05:00+00:00,52.629,soccer.match_odds,period=ft,draw,,3.25
2026-09-28T00:12:22.257912+02:00,36430466,"Primera A, Clausura",Colombia,Fortaleza FC,CD Tolima,2026-09-27T23:05:00+00:00,52.629,soccer.match_odds,period=ft,away,,2.01
2026-09-28T00:12:22.257912+02:00,36430466,"Primera A, Clausura",Colombia,Fortaleza FC,CD Tolima,2026-09-27T23:05:00+00:00,52.629,soccer.total_goals,period=ft,over,total=2.25,1.89
2026-09-28T00:12:22.257912+02:00,36430466,"Primera A, Clausura",Colombia,Fortaleza FC,CD Tolima,2026-09-27T23:05:00+00:00,52.629,soccer.total_goals,period=ft,under,total=2.25,1.91
2026-09-28T00:12:22.257912+02:00,36430466,"Primera A, Clausura",Colombia,Fortaleza FC,CD Tolima,2026-09-27T23:05:00+00:00,52.629,soccer.total_goals,period=ft,over,total=1.5,1.36
2026-09-28T00:12:22.257912+02:00,36430466,"Primera A, Clausura",Colombia,Fortaleza FC,CD Tolima,2026-09-27T23:05:00+00:00,52.629,soccer.total_goals,period=ft,under,total=1.5,3.05
2026-09-28T00:12:22.257912+02:00,36430466,"Primera A, Clausura",Colombia,Fortaleza FC,CD Tolima,2026-09-27T23:05:00+00:00,52.629,soccer.total_goals,period=ft,over,total=1.75,1.45
2026-09-28T00:12:22.257912+02:00,36430466,"Primera A, Clausura",Colombia,Fortaleza FC,CD Tolima,2026-09-27T23:05:00+00:00,52.629,soccer.total_goals,period=ft,under,total=1.75,2.7
2026-09-28T00:12:22.257912+02:00,36430466,"Primera A, Clausura",Colombia,Fortaleza FC,CD Tolima,2026-09-27T23:05:00+00:00,52.629,soccer.total_goals,period=ft,over,total=2,1.6
2026-09-28T00:12:22.257912+02:00,36430466,"Primera A, Clausura",Colombia,Fortaleza FC,CD Tolima,2026-09-27T23:05:00+00:00,52.629,soccer.total_goals,period=ft,under,total=2,2.3
2026-09-28T00:12:22.257912+02:00,36430466,"Primera A, Clausura",Colombia,Fortaleza FC,CD Tolima,2026-09-27T23:05:00+00:00,52.629,soccer.total_goals,period=ft,over,total=2.5,2.15
2026-09-28T00:12:22.257912+02:00,36430466,"Primera A, Clausura",Colombia,Fortaleza FC,CD Tolima,2026-09-27T23:05:00+00:00,52.629,soccer.total_goals,period=ft,under,total=2.5,1.69
2026-09-28T00:12:22.257912+02:00,36430466,"Primera A, Clausura",Colombia,Fortaleza FC,CD Tolima,2026-09-27T23:05:00+00:00,52.629,soccer.total_goals,period=ft,over,total=2.75,2.5
2026-09-28T00:12:22.257912+02:00,36430466,"Primera A, Clausura",Colombia,Fortaleza FC,CD Tolima,2026-09-27T23:05:00+00:00,52.629,soccer.total_goals,period=ft,under,total=2.75,1.52
2026-09-28T00:12:22.257912+02:00,36430466,"Primera A, Clausura",Colombia,Fortaleza FC,CD Tolima,2026-09-27T23:05:00+00:00,52.629,soccer.total_goals,period=ft,over,total=3.5,3.8
2026-09-28T00:12:22.257912+02:00,36430466,"Primera A, Clausura",Colombia,Fortaleza FC,CD Tolima,2026-09-27T23:05:00+00:00,52.629,soccer.total_goals,period=ft,under,total=3.5,1.25
2026-09-28T00:14:22.790490+02:00,36521606,"Liga Panamena de Futbol, Apertura",Panama,Veraguas United FC,AF Sporting San Miguelito,2026-09-27T23:15:00+00:00,60.6202,soccer.asian_handicap,period=ft,home,handicap=0,1.86
2026-09-28T00:14:22.790490+02:00,36521606,"Liga Panamena de Futbol, Apertura",Panama,Veraguas United FC,AF Sporting San Miguelito,2026-09-27T23:15:00+00:00,60.6202,soccer.asian_handicap,period=ft,away,handicap=0,1.91
2026-09-28T00:14:22.790490+02:00,36521606,"Liga Panamena de Futbol, Apertura",Panama,Veraguas United FC,AF Sporting San Miguelito,2026-09-27T23:15:00+00:00,60.6202,soccer.asian_handicap,period=ft,home,handicap=-0.75,3.05
2026-09-28T00:14:22.790490+02:00,36521606,"Liga Panamena de Futbol, Apertura",Panama,Veraguas United FC,AF Sporting San Miguelito,2026-09-27T23:15:00+00:00,60.6202,soccer.asian_handicap,period=ft,away,handicap=-0.75,1.32
2026-09-28T00:14:22.790490+02:00,36521606,"Liga Panamena de Futbol, Apertura",Panama,Veraguas United FC,AF Sporting San Miguelito,2026-09-27T23:15:00+00:00,60.6202,soccer.asian_handicap,period=ft,home,handicap=-0.5,2.5
2026-09-28T00:14:22.790490+02:00,36521606,"Liga Panamena de Futbol, Apertura",Panama,Veraguas United FC,AF Sporting San Miguelito,2026-09-27T23:15:00+00:00,60.6202,soccer.asian_handicap,period=ft,away,handicap=-0.5,1.46
2026-09-28T00:14:22.790490+02:00,36521606,"Liga Panamena de Futbol, Apertura",Panama,Veraguas United FC,AF Sporting San Miguelito,2026-09-27T23:15:00+00:00,60.6202,soccer.asian_handicap,period=ft,home,handicap=-0.25,2.2
2026-09-28T00:14:22.790490+02:00,36521606,"Liga Panamena de Futbol, Apertura",Panama,Veraguas United FC,AF Sporting San Miguelito,2026-09-27T23:15:00+00:00,60.6202,soccer.asian_handicap,period=ft,away,handicap=-0.25,1.62
2026-09-28T00:14:22.790490+02:00,36521606,"Liga Panamena de Futbol, Apertura",Panama,Veraguas United FC,AF Sporting San Miguelito,2026-09-27T23:15:00+00:00,60.6202,soccer.asian_handicap,period=ft,home,handicap=0.25,1.6
2026-09-28T00:14:22.790490+02:00,36521606,"Liga Panamena de Futbol, Apertura",Panama,Veraguas United FC,AF Sporting San Miguelito,2026-09-27T23:15:00+00:00,60.6202,soccer.asian_handicap,period=ft,away,handicap=0.25,2.25
2026-09-28T00:14:22.790490+02:00,36521606,"Liga Panamena de Futbol, Apertura",Panama,Veraguas United FC,AF Sporting San Miguelito,2026-09-27T23:15:00+00:00,60.6202,soccer.asian_handicap,period=ft,home,handicap=0.5,1.44
2026-09-28T00:14:22.790490+02:00,36521606,"Liga Panamena de Futbol, Apertura",Panama,Veraguas United FC,AF Sporting San Miguelito,2026-09-27T23:15:00+00:00,60.6202,soccer.asian_handicap,period=ft,away,handicap=0.5,2.55
2026-09-28T00:14:22.790490+02:00,36521606,"Liga Panamena de Futbol, Apertura",Panama,Veraguas United FC,AF Sporting San Miguelito,2026-09-27T23:15:00+00:00,60.6202,soccer.asian_handicap,period=ft,home,handicap=0.75,1.31
2026-09-28T00:14:22.790490+02:00,36521606,"Liga Panamena de Futbol, Apertura",Panama,Veraguas United FC,AF Sporting San Miguelito,2026-09-27T23:15:00+00:00,60.6202,soccer.asian_handicap,period=ft,away,handicap=0.75,3.15
2026-09-28T00:14:22.790490+02:00,36521606,"Liga Panamena de Futbol, Apertura",Panama,Veraguas United FC,AF Sporting San Miguelito,2026-09-27T23:15:00+00:00,60.6202,soccer.double_chance,period=ft,draw_away,,1.47
2026-09-28T00:14:22.790490+02:00,36521606,"Liga Panamena de Futbol, Apertura",Panama,Veraguas United FC,AF Sporting San Miguelito,2026-09-27T23:15:00+00:00,60.6202,soccer.double_chance,period=ft,home_away,,1.33
2026-09-28T00:14:22.790490+02:00,36521606,"Liga Panamena de Futbol, Apertura",Panama,Veraguas United FC,AF Sporting San Miguelito,2026-09-27T23:15:00+00:00,60.6202,soccer.double_chance,period=ft,home_draw,,1.45
2026-09-28T00:14:22.790490+02:00,36521606,"Liga Panamena de Futbol, Apertura",Panama,Veraguas United FC,AF Sporting San Miguelito,2026-09-27T23:15:00+00:00,60.6202,soccer.match_odds,period=ft,home,,2.55
2026-09-28T00:14:22.790490+02:00,36521606,"Liga Panamena de Futbol, Apertura",Panama,Veraguas United FC,AF Sporting San Miguelito,2026-09-27T23:15:00+00:00,60.6202,soccer.match_odds,period=ft,draw,,3.1
2026-09-28T00:14:22.790490+02:00,36521606,"Liga Panamena de Futbol, Apertura",Panama,Veraguas United FC,AF Sporting San Miguelito,2026-09-27T23:15:00+00:00,60.6202,soccer.match_odds,period=ft,away,,2.6
2026-09-28T00:14:22.790490+02:00,36521606,"Liga Panamena de Futbol, Apertura",Panama,Veraguas United FC,AF Sporting San Miguelito,2026-09-27T23:15:00+00:00,60.6202,soccer.total_goals,period=ft,over,total=2.5,1.98
2026-09-28T00:14:22.790490+02:00,36521606,"Liga Panamena de Futbol, Apertura",Panama,Veraguas United FC,AF Sporting San Miguelito,2026-09-27T23:15:00+00:00,60.6202,soccer.total_goals,period=ft,under,total=2.5,1.8
2026-09-28T00:14:22.790490+02:00,36521606,"Liga Panamena de Futbol, Apertura",Panama,Veraguas United FC,AF Sporting San Miguelito,2026-09-27T23:15:00+00:00,60.6202,soccer.total_goals,period=ft,over,total=1.75,1.34
2026-09-28T00:14:22.790490+02:00,36521606,"Liga Panamena de Futbol, Apertura",Panama,Veraguas United FC,AF Sporting San Miguelito,2026-09-27T23:15:00+00:00,60.6202,soccer.total_goals,period=ft,under,total=1.75,2.95
2026-09-28T00:14:22.790490+02:00,36521606,"Liga Panamena de Futbol, Apertura",Panama,Veraguas United FC,AF Sporting San Miguelito,2026-09-27T23:15:00+00:00,60.6202,soccer.total_goals,period=ft,over,total=2,1.45
2026-09-28T00:14:22.790490+02:00,36521606,"Liga Panamena de Futbol, Apertura",Panama,Veraguas United FC,AF Sporting San Miguelito,2026-09-27T23:15:00+00:00,60.6202,soccer.total_goals,period=ft,under,total=2,2.55
2026-09-28T00:14:22.790490+02:00,36521606,"Liga Panamena de Futbol, Apertura",Panama,Veraguas United FC,AF Sporting San Miguelito,2026-09-27T23:15:00+00:00,60.6202,soccer.total_goals,period=ft,over,total=2.25,1.71
2026-09-28T00:14:22.790490+02:00,36521606,"Liga Panamena de Futbol, Apertura",Panama,Veraguas United FC,AF Sporting San Miguelito,2026-09-27T23:15:00+00:00,60.6202,soccer.total_goals,period=ft,under,total=2.25,2.06
2026-09-28T00:14:22.790490+02:00,36521606,"Liga Panamena de Futbol, Apertura",Panama,Veraguas United FC,AF Sporting San Miguelito,2026-09-27T23:15:00+00:00,60.6202,soccer.total_goals,period=ft,over,total=2.75,2.2
2026-09-28T00:14:22.790490+02:00,36521606,"Liga Panamena de Futbol, Apertura",Panama,Veraguas United FC,AF Sporting San Miguelito,2026-09-27T23:15:00+00:00,60.6202,soccer.total_goals,period=ft,under,total=2.75,1.61
2026-09-28T00:14:22.790490+02:00,36521606,"Liga Panamena de Futbol, Apertura",Panama,Veraguas United FC,AF Sporting San Miguelito,2026-09-27T23:15:00+00:00,60.6202,soccer.total_goals,period=ft,over,total=3,2.65
2026-09-28T00:14:22.790490+02:00,36521606,"Liga Panamena de Futbol, Apertura",Panama,Veraguas United FC,AF Sporting San Miguelito,2026-09-27T23:15:00+00:00,60.6202,soccer.total_goals,period=ft,under,total=3,1.41
2026-09-28T00:14:22.790490+02:00,36521606,"Liga Panamena de Futbol, Apertura",Panama,Veraguas United FC,AF Sporting San Miguelito,2026-09-27T23:15:00+00:00,60.6202,soccer.total_goals,period=ft,over,total=3.25,3.0
2026-09-28T00:14:22.790490+02:00,36521606,"Liga Panamena de Futbol, Apertura",Panama,Veraguas United FC,AF Sporting San Miguelito,2026-09-27T23:15:00+00:00,60.6202,soccer.total_goals,period=ft,under,total=3.25,1.34
2026-09-28T00:14:22.790490+02:00,36430466,"Primera A, Clausura",Colombia,Fortaleza FC,CD Tolima,2026-09-27T23:05:00+00:00,50.6202,soccer.asian_handicap,period=ft,home,handicap=-0.75,0.0
2026-09-28T00:14:22.790490+02:00,36430466,"Primera A, Clausura",Colombia,Fortaleza FC,CD Tolima,2026-09-27T23:05:00+00:00,50.6202,soccer.asian_handicap,period=ft,away,handicap=-0.75,0.0
2026-09-28T00:14:22.790490+02:00,36430466,"Primera A, Clausura",Colombia,Fortaleza FC,CD Tolima,2026-09-27T23:05:00+00:00,50.6202,soccer.asian_handicap,period=ft,home,handicap=-0.5,3.85
2026-09-28T00:14:22.790490+02:00,36430466,"Primera A, Clausura",Colombia,Fortaleza FC,CD Tolima,2026-09-27T23:05:00+00:00,50.6202,soccer.asian_handicap,period=ft,away,handicap=-0.5,1.25
2026-09-28T00:14:22.790490+02:00,36430466,"Primera A, Clausura",Colombia,Fortaleza FC,CD Tolima,2026-09-27T23:05:00+00:00,50.6202,soccer.asian_handicap,period=ft,home,handicap=-0.25,3.3
2026-09-28T00:14:22.790490+02:00,36430466,"Primera A, Clausura",Colombia,Fortaleza FC,CD Tolima,2026-09-27T23:05:00+00:00,50.6202,soccer.asian_handicap,period=ft,away,handicap=-0.25,1.32
2026-09-28T00:14:22.790490+02:00,36430466,"Primera A, Clausura",Colombia,Fortaleza FC,CD Tolima,2026-09-27T23:05:00+00:00,50.6202,soccer.asian_handicap,period=ft,home,handicap=0,2.8
2026-09-28T00:14:22.790490+02:00,36430466,"Primera A, Clausura",Colombia,Fortaleza FC,CD Tolima,2026-09-27T23:05:00+00:00,50.6202,soccer.asian_handicap,period=ft,away,handicap=0,1.43
2026-09-28T00:14:22.790490+02:00,36430466,"Primera A, Clausura",Colombia,Fortaleza FC,CD Tolima,2026-09-27T23:05:00+00:00,50.6202,soccer.asian_handicap,period=ft,home,handicap=0.25,2.12
2026-09-28T00:14:22.790490+02:00,36430466,"Primera A, Clausura",Colombia,Fortaleza FC,CD Tolima,2026-09-27T23:05:00+00:00,50.6202,soccer.asian_handicap,period=ft,away,handicap=0.25,1.72
2026-09-28T00:14:22.790490+02:00,36430466,"Primera A, Clausura",Colombia,Fortaleza FC,CD Tolima,2026-09-27T23:05:00+00:00,50.6202,soccer.asian_handicap,period=ft,home,handicap=0.5,1.82
2026-09-28T00:14:22.790490+02:00,36430466,"Primera A, Clausura",Colombia,Fortaleza FC,CD Tolima,2026-09-27T23:05:00+00:00,50.6202,soccer.asian_handicap,period=ft,away,handicap=0.5,2.01
2026-09-28T00:14:22.790490+02:00,36430466,"Primera A, Clausura",Colombia,Fortaleza FC,CD Tolima,2026-09-27T23:05:00+00:00,50.6202,soccer.asian_handicap,period=ft,home,handicap=0.75,1.59
2026-09-28T00:14:22.790490+02:00,36430466,"Primera A, Clausura",Colombia,Fortaleza FC,CD Tolima,2026-09-27T23:05:00+00:00,50.6202,soccer.asian_handicap,period=ft,away,handicap=0.75,2.35
2026-09-28T00:14:22.790490+02:00,36430466,"Primera A, Clausura",Colombia,Fortaleza FC,CD Tolima,2026-09-27T23:05:00+00:00,50.6202,soccer.asian_handicap,period=ft,home,handicap=1,1.38
2026-09-28T00:14:22.790490+02:00,36430466,"Primera A, Clausura",Colombia,Fortaleza FC,CD Tolima,2026-09-27T23:05:00+00:00,50.6202,soccer.asian_handicap,period=ft,away,handicap=1,3.05
2026-09-28T00:14:22.790490+02:00,36430466,"Primera A, Clausura",Colombia,Fortaleza FC,CD Tolima,2026-09-27T23:05:00+00:00,50.6202,soccer.asian_handicap,period=ft,home,handicap=1.25,1.29
2026-09-28T00:14:22.790490+02:00,36430466,"Primera A, Clausura",Colombia,Fortaleza FC,CD Tolima,2026-09-27T23:05:00+00:00,50.6202,soccer.asian_handicap,period=ft,away,handicap=1.25,3.5
2026-09-28T00:14:22.790490+02:00,36430466,"Primera A, Clausura",Colombia,Fortaleza FC,CD Tolima,2026-09-27T23:05:00+00:00,50.6202,soccer.asian_handicap,period=ft,home,handicap=1.5,1.24
2026-09-28T00:14:22.790490+02:00,36430466,"Primera A, Clausura",Colombia,Fortaleza FC,CD Tolima,2026-09-27T23:05:00+00:00,50.6202,soccer.asian_handicap,period=ft,away,handicap=1.5,3.95
2026-09-28T00:14:22.790490+02:00,36430466,"Primera A, Clausura",Colombia,Fortaleza FC,CD Tolima,2026-09-27T23:05:00+00:00,50.6202,soccer.double_chance,period=ft,draw_away,,1.29
2026-09-28T00:14:22.790490+02:00,36430466,"Primera A, Clausura",Colombia,Fortaleza FC,CD Tolima,2026-09-27T23:05:00+00:00,50.6202,soccer.double_chance,period=ft,home_away,,1.35
2026-09-28T00:14:22.790490+02:00,36430466,"Primera A, Clausura",Colombia,Fortaleza FC,CD Tolima,2026-09-27T23:05:00+00:00,50.6202,soccer.double_chance,period=ft,home_draw,,1.71
2026-09-28T00:14:22.790490+02:00,36430466,"Primera A, Clausura",Colombia,Fortaleza FC,CD Tolima,2026-09-27T23:05:00+00:00,50.6202,soccer.match_odds,period=ft,home,,3.9
2026-09-28T00:14:22.790490+02:00,36430466,"Primera A, Clausura",Colombia,Fortaleza FC,CD Tolima,2026-09-27T23:05:00+00:00,50.6202,soccer.match_odds,period=ft,draw,,3.25
2026-09-28T00:14:22.790490+02:00,36430466,"Primera A, Clausura",Colombia,Fortaleza FC,CD Tolima,2026-09-27T23:05:00+00:00,50.6202,soccer.match_odds,period=ft,away,,2.01
2026-09-28T00:14:22.790490+02:00,36430466,"Primera A, Clausura",Colombia,Fortaleza FC,CD Tolima,2026-09-27T23:05:00+00:00,50.6202,soccer.total_goals,period=ft,over,total=2.25,1.89
2026-09-28T00:14:22.790490+02:00,36430466,"Primera A, Clausura",Colombia,Fortaleza FC,CD Tolima,2026-09-27T23:05:00+00:00,50.6202,soccer.total_goals,period=ft,under,total=2.25,1.91
2026-09-28T00:14:22.790490+02:00,36430466,"Primera A, Clausura",Colombia,Fortaleza FC,CD Tolima,2026-09-27T23:05:00+00:00,50.6202,soccer.total_goals,period=ft,over,total=1.5,1.36
2026-09-28T00:14:22.790490+02:00,36430466,"Primera A, Clausura",Colombia,Fortaleza FC,CD Tolima,2026-09-27T23:05:00+00:00,50.6202,soccer.total_goals,period=ft,under,total=1.5,3.05
2026-09-28T00:14:22.790490+02:00,36430466,"Primera A, Clausura",Colombia,Fortaleza FC,CD Tolima,2026-09-27T23:05:00+00:00,50.6202,soccer.total_goals,period=ft,over,total=1.75,1.45
2026-09-28T00:14:22.790490+02:00,36430466,"Primera A, Clausura",Colombia,Fortaleza FC,CD Tolima,2026-09-27T23:05:00+00:00,50.6202,soccer.total_goals,period=ft,under,total=1.75,2.7
2026-09-28T00:14:22.790490+02:00,36430466,"Primera A, Clausura",Colombia,Fortaleza FC,CD Tolima,2026-09-27T23:05:00+00:00,50.6202,soccer.total_goals,period=ft,over,total=2,1.6
2026-09-28T00:14:22.790490+02:00,36430466,"Primera A, Clausura",Colombia,Fortaleza FC,CD Tolima,2026-09-27T23:05:00+00:00,50.6202,soccer.total_goals,period=ft,under,total=2,2.3
2026-09-28T00:14:22.790490+02:00,36430466,"Primera A, Clausura",Colombia,Fortaleza FC,CD Tolima,2026-09-27T23:05:00+00:00,50.6202,soccer.total_goals,period=ft,over,total=2.5,2.15
2026-09-28T00:14:22.790490+02:00,36430466,"Primera A, Clausura",Colombia,Fortaleza FC,CD Tolima,2026-09-27T23:05:00+00:00,50.6202,soccer.total_goals,period=ft,under,total=2.5,1.69
2026-09-28T00:14:22.790490+02:00,36430466,"Primera A, Clausura",Colombia,Fortaleza FC,CD Tolima,2026-09-27T23:05:00+00:00,50.6202,soccer.total_goals,period=ft,over,total=2.75,2.5
2026-09-28T00:14:22.790490+02:00,36430466,"Primera A, Clausura",Colombia,Fortaleza FC,CD Tolima,2026-09-27T23:05:00+00:00,50.6202,soccer.total_goals,period=ft,under,total=2.75,1.52
2026-09-28T00:14:22.790490+02:00,36430466,"Primera A, Clausura",Colombia,Fortaleza FC,CD Tolima,2026-09-27T23:05:00+00:00,50.6202,soccer.total_goals,period=ft,over,total=3.5,3.8
2026-09-28T00:14:22.790490+02:00,36430466,"Primera A, Clausura",Colombia,Fortaleza FC,CD Tolima,2026-09-27T23:05:00+00:00,50.6202,soccer.total_goals,period=ft,under,total=3.5,1.25
2026-09-28T00:14:22.790490+02:00,36500991,Segunda Division,Uruguay,Huracan Del Paso de la Arena,Miramar Misiones,2026-09-27T23:00:00+00:00,45.6202,soccer.asian_handicap,period=ft,home,handicap=-0.25,1.87
2026-09-28T00:14:22.790490+02:00,36500991,Segunda Division,Uruguay,Huracan Del Paso de la Arena,Miramar Misiones,2026-09-27T23:00:00+00:00,45.6202,soccer.asian_handicap,period=ft,away,handicap=-0.25,1.9
2026-09-28T00:14:22.790490+02:00,36500991,Segunda Division,Uruguay,Huracan Del Paso de la Arena,Miramar Misiones,2026-09-27T23:00:00+00:00,45.6202,soccer.asian_handicap,period=ft,home,handicap=-1,3.3
2026-09-28T00:14:22.790490+02:00,36500991,Segunda Division,Uruguay,Huracan Del Paso de la Arena,Miramar Misiones,2026-09-27T23:00:00+00:00,45.6202,soccer.asian_handicap,period=ft,away,handicap=-1,1.28
2026-09-28T00:14:22.790490+02:00,36500991,Segunda Division,Uruguay,Huracan Del Paso de la Arena,Miramar Misiones,2026-09-27T23:00:00+00:00,45.6202,soccer.asian_handicap,period=ft,home,handicap=-0.75,2.5
2026-09-28T00:14:22.790490+02:00,36500991,Segunda Division,Uruguay,Huracan Del Paso de la Arena,Miramar Misiones,2026-09-27T23:00:00+00:00,45.6202,soccer.asian_handicap,period=ft,away,handicap=-0.75,1.47
2026-09-28T00:14:22.790490+02:00,36500991,Segunda Division,Uruguay,Huracan Del Paso de la Arena,Miramar Misiones,2026-09-27T23:00:00+00:00,45.6202,soccer.asian_handicap,period=ft,home,handicap=-0.5,2.14
2026-09-28T00:14:22.790490+02:00,36500991,Segunda Division,Uruguay,Huracan Del Paso de la Arena,Miramar Misiones,2026-09-27T23:00:00+00:00,45.6202,soccer.asian_handicap,period=ft,away,handicap=-0.5,1.66
2026-09-28T00:14:22.790490+02:00,36500991,Segunda Division,Uruguay,Huracan Del Paso de la Arena,Miramar Misiones,2026-09-27T23:00:00+00:00,45.6202,soccer.asian_handicap,period=ft,home,handicap=0,1.56
2026-09-28T00:14:22.790490+02:00,36500991,Segunda Division,Uruguay,Huracan Del Paso de la Arena,Miramar Misiones,2026-09-27T23:00:00+00:00,45.6202,soccer.asian_handicap,period=ft,away,handicap=0,2.3
2026-09-28T00:14:22.790490+02:00,36500991,Segunda Division,Uruguay,Huracan Del Paso de la Arena,Miramar Misiones,2026-09-27T23:00:00+00:00,45.6202,soccer.asian_handicap,period=ft,home,handicap=0.25,1.4
2026-09-28T00:14:22.790490+02:00,36500991,Segunda Division,Uruguay,Huracan Del Paso de la Arena,Miramar Misiones,2026-09-27T23:00:00+00:00,45.6202,soccer.asian_handicap,period=ft,away,handicap=0.25,2.7
2026-09-28T00:14:22.790490+02:00,36500991,Segunda Division,Uruguay,Huracan Del Paso de la Arena,Miramar Misiones,2026-09-27T23:00:00+00:00,45.6202,soccer.asian_handicap,period=ft,home,handicap=0.5,1.32
2026-09-28T00:14:22.790490+02:00,36500991,Segunda Division,Uruguay,Huracan Del Paso de la Arena,Miramar Misiones,2026-09-27T23:00:00+00:00,45.6202,soccer.asian_handicap,period=ft,away,handicap=0.5,3.1
2026-09-28T00:14:22.790490+02:00,36500991,Segunda Division,Uruguay,Huracan Del Paso de la Arena,Miramar Misiones,2026-09-27T23:00:00+00:00,45.6202,soccer.double_chance,period=ft,draw_away,,1.65
2026-09-28T00:14:22.790490+02:00,36500991,Segunda Division,Uruguay,Huracan Del Paso de la Arena,Miramar Misiones,2026-09-27T23:00:00+00:00,45.6202,soccer.double_chance,period=ft,home_away,,1.32
2026-09-28T00:14:22.790490+02:00,36500991,Segunda Division,Uruguay,Huracan Del Paso de la Arena,Miramar Misiones,2026-09-27T23:00:00+00:00,45.6202,soccer.double_chance,period=ft,home_draw,,1.32
2026-09-28T00:14:22.790490+02:00,36500991,Segunda Division,Uruguay,Huracan Del Paso de la Arena,Miramar Misiones,2026-09-27T23:00:00+00:00,45.6202,soccer.match_odds,period=ft,home,,2.15
2026-09-28T00:14:22.790490+02:00,36500991,Segunda Division,Uruguay,Huracan Del Paso de la Arena,Miramar Misiones,2026-09-27T23:00:00+00:00,45.6202,soccer.match_odds,period=ft,draw,,3.15
2026-09-28T00:14:22.790490+02:00,36500991,Segunda Division,Uruguay,Huracan Del Paso de la Arena,Miramar Misiones,2026-09-27T23:00:00+00:00,45.6202,soccer.match_odds,period=ft,away,,3.15
2026-09-28T00:14:22.790490+02:00,36500991,Segunda Division,Uruguay,Huracan Del Paso de la Arena,Miramar Misiones,2026-09-27T23:00:00+00:00,45.6202,soccer.total_goals,period=ft,over,total=2.25,1.89
2026-09-28T00:14:22.790490+02:00,36500991,Segunda Division,Uruguay,Huracan Del Paso de la Arena,Miramar Misiones,2026-09-27T23:00:00+00:00,45.6202,soccer.total_goals,period=ft,under,total=2.25,1.89
2026-09-28T00:14:22.790490+02:00,36500991,Segunda Division,Uruguay,Huracan Del Paso de la Arena,Miramar Misiones,2026-09-27T23:00:00+00:00,45.6202,soccer.total_goals,period=ft,over,total=1.5,1.34
2026-09-28T00:14:22.790490+02:00,36500991,Segunda Division,Uruguay,Huracan Del Paso de la Arena,Miramar Misiones,2026-09-27T23:00:00+00:00,45.6202,soccer.total_goals,period=ft,under,total=1.5,2.95
2026-09-28T00:14:22.790490+02:00,36500991,Segunda Division,Uruguay,Huracan Del Paso de la Arena,Miramar Misiones,2026-09-27T23:00:00+00:00,45.6202,soccer.total_goals,period=ft,over,total=1.75,1.43
2026-09-28T00:14:22.790490+02:00,36500991,Segunda Division,Uruguay,Huracan Del Paso de la Arena,Miramar Misiones,2026-09-27T23:00:00+00:00,45.6202,soccer.total_goals,period=ft,under,total=1.75,2.6
2026-09-28T00:14:22.790490+02:00,36500991,Segunda Division,Uruguay,Huracan Del Paso de la Arena,Miramar Misiones,2026-09-27T23:00:00+00:00,45.6202,soccer.total_goals,period=ft,over,total=2,1.59
2026-09-28T00:14:22.790490+02:00,36500991,Segunda Division,Uruguay,Huracan Del Paso de la Arena,Miramar Misiones,2026-09-27T23:00:00+00:00,45.6202,soccer.total_goals,period=ft,under,total=2,2.25
2026-09-28T00:14:22.790490+02:00,36500991,Segunda Division,Uruguay,Huracan Del Paso de la Arena,Miramar Misiones,2026-09-27T23:00:00+00:00,45.6202,soccer.total_goals,period=ft,over,total=2.5,2.14
2026-09-28T00:14:22.790490+02:00,36500991,Segunda Division,Uruguay,Huracan Del Paso de la Arena,Miramar Misiones,2026-09-27T23:00:00+00:00,45.6202,soccer.total_goals,period=ft,under,total=2.5,1.66
2026-09-28T00:14:22.790490+02:00,36500991,Segunda Division,Uruguay,Huracan Del Paso de la Arena,Miramar Misiones,2026-09-27T23:00:00+00:00,45.6202,soccer.total_goals,period=ft,over,total=2.75,2.45
2026-09-28T00:14:22.790490+02:00,36500991,Segunda Division,Uruguay,Huracan Del Paso de la Arena,Miramar Misiones,2026-09-27T23:00:00+00:00,45.6202,soccer.total_goals,period=ft,under,total=2.75,1.48
2026-09-28T00:14:22.790490+02:00,36500991,Segunda Division,Uruguay,Huracan Del Paso de la Arena,Miramar Misiones,2026-09-27T23:00:00+00:00,45.6202,soccer.total_goals,period=ft,over,total=3,3.1
2026-09-28T00:14:22.790490+02:00,36500991,Segunda Division,Uruguay,Huracan Del Paso de la Arena,Miramar Misiones,2026-09-27T23:00:00+00:00,45.6202,soccer.total_goals,period=ft,under,total=3,1.31
2026-09-28T00:14:22.790490+02:00,36499711,"Primera Division, Clausura",El Salvador,Municipal Limeno,CD FAS Santa Ana,2026-09-27T23:00:00+00:00,45.6202,soccer.asian_handicap,period=ft,home,handicap=0.25,1.78
2026-09-28T00:14:22.790490+02:00,36499711,"Primera Division, Clausura",El Salvador,Municipal Limeno,CD FAS Santa Ana,2026-09-27T23:00:00+00:00,45.6202,soccer.asian_handicap,period=ft,away,handicap=0.25,2.01
2026-09-28T00:14:22.790490+02:00,36499711,"Primera Division, Clausura",El Salvador,Municipal Limeno,CD FAS Santa Ana,2026-09-27T23:00:00+00:00,45.6202,soccer.asian_handicap,period=ft,home,handicap=-0.5,2.8
2026-09-28T00:14:22.790490+02:00,36499711,"Primera Division, Clausura",El Salvador,Municipal Limeno,CD FAS Santa Ana,2026-09-27T23:00:00+00:00,45.6202,soccer.asian_handicap,period=ft,away,handicap=-0.5,1.38
2026-09-28T00:14:22.790490+02:00,36499711,"Primera Division, Clausura",El Salvador,Municipal Limeno,CD FAS Santa Ana,2026-09-27T23:00:00+00:00,45.6202,soccer.asian_handicap,period=ft,home,handicap=-0.25,2.45
2026-09-28T00:14:22.790490+02:00,36499711,"Primera Division, Clausura",El Salvador,Municipal Limeno,CD FAS Santa Ana,2026-09-27T23:00:00+00:00,45.6202,soccer.asian_handicap,period=ft,away,handicap=-0.25,1.48
2026-09-28T00:14:22.790490+02:00,36499711,"Primera Division, Clausura",El Salvador,Municipal Limeno,CD FAS Santa Ana,2026-09-27T23:00:00+00:00,45.6202,soccer.asian_handicap,period=ft,home,handicap=0,2.11
2026-09-28T00:14:22.790490+02:00,36499711,"Primera Division, Clausura",El Salvador,Municipal Limeno,CD FAS Santa Ana,2026-09-27T23:00:00+00:00,45.6202,soccer.asian_handicap,period=ft,away,handicap=0,1.68
2026-09-28T00:14:22.790490+02:00,36499711,"Primera Division, Clausura",El Salvador,Municipal Limeno,CD FAS Santa Ana,2026-09-27T23:00:00+00:00,45.6202,soccer.asian_handicap,period=ft,home,handicap=0.5,1.58
2026-09-28T00:14:22.790490+02:00,36499711,"Primera Division, Clausura",El Salvador,Municipal Limeno,CD FAS Santa Ana,2026-09-27T23:00:00+00:00,45.6202,soccer.asian_handicap,period=ft,away,handicap=0.5,2.25
2026-09-28T00:14:22.790490+02:00,36499711,"Primera Division, Clausura",El Salvador,Municipal Limeno,CD FAS Santa Ana,2026-09-27T23:00:00+00:00,45.6202,soccer.asian_handicap,period=ft,home,handicap=0.75,1.41
2026-09-28T00:14:22.790490+02:00,36499711,"Primera Division, Clausura",El Salvador,Municipal Limeno,CD FAS Santa Ana,2026-09-27T23:00:00+00:00,45.6202,soccer.asian_handicap,period=ft,away,handicap=0.75,2.7
2026-09-28T00:14:22.790490+02:00,36499711,"Primera Division, Clausura",El Salvador,Municipal Limeno,CD FAS Santa Ana,2026-09-27T23:00:00+00:00,45.6202,soccer.asian_handicap,period=ft,home,handicap=1,1.25
2026-09-28T00:14:22.790490+02:00,36499711,"Primera Division, Clausura",El Salvador,Municipal Limeno,CD FAS Santa Ana,2026-09-27T23:00:00+00:00,45.6202,soccer.asian_handicap,period=ft,away,handicap=1,3.5
2026-09-28T00:14:22.790490+02:00,36499711,"Primera Division, Clausura",El Salvador,Municipal Limeno,CD FAS Santa Ana,2026-09-27T23:00:00+00:00,45.6202,soccer.double_chance,period=ft,draw_away,,1.38
2026-09-28T00:14:22.790490+02:00,36499711,"Primera Division, Clausura",El Salvador,Municipal Limeno,CD FAS Santa Ana,2026-09-27T23:00:00+00:00,45.6202,soccer.double_chance,period=ft,home_away,,1.32
2026-09-28T00:14:22.790490+02:00,36499711,"Primera Division, Clausura",El Salvador,Municipal Limeno,CD FAS Santa Ana,2026-09-27T23:00:00+00:00,45.6202,soccer.double_chance,period=ft,home_draw,,1.57
2026-09-28T00:14:22.790490+02:00,36499711,"Primera Division, Clausura",El Salvador,Municipal Limeno,CD FAS Santa Ana,2026-09-27T23:00:00+00:00,45.6202,soccer.match_odds,period=ft,home,,2.85
2026-09-28T00:14:22.790490+02:00,36499711,"Primera Division, Clausura",El Salvador,Municipal Limeno,CD FAS Santa Ana,2026-09-27T23:00:00+00:00,45.6202,soccer.match_odds,period=ft,draw,,3.2
2026-09-28T00:14:22.790490+02:00,36499711,"Primera Division, Clausura",El Salvador,Municipal Limeno,CD FAS Santa Ana,2026-09-27T23:00:00+00:00,45.6202,soccer.match_odds,period=ft,away,,2.3
2026-09-28T00:14:22.790490+02:00,36499711,"Primera Division, Clausura",El Salvador,Municipal Limeno,CD FAS Santa Ana,2026-09-27T23:00:00+00:00,45.6202,soccer.total_goals,period=ft,over,total=2.5,1.87
2026-09-28T00:14:22.790490+02:00,36499711,"Primera Division, Clausura",El Salvador,Municipal Limeno,CD FAS Santa Ana,2026-09-27T23:00:00+00:00,45.6202,soccer.total_goals,period=ft,under,total=2.5,1.9
2026-09-28T00:14:22.790490+02:00,36499711,"Primera Division, Clausura",El Salvador,Municipal Limeno,CD FAS Santa Ana,2026-09-27T23:00:00+00:00,45.6202,soccer.total_goals,period=ft,over,total=1.75,1.3
2026-09-28T00:14:22.790490+02:00,36499711,"Primera Division, Clausura",El Salvador,Municipal Limeno,CD FAS Santa Ana,2026-09-27T23:00:00+00:00,45.6202,soccer.total_goals,period=ft,under,total=1.75,3.2
2026-09-28T00:14:22.790490+02:00,36499711,"Primera Division, Clausura",El Salvador,Municipal Limeno,CD FAS Santa Ana,2026-09-27T23:00:00+00:00,45.6202,soccer.total_goals,period=ft,over,total=2,1.39
2026-09-28T00:14:22.790490+02:00,36499711,"Primera Division, Clausura",El Salvador,Municipal Limeno,CD FAS Santa Ana,2026-09-27T23:00:00+00:00,45.6202,soccer.total_goals,period=ft,under,total=2,2.75
2026-09-28T00:14:22.790490+02:00,36499711,"Primera Division, Clausura",El Salvador,Municipal Limeno,CD FAS Santa Ana,2026-09-27T23:00:00+00:00,45.6202,soccer.total_goals,period=ft,over,total=2.25,1.62
2026-09-28T00:14:22.790490+02:00,36499711,"Primera Division, Clausura",El Salvador,Municipal Limeno,CD FAS Santa Ana,2026-09-27T23:00:00+00:00,45.6202,soccer.total_goals,period=ft,under,total=2.25,2.2
2026-09-28T00:14:22.790490+02:00,36499711,"Primera Division, Clausura",El Salvador,Municipal Limeno,CD FAS Santa Ana,2026-09-27T23:00:00+00:00,45.6202,soccer.total_goals,period=ft,over,total=2.75,2.09
2026-09-28T00:14:22.790490+02:00,36499711,"Primera Division, Clausura",El Salvador,Municipal Limeno,CD FAS Santa Ana,2026-09-27T23:00:00+00:00,45.6202,soccer.total_goals,period=ft,under,total=2.75,1.69
2026-09-28T00:14:22.790490+02:00,36499711,"Primera Division, Clausura",El Salvador,Municipal Limeno,CD FAS Santa Ana,2026-09-27T23:00:00+00:00,45.6202,soccer.total_goals,period=ft,over,total=3,2.45
2026-09-28T00:14:22.790490+02:00,36499711,"Primera Division, Clausura",El Salvador,Municipal Limeno,CD FAS Santa Ana,2026-09-27T23:00:00+00:00,45.6202,soccer.total_goals,period=ft,under,total=3,1.48
2026-09-28T00:14:22.790490+02:00,36499711,"Primera Division, Clausura",El Salvador,Municipal Limeno,CD FAS Santa Ana,2026-09-27T23:00:00+00:00,45.6202,soccer.total_goals,period=ft,over,total=3.25,2.8
2026-09-28T00:14:22.790490+02:00,36499711,"Primera Division, Clausura",El Salvador,Municipal Limeno,CD FAS Santa Ana,2026-09-27T23:00:00+00:00,45.6202,soccer.total_goals,period=ft,under,total=3.25,1.38
2026-09-28T00:14:22.790490+02:00,36529311,Copa Division Profesional,Bolivia,CD Real Tomayapo,Cdt Real Oruro,2026-09-27T23:30:00+00:00,75.6202,soccer.asian_handicap,period=ft,home,handicap=-0.5,1.92
2026-09-28T00:14:22.790490+02:00,36529311,Copa Division Profesional,Bolivia,CD Real Tomayapo,Cdt Real Oruro,2026-09-27T23:30:00+00:00,75.6202,soccer.asian_handicap,period=ft,away,handicap=-0.5,1.78
2026-09-28T00:14:22.790490+02:00,36529311,Copa Division Profesional,Bolivia,CD Real Tomayapo,Cdt Real Oruro,2026-09-27T23:30:00+00:00,75.6202,soccer.asian_handicap,period=ft,home,handicap=-1.25,2.8
2026-09-28T00:14:22.790490+02:00,36529311,Copa Division Profesional,Bolivia,CD Real Tomayapo,Cdt Real Oruro,2026-09-27T23:30:00+00:00,75.6202,soccer.asian_handicap,period=ft,away,handicap=-1.25,1.34
2026-09-28T00:14:22.790490+02:00,36529311,Copa Division Profesional,Bolivia,CD Real Tomayapo,Cdt Real Oruro,2026-09-27T23:30:00+00:00,75.6202,soccer.asian_handicap,period=ft,home,handicap=-1,2.5
2026-09-28T00:14:22.790490+02:00,36529311,Copa Division Profesional,Bolivia,CD Real Tomayapo,Cdt Real Oruro,2026-09-27T23:30:00+00:00,75.6202,soccer.asian_handicap,period=ft,away,handicap=-1,1.42
2026-09-28T00:14:22.790490+02:00,36529311,Copa Division Profesional,Bolivia,CD Real Tomayapo,Cdt Real Oruro,2026-09-27T23:30:00+00:00,75.6202,soccer.asian_handicap,period=ft,home,handicap=-0.75,2.14
2026-09-28T00:14:22.790490+02:00,36529311,Copa Division Profesional,Bolivia,CD Real Tomayapo,Cdt Real Oruro,2026-09-27T23:30:00+00:00,75.6202,soccer.asian_handicap,period=ft,away,handicap=-0.75,1.6
2026-09-28T00:14:22.790490+02:00,36529311,Copa Division Profesional,Bolivia,CD Real Tomayapo,Cdt Real Oruro,2026-09-27T23:30:00+00:00,75.6202,soccer.asian_handicap,period=ft,home,handicap=-0.25,1.69
2026-09-28T00:14:22.790490+02:00,36529311,Copa Division Profesional,Bolivia,CD Real Tomayapo,Cdt Real Oruro,2026-09-27T23:30:00+00:00,75.6202,soccer.asian_handicap,period=ft,away,handicap=-0.25,2.0
2026-09-28T00:14:22.790490+02:00,36529311,Copa Division Profesional,Bolivia,CD Real Tomayapo,Cdt Real Oruro,2026-09-27T23:30:00+00:00,75.6202,soccer.asian_handicap,period=ft,home,handicap=0,1.47
2026-09-28T00:14:22.790490+02:00,36529311,Copa Division Profesional,Bolivia,CD Real Tomayapo,Cdt Real Oruro,2026-09-27T23:30:00+00:00,75.6202,soccer.asian_handicap,period=ft,away,handicap=0,2.35
2026-09-28T00:14:22.790490+02:00,36529311,Copa Division Profesional,Bolivia,CD Real Tomayapo,Cdt Real Oruro,2026-09-27T23:30:00+00:00,75.6202,soccer.asian_handicap,period=ft,home,handicap=0.25,1.37
2026-09-28T00:14:22.790490+02:00,36529311,Copa Division Profesional,Bolivia,CD Real Tomayapo,Cdt Real Oruro,2026-09-27T23:30:00+00:00,75.6202,soccer.asian_handicap,period=ft,away,handicap=0.25,2.65
2026-09-28T00:14:22.790490+02:00,36529311,Copa Division Profesional,Bolivia,CD Real Tomayapo,Cdt Real Oruro,2026-09-27T23:30:00+00:00,75.6202,soccer.match_odds,period=ft,home,,1.91
2026-09-28T00:14:22.790490+02:00,36529311,Copa Division Profesional,Bolivia,CD Real Tomayapo,Cdt Real Oruro,2026-09-27T23:30:00+00:00,75.6202,soccer.match_odds,period=ft,draw,,3.6
2026-09-28T00:14:22.790490+02:00,36529311,Copa Division Profesional,Bolivia,CD Real Tomayapo,Cdt Real Oruro,2026-09-27T23:30:00+00:00,75.6202,soccer.match_odds,period=ft,away,,3.05
2026-09-28T00:14:22.790490+02:00,36529311,Copa Division Profesional,Bolivia,CD Real Tomayapo,Cdt Real Oruro,2026-09-27T23:30:00+00:00,75.6202,soccer.total_goals,period=ft,over,total=3.5,1.89
2026-09-28T00:14:22.790490+02:00,36529311,Copa Division Profesional,Bolivia,CD Real Tomayapo,Cdt Real Oruro,2026-09-27T23:30:00+00:00,75.6202,soccer.total_goals,period=ft,under,total=3.5,1.8
2026-09-28T00:14:22.790490+02:00,36529311,Copa Division Profesional,Bolivia,CD Real Tomayapo,Cdt Real Oruro,2026-09-27T23:30:00+00:00,75.6202,soccer.total_goals,period=ft,over,total=2.75,1.4
2026-09-28T00:14:22.790490+02:00,36529311,Copa Division Profesional,Bolivia,CD Real Tomayapo,Cdt Real Oruro,2026-09-27T23:30:00+00:00,75.6202,soccer.total_goals,period=ft,under,total=2.75,2.55
2026-09-28T00:14:22.790490+02:00,36529311,Copa Division Profesional,Bolivia,CD Real Tomayapo,Cdt Real Oruro,2026-09-27T23:30:00+00:00,75.6202,soccer.total_goals,period=ft,over,total=3,1.5
2026-09-28T00:14:22.790490+02:00,36529311,Copa Division Profesional,Bolivia,CD Real Tomayapo,Cdt Real Oruro,2026-09-27T23:30:00+00:00,75.6202,soccer.total_goals,period=ft,under,total=3,2.3
2026-09-28T00:14:22.790490+02:00,36529311,Copa Division Profesional,Bolivia,CD Real Tomayapo,Cdt Real Oruro,2026-09-27T23:30:00+00:00,75.6202,soccer.total_goals,period=ft,over,total=3.25,1.7
2026-09-28T00:14:22.790490+02:00,36529311,Copa Division Profesional,Bolivia,CD Real Tomayapo,Cdt Real Oruro,2026-09-27T23:30:00+00:00,75.6202,soccer.total_goals,period=ft,under,total=3.25,2.0
2026-09-28T00:14:22.790490+02:00,36529311,Copa Division Profesional,Bolivia,CD Real Tomayapo,Cdt Real Oruro,2026-09-27T23:30:00+00:00,75.6202,soccer.total_goals,period=ft,over,total=3.75,2.1
2026-09-28T00:14:22.790490+02:00,36529311,Copa Division Profesional,Bolivia,CD Real Tomayapo,Cdt Real Oruro,2026-09-27T23:30:00+00:00,75.6202,soccer.total_goals,period=ft,under,total=3.75,1.62
2026-09-28T00:14:22.790490+02:00,36529311,Copa Division Profesional,Bolivia,CD Real Tomayapo,Cdt Real Oruro,2026-09-27T23:30:00+00:00,75.6202,soccer.total_goals,period=ft,over,total=4,2.45
2026-09-28T00:14:22.790490+02:00,36529311,Copa Division Profesional,Bolivia,CD Real Tomayapo,Cdt Real Oruro,2026-09-27T23:30:00+00:00,75.6202,soccer.total_goals,period=ft,under,total=4,1.44
2026-09-28T00:14:22.790490+02:00,36529311,Copa Division Profesional,Bolivia,CD Real Tomayapo,Cdt Real Oruro,2026-09-27T23:30:00+00:00,75.6202,soccer.total_goals,period=ft,over,total=4.25,2.7
2026-09-28T00:14:22.790490+02:00,36529311,Copa Division Profesional,Bolivia,CD Real Tomayapo,Cdt Real Oruro,2026-09-27T23:30:00+00:00,75.6202,soccer.total_goals,period=ft,under,total=4.25,1.36
2026-09-28T00:14:22.790490+02:00,36519400,Torneo Federal A,Argentina,CSB Atenas,Sportivo General San Martin,2026-09-27T22:30:00+00:00,15.6202,soccer.asian_handicap,period=ft,home,handicap=-0.25,1.86
2026-09-28T00:14:22.790490+02:00,36519400,Torneo Federal A,Argentina,CSB Atenas,Sportivo General San Martin,2026-09-27T22:30:00+00:00,15.6202,soccer.asian_handicap,period=ft,away,handicap=-0.25,1.83
2026-09-28T00:14:22.790490+02:00,36519400,Torneo Federal A,Argentina,CSB Atenas,Sportivo General San Martin,2026-09-27T22:30:00+00:00,15.6202,soccer.asian_handicap,period=ft,home,handicap=-1,3.4
2026-09-28T00:14:22.790490+02:00,36519400,Torneo Federal A,Argentina,CSB Atenas,Sportivo General San Martin,2026-09-27T22:30:00+00:00,15.6202,soccer.asian_handicap,period=ft,away,handicap=-1,1.23
2026-09-28T00:14:22.790490+02:00,36519400,Torneo Federal A,Argentina,CSB Atenas,Sportivo General San Martin,2026-09-27T22:30:00+00:00,15.6202,soccer.asian_handicap,period=ft,home,handicap=-0.75,2.55
2026-09-28T00:14:22.790490+02:00,36519400,Torneo Federal A,Argentina,CSB Atenas,Sportivo General San Martin,2026-09-27T22:30:00+00:00,15.6202,soccer.asian_handicap,period=ft,away,handicap=-0.75,1.4
2026-09-28T00:14:22.790490+02:00,36519400,Torneo Federal A,Argentina,CSB Atenas,Sportivo General San Martin,2026-09-27T22:30:00+00:00,15.6202,soccer.asian_handicap,period=ft,home,handicap=-0.5,2.16
2026-09-28T00:14:22.790490+02:00,36519400,Torneo Federal A,Argentina,CSB Atenas,Sportivo General San Martin,2026-09-27T22:30:00+00:00,15.6202,soccer.asian_handicap,period=ft,away,handicap=-0.5,1.59
2026-09-28T00:14:22.790490+02:00,36519400,Torneo Federal A,Argentina,CSB Atenas,Sportivo General San Martin,2026-09-27T22:30:00+00:00,15.6202,soccer.asian_handicap,period=ft,home,handicap=0,1.51
2026-09-28T00:14:22.790490+02:00,36519400,Torneo Federal A,Argentina,CSB Atenas,Sportivo General San Martin,2026-09-27T22:30:00+00:00,15.6202,soccer.asian_handicap,period=ft,away,handicap=0,2.3
2026-09-28T00:14:22.790490+02:00,36519400,Torneo Federal A,Argentina,CSB Atenas,Sportivo General San Martin,2026-09-27T22:30:00+00:00,15.6202,soccer.asian_handicap,period=ft,home,handicap=0.25,1.35
2026-09-28T00:14:22.790490+02:00,36519400,Torneo Federal A,Argentina,CSB Atenas,Sportivo General San Martin,2026-09-27T22:30:00+00:00,15.6202,soccer.asian_handicap,period=ft,away,handicap=0.25,2.75
2026-09-28T00:14:22.790490+02:00,36519400,Torneo Federal A,Argentina,CSB Atenas,Sportivo General San Martin,2026-09-27T22:30:00+00:00,15.6202,soccer.asian_handicap,period=ft,home,handicap=0.5,1.26
2026-09-28T00:14:22.790490+02:00,36519400,Torneo Federal A,Argentina,CSB Atenas,Sportivo General San Martin,2026-09-27T22:30:00+00:00,15.6202,soccer.asian_handicap,period=ft,away,handicap=0.5,3.2
2026-09-28T00:14:22.790490+02:00,36519400,Torneo Federal A,Argentina,CSB Atenas,Sportivo General San Martin,2026-09-27T22:30:00+00:00,15.6202,soccer.match_odds,period=ft,home,,2.18
2026-09-28T00:14:22.790490+02:00,36519400,Torneo Federal A,Argentina,CSB Atenas,Sportivo General San Martin,2026-09-27T22:30:00+00:00,15.6202,soccer.match_odds,period=ft,draw,,2.75
2026-09-28T00:14:22.790490+02:00,36519400,Torneo Federal A,Argentina,CSB Atenas,Sportivo General San Martin,2026-09-27T22:30:00+00:00,15.6202,soccer.match_odds,period=ft,away,,3.25
2026-09-28T00:14:22.790490+02:00,36519400,Torneo Federal A,Argentina,CSB Atenas,Sportivo General San Martin,2026-09-27T22:30:00+00:00,15.6202,soccer.total_goals,period=ft,over,total=2,1.72
2026-09-28T00:14:22.790490+02:00,36519400,Torneo Federal A,Argentina,CSB Atenas,Sportivo General San Martin,2026-09-27T22:30:00+00:00,15.6202,soccer.total_goals,period=ft,under,total=2,2.0
2026-09-28T00:14:22.790490+02:00,36519400,Torneo Federal A,Argentina,CSB Atenas,Sportivo General San Martin,2026-09-27T22:30:00+00:00,15.6202,soccer.total_goals,period=ft,over,total=1.25,1.24
2026-09-28T00:14:22.790490+02:00,36519400,Torneo Federal A,Argentina,CSB Atenas,Sportivo General San Martin,2026-09-27T22:30:00+00:00,15.6202,soccer.total_goals,period=ft,under,total=1.25,3.35
2026-09-28T00:14:22.790490+02:00,36519400,Torneo Federal A,Argentina,CSB Atenas,Sportivo General San Martin,2026-09-27T22:30:00+00:00,15.6202,soccer.total_goals,period=ft,over,total=1.5,1.38
2026-09-28T00:14:22.790490+02:00,36519400,Torneo Federal A,Argentina,CSB Atenas,Sportivo General San Martin,2026-09-27T22:30:00+00:00,15.6202,soccer.total_goals,period=ft,under,total=1.5,2.6
2026-09-28T00:14:22.790490+02:00,36519400,Torneo Federal A,Argentina,CSB Atenas,Sportivo General San Martin,2026-09-27T22:30:00+00:00,15.6202,soccer.total_goals,period=ft,over,total=1.75,1.51
2026-09-28T00:14:22.790490+02:00,36519400,Torneo Federal A,Argentina,CSB Atenas,Sportivo General San Martin,2026-09-27T22:30:00+00:00,15.6202,soccer.total_goals,period=ft,under,total=1.75,2.3
2026-09-28T00:14:22.790490+02:00,36519400,Torneo Federal A,Argentina,CSB Atenas,Sportivo General San Martin,2026-09-27T22:30:00+00:00,15.6202,soccer.total_goals,period=ft,over,total=2.25,2.01
2026-09-28T00:14:22.790490+02:00,36519400,Torneo Federal A,Argentina,CSB Atenas,Sportivo General San Martin,2026-09-27T22:30:00+00:00,15.6202,soccer.total_goals,period=ft,under,total=2.25,1.68
2026-09-28T00:14:22.790490+02:00,36519400,Torneo Federal A,Argentina,CSB Atenas,Sportivo General San Martin,2026-09-27T22:30:00+00:00,15.6202,soccer.total_goals,period=ft,over,total=2.5,2.25
2026-09-28T00:14:22.790490+02:00,36519400,Torneo Federal A,Argentina,CSB Atenas,Sportivo General San Martin,2026-09-27T22:30:00+00:00,15.6202,soccer.total_goals,period=ft,under,total=2.5,1.5
2026-09-28T00:14:22.790490+02:00,36519400,Torneo Federal A,Argentina,CSB Atenas,Sportivo General San Martin,2026-09-27T22:30:00+00:00,15.6202,soccer.total_goals,period=ft,over,total=2.75,2.7
2026-09-28T00:14:22.790490+02:00,36519400,Torneo Federal A,Argentina,CSB Atenas,Sportivo General San Martin,2026-09-27T22:30:00+00:00,15.6202,soccer.total_goals,period=ft,under,total=2.75,1.36
