captured_at_local,event_id,competition,category,home_team,away_team,kickoff_utc,minutes_to_kickoff,market,submarket,outcome,params,price
2026-09-29T00:01:06.592976+02:00,36439576,Brasileiro Serie B,Brazil,America FC MG,EC Juventude RS,2026-09-28T22:30:00+00:00,28.8901,soccer.asian_handicap,period=ft,home,handicap=0.5,1.89
2026-09-29T00:01:06.592976+02:00,36439576,Brasileiro Serie B,Brazil,America FC MG,EC Juventude RS,2026-09-28T22:30:00+00:00,28.8901,soccer.asian_handicap,period=ft,away,handicap=0.5,1.95
2026-09-29T00:01:06.592976+02:00,36439576,Brasileiro Serie B,Brazil,America FC MG,EC Juventude RS,2026-09-28T22:30:00+00:00,28.8901,soccer.asian_handicap,period=ft,home,handicap=-0.5,4.15
2026-09-29T00:01:06.592976+02:00,36439576,Brasileiro Serie B,Brazil,America FC MG,EC Juventude RS,2026-09-28T22:30:00+00:00,28.8901,soccer.asian_handicap,period=ft,away,handicap=-0.5,1.23
2026-09-29T00:01:06.592976+02:00,36439576,Brasileiro Serie B,Brazil,America FC MG,EC Juventude RS,2026-09-28T22:30:00+00:00,28.8901,soccer.asian_handicap,period=ft,home,handicap=-0.25,3.6
2026-09-29T00:01:06.592976+02:00,36439576,Brasileiro Serie B,Brazil,America FC MG,EC Juventude RS,2026-09-28T22:30:00+00:00,28.8901,soccer.asian_handicap,period=ft,away,handicap=-0.25,1.29
2026-09-29T00:01:06.592976+02:00,36439576,Brasileiro Serie B,Brazil,America FC MG,EC Juventude RS,2026-09-28T22:30:00+00:00,28.8901,soccer.asian_handicap,period=ft,home,handicap=0,3.05
2026-09-29T00:01:06.592976+02:00,36439576,Brasileiro Serie B,Brazil,America FC MG,EC Juventude RS,2026-09-28T22:30:00+00:00,28.8901,soccer.asian_handicap,period=ft,away,handicap=0,1.39
2026-09-29T00:01:06.592976+02:00,36439576,Brasileiro Serie B,Brazil,America FC MG,EC Juventude RS,2026-09-28T22:30:00+00:00,28.8901,soccer.asian_handicap,period=ft,home,handicap=0.25,2.25
2026-09-29T00:01:06.592976+02:00,36439576,Brasileiro Serie B,Brazil,America FC MG,EC Juventude RS,2026-09-28T22:30:00+00:00,28.8901,soccer.asian_handicap,period=ft,away,handicap=0.25,1.66
2026-09-29T00:01:06.592976+02:00,36439576,Brasileiro Serie B,Brazil,America FC MG,EC Juventude RS,2026-09-28T22:30:00+00:00,28.8901,soccer.asian_handicap,period=ft,home,handicap=0.75,1.65
2026-09-29T00:01:06.592976+02:00,36439576,Brasileiro Serie B,Brazil,America FC MG,EC Juventude RS,2026-09-28T22:30:00+00:00,28.8901,soccer.asian_handicap,period=ft,away,handicap=0.75,2.25
2026-09-29T00:01:06.592976+02:00,36439576,Brasileiro Serie B,Brazil,America FC MG,EC Juventude RS,2026-09-28T22:30:00+00:00,28.8901,soccer.asian_handicap,period=ft,home,handicap=1,1.42
2026-09-29T00:01:06.592976+02:00,36439576,Brasileiro Serie B,Brazil,America FC MG,EC Juventude RS,2026-09-28T22:30:00+00:00,28.8901,soccer.asian_handicap,period=ft,away,handicap=1,2.9
2026-09-29T00:01:06.592976+02:00,36439576,Brasileiro Serie B,Brazil,America FC MG,EC Juventude RS,2026-09-28T22:30:00+00:00,28.8901,soccer.asian_handicap,period=ft,home,handicap=1.25,1.33
2026-09-29T00:01:06.592976+02:00,36439576,Brasileiro Serie B,Brazil,America FC MG,EC Juventude RS,2026-09-28T22:30:00+00:00,28.8901,soccer.asian_handicap,period=ft,away,handicap=1.25,3.3
2026-09-29T00:01:06.592976+02:00,36439576,Brasileiro Serie B,Brazil,America FC MG,EC Juventude RS,2026-09-28T22:30:00+00:00,28.8901,soccer.asian_handicap,period=ft,home,handicap=1.5,1.27
2026-09-29T00:01:06.592976+02:00,36439576,Brasileiro Serie B,Brazil,America FC MG,EC Juventude RS,2026-09-28T22:30:00+00:00,28.8901,soccer.asian_handicap,period=ft,away,handicap=1.5,3.75
2026-09-29T00:01:06.592976+02:00,36439576,Brasileiro Serie B,Brazil,America FC MG,EC Juventude RS,2026-09-28T22:30:00+00:00,28.8901,soccer.double_chance,period=ft,draw_away,,1.23
2026-09-29T00:01:06.592976+02:00,36439576,Brasileiro Serie B,Brazil,America FC MG,EC Juventude RS,2026-09-28T22:30:00+00:00,28.8901,soccer.double_chance,period=ft,home_away,,1.33
2026-09-29T00:01:06.592976+02:00,36439576,Brasileiro Serie B,Brazil,America FC MG,EC Juventude RS,2026-09-28T22:30:00+00:00,28.8901,soccer.double_chance,period=ft,home_draw,,1.87
2026-09-29T00:01:06.592976+02:00,36439576,Brasileiro Serie B,Brazil,America FC MG,EC Juventude RS,2026-09-28T22:30:00+00:00,28.8901,soccer.match_odds,period=ft,home,,4.2
2026-09-29T00:01:06.592976+02:00,36439576,Brasileiro Serie B,Brazil,America FC MG,EC Juventude RS,2026-09-28T22:30:00+00:00,28.8901,soccer.match_odds,period=ft,draw,,3.3
2026-09-29T00:01:06.592976+02:00,36439576,Brasileiro Serie B,Brazil,America FC MG,EC Juventude RS,2026-09-28T22:30:00+00:00,28.8901,soccer.match_odds,period=ft,away,,1.94
2026-09-29T00:01:06.592976+02:00,36439576,Brasileiro Serie B,Brazil,America FC MG,EC Juventude RS,2026-09-28T22:30:00+00:00,28.8901,soccer.total_goals,period=ft,over,total=2.25,2.01
2026-09-29T00:01:06.592976+02:00,36439576,Brasileiro Serie B,Brazil,America FC MG,EC Juventude RS,2026-09-28T22:30:00+00:00,28.8901,soccer.total_goals,period=ft,under,total=2.25,1.82
2026-09-29T00:01:06.592976+02:00,36439576,Brasileiro Serie B,Brazil,America FC MG,EC Juventude RS,2026-09-28T22:30:00+00:00,28.8901,soccer.total_goals,period=ft,over,total=1.5,1.41
2026-09-29T00:01:06.592976+02:00,36439576,Brasileiro Serie B,Brazil,America FC MG,EC Juventude RS,2026-09-28T22:30:00+00:00,28.8901,soccer.total_goals,period=ft,under,total=1.5,2.85
2026-09-29T00:01:06.592976+02:00,36439576,Brasileiro Serie B,Brazil,America FC MG,EC Juventude RS,2026-09-28T22:30:00+00:00,28.8901,soccer.total_goals,period=ft,over,total=1.75,1.53
2026-09-29T00:01:06.592976+02:00,36439576,Brasileiro Serie B,Brazil,America FC MG,EC Juventude RS,2026-09-28T22:30:00+00:00,28.8901,soccer.total_goals,period=ft,under,total=1.75,2.5
2026-09-29T00:01:06.592976+02:00,36439576,Brasileiro Serie B,Brazil,America FC MG,EC Juventude RS,2026-09-28T22:30:00+00:00,28.8901,soccer.total_goals,period=ft,over,total=2,1.7
2026-09-29T00:01:06.592976+02:00,36439576,Brasileiro Serie B,Brazil,America FC MG,EC Juventude RS,2026-09-28T22:30:00+00:00,28.8901,soccer.total_goals,period=ft,under,total=2,2.15
2026-09-29T00:01:06.592976+02:00,36439576,Brasileiro Serie B,Brazil,America FC MG,EC Juventude RS,2026-09-28T22:30:00+00:00,28.8901,soccer.total_goals,period=ft,over,total=2.5,2.25
2026-09-29T00:01:06.592976+02:00,36439576,Brasileiro Serie B,Brazil,America FC MG,EC Juventude RS,2026-09-28T22:30:00+00:00,28.8901,soccer.total_goals,period=ft,under,total=2.5,1.63
2026-09-29T00:01:06.592976+02:00,36439576,Brasileiro Serie B,Brazil,America FC MG,EC Juventude RS,2026-09-28T22:30:00+00:00,28.8901,soccer.total_goals,period=ft,over,total=2.75,2.65
2026-09-29T00:01:06.592976+02:00,36439576,Brasileiro Serie B,Brazil,America FC MG,EC Juventude RS,2026-09-28T22:30:00+00:00,28.8901,soccer.total_goals,period=ft,under,total=2.75,1.47
2026-09-29T00:01:06.592976+02:00,36439576,Brasileiro Serie B,Brazil,America FC MG,EC Juventude RS,2026-09-28T22:30:00+00:00,28.8901,soccer.total_goals,period=ft,over,total=3.5,4.1
2026-09-29T00:01:06.592976+02:00,36439576,Brasileiro Serie B,Brazil,America FC MG,EC Juventude RS,2026-09-28T22:30:00+00:00,28.8901,soccer.total_goals,period=ft,under,total=3.5,1.22
2026-09-29T00:01:06.592976+02:00,36540589,Segunda Division,Paraguay,Guairena FC,Club Fernando de La Mora,2026-09-28T22:15:00+00:00,13.8901,soccer.asian_handicap,period=ft,home,handicap=-0.5,0.0
2026-09-29T00:01:06.592976+02:00,36540589,Segunda Division,Paraguay,Guairena FC,Club Fernando de La Mora,2026-09-28T22:15:00+00:00,13.8901,soccer.asian_handicap,period=ft,away,handicap=-0.5,0.0
2026-09-29T00:01:06.592976+02:00,36540589,Segunda Division,Paraguay,Guairena FC,Club Fernando de La Mora,2026-09-28T22:15:00+00:00,13.8901,soccer.asian_handicap,period=ft,home,handicap=-0.25,2.3
2026-09-29T00:01:06.592976+02:00,36540589,Segunda Division,Paraguay,Guairena FC,Club Fernando de La Mora,2026-09-28T22:15:00+00:00,13.8901,soccer.asian_handicap,period=ft,away,handicap=-0.25,1.51
2026-09-29T00:01:06.592976+02:00,36540589,Segunda Division,Paraguay,Guairena FC,Club Fernando de La Mora,2026-09-28T22:15:00+00:00,13.8901,soccer.asian_handicap,period=ft,home,handicap=0,1.95
2026-09-29T00:01:06.592976+02:00,36540589,Segunda Division,Paraguay,Guairena FC,Club Fernando de La Mora,2026-09-28T22:15:00+00:00,13.8901,soccer.asian_handicap,period=ft,away,handicap=0,1.75
2026-09-29T00:01:06.592976+02:00,36540589,Segunda Division,Paraguay,Guairena FC,Club Fernando de La Mora,2026-09-28T22:15:00+00:00,13.8901,soccer.asian_handicap,period=ft,home,handicap=0.25,1.63
2026-09-29T00:01:06.592976+02:00,36540589,Segunda Division,Paraguay,Guairena FC,Club Fernando de La Mora,2026-09-28T22:15:00+00:00,13.8901,soccer.asian_handicap,period=ft,away,handicap=0.25,2.11
2026-09-29T00:01:06.592976+02:00,36540589,Segunda Division,Paraguay,Guairena FC,Club Fernando de La Mora,2026-09-28T22:15:00+00:00,13.8901,soccer.asian_handicap,period=ft,home,handicap=0.5,0.0
2026-09-29T00:01:06.592976+02:00,36540589,Segunda Division,Paraguay,Guairena FC,Club Fernando de La Mora,2026-09-28T22:15:00+00:00,13.8901,soccer.asian_handicap,period=ft,away,handicap=0.5,0.0
2026-09-29T00:01:06.592976+02:00,36540589,Segunda Division,Paraguay,Guairena FC,Club Fernando de La Mora,2026-09-28T22:15:00+00:00,13.8901,soccer.double_chance,period=ft,draw_away,,1.37
2026-09-29T00:01:06.592976+02:00,36540589,Segunda Division,Paraguay,Guairena FC,Club Fernando de La Mora,2026-09-28T22:15:00+00:00,13.8901,soccer.double_chance,period=ft,home_away,,1.32
2026-09-29T00:01:06.592976+02:00,36540589,Segunda Division,Paraguay,Guairena FC,Club Fernando de La Mora,2026-09-28T22:15:00+00:00,13.8901,soccer.double_chance,period=ft,home_draw,,1.44
2026-09-29T00:01:06.592976+02:00,36540589,Segunda Division,Paraguay,Guairena FC,Club Fernando de La Mora,2026-09-28T22:15:00+00:00,13.8901,soccer.match_odds,period=ft,home,,2.7
2026-09-29T00:01:06.592976+02:00,36540589,Segunda Division,Paraguay,Guairena FC,Club Fernando de La Mora,2026-09-28T22:15:00+00:00,13.8901,soccer.match_odds,period=ft,draw,,2.8
2026-09-29T00:01:06.592976+02:00,36540589,Segunda Division,Paraguay,Guairena FC,Club Fernando de La Mora,2026-09-28T22:15:00+00:00,13.8901,soccer.match_odds,period=ft,away,,2.45
2026-09-29T00:01:06.592976+02:00,36540589,Segunda Division,Paraguay,Guairena FC,Club Fernando de La Mora,2026-09-28T22:15:00+00:00,13.8901,soccer.total_goals,period=ft,over,total=2.25,1.86
2026-09-29T00:01:06.592976+02:00,36540589,Segunda Division,Paraguay,Guairena FC,Club Fernando de La Mora,2026-09-28T22:15:00+00:00,13.8901,soccer.total_goals,period=ft,under,total=2.25,1.82
2026-09-29T00:01:06.592976+02:00,36540589,Segunda Division,Paraguay,Guairena FC,Club Fernando de La Mora,2026-09-28T22:15:00+00:00,13.8901,soccer.total_goals,period=ft,over,total=1.5,1.35
2026-09-29T00:01:06.592976+02:00,36540589,Segunda Division,Paraguay,Guairena FC,Club Fernando de La Mora,2026-09-28T22:15:00+00:00,13.8901,soccer.total_goals,period=ft,under,total=1.5,2.7
2026-09-29T00:01:06.592976+02:00,36540589,Segunda Division,Paraguay,Guairena FC,Club Fernando de La Mora,2026-09-28T22:15:00+00:00,13.8901,soccer.total_goals,period=ft,over,total=1.75,1.45
2026-09-29T00:01:06.592976+02:00,36540589,Segunda Division,Paraguay,Guairena FC,Club Fernando de La Mora,2026-09-28T22:15:00+00:00,13.8901,soccer.total_goals,period=ft,under,total=1.75,2.45
2026-09-29T00:01:06.592976+02:00,36540589,Segunda Division,Paraguay,Guairena FC,Club Fernando de La Mora,2026-09-28T22:15:00+00:00,13.8901,soccer.total_goals,period=ft,over,total=2,1.6
2026-09-29T00:01:06.592976+02:00,36540589,Segunda Division,Paraguay,Guairena FC,Club Fernando de La Mora,2026-09-28T22:15:00+00:00,13.8901,soccer.total_goals,period=ft,under,total=2,2.15
2026-09-29T00:01:06.592976+02:00,36540589,Segunda Division,Paraguay,Guairena FC,Club Fernando de La Mora,2026-09-28T22:15:00+00:00,13.8901,soccer.total_goals,period=ft,over,total=2.5,2.1
2026-09-29T00:01:06.592976+02:00,36540589,Segunda Division,Paraguay,Guairena FC,Club Fernando de La Mora,2026-09-28T22:15:00+00:00,13.8901,soccer.total_goals,period=ft,under,total=2.5,1.63
2026-09-29T00:01:06.592976+02:00,36540589,Segunda Division,Paraguay,Guairena FC,Club Fernando de La Mora,2026-09-28T22:15:00+00:00,13.8901,soccer.total_goals,period=ft,over,total=2.75,2.4
2026-09-29T00:01:06.592976+02:00,36540589,Segunda Division,Paraguay,Guairena FC,Club Fernando de La Mora,2026-09-28T22:15:00+00:00,13.8901,soccer.total_goals,period=ft,under,total=2.75,1.47
2026-09-29T00:01:06.592976+02:00,36540589,Segunda Division,Paraguay,Guairena FC,Club Fernando de La Mora,2026-09-28T22:15:00+00:00,13.8901,soccer.total_goals,period=ft,over,total=3,2.9
2026-09-29T00:01:06.592976+02:00,36540589,Segunda Division,Paraguay,Guairena FC,Club Fernando de La Mora,2026-09-28T22:15:00+00:00,13.8901,soccer.total_goals,period=ft,under,total=3,1.3
2026-09-29T00:01:06.592976+02:00,36540575,Torneo Regional Federal Amateur,Argentina,FC San Nicolas (Aruba),Racing Club Pergamino,2026-09-28T23:00:00+00:00,58.8901,soccer.asian_handicap,period=ft,home,handicap=0,1.86
2026-09-29T00:01:06.592976+02:00,36540575,Torneo Regional Federal Amateur,Argentina,FC San Nicolas (Aruba),Racing Club Pergamino,2026-09-28T23:00:00+00:00,58.8901,soccer.asian_handicap,period=ft,away,handicap=0,1.76
2026-09-29T00:01:06.592976+02:00,36540575,Torneo Regional Federal Amateur,Argentina,FC San Nicolas (Aruba),Racing Club Pergamino,2026-09-28T23:00:00+00:00,58.8901,soccer.asian_handicap,period=ft,home,handicap=-0.75,2.95
2026-09-29T00:01:06.592976+02:00,36540575,Torneo Regional Federal Amateur,Argentina,FC San Nicolas (Aruba),Racing Club Pergamino,2026-09-28T23:00:00+00:00,58.8901,soccer.asian_handicap,period=ft,away,handicap=-0.75,1.26
2026-09-29T00:01:06.592976+02:00,36540575,Torneo Regional Federal Amateur,Argentina,FC San Nicolas (Aruba),Racing Club Pergamino,2026-09-28T23:00:00+00:00,58.8901,soccer.asian_handicap,period=ft,home,handicap=-0.5,2.45
2026-09-29T00:01:06.592976+02:00,36540575,Torneo Regional Federal Amateur,Argentina,FC San Nicolas (Aruba),Racing Club Pergamino,2026-09-28T23:00:00+00:00,58.8901,soccer.asian_handicap,period=ft,away,handicap=-0.5,1.39
2026-09-29T00:01:06.592976+02:00,36540575,Torneo Regional Federal Amateur,Argentina,FC San Nicolas (Aruba),Racing Club Pergamino,2026-09-28T23:00:00+00:00,58.8901,soccer.asian_handicap,period=ft,home,handicap=-0.25,2.14
2026-09-29T00:01:06.592976+02:00,36540575,Torneo Regional Federal Amateur,Argentina,FC San Nicolas (Aruba),Racing Club Pergamino,2026-09-28T23:00:00+00:00,58.8901,soccer.asian_handicap,period=ft,away,handicap=-0.25,1.52
2026-09-29T00:01:06.592976+02:00,36540575,Torneo Regional Federal Amateur,Argentina,FC San Nicolas (Aruba),Racing Club Pergamino,2026-09-28T23:00:00+00:00,58.8901,soccer.asian_handicap,period=ft,home,handicap=0.25,1.58
2026-09-29T00:01:06.592976+02:00,36540575,Torneo Regional Federal Amateur,Argentina,FC San Nicolas (Aruba),Racing Club Pergamino,2026-09-28T23:00:00+00:00,58.8901,soccer.asian_handicap,period=ft,away,handicap=0.25,2.03
2026-09-29T00:01:06.592976+02:00,36540575,Torneo Regional Federal Amateur,Argentina,FC San Nicolas (Aruba),Racing Club Pergamino,2026-09-28T23:00:00+00:00,58.8901,soccer.asian_handicap,period=ft,home,handicap=0.5,1.44
2026-09-29T00:01:06.592976+02:00,36540575,Torneo Regional Federal Amateur,Argentina,FC San Nicolas (Aruba),Racing Club Pergamino,2026-09-28T23:00:00+00:00,58.8901,soccer.asian_handicap,period=ft,away,handicap=0.5,2.3
2026-09-29T00:01:06.592976+02:00,36540575,Torneo Regional Federal Amateur,Argentina,FC San Nicolas (Aruba),Racing Club Pergamino,2026-09-28T23:00:00+00:00,58.8901,soccer.asian_handicap,period=ft,home,handicap=0.75,1.3
2026-09-29T00:01:06.592976+02:00,36540575,Torneo Regional Federal Amateur,Argentina,FC San Nicolas (Aruba),Racing Club Pergamino,2026-09-28T23:00:00+00:00,58.8901,soccer.asian_handicap,period=ft,away,handicap=0.75,2.75
2026-09-29T00:01:06.592976+02:00,36540575,Torneo Regional Federal Amateur,Argentina,FC San Nicolas (Aruba),Racing Club Pergamino,2026-09-28T23:00:00+00:00,58.8901,soccer.total_goals,period=ft,over,total=2.25,1.72
2026-09-29T00:01:06.592976+02:00,36540575,Torneo Regional Federal Amateur,Argentina,FC San Nicolas (Aruba),Racing Club Pergamino,2026-09-28T23:00:00+00:00,58.8901,soccer.total_goals,period=ft,under,total=2.25,1.92
2026-09-29T00:01:06.592976+02:00,36540575,Torneo Regional Federal Amateur,Argentina,FC San Nicolas (Aruba),Racing Club Pergamino,2026-09-28T23:00:00+00:00,58.8901,soccer.total_goals,period=ft,over,total=1.5,1.26
2026-09-29T00:01:06.592976+02:00,36540575,Torneo Regional Federal Amateur,Argentina,FC San Nicolas (Aruba),Racing Club Pergamino,2026-09-28T23:00:00+00:00,58.8901,soccer.total_goals,period=ft,under,total=1.5,2.95
2026-09-29T00:01:06.592976+02:00,36540575,Torneo Regional Federal Amateur,Argentina,FC San Nicolas (Aruba),Racing Club Pergamino,2026-09-28T23:00:00+00:00,58.8901,soccer.total_goals,period=ft,over,total=1.75,1.34
2026-09-29T00:01:06.592976+02:00,36540575,Torneo Regional Federal Amateur,Argentina,FC San Nicolas (Aruba),Racing Club Pergamino,2026-09-28T23:00:00+00:00,58.8901,soccer.total_goals,period=ft,under,total=1.75,2.6
2026-09-29T00:01:06.592976+02:00,36540575,Torneo Regional Federal Amateur,Argentina,FC San Nicolas (Aruba),Racing Club Pergamino,2026-09-28T23:00:00+00:00,58.8901,soccer.total_goals,period=ft,over,total=2,1.45
2026-09-29T00:01:06.592976+02:00,36540575,Torneo Regional Federal Amateur,Argentina,FC San Nicolas (Aruba),Racing Club Pergamino,2026-09-28T23:00:00+00:00,58.8901,soccer.total_goals,period=ft,under,total=2,2.25
2026-09-29T00:01:06.592976+02:00,36540575,Torneo Regional Federal Amateur,Argentina,FC San Nicolas (Aruba),Racing Club Pergamino,2026-09-28T23:00:00+00:00,58.8901,soccer.total_goals,period=ft,over,total=2.5,1.92
2026-09-29T00:01:06.592976+02:00,36540575,Torneo Regional Federal Amateur,Argentina,FC San Nicolas (Aruba),Racing Club Pergamino,2026-09-28T23:00:00+00:00,58.8901,soccer.total_goals,period=ft,under,total=2.5,1.66
2026-09-29T00:01:06.592976+02:00,36540575,Torneo Regional Federal Amateur,Argentina,FC San Nicolas (Aruba),Racing Club Pergamino,2026-09-28T23:00:00+00:00,58.8901,soccer.total_goals,period=ft,over,total=2.75,2.19
2026-09-29T00:01:06.592976+02:00,36540575,Torneo Regional Federal Amateur,Argentina,FC San Nicolas (Aruba),Racing Club Pergamino,2026-09-28T23:00:00+00:00,58.8901,soccer.total_goals,period=ft,under,total=2.75,1.5
2026-09-29T00:01:06.592976+02:00,36540575,Torneo Regional Federal Amateur,Argentina,FC San Nicolas (Aruba),Racing Club Pergamino,2026-09-28T23:00:00+00:00,58.8901,soccer.total_goals,period=ft,over,total=3,2.65
2026-09-29T00:01:06.592976+02:00,36540575,Torneo Regional Federal Amateur,Argentina,FC San Nicolas (Aruba),Racing Club Pergamino,2026-09-28T23:00:00+00:00,58.8901,soccer.total_goals,period=ft,under,total=3,1.33
2026-09-29T00:01:06.592976+02:00,36540574,Torneo Regional Federal Amateur,Argentina,Parana FC,CA Baradero,2026-09-28T23:00:00+00:00,58.8901,soccer.asian_handicap,period=ft,home,handicap=0,1.88
2026-09-29T00:01:06.592976+02:00,36540574,Torneo Regional Federal Amateur,Argentina,Parana FC,CA Baradero,2026-09-28T23:00:00+00:00,58.8901,soccer.asian_handicap,period=ft,away,handicap=0,1.82
2026-09-29T00:01:06.592976+02:00,36540574,Torneo Regional Federal Amateur,Argentina,Parana FC,CA Baradero,2026-09-28T23:00:00+00:00,58.8901,soccer.asian_handicap,period=ft,home,handicap=-0.75,3.0
2026-09-29T00:01:06.592976+02:00,36540574,Torneo Regional Federal Amateur,Argentina,Parana FC,CA Baradero,2026-09-28T23:00:00+00:00,58.8901,soccer.asian_handicap,period=ft,away,handicap=-0.75,1.3
2026-09-29T00:01:06.592976+02:00,36540574,Torneo Regional Federal Amateur,Argentina,Parana FC,CA Baradero,2026-09-28T23:00:00+00:00,58.8901,soccer.asian_handicap,period=ft,home,handicap=-0.5,2.5
2026-09-29T00:01:06.592976+02:00,36540574,Torneo Regional Federal Amateur,Argentina,Parana FC,CA Baradero,2026-09-28T23:00:00+00:00,58.8901,soccer.asian_handicap,period=ft,away,handicap=-0.5,1.43
2026-09-29T00:01:06.592976+02:00,36540574,Torneo Regional Federal Amateur,Argentina,Parana FC,CA Baradero,2026-09-28T23:00:00+00:00,58.8901,soccer.asian_handicap,period=ft,home,handicap=-0.25,2.2
2026-09-29T00:01:06.592976+02:00,36540574,Torneo Regional Federal Amateur,Argentina,Parana FC,CA Baradero,2026-09-28T23:00:00+00:00,58.8901,soccer.asian_handicap,period=ft,away,handicap=-0.25,1.57
2026-09-29T00:01:06.592976+02:00,36540574,Torneo Regional Federal Amateur,Argentina,Parana FC,CA Baradero,2026-09-28T23:00:00+00:00,58.8901,soccer.asian_handicap,period=ft,home,handicap=0.25,1.6
2026-09-29T00:01:06.592976+02:00,36540574,Torneo Regional Federal Amateur,Argentina,Parana FC,CA Baradero,2026-09-28T23:00:00+00:00,58.8901,soccer.asian_handicap,period=ft,away,handicap=0.25,2.13
2026-09-29T00:01:06.592976+02:00,36540574,Torneo Regional Federal Amateur,Argentina,Parana FC,CA Baradero,2026-09-28T23:00:00+00:00,58.8901,soccer.asian_handicap,period=ft,home,handicap=0.5,1.45
2026-09-29T00:01:06.592976+02:00,36540574,Torneo Regional Federal Amateur,Argentina,Parana FC,CA Baradero,2026-09-28T23:00:00+00:00,58.8901,soccer.asian_handicap,period=ft,away,handicap=0.5,2.4
2026-09-29T00:01:06.592976+02:00,36540574,Torneo Regional Federal Amateur,Argentina,Parana FC,CA Baradero,2026-09-28T23:00:00+00:00,58.8901,soccer.asian_handicap,period=ft,home,handicap=0.75,1.32
2026-09-29T00:01:06.592976+02:00,36540574,Torneo Regional Federal Amateur,Argentina,Parana FC,CA Baradero,2026-09-28T23:00:00+00:00,58.8901,soccer.asian_handicap,period=ft,away,handicap=0.75,2.9
2026-09-29T00:01:06.592976+02:00,36540574,Torneo Regional Federal Amateur,Argentina,Parana FC,CA Baradero,2026-09-28T23:00:00+00:00,58.8901,soccer.total_goals,period=ft,over,total=2.5,1.8
2026-09-29T00:01:06.592976+02:00,36540574,Torneo Regional Federal Amateur,Argentina,Parana FC,CA Baradero,2026-09-28T23:00:00+00:00,58.8901,soccer.total_goals,period=ft,under,total=2.5,1.89
2026-09-29T00:01:06.592976+02:00,36540574,Torneo Regional Federal Amateur,Argentina,Parana FC,CA Baradero,2026-09-28T23:00:00+00:00,58.8901,soccer.total_goals,period=ft,over,total=1.75,1.27
2026-09-29T00:01:06.592976+02:00,36540574,Torneo Regional Federal Amateur,Argentina,Parana FC,CA Baradero,2026-09-28T23:00:00+00:00,58.8901,soccer.total_goals,period=ft,under,total=1.75,3.15
2026-09-29T00:01:06.592976+02:00,36540574,Torneo Regional Federal Amateur,Argentina,Parana FC,CA Baradero,2026-09-28T23:00:00+00:00,58.8901,soccer.total_goals,period=ft,over,total=2,1.35
2026-09-29T00:01:06.592976+02:00,36540574,Torneo Regional Federal Amateur,Argentina,Parana FC,CA Baradero,2026-09-28T23:00:00+00:00,58.8901,soccer.total_goals,period=ft,under,total=2,2.75
2026-09-29T00:01:06.592976+02:00,36540574,Torneo Regional Federal Amateur,Argentina,Parana FC,CA Baradero,2026-09-28T23:00:00+00:00,58.8901,soccer.total_goals,period=ft,over,total=2.25,1.57
2026-09-29T00:01:06.592976+02:00,36540574,Torneo Regional Federal Amateur,Argentina,Parana FC,CA Baradero,2026-09-28T23:00:00+00:00,58.8901,soccer.total_goals,period=ft,under,total=2.25,2.19
2026-09-29T00:01:06.592976+02:00,36540574,Torneo Regional Federal Amateur,Argentina,Parana FC,CA Baradero,2026-09-28T23:00:00+00:00,58.8901,soccer.total_goals,period=ft,over,total=2.75,2.0
2026-09-29T00:01:06.592976+02:00,36540574,Torneo Regional Federal Amateur,Argentina,Parana FC,CA Baradero,2026-09-28T23:00:00+00:00,58.8901,soccer.total_goals,period=ft,under,total=2.75,1.69
2026-09-29T00:01:06.592976+02:00,36540574,Torneo Regional Federal Amateur,Argentina,Parana FC,CA Baradero,2026-09-28T23:00:00+00:00,58.8901,soccer.total_goals,period=ft,over,total=3,2.3
2026-09-29T00:01:06.592976+02:00,36540574,Torneo Regional Federal Amateur,Argentina,Parana FC,CA Baradero,2026-09-28T23:00:00+00:00,58.8901,soccer.total_goals,period=ft,under,total=3,1.5
2026-09-29T00:01:06.592976+02:00,36540574,Torneo Regional Federal Amateur,Argentina,Parana FC,CA Baradero,2026-09-28T23:00:00+00:00,58.8901,soccer.total_goals,period=ft,over,total=3.25,2.55
2026-09-29T00:01:06.592976+02:00,36540574,Torneo Regional Federal Amateur,Argentina,Parana FC,CA Baradero,2026-09-28T23:00:00+00:00,58.8901,soccer.total_goals,period=ft,under,total=3.25,1.4
2026-09-29T00:01:06.592976+02:00,36536383,Primera B,Colombia,Deportes Quindio,Bogota FC,2026-09-28T23:00:00+00:00,58.8901,soccer.asian_handicap,period=ft,home,handicap=-0.5,1.93
2026-09-29T00:01:06.592976+02:00,36536383,Primera B,Colombia,Deportes Quindio,Bogota FC,2026-09-28T23:00:00+00:00,58.8901,soccer.asian_handicap,period=ft,away,handicap=-0.5,1.86
2026-09-29T00:01:06.592976+02:00,36536383,Primera B,Colombia,Deportes Quindio,Bogota FC,2026-09-28T23:00:00+00:00,58.8901,soccer.asian_handicap,period=ft,home,handicap=-1.25,3.15
2026-09-29T00:01:06.592976+02:00,36536383,Primera B,Colombia,Deportes Quindio,Bogota FC,2026-09-28T23:00:00+00:00,58.8901,soccer.asian_handicap,period=ft,away,handicap=-1.25,1.32
2026-09-29T00:01:06.592976+02:00,36536383,Primera B,Colombia,Deportes Quindio,Bogota FC,2026-09-28T23:00:00+00:00,58.8901,soccer.asian_handicap,period=ft,home,handicap=-1,2.75
2026-09-29T00:01:06.592976+02:00,36536383,Primera B,Colombia,Deportes Quindio,Bogota FC,2026-09-28T23:00:00+00:00,58.8901,soccer.asian_handicap,period=ft,away,handicap=-1,1.4
2026-09-29T00:01:06.592976+02:00,36536383,Primera B,Colombia,Deportes Quindio,Bogota FC,2026-09-28T23:00:00+00:00,58.8901,soccer.asian_handicap,period=ft,home,handicap=-0.75,2.2
2026-09-29T00:01:06.592976+02:00,36536383,Primera B,Colombia,Deportes Quindio,Bogota FC,2026-09-28T23:00:00+00:00,58.8901,soccer.asian_handicap,period=ft,away,handicap=-0.75,1.63
2026-09-29T00:01:06.592976+02:00,36536383,Primera B,Colombia,Deportes Quindio,Bogota FC,2026-09-28T23:00:00+00:00,58.8901,soccer.asian_handicap,period=ft,home,handicap=-0.25,1.63
2026-09-29T00:01:06.592976+02:00,36536383,Primera B,Colombia,Deportes Quindio,Bogota FC,2026-09-28T23:00:00+00:00,58.8901,soccer.asian_handicap,period=ft,away,handicap=-0.25,2.2
2026-09-29T00:01:06.592976+02:00,36536383,Primera B,Colombia,Deportes Quindio,Bogota FC,2026-09-28T23:00:00+00:00,58.8901,soccer.asian_handicap,period=ft,home,handicap=0,1.34
2026-09-29T00:01:06.592976+02:00,36536383,Primera B,Colombia,Deportes Quindio,Bogota FC,2026-09-28T23:00:00+00:00,58.8901,soccer.asian_handicap,period=ft,away,handicap=0,3.0
2026-09-29T00:01:06.592976+02:00,36536383,Primera B,Colombia,Deportes Quindio,Bogota FC,2026-09-28T23:00:00+00:00,58.8901,soccer.asian_handicap,period=ft,home,handicap=0.25,1.25
2026-09-29T00:01:06.592976+02:00,36536383,Primera B,Colombia,Deportes Quindio,Bogota FC,2026-09-28T23:00:00+00:00,58.8901,soccer.asian_handicap,period=ft,away,handicap=0.25,3.6
2026-09-29T00:01:06.592976+02:00,36536383,Primera B,Colombia,Deportes Quindio,Bogota FC,2026-09-28T23:00:00+00:00,58.8901,soccer.double_chance,period=ft,draw_away,,1.84
2026-09-29T00:01:06.592976+02:00,36536383,Primera B,Colombia,Deportes Quindio,Bogota FC,2026-09-28T23:00:00+00:00,58.8901,soccer.double_chance,period=ft,home_away,,1.36
2026-09-29T00:01:06.592976+02:00,36536383,Primera B,Colombia,Deportes Quindio,Bogota FC,2026-09-28T23:00:00+00:00,58.8901,soccer.double_chance,period=ft,home_draw,,1.2
2026-09-29T00:01:06.592976+02:00,36536383,Primera B,Colombia,Deportes Quindio,Bogota FC,2026-09-28T23:00:00+00:00,58.8901,soccer.match_odds,period=ft,home,,1.92
2026-09-29T00:01:06.592976+02:00,36536383,Primera B,Colombia,Deportes Quindio,Bogota FC,2026-09-28T23:00:00+00:00,58.8901,soccer.match_odds,period=ft,draw,,3.0
2026-09-29T00:01:06.592976+02:00,36536383,Primera B,Colombia,Deportes Quindio,Bogota FC,2026-09-28T23:00:00+00:00,58.8901,soccer.match_odds,period=ft,away,,4.25
2026-09-29T00:01:06.592976+02:00,36536383,Primera B,Colombia,Deportes Quindio,Bogota FC,2026-09-28T23:00:00+00:00,58.8901,soccer.total_goals,period=ft,over,total=2,1.79
2026-09-29T00:01:06.592976+02:00,36536383,Primera B,Colombia,Deportes Quindio,Bogota FC,2026-09-28T23:00:00+00:00,58.8901,soccer.total_goals,period=ft,under,total=2,2.0
2026-09-29T00:01:06.592976+02:00,36536383,Primera B,Colombia,Deportes Quindio,Bogota FC,2026-09-28T23:00:00+00:00,58.8901,soccer.total_goals,period=ft,over,total=1.25,1.27
2026-09-29T00:01:06.592976+02:00,36536383,Primera B,Colombia,Deportes Quindio,Bogota FC,2026-09-28T23:00:00+00:00,58.8901,soccer.total_goals,period=ft,under,total=1.25,3.4
2026-09-29T00:01:06.592976+02:00,36536383,Primera B,Colombia,Deportes Quindio,Bogota FC,2026-09-28T23:00:00+00:00,58.8901,soccer.total_goals,period=ft,over,total=1.5,1.42
2026-09-29T00:01:06.592976+02:00,36536383,Primera B,Colombia,Deportes Quindio,Bogota FC,2026-09-28T23:00:00+00:00,58.8901,soccer.total_goals,period=ft,under,total=1.5,2.65
2026-09-29T00:01:06.592976+02:00,36536383,Primera B,Colombia,Deportes Quindio,Bogota FC,2026-09-28T23:00:00+00:00,58.8901,soccer.total_goals,period=ft,over,total=1.75,1.56
2026-09-29T00:01:06.592976+02:00,36536383,Primera B,Colombia,Deportes Quindio,Bogota FC,2026-09-28T23:00:00+00:00,58.8901,soccer.total_goals,period=ft,under,total=1.75,2.3
2026-09-29T00:01:06.592976+02:00,36536383,Primera B,Colombia,Deportes Quindio,Bogota FC,2026-09-28T23:00:00+00:00,58.8901,soccer.total_goals,period=ft,over,total=2.25,2.09
2026-09-29T00:01:06.592976+02:00,36536383,Primera B,Colombia,Deportes Quindio,Bogota FC,2026-09-28T23:00:00+00:00,58.8901,soccer.total_goals,period=ft,under,total=2.25,1.69
2026-09-29T00:01:06.592976+02:00,36536383,Primera B,Colombia,Deportes Quindio,Bogota FC,2026-09-28T23:00:00+00:00,58.8901,soccer.total_goals,period=ft,over,total=2.5,2.35
2026-09-29T00:01:06.592976+02:00,36536383,Primera B,Colombia,Deportes Quindio,Bogota FC,2026-09-28T23:00:00+00:00,58.8901,soccer.total_goals,period=ft,under,total=2.5,1.51
2026-09-29T00:01:06.592976+02:00,36536383,Primera B,Colombia,Deportes Quindio,Bogota FC,2026-09-28T23:00:00+00:00,58.8901,soccer.total_goals,period=ft,over,total=2.75,2.8
2026-09-29T00:01:06.592976+02:00,36536383,Primera B,Colombia,Deportes Quindio,Bogota FC,2026-09-28T23:00:00+00:00,58.8901,soccer.total_goals,period=ft,under,total=2.75,1.38
2026-09-29T00:01:06.592976+02:00,36445681,"Division de Honor, Apertura",Paraguay,Libertad Asuncion,Club Olimpia,2026-09-28T22:15:00+00:00,13.8901,soccer.asian_handicap,period=ft,home,handicap=0,1.92
2026-09-29T00:01:06.592976+02:00,36445681,"Division de Honor, Apertura",Paraguay,Libertad Asuncion,Club Olimpia,2026-09-28T22:15:00+00:00,13.8901,soccer.asian_handicap,period=ft,away,handicap=0,1.88
2026-09-29T00:01:06.592976+02:00,36445681,"Division de Honor, Apertura",Paraguay,Libertad Asuncion,Club Olimpia,2026-09-28T22:15:00+00:00,13.8901,soccer.asian_handicap,period=ft,home,handicap=-1,4.85
2026-09-29T00:01:06.592976+02:00,36445681,"Division de Honor, Apertura",Paraguay,Libertad Asuncion,Club Olimpia,2026-09-28T22:15:00+00:00,13.8901,soccer.asian_handicap,period=ft,away,handicap=-1,1.17
2026-09-29T00:01:06.592976+02:00,36445681,"Division de Honor, Apertura",Paraguay,Libertad Asuncion,Club Olimpia,2026-09-28T22:15:00+00:00,13.8901,soccer.asian_handicap,period=ft,home,handicap=-0.75,3.35
2026-09-29T00:01:06.592976+02:00,36445681,"Division de Honor, Apertura",Paraguay,Libertad Asuncion,Club Olimpia,2026-09-28T22:15:00+00:00,13.8901,soccer.asian_handicap,period=ft,away,handicap=-0.75,1.3
2026-09-29T00:01:06.592976+02:00,36445681,"Division de Honor, Apertura",Paraguay,Libertad Asuncion,Club Olimpia,2026-09-28T22:15:00+00:00,13.8901,soccer.asian_handicap,period=ft,home,handicap=-0.5,2.7
2026-09-29T00:01:06.592976+02:00,36445681,"Division de Honor, Apertura",Paraguay,Libertad Asuncion,Club Olimpia,2026-09-28T22:15:00+00:00,13.8901,soccer.asian_handicap,period=ft,away,handicap=-0.5,1.44
2026-09-29T00:01:06.592976+02:00,36445681,"Division de Honor, Apertura",Paraguay,Libertad Asuncion,Club Olimpia,2026-09-28T22:15:00+00:00,13.8901,soccer.asian_handicap,period=ft,home,handicap=-0.25,2.3
2026-09-29T00:01:06.592976+02:00,36445681,"Division de Honor, Apertura",Paraguay,Libertad Asuncion,Club Olimpia,2026-09-28T22:15:00+00:00,13.8901,soccer.asian_handicap,period=ft,away,handicap=-0.25,1.59
2026-09-29T00:01:06.592976+02:00,36445681,"Division de Honor, Apertura",Paraguay,Libertad Asuncion,Club Olimpia,2026-09-28T22:15:00+00:00,13.8901,soccer.asian_handicap,period=ft,home,handicap=0.25,1.62
2026-09-29T00:01:06.592976+02:00,36445681,"Division de Honor, Apertura",Paraguay,Libertad Asuncion,Club Olimpia,2026-09-28T22:15:00+00:00,13.8901,soccer.asian_handicap,period=ft,away,handicap=0.25,2.25
2026-09-29T00:01:06.592976+02:00,36445681,"Division de Honor, Apertura",Paraguay,Libertad Asuncion,Club Olimpia,2026-09-28T22:15:00+00:00,13.8901,soccer.asian_handicap,period=ft,home,handicap=0.5,1.46
2026-09-29T00:01:06.592976+02:00,36445681,"Division de Honor, Apertura",Paraguay,Libertad Asuncion,Club Olimpia,2026-09-28T22:15:00+00:00,13.8901,soccer.asian_handicap,period=ft,away,handicap=0.5,2.65
2026-09-29T00:01:06.592976+02:00,36445681,"Division de Honor, Apertura",Paraguay,Libertad Asuncion,Club Olimpia,2026-09-28T22:15:00+00:00,13.8901,soccer.asian_handicap,period=ft,home,handicap=0.75,1.32
2026-09-29T00:01:06.592976+02:00,36445681,"Division de Honor, Apertura",Paraguay,Libertad Asuncion,Club Olimpia,2026-09-28T22:15:00+00:00,13.8901,soccer.asian_handicap,period=ft,away,handicap=0.75,3.25
2026-09-29T00:01:06.592976+02:00,36445681,"Division de Honor, Apertura",Paraguay,Libertad Asuncion,Club Olimpia,2026-09-28T22:15:00+00:00,13.8901,soccer.asian_handicap,period=ft,home,handicap=1,1.19
2026-09-29T00:01:06.592976+02:00,36445681,"Division de Honor, Apertura",Paraguay,Libertad Asuncion,Club Olimpia,2026-09-28T22:15:00+00:00,13.8901,soccer.asian_handicap,period=ft,away,handicap=1,4.55
2026-09-29T00:01:06.592976+02:00,36445681,"Division de Honor, Apertura",Paraguay,Libertad Asuncion,Club Olimpia,2026-09-28T22:15:00+00:00,13.8901,soccer.double_chance,period=ft,draw_away,,1.43
2026-09-29T00:01:06.592976+02:00,36445681,"Division de Honor, Apertura",Paraguay,Libertad Asuncion,Club Olimpia,2026-09-28T22:15:00+00:00,13.8901,soccer.double_chance,period=ft,home_away,,1.35
2026-09-29T00:01:06.592976+02:00,36445681,"Division de Honor, Apertura",Paraguay,Libertad Asuncion,Club Olimpia,2026-09-28T22:15:00+00:00,13.8901,soccer.double_chance,period=ft,home_draw,,1.45
2026-09-29T00:01:06.592976+02:00,36445681,"Division de Honor, Apertura",Paraguay,Libertad Asuncion,Club Olimpia,2026-09-28T22:15:00+00:00,13.8901,soccer.match_odds,period=ft,home,,2.7
2026-09-29T00:01:06.592976+02:00,36445681,"Division de Honor, Apertura",Paraguay,Libertad Asuncion,Club Olimpia,2026-09-28T22:15:00+00:00,13.8901,soccer.match_odds,period=ft,draw,,3.05
2026-09-29T00:01:06.592976+02:00,36445681,"Division de Honor, Apertura",Paraguay,Libertad Asuncion,Club Olimpia,2026-09-28T22:15:00+00:00,13.8901,soccer.match_odds,period=ft,away,,2.65
2026-09-29T00:01:06.592976+02:00,36445681,"Division de Honor, Apertura",Paraguay,Libertad Asuncion,Club Olimpia,2026-09-28T22:15:00+00:00,13.8901,soccer.total_goals,period=ft,over,total=2.5,2.01
2026-09-29T00:01:06.592976+02:00,36445681,"Division de Honor, Apertura",Paraguay,Libertad Asuncion,Club Olimpia,2026-09-28T22:15:00+00:00,13.8901,soccer.total_goals,period=ft,under,total=2.5,1.8
2026-09-29T00:01:06.592976+02:00,36445681,"Division de Honor, Apertura",Paraguay,Libertad Asuncion,Club Olimpia,2026-09-28T22:15:00+00:00,13.8901,soccer.total_goals,period=ft,over,total=1.5,1.29
2026-09-29T00:01:06.592976+02:00,36445681,"Division de Honor, Apertura",Paraguay,Libertad Asuncion,Club Olimpia,2026-09-28T22:15:00+00:00,13.8901,soccer.total_goals,period=ft,under,total=1.5,3.4
2026-09-29T00:01:06.592976+02:00,36445681,"Division de Honor, Apertura",Paraguay,Libertad Asuncion,Club Olimpia,2026-09-28T22:15:00+00:00,13.8901,soccer.total_goals,period=ft,over,total=2,1.48
2026-09-29T00:01:06.592976+02:00,36445681,"Division de Honor, Apertura",Paraguay,Libertad Asuncion,Club Olimpia,2026-09-28T22:15:00+00:00,13.8901,soccer.total_goals,period=ft,under,total=2,2.55
2026-09-29T00:01:06.592976+02:00,36445681,"Division de Honor, Apertura",Paraguay,Libertad Asuncion,Club Olimpia,2026-09-28T22:15:00+00:00,13.8901,soccer.total_goals,period=ft,over,total=2.25,1.74
2026-09-29T00:01:06.592976+02:00,36445681,"Division de Honor, Apertura",Paraguay,Libertad Asuncion,Club Olimpia,2026-09-28T22:15:00+00:00,13.8901,soccer.total_goals,period=ft,under,total=2.25,2.05
2026-09-29T00:01:06.592976+02:00,36445681,"Division de Honor, Apertura",Paraguay,Libertad Asuncion,Club Olimpia,2026-09-28T22:15:00+00:00,13.8901,soccer.total_goals,period=ft,over,total=2.75,2.25
2026-09-29T00:01:06.592976+02:00,36445681,"Division de Honor, Apertura",Paraguay,Libertad Asuncion,Club Olimpia,2026-09-28T22:15:00+00:00,13.8901,soccer.total_goals,period=ft,under,total=2.75,1.61
2026-09-29T00:01:06.592976+02:00,36445681,"Division de Honor, Apertura",Paraguay,Libertad Asuncion,Club Olimpia,2026-09-28T22:15:00+00:00,13.8901,soccer.total_goals,period=ft,over,total=3,2.75
2026-09-29T00:01:06.592976+02:00,36445681,"Division de Honor, Apertura",Paraguay,Libertad Asuncion,Club Olimpia,2026-09-28T22:15:00+00:00,13.8901,soccer.total_goals,period=ft,under,total=3,1.43
2026-09-29T00:01:06.592976+02:00,36445681,"Division de Honor, Apertura",Paraguay,Libertad Asuncion,Club Olimpia,2026-09-28T22:15:00+00:00,13.8901,soccer.total_goals,period=ft,over,total=3.5,3.35
2026-09-29T00:01:06.592976+02:00,36445681,"Division de Honor, Apertura",Paraguay,Libertad Asuncion,Club Olimpia,2026-09-28T22:15:00+00:00,13.8901,soccer.total_goals,period=ft,under,total=3.5,1.29
2026-09-29T00:01:06.592976+02:00,36445681,"Division de Honor, Apertura",Paraguay,Libertad Asuncion,Club Olimpia,2026-09-28T22:15:00+00:00,13.8901,soccer.total_goals,period=ft,over,total=4.5,6.65
2026-09-29T00:01:06.592976+02:00,36445681,"Division de Honor, Apertura",Paraguay,Libertad Asuncion,Club Olimpia,2026-09-28T22:15:00+00:00,13.8901,soccer.total_goals,period=ft,under,total=4.5,1.09
2026-09-29T00:02:23.993516+02:00,36540589,Segunda Division,Paraguay,Guairena FC,Club Fernando de La Mora,2026-09-28T22:15:00+00:00,12.6001,soccer.asian_handicap,period=ft,home,handicap=-0.5,0.0
2026-09-29T00:02:23.993516+02:00,36540589,Segunda Division,Paraguay,Guairena FC,Club Fernando de La Mora,2026-09-28T22:15:00+00:00,12.6001,soccer.asian_handicap,period=ft,away,handicap=-0.5,0.0
2026-09-29T00:02:23.993516+02:00,36540589,Segunda Division,Paraguay,Guairena FC,Club Fernando de La Mora,2026-09-28T22:15:00+00:00,12.6001,soccer.asian_handicap,period=ft,home,handicap=-0.25,2.3
2026-09-29T00:02:23.993516+02:00,36540589,Segunda Division,Paraguay,Guairena FC,Club Fernando de La Mora,2026-09-28T22:15:00+00:00,12.6001,soccer.asian_handicap,period=ft,away,handicap=-0.25,1.51
2026-09-29T00:02:23.993516+02:00,36540589,Segunda Division,Paraguay,Guairena FC,Club Fernando de La Mora,2026-09-28T22:15:00+00:00,12.6001,soccer.asian_handicap,period=ft,home,handicap=0,1.95
2026-09-29T00:02:23.993516+02:00,36540589,Segunda Division,Paraguay,Guairena FC,Club Fernando de La Mora,2026-09-28T22:15:00+00:00,12.6001,soccer.asian_handicap,period=ft,away,handicap=0,1.75
2026-09-29T00:02:23.993516+02:00,36540589,Segunda Division,Paraguay,Guairena FC,Club Fernando de La Mora,2026-09-28T22:15:00+00:00,12.6001,soccer.asian_handicap,period=ft,home,handicap=0.25,1.63
2026-09-29T00:02:23.993516+02:00,36540589,Segunda Division,Paraguay,Guairena FC,Club Fernando de La Mora,2026-09-28T22:15:00+00:00,12.6001,soccer.asian_handicap,period=ft,away,handicap=0.25,2.11
2026-09-29T00:02:23.993516+02:00,36540589,Segunda Division,Paraguay,Guairena FC,Club Fernando de La Mora,2026-09-28T22:15:00+00:00,12.6001,soccer.asian_handicap,period=ft,home,handicap=0.5,0.0
2026-09-29T00:02:23.993516+02:00,36540589,Segunda Division,Paraguay,Guairena FC,Club Fernando de La Mora,2026-09-28T22:15:00+00:00,12.6001,soccer.asian_handicap,period=ft,away,handicap=0.5,0.0
2026-09-29T00:02:23.993516+02:00,36540589,Segunda Division,Paraguay,Guairena FC,Club Fernando de La Mora,2026-09-28T22:15:00+00:00,12.6001,soccer.double_chance,period=ft,draw_away,,1.37
2026-09-29T00:02:23.993516+02:00,36540589,Segunda Division,Paraguay,Guairena FC,Club Fernando de La Mora,2026-09-28T22:15:00+00:00,12.6001,soccer.double_chance,period=ft,home_away,,1.32
2026-09-29T00:02:23.993516+02:00,36540589,Segunda Division,Paraguay,Guairena FC,Club Fernando de La Mora,2026-09-28T22:15:00+00:00,12.6001,soccer.double_chance,period=ft,home_draw,,1.44
2026-09-29T00:02:23.993516+02:00,36540589,Segunda Division,Paraguay,Guairena FC,Club Fernando de La Mora,2026-09-28T22:15:00+00:00,12.6001,soccer.match_odds,period=ft,home,,2.7
2026-09-29T00:02:23.993516+02:00,36540589,Segunda Division,Paraguay,Guairena FC,Club Fernando de La Mora,2026-09-28T22:15:00+00:00,12.6001,soccer.match_odds,period=ft,draw,,2.8
2026-09-29T00:02:23.993516+02:00,36540589,Segunda Division,Paraguay,Guairena FC,Club Fernando de La Mora,2026-09-28T22:15:00+00:00,12.6001,soccer.match_odds,period=ft,away,,2.45
2026-09-29T00:02:23.993516+02:00,36540589,Segunda Division,Paraguay,Guairena FC,Club Fernando de La Mora,2026-09-28T22:15:00+00:00,12.6001,soccer.total_goals,period=ft,over,total=2.25,1.86
2026-09-29T00:02:23.993516+02:00,36540589,Segunda Division,Paraguay,Guairena FC,Club Fernando de La Mora,2026-09-28T22:15:00+00:00,12.6001,soccer.total_goals,period=ft,under,total=2.25,1.82
2026-09-29T00:02:23.993516+02:00,36540589,Segunda Division,Paraguay,Guairena FC,Club Fernando de La Mora,2026-09-28T22:15:00+00:00,12.6001,soccer.total_goals,period=ft,over,total=1.5,1.35
2026-09-29T00:02:23.993516+02:00,36540589,Segunda Division,Paraguay,Guairena FC,Club Fernando de La Mora,2026-09-28T22:15:00+00:00,12.6001,soccer.total_goals,period=ft,under,total=1.5,2.7
2026-09-29T00:02:23.993516+02:00,36540589,Segunda Division,Paraguay,Guairena FC,Club Fernando de La Mora,2026-09-28T22:15:00+00:00,12.6001,soccer.total_goals,period=ft,over,total=1.75,1.45
2026-09-29T00:02:23.993516+02:00,36540589,Segunda Division,Paraguay,Guairena FC,Club Fernando de La Mora,2026-09-28T22:15:00+00:00,12.6001,soccer.total_goals,period=ft,under,total=1.75,2.45
2026-09-29T00:02:23.993516+02:00,36540589,Segunda Division,Paraguay,Guairena FC,Club Fernando de La Mora,2026-09-28T22:15:00+00:00,12.6001,soccer.total_goals,period=ft,over,total=2,1.6
2026-09-29T00:02:23.993516+02:00,36540589,Segunda Division,Paraguay,Guairena FC,Club Fernando de La Mora,2026-09-28T22:15:00+00:00,12.6001,soccer.total_goals,period=ft,under,total=2,2.15
2026-09-29T00:02:23.993516+02:00,36540589,Segunda Division,Paraguay,Guairena FC,Club Fernando de La Mora,2026-09-28T22:15:00+00:00,12.6001,soccer.total_goals,period=ft,over,total=2.5,2.1
2026-09-29T00:02:23.993516+02:00,36540589,Segunda Division,Paraguay,Guairena FC,Club Fernando de La Mora,2026-09-28T22:15:00+00:00,12.6001,soccer.total_goals,period=ft,under,total=2.5,1.63
2026-09-29T00:02:23.993516+02:00,36540589,Segunda Division,Paraguay,Guairena FC,Club Fernando de La Mora,2026-09-28T22:15:00+00:00,12.6001,soccer.total_goals,period=ft,over,total=2.75,2.4
2026-09-29T00:02:23.993516+02:00,36540589,Segunda Division,Paraguay,Guairena FC,Club Fernando de La Mora,2026-09-28T22:15:00+00:00,12.6001,soccer.total_goals,period=ft,under,total=2.75,1.47
2026-09-29T00:02:23.993516+02:00,36540589,Segunda Division,Paraguay,Guairena FC,Club Fernando de La Mora,2026-09-28T22:15:00+00:00,12.6001,soccer.total_goals,period=ft,over,total=3,2.9
2026-09-29T00:02:23.993516+02:00,36540589,Segunda Division,Paraguay,Guairena FC,Club Fernando de La Mora,2026-09-28T22:15:00+00:00,12.6001,soccer.total_goals,period=ft,under,total=3,1.3
2026-09-29T00:02:23.993516+02:00,36540575,Torneo Regional Federal Amateur,Argentina,FC San Nicolas (Aruba),Racing Club Pergamino,2026-09-28T23:00:00+00:00,57.6001,soccer.asian_handicap,period=ft,home,handicap=0,1.86
2026-09-29T00:02:23.993516+02:00,36540575,Torneo Regional Federal Amateur,Argentina,FC San Nicolas (Aruba),Racing Club Pergamino,2026-09-28T23:00:00+00:00,57.6001,soccer.asian_handicap,period=ft,away,handicap=0,1.76
2026-09-29T00:02:23.993516+02:00,36540575,Torneo Regional Federal Amateur,Argentina,FC San Nicolas (Aruba),Racing Club Pergamino,2026-09-28T23:00:00+00:00,57.6001,soccer.asian_handicap,period=ft,home,handicap=-0.75,2.95
2026-09-29T00:02:23.993516+02:00,36540575,Torneo Regional Federal Amateur,Argentina,FC San Nicolas (Aruba),Racing Club Pergamino,2026-09-28T23:00:00+00:00,57.6001,soccer.asian_handicap,period=ft,away,handicap=-0.75,1.26
2026-09-29T00:02:23.993516+02:00,36540575,Torneo Regional Federal Amateur,Argentina,FC San Nicolas (Aruba),Racing Club Pergamino,2026-09-28T23:00:00+00:00,57.6001,soccer.asian_handicap,period=ft,home,handicap=-0.5,2.45
2026-09-29T00:02:23.993516+02:00,36540575,Torneo Regional Federal Amateur,Argentina,FC San Nicolas (Aruba),Racing Club Pergamino,2026-09-28T23:00:00+00:00,57.6001,soccer.asian_handicap,period=ft,away,handicap=-0.5,1.39
2026-09-29T00:02:23.993516+02:00,36540575,Torneo Regional Federal Amateur,Argentina,FC San Nicolas (Aruba),Racing Club Pergamino,2026-09-28T23:00:00+00:00,57.6001,soccer.asian_handicap,period=ft,home,handicap=-0.25,2.14
2026-09-29T00:02:23.993516+02:00,36540575,Torneo Regional Federal Amateur,Argentina,FC San Nicolas (Aruba),Racing Club Pergamino,2026-09-28T23:00:00+00:00,57.6001,soccer.asian_handicap,period=ft,away,handicap=-0.25,1.52
2026-09-29T00:02:23.993516+02:00,36540575,Torneo Regional Federal Amateur,Argentina,FC San Nicolas (Aruba),Racing Club Pergamino,2026-09-28T23:00:00+00:00,57.6001,soccer.asian_handicap,period=ft,home,handicap=0.25,1.58
2026-09-29T00:02:23.993516+02:00,36540575,Torneo Regional Federal Amateur,Argentina,FC San Nicolas (Aruba),Racing Club Pergamino,2026-09-28T23:00:00+00:00,57.6001,soccer.asian_handicap,period=ft,away,handicap=0.25,2.03
2026-09-29T00:02:23.993516+02:00,36540575,Torneo Regional Federal Amateur,Argentina,FC San Nicolas (Aruba),Racing Club Pergamino,2026-09-28T23:00:00+00:00,57.6001,soccer.asian_handicap,period=ft,home,handicap=0.5,1.44
2026-09-29T00:02:23.993516+02:00,36540575,Torneo Regional Federal Amateur,Argentina,FC San Nicolas (Aruba),Racing Club Pergamino,2026-09-28T23:00:00+00:00,57.6001,soccer.asian_handicap,period=ft,away,handicap=0.5,2.3
2026-09-29T00:02:23.993516+02:00,36540575,Torneo Regional Federal Amateur,Argentina,FC San Nicolas (Aruba),Racing Club Pergamino,2026-09-28T23:00:00+00:00,57.6001,soccer.asian_handicap,period=ft,home,handicap=0.75,1.3
2026-09-29T00:02:23.993516+02:00,36540575,Torneo Regional Federal Amateur,Argentina,FC San Nicolas (Aruba),Racing Club Pergamino,2026-09-28T23:00:00+00:00,57.6001,soccer.asian_handicap,period=ft,away,handicap=0.75,2.75
2026-09-29T00:02:23.993516+02:00,36540575,Torneo Regional Federal Amateur,Argentina,FC San Nicolas (Aruba),Racing Club Pergamino,2026-09-28T23:00:00+00:00,57.6001,soccer.total_goals,period=ft,over,total=2.25,1.72
2026-09-29T00:02:23.993516+02:00,36540575,Torneo Regional Federal Amateur,Argentina,FC San Nicolas (Aruba),Racing Club Pergamino,2026-09-28T23:00:00+00:00,57.6001,soccer.total_goals,period=ft,under,total=2.25,1.92
2026-09-29T00:02:23.993516+02:00,36540575,Torneo Regional Federal Amateur,Argentina,FC San Nicolas (Aruba),Racing Club Pergamino,2026-09-28T23:00:00+00:00,57.6001,soccer.total_goals,period=ft,over,total=1.5,1.26
2026-09-29T00:02:23.993516+02:00,36540575,Torneo Regional Federal Amateur,Argentina,FC San Nicolas (Aruba),Racing Club Pergamino,2026-09-28T23:00:00+00:00,57.6001,soccer.total_goals,period=ft,under,total=1.5,2.95
2026-09-29T00:02:23.993516+02:00,36540575,Torneo Regional Federal Amateur,Argentina,FC San Nicolas (Aruba),Racing Club Pergamino,2026-09-28T23:00:00+00:00,57.6001,soccer.total_goals,period=ft,over,total=1.75,1.34
2026-09-29T00:02:23.993516+02:00,36540575,Torneo Regional Federal Amateur,Argentina,FC San Nicolas (Aruba),Racing Club Pergamino,2026-09-28T23:00:00+00:00,57.6001,soccer.total_goals,period=ft,under,total=1.75,2.6
2026-09-29T00:02:23.993516+02:00,36540575,Torneo Regional Federal Amateur,Argentina,FC San Nicolas (Aruba),Racing Club Pergamino,2026-09-28T23:00:00+00:00,57.6001,soccer.total_goals,period=ft,over,total=2,1.45
2026-09-29T00:02:23.993516+02:00,36540575,Torneo Regional Federal Amateur,Argentina,FC San Nicolas (Aruba),Racing Club Pergamino,2026-09-28T23:00:00+00:00,57.6001,soccer.total_goals,period=ft,under,total=2,2.25
2026-09-29T00:02:23.993516+02:00,36540575,Torneo Regional Federal Amateur,Argentina,FC San Nicolas (Aruba),Racing Club Pergamino,2026-09-28T23:00:00+00:00,57.6001,soccer.total_goals,period=ft,over,total=2.5,1.92
2026-09-29T00:02:23.993516+02:00,36540575,Torneo Regional Federal Amateur,Argentina,FC San Nicolas (Aruba),Racing Club Pergamino,2026-09-28T23:00:00+00:00,57.6001,soccer.total_goals,period=ft,under,total=2.5,1.66
2026-09-29T00:02:23.993516+02:00,36540575,Torneo Regional Federal Amateur,Argentina,FC San Nicolas (Aruba),Racing Club Pergamino,2026-09-28T23:00:00+00:00,57.6001,soccer.total_goals,period=ft,over,total=2.75,2.19
2026-09-29T00:02:23.993516+02:00,36540575,Torneo Regional Federal Amateur,Argentina,FC San Nicolas (Aruba),Racing Club Pergamino,2026-09-28T23:00:00+00:00,57.6001,soccer.total_goals,period=ft,under,total=2.75,1.5
2026-09-29T00:02:23.993516+02:00,36540575,Torneo Regional Federal Amateur,Argentina,FC San Nicolas (Aruba),Racing Club Pergamino,2026-09-28T23:00:00+00:00,57.6001,soccer.total_goals,period=ft,over,total=3,2.65
2026-09-29T00:02:23.993516+02:00,36540575,Torneo Regional Federal Amateur,Argentina,FC San Nicolas (Aruba),Racing Club Pergamino,2026-09-28T23:00:00+00:00,57.6001,soccer.total_goals,period=ft,under,total=3,1.33
2026-09-29T00:02:23.993516+02:00,36540574,Torneo Regional Federal Amateur,Argentina,Parana FC,CA Baradero,2026-09-28T23:00:00+00:00,57.6001,soccer.asian_handicap,period=ft,home,handicap=0,1.88
2026-09-29T00:02:23.993516+02:00,36540574,Torneo Regional Federal Amateur,Argentina,Parana FC,CA Baradero,2026-09-28T23:00:00+00:00,57.6001,soccer.asian_handicap,period=ft,away,handicap=0,1.82
2026-09-29T00:02:23.993516+02:00,36540574,Torneo Regional Federal Amateur,Argentina,Parana FC,CA Baradero,2026-09-28T23:00:00+00:00,57.6001,soccer.asian_handicap,period=ft,home,handicap=-0.75,3.0
2026-09-29T00:02:23.993516+02:00,36540574,Torneo Regional Federal Amateur,Argentina,Parana FC,CA Baradero,2026-09-28T23:00:00+00:00,57.6001,soccer.asian_handicap,period=ft,away,handicap=-0.75,1.3
2026-09-29T00:02:23.993516+02:00,36540574,Torneo Regional Federal Amateur,Argentina,Parana FC,CA Baradero,2026-09-28T23:00:00+00:00,57.6001,soccer.asian_handicap,period=ft,home,handicap=-0.5,2.5
2026-09-29T00:02:23.993516+02:00,36540574,Torneo Regional Federal Amateur,Argentina,Parana FC,CA Baradero,2026-09-28T23:00:00+00:00,57.6001,soccer.asian_handicap,period=ft,away,handicap=-0.5,1.43
2026-09-29T00:02:23.993516+02:00,36540574,Torneo Regional Federal Amateur,Argentina,Parana FC,CA Baradero,2026-09-28T23:00:00+00:00,57.6001,soccer.asian_handicap,period=ft,home,handicap=-0.25,2.2
2026-09-29T00:02:23.993516+02:00,36540574,Torneo Regional Federal Amateur,Argentina,Parana FC,CA Baradero,2026-09-28T23:00:00+00:00,57.6001,soccer.asian_handicap,period=ft,away,handicap=-0.25,1.57
2026-09-29T00:02:23.993516+02:00,36540574,Torneo Regional Federal Amateur,Argentina,Parana FC,CA Baradero,2026-09-28T23:00:00+00:00,57.6001,soccer.asian_handicap,period=ft,home,handicap=0.25,1.6
2026-09-29T00:02:23.993516+02:00,36540574,Torneo Regional Federal Amateur,Argentina,Parana FC,CA Baradero,2026-09-28T23:00:00+00:00,57.6001,soccer.asian_handicap,period=ft,away,handicap=0.25,2.13
2026-09-29T00:02:23.993516+02:00,36540574,Torneo Regional Federal Amateur,Argentina,Parana FC,CA Baradero,2026-09-28T23:00:00+00:00,57.6001,soccer.asian_handicap,period=ft,home,handicap=0.5,1.45
2026-09-29T00:02:23.993516+02:00,36540574,Torneo Regional Federal Amateur,Argentina,Parana FC,CA Baradero,2026-09-28T23:00:00+00:00,57.6001,soccer.asian_handicap,period=ft,away,handicap=0.5,2.4
2026-09-29T00:02:23.993516+02:00,36540574,Torneo Regional Federal Amateur,Argentina,Parana FC,CA Baradero,2026-09-28T23:00:00+00:00,57.6001,soccer.asian_handicap,period=ft,home,handicap=0.75,1.32
2026-09-29T00:02:23.993516+02:00,36540574,Torneo Regional Federal Amateur,Argentina,Parana FC,CA Baradero,2026-09-28T23:00:00+00:00,57.6001,soccer.asian_handicap,period=ft,away,handicap=0.75,2.9
2026-09-29T00:02:23.993516+02:00,36540574,Torneo Regional Federal Amateur,Argentina,Parana FC,CA Baradero,2026-09-28T23:00:00+00:00,57.6001,soccer.total_goals,period=ft,over,total=2.5,1.8
2026-09-29T00:02:23.993516+02:00,36540574,Torneo Regional Federal Amateur,Argentina,Parana FC,CA Baradero,2026-09-28T23:00:00+00:00,57.6001,soccer.total_goals,period=ft,under,total=2.5,1.89
2026-09-29T00:02:23.993516+02:00,36540574,Torneo Regional Federal Amateur,Argentina,Parana FC,CA Baradero,2026-09-28T23:00:00+00:00,57.6001,soccer.total_goals,period=ft,over,total=1.75,1.27
2026-09-29T00:02:23.993516+02:00,36540574,Torneo Regional Federal Amateur,Argentina,Parana FC,CA Baradero,2026-09-28T23:00:00+00:00,57.6001,soccer.total_goals,period=ft,under,total=1.75,3.15
2026-09-29T00:02:23.993516+02:00,36540574,Torneo Regional Federal Amateur,Argentina,Parana FC,CA Baradero,2026-09-28T23:00:00+00:00,57.6001,soccer.total_goals,period=ft,over,total=2,1.35
2026-09-29T00:02:23.993516+02:00,36540574,Torneo Regional Federal Amateur,Argentina,Parana FC,CA Baradero,2026-09-28T23:00:00+00:00,57.6001,soccer.total_goals,period=ft,under,total=2,2.75
2026-09-29T00:02:23.993516+02:00,36540574,Torneo Regional Federal Amateur,Argentina,Parana FC,CA Baradero,2026-09-28T23:00:00+00:00,57.6001,soccer.total_goals,period=ft,over,total=2.25,1.57
2026-09-29T00:02:23.993516+02:00,36540574,Torneo Regional Federal Amateur,Argentina,Parana FC,CA Baradero,2026-09-28T23:00:00+00:00,57.6001,soccer.total_goals,period=ft,under,total=2.25,2.19
2026-09-29T00:02:23.993516+02:00,36540574,Torneo Regional Federal Amateur,Argentina,Parana FC,CA Baradero,2026-09-28T23:00:00+00:00,57.6001,soccer.total_goals,period=ft,over,total=2.75,2.0
2026-09-29T00:02:23.993516+02:00,36540574,Torneo Regional Federal Amateur,Argentina,Parana FC,CA Baradero,2026-09-28T23:00:00+00:00,57.6001,soccer.total_goals,period=ft,under,total=2.75,1.69
2026-09-29T00:02:23.993516+02:00,36540574,Torneo Regional Federal Amateur,Argentina,Parana FC,CA Baradero,2026-09-28T23:00:00+00:00,57.6001,soccer.total_goals,period=ft,over,total=3,2.3
2026-09-29T00:02:23.993516+02:00,36540574,Torneo Regional Federal Amateur,Argentina,Parana FC,CA Baradero,2026-09-28T23:00:00+00:00,57.6001,soccer.total_goals,period=ft,under,total=3,1.5
2026-09-29T00:02:23.993516+02:00,36540574,Torneo Regional Federal Amateur,Argentina,Parana FC,CA Baradero,2026-09-28T23:00:00+00:00,57.6001,soccer.total_goals,period=ft,over,total=3.25,2.55
2026-09-29T00:02:23.993516+02:00,36540574,Torneo Regional Federal Amateur,Argentina,Parana FC,CA Baradero,2026-09-28T23:00:00+00:00,57.6001,soccer.total_goals,period=ft,under,total=3.25,1.4
2026-09-29T00:02:23.993516+02:00,36536383,Primera B,Colombia,Deportes Quindio,Bogota FC,2026-09-28T23:00:00+00:00,57.6001,soccer.asian_handicap,period=ft,home,handicap=-0.5,1.93
2026-09-29T00:02:23.993516+02:00,36536383,Primera B,Colombia,Deportes Quindio,Bogota FC,2026-09-28T23:00:00+00:00,57.6001,soccer.asian_handicap,period=ft,away,handicap=-0.5,1.86
2026-09-29T00:02:23.993516+02:00,36536383,Primera B,Colombia,Deportes Quindio,Bogota FC,2026-09-28T23:00:00+00:00,57.6001,soccer.asian_handicap,period=ft,home,handicap=-1.25,3.15
2026-09-29T00:02:23.993516+02:00,36536383,Primera B,Colombia,Deportes Quindio,Bogota FC,2026-09-28T23:00:00+00:00,57.6001,soccer.asian_handicap,period=ft,away,handicap=-1.25,1.32
2026-09-29T00:02:23.993516+02:00,36536383,Primera B,Colombia,Deportes Quindio,Bogota FC,2026-09-28T23:00:00+00:00,57.6001,soccer.asian_handicap,period=ft,home,handicap=-1,2.75
2026-09-29T00:02:23.993516+02:00,36536383,Primera B,Colombia,Deportes Quindio,Bogota FC,2026-09-28T23:00:00+00:00,57.6001,soccer.asian_handicap,period=ft,away,handicap=-1,1.4
2026-09-29T00:02:23.993516+02:00,36536383,Primera B,Colombia,Deportes Quindio,Bogota FC,2026-09-28T23:00:00+00:00,57.6001,soccer.asian_handicap,period=ft,home,handicap=-0.75,2.2
2026-09-29T00:02:23.993516+02:00,36536383,Primera B,Colombia,Deportes Quindio,Bogota FC,2026-09-28T23:00:00+00:00,57.6001,soccer.asian_handicap,period=ft,away,handicap=-0.75,1.63
2026-09-29T00:02:23.993516+02:00,36536383,Primera B,Colombia,Deportes Quindio,Bogota FC,2026-09-28T23:00:00+00:00,57.6001,soccer.asian_handicap,period=ft,home,handicap=-0.25,1.63
2026-09-29T00:02:23.993516+02:00,36536383,Primera B,Colombia,Deportes Quindio,Bogota FC,2026-09-28T23:00:00+00:00,57.6001,soccer.asian_handicap,period=ft,away,handicap=-0.25,2.2
2026-09-29T00:02:23.993516+02:00,36536383,Primera B,Colombia,Deportes Quindio,Bogota FC,2026-09-28T23:00:00+00:00,57.6001,soccer.asian_handicap,period=ft,home,handicap=0,1.34
2026-09-29T00:02:23.993516+02:00,36536383,Primera B,Colombia,Deportes Quindio,Bogota FC,2026-09-28T23:00:00+00:00,57.6001,soccer.asian_handicap,period=ft,away,handicap=0,3.0
2026-09-29T00:02:23.993516+02:00,36536383,Primera B,Colombia,Deportes Quindio,Bogota FC,2026-09-28T23:00:00+00:00,57.6001,soccer.asian_handicap,period=ft,home,handicap=0.25,1.25
2026-09-29T00:02:23.993516+02:00,36536383,Primera B,Colombia,Deportes Quindio,Bogota FC,2026-09-28T23:00:00+00:00,57.6001,soccer.asian_handicap,period=ft,away,handicap=0.25,3.6
2026-09-29T00:02:23.993516+02:00,36536383,Primera B,Colombia,Deportes Quindio,Bogota FC,2026-09-28T23:00:00+00:00,57.6001,soccer.double_chance,period=ft,draw_away,,1.84
2026-09-29T00:02:23.993516+02:00,36536383,Primera B,Colombia,Deportes Quindio,Bogota FC,2026-09-28T23:00:00+00:00,57.6001,soccer.double_chance,period=ft,home_away,,1.36
2026-09-29T00:02:23.993516+02:00,36536383,Primera B,Colombia,Deportes Quindio,Bogota FC,2026-09-28T23:00:00+00:00,57.6001,soccer.double_chance,period=ft,home_draw,,1.2
2026-09-29T00:02:23.993516+02:00,36536383,Primera B,Colombia,Deportes Quindio,Bogota FC,2026-09-28T23:00:00+00:00,57.6001,soccer.match_odds,period=ft,home,,1.92
2026-09-29T00:02:23.993516+02:00,36536383,Primera B,Colombia,Deportes Quindio,Bogota FC,2026-09-28T23:00:00+00:00,57.6001,soccer.match_odds,period=ft,draw,,3.0
2026-09-29T00:02:23.993516+02:00,36536383,Primera B,Colombia,Deportes Quindio,Bogota FC,2026-09-28T23:00:00+00:00,57.6001,soccer.match_odds,period=ft,away,,4.25
2026-09-29T00:02:23.993516+02:00,36536383,Primera B,Colombia,Deportes Quindio,Bogota FC,2026-09-28T23:00:00+00:00,57.6001,soccer.total_goals,period=ft,over,total=2,1.79
2026-09-29T00:02:23.993516+02:00,36536383,Primera B,Colombia,Deportes Quindio,Bogota FC,2026-09-28T23:00:00+00:00,57.6001,soccer.total_goals,period=ft,under,total=2,2.0
2026-09-29T00:02:23.993516+02:00,36536383,Primera B,Colombia,Deportes Quindio,Bogota FC,2026-09-28T23:00:00+00:00,57.6001,soccer.total_goals,period=ft,over,total=1.25,1.27
2026-09-29T00:02:23.993516+02:00,36536383,Primera B,Colombia,Deportes Quindio,Bogota FC,2026-09-28T23:00:00+00:00,57.6001,soccer.total_goals,period=ft,under,total=1.25,3.4
2026-09-29T00:02:23.993516+02:00,36536383,Primera B,Colombia,Deportes Quindio,Bogota FC,2026-09-28T23:00:00+00:00,57.6001,soccer.total_goals,period=ft,over,total=1.5,1.42
2026-09-29T00:02:23.993516+02:00,36536383,Primera B,Colombia,Deportes Quindio,Bogota FC,2026-09-28T23:00:00+00:00,57.6001,soccer.total_goals,period=ft,under,total=1.5,2.65
2026-09-29T00:02:23.993516+02:00,36536383,Primera B,Colombia,Deportes Quindio,Bogota FC,2026-09-28T23:00:00+00:00,57.6001,soccer.total_goals,period=ft,over,total=1.75,1.56
2026-09-29T00:02:23.993516+02:00,36536383,Primera B,Colombia,Deportes Quindio,Bogota FC,2026-09-28T23:00:00+00:00,57.6001,soccer.total_goals,period=ft,under,total=1.75,2.3
2026-09-29T00:02:23.993516+02:00,36536383,Primera B,Colombia,Deportes Quindio,Bogota FC,2026-09-28T23:00:00+00:00,57.6001,soccer.total_goals,period=ft,over,total=2.25,2.09
2026-09-29T00:02:23.993516+02:00,36536383,Primera B,Colombia,Deportes Quindio,Bogota FC,2026-09-28T23:00:00+00:00,57.6001,soccer.total_goals,period=ft,under,total=2.25,1.69
2026-09-29T00:02:23.993516+02:00,36536383,Primera B,Colombia,Deportes Quindio,Bogota FC,2026-09-28T23:00:00+00:00,57.6001,soccer.total_goals,period=ft,over,total=2.5,2.35
2026-09-29T00:02:23.993516+02:00,36536383,Primera B,Colombia,Deportes Quindio,Bogota FC,2026-09-28T23:00:00+00:00,57.6001,soccer.total_goals,period=ft,under,total=2.5,1.51
2026-09-29T00:02:23.993516+02:00,36536383,Primera B,Colombia,Deportes Quindio,Bogota FC,2026-09-28T23:00:00+00:00,57.6001,soccer.total_goals,period=ft,over,total=2.75,2.8
2026-09-29T00:02:23.993516+02:00,36536383,Primera B,Colombia,Deportes Quindio,Bogota FC,2026-09-28T23:00:00+00:00,57.6001,soccer.total_goals,period=ft,under,total=2.75,1.38
2026-09-29T00:02:23.993516+02:00,36445681,"Division de Honor, Apertura",Paraguay,Libertad Asuncion,Club Olimpia,2026-09-28T22:15:00+00:00,12.6001,soccer.asian_handicap,period=ft,home,handicap=0,1.92
2026-09-29T00:02:23.993516+02:00,36445681,"Division de Honor, Apertura",Paraguay,Libertad Asuncion,Club Olimpia,2026-09-28T22:15:00+00:00,12.6001,soccer.asian_handicap,period=ft,away,handicap=0,1.88
2026-09-29T00:02:23.993516+02:00,36445681,"Division de Honor, Apertura",Paraguay,Libertad Asuncion,Club Olimpia,2026-09-28T22:15:00+00:00,12.6001,soccer.asian_handicap,period=ft,home,handicap=-1,4.85
2026-09-29T00:02:23.993516+02:00,36445681,"Division de Honor, Apertura",Paraguay,Libertad Asuncion,Club Olimpia,2026-09-28T22:15:00+00:00,12.6001,soccer.asian_handicap,period=ft,away,handicap=-1,1.17
2026-09-29T00:02:23.993516+02:00,36445681,"Division de Honor, Apertura",Paraguay,Libertad Asuncion,Club Olimpia,2026-09-28T22:15:00+00:00,12.6001,soccer.asian_handicap,period=ft,home,handicap=-0.75,3.35
2026-09-29T00:02:23.993516+02:00,36445681,"Division de Honor, Apertura",Paraguay,Libertad Asuncion,Club Olimpia,2026-09-28T22:15:00+00:00,12.6001,soccer.asian_handicap,period=ft,away,handicap=-0.75,1.3
2026-09-29T00:02:23.993516+02:00,36445681,"Division de Honor, Apertura",Paraguay,Libertad Asuncion,Club Olimpia,2026-09-28T22:15:00+00:00,12.6001,soccer.asian_handicap,period=ft,home,handicap=-0.5,2.7
2026-09-29T00:02:23.993516+02:00,36445681,"Division de Honor, Apertura",Paraguay,Libertad Asuncion,Club Olimpia,2026-09-28T22:15:00+00:00,12.6001,soccer.asian_handicap,period=ft,away,handicap=-0.5,1.44
2026-09-29T00:02:23.993516+02:00,36445681,"Division de Honor, Apertura",Paraguay,Libertad Asuncion,Club Olimpia,2026-09-28T22:15:00+00:00,12.6001,soccer.asian_handicap,period=ft,home,handicap=-0.25,2.3
2026-09-29T00:02:23.993516+02:00,36445681,"Division de Honor, Apertura",Paraguay,Libertad Asuncion,Club Olimpia,2026-09-28T22:15:00+00:00,12.6001,soccer.asian_handicap,period=ft,away,handicap=-0.25,1.59
2026-09-29T00:02:23.993516+02:00,36445681,"Division de Honor, Apertura",Paraguay,Libertad Asuncion,Club Olimpia,2026-09-28T22:15:00+00:00,12.6001,soccer.asian_handicap,period=ft,home,handicap=0.25,1.62
2026-09-29T00:02:23.993516+02:00,36445681,"Division de Honor, Apertura",Paraguay,Libertad Asuncion,Club Olimpia,2026-09-28T22:15:00+00:00,12.6001,soccer.asian_handicap,period=ft,away,handicap=0.25,2.25
2026-09-29T00:02:23.993516+02:00,36445681,"Division de Honor, Apertura",Paraguay,Libertad Asuncion,Club Olimpia,2026-09-28T22:15:00+00:00,12.6001,soccer.asian_handicap,period=ft,home,handicap=0.5,1.46
2026-09-29T00:02:23.993516+02:00,36445681,"Division de Honor, Apertura",Paraguay,Libertad Asuncion,Club Olimpia,2026-09-28T22:15:00+00:00,12.6001,soccer.asian_handicap,period=ft,away,handicap=0.5,2.65
2026-09-29T00:02:23.993516+02:00,36445681,"Division de Honor, Apertura",Paraguay,Libertad Asuncion,Club Olimpia,2026-09-28T22:15:00+00:00,12.6001,soccer.asian_handicap,period=ft,home,handicap=0.75,1.32
2026-09-29T00:02:23.993516+02:00,36445681,"Division de Honor, Apertura",Paraguay,Libertad Asuncion,Club Olimpia,2026-09-28T22:15:00+00:00,12.6001,soccer.asian_handicap,period=ft,away,handicap=0.75,3.25
2026-09-29T00:02:23.993516+02:00,36445681,"Division de Honor, Apertura",Paraguay,Libertad Asuncion,Club Olimpia,2026-09-28T22:15:00+00:00,12.6001,soccer.asian_handicap,period=ft,home,handicap=1,1.19
2026-09-29T00:02:23.993516+02:00,36445681,"Division de Honor, Apertura",Paraguay,Libertad Asuncion,Club Olimpia,2026-09-28T22:15:00+00:00,12.6001,soccer.asian_handicap,period=ft,away,handicap=1,4.55
2026-09-29T00:02:23.993516+02:00,36445681,"Division de Honor, Apertura",Paraguay,Libertad Asuncion,Club Olimpia,2026-09-28T22:15:00+00:00,12.6001,soccer.double_chance,period=ft,draw_away,,1.43
2026-09-29T00:02:23.993516+02:00,36445681,"Division de Honor, Apertura",Paraguay,Libertad Asuncion,Club Olimpia,2026-09-28T22:15:00+00:00,12.6001,soccer.double_chance,period=ft,home_away,,1.35
2026-09-29T00:02:23.993516+02:00,36445681,"Division de Honor, Apertura",Paraguay,Libertad Asuncion,Club Olimpia,2026-09-28T22:15:00+00:00,12.6001,soccer.double_chance,period=ft,home_draw,,1.45
2026-09-29T00:02:23.993516+02:00,36445681,"Division de Honor, Apertura",Paraguay,Libertad Asuncion,Club Olimpia,2026-09-28T22:15:00+00:00,12.6001,soccer.match_odds,period=ft,home,,2.7
2026-09-29T00:02:23.993516+02:00,36445681,"Division de Honor, Apertura",Paraguay,Libertad Asuncion,Club Olimpia,2026-09-28T22:15:00+00:00,12.6001,soccer.match_odds,period=ft,draw,,3.05
2026-09-29T00:02:23.993516+02:00,36445681,"Division de Honor, Apertura",Paraguay,Libertad Asuncion,Club Olimpia,2026-09-28T22:15:00+00:00,12.6001,soccer.match_odds,period=ft,away,,2.65
2026-09-29T00:02:23.993516+02:00,36445681,"Division de Honor, Apertura",Paraguay,Libertad Asuncion,Club Olimpia,2026-09-28T22:15:00+00:00,12.6001,soccer.total_goals,period=ft,over,total=2.5,2.01
2026-09-29T00:02:23.993516+02:00,36445681,"Division de Honor, Apertura",Paraguay,Libertad Asuncion,Club Olimpia,2026-09-28T22:15:00+00:00,12.6001,soccer.total_goals,period=ft,under,total=2.5,1.8
2026-09-29T00:02:23.993516+02:00,36445681,"Division de Honor, Apertura",Paraguay,Libertad Asuncion,Club Olimpia,2026-09-28T22:15:00+00:00,12.6001,soccer.total_goals,period=ft,over,total=1.5,1.29
2026-09-29T00:02:23.993516+02:00,36445681,"Division de Honor, Apertura",Paraguay,Libertad Asuncion,Club Olimpia,2026-09-28T22:15:00+00:00,12.6001,soccer.total_goals,period=ft,under,total=1.5,3.4
2026-09-29T00:02:23.993516+02:00,36445681,"Division de Honor, Apertura",Paraguay,Libertad Asuncion,Club Olimpia,2026-09-28T22:15:00+00:00,12.6001,soccer.total_goals,period=ft,over,total=2,1.48
2026-09-29T00:02:23.993516+02:00,36445681,"Division de Honor, Apertura",Paraguay,Libertad Asuncion,Club Olimpia,2026-09-28T22:15:00+00:00,12.6001,soccer.total_goals,period=ft,under,total=2,2.55
2026-09-29T00:02:23.993516+02:00,36445681,"Division de Honor, Apertura",Paraguay,Libertad Asuncion,Club Olimpia,2026-09-28T22:15:00+00:00,12.6001,soccer.total_goals,period=ft,over,total=2.25,1.74
2026-09-29T00:02:23.993516+02:00,36445681,"Division de Honor, Apertura",Paraguay,Libertad Asuncion,Club Olimpia,2026-09-28T22:15:00+00:00,12.6001,soccer.total_goals,period=ft,under,total=2.25,2.05
2026-09-29T00:02:23.993516+02:00,36445681,"Division de Honor, Apertura",Paraguay,Libertad Asuncion,Club Olimpia,2026-09-28T22:15:00+00:00,12.6001,soccer.total_goals,period=ft,over,total=2.75,2.25
2026-09-29T00:02:23.993516+02:00,36445681,"Division de Honor, Apertura",Paraguay,Libertad Asuncion,Club Olimpia,2026-09-28T22:15:00+00:00,12.6001,soccer.total_goals,period=ft,under,total=2.75,1.61
2026-09-29T00:02:23.993516+02:00,36445681,"Division de Honor, Apertura",Paraguay,Libertad Asuncion,Club Olimpia,2026-09-28T22:15:00+00:00,12.6001,soccer.total_goals,period=ft,over,total=3,2.75
2026-09-29T00:02:23.993516+02:00,36445681,"Division de Honor, Apertura",Paraguay,Libertad Asuncion,Club Olimpia,2026-09-28T22:15:00+00:00,12.6001,soccer.total_goals,period=ft,under,total=3,1.43
2026-09-29T00:02:23.993516+02:00,36445681,"Division de Honor, Apertura",Paraguay,Libertad Asuncion,Club Olimpia,2026-09-28T22:15:00+00:00,12.6001,soccer.total_goals,period=ft,over,total=3.5,3.35
2026-09-29T00:02:23.993516+02:00,36445681,"Division de Honor, Apertura",Paraguay,Libertad Asuncion,Club Olimpia,2026-09-28T22:15:00+00:00,12.6001,soccer.total_goals,period=ft,under,total=3.5,1.29
2026-09-29T00:02:23.993516+02:00,36445681,"Division de Honor, Apertura",Paraguay,Libertad Asuncion,Club Olimpia,2026-09-28T22:15:00+00:00,12.6001,soccer.total_goals,period=ft,over,total=4.5,6.65
2026-09-29T00:02:23.993516+02:00,36445681,"Division de Honor, Apertura",Paraguay,Libertad Asuncion,Club Olimpia,2026-09-28T22:15:00+00:00,12.6001,soccer.total_goals,period=ft,under,total=4.5,1.09
2026-09-29T00:02:23.993516+02:00,36439576,Brasileiro Serie B,Brazil,America FC MG,EC Juventude RS,2026-09-28T22:30:00+00:00,27.6001,soccer.asian_handicap,period=ft,home,handicap=0.5,1.89
2026-09-29T00:02:23.993516+02:00,36439576,Brasileiro Serie B,Brazil,America FC MG,EC Juventude RS,2026-09-28T22:30:00+00:00,27.6001,soccer.asian_handicap,period=ft,away,handicap=0.5,1.95
2026-09-29T00:02:23.993516+02:00,36439576,Brasileiro Serie B,Brazil,America FC MG,EC Juventude RS,2026-09-28T22:30:00+00:00,27.6001,soccer.asian_handicap,period=ft,home,handicap=-0.5,4.15
2026-09-29T00:02:23.993516+02:00,36439576,Brasileiro Serie B,Brazil,America FC MG,EC Juventude RS,2026-09-28T22:30:00+00:00,27.6001,soccer.asian_handicap,period=ft,away,handicap=-0.5,1.23
2026-09-29T00:02:23.993516+02:00,36439576,Brasileiro Serie B,Brazil,America FC MG,EC Juventude RS,2026-09-28T22:30:00+00:00,27.6001,soccer.asian_handicap,period=ft,home,handicap=-0.25,3.6
2026-09-29T00:02:23.993516+02:00,36439576,Brasileiro Serie B,Brazil,America FC MG,EC Juventude RS,2026-09-28T22:30:00+00:00,27.6001,soccer.asian_handicap,period=ft,away,handicap=-0.25,1.29
2026-09-29T00:02:23.993516+02:00,36439576,Brasileiro Serie B,Brazil,America FC MG,EC Juventude RS,2026-09-28T22:30:00+00:00,27.6001,soccer.asian_handicap,period=ft,home,handicap=0,3.05
2026-09-29T00:02:23.993516+02:00,36439576,Brasileiro Serie B,Brazil,America FC MG,EC Juventude RS,2026-09-28T22:30:00+00:00,27.6001,soccer.asian_handicap,period=ft,away,handicap=0,1.39
2026-09-29T00:02:23.993516+02:00,36439576,Brasileiro Serie B,Brazil,America FC MG,EC Juventude RS,2026-09-28T22:30:00+00:00,27.6001,soccer.asian_handicap,period=ft,home,handicap=0.25,2.25
2026-09-29T00:02:23.993516+02:00,36439576,Brasileiro Serie B,Brazil,America FC MG,EC Juventude RS,2026-09-28T22:30:00+00:00,27.6001,soccer.asian_handicap,period=ft,away,handicap=0.25,1.66
2026-09-29T00:02:23.993516+02:00,36439576,Brasileiro Serie B,Brazil,America FC MG,EC Juventude RS,2026-09-28T22:30:00+00:00,27.6001,soccer.asian_handicap,period=ft,home,handicap=0.75,1.65
2026-09-29T00:02:23.993516+02:00,36439576,Brasileiro Serie B,Brazil,America FC MG,EC Juventude RS,2026-09-28T22:30:00+00:00,27.6001,soccer.asian_handicap,period=ft,away,handicap=0.75,2.25
2026-09-29T00:02:23.993516+02:00,36439576,Brasileiro Serie B,Brazil,America FC MG,EC Juventude RS,2026-09-28T22:30:00+00:00,27.6001,soccer.asian_handicap,period=ft,home,handicap=1,1.42
2026-09-29T00:02:23.993516+02:00,36439576,Brasileiro Serie B,Brazil,America FC MG,EC Juventude RS,2026-09-28T22:30:00+00:00,27.6001,soccer.asian_handicap,period=ft,away,handicap=1,2.9
2026-09-29T00:02:23.993516+02:00,36439576,Brasileiro Serie B,Brazil,America FC MG,EC Juventude RS,2026-09-28T22:30:00+00:00,27.6001,soccer.asian_handicap,period=ft,home,handicap=1.25,1.33
2026-09-29T00:02:23.993516+02:00,36439576,Brasileiro Serie B,Brazil,America FC MG,EC Juventude RS,2026-09-28T22:30:00+00:00,27.6001,soccer.asian_handicap,period=ft,away,handicap=1.25,3.3
2026-09-29T00:02:23.993516+02:00,36439576,Brasileiro Serie B,Brazil,America FC MG,EC Juventude RS,2026-09-28T22:30:00+00:00,27.6001,soccer.asian_handicap,period=ft,home,handicap=1.5,1.27
2026-09-29T00:02:23.993516+02:00,36439576,Brasileiro Serie B,Brazil,America FC MG,EC Juventude RS,2026-09-28T22:30:00+00:00,27.6001,soccer.asian_handicap,period=ft,away,handicap=1.5,3.75
2026-09-29T00:02:23.993516+02:00,36439576,Brasileiro Serie B,Brazil,America FC MG,EC Juventude RS,2026-09-28T22:30:00+00:00,27.6001,soccer.double_chance,period=ft,draw_away,,1.23
2026-09-29T00:02:23.993516+02:00,36439576,Brasileiro Serie B,Brazil,America FC MG,EC Juventude RS,2026-09-28T22:30:00+00:00,27.6001,soccer.double_chance,period=ft,home_away,,1.33
2026-09-29T00:02:23.993516+02:00,36439576,Brasileiro Serie B,Brazil,America FC MG,EC Juventude RS,2026-09-28T22:30:00+00:00,27.6001,soccer.double_chance,period=ft,home_draw,,1.87
2026-09-29T00:02:23.993516+02:00,36439576,Brasileiro Serie B,Brazil,America FC MG,EC Juventude RS,2026-09-28T22:30:00+00:00,27.6001,soccer.match_odds,period=ft,home,,4.2
2026-09-29T00:02:23.993516+02:00,36439576,Brasileiro Serie B,Brazil,America FC MG,EC Juventude RS,2026-09-28T22:30:00+00:00,27.6001,soccer.match_odds,period=ft,draw,,3.3
2026-09-29T00:02:23.993516+02:00,36439576,Brasileiro Serie B,Brazil,America FC MG,EC Juventude RS,2026-09-28T22:30:00+00:00,27.6001,soccer.match_odds,period=ft,away,,1.94
2026-09-29T00:02:23.993516+02:00,36439576,Brasileiro Serie B,Brazil,America FC MG,EC Juventude RS,2026-09-28T22:30:00+00:00,27.6001,soccer.total_goals,period=ft,over,total=2.25,2.01
2026-09-29T00:02:23.993516+02:00,36439576,Brasileiro Serie B,Brazil,America FC MG,EC Juventude RS,2026-09-28T22:30:00+00:00,27.6001,soccer.total_goals,period=ft,under,total=2.25,1.82
2026-09-29T00:02:23.993516+02:00,36439576,Brasileiro Serie B,Brazil,America FC MG,EC Juventude RS,2026-09-28T22:30:00+00:00,27.6001,soccer.total_goals,period=ft,over,total=1.5,1.41
2026-09-29T00:02:23.993516+02:00,36439576,Brasileiro Serie B,Brazil,America FC MG,EC Juventude RS,2026-09-28T22:30:00+00:00,27.6001,soccer.total_goals,period=ft,under,total=1.5,2.85
2026-09-29T00:02:23.993516+02:00,36439576,Brasileiro Serie B,Brazil,America FC MG,EC Juventude RS,2026-09-28T22:30:00+00:00,27.6001,soccer.total_goals,period=ft,over,total=1.75,1.53
2026-09-29T00:02:23.993516+02:00,36439576,Brasileiro Serie B,Brazil,America FC MG,EC Juventude RS,2026-09-28T22:30:00+00:00,27.6001,soccer.total_goals,period=ft,under,total=1.75,2.5
2026-09-29T00:02:23.993516+02:00,36439576,Brasileiro Serie B,Brazil,America FC MG,EC Juventude RS,2026-09-28T22:30:00+00:00,27.6001,soccer.total_goals,period=ft,over,total=2,1.7
2026-09-29T00:02:23.993516+02:00,36439576,Brasileiro Serie B,Brazil,America FC MG,EC Juventude RS,2026-09-28T22:30:00+00:00,27.6001,soccer.total_goals,period=ft,under,total=2,2.15
2026-09-29T00:02:23.993516+02:00,36439576,Brasileiro Serie B,Brazil,America FC MG,EC Juventude RS,2026-09-28T22:30:00+00:00,27.6001,soccer.total_goals,period=ft,over,total=2.5,2.25
2026-09-29T00:02:23.993516+02:00,36439576,Brasileiro Serie B,Brazil,America FC MG,EC Juventude RS,2026-09-28T22:30:00+00:00,27.6001,soccer.total_goals,period=ft,under,total=2.5,1.63
2026-09-29T00:02:23.993516+02:00,36439576,Brasileiro Serie B,Brazil,America FC MG,EC Juventude RS,2026-09-28T22:30:00+00:00,27.6001,soccer.total_goals,period=ft,over,total=2.75,2.65
2026-09-29T00:02:23.993516+02:00,36439576,Brasileiro Serie B,Brazil,America FC MG,EC Juventude RS,2026-09-28T22:30:00+00:00,27.6001,soccer.total_goals,period=ft,under,total=2.75,1.47
2026-09-29T00:02:23.993516+02:00,36439576,Brasileiro Serie B,Brazil,America FC MG,EC Juventude RS,2026-09-28T22:30:00+00:00,27.6001,soccer.total_goals,period=ft,over,total=3.5,4.1
2026-09-29T00:02:23.993516+02:00,36439576,Brasileiro Serie B,Brazil,America FC MG,EC Juventude RS,2026-09-28T22:30:00+00:00,27.6001,soccer.total_goals,period=ft,under,total=3.5,1.22
2026-09-29T00:04:24.698399+02:00,36540589,Segunda Division,Paraguay,Guairena FC,Club Fernando de La Mora,2026-09-28T22:15:00+00:00,10.5884,soccer.asian_handicap,period=ft,home,handicap=-0.5,0.0
2026-09-29T00:04:24.698399+02:00,36540589,Segunda Division,Paraguay,Guairena FC,Club Fernando de La Mora,2026-09-28T22:15:00+00:00,10.5884,soccer.asian_handicap,period=ft,away,handicap=-0.5,0.0
2026-09-29T00:04:24.698399+02:00,36540589,Segunda Division,Paraguay,Guairena FC,Club Fernando de La Mora,2026-09-28T22:15:00+00:00,10.5884,soccer.asian_handicap,period=ft,home,handicap=-0.25,2.3
2026-09-29T00:04:24.698399+02:00,36540589,Segunda Division,Paraguay,Guairena FC,Club Fernando de La Mora,2026-09-28T22:15:00+00:00,10.5884,soccer.asian_handicap,period=ft,away,handicap=-0.25,1.51
2026-09-29T00:04:24.698399+02:00,36540589,Segunda Division,Paraguay,Guairena FC,Club Fernando de La Mora,2026-09-28T22:15:00+00:00,10.5884,soccer.asian_handicap,period=ft,home,handicap=0,1.95
2026-09-29T00:04:24.698399+02:00,36540589,Segunda Division,Paraguay,Guairena FC,Club Fernando de La Mora,2026-09-28T22:15:00+00:00,10.5884,soccer.asian_handicap,period=ft,away,handicap=0,1.75
2026-09-29T00:04:24.698399+02:00,36540589,Segunda Division,Paraguay,Guairena FC,Club Fernando de La Mora,2026-09-28T22:15:00+00:00,10.5884,soccer.asian_handicap,period=ft,home,handicap=0.25,1.63
2026-09-29T00:04:24.698399+02:00,36540589,Segunda Division,Paraguay,Guairena FC,Club Fernando de La Mora,2026-09-28T22:15:00+00:00,10.5884,soccer.asian_handicap,period=ft,away,handicap=0.25,2.11
2026-09-29T00:04:24.698399+02:00,36540589,Segunda Division,Paraguay,Guairena FC,Club Fernando de La Mora,2026-09-28T22:15:00+00:00,10.5884,soccer.asian_handicap,period=ft,home,handicap=0.5,0.0
2026-09-29T00:04:24.698399+02:00,36540589,Segunda Division,Paraguay,Guairena FC,Club Fernando de La Mora,2026-09-28T22:15:00+00:00,10.5884,soccer.asian_handicap,period=ft,away,handicap=0.5,0.0
2026-09-29T00:04:24.698399+02:00,36540589,Segunda Division,Paraguay,Guairena FC,Club Fernando de La Mora,2026-09-28T22:15:00+00:00,10.5884,soccer.double_chance,period=ft,draw_away,,1.37
2026-09-29T00:04:24.698399+02:00,36540589,Segunda Division,Paraguay,Guairena FC,Club Fernando de La Mora,2026-09-28T22:15:00+00:00,10.5884,soccer.double_chance,period=ft,home_away,,1.32
2026-09-29T00:04:24.698399+02:00,36540589,Segunda Division,Paraguay,Guairena FC,Club Fernando de La Mora,2026-09-28T22:15:00+00:00,10.5884,soccer.double_chance,period=ft,home_draw,,1.44
2026-09-29T00:04:24.698399+02:00,36540589,Segunda Division,Paraguay,Guairena FC,Club Fernando de La Mora,2026-09-28T22:15:00+00:00,10.5884,soccer.match_odds,period=ft,home,,2.7
2026-09-29T00:04:24.698399+02:00,36540589,Segunda Division,Paraguay,Guairena FC,Club Fernando de La Mora,2026-09-28T22:15:00+00:00,10.5884,soccer.match_odds,period=ft,draw,,2.8
2026-09-29T00:04:24.698399+02:00,36540589,Segunda Division,Paraguay,Guairena FC,Club Fernando de La Mora,2026-09-28T22:15:00+00:00,10.5884,soccer.match_odds,period=ft,away,,2.45
2026-09-29T00:04:24.698399+02:00,36540589,Segunda Division,Paraguay,Guairena FC,Club Fernando de La Mora,2026-09-28T22:15:00+00:00,10.5884,soccer.total_goals,period=ft,over,total=2.25,1.86
2026-09-29T00:04:24.698399+02:00,36540589,Segunda Division,Paraguay,Guairena FC,Club Fernando de La Mora,2026-09-28T22:15:00+00:00,10.5884,soccer.total_goals,period=ft,under,total=2.25,1.82
2026-09-29T00:04:24.698399+02:00,36540589,Segunda Division,Paraguay,Guairena FC,Club Fernando de La Mora,2026-09-28T22:15:00+00:00,10.5884,soccer.total_goals,period=ft,over,total=1.5,1.35
2026-09-29T00:04:24.698399+02:00,36540589,Segunda Division,Paraguay,Guairena FC,Club Fernando de La Mora,2026-09-28T22:15:00+00:00,10.5884,soccer.total_goals,period=ft,under,total=1.5,2.7
2026-09-29T00:04:24.698399+02:00,36540589,Segunda Division,Paraguay,Guairena FC,Club Fernando de La Mora,2026-09-28T22:15:00+00:00,10.5884,soccer.total_goals,period=ft,over,total=1.75,1.45
2026-09-29T00:04:24.698399+02:00,36540589,Segunda Division,Paraguay,Guairena FC,Club Fernando de La Mora,2026-09-28T22:15:00+00:00,10.5884,soccer.total_goals,period=ft,under,total=1.75,2.45
2026-09-29T00:04:24.698399+02:00,36540589,Segunda Division,Paraguay,Guairena FC,Club Fernando de La Mora,2026-09-28T22:15:00+00:00,10.5884,soccer.total_goals,period=ft,over,total=2,1.6
2026-09-29T00:04:24.698399+02:00,36540589,Segunda Division,Paraguay,Guairena FC,Club Fernando de La Mora,2026-09-28T22:15:00+00:00,10.5884,soccer.total_goals,period=ft,under,total=2,2.15
2026-09-29T00:04:24.698399+02:00,36540589,Segunda Division,Paraguay,Guairena FC,Club Fernando de La Mora,2026-09-28T22:15:00+00:00,10.5884,soccer.total_goals,period=ft,over,total=2.5,2.1
2026-09-29T00:04:24.698399+02:00,36540589,Segunda Division,Paraguay,Guairena FC,Club Fernando de La Mora,2026-09-28T22:15:00+00:00,10.5884,soccer.total_goals,period=ft,under,total=2.5,1.63
2026-09-29T00:04:24.698399+02:00,36540589,Segunda Division,Paraguay,Guairena FC,Club Fernando de La Mora,2026-09-28T22:15:00+00:00,10.5884,soccer.total_goals,period=ft,over,total=2.75,2.4
2026-09-29T00:04:24.698399+02:00,36540589,Segunda Division,Paraguay,Guairena FC,Club Fernando de La Mora,2026-09-28T22:15:00+00:00,10.5884,soccer.total_goals,period=ft,under,total=2.75,1.47
2026-09-29T00:04:24.698399+02:00,36540589,Segunda Division,Paraguay,Guairena FC,Club Fernando de La Mora,2026-09-28T22:15:00+00:00,10.5884,soccer.total_goals,period=ft,over,total=3,2.9
2026-09-29T00:04:24.698399+02:00,36540589,Segunda Division,Paraguay,Guairena FC,Club Fernando de La Mora,2026-09-28T22:15:00+00:00,10.5884,soccer.total_goals,period=ft,under,total=3,1.3
2026-09-29T00:04:24.698399+02:00,36536383,Primera B,Colombia,Deportes Quindio,Bogota FC,2026-09-28T23:00:00+00:00,55.5884,soccer.asian_handicap,period=ft,home,handicap=-0.5,1.93
2026-09-29T00:04:24.698399+02:00,36536383,Primera B,Colombia,Deportes Quindio,Bogota FC,2026-09-28T23:00:00+00:00,55.5884,soccer.asian_handicap,period=ft,away,handicap=-0.5,1.86
2026-09-29T00:04:24.698399+02:00,36536383,Primera B,Colombia,Deportes Quindio,Bogota FC,2026-09-28T23:00:00+00:00,55.5884,soccer.asian_handicap,period=ft,home,handicap=-1.25,3.15
2026-09-29T00:04:24.698399+02:00,36536383,Primera B,Colombia,Deportes Quindio,Bogota FC,2026-09-28T23:00:00+00:00,55.5884,soccer.asian_handicap,period=ft,away,handicap=-1.25,1.32
2026-09-29T00:04:24.698399+02:00,36536383,Primera B,Colombia,Deportes Quindio,Bogota FC,2026-09-28T23:00:00+00:00,55.5884,soccer.asian_handicap,period=ft,home,handicap=-1,2.75
2026-09-29T00:04:24.698399+02:00,36536383,Primera B,Colombia,Deportes Quindio,Bogota FC,2026-09-28T23:00:00+00:00,55.5884,soccer.asian_handicap,period=ft,away,handicap=-1,1.4
2026-09-29T00:04:24.698399+02:00,36536383,Primera B,Colombia,Deportes Quindio,Bogota FC,2026-09-28T23:00:00+00:00,55.5884,soccer.asian_handicap,period=ft,home,handicap=-0.75,2.2
2026-09-29T00:04:24.698399+02:00,36536383,Primera B,Colombia,Deportes Quindio,Bogota FC,2026-09-28T23:00:00+00:00,55.5884,soccer.asian_handicap,period=ft,away,handicap=-0.75,1.63
2026-09-29T00:04:24.698399+02:00,36536383,Primera B,Colombia,Deportes Quindio,Bogota FC,2026-09-28T23:00:00+00:00,55.5884,soccer.asian_handicap,period=ft,home,handicap=-0.25,1.63
2026-09-29T00:04:24.698399+02:00,36536383,Primera B,Colombia,Deportes Quindio,Bogota FC,2026-09-28T23:00:00+00:00,55.5884,soccer.asian_handicap,period=ft,away,handicap=-0.25,2.2
2026-09-29T00:04:24.698399+02:00,36536383,Primera B,Colombia,Deportes Quindio,Bogota FC,2026-09-28T23:00:00+00:00,55.5884,soccer.asian_handicap,period=ft,home,handicap=0,1.34
2026-09-29T00:04:24.698399+02:00,36536383,Primera B,Colombia,Deportes Quindio,Bogota FC,2026-09-28T23:00:00+00:00,55.5884,soccer.asian_handicap,period=ft,away,handicap=0,3.0
2026-09-29T00:04:24.698399+02:00,36536383,Primera B,Colombia,Deportes Quindio,Bogota FC,2026-09-28T23:00:00+00:00,55.5884,soccer.asian_handicap,period=ft,home,handicap=0.25,1.25
2026-09-29T00:04:24.698399+02:00,36536383,Primera B,Colombia,Deportes Quindio,Bogota FC,2026-09-28T23:00:00+00:00,55.5884,soccer.asian_handicap,period=ft,away,handicap=0.25,3.6
2026-09-29T00:04:24.698399+02:00,36536383,Primera B,Colombia,Deportes Quindio,Bogota FC,2026-09-28T23:00:00+00:00,55.5884,soccer.double_chance,period=ft,draw_away,,1.84
2026-09-29T00:04:24.698399+02:00,36536383,Primera B,Colombia,Deportes Quindio,Bogota FC,2026-09-28T23:00:00+00:00,55.5884,soccer.double_chance,period=ft,home_away,,1.36
2026-09-29T00:04:24.698399+02:00,36536383,Primera B,Colombia,Deportes Quindio,Bogota FC,2026-09-28T23:00:00+00:00,55.5884,soccer.double_chance,period=ft,home_draw,,1.2
2026-09-29T00:04:24.698399+02:00,36536383,Primera B,Colombia,Deportes Quindio,Bogota FC,2026-09-28T23:00:00+00:00,55.5884,soccer.match_odds,period=ft,home,,1.92
2026-09-29T00:04:24.698399+02:00,36536383,Primera B,Colombia,Deportes Quindio,Bogota FC,2026-09-28T23:00:00+00:00,55.5884,soccer.match_odds,period=ft,draw,,3.0
2026-09-29T00:04:24.698399+02:00,36536383,Primera B,Colombia,Deportes Quindio,Bogota FC,2026-09-28T23:00:00+00:00,55.5884,soccer.match_odds,period=ft,away,,4.25
2026-09-29T00:04:24.698399+02:00,36536383,Primera B,Colombia,Deportes Quindio,Bogota FC,2026-09-28T23:00:00+00:00,55.5884,soccer.total_goals,period=ft,over,total=2,1.79
2026-09-29T00:04:24.698399+02:00,36536383,Primera B,Colombia,Deportes Quindio,Bogota FC,2026-09-28T23:00:00+00:00,55.5884,soccer.total_goals,period=ft,under,total=2,2.0
2026-09-29T00:04:24.698399+02:00,36536383,Primera B,Colombia,Deportes Quindio,Bogota FC,2026-09-28T23:00:00+00:00,55.5884,soccer.total_goals,period=ft,over,total=1.25,1.27
2026-09-29T00:04:24.698399+02:00,36536383,Primera B,Colombia,Deportes Quindio,Bogota FC,2026-09-28T23:00:00+00:00,55.5884,soccer.total_goals,period=ft,under,total=1.25,3.4
2026-09-29T00:04:24.698399+02:00,36536383,Primera B,Colombia,Deportes Quindio,Bogota FC,2026-09-28T23:00:00+00:00,55.5884,soccer.total_goals,period=ft,over,total=1.5,1.42
2026-09-29T00:04:24.698399+02:00,36536383,Primera B,Colombia,Deportes Quindio,Bogota FC,2026-09-28T23:00:00+00:00,55.5884,soccer.total_goals,period=ft,under,total=1.5,2.65
2026-09-29T00:04:24.698399+02:00,36536383,Primera B,Colombia,Deportes Quindio,Bogota FC,2026-09-28T23:00:00+00:00,55.5884,soccer.total_goals,period=ft,over,total=1.75,1.56
2026-09-29T00:04:24.698399+02:00,36536383,Primera B,Colombia,Deportes Quindio,Bogota FC,2026-09-28T23:00:00+00:00,55.5884,soccer.total_goals,period=ft,under,total=1.75,2.3
2026-09-29T00:04:24.698399+02:00,36536383,Primera B,Colombia,Deportes Quindio,Bogota FC,2026-09-28T23:00:00+00:00,55.5884,soccer.total_goals,period=ft,over,total=2.25,2.09
2026-09-29T00:04:24.698399+02:00,36536383,Primera B,Colombia,Deportes Quindio,Bogota FC,2026-09-28T23:00:00+00:00,55.5884,soccer.total_goals,period=ft,under,total=2.25,1.69
2026-09-29T00:04:24.698399+02:00,36536383,Primera B,Colombia,Deportes Quindio,Bogota FC,2026-09-28T23:00:00+00:00,55.5884,soccer.total_goals,period=ft,over,total=2.5,2.35
2026-09-29T00:04:24.698399+02:00,36536383,Primera B,Colombia,Deportes Quindio,Bogota FC,2026-09-28T23:00:00+00:00,55.5884,soccer.total_goals,period=ft,under,total=2.5,1.51
2026-09-29T00:04:24.698399+02:00,36536383,Primera B,Colombia,Deportes Quindio,Bogota FC,2026-09-28T23:00:00+00:00,55.5884,soccer.total_goals,period=ft,over,total=2.75,2.8
2026-09-29T00:04:24.698399+02:00,36536383,Primera B,Colombia,Deportes Quindio,Bogota FC,2026-09-28T23:00:00+00:00,55.5884,soccer.total_goals,period=ft,under,total=2.75,1.38
2026-09-29T00:04:24.698399+02:00,36439576,Brasileiro Serie B,Brazil,America FC MG,EC Juventude RS,2026-09-28T22:30:00+00:00,25.5884,soccer.asian_handicap,period=ft,home,handicap=0.5,1.9
2026-09-29T00:04:24.698399+02:00,36439576,Brasileiro Serie B,Brazil,America FC MG,EC Juventude RS,2026-09-28T22:30:00+00:00,25.5884,soccer.asian_handicap,period=ft,away,handicap=0.5,1.94
2026-09-29T00:04:24.698399+02:00,36439576,Brasileiro Serie B,Brazil,America FC MG,EC Juventude RS,2026-09-28T22:30:00+00:00,25.5884,soccer.asian_handicap,period=ft,home,handicap=-0.5,4.15
2026-09-29T00:04:24.698399+02:00,36439576,Brasileiro Serie B,Brazil,America FC MG,EC Juventude RS,2026-09-28T22:30:00+00:00,25.5884,soccer.asian_handicap,period=ft,away,handicap=-0.5,1.23
2026-09-29T00:04:24.698399+02:00,36439576,Brasileiro Serie B,Brazil,America FC MG,EC Juventude RS,2026-09-28T22:30:00+00:00,25.5884,soccer.asian_handicap,period=ft,home,handicap=-0.25,3.6
2026-09-29T00:04:24.698399+02:00,36439576,Brasileiro Serie B,Brazil,America FC MG,EC Juventude RS,2026-09-28T22:30:00+00:00,25.5884,soccer.asian_handicap,period=ft,away,handicap=-0.25,1.29
2026-09-29T00:04:24.698399+02:00,36439576,Brasileiro Serie B,Brazil,America FC MG,EC Juventude RS,2026-09-28T22:30:00+00:00,25.5884,soccer.asian_handicap,period=ft,home,handicap=0,3.05
2026-09-29T00:04:24.698399+02:00,36439576,Brasileiro Serie B,Brazil,America FC MG,EC Juventude RS,2026-09-28T22:30:00+00:00,25.5884,soccer.asian_handicap,period=ft,away,handicap=0,1.38
2026-09-29T00:04:24.698399+02:00,36439576,Brasileiro Serie B,Brazil,America FC MG,EC Juventude RS,2026-09-28T22:30:00+00:00,25.5884,soccer.asian_handicap,period=ft,home,handicap=0.25,2.25
2026-09-29T00:04:24.698399+02:00,36439576,Brasileiro Serie B,Brazil,America FC MG,EC Juventude RS,2026-09-28T22:30:00+00:00,25.5884,soccer.asian_handicap,period=ft,away,handicap=0.25,1.65
2026-09-29T00:04:24.698399+02:00,36439576,Brasileiro Serie B,Brazil,America FC MG,EC Juventude RS,2026-09-28T22:30:00+00:00,25.5884,soccer.asian_handicap,period=ft,home,handicap=0.75,1.66
2026-09-29T00:04:24.698399+02:00,36439576,Brasileiro Serie B,Brazil,America FC MG,EC Juventude RS,2026-09-28T22:30:00+00:00,25.5884,soccer.asian_handicap,period=ft,away,handicap=0.75,2.25
2026-09-29T00:04:24.698399+02:00,36439576,Brasileiro Serie B,Brazil,America FC MG,EC Juventude RS,2026-09-28T22:30:00+00:00,25.5884,soccer.asian_handicap,period=ft,home,handicap=1,1.42
2026-09-29T00:04:24.698399+02:00,36439576,Brasileiro Serie B,Brazil,America FC MG,EC Juventude RS,2026-09-28T22:30:00+00:00,25.5884,soccer.asian_handicap,period=ft,away,handicap=1,2.85
2026-09-29T00:04:24.698399+02:00,36439576,Brasileiro Serie B,Brazil,America FC MG,EC Juventude RS,2026-09-28T22:30:00+00:00,25.5884,soccer.asian_handicap,period=ft,home,handicap=1.25,1.33
2026-09-29T00:04:24.698399+02:00,36439576,Brasileiro Serie B,Brazil,America FC MG,EC Juventude RS,2026-09-28T22:30:00+00:00,25.5884,soccer.asian_handicap,period=ft,away,handicap=1.25,3.3
2026-09-29T00:04:24.698399+02:00,36439576,Brasileiro Serie B,Brazil,America FC MG,EC Juventude RS,2026-09-28T22:30:00+00:00,25.5884,soccer.asian_handicap,period=ft,home,handicap=1.5,1.27
2026-09-29T00:04:24.698399+02:00,36439576,Brasileiro Serie B,Brazil,America FC MG,EC Juventude RS,2026-09-28T22:30:00+00:00,25.5884,soccer.asian_handicap,period=ft,away,handicap=1.5,3.75
2026-09-29T00:04:24.698399+02:00,36439576,Brasileiro Serie B,Brazil,America FC MG,EC Juventude RS,2026-09-28T22:30:00+00:00,25.5884,soccer.double_chance,period=ft,draw_away,,1.23
2026-09-29T00:04:24.698399+02:00,36439576,Brasileiro Serie B,Brazil,America FC MG,EC Juventude RS,2026-09-28T22:30:00+00:00,25.5884,soccer.double_chance,period=ft,home_away,,1.31
2026-09-29T00:04:24.698399+02:00,36439576,Brasileiro Serie B,Brazil,America FC MG,EC Juventude RS,2026-09-28T22:30:00+00:00,25.5884,soccer.double_chance,period=ft,home_draw,,1.89
2026-09-29T00:04:24.698399+02:00,36439576,Brasileiro Serie B,Brazil,America FC MG,EC Juventude RS,2026-09-28T22:30:00+00:00,25.5884,soccer.match_odds,period=ft,home,,4.2
2026-09-29T00:04:24.698399+02:00,36439576,Brasileiro Serie B,Brazil,America FC MG,EC Juventude RS,2026-09-28T22:30:00+00:00,25.5884,soccer.match_odds,period=ft,draw,,3.35
2026-09-29T00:04:24.698399+02:00,36439576,Brasileiro Serie B,Brazil,America FC MG,EC Juventude RS,2026-09-28T22:30:00+00:00,25.5884,soccer.match_odds,period=ft,away,,1.93
2026-09-29T00:04:24.698399+02:00,36439576,Brasileiro Serie B,Brazil,America FC MG,EC Juventude RS,2026-09-28T22:30:00+00:00,25.5884,soccer.total_goals,period=ft,over,total=2.25,2.01
2026-09-29T00:04:24.698399+02:00,36439576,Brasileiro Serie B,Brazil,America FC MG,EC Juventude RS,2026-09-28T22:30:00+00:00,25.5884,soccer.total_goals,period=ft,under,total=2.25,1.82
2026-09-29T00:04:24.698399+02:00,36439576,Brasileiro Serie B,Brazil,America FC MG,EC Juventude RS,2026-09-28T22:30:00+00:00,25.5884,soccer.total_goals,period=ft,over,total=1.5,1.41
2026-09-29T00:04:24.698399+02:00,36439576,Brasileiro Serie B,Brazil,America FC MG,EC Juventude RS,2026-09-28T22:30:00+00:00,25.5884,soccer.total_goals,period=ft,under,total=1.5,2.85
2026-09-29T00:04:24.698399+02:00,36439576,Brasileiro Serie B,Brazil,America FC MG,EC Juventude RS,2026-09-28T22:30:00+00:00,25.5884,soccer.total_goals,period=ft,over,total=1.75,1.53
2026-09-29T00:04:24.698399+02:00,36439576,Brasileiro Serie B,Brazil,America FC MG,EC Juventude RS,2026-09-28T22:30:00+00:00,25.5884,soccer.total_goals,period=ft,under,total=1.75,2.5
2026-09-29T00:04:24.698399+02:00,36439576,Brasileiro Serie B,Brazil,America FC MG,EC Juventude RS,2026-09-28T22:30:00+00:00,25.5884,soccer.total_goals,period=ft,over,total=2,1.7
2026-09-29T00:04:24.698399+02:00,36439576,Brasileiro Serie B,Brazil,America FC MG,EC Juventude RS,2026-09-28T22:30:00+00:00,25.5884,soccer.total_goals,period=ft,under,total=2,2.15
2026-09-29T00:04:24.698399+02:00,36439576,Brasileiro Serie B,Brazil,America FC MG,EC Juventude RS,2026-09-28T22:30:00+00:00,25.5884,soccer.total_goals,period=ft,over,total=2.5,2.25
2026-09-29T00:04:24.698399+02:00,36439576,Brasileiro Serie B,Brazil,America FC MG,EC Juventude RS,2026-09-28T22:30:00+00:00,25.5884,soccer.total_goals,period=ft,under,total=2.5,1.63
2026-09-29T00:04:24.698399+02:00,36439576,Brasileiro Serie B,Brazil,America FC MG,EC Juventude RS,2026-09-28T22:30:00+00:00,25.5884,soccer.total_goals,period=ft,over,total=2.75,2.65
2026-09-29T00:04:24.698399+02:00,36439576,Brasileiro Serie B,Brazil,America FC MG,EC Juventude RS,2026-09-28T22:30:00+00:00,25.5884,soccer.total_goals,period=ft,under,total=2.75,1.47
2026-09-29T00:04:24.698399+02:00,36439576,Brasileiro Serie B,Brazil,America FC MG,EC Juventude RS,2026-09-28T22:30:00+00:00,25.5884,soccer.total_goals,period=ft,over,total=3.5,4.1
2026-09-29T00:04:24.698399+02:00,36439576,Brasileiro Serie B,Brazil,America FC MG,EC Juventude RS,2026-09-28T22:30:00+00:00,25.5884,soccer.total_goals,period=ft,under,total=3.5,1.22
2026-09-29T00:04:24.698399+02:00,36445681,"Division de Honor, Apertura",Paraguay,Libertad Asuncion,Club Olimpia,2026-09-28T22:15:00+00:00,10.5884,soccer.asian_handicap,period=ft,home,handicap=0,1.93
2026-09-29T00:04:24.698399+02:00,36445681,"Division de Honor, Apertura",Paraguay,Libertad Asuncion,Club Olimpia,2026-09-28T22:15:00+00:00,10.5884,soccer.asian_handicap,period=ft,away,handicap=0,1.87
2026-09-29T00:04:24.698399+02:00,36445681,"Division de Honor, Apertura",Paraguay,Libertad Asuncion,Club Olimpia,2026-09-28T22:15:00+00:00,10.5884,soccer.asian_handicap,period=ft,home,handicap=-1,4.85
2026-09-29T00:04:24.698399+02:00,36445681,"Division de Honor, Apertura",Paraguay,Libertad Asuncion,Club Olimpia,2026-09-28T22:15:00+00:00,10.5884,soccer.asian_handicap,period=ft,away,handicap=-1,1.17
2026-09-29T00:04:24.698399+02:00,36445681,"Division de Honor, Apertura",Paraguay,Libertad Asuncion,Club Olimpia,2026-09-28T22:15:00+00:00,10.5884,soccer.asian_handicap,period=ft,home,handicap=-0.75,3.4
2026-09-29T00:04:24.698399+02:00,36445681,"Division de Honor, Apertura",Paraguay,Libertad Asuncion,Club Olimpia,2026-09-28T22:15:00+00:00,10.5884,soccer.asian_handicap,period=ft,away,handicap=-0.75,1.3
2026-09-29T00:04:24.698399+02:00,36445681,"Division de Honor, Apertura",Paraguay,Libertad Asuncion,Club Olimpia,2026-09-28T22:15:00+00:00,10.5884,soccer.asian_handicap,period=ft,home,handicap=-0.5,2.75
2026-09-29T00:04:24.698399+02:00,36445681,"Division de Honor, Apertura",Paraguay,Libertad Asuncion,Club Olimpia,2026-09-28T22:15:00+00:00,10.5884,soccer.asian_handicap,period=ft,away,handicap=-0.5,1.44
2026-09-29T00:04:24.698399+02:00,36445681,"Division de Honor, Apertura",Paraguay,Libertad Asuncion,Club Olimpia,2026-09-28T22:15:00+00:00,10.5884,soccer.asian_handicap,period=ft,home,handicap=-0.25,2.3
2026-09-29T00:04:24.698399+02:00,36445681,"Division de Honor, Apertura",Paraguay,Libertad Asuncion,Club Olimpia,2026-09-28T22:15:00+00:00,10.5884,soccer.asian_handicap,period=ft,away,handicap=-0.25,1.59
2026-09-29T00:04:24.698399+02:00,36445681,"Division de Honor, Apertura",Paraguay,Libertad Asuncion,Club Olimpia,2026-09-28T22:15:00+00:00,10.5884,soccer.asian_handicap,period=ft,home,handicap=0.25,1.62
2026-09-29T00:04:24.698399+02:00,36445681,"Division de Honor, Apertura",Paraguay,Libertad Asuncion,Club Olimpia,2026-09-28T22:15:00+00:00,10.5884,soccer.asian_handicap,period=ft,away,handicap=0.25,2.25
2026-09-29T00:04:24.698399+02:00,36445681,"Division de Honor, Apertura",Paraguay,Libertad Asuncion,Club Olimpia,2026-09-28T22:15:00+00:00,10.5884,soccer.asian_handicap,period=ft,home,handicap=0.5,1.46
2026-09-29T00:04:24.698399+02:00,36445681,"Division de Honor, Apertura",Paraguay,Libertad Asuncion,Club Olimpia,2026-09-28T22:15:00+00:00,10.5884,soccer.asian_handicap,period=ft,away,handicap=0.5,2.65
2026-09-29T00:04:24.698399+02:00,36445681,"Division de Honor, Apertura",Paraguay,Libertad Asuncion,Club Olimpia,2026-09-28T22:15:00+00:00,10.5884,soccer.asian_handicap,period=ft,home,handicap=0.75,1.32
2026-09-29T00:04:24.698399+02:00,36445681,"Division de Honor, Apertura",Paraguay,Libertad Asuncion,Club Olimpia,2026-09-28T22:15:00+00:00,10.5884,soccer.asian_handicap,period=ft,away,handicap=0.75,3.25
2026-09-29T00:04:24.698399+02:00,36445681,"Division de Honor, Apertura",Paraguay,Libertad Asuncion,Club Olimpia,2026-09-28T22:15:00+00:00,10.5884,soccer.asian_handicap,period=ft,home,handicap=1,1.19
2026-09-29T00:04:24.698399+02:00,36445681,"Division de Honor, Apertura",Paraguay,Libertad Asuncion,Club Olimpia,2026-09-28T22:15:00+00:00,10.5884,soccer.asian_handicap,period=ft,away,handicap=1,4.5
2026-09-29T00:04:24.698399+02:00,36445681,"Division de Honor, Apertura",Paraguay,Libertad Asuncion,Club Olimpia,2026-09-28T22:15:00+00:00,10.5884,soccer.double_chance,period=ft,draw_away,,1.43
2026-09-29T00:04:24.698399+02:00,36445681,"Division de Honor, Apertura",Paraguay,Libertad Asuncion,Club Olimpia,2026-09-28T22:15:00+00:00,10.5884,soccer.double_chance,period=ft,home_away,,1.35
2026-09-29T00:04:24.698399+02:00,36445681,"Division de Honor, Apertura",Paraguay,Libertad Asuncion,Club Olimpia,2026-09-28T22:15:00+00:00,10.5884,soccer.double_chance,period=ft,home_draw,,1.45
2026-09-29T00:04:24.698399+02:00,36445681,"Division de Honor, Apertura",Paraguay,Libertad Asuncion,Club Olimpia,2026-09-28T22:15:00+00:00,10.5884,soccer.match_odds,period=ft,home,,2.75
2026-09-29T00:04:24.698399+02:00,36445681,"Division de Honor, Apertura",Paraguay,Libertad Asuncion,Club Olimpia,2026-09-28T22:15:00+00:00,10.5884,soccer.match_odds,period=ft,draw,,3.05
2026-09-29T00:04:24.698399+02:00,36445681,"Division de Honor, Apertura",Paraguay,Libertad Asuncion,Club Olimpia,2026-09-28T22:15:00+00:00,10.5884,soccer.match_odds,period=ft,away,,2.65
2026-09-29T00:04:24.698399+02:00,36445681,"Division de Honor, Apertura",Paraguay,Libertad Asuncion,Club Olimpia,2026-09-28T22:15:00+00:00,10.5884,soccer.total_goals,period=ft,over,total=2.5,2.0
2026-09-29T00:04:24.698399+02:00,36445681,"Division de Honor, Apertura",Paraguay,Libertad Asuncion,Club Olimpia,2026-09-28T22:15:00+00:00,10.5884,soccer.total_goals,period=ft,under,total=2.5,1.8
2026-09-29T00:04:24.698399+02:00,36445681,"Division de Honor, Apertura",Paraguay,Libertad Asuncion,Club Olimpia,2026-09-28T22:15:00+00:00,10.5884,soccer.total_goals,period=ft,over,total=1.5,1.29
2026-09-29T00:04:24.698399+02:00,36445681,"Division de Honor, Apertura",Paraguay,Libertad Asuncion,Club Olimpia,2026-09-28T22:15:00+00:00,10.5884,soccer.total_goals,period=ft,under,total=1.5,3.4
2026-09-29T00:04:24.698399+02:00,36445681,"Division de Honor, Apertura",Paraguay,Libertad Asuncion,Club Olimpia,2026-09-28T22:15:00+00:00,10.5884,soccer.total_goals,period=ft,over,total=2,1.48
2026-09-29T00:04:24.698399+02:00,36445681,"Division de Honor, Apertura",Paraguay,Libertad Asuncion,Club Olimpia,2026-09-28T22:15:00+00:00,10.5884,soccer.total_goals,period=ft,under,total=2,2.6
2026-09-29T00:04:24.698399+02:00,36445681,"Division de Honor, Apertura",Paraguay,Libertad Asuncion,Club Olimpia,2026-09-28T22:15:00+00:00,10.5884,soccer.total_goals,period=ft,over,total=2.25,1.74
2026-09-29T00:04:24.698399+02:00,36445681,"Division de Honor, Apertura",Paraguay,Libertad Asuncion,Club Olimpia,2026-09-28T22:15:00+00:00,10.5884,soccer.total_goals,period=ft,under,total=2.25,2.06
2026-09-29T00:04:24.698399+02:00,36445681,"Division de Honor, Apertura",Paraguay,Libertad Asuncion,Club Olimpia,2026-09-28T22:15:00+00:00,10.5884,soccer.total_goals,period=ft,over,total=2.75,2.25
2026-09-29T00:04:24.698399+02:00,36445681,"Division de Honor, Apertura",Paraguay,Libertad Asuncion,Club Olimpia,2026-09-28T22:15:00+00:00,10.5884,soccer.total_goals,period=ft,under,total=2.75,1.62
2026-09-29T00:04:24.698399+02:00,36445681,"Division de Honor, Apertura",Paraguay,Libertad Asuncion,Club Olimpia,2026-09-28T22:15:00+00:00,10.5884,soccer.total_goals,period=ft,over,total=3,2.75
2026-09-29T00:04:24.698399+02:00,36445681,"Division de Honor, Apertura",Paraguay,Libertad Asuncion,Club Olimpia,2026-09-28T22:15:00+00:00,10.5884,soccer.total_goals,period=ft,under,total=3,1.43
2026-09-29T00:04:24.698399+02:00,36445681,"Division de Honor, Apertura",Paraguay,Libertad Asuncion,Club Olimpia,2026-09-28T22:15:00+00:00,10.5884,soccer.total_goals,period=ft,over,total=3.5,3.35
2026-09-29T00:04:24.698399+02:00,36445681,"Division de Honor, Apertura",Paraguay,Libertad Asuncion,Club Olimpia,2026-09-28T22:15:00+00:00,10.5884,soccer.total_goals,period=ft,under,total=3.5,1.29
2026-09-29T00:04:24.698399+02:00,36445681,"Division de Honor, Apertura",Paraguay,Libertad Asuncion,Club Olimpia,2026-09-28T22:15:00+00:00,10.5884,soccer.total_goals,period=ft,over,total=4.5,6.6
2026-09-29T00:04:24.698399+02:00,36445681,"Division de Honor, Apertura",Paraguay,Libertad Asuncion,Club Olimpia,2026-09-28T22:15:00+00:00,10.5884,soccer.total_goals,period=ft,under,total=4.5,1.09
2026-09-29T00:04:24.698399+02:00,36540575,Torneo Regional Federal Amateur,Argentina,FC San Nicolas (Aruba),Racing Club Pergamino,2026-09-28T23:00:00+00:00,55.5884,soccer.asian_handicap,period=ft,home,handicap=0,1.86
2026-09-29T00:04:24.698399+02:00,36540575,Torneo Regional Federal Amateur,Argentina,FC San Nicolas (Aruba),Racing Club Pergamino,2026-09-28T23:00:00+00:00,55.5884,soccer.asian_handicap,period=ft,away,handicap=0,1.76
2026-09-29T00:04:24.698399+02:00,36540575,Torneo Regional Federal Amateur,Argentina,FC San Nicolas (Aruba),Racing Club Pergamino,2026-09-28T23:00:00+00:00,55.5884,soccer.asian_handicap,period=ft,home,handicap=-0.75,2.95
2026-09-29T00:04:24.698399+02:00,36540575,Torneo Regional Federal Amateur,Argentina,FC San Nicolas (Aruba),Racing Club Pergamino,2026-09-28T23:00:00+00:00,55.5884,soccer.asian_handicap,period=ft,away,handicap=-0.75,1.26
2026-09-29T00:04:24.698399+02:00,36540575,Torneo Regional Federal Amateur,Argentina,FC San Nicolas (Aruba),Racing Club Pergamino,2026-09-28T23:00:00+00:00,55.5884,soccer.asian_handicap,period=ft,home,handicap=-0.5,2.45
2026-09-29T00:04:24.698399+02:00,36540575,Torneo Regional Federal Amateur,Argentina,FC San Nicolas (Aruba),Racing Club Pergamino,2026-09-28T23:00:00+00:00,55.5884,soccer.asian_handicap,period=ft,away,handicap=-0.5,1.39
2026-09-29T00:04:24.698399+02:00,36540575,Torneo Regional Federal Amateur,Argentina,FC San Nicolas (Aruba),Racing Club Pergamino,2026-09-28T23:00:00+00:00,55.5884,soccer.asian_handicap,period=ft,home,handicap=-0.25,2.14
2026-09-29T00:04:24.698399+02:00,36540575,Torneo Regional Federal Amateur,Argentina,FC San Nicolas (Aruba),Racing Club Pergamino,2026-09-28T23:00:00+00:00,55.5884,soccer.asian_handicap,period=ft,away,handicap=-0.25,1.52
2026-09-29T00:04:24.698399+02:00,36540575,Torneo Regional Federal Amateur,Argentina,FC San Nicolas (Aruba),Racing Club Pergamino,2026-09-28T23:00:00+00:00,55.5884,soccer.asian_handicap,period=ft,home,handicap=0.25,1.58
2026-09-29T00:04:24.698399+02:00,36540575,Torneo Regional Federal Amateur,Argentina,FC San Nicolas (Aruba),Racing Club Pergamino,2026-09-28T23:00:00+00:00,55.5884,soccer.asian_handicap,period=ft,away,handicap=0.25,2.03
2026-09-29T00:04:24.698399+02:00,36540575,Torneo Regional Federal Amateur,Argentina,FC San Nicolas (Aruba),Racing Club Pergamino,2026-09-28T23:00:00+00:00,55.5884,soccer.asian_handicap,period=ft,home,handicap=0.5,1.44
2026-09-29T00:04:24.698399+02:00,36540575,Torneo Regional Federal Amateur,Argentina,FC San Nicolas (Aruba),Racing Club Pergamino,2026-09-28T23:00:00+00:00,55.5884,soccer.asian_handicap,period=ft,away,handicap=0.5,2.3
2026-09-29T00:04:24.698399+02:00,36540575,Torneo Regional Federal Amateur,Argentina,FC San Nicolas (Aruba),Racing Club Pergamino,2026-09-28T23:00:00+00:00,55.5884,soccer.asian_handicap,period=ft,home,handicap=0.75,1.3
2026-09-29T00:04:24.698399+02:00,36540575,Torneo Regional Federal Amateur,Argentina,FC San Nicolas (Aruba),Racing Club Pergamino,2026-09-28T23:00:00+00:00,55.5884,soccer.asian_handicap,period=ft,away,handicap=0.75,2.75
2026-09-29T00:04:24.698399+02:00,36540575,Torneo Regional Federal Amateur,Argentina,FC San Nicolas (Aruba),Racing Club Pergamino,2026-09-28T23:00:00+00:00,55.5884,soccer.total_goals,period=ft,over,total=2.25,1.72
2026-09-29T00:04:24.698399+02:00,36540575,Torneo Regional Federal Amateur,Argentina,FC San Nicolas (Aruba),Racing Club Pergamino,2026-09-28T23:00:00+00:00,55.5884,soccer.total_goals,period=ft,under,total=2.25,1.92
2026-09-29T00:04:24.698399+02:00,36540575,Torneo Regional Federal Amateur,Argentina,FC San Nicolas (Aruba),Racing Club Pergamino,2026-09-28T23:00:00+00:00,55.5884,soccer.total_goals,period=ft,over,total=1.5,1.26
2026-09-29T00:04:24.698399+02:00,36540575,Torneo Regional Federal Amateur,Argentina,FC San Nicolas (Aruba),Racing Club Pergamino,2026-09-28T23:00:00+00:00,55.5884,soccer.total_goals,period=ft,under,total=1.5,2.95
2026-09-29T00:04:24.698399+02:00,36540575,Torneo Regional Federal Amateur,Argentina,FC San Nicolas (Aruba),Racing Club Pergamino,2026-09-28T23:00:00+00:00,55.5884,soccer.total_goals,period=ft,over,total=1.75,1.34
2026-09-29T00:04:24.698399+02:00,36540575,Torneo Regional Federal Amateur,Argentina,FC San Nicolas (Aruba),Racing Club Pergamino,2026-09-28T23:00:00+00:00,55.5884,soccer.total_goals,period=ft,under,total=1.75,2.6
2026-09-29T00:04:24.698399+02:00,36540575,Torneo Regional Federal Amateur,Argentina,FC San Nicolas (Aruba),Racing Club Pergamino,2026-09-28T23:00:00+00:00,55.5884,soccer.total_goals,period=ft,over,total=2,1.45
2026-09-29T00:04:24.698399+02:00,36540575,Torneo Regional Federal Amateur,Argentina,FC San Nicolas (Aruba),Racing Club Pergamino,2026-09-28T23:00:00+00:00,55.5884,soccer.total_goals,period=ft,under,total=2,2.25
2026-09-29T00:04:24.698399+02:00,36540575,Torneo Regional Federal Amateur,Argentina,FC San Nicolas (Aruba),Racing Club Pergamino,2026-09-28T23:00:00+00:00,55.5884,soccer.total_goals,period=ft,over,total=2.5,1.92
2026-09-29T00:04:24.698399+02:00,36540575,Torneo Regional Federal Amateur,Argentina,FC San Nicolas (Aruba),Racing Club Pergamino,2026-09-28T23:00:00+00:00,55.5884,soccer.total_goals,period=ft,under,total=2.5,1.66
2026-09-29T00:04:24.698399+02:00,36540575,Torneo Regional Federal Amateur,Argentina,FC San Nicolas (Aruba),Racing Club Pergamino,2026-09-28T23:00:00+00:00,55.5884,soccer.total_goals,period=ft,over,total=2.75,2.19
2026-09-29T00:04:24.698399+02:00,36540575,Torneo Regional Federal Amateur,Argentina,FC San Nicolas (Aruba),Racing Club Pergamino,2026-09-28T23:00:00+00:00,55.5884,soccer.total_goals,period=ft,under,total=2.75,1.5
2026-09-29T00:04:24.698399+02:00,36540575,Torneo Regional Federal Amateur,Argentina,FC San Nicolas (Aruba),Racing Club Pergamino,2026-09-28T23:00:00+00:00,55.5884,soccer.total_goals,period=ft,over,total=3,2.65
2026-09-29T00:04:24.698399+02:00,36540575,Torneo Regional Federal Amateur,Argentina,FC San Nicolas (Aruba),Racing Club Pergamino,2026-09-28T23:00:00+00:00,55.5884,soccer.total_goals,period=ft,under,total=3,1.33
2026-09-29T00:04:24.698399+02:00,36540574,Torneo Regional Federal Amateur,Argentina,Parana FC,CA Baradero,2026-09-28T23:00:00+00:00,55.5884,soccer.asian_handicap,period=ft,home,handicap=0,1.88
2026-09-29T00:04:24.698399+02:00,36540574,Torneo Regional Federal Amateur,Argentina,Parana FC,CA Baradero,2026-09-28T23:00:00+00:00,55.5884,soccer.asian_handicap,period=ft,away,handicap=0,1.82
2026-09-29T00:04:24.698399+02:00,36540574,Torneo Regional Federal Amateur,Argentina,Parana FC,CA Baradero,2026-09-28T23:00:00+00:00,55.5884,soccer.asian_handicap,period=ft,home,handicap=-0.75,3.0
2026-09-29T00:04:24.698399+02:00,36540574,Torneo Regional Federal Amateur,Argentina,Parana FC,CA Baradero,2026-09-28T23:00:00+00:00,55.5884,soccer.asian_handicap,period=ft,away,handicap=-0.75,1.3
2026-09-29T00:04:24.698399+02:00,36540574,Torneo Regional Federal Amateur,Argentina,Parana FC,CA Baradero,2026-09-28T23:00:00+00:00,55.5884,soccer.asian_handicap,period=ft,home,handicap=-0.5,2.5
2026-09-29T00:04:24.698399+02:00,36540574,Torneo Regional Federal Amateur,Argentina,Parana FC,CA Baradero,2026-09-28T23:00:00+00:00,55.5884,soccer.asian_handicap,period=ft,away,handicap=-0.5,1.43
2026-09-29T00:04:24.698399+02:00,36540574,Torneo Regional Federal Amateur,Argentina,Parana FC,CA Baradero,2026-09-28T23:00:00+00:00,55.5884,soccer.asian_handicap,period=ft,home,handicap=-0.25,2.19
2026-09-29T00:04:24.698399+02:00,36540574,Torneo Regional Federal Amateur,Argentina,Parana FC,CA Baradero,2026-09-28T23:00:00+00:00,55.5884,soccer.asian_handicap,period=ft,away,handicap=-0.25,1.57
2026-09-29T00:04:24.698399+02:00,36540574,Torneo Regional Federal Amateur,Argentina,Parana FC,CA Baradero,2026-09-28T23:00:00+00:00,55.5884,soccer.asian_handicap,period=ft,home,handicap=0.25,1.6
2026-09-29T00:04:24.698399+02:00,36540574,Torneo Regional Federal Amateur,Argentina,Parana FC,CA Baradero,2026-09-28T23:00:00+00:00,55.5884,soccer.asian_handicap,period=ft,away,handicap=0.25,2.13
2026-09-29T00:04:24.698399+02:00,36540574,Torneo Regional Federal Amateur,Argentina,Parana FC,CA Baradero,2026-09-28T23:00:00+00:00,55.5884,soccer.asian_handicap,period=ft,home,handicap=0.5,1.45
2026-09-29T00:04:24.698399+02:00,36540574,Torneo Regional Federal Amateur,Argentina,Parana FC,CA Baradero,2026-09-28T23:00:00+00:00,55.5884,soccer.asian_handicap,period=ft,away,handicap=0.5,2.4
2026-09-29T00:04:24.698399+02:00,36540574,Torneo Regional Federal Amateur,Argentina,Parana FC,CA Baradero,2026-09-28T23:00:00+00:00,55.5884,soccer.asian_handicap,period=ft,home,handicap=0.75,1.32
2026-09-29T00:04:24.698399+02:00,36540574,Torneo Regional Federal Amateur,Argentina,Parana FC,CA Baradero,2026-09-28T23:00:00+00:00,55.5884,soccer.asian_handicap,period=ft,away,handicap=0.75,2.9
2026-09-29T00:04:24.698399+02:00,36540574,Torneo Regional Federal Amateur,Argentina,Parana FC,CA Baradero,2026-09-28T23:00:00+00:00,55.5884,soccer.total_goals,period=ft,over,total=2.5,1.78
2026-09-29T00:04:24.698399+02:00,36540574,Torneo Regional Federal Amateur,Argentina,Parana FC,CA Baradero,2026-09-28T23:00:00+00:00,55.5884,soccer.total_goals,period=ft,under,total=2.5,1.92
2026-09-29T00:04:24.698399+02:00,36540574,Torneo Regional Federal Amateur,Argentina,Parana FC,CA Baradero,2026-09-28T23:00:00+00:00,55.5884,soccer.total_goals,period=ft,over,total=1.75,1.26
2026-09-29T00:04:24.698399+02:00,36540574,Torneo Regional Federal Amateur,Argentina,Parana FC,CA Baradero,2026-09-28T23:00:00+00:00,55.5884,soccer.total_goals,period=ft,under,total=1.75,3.2
2026-09-29T00:04:24.698399+02:00,36540574,Torneo Regional Federal Amateur,Argentina,Parana FC,CA Baradero,2026-09-28T23:00:00+00:00,55.5884,soccer.total_goals,period=ft,over,total=2,1.34
2026-09-29T00:04:24.698399+02:00,36540574,Torneo Regional Federal Amateur,Argentina,Parana FC,CA Baradero,2026-09-28T23:00:00+00:00,55.5884,soccer.total_goals,period=ft,under,total=2,2.8
2026-09-29T00:04:24.698399+02:00,36540574,Torneo Regional Federal Amateur,Argentina,Parana FC,CA Baradero,2026-09-28T23:00:00+00:00,55.5884,soccer.total_goals,period=ft,over,total=2.25,1.56
2026-09-29T00:04:24.698399+02:00,36540574,Torneo Regional Federal Amateur,Argentina,Parana FC,CA Baradero,2026-09-28T23:00:00+00:00,55.5884,soccer.total_goals,period=ft,under,total=2.25,2.2
2026-09-29T00:04:24.698399+02:00,36540574,Torneo Regional Federal Amateur,Argentina,Parana FC,CA Baradero,2026-09-28T23:00:00+00:00,55.5884,soccer.total_goals,period=ft,over,total=2.75,1.97
2026-09-29T00:04:24.698399+02:00,36540574,Torneo Regional Federal Amateur,Argentina,Parana FC,CA Baradero,2026-09-28T23:00:00+00:00,55.5884,soccer.total_goals,period=ft,under,total=2.75,1.71
2026-09-29T00:04:24.698399+02:00,36540574,Torneo Regional Federal Amateur,Argentina,Parana FC,CA Baradero,2026-09-28T23:00:00+00:00,55.5884,soccer.total_goals,period=ft,over,total=3,2.25
2026-09-29T00:04:24.698399+02:00,36540574,Torneo Regional Federal Amateur,Argentina,Parana FC,CA Baradero,2026-09-28T23:00:00+00:00,55.5884,soccer.total_goals,period=ft,under,total=3,1.51
2026-09-29T00:04:24.698399+02:00,36540574,Torneo Regional Federal Amateur,Argentina,Parana FC,CA Baradero,2026-09-28T23:00:00+00:00,55.5884,soccer.total_goals,period=ft,over,total=3.25,2.55
2026-09-29T00:04:24.698399+02:00,36540574,Torneo Regional Federal Amateur,Argentina,Parana FC,CA Baradero,2026-09-28T23:00:00+00:00,55.5884,soccer.total_goals,period=ft,under,total=3.25,1.41
2026-09-29T00:06:25.193313+02:00,36540575,Torneo Regional Federal Amateur,Argentina,FC San Nicolas (Aruba),Racing Club Pergamino,2026-09-28T23:00:00+00:00,53.5801,soccer.asian_handicap,period=ft,home,handicap=0,1.86
2026-09-29T00:06:25.193313+02:00,36540575,Torneo Regional Federal Amateur,Argentina,FC San Nicolas (Aruba),Racing Club Pergamino,2026-09-28T23:00:00+00:00,53.5801,soccer.asian_handicap,period=ft,away,handicap=0,1.76
2026-09-29T00:06:25.193313+02:00,36540575,Torneo Regional Federal Amateur,Argentina,FC San Nicolas (Aruba),Racing Club Pergamino,2026-09-28T23:00:00+00:00,53.5801,soccer.asian_handicap,period=ft,home,handicap=-0.75,2.95
2026-09-29T00:06:25.193313+02:00,36540575,Torneo Regional Federal Amateur,Argentina,FC San Nicolas (Aruba),Racing Club Pergamino,2026-09-28T23:00:00+00:00,53.5801,soccer.asian_handicap,period=ft,away,handicap=-0.75,1.26
2026-09-29T00:06:25.193313+02:00,36540575,Torneo Regional Federal Amateur,Argentina,FC San Nicolas (Aruba),Racing Club Pergamino,2026-09-28T23:00:00+00:00,53.5801,soccer.asian_handicap,period=ft,home,handicap=-0.5,2.45
2026-09-29T00:06:25.193313+02:00,36540575,Torneo Regional Federal Amateur,Argentina,FC San Nicolas (Aruba),Racing Club Pergamino,2026-09-28T23:00:00+00:00,53.5801,soccer.asian_handicap,period=ft,away,handicap=-0.5,1.39
2026-09-29T00:06:25.193313+02:00,36540575,Torneo Regional Federal Amateur,Argentina,FC San Nicolas (Aruba),Racing Club Pergamino,2026-09-28T23:00:00+00:00,53.5801,soccer.asian_handicap,period=ft,home,handicap=-0.25,2.14
2026-09-29T00:06:25.193313+02:00,36540575,Torneo Regional Federal Amateur,Argentina,FC San Nicolas (Aruba),Racing Club Pergamino,2026-09-28T23:00:00+00:00,53.5801,soccer.asian_handicap,period=ft,away,handicap=-0.25,1.52
2026-09-29T00:06:25.193313+02:00,36540575,Torneo Regional Federal Amateur,Argentina,FC San Nicolas (Aruba),Racing Club Pergamino,2026-09-28T23:00:00+00:00,53.5801,soccer.asian_handicap,period=ft,home,handicap=0.25,1.58
2026-09-29T00:06:25.193313+02:00,36540575,Torneo Regional Federal Amateur,Argentina,FC San Nicolas (Aruba),Racing Club Pergamino,2026-09-28T23:00:00+00:00,53.5801,soccer.asian_handicap,period=ft,away,handicap=0.25,2.03
2026-09-29T00:06:25.193313+02:00,36540575,Torneo Regional Federal Amateur,Argentina,FC San Nicolas (Aruba),Racing Club Pergamino,2026-09-28T23:00:00+00:00,53.5801,soccer.asian_handicap,period=ft,home,handicap=0.5,1.44
2026-09-29T00:06:25.193313+02:00,36540575,Torneo Regional Federal Amateur,Argentina,FC San Nicolas (Aruba),Racing Club Pergamino,2026-09-28T23:00:00+00:00,53.5801,soccer.asian_handicap,period=ft,away,handicap=0.5,2.3
2026-09-29T00:06:25.193313+02:00,36540575,Torneo Regional Federal Amateur,Argentina,FC San Nicolas (Aruba),Racing Club Pergamino,2026-09-28T23:00:00+00:00,53.5801,soccer.asian_handicap,period=ft,home,handicap=0.75,1.3
2026-09-29T00:06:25.193313+02:00,36540575,Torneo Regional Federal Amateur,Argentina,FC San Nicolas (Aruba),Racing Club Pergamino,2026-09-28T23:00:00+00:00,53.5801,soccer.asian_handicap,period=ft,away,handicap=0.75,2.75
2026-09-29T00:06:25.193313+02:00,36540575,Torneo Regional Federal Amateur,Argentina,FC San Nicolas (Aruba),Racing Club Pergamino,2026-09-28T23:00:00+00:00,53.5801,soccer.total_goals,period=ft,over,total=2.25,1.72
2026-09-29T00:06:25.193313+02:00,36540575,Torneo Regional Federal Amateur,Argentina,FC San Nicolas (Aruba),Racing Club Pergamino,2026-09-28T23:00:00+00:00,53.5801,soccer.total_goals,period=ft,under,total=2.25,1.92
2026-09-29T00:06:25.193313+02:00,36540575,Torneo Regional Federal Amateur,Argentina,FC San Nicolas (Aruba),Racing Club Pergamino,2026-09-28T23:00:00+00:00,53.5801,soccer.total_goals,period=ft,over,total=1.5,1.26
2026-09-29T00:06:25.193313+02:00,36540575,Torneo Regional Federal Amateur,Argentina,FC San Nicolas (Aruba),Racing Club Pergamino,2026-09-28T23:00:00+00:00,53.5801,soccer.total_goals,period=ft,under,total=1.5,2.95
2026-09-29T00:06:25.193313+02:00,36540575,Torneo Regional Federal Amateur,Argentina,FC San Nicolas (Aruba),Racing Club Pergamino,2026-09-28T23:00:00+00:00,53.5801,soccer.total_goals,period=ft,over,total=1.75,1.34
2026-09-29T00:06:25.193313+02:00,36540575,Torneo Regional Federal Amateur,Argentina,FC San Nicolas (Aruba),Racing Club Pergamino,2026-09-28T23:00:00+00:00,53.5801,soccer.total_goals,period=ft,under,total=1.75,2.6
2026-09-29T00:06:25.193313+02:00,36540575,Torneo Regional Federal Amateur,Argentina,FC San Nicolas (Aruba),Racing Club Pergamino,2026-09-28T23:00:00+00:00,53.5801,soccer.total_goals,period=ft,over,total=2,1.45
2026-09-29T00:06:25.193313+02:00,36540575,Torneo Regional Federal Amateur,Argentina,FC San Nicolas (Aruba),Racing Club Pergamino,2026-09-28T23:00:00+00:00,53.5801,soccer.total_goals,period=ft,under,total=2,2.25
2026-09-29T00:06:25.193313+02:00,36540575,Torneo Regional Federal Amateur,Argentina,FC San Nicolas (Aruba),Racing Club Pergamino,2026-09-28T23:00:00+00:00,53.5801,soccer.total_goals,period=ft,over,total=2.5,1.92
2026-09-29T00:06:25.193313+02:00,36540575,Torneo Regional Federal Amateur,Argentina,FC San Nicolas (Aruba),Racing Club Pergamino,2026-09-28T23:00:00+00:00,53.5801,soccer.total_goals,period=ft,under,total=2.5,1.66
2026-09-29T00:06:25.193313+02:00,36540575,Torneo Regional Federal Amateur,Argentina,FC San Nicolas (Aruba),Racing Club Pergamino,2026-09-28T23:00:00+00:00,53.5801,soccer.total_goals,period=ft,over,total=2.75,2.19
2026-09-29T00:06:25.193313+02:00,36540575,Torneo Regional Federal Amateur,Argentina,FC San Nicolas (Aruba),Racing Club Pergamino,2026-09-28T23:00:00+00:00,53.5801,soccer.total_goals,period=ft,under,total=2.75,1.5
2026-09-29T00:06:25.193313+02:00,36540575,Torneo Regional Federal Amateur,Argentina,FC San Nicolas (Aruba),Racing Club Pergamino,2026-09-28T23:00:00+00:00,53.5801,soccer.total_goals,period=ft,over,total=3,2.65
2026-09-29T00:06:25.193313+02:00,36540575,Torneo Regional Federal Amateur,Argentina,FC San Nicolas (Aruba),Racing Club Pergamino,2026-09-28T23:00:00+00:00,53.5801,soccer.total_goals,period=ft,under,total=3,1.33
2026-09-29T00:06:25.193313+02:00,36540574,Torneo Regional Federal Amateur,Argentina,Parana FC,CA Baradero,2026-09-28T23:00:00+00:00,53.5801,soccer.asian_handicap,period=ft,home,handicap=0,1.88
2026-09-29T00:06:25.193313+02:00,36540574,Torneo Regional Federal Amateur,Argentina,Parana FC,CA Baradero,2026-09-28T23:00:00+00:00,53.5801,soccer.asian_handicap,period=ft,away,handicap=0,1.82
2026-09-29T00:06:25.193313+02:00,36540574,Torneo Regional Federal Amateur,Argentina,Parana FC,CA Baradero,2026-09-28T23:00:00+00:00,53.5801,soccer.asian_handicap,period=ft,home,handicap=-0.75,3.0
2026-09-29T00:06:25.193313+02:00,36540574,Torneo Regional Federal Amateur,Argentina,Parana FC,CA Baradero,2026-09-28T23:00:00+00:00,53.5801,soccer.asian_handicap,period=ft,away,handicap=-0.75,1.3
2026-09-29T00:06:25.193313+02:00,36540574,Torneo Regional Federal Amateur,Argentina,Parana FC,CA Baradero,2026-09-28T23:00:00+00:00,53.5801,soccer.asian_handicap,period=ft,home,handicap=-0.5,2.5
2026-09-29T00:06:25.193313+02:00,36540574,Torneo Regional Federal Amateur,Argentina,Parana FC,CA Baradero,2026-09-28T23:00:00+00:00,53.5801,soccer.asian_handicap,period=ft,away,handicap=-0.5,1.43
2026-09-29T00:06:25.193313+02:00,36540574,Torneo Regional Federal Amateur,Argentina,Parana FC,CA Baradero,2026-09-28T23:00:00+00:00,53.5801,soccer.asian_handicap,period=ft,home,handicap=-0.25,2.19
2026-09-29T00:06:25.193313+02:00,36540574,Torneo Regional Federal Amateur,Argentina,Parana FC,CA Baradero,2026-09-28T23:00:00+00:00,53.5801,soccer.asian_handicap,period=ft,away,handicap=-0.25,1.57
2026-09-29T00:06:25.193313+02:00,36540574,Torneo Regional Federal Amateur,Argentina,Parana FC,CA Baradero,2026-09-28T23:00:00+00:00,53.5801,soccer.asian_handicap,period=ft,home,handicap=0.25,1.6
2026-09-29T00:06:25.193313+02:00,36540574,Torneo Regional Federal Amateur,Argentina,Parana FC,CA Baradero,2026-09-28T23:00:00+00:00,53.5801,soccer.asian_handicap,period=ft,away,handicap=0.25,2.13
2026-09-29T00:06:25.193313+02:00,36540574,Torneo Regional Federal Amateur,Argentina,Parana FC,CA Baradero,2026-09-28T23:00:00+00:00,53.5801,soccer.asian_handicap,period=ft,home,handicap=0.5,1.45
2026-09-29T00:06:25.193313+02:00,36540574,Torneo Regional Federal Amateur,Argentina,Parana FC,CA Baradero,2026-09-28T23:00:00+00:00,53.5801,soccer.asian_handicap,period=ft,away,handicap=0.5,2.4
2026-09-29T00:06:25.193313+02:00,36540574,Torneo Regional Federal Amateur,Argentina,Parana FC,CA Baradero,2026-09-28T23:00:00+00:00,53.5801,soccer.asian_handicap,period=ft,home,handicap=0.75,1.32
2026-09-29T00:06:25.193313+02:00,36540574,Torneo Regional Federal Amateur,Argentina,Parana FC,CA Baradero,2026-09-28T23:00:00+00:00,53.5801,soccer.asian_handicap,period=ft,away,handicap=0.75,2.9
2026-09-29T00:06:25.193313+02:00,36540574,Torneo Regional Federal Amateur,Argentina,Parana FC,CA Baradero,2026-09-28T23:00:00+00:00,53.5801,soccer.total_goals,period=ft,over,total=2.5,1.78
2026-09-29T00:06:25.193313+02:00,36540574,Torneo Regional Federal Amateur,Argentina,Parana FC,CA Baradero,2026-09-28T23:00:00+00:00,53.5801,soccer.total_goals,period=ft,under,total=2.5,1.92
2026-09-29T00:06:25.193313+02:00,36540574,Torneo Regional Federal Amateur,Argentina,Parana FC,CA Baradero,2026-09-28T23:00:00+00:00,53.5801,soccer.total_goals,period=ft,over,total=1.75,1.26
2026-09-29T00:06:25.193313+02:00,36540574,Torneo Regional Federal Amateur,Argentina,Parana FC,CA Baradero,2026-09-28T23:00:00+00:00,53.5801,soccer.total_goals,period=ft,under,total=1.75,3.2
2026-09-29T00:06:25.193313+02:00,36540574,Torneo Regional Federal Amateur,Argentina,Parana FC,CA Baradero,2026-09-28T23:00:00+00:00,53.5801,soccer.total_goals,period=ft,over,total=2,1.34
2026-09-29T00:06:25.193313+02:00,36540574,Torneo Regional Federal Amateur,Argentina,Parana FC,CA Baradero,2026-09-28T23:00:00+00:00,53.5801,soccer.total_goals,period=ft,under,total=2,2.8
2026-09-29T00:06:25.193313+02:00,36540574,Torneo Regional Federal Amateur,Argentina,Parana FC,CA Baradero,2026-09-28T23:00:00+00:00,53.5801,soccer.total_goals,period=ft,over,total=2.25,1.56
2026-09-29T00:06:25.193313+02:00,36540574,Torneo Regional Federal Amateur,Argentina,Parana FC,CA Baradero,2026-09-28T23:00:00+00:00,53.5801,soccer.total_goals,period=ft,under,total=2.25,2.2
2026-09-29T00:06:25.193313+02:00,36540574,Torneo Regional Federal Amateur,Argentina,Parana FC,CA Baradero,2026-09-28T23:00:00+00:00,53.5801,soccer.total_goals,period=ft,over,total=2.75,1.97
2026-09-29T00:06:25.193313+02:00,36540574,Torneo Regional Federal Amateur,Argentina,Parana FC,CA Baradero,2026-09-28T23:00:00+00:00,53.5801,soccer.total_goals,period=ft,under,total=2.75,1.71
2026-09-29T00:06:25.193313+02:00,36540574,Torneo Regional Federal Amateur,Argentina,Parana FC,CA Baradero,2026-09-28T23:00:00+00:00,53.5801,soccer.total_goals,period=ft,over,total=3,2.25
2026-09-29T00:06:25.193313+02:00,36540574,Torneo Regional Federal Amateur,Argentina,Parana FC,CA Baradero,2026-09-28T23:00:00+00:00,53.5801,soccer.total_goals,period=ft,under,total=3,1.51
2026-09-29T00:06:25.193313+02:00,36540574,Torneo Regional Federal Amateur,Argentina,Parana FC,CA Baradero,2026-09-28T23:00:00+00:00,53.5801,soccer.total_goals,period=ft,over,total=3.25,2.55
2026-09-29T00:06:25.193313+02:00,36540574,Torneo Regional Federal Amateur,Argentina,Parana FC,CA Baradero,2026-09-28T23:00:00+00:00,53.5801,soccer.total_goals,period=ft,under,total=3.25,1.41
2026-09-29T00:06:25.193313+02:00,36536383,Primera B,Colombia,Deportes Quindio,Bogota FC,2026-09-28T23:00:00+00:00,53.5801,soccer.asian_handicap,period=ft,home,handicap=-0.5,1.93
2026-09-29T00:06:25.193313+02:00,36536383,Primera B,Colombia,Deportes Quindio,Bogota FC,2026-09-28T23:00:00+00:00,53.5801,soccer.asian_handicap,period=ft,away,handicap=-0.5,1.86
2026-09-29T00:06:25.193313+02:00,36536383,Primera B,Colombia,Deportes Quindio,Bogota FC,2026-09-28T23:00:00+00:00,53.5801,soccer.asian_handicap,period=ft,home,handicap=-1.25,3.15
2026-09-29T00:06:25.193313+02:00,36536383,Primera B,Colombia,Deportes Quindio,Bogota FC,2026-09-28T23:00:00+00:00,53.5801,soccer.asian_handicap,period=ft,away,handicap=-1.25,1.32
2026-09-29T00:06:25.193313+02:00,36536383,Primera B,Colombia,Deportes Quindio,Bogota FC,2026-09-28T23:00:00+00:00,53.5801,soccer.asian_handicap,period=ft,home,handicap=-1,2.75
2026-09-29T00:06:25.193313+02:00,36536383,Primera B,Colombia,Deportes Quindio,Bogota FC,2026-09-28T23:00:00+00:00,53.5801,soccer.asian_handicap,period=ft,away,handicap=-1,1.4
2026-09-29T00:06:25.193313+02:00,36536383,Primera B,Colombia,Deportes Quindio,Bogota FC,2026-09-28T23:00:00+00:00,53.5801,soccer.asian_handicap,period=ft,home,handicap=-0.75,2.2
2026-09-29T00:06:25.193313+02:00,36536383,Primera B,Colombia,Deportes Quindio,Bogota FC,2026-09-28T23:00:00+00:00,53.5801,soccer.asian_handicap,period=ft,away,handicap=-0.75,1.63
2026-09-29T00:06:25.193313+02:00,36536383,Primera B,Colombia,Deportes Quindio,Bogota FC,2026-09-28T23:00:00+00:00,53.5801,soccer.asian_handicap,period=ft,home,handicap=-0.25,1.63
2026-09-29T00:06:25.193313+02:00,36536383,Primera B,Colombia,Deportes Quindio,Bogota FC,2026-09-28T23:00:00+00:00,53.5801,soccer.asian_handicap,period=ft,away,handicap=-0.25,2.2
2026-09-29T00:06:25.193313+02:00,36536383,Primera B,Colombia,Deportes Quindio,Bogota FC,2026-09-28T23:00:00+00:00,53.5801,soccer.asian_handicap,period=ft,home,handicap=0,1.34
2026-09-29T00:06:25.193313+02:00,36536383,Primera B,Colombia,Deportes Quindio,Bogota FC,2026-09-28T23:00:00+00:00,53.5801,soccer.asian_handicap,period=ft,away,handicap=0,3.0
2026-09-29T00:06:25.193313+02:00,36536383,Primera B,Colombia,Deportes Quindio,Bogota FC,2026-09-28T23:00:00+00:00,53.5801,soccer.asian_handicap,period=ft,home,handicap=0.25,1.25
2026-09-29T00:06:25.193313+02:00,36536383,Primera B,Colombia,Deportes Quindio,Bogota FC,2026-09-28T23:00:00+00:00,53.5801,soccer.asian_handicap,period=ft,away,handicap=0.25,3.6
2026-09-29T00:06:25.193313+02:00,36536383,Primera B,Colombia,Deportes Quindio,Bogota FC,2026-09-28T23:00:00+00:00,53.5801,soccer.double_chance,period=ft,draw_away,,1.84
2026-09-29T00:06:25.193313+02:00,36536383,Primera B,Colombia,Deportes Quindio,Bogota FC,2026-09-28T23:00:00+00:00,53.5801,soccer.double_chance,period=ft,home_away,,1.36
2026-09-29T00:06:25.193313+02:00,36536383,Primera B,Colombia,Deportes Quindio,Bogota FC,2026-09-28T23:00:00+00:00,53.5801,soccer.double_chance,period=ft,home_draw,,1.2
2026-09-29T00:06:25.193313+02:00,36536383,Primera B,Colombia,Deportes Quindio,Bogota FC,2026-09-28T23:00:00+00:00,53.5801,soccer.match_odds,period=ft,home,,1.92
2026-09-29T00:06:25.193313+02:00,36536383,Primera B,Colombia,Deportes Quindio,Bogota FC,2026-09-28T23:00:00+00:00,53.5801,soccer.match_odds,period=ft,draw,,3.0
2026-09-29T00:06:25.193313+02:00,36536383,Primera B,Colombia,Deportes Quindio,Bogota FC,2026-09-28T23:00:00+00:00,53.5801,soccer.match_odds,period=ft,away,,4.25
2026-09-29T00:06:25.193313+02:00,36536383,Primera B,Colombia,Deportes Quindio,Bogota FC,2026-09-28T23:00:00+00:00,53.5801,soccer.total_goals,period=ft,over,total=2,1.79
2026-09-29T00:06:25.193313+02:00,36536383,Primera B,Colombia,Deportes Quindio,Bogota FC,2026-09-28T23:00:00+00:00,53.5801,soccer.total_goals,period=ft,under,total=2,2.0
2026-09-29T00:06:25.193313+02:00,36536383,Primera B,Colombia,Deportes Quindio,Bogota FC,2026-09-28T23:00:00+00:00,53.5801,soccer.total_goals,period=ft,over,total=1.25,1.27
2026-09-29T00:06:25.193313+02:00,36536383,Primera B,Colombia,Deportes Quindio,Bogota FC,2026-09-28T23:00:00+00:00,53.5801,soccer.total_goals,period=ft,under,total=1.25,3.4
2026-09-29T00:06:25.193313+02:00,36536383,Primera B,Colombia,Deportes Quindio,Bogota FC,2026-09-28T23:00:00+00:00,53.5801,soccer.total_goals,period=ft,over,total=1.5,1.42
2026-09-29T00:06:25.193313+02:00,36536383,Primera B,Colombia,Deportes Quindio,Bogota FC,2026-09-28T23:00:00+00:00,53.5801,soccer.total_goals,period=ft,under,total=1.5,2.65
2026-09-29T00:06:25.193313+02:00,36536383,Primera B,Colombia,Deportes Quindio,Bogota FC,2026-09-28T23:00:00+00:00,53.5801,soccer.total_goals,period=ft,over,total=1.75,1.56
2026-09-29T00:06:25.193313+02:00,36536383,Primera B,Colombia,Deportes Quindio,Bogota FC,2026-09-28T23:00:00+00:00,53.5801,soccer.total_goals,period=ft,under,total=1.75,2.3
2026-09-29T00:06:25.193313+02:00,36536383,Primera B,Colombia,Deportes Quindio,Bogota FC,2026-09-28T23:00:00+00:00,53.5801,soccer.total_goals,period=ft,over,total=2.25,2.09
2026-09-29T00:06:25.193313+02:00,36536383,Primera B,Colombia,Deportes Quindio,Bogota FC,2026-09-28T23:00:00+00:00,53.5801,soccer.total_goals,period=ft,under,total=2.25,1.69
2026-09-29T00:06:25.193313+02:00,36536383,Primera B,Colombia,Deportes Quindio,Bogota FC,2026-09-28T23:00:00+00:00,53.5801,soccer.total_goals,period=ft,over,total=2.5,2.35
2026-09-29T00:06:25.193313+02:00,36536383,Primera B,Colombia,Deportes Quindio,Bogota FC,2026-09-28T23:00:00+00:00,53.5801,soccer.total_goals,period=ft,under,total=2.5,1.51
2026-09-29T00:06:25.193313+02:00,36536383,Primera B,Colombia,Deportes Quindio,Bogota FC,2026-09-28T23:00:00+00:00,53.5801,soccer.total_goals,period=ft,over,total=2.75,2.8
2026-09-29T00:06:25.193313+02:00,36536383,Primera B,Colombia,Deportes Quindio,Bogota FC,2026-09-28T23:00:00+00:00,53.5801,soccer.total_goals,period=ft,under,total=2.75,1.38
2026-09-29T00:06:25.193313+02:00,36439576,Brasileiro Serie B,Brazil,America FC MG,EC Juventude RS,2026-09-28T22:30:00+00:00,23.5801,soccer.asian_handicap,period=ft,home,handicap=0.5,1.91
2026-09-29T00:06:25.193313+02:00,36439576,Brasileiro Serie B,Brazil,America FC MG,EC Juventude RS,2026-09-28T22:30:00+00:00,23.5801,soccer.asian_handicap,period=ft,away,handicap=0.5,1.93
2026-09-29T00:06:25.193313+02:00,36439576,Brasileiro Serie B,Brazil,America FC MG,EC Juventude RS,2026-09-28T22:30:00+00:00,23.5801,soccer.asian_handicap,period=ft,home,handicap=-0.5,4.2
2026-09-29T00:06:25.193313+02:00,36439576,Brasileiro Serie B,Brazil,America FC MG,EC Juventude RS,2026-09-28T22:30:00+00:00,23.5801,soccer.asian_handicap,period=ft,away,handicap=-0.5,1.22
2026-09-29T00:06:25.193313+02:00,36439576,Brasileiro Serie B,Brazil,America FC MG,EC Juventude RS,2026-09-28T22:30:00+00:00,23.5801,soccer.asian_handicap,period=ft,home,handicap=-0.25,3.65
2026-09-29T00:06:25.193313+02:00,36439576,Brasileiro Serie B,Brazil,America FC MG,EC Juventude RS,2026-09-28T22:30:00+00:00,23.5801,soccer.asian_handicap,period=ft,away,handicap=-0.25,1.28
2026-09-29T00:06:25.193313+02:00,36439576,Brasileiro Serie B,Brazil,America FC MG,EC Juventude RS,2026-09-28T22:30:00+00:00,23.5801,soccer.asian_handicap,period=ft,home,handicap=0,3.05
2026-09-29T00:06:25.193313+02:00,36439576,Brasileiro Serie B,Brazil,America FC MG,EC Juventude RS,2026-09-28T22:30:00+00:00,23.5801,soccer.asian_handicap,period=ft,away,handicap=0,1.38
2026-09-29T00:06:25.193313+02:00,36439576,Brasileiro Serie B,Brazil,America FC MG,EC Juventude RS,2026-09-28T22:30:00+00:00,23.5801,soccer.asian_handicap,period=ft,home,handicap=0.25,2.25
2026-09-29T00:06:25.193313+02:00,36439576,Brasileiro Serie B,Brazil,America FC MG,EC Juventude RS,2026-09-28T22:30:00+00:00,23.5801,soccer.asian_handicap,period=ft,away,handicap=0.25,1.65
2026-09-29T00:06:25.193313+02:00,36439576,Brasileiro Serie B,Brazil,America FC MG,EC Juventude RS,2026-09-28T22:30:00+00:00,23.5801,soccer.asian_handicap,period=ft,home,handicap=0.75,1.67
2026-09-29T00:06:25.193313+02:00,36439576,Brasileiro Serie B,Brazil,America FC MG,EC Juventude RS,2026-09-28T22:30:00+00:00,23.5801,soccer.asian_handicap,period=ft,away,handicap=0.75,2.2
2026-09-29T00:06:25.193313+02:00,36439576,Brasileiro Serie B,Brazil,America FC MG,EC Juventude RS,2026-09-28T22:30:00+00:00,23.5801,soccer.asian_handicap,period=ft,home,handicap=1,1.43
2026-09-29T00:06:25.193313+02:00,36439576,Brasileiro Serie B,Brazil,America FC MG,EC Juventude RS,2026-09-28T22:30:00+00:00,23.5801,soccer.asian_handicap,period=ft,away,handicap=1,2.85
2026-09-29T00:06:25.193313+02:00,36439576,Brasileiro Serie B,Brazil,America FC MG,EC Juventude RS,2026-09-28T22:30:00+00:00,23.5801,soccer.asian_handicap,period=ft,home,handicap=1.25,1.33
2026-09-29T00:06:25.193313+02:00,36439576,Brasileiro Serie B,Brazil,America FC MG,EC Juventude RS,2026-09-28T22:30:00+00:00,23.5801,soccer.asian_handicap,period=ft,away,handicap=1.25,3.25
2026-09-29T00:06:25.193313+02:00,36439576,Brasileiro Serie B,Brazil,America FC MG,EC Juventude RS,2026-09-28T22:30:00+00:00,23.5801,soccer.asian_handicap,period=ft,home,handicap=1.5,1.27
2026-09-29T00:06:25.193313+02:00,36439576,Brasileiro Serie B,Brazil,America FC MG,EC Juventude RS,2026-09-28T22:30:00+00:00,23.5801,soccer.asian_handicap,period=ft,away,handicap=1.5,3.7
2026-09-29T00:06:25.193313+02:00,36439576,Brasileiro Serie B,Brazil,America FC MG,EC Juventude RS,2026-09-28T22:30:00+00:00,23.5801,soccer.double_chance,period=ft,draw_away,,1.23
2026-09-29T00:06:25.193313+02:00,36439576,Brasileiro Serie B,Brazil,America FC MG,EC Juventude RS,2026-09-28T22:30:00+00:00,23.5801,soccer.double_chance,period=ft,home_away,,1.31
2026-09-29T00:06:25.193313+02:00,36439576,Brasileiro Serie B,Brazil,America FC MG,EC Juventude RS,2026-09-28T22:30:00+00:00,23.5801,soccer.double_chance,period=ft,home_draw,,1.9
2026-09-29T00:06:25.193313+02:00,36439576,Brasileiro Serie B,Brazil,America FC MG,EC Juventude RS,2026-09-28T22:30:00+00:00,23.5801,soccer.match_odds,period=ft,home,,4.25
2026-09-29T00:06:25.193313+02:00,36439576,Brasileiro Serie B,Brazil,America FC MG,EC Juventude RS,2026-09-28T22:30:00+00:00,23.5801,soccer.match_odds,period=ft,draw,,3.35
2026-09-29T00:06:25.193313+02:00,36439576,Brasileiro Serie B,Brazil,America FC MG,EC Juventude RS,2026-09-28T22:30:00+00:00,23.5801,soccer.match_odds,period=ft,away,,1.92
2026-09-29T00:06:25.193313+02:00,36439576,Brasileiro Serie B,Brazil,America FC MG,EC Juventude RS,2026-09-28T22:30:00+00:00,23.5801,soccer.total_goals,period=ft,over,total=2.25,2.0
2026-09-29T00:06:25.193313+02:00,36439576,Brasileiro Serie B,Brazil,America FC MG,EC Juventude RS,2026-09-28T22:30:00+00:00,23.5801,soccer.total_goals,period=ft,under,total=2.25,1.83
2026-09-29T00:06:25.193313+02:00,36439576,Brasileiro Serie B,Brazil,America FC MG,EC Juventude RS,2026-09-28T22:30:00+00:00,23.5801,soccer.total_goals,period=ft,over,total=1.5,1.41
2026-09-29T00:06:25.193313+02:00,36439576,Brasileiro Serie B,Brazil,America FC MG,EC Juventude RS,2026-09-28T22:30:00+00:00,23.5801,soccer.total_goals,period=ft,under,total=1.5,2.85
2026-09-29T00:06:25.193313+02:00,36439576,Brasileiro Serie B,Brazil,America FC MG,EC Juventude RS,2026-09-28T22:30:00+00:00,23.5801,soccer.total_goals,period=ft,over,total=1.75,1.52
2026-09-29T00:06:25.193313+02:00,36439576,Brasileiro Serie B,Brazil,America FC MG,EC Juventude RS,2026-09-28T22:30:00+00:00,23.5801,soccer.total_goals,period=ft,under,total=1.75,2.5
2026-09-29T00:06:25.193313+02:00,36439576,Brasileiro Serie B,Brazil,America FC MG,EC Juventude RS,2026-09-28T22:30:00+00:00,23.5801,soccer.total_goals,period=ft,over,total=2,1.7
2026-09-29T00:06:25.193313+02:00,36439576,Brasileiro Serie B,Brazil,America FC MG,EC Juventude RS,2026-09-28T22:30:00+00:00,23.5801,soccer.total_goals,period=ft,under,total=2,2.16
2026-09-29T00:06:25.193313+02:00,36439576,Brasileiro Serie B,Brazil,America FC MG,EC Juventude RS,2026-09-28T22:30:00+00:00,23.5801,soccer.total_goals,period=ft,over,total=2.5,2.25
2026-09-29T00:06:25.193313+02:00,36439576,Brasileiro Serie B,Brazil,America FC MG,EC Juventude RS,2026-09-28T22:30:00+00:00,23.5801,soccer.total_goals,period=ft,under,total=2.5,1.63
2026-09-29T00:06:25.193313+02:00,36439576,Brasileiro Serie B,Brazil,America FC MG,EC Juventude RS,2026-09-28T22:30:00+00:00,23.5801,soccer.total_goals,period=ft,over,total=2.75,2.65
2026-09-29T00:06:25.193313+02:00,36439576,Brasileiro Serie B,Brazil,America FC MG,EC Juventude RS,2026-09-28T22:30:00+00:00,23.5801,soccer.total_goals,period=ft,under,total=2.75,1.48
2026-09-29T00:06:25.193313+02:00,36439576,Brasileiro Serie B,Brazil,America FC MG,EC Juventude RS,2026-09-28T22:30:00+00:00,23.5801,soccer.total_goals,period=ft,over,total=3.5,4.1
2026-09-29T00:06:25.193313+02:00,36439576,Brasileiro Serie B,Brazil,America FC MG,EC Juventude RS,2026-09-28T22:30:00+00:00,23.5801,soccer.total_goals,period=ft,under,total=3.5,1.22
2026-09-29T00:06:25.193313+02:00,36540589,Segunda Division,Paraguay,Guairena FC,Club Fernando de La Mora,2026-09-28T22:15:00+00:00,8.5801,soccer.asian_handicap,period=ft,home,handicap=-0.5,0.0
2026-09-29T00:06:25.193313+02:00,36540589,Segunda Division,Paraguay,Guairena FC,Club Fernando de La Mora,2026-09-28T22:15:00+00:00,8.5801,soccer.asian_handicap,period=ft,away,handicap=-0.5,0.0
2026-09-29T00:06:25.193313+02:00,36540589,Segunda Division,Paraguay,Guairena FC,Club Fernando de La Mora,2026-09-28T22:15:00+00:00,8.5801,soccer.asian_handicap,period=ft,home,handicap=-0.25,2.3
2026-09-29T00:06:25.193313+02:00,36540589,Segunda Division,Paraguay,Guairena FC,Club Fernando de La Mora,2026-09-28T22:15:00+00:00,8.5801,soccer.asian_handicap,period=ft,away,handicap=-0.25,1.51
2026-09-29T00:06:25.193313+02:00,36540589,Segunda Division,Paraguay,Guairena FC,Club Fernando de La Mora,2026-09-28T22:15:00+00:00,8.5801,soccer.asian_handicap,period=ft,home,handicap=0,1.95
2026-09-29T00:06:25.193313+02:00,36540589,Segunda Division,Paraguay,Guairena FC,Club Fernando de La Mora,2026-09-28T22:15:00+00:00,8.5801,soccer.asian_handicap,period=ft,away,handicap=0,1.75
2026-09-29T00:06:25.193313+02:00,36540589,Segunda Division,Paraguay,Guairena FC,Club Fernando de La Mora,2026-09-28T22:15:00+00:00,8.5801,soccer.asian_handicap,period=ft,home,handicap=0.25,1.63
2026-09-29T00:06:25.193313+02:00,36540589,Segunda Division,Paraguay,Guairena FC,Club Fernando de La Mora,2026-09-28T22:15:00+00:00,8.5801,soccer.asian_handicap,period=ft,away,handicap=0.25,2.11
2026-09-29T00:06:25.193313+02:00,36540589,Segunda Division,Paraguay,Guairena FC,Club Fernando de La Mora,2026-09-28T22:15:00+00:00,8.5801,soccer.asian_handicap,period=ft,home,handicap=0.5,0.0
2026-09-29T00:06:25.193313+02:00,36540589,Segunda Division,Paraguay,Guairena FC,Club Fernando de La Mora,2026-09-28T22:15:00+00:00,8.5801,soccer.asian_handicap,period=ft,away,handicap=0.5,0.0
2026-09-29T00:06:25.193313+02:00,36540589,Segunda Division,Paraguay,Guairena FC,Club Fernando de La Mora,2026-09-28T22:15:00+00:00,8.5801,soccer.double_chance,period=ft,draw_away,,1.37
2026-09-29T00:06:25.193313+02:00,36540589,Segunda Division,Paraguay,Guairena FC,Club Fernando de La Mora,2026-09-28T22:15:00+00:00,8.5801,soccer.double_chance,period=ft,home_away,,1.32
2026-09-29T00:06:25.193313+02:00,36540589,Segunda Division,Paraguay,Guairena FC,Club Fernando de La Mora,2026-09-28T22:15:00+00:00,8.5801,soccer.double_chance,period=ft,home_draw,,1.44
2026-09-29T00:06:25.193313+02:00,36540589,Segunda Division,Paraguay,Guairena FC,Club Fernando de La Mora,2026-09-28T22:15:00+00:00,8.5801,soccer.match_odds,period=ft,home,,2.7
2026-09-29T00:06:25.193313+02:00,36540589,Segunda Division,Paraguay,Guairena FC,Club Fernando de La Mora,2026-09-28T22:15:00+00:00,8.5801,soccer.match_odds,period=ft,draw,,2.8
2026-09-29T00:06:25.193313+02:00,36540589,Segunda Division,Paraguay,Guairena FC,Club Fernando de La Mora,2026-09-28T22:15:00+00:00,8.5801,soccer.match_odds,period=ft,away,,2.45
2026-09-29T00:06:25.193313+02:00,36540589,Segunda Division,Paraguay,Guairena FC,Club Fernando de La Mora,2026-09-28T22:15:00+00:00,8.5801,soccer.total_goals,period=ft,over,total=2.25,1.86
2026-09-29T00:06:25.193313+02:00,36540589,Segunda Division,Paraguay,Guairena FC,Club Fernando de La Mora,2026-09-28T22:15:00+00:00,8.5801,soccer.total_goals,period=ft,under,total=2.25,1.82
2026-09-29T00:06:25.193313+02:00,36540589,Segunda Division,Paraguay,Guairena FC,Club Fernando de La Mora,2026-09-28T22:15:00+00:00,8.5801,soccer.total_goals,period=ft,over,total=1.5,1.35
2026-09-29T00:06:25.193313+02:00,36540589,Segunda Division,Paraguay,Guairena FC,Club Fernando de La Mora,2026-09-28T22:15:00+00:00,8.5801,soccer.total_goals,period=ft,under,total=1.5,2.7
2026-09-29T00:06:25.193313+02:00,36540589,Segunda Division,Paraguay,Guairena FC,Club Fernando de La Mora,2026-09-28T22:15:00+00:00,8.5801,soccer.total_goals,period=ft,over,total=1.75,1.45
2026-09-29T00:06:25.193313+02:00,36540589,Segunda Division,Paraguay,Guairena FC,Club Fernando de La Mora,2026-09-28T22:15:00+00:00,8.5801,soccer.total_goals,period=ft,under,total=1.75,2.45
2026-09-29T00:06:25.193313+02:00,36540589,Segunda Division,Paraguay,Guairena FC,Club Fernando de La Mora,2026-09-28T22:15:00+00:00,8.5801,soccer.total_goals,period=ft,over,total=2,1.6
2026-09-29T00:06:25.193313+02:00,36540589,Segunda Division,Paraguay,Guairena FC,Club Fernando de La Mora,2026-09-28T22:15:00+00:00,8.5801,soccer.total_goals,period=ft,under,total=2,2.15
2026-09-29T00:06:25.193313+02:00,36540589,Segunda Division,Paraguay,Guairena FC,Club Fernando de La Mora,2026-09-28T22:15:00+00:00,8.5801,soccer.total_goals,period=ft,over,total=2.5,2.1
2026-09-29T00:06:25.193313+02:00,36540589,Segunda Division,Paraguay,Guairena FC,Club Fernando de La Mora,2026-09-28T22:15:00+00:00,8.5801,soccer.total_goals,period=ft,under,total=2.5,1.63
2026-09-29T00:06:25.193313+02:00,36540589,Segunda Division,Paraguay,Guairena FC,Club Fernando de La Mora,2026-09-28T22:15:00+00:00,8.5801,soccer.total_goals,period=ft,over,total=2.75,2.4
2026-09-29T00:06:25.193313+02:00,36540589,Segunda Division,Paraguay,Guairena FC,Club Fernando de La Mora,2026-09-28T22:15:00+00:00,8.5801,soccer.total_goals,period=ft,under,total=2.75,1.47
2026-09-29T00:06:25.193313+02:00,36540589,Segunda Division,Paraguay,Guairena FC,Club Fernando de La Mora,2026-09-28T22:15:00+00:00,8.5801,soccer.total_goals,period=ft,over,total=3,2.9
2026-09-29T00:06:25.193313+02:00,36540589,Segunda Division,Paraguay,Guairena FC,Club Fernando de La Mora,2026-09-28T22:15:00+00:00,8.5801,soccer.total_goals,period=ft,under,total=3,1.3
2026-09-29T00:06:25.193313+02:00,36445681,"Division de Honor, Apertura",Paraguay,Libertad Asuncion,Club Olimpia,2026-09-28T22:15:00+00:00,8.5801,soccer.asian_handicap,period=ft,home,handicap=0,1.93
2026-09-29T00:06:25.193313+02:00,36445681,"Division de Honor, Apertura",Paraguay,Libertad Asuncion,Club Olimpia,2026-09-28T22:15:00+00:00,8.5801,soccer.asian_handicap,period=ft,away,handicap=0,1.87
2026-09-29T00:06:25.193313+02:00,36445681,"Division de Honor, Apertura",Paraguay,Libertad Asuncion,Club Olimpia,2026-09-28T22:15:00+00:00,8.5801,soccer.asian_handicap,period=ft,home,handicap=-1,4.85
2026-09-29T00:06:25.193313+02:00,36445681,"Division de Honor, Apertura",Paraguay,Libertad Asuncion,Club Olimpia,2026-09-28T22:15:00+00:00,8.5801,soccer.asian_handicap,period=ft,away,handicap=-1,1.17
2026-09-29T00:06:25.193313+02:00,36445681,"Division de Honor, Apertura",Paraguay,Libertad Asuncion,Club Olimpia,2026-09-28T22:15:00+00:00,8.5801,soccer.asian_handicap,period=ft,home,handicap=-0.75,3.4
2026-09-29T00:06:25.193313+02:00,36445681,"Division de Honor, Apertura",Paraguay,Libertad Asuncion,Club Olimpia,2026-09-28T22:15:00+00:00,8.5801,soccer.asian_handicap,period=ft,away,handicap=-0.75,1.3
2026-09-29T00:06:25.193313+02:00,36445681,"Division de Honor, Apertura",Paraguay,Libertad Asuncion,Club Olimpia,2026-09-28T22:15:00+00:00,8.5801,soccer.asian_handicap,period=ft,home,handicap=-0.5,2.75
2026-09-29T00:06:25.193313+02:00,36445681,"Division de Honor, Apertura",Paraguay,Libertad Asuncion,Club Olimpia,2026-09-28T22:15:00+00:00,8.5801,soccer.asian_handicap,period=ft,away,handicap=-0.5,1.44
2026-09-29T00:06:25.193313+02:00,36445681,"Division de Honor, Apertura",Paraguay,Libertad Asuncion,Club Olimpia,2026-09-28T22:15:00+00:00,8.5801,soccer.asian_handicap,period=ft,home,handicap=-0.25,2.3
2026-09-29T00:06:25.193313+02:00,36445681,"Division de Honor, Apertura",Paraguay,Libertad Asuncion,Club Olimpia,2026-09-28T22:15:00+00:00,8.5801,soccer.asian_handicap,period=ft,away,handicap=-0.25,1.59
2026-09-29T00:06:25.193313+02:00,36445681,"Division de Honor, Apertura",Paraguay,Libertad Asuncion,Club Olimpia,2026-09-28T22:15:00+00:00,8.5801,soccer.asian_handicap,period=ft,home,handicap=0.25,1.62
2026-09-29T00:06:25.193313+02:00,36445681,"Division de Honor, Apertura",Paraguay,Libertad Asuncion,Club Olimpia,2026-09-28T22:15:00+00:00,8.5801,soccer.asian_handicap,period=ft,away,handicap=0.25,2.25
2026-09-29T00:06:25.193313+02:00,36445681,"Division de Honor, Apertura",Paraguay,Libertad Asuncion,Club Olimpia,2026-09-28T22:15:00+00:00,8.5801,soccer.asian_handicap,period=ft,home,handicap=0.5,1.46
2026-09-29T00:06:25.193313+02:00,36445681,"Division de Honor, Apertura",Paraguay,Libertad Asuncion,Club Olimpia,2026-09-28T22:15:00+00:00,8.5801,soccer.asian_handicap,period=ft,away,handicap=0.5,2.65
2026-09-29T00:06:25.193313+02:00,36445681,"Division de Honor, Apertura",Paraguay,Libertad Asuncion,Club Olimpia,2026-09-28T22:15:00+00:00,8.5801,soccer.asian_handicap,period=ft,home,handicap=0.75,1.32
2026-09-29T00:06:25.193313+02:00,36445681,"Division de Honor, Apertura",Paraguay,Libertad Asuncion,Club Olimpia,2026-09-28T22:15:00+00:00,8.5801,soccer.asian_handicap,period=ft,away,handicap=0.75,3.25
2026-09-29T00:06:25.193313+02:00,36445681,"Division de Honor, Apertura",Paraguay,Libertad Asuncion,Club Olimpia,2026-09-28T22:15:00+00:00,8.5801,soccer.asian_handicap,period=ft,home,handicap=1,1.19
2026-09-29T00:06:25.193313+02:00,36445681,"Division de Honor, Apertura",Paraguay,Libertad Asuncion,Club Olimpia,2026-09-28T22:15:00+00:00,8.5801,soccer.asian_handicap,period=ft,away,handicap=1,4.5
2026-09-29T00:06:25.193313+02:00,36445681,"Division de Honor, Apertura",Paraguay,Libertad Asuncion,Club Olimpia,2026-09-28T22:15:00+00:00,8.5801,soccer.double_chance,period=ft,draw_away,,1.43
2026-09-29T00:06:25.193313+02:00,36445681,"Division de Honor, Apertura",Paraguay,Libertad Asuncion,Club Olimpia,2026-09-28T22:15:00+00:00,8.5801,soccer.double_chance,period=ft,home_away,,1.35
2026-09-29T00:06:25.193313+02:00,36445681,"Division de Honor, Apertura",Paraguay,Libertad Asuncion,Club Olimpia,2026-09-28T22:15:00+00:00,8.5801,soccer.double_chance,period=ft,home_draw,,1.45
2026-09-29T00:06:25.193313+02:00,36445681,"Division de Honor, Apertura",Paraguay,Libertad Asuncion,Club Olimpia,2026-09-28T22:15:00+00:00,8.5801,soccer.match_odds,period=ft,home,,2.75
2026-09-29T00:06:25.193313+02:00,36445681,"Division de Honor, Apertura",Paraguay,Libertad Asuncion,Club Olimpia,2026-09-28T22:15:00+00:00,8.5801,soccer.match_odds,period=ft,draw,,3.05
2026-09-29T00:06:25.193313+02:00,36445681,"Division de Honor, Apertura",Paraguay,Libertad Asuncion,Club Olimpia,2026-09-28T22:15:00+00:00,8.5801,soccer.match_odds,period=ft,away,,2.65
2026-09-29T00:06:25.193313+02:00,36445681,"Division de Honor, Apertura",Paraguay,Libertad Asuncion,Club Olimpia,2026-09-28T22:15:00+00:00,8.5801,soccer.total_goals,period=ft,over,total=2.5,2.0
2026-09-29T00:06:25.193313+02:00,36445681,"Division de Honor, Apertura",Paraguay,Libertad Asuncion,Club Olimpia,2026-09-28T22:15:00+00:00,8.5801,soccer.total_goals,period=ft,under,total=2.5,1.8
2026-09-29T00:06:25.193313+02:00,36445681,"Division de Honor, Apertura",Paraguay,Libertad Asuncion,Club Olimpia,2026-09-28T22:15:00+00:00,8.5801,soccer.total_goals,period=ft,over,total=1.5,1.29
2026-09-29T00:06:25.193313+02:00,36445681,"Division de Honor, Apertura",Paraguay,Libertad Asuncion,Club Olimpia,2026-09-28T22:15:00+00:00,8.5801,soccer.total_goals,period=ft,under,total=1.5,3.4
2026-09-29T00:06:25.193313+02:00,36445681,"Division de Honor, Apertura",Paraguay,Libertad Asuncion,Club Olimpia,2026-09-28T22:15:00+00:00,8.5801,soccer.total_goals,period=ft,over,total=2,1.48
2026-09-29T00:06:25.193313+02:00,36445681,"Division de Honor, Apertura",Paraguay,Libertad Asuncion,Club Olimpia,2026-09-28T22:15:00+00:00,8.5801,soccer.total_goals,period=ft,under,total=2,2.6
2026-09-29T00:06:25.193313+02:00,36445681,"Division de Honor, Apertura",Paraguay,Libertad Asuncion,Club Olimpia,2026-09-28T22:15:00+00:00,8.5801,soccer.total_goals,period=ft,over,total=2.25,1.74
2026-09-29T00:06:25.193313+02:00,36445681,"Division de Honor, Apertura",Paraguay,Libertad Asuncion,Club Olimpia,2026-09-28T22:15:00+00:00,8.5801,soccer.total_goals,period=ft,under,total=2.25,2.06
2026-09-29T00:06:25.193313+02:00,36445681,"Division de Honor, Apertura",Paraguay,Libertad Asuncion,Club Olimpia,2026-09-28T22:15:00+00:00,8.5801,soccer.total_goals,period=ft,over,total=2.75,2.25
2026-09-29T00:06:25.193313+02:00,36445681,"Division de Honor, Apertura",Paraguay,Libertad Asuncion,Club Olimpia,2026-09-28T22:15:00+00:00,8.5801,soccer.total_goals,period=ft,under,total=2.75,1.62
2026-09-29T00:06:25.193313+02:00,36445681,"Division de Honor, Apertura",Paraguay,Libertad Asuncion,Club Olimpia,2026-09-28T22:15:00+00:00,8.5801,soccer.total_goals,period=ft,over,total=3,2.75
2026-09-29T00:06:25.193313+02:00,36445681,"Division de Honor, Apertura",Paraguay,Libertad Asuncion,Club Olimpia,2026-09-28T22:15:00+00:00,8.5801,soccer.total_goals,period=ft,under,total=3,1.43
2026-09-29T00:06:25.193313+02:00,36445681,"Division de Honor, Apertura",Paraguay,Libertad Asuncion,Club Olimpia,2026-09-28T22:15:00+00:00,8.5801,soccer.total_goals,period=ft,over,total=3.5,3.35
2026-09-29T00:06:25.193313+02:00,36445681,"Division de Honor, Apertura",Paraguay,Libertad Asuncion,Club Olimpia,2026-09-28T22:15:00+00:00,8.5801,soccer.total_goals,period=ft,under,total=3.5,1.29
2026-09-29T00:06:25.193313+02:00,36445681,"Division de Honor, Apertura",Paraguay,Libertad Asuncion,Club Olimpia,2026-09-28T22:15:00+00:00,8.5801,soccer.total_goals,period=ft,over,total=4.5,6.6
2026-09-29T00:06:25.193313+02:00,36445681,"Division de Honor, Apertura",Paraguay,Libertad Asuncion,Club Olimpia,2026-09-28T22:15:00+00:00,8.5801,soccer.total_goals,period=ft,under,total=4.5,1.09
