captured_at_local,event_id,competition,category,home_team,away_team,kickoff_utc,minutes_to_kickoff,market,submarket,outcome,params,price
2026-10-05T00:01:20.534948+02:00,36611740,Liga Nacional. Clausura,Guatemala,CD Guastatoya,Club Aurora,2026-10-04T23:00:00+00:00,58.6578,soccer.asian_handicap,period=ft,home,handicap=-1,1.76
2026-10-05T00:01:20.534948+02:00,36611740,Liga Nacional. Clausura,Guatemala,CD Guastatoya,Club Aurora,2026-10-04T23:00:00+00:00,58.6578,soccer.asian_handicap,period=ft,away,handicap=-1,2.02
2026-10-05T00:01:20.534948+02:00,36611740,Liga Nacional. Clausura,Guatemala,CD Guastatoya,Club Aurora,2026-10-04T23:00:00+00:00,58.6578,soccer.asian_handicap,period=ft,home,handicap=-1.75,2.8
2026-10-05T00:01:20.534948+02:00,36611740,Liga Nacional. Clausura,Guatemala,CD Guastatoya,Club Aurora,2026-10-04T23:00:00+00:00,58.6578,soccer.asian_handicap,period=ft,away,handicap=-1.75,1.38
2026-10-05T00:01:20.534948+02:00,36611740,Liga Nacional. Clausura,Guatemala,CD Guastatoya,Club Aurora,2026-10-04T23:00:00+00:00,58.6578,soccer.asian_handicap,period=ft,home,handicap=-1.5,2.3
2026-10-05T00:01:20.534948+02:00,36611740,Liga Nacional. Clausura,Guatemala,CD Guastatoya,Club Aurora,2026-10-04T23:00:00+00:00,58.6578,soccer.asian_handicap,period=ft,away,handicap=-1.5,1.54
2026-10-05T00:01:20.534948+02:00,36611740,Liga Nacional. Clausura,Guatemala,CD Guastatoya,Club Aurora,2026-10-04T23:00:00+00:00,58.6578,soccer.asian_handicap,period=ft,home,handicap=-1.25,2.06
2026-10-05T00:01:20.534948+02:00,36611740,Liga Nacional. Clausura,Guatemala,CD Guastatoya,Club Aurora,2026-10-04T23:00:00+00:00,58.6578,soccer.asian_handicap,period=ft,away,handicap=-1.25,1.71
2026-10-05T00:01:20.534948+02:00,36611740,Liga Nacional. Clausura,Guatemala,CD Guastatoya,Club Aurora,2026-10-04T23:00:00+00:00,58.6578,soccer.asian_handicap,period=ft,home,handicap=-0.75,1.55
2026-10-05T00:01:20.534948+02:00,36611740,Liga Nacional. Clausura,Guatemala,CD Guastatoya,Club Aurora,2026-10-04T23:00:00+00:00,58.6578,soccer.asian_handicap,period=ft,away,handicap=-0.75,2.35
2026-10-05T00:01:20.534948+02:00,36611740,Liga Nacional. Clausura,Guatemala,CD Guastatoya,Club Aurora,2026-10-04T23:00:00+00:00,58.6578,soccer.asian_handicap,period=ft,home,handicap=-0.5,1.42
2026-10-05T00:01:20.534948+02:00,36611740,Liga Nacional. Clausura,Guatemala,CD Guastatoya,Club Aurora,2026-10-04T23:00:00+00:00,58.6578,soccer.asian_handicap,period=ft,away,handicap=-0.5,2.65
2026-10-05T00:01:20.534948+02:00,36611740,Liga Nacional. Clausura,Guatemala,CD Guastatoya,Club Aurora,2026-10-04T23:00:00+00:00,58.6578,soccer.asian_handicap,period=ft,home,handicap=-0.25,1.27
2026-10-05T00:01:20.534948+02:00,36611740,Liga Nacional. Clausura,Guatemala,CD Guastatoya,Club Aurora,2026-10-04T23:00:00+00:00,58.6578,soccer.asian_handicap,period=ft,away,handicap=-0.25,3.4
2026-10-05T00:01:20.534948+02:00,36611740,Liga Nacional. Clausura,Guatemala,CD Guastatoya,Club Aurora,2026-10-04T23:00:00+00:00,58.6578,soccer.double_chance,period=ft,draw_away,,2.65
2026-10-05T00:01:20.534948+02:00,36611740,Liga Nacional. Clausura,Guatemala,CD Guastatoya,Club Aurora,2026-10-04T23:00:00+00:00,58.6578,soccer.double_chance,period=ft,home_away,,1.22
2026-10-05T00:01:20.534948+02:00,36611740,Liga Nacional. Clausura,Guatemala,CD Guastatoya,Club Aurora,2026-10-04T23:00:00+00:00,58.6578,soccer.double_chance,period=ft,home_draw,,1.08
2026-10-05T00:01:20.534948+02:00,36611740,Liga Nacional. Clausura,Guatemala,CD Guastatoya,Club Aurora,2026-10-04T23:00:00+00:00,58.6578,soccer.match_odds,period=ft,home,,1.43
2026-10-05T00:01:20.534948+02:00,36611740,Liga Nacional. Clausura,Guatemala,CD Guastatoya,Club Aurora,2026-10-04T23:00:00+00:00,58.6578,soccer.match_odds,period=ft,draw,,3.95
2026-10-05T00:01:20.534948+02:00,36611740,Liga Nacional. Clausura,Guatemala,CD Guastatoya,Club Aurora,2026-10-04T23:00:00+00:00,58.6578,soccer.match_odds,period=ft,away,,7.05
2026-10-05T00:01:20.534948+02:00,36611740,Liga Nacional. Clausura,Guatemala,CD Guastatoya,Club Aurora,2026-10-04T23:00:00+00:00,58.6578,soccer.total_goals,period=ft,over,total=2.5,1.92
2026-10-05T00:01:20.534948+02:00,36611740,Liga Nacional. Clausura,Guatemala,CD Guastatoya,Club Aurora,2026-10-04T23:00:00+00:00,58.6578,soccer.total_goals,period=ft,under,total=2.5,1.85
2026-10-05T00:01:20.534948+02:00,36611740,Liga Nacional. Clausura,Guatemala,CD Guastatoya,Club Aurora,2026-10-04T23:00:00+00:00,58.6578,soccer.total_goals,period=ft,over,total=1.75,1.35
2026-10-05T00:01:20.534948+02:00,36611740,Liga Nacional. Clausura,Guatemala,CD Guastatoya,Club Aurora,2026-10-04T23:00:00+00:00,58.6578,soccer.total_goals,period=ft,under,total=1.75,2.95
2026-10-05T00:01:20.534948+02:00,36611740,Liga Nacional. Clausura,Guatemala,CD Guastatoya,Club Aurora,2026-10-04T23:00:00+00:00,58.6578,soccer.total_goals,period=ft,over,total=2,1.45
2026-10-05T00:01:20.534948+02:00,36611740,Liga Nacional. Clausura,Guatemala,CD Guastatoya,Club Aurora,2026-10-04T23:00:00+00:00,58.6578,soccer.total_goals,period=ft,under,total=2,2.55
2026-10-05T00:01:20.534948+02:00,36611740,Liga Nacional. Clausura,Guatemala,CD Guastatoya,Club Aurora,2026-10-04T23:00:00+00:00,58.6578,soccer.total_goals,period=ft,over,total=2.25,1.68
2026-10-05T00:01:20.534948+02:00,36611740,Liga Nacional. Clausura,Guatemala,CD Guastatoya,Club Aurora,2026-10-04T23:00:00+00:00,58.6578,soccer.total_goals,period=ft,under,total=2.25,2.1
2026-10-05T00:01:20.534948+02:00,36611740,Liga Nacional. Clausura,Guatemala,CD Guastatoya,Club Aurora,2026-10-04T23:00:00+00:00,58.6578,soccer.total_goals,period=ft,over,total=2.75,2.17
2026-10-05T00:01:20.534948+02:00,36611740,Liga Nacional. Clausura,Guatemala,CD Guastatoya,Club Aurora,2026-10-04T23:00:00+00:00,58.6578,soccer.total_goals,period=ft,under,total=2.75,1.64
2026-10-05T00:01:20.534948+02:00,36611740,Liga Nacional. Clausura,Guatemala,CD Guastatoya,Club Aurora,2026-10-04T23:00:00+00:00,58.6578,soccer.total_goals,period=ft,over,total=3,2.6
2026-10-05T00:01:20.534948+02:00,36611740,Liga Nacional. Clausura,Guatemala,CD Guastatoya,Club Aurora,2026-10-04T23:00:00+00:00,58.6578,soccer.total_goals,period=ft,under,total=3,1.44
2026-10-05T00:01:20.534948+02:00,36611740,Liga Nacional. Clausura,Guatemala,CD Guastatoya,Club Aurora,2026-10-04T23:00:00+00:00,58.6578,soccer.total_goals,period=ft,over,total=3.25,2.95
2026-10-05T00:01:20.534948+02:00,36611740,Liga Nacional. Clausura,Guatemala,CD Guastatoya,Club Aurora,2026-10-04T23:00:00+00:00,58.6578,soccer.total_goals,period=ft,under,total=3.25,1.35
2026-10-05T00:01:20.534948+02:00,36595583,"Primera Division, Clausura",El Salvador,Santa Tecla FC,CD Fuerte San Francisco Morazan,2026-10-04T23:00:00+00:00,58.6578,soccer.asian_handicap,period=ft,home,handicap=-1,1.851
2026-10-05T00:01:20.534948+02:00,36595583,"Primera Division, Clausura",El Salvador,Santa Tecla FC,CD Fuerte San Francisco Morazan,2026-10-04T23:00:00+00:00,58.6578,soccer.asian_handicap,period=ft,away,handicap=-1,1.933
2026-10-05T00:01:20.534948+02:00,36595583,"Primera Division, Clausura",El Salvador,Santa Tecla FC,CD Fuerte San Francisco Morazan,2026-10-04T23:00:00+00:00,58.6578,soccer.asian_handicap,period=ft,home,handicap=-1.75,2.833
2026-10-05T00:01:20.534948+02:00,36595583,"Primera Division, Clausura",El Salvador,Santa Tecla FC,CD Fuerte San Francisco Morazan,2026-10-04T23:00:00+00:00,58.6578,soccer.asian_handicap,period=ft,away,handicap=-1.75,1.383
2026-10-05T00:01:20.534948+02:00,36595583,"Primera Division, Clausura",El Salvador,Santa Tecla FC,CD Fuerte San Francisco Morazan,2026-10-04T23:00:00+00:00,58.6578,soccer.asian_handicap,period=ft,home,handicap=-1.5,2.377
2026-10-05T00:01:20.534948+02:00,36595583,"Primera Division, Clausura",El Salvador,Santa Tecla FC,CD Fuerte San Francisco Morazan,2026-10-04T23:00:00+00:00,58.6578,soccer.asian_handicap,period=ft,away,handicap=-1.5,1.525
2026-10-05T00:01:20.534948+02:00,36595583,"Primera Division, Clausura",El Salvador,Santa Tecla FC,CD Fuerte San Francisco Morazan,2026-10-04T23:00:00+00:00,58.6578,soccer.asian_handicap,period=ft,home,handicap=-1.25,2.119
2026-10-05T00:01:20.534948+02:00,36595583,"Primera Division, Clausura",El Salvador,Santa Tecla FC,CD Fuerte San Francisco Morazan,2026-10-04T23:00:00+00:00,58.6578,soccer.asian_handicap,period=ft,away,handicap=-1.25,1.678
2026-10-05T00:01:20.534948+02:00,36595583,"Primera Division, Clausura",El Salvador,Santa Tecla FC,CD Fuerte San Francisco Morazan,2026-10-04T23:00:00+00:00,58.6578,soccer.asian_handicap,period=ft,home,handicap=-0.75,1.625
2026-10-05T00:01:20.534948+02:00,36595583,"Primera Division, Clausura",El Salvador,Santa Tecla FC,CD Fuerte San Francisco Morazan,2026-10-04T23:00:00+00:00,58.6578,soccer.asian_handicap,period=ft,away,handicap=-0.75,2.218
2026-10-05T00:01:20.534948+02:00,36595583,"Primera Division, Clausura",El Salvador,Santa Tecla FC,CD Fuerte San Francisco Morazan,2026-10-04T23:00:00+00:00,58.6578,soccer.asian_handicap,period=ft,home,handicap=-0.5,1.486
2026-10-05T00:01:20.534948+02:00,36595583,"Primera Division, Clausura",El Salvador,Santa Tecla FC,CD Fuerte San Francisco Morazan,2026-10-04T23:00:00+00:00,58.6578,soccer.asian_handicap,period=ft,away,handicap=-0.5,2.486
2026-10-05T00:01:20.534948+02:00,36595583,"Primera Division, Clausura",El Salvador,Santa Tecla FC,CD Fuerte San Francisco Morazan,2026-10-04T23:00:00+00:00,58.6578,soccer.asian_handicap,period=ft,home,handicap=-0.25,1.325
2026-10-05T00:01:20.534948+02:00,36595583,"Primera Division, Clausura",El Salvador,Santa Tecla FC,CD Fuerte San Francisco Morazan,2026-10-04T23:00:00+00:00,58.6578,soccer.asian_handicap,period=ft,away,handicap=-0.25,3.1
2026-10-05T00:01:20.534948+02:00,36595583,"Primera Division, Clausura",El Salvador,Santa Tecla FC,CD Fuerte San Francisco Morazan,2026-10-04T23:00:00+00:00,58.6578,soccer.double_chance,period=ft,home_away,,1.233
2026-10-05T00:01:20.534948+02:00,36595583,"Primera Division, Clausura",El Salvador,Santa Tecla FC,CD Fuerte San Francisco Morazan,2026-10-04T23:00:00+00:00,58.6578,soccer.double_chance,period=ft,draw_away,,2.508
2026-10-05T00:01:20.534948+02:00,36595583,"Primera Division, Clausura",El Salvador,Santa Tecla FC,CD Fuerte San Francisco Morazan,2026-10-04T23:00:00+00:00,58.6578,soccer.double_chance,period=ft,home_draw,,1.122
2026-10-05T00:01:20.534948+02:00,36595583,"Primera Division, Clausura",El Salvador,Santa Tecla FC,CD Fuerte San Francisco Morazan,2026-10-04T23:00:00+00:00,58.6578,soccer.match_odds,period=ft,home,,1.501
2026-10-05T00:01:20.534948+02:00,36595583,"Primera Division, Clausura",El Salvador,Santa Tecla FC,CD Fuerte San Francisco Morazan,2026-10-04T23:00:00+00:00,58.6578,soccer.match_odds,period=ft,draw,,3.963
2026-10-05T00:01:20.534948+02:00,36595583,"Primera Division, Clausura",El Salvador,Santa Tecla FC,CD Fuerte San Francisco Morazan,2026-10-04T23:00:00+00:00,58.6578,soccer.match_odds,period=ft,away,,5.895
2026-10-05T00:01:20.534948+02:00,36595583,"Primera Division, Clausura",El Salvador,Santa Tecla FC,CD Fuerte San Francisco Morazan,2026-10-04T23:00:00+00:00,58.6578,soccer.total_goals,period=ft,over,total=2.5,1.815
2026-10-05T00:01:20.534948+02:00,36595583,"Primera Division, Clausura",El Salvador,Santa Tecla FC,CD Fuerte San Francisco Morazan,2026-10-04T23:00:00+00:00,58.6578,soccer.total_goals,period=ft,under,total=2.5,1.971
2026-10-05T00:01:20.534948+02:00,36595583,"Primera Division, Clausura",El Salvador,Santa Tecla FC,CD Fuerte San Francisco Morazan,2026-10-04T23:00:00+00:00,58.6578,soccer.total_goals,period=ft,over,total=1.75,1.3
2026-10-05T00:01:20.534948+02:00,36595583,"Primera Division, Clausura",El Salvador,Santa Tecla FC,CD Fuerte San Francisco Morazan,2026-10-04T23:00:00+00:00,58.6578,soccer.total_goals,period=ft,under,total=1.75,3.249
2026-10-05T00:01:20.534948+02:00,36595583,"Primera Division, Clausura",El Salvador,Santa Tecla FC,CD Fuerte San Francisco Morazan,2026-10-04T23:00:00+00:00,58.6578,soccer.total_goals,period=ft,over,total=2,1.379
2026-10-05T00:01:20.534948+02:00,36595583,"Primera Division, Clausura",El Salvador,Santa Tecla FC,CD Fuerte San Francisco Morazan,2026-10-04T23:00:00+00:00,58.6578,soccer.total_goals,period=ft,under,total=2,2.853
2026-10-05T00:01:20.534948+02:00,36595583,"Primera Division, Clausura",El Salvador,Santa Tecla FC,CD Fuerte San Francisco Morazan,2026-10-04T23:00:00+00:00,58.6578,soccer.total_goals,period=ft,over,total=2.25,1.597
2026-10-05T00:01:20.534948+02:00,36595583,"Primera Division, Clausura",El Salvador,Santa Tecla FC,CD Fuerte San Francisco Morazan,2026-10-04T23:00:00+00:00,58.6578,soccer.total_goals,period=ft,under,total=2.25,2.268
2026-10-05T00:01:20.534948+02:00,36595583,"Primera Division, Clausura",El Salvador,Santa Tecla FC,CD Fuerte San Francisco Morazan,2026-10-04T23:00:00+00:00,58.6578,soccer.total_goals,period=ft,over,total=2.75,2.02
2026-10-05T00:01:20.534948+02:00,36595583,"Primera Division, Clausura",El Salvador,Santa Tecla FC,CD Fuerte San Francisco Morazan,2026-10-04T23:00:00+00:00,58.6578,soccer.total_goals,period=ft,under,total=2.75,1.746
2026-10-05T00:01:20.534948+02:00,36595583,"Primera Division, Clausura",El Salvador,Santa Tecla FC,CD Fuerte San Francisco Morazan,2026-10-04T23:00:00+00:00,58.6578,soccer.total_goals,period=ft,over,total=3,2.377
2026-10-05T00:01:20.534948+02:00,36595583,"Primera Division, Clausura",El Salvador,Santa Tecla FC,CD Fuerte San Francisco Morazan,2026-10-04T23:00:00+00:00,58.6578,soccer.total_goals,period=ft,under,total=3,1.525
2026-10-05T00:01:20.534948+02:00,36595583,"Primera Division, Clausura",El Salvador,Santa Tecla FC,CD Fuerte San Francisco Morazan,2026-10-04T23:00:00+00:00,58.6578,soccer.total_goals,period=ft,over,total=3.25,2.694
2026-10-05T00:01:20.534948+02:00,36595583,"Primera Division, Clausura",El Salvador,Santa Tecla FC,CD Fuerte San Francisco Morazan,2026-10-04T23:00:00+00:00,58.6578,soccer.total_goals,period=ft,under,total=3.25,1.418
2026-10-05T00:01:20.534948+02:00,36635462,Primera Division Amateur,Uruguay,Bella Italia,Mar de Fondo FC,2026-10-04T23:30:00+00:00,88.6578,soccer.asian_handicap,period=ft,home,handicap=-1,1.82
2026-10-05T00:01:20.534948+02:00,36635462,Primera Division Amateur,Uruguay,Bella Italia,Mar de Fondo FC,2026-10-04T23:30:00+00:00,88.6578,soccer.asian_handicap,period=ft,away,handicap=-1,1.88
2026-10-05T00:01:20.534948+02:00,36635462,Primera Division Amateur,Uruguay,Bella Italia,Mar de Fondo FC,2026-10-04T23:30:00+00:00,88.6578,soccer.asian_handicap,period=ft,home,handicap=-1.75,2.8
2026-10-05T00:01:20.534948+02:00,36635462,Primera Division Amateur,Uruguay,Bella Italia,Mar de Fondo FC,2026-10-04T23:30:00+00:00,88.6578,soccer.asian_handicap,period=ft,away,handicap=-1.75,1.34
2026-10-05T00:01:20.534948+02:00,36635462,Primera Division Amateur,Uruguay,Bella Italia,Mar de Fondo FC,2026-10-04T23:30:00+00:00,88.6578,soccer.asian_handicap,period=ft,home,handicap=-1.5,2.35
2026-10-05T00:01:20.534948+02:00,36635462,Primera Division Amateur,Uruguay,Bella Italia,Mar de Fondo FC,2026-10-04T23:30:00+00:00,88.6578,soccer.asian_handicap,period=ft,away,handicap=-1.5,1.48
2026-10-05T00:01:20.534948+02:00,36635462,Primera Division Amateur,Uruguay,Bella Italia,Mar de Fondo FC,2026-10-04T23:30:00+00:00,88.6578,soccer.asian_handicap,period=ft,home,handicap=-1.25,2.1
2026-10-05T00:01:20.534948+02:00,36635462,Primera Division Amateur,Uruguay,Bella Italia,Mar de Fondo FC,2026-10-04T23:30:00+00:00,88.6578,soccer.asian_handicap,period=ft,away,handicap=-1.25,1.62
2026-10-05T00:01:20.534948+02:00,36635462,Primera Division Amateur,Uruguay,Bella Italia,Mar de Fondo FC,2026-10-04T23:30:00+00:00,88.6578,soccer.asian_handicap,period=ft,home,handicap=-0.75,1.58
2026-10-05T00:01:20.534948+02:00,36635462,Primera Division Amateur,Uruguay,Bella Italia,Mar de Fondo FC,2026-10-04T23:30:00+00:00,88.6578,soccer.asian_handicap,period=ft,away,handicap=-0.75,2.17
2026-10-05T00:01:20.534948+02:00,36635462,Primera Division Amateur,Uruguay,Bella Italia,Mar de Fondo FC,2026-10-04T23:30:00+00:00,88.6578,soccer.asian_handicap,period=ft,home,handicap=-0.5,1.44
2026-10-05T00:01:20.534948+02:00,36635462,Primera Division Amateur,Uruguay,Bella Italia,Mar de Fondo FC,2026-10-04T23:30:00+00:00,88.6578,soccer.asian_handicap,period=ft,away,handicap=-0.5,2.45
2026-10-05T00:01:20.534948+02:00,36635462,Primera Division Amateur,Uruguay,Bella Italia,Mar de Fondo FC,2026-10-04T23:30:00+00:00,88.6578,soccer.asian_handicap,period=ft,home,handicap=-0.25,1.31
2026-10-05T00:01:20.534948+02:00,36635462,Primera Division Amateur,Uruguay,Bella Italia,Mar de Fondo FC,2026-10-04T23:30:00+00:00,88.6578,soccer.asian_handicap,period=ft,away,handicap=-0.25,2.95
2026-10-05T00:01:20.534948+02:00,36635462,Primera Division Amateur,Uruguay,Bella Italia,Mar de Fondo FC,2026-10-04T23:30:00+00:00,88.6578,soccer.match_odds,period=ft,home,,1.46
2026-10-05T00:01:20.534948+02:00,36635462,Primera Division Amateur,Uruguay,Bella Italia,Mar de Fondo FC,2026-10-04T23:30:00+00:00,88.6578,soccer.match_odds,period=ft,draw,,4.1
2026-10-05T00:01:20.534948+02:00,36635462,Primera Division Amateur,Uruguay,Bella Italia,Mar de Fondo FC,2026-10-04T23:30:00+00:00,88.6578,soccer.match_odds,period=ft,away,,5.05
2026-10-05T00:01:20.534948+02:00,36635462,Primera Division Amateur,Uruguay,Bella Italia,Mar de Fondo FC,2026-10-04T23:30:00+00:00,88.6578,soccer.total_goals,period=ft,over,total=2.5,1.8
2026-10-05T00:01:20.534948+02:00,36635462,Primera Division Amateur,Uruguay,Bella Italia,Mar de Fondo FC,2026-10-04T23:30:00+00:00,88.6578,soccer.total_goals,period=ft,under,total=2.5,1.9
2026-10-05T00:01:20.534948+02:00,36635462,Primera Division Amateur,Uruguay,Bella Italia,Mar de Fondo FC,2026-10-04T23:30:00+00:00,88.6578,soccer.total_goals,period=ft,over,total=1.75,1.29
2026-10-05T00:01:20.534948+02:00,36635462,Primera Division Amateur,Uruguay,Bella Italia,Mar de Fondo FC,2026-10-04T23:30:00+00:00,88.6578,soccer.total_goals,period=ft,under,total=1.75,3.0
2026-10-05T00:01:20.534948+02:00,36635462,Primera Division Amateur,Uruguay,Bella Italia,Mar de Fondo FC,2026-10-04T23:30:00+00:00,88.6578,soccer.total_goals,period=ft,over,total=2,1.37
2026-10-05T00:01:20.534948+02:00,36635462,Primera Division Amateur,Uruguay,Bella Italia,Mar de Fondo FC,2026-10-04T23:30:00+00:00,88.6578,soccer.total_goals,period=ft,under,total=2,2.65
2026-10-05T00:01:20.534948+02:00,36635462,Primera Division Amateur,Uruguay,Bella Italia,Mar de Fondo FC,2026-10-04T23:30:00+00:00,88.6578,soccer.total_goals,period=ft,over,total=2.25,1.59
2026-10-05T00:01:20.534948+02:00,36635462,Primera Division Amateur,Uruguay,Bella Italia,Mar de Fondo FC,2026-10-04T23:30:00+00:00,88.6578,soccer.total_goals,period=ft,under,total=2.25,2.17
2026-10-05T00:01:20.534948+02:00,36635462,Primera Division Amateur,Uruguay,Bella Italia,Mar de Fondo FC,2026-10-04T23:30:00+00:00,88.6578,soccer.total_goals,period=ft,over,total=2.75,2.01
2026-10-05T00:01:20.534948+02:00,36635462,Primera Division Amateur,Uruguay,Bella Italia,Mar de Fondo FC,2026-10-04T23:30:00+00:00,88.6578,soccer.total_goals,period=ft,under,total=2.75,1.68
2026-10-05T00:01:20.534948+02:00,36635462,Primera Division Amateur,Uruguay,Bella Italia,Mar de Fondo FC,2026-10-04T23:30:00+00:00,88.6578,soccer.total_goals,period=ft,over,total=3,2.35
2026-10-05T00:01:20.534948+02:00,36635462,Primera Division Amateur,Uruguay,Bella Italia,Mar de Fondo FC,2026-10-04T23:30:00+00:00,88.6578,soccer.total_goals,period=ft,under,total=3,1.47
2026-10-05T00:01:20.534948+02:00,36635462,Primera Division Amateur,Uruguay,Bella Italia,Mar de Fondo FC,2026-10-04T23:30:00+00:00,88.6578,soccer.total_goals,period=ft,over,total=3.25,2.7
2026-10-05T00:01:20.534948+02:00,36635462,Primera Division Amateur,Uruguay,Bella Italia,Mar de Fondo FC,2026-10-04T23:30:00+00:00,88.6578,soccer.total_goals,period=ft,under,total=3.25,1.37
2026-10-05T00:01:20.534948+02:00,36592417,"Liga Panamena de Futbol, Apertura",Panama,CA Independiente de La Chorrera,CD Arabe Unido,2026-10-04T23:15:00+00:00,73.6578,soccer.asian_handicap,period=ft,home,handicap=0.25,1.78
2026-10-05T00:01:20.534948+02:00,36592417,"Liga Panamena de Futbol, Apertura",Panama,CA Independiente de La Chorrera,CD Arabe Unido,2026-10-04T23:15:00+00:00,73.6578,soccer.asian_handicap,period=ft,away,handicap=0.25,2.01
2026-10-05T00:01:20.534948+02:00,36592417,"Liga Panamena de Futbol, Apertura",Panama,CA Independiente de La Chorrera,CD Arabe Unido,2026-10-04T23:15:00+00:00,73.6578,soccer.asian_handicap,period=ft,home,handicap=-0.5,3.0
2026-10-05T00:01:20.534948+02:00,36592417,"Liga Panamena de Futbol, Apertura",Panama,CA Independiente de La Chorrera,CD Arabe Unido,2026-10-04T23:15:00+00:00,73.6578,soccer.asian_handicap,period=ft,away,handicap=-0.5,1.33
2026-10-05T00:01:20.534948+02:00,36592417,"Liga Panamena de Futbol, Apertura",Panama,CA Independiente de La Chorrera,CD Arabe Unido,2026-10-04T23:15:00+00:00,73.6578,soccer.asian_handicap,period=ft,home,handicap=-0.25,2.6
2026-10-05T00:01:20.534948+02:00,36592417,"Liga Panamena de Futbol, Apertura",Panama,CA Independiente de La Chorrera,CD Arabe Unido,2026-10-04T23:15:00+00:00,73.6578,soccer.asian_handicap,period=ft,away,handicap=-0.25,1.44
2026-10-05T00:01:20.534948+02:00,36592417,"Liga Panamena de Futbol, Apertura",Panama,CA Independiente de La Chorrera,CD Arabe Unido,2026-10-04T23:15:00+00:00,73.6578,soccer.asian_handicap,period=ft,home,handicap=0,2.18
2026-10-05T00:01:20.534948+02:00,36592417,"Liga Panamena de Futbol, Apertura",Panama,CA Independiente de La Chorrera,CD Arabe Unido,2026-10-04T23:15:00+00:00,73.6578,soccer.asian_handicap,period=ft,away,handicap=0,1.64
2026-10-05T00:01:20.534948+02:00,36592417,"Liga Panamena de Futbol, Apertura",Panama,CA Independiente de La Chorrera,CD Arabe Unido,2026-10-04T23:15:00+00:00,73.6578,soccer.asian_handicap,period=ft,home,handicap=0.5,1.56
2026-10-05T00:01:20.534948+02:00,36592417,"Liga Panamena de Futbol, Apertura",Panama,CA Independiente de La Chorrera,CD Arabe Unido,2026-10-04T23:15:00+00:00,73.6578,soccer.asian_handicap,period=ft,away,handicap=0.5,2.3
2026-10-05T00:01:20.534948+02:00,36592417,"Liga Panamena de Futbol, Apertura",Panama,CA Independiente de La Chorrera,CD Arabe Unido,2026-10-04T23:15:00+00:00,73.6578,soccer.asian_handicap,period=ft,home,handicap=0.75,1.39
2026-10-05T00:01:20.534948+02:00,36592417,"Liga Panamena de Futbol, Apertura",Panama,CA Independiente de La Chorrera,CD Arabe Unido,2026-10-04T23:15:00+00:00,73.6578,soccer.asian_handicap,period=ft,away,handicap=0.75,2.75
2026-10-05T00:01:20.534948+02:00,36592417,"Liga Panamena de Futbol, Apertura",Panama,CA Independiente de La Chorrera,CD Arabe Unido,2026-10-04T23:15:00+00:00,73.6578,soccer.asian_handicap,period=ft,home,handicap=1,1.22
2026-10-05T00:01:20.534948+02:00,36592417,"Liga Panamena de Futbol, Apertura",Panama,CA Independiente de La Chorrera,CD Arabe Unido,2026-10-04T23:15:00+00:00,73.6578,soccer.asian_handicap,period=ft,away,handicap=1,3.8
2026-10-05T00:01:20.534948+02:00,36592417,"Liga Panamena de Futbol, Apertura",Panama,CA Independiente de La Chorrera,CD Arabe Unido,2026-10-04T23:15:00+00:00,73.6578,soccer.double_chance,period=ft,draw_away,,1.34
2026-10-05T00:01:20.534948+02:00,36592417,"Liga Panamena de Futbol, Apertura",Panama,CA Independiente de La Chorrera,CD Arabe Unido,2026-10-04T23:15:00+00:00,73.6578,soccer.double_chance,period=ft,home_away,,1.37
2026-10-05T00:01:20.534948+02:00,36592417,"Liga Panamena de Futbol, Apertura",Panama,CA Independiente de La Chorrera,CD Arabe Unido,2026-10-04T23:15:00+00:00,73.6578,soccer.double_chance,period=ft,home_draw,,1.55
2026-10-05T00:01:20.534948+02:00,36592417,"Liga Panamena de Futbol, Apertura",Panama,CA Independiente de La Chorrera,CD Arabe Unido,2026-10-04T23:15:00+00:00,73.6578,soccer.match_odds,period=ft,home,,3.05
2026-10-05T00:01:20.534948+02:00,36592417,"Liga Panamena de Futbol, Apertura",Panama,CA Independiente de La Chorrera,CD Arabe Unido,2026-10-04T23:15:00+00:00,73.6578,soccer.match_odds,period=ft,draw,,2.95
2026-10-05T00:01:20.534948+02:00,36592417,"Liga Panamena de Futbol, Apertura",Panama,CA Independiente de La Chorrera,CD Arabe Unido,2026-10-04T23:15:00+00:00,73.6578,soccer.match_odds,period=ft,away,,2.3
2026-10-05T00:01:20.534948+02:00,36592417,"Liga Panamena de Futbol, Apertura",Panama,CA Independiente de La Chorrera,CD Arabe Unido,2026-10-04T23:15:00+00:00,73.6578,soccer.total_goals,period=ft,over,total=2,1.77
2026-10-05T00:01:20.534948+02:00,36592417,"Liga Panamena de Futbol, Apertura",Panama,CA Independiente de La Chorrera,CD Arabe Unido,2026-10-04T23:15:00+00:00,73.6578,soccer.total_goals,period=ft,under,total=2,2.01
2026-10-05T00:01:20.534948+02:00,36592417,"Liga Panamena de Futbol, Apertura",Panama,CA Independiente de La Chorrera,CD Arabe Unido,2026-10-04T23:15:00+00:00,73.6578,soccer.total_goals,period=ft,over,total=1.25,1.26
2026-10-05T00:01:20.534948+02:00,36592417,"Liga Panamena de Futbol, Apertura",Panama,CA Independiente de La Chorrera,CD Arabe Unido,2026-10-04T23:15:00+00:00,73.6578,soccer.total_goals,period=ft,under,total=1.25,3.45
2026-10-05T00:01:20.534948+02:00,36592417,"Liga Panamena de Futbol, Apertura",Panama,CA Independiente de La Chorrera,CD Arabe Unido,2026-10-04T23:15:00+00:00,73.6578,soccer.total_goals,period=ft,over,total=1.5,1.42
2026-10-05T00:01:20.534948+02:00,36592417,"Liga Panamena de Futbol, Apertura",Panama,CA Independiente de La Chorrera,CD Arabe Unido,2026-10-04T23:15:00+00:00,73.6578,soccer.total_goals,period=ft,under,total=1.5,2.65
2026-10-05T00:01:20.534948+02:00,36592417,"Liga Panamena de Futbol, Apertura",Panama,CA Independiente de La Chorrera,CD Arabe Unido,2026-10-04T23:15:00+00:00,73.6578,soccer.total_goals,period=ft,over,total=1.75,1.55
2026-10-05T00:01:20.534948+02:00,36592417,"Liga Panamena de Futbol, Apertura",Panama,CA Independiente de La Chorrera,CD Arabe Unido,2026-10-04T23:15:00+00:00,73.6578,soccer.total_goals,period=ft,under,total=1.75,2.35
2026-10-05T00:01:20.534948+02:00,36592417,"Liga Panamena de Futbol, Apertura",Panama,CA Independiente de La Chorrera,CD Arabe Unido,2026-10-04T23:15:00+00:00,73.6578,soccer.total_goals,period=ft,over,total=2.25,2.07
2026-10-05T00:01:20.534948+02:00,36592417,"Liga Panamena de Futbol, Apertura",Panama,CA Independiente de La Chorrera,CD Arabe Unido,2026-10-04T23:15:00+00:00,73.6578,soccer.total_goals,period=ft,under,total=2.25,1.7
2026-10-05T00:01:20.534948+02:00,36592417,"Liga Panamena de Futbol, Apertura",Panama,CA Independiente de La Chorrera,CD Arabe Unido,2026-10-04T23:15:00+00:00,73.6578,soccer.total_goals,period=ft,over,total=2.5,2.35
2026-10-05T00:01:20.534948+02:00,36592417,"Liga Panamena de Futbol, Apertura",Panama,CA Independiente de La Chorrera,CD Arabe Unido,2026-10-04T23:15:00+00:00,73.6578,soccer.total_goals,period=ft,under,total=2.5,1.52
2026-10-05T00:01:20.534948+02:00,36592417,"Liga Panamena de Futbol, Apertura",Panama,CA Independiente de La Chorrera,CD Arabe Unido,2026-10-04T23:15:00+00:00,73.6578,soccer.total_goals,period=ft,over,total=2.75,2.8
2026-10-05T00:01:20.534948+02:00,36592417,"Liga Panamena de Futbol, Apertura",Panama,CA Independiente de La Chorrera,CD Arabe Unido,2026-10-04T23:15:00+00:00,73.6578,soccer.total_goals,period=ft,under,total=2.75,1.38
2026-10-05T00:01:20.534948+02:00,36631732,Copa Division Profesional,Bolivia,Independiente Petrolero,Club Bolivar,2026-10-04T23:30:00+00:00,88.6578,soccer.asian_handicap,period=ft,home,handicap=1,1.83
2026-10-05T00:01:20.534948+02:00,36631732,Copa Division Profesional,Bolivia,Independiente Petrolero,Club Bolivar,2026-10-04T23:30:00+00:00,88.6578,soccer.asian_handicap,period=ft,away,handicap=1,1.86
2026-10-05T00:01:20.534948+02:00,36631732,Copa Division Profesional,Bolivia,Independiente Petrolero,Club Bolivar,2026-10-04T23:30:00+00:00,88.6578,soccer.asian_handicap,period=ft,home,handicap=0.25,2.7
2026-10-05T00:01:20.534948+02:00,36631732,Copa Division Profesional,Bolivia,Independiente Petrolero,Club Bolivar,2026-10-04T23:30:00+00:00,88.6578,soccer.asian_handicap,period=ft,away,handicap=0.25,1.37
2026-10-05T00:01:20.534948+02:00,36631732,Copa Division Profesional,Bolivia,Independiente Petrolero,Club Bolivar,2026-10-04T23:30:00+00:00,88.6578,soccer.asian_handicap,period=ft,home,handicap=0.5,2.25
2026-10-05T00:01:20.534948+02:00,36631732,Copa Division Profesional,Bolivia,Independiente Petrolero,Club Bolivar,2026-10-04T23:30:00+00:00,88.6578,soccer.asian_handicap,period=ft,away,handicap=0.5,1.51
2026-10-05T00:01:20.534948+02:00,36631732,Copa Division Profesional,Bolivia,Independiente Petrolero,Club Bolivar,2026-10-04T23:30:00+00:00,88.6578,soccer.asian_handicap,period=ft,home,handicap=0.75,2.05
2026-10-05T00:01:20.534948+02:00,36631732,Copa Division Profesional,Bolivia,Independiente Petrolero,Club Bolivar,2026-10-04T23:30:00+00:00,88.6578,soccer.asian_handicap,period=ft,away,handicap=0.75,1.65
2026-10-05T00:01:20.534948+02:00,36631732,Copa Division Profesional,Bolivia,Independiente Petrolero,Club Bolivar,2026-10-04T23:30:00+00:00,88.6578,soccer.asian_handicap,period=ft,home,handicap=1.25,1.63
2026-10-05T00:01:20.534948+02:00,36631732,Copa Division Profesional,Bolivia,Independiente Petrolero,Club Bolivar,2026-10-04T23:30:00+00:00,88.6578,soccer.asian_handicap,period=ft,away,handicap=1.25,2.09
2026-10-05T00:01:20.534948+02:00,36631732,Copa Division Profesional,Bolivia,Independiente Petrolero,Club Bolivar,2026-10-04T23:30:00+00:00,88.6578,soccer.asian_handicap,period=ft,home,handicap=1.5,1.5
2026-10-05T00:01:20.534948+02:00,36631732,Copa Division Profesional,Bolivia,Independiente Petrolero,Club Bolivar,2026-10-04T23:30:00+00:00,88.6578,soccer.asian_handicap,period=ft,away,handicap=1.5,2.3
2026-10-05T00:01:20.534948+02:00,36631732,Copa Division Profesional,Bolivia,Independiente Petrolero,Club Bolivar,2026-10-04T23:30:00+00:00,88.6578,soccer.asian_handicap,period=ft,home,handicap=1.75,1.37
2026-10-05T00:01:20.534948+02:00,36631732,Copa Division Profesional,Bolivia,Independiente Petrolero,Club Bolivar,2026-10-04T23:30:00+00:00,88.6578,soccer.asian_handicap,period=ft,away,handicap=1.75,2.65
2026-10-05T00:01:20.534948+02:00,36631732,Copa Division Profesional,Bolivia,Independiente Petrolero,Club Bolivar,2026-10-04T23:30:00+00:00,88.6578,soccer.double_chance,period=ft,draw_away,,1.16
2026-10-05T00:01:20.534948+02:00,36631732,Copa Division Profesional,Bolivia,Independiente Petrolero,Club Bolivar,2026-10-04T23:30:00+00:00,88.6578,soccer.double_chance,period=ft,home_away,,1.18
2026-10-05T00:01:20.534948+02:00,36631732,Copa Division Profesional,Bolivia,Independiente Petrolero,Club Bolivar,2026-10-04T23:30:00+00:00,88.6578,soccer.double_chance,period=ft,home_draw,,2.06
2026-10-05T00:01:20.534948+02:00,36631732,Copa Division Profesional,Bolivia,Independiente Petrolero,Club Bolivar,2026-10-04T23:30:00+00:00,88.6578,soccer.match_odds,period=ft,home,,4.45
2026-10-05T00:01:20.534948+02:00,36631732,Copa Division Profesional,Bolivia,Independiente Petrolero,Club Bolivar,2026-10-04T23:30:00+00:00,88.6578,soccer.match_odds,period=ft,draw,,4.0
2026-10-05T00:01:20.534948+02:00,36631732,Copa Division Profesional,Bolivia,Independiente Petrolero,Club Bolivar,2026-10-04T23:30:00+00:00,88.6578,soccer.match_odds,period=ft,away,,1.53
2026-10-05T00:01:20.534948+02:00,36631732,Copa Division Profesional,Bolivia,Independiente Petrolero,Club Bolivar,2026-10-04T23:30:00+00:00,88.6578,soccer.total_goals,period=ft,over,total=3.5,1.89
2026-10-05T00:01:20.534948+02:00,36631732,Copa Division Profesional,Bolivia,Independiente Petrolero,Club Bolivar,2026-10-04T23:30:00+00:00,88.6578,soccer.total_goals,period=ft,under,total=3.5,1.8
2026-10-05T00:01:20.534948+02:00,36631732,Copa Division Profesional,Bolivia,Independiente Petrolero,Club Bolivar,2026-10-04T23:30:00+00:00,88.6578,soccer.total_goals,period=ft,over,total=2.75,1.4
2026-10-05T00:01:20.534948+02:00,36631732,Copa Division Profesional,Bolivia,Independiente Petrolero,Club Bolivar,2026-10-04T23:30:00+00:00,88.6578,soccer.total_goals,period=ft,under,total=2.75,2.55
2026-10-05T00:01:20.534948+02:00,36631732,Copa Division Profesional,Bolivia,Independiente Petrolero,Club Bolivar,2026-10-04T23:30:00+00:00,88.6578,soccer.total_goals,period=ft,over,total=3,1.5
2026-10-05T00:01:20.534948+02:00,36631732,Copa Division Profesional,Bolivia,Independiente Petrolero,Club Bolivar,2026-10-04T23:30:00+00:00,88.6578,soccer.total_goals,period=ft,under,total=3,2.3
2026-10-05T00:01:20.534948+02:00,36631732,Copa Division Profesional,Bolivia,Independiente Petrolero,Club Bolivar,2026-10-04T23:30:00+00:00,88.6578,soccer.total_goals,period=ft,over,total=3.25,1.69
2026-10-05T00:01:20.534948+02:00,36631732,Copa Division Profesional,Bolivia,Independiente Petrolero,Club Bolivar,2026-10-04T23:30:00+00:00,88.6578,soccer.total_goals,period=ft,under,total=3.25,2.0
2026-10-05T00:01:20.534948+02:00,36631732,Copa Division Profesional,Bolivia,Independiente Petrolero,Club Bolivar,2026-10-04T23:30:00+00:00,88.6578,soccer.total_goals,period=ft,over,total=3.75,2.08
2026-10-05T00:01:20.534948+02:00,36631732,Copa Division Profesional,Bolivia,Independiente Petrolero,Club Bolivar,2026-10-04T23:30:00+00:00,88.6578,soccer.total_goals,period=ft,under,total=3.75,1.63
2026-10-05T00:01:20.534948+02:00,36631732,Copa Division Profesional,Bolivia,Independiente Petrolero,Club Bolivar,2026-10-04T23:30:00+00:00,88.6578,soccer.total_goals,period=ft,over,total=4,2.4
2026-10-05T00:01:20.534948+02:00,36631732,Copa Division Profesional,Bolivia,Independiente Petrolero,Club Bolivar,2026-10-04T23:30:00+00:00,88.6578,soccer.total_goals,period=ft,under,total=4,1.46
2026-10-05T00:01:20.534948+02:00,36631732,Copa Division Profesional,Bolivia,Independiente Petrolero,Club Bolivar,2026-10-04T23:30:00+00:00,88.6578,soccer.total_goals,period=ft,over,total=4.25,2.65
2026-10-05T00:01:20.534948+02:00,36631732,Copa Division Profesional,Bolivia,Independiente Petrolero,Club Bolivar,2026-10-04T23:30:00+00:00,88.6578,soccer.total_goals,period=ft,under,total=4.25,1.38
2026-10-05T00:01:20.534948+02:00,36581498,Primera Division,Uruguay,Racing Club Montevideo,CA Penarol Montevideo,2026-10-04T22:30:00+00:00,28.6578,soccer.asian_handicap,period=ft,home,handicap=0.25,1.98
2026-10-05T00:01:20.534948+02:00,36581498,Primera Division,Uruguay,Racing Club Montevideo,CA Penarol Montevideo,2026-10-04T22:30:00+00:00,28.6578,soccer.asian_handicap,period=ft,away,handicap=0.25,1.85
2026-10-05T00:01:20.534948+02:00,36581498,Primera Division,Uruguay,Racing Club Montevideo,CA Penarol Montevideo,2026-10-04T22:30:00+00:00,28.6578,soccer.asian_handicap,period=ft,home,handicap=-0.75,5.2
2026-10-05T00:01:20.534948+02:00,36581498,Primera Division,Uruguay,Racing Club Montevideo,CA Penarol Montevideo,2026-10-04T22:30:00+00:00,28.6578,soccer.asian_handicap,period=ft,away,handicap=-0.75,1.16
2026-10-05T00:01:20.534948+02:00,36581498,Primera Division,Uruguay,Racing Club Montevideo,CA Penarol Montevideo,2026-10-04T22:30:00+00:00,28.6578,soccer.asian_handicap,period=ft,home,handicap=-0.5,3.85
2026-10-05T00:01:20.534948+02:00,36581498,Primera Division,Uruguay,Racing Club Montevideo,CA Penarol Montevideo,2026-10-04T22:30:00+00:00,28.6578,soccer.asian_handicap,period=ft,away,handicap=-0.5,1.25
2026-10-05T00:01:20.534948+02:00,36581498,Primera Division,Uruguay,Racing Club Montevideo,CA Penarol Montevideo,2026-10-04T22:30:00+00:00,28.6578,soccer.asian_handicap,period=ft,home,handicap=-0.25,3.25
2026-10-05T00:01:20.534948+02:00,36581498,Primera Division,Uruguay,Racing Club Montevideo,CA Penarol Montevideo,2026-10-04T22:30:00+00:00,28.6578,soccer.asian_handicap,period=ft,away,handicap=-0.25,1.34
2026-10-05T00:01:20.534948+02:00,36581498,Primera Division,Uruguay,Racing Club Montevideo,CA Penarol Montevideo,2026-10-04T22:30:00+00:00,28.6578,soccer.asian_handicap,period=ft,home,handicap=0,2.65
2026-10-05T00:01:20.534948+02:00,36581498,Primera Division,Uruguay,Racing Club Montevideo,CA Penarol Montevideo,2026-10-04T22:30:00+00:00,28.6578,soccer.asian_handicap,period=ft,away,handicap=0,1.48
2026-10-05T00:01:20.534948+02:00,36581498,Primera Division,Uruguay,Racing Club Montevideo,CA Penarol Montevideo,2026-10-04T22:30:00+00:00,28.6578,soccer.asian_handicap,period=ft,home,handicap=0.5,1.67
2026-10-05T00:01:20.534948+02:00,36581498,Primera Division,Uruguay,Racing Club Montevideo,CA Penarol Montevideo,2026-10-04T22:30:00+00:00,28.6578,soccer.asian_handicap,period=ft,away,handicap=0.5,2.2
2026-10-05T00:01:20.534948+02:00,36581498,Primera Division,Uruguay,Racing Club Montevideo,CA Penarol Montevideo,2026-10-04T22:30:00+00:00,28.6578,soccer.asian_handicap,period=ft,home,handicap=0.75,1.48
2026-10-05T00:01:20.534948+02:00,36581498,Primera Division,Uruguay,Racing Club Montevideo,CA Penarol Montevideo,2026-10-04T22:30:00+00:00,28.6578,soccer.asian_handicap,period=ft,away,handicap=0.75,2.65
2026-10-05T00:01:20.534948+02:00,36581498,Primera Division,Uruguay,Racing Club Montevideo,CA Penarol Montevideo,2026-10-04T22:30:00+00:00,28.6578,soccer.asian_handicap,period=ft,home,handicap=1,1.28
2026-10-05T00:01:20.534948+02:00,36581498,Primera Division,Uruguay,Racing Club Montevideo,CA Penarol Montevideo,2026-10-04T22:30:00+00:00,28.6578,soccer.asian_handicap,period=ft,away,handicap=1,3.55
2026-10-05T00:01:20.534948+02:00,36581498,Primera Division,Uruguay,Racing Club Montevideo,CA Penarol Montevideo,2026-10-04T22:30:00+00:00,28.6578,soccer.asian_handicap,period=ft,home,handicap=1.25,1.23
2026-10-05T00:01:20.534948+02:00,36581498,Primera Division,Uruguay,Racing Club Montevideo,CA Penarol Montevideo,2026-10-04T22:30:00+00:00,28.6578,soccer.asian_handicap,period=ft,away,handicap=1.25,4.05
2026-10-05T00:01:20.534948+02:00,36581498,Primera Division,Uruguay,Racing Club Montevideo,CA Penarol Montevideo,2026-10-04T22:30:00+00:00,28.6578,soccer.double_chance,period=ft,draw_away,,1.25
2026-10-05T00:01:20.534948+02:00,36581498,Primera Division,Uruguay,Racing Club Montevideo,CA Penarol Montevideo,2026-10-04T22:30:00+00:00,28.6578,soccer.double_chance,period=ft,home_away,,1.41
2026-10-05T00:01:20.534948+02:00,36581498,Primera Division,Uruguay,Racing Club Montevideo,CA Penarol Montevideo,2026-10-04T22:30:00+00:00,28.6578,soccer.double_chance,period=ft,home_draw,,1.66
2026-10-05T00:01:20.534948+02:00,36581498,Primera Division,Uruguay,Racing Club Montevideo,CA Penarol Montevideo,2026-10-04T22:30:00+00:00,28.6578,soccer.match_odds,period=ft,home,,3.85
2026-10-05T00:01:20.534948+02:00,36581498,Primera Division,Uruguay,Racing Club Montevideo,CA Penarol Montevideo,2026-10-04T22:30:00+00:00,28.6578,soccer.match_odds,period=ft,draw,,2.85
2026-10-05T00:01:20.534948+02:00,36581498,Primera Division,Uruguay,Racing Club Montevideo,CA Penarol Montevideo,2026-10-04T22:30:00+00:00,28.6578,soccer.match_odds,period=ft,away,,2.2
2026-10-05T00:01:20.534948+02:00,36581498,Primera Division,Uruguay,Racing Club Montevideo,CA Penarol Montevideo,2026-10-04T22:30:00+00:00,28.6578,soccer.total_goals,period=ft,over,total=2,1.83
2026-10-05T00:01:20.534948+02:00,36581498,Primera Division,Uruguay,Racing Club Montevideo,CA Penarol Montevideo,2026-10-04T22:30:00+00:00,28.6578,soccer.total_goals,period=ft,under,total=2,1.98
2026-10-05T00:01:20.534948+02:00,36581498,Primera Division,Uruguay,Racing Club Montevideo,CA Penarol Montevideo,2026-10-04T22:30:00+00:00,28.6578,soccer.total_goals,period=ft,over,total=0.5,1.09
2026-10-05T00:01:20.534948+02:00,36581498,Primera Division,Uruguay,Racing Club Montevideo,CA Penarol Montevideo,2026-10-04T22:30:00+00:00,28.6578,soccer.total_goals,period=ft,under,total=0.5,6.75
2026-10-05T00:01:20.534948+02:00,36581498,Primera Division,Uruguay,Racing Club Montevideo,CA Penarol Montevideo,2026-10-04T22:30:00+00:00,28.6578,soccer.total_goals,period=ft,over,total=1.5,1.45
2026-10-05T00:01:20.534948+02:00,36581498,Primera Division,Uruguay,Racing Club Montevideo,CA Penarol Montevideo,2026-10-04T22:30:00+00:00,28.6578,soccer.total_goals,period=ft,under,total=1.5,2.7
2026-10-05T00:01:20.534948+02:00,36581498,Primera Division,Uruguay,Racing Club Montevideo,CA Penarol Montevideo,2026-10-04T22:30:00+00:00,28.6578,soccer.total_goals,period=ft,over,total=1.75,1.59
2026-10-05T00:01:20.534948+02:00,36581498,Primera Division,Uruguay,Racing Club Montevideo,CA Penarol Montevideo,2026-10-04T22:30:00+00:00,28.6578,soccer.total_goals,period=ft,under,total=1.75,2.3
2026-10-05T00:01:20.534948+02:00,36581498,Primera Division,Uruguay,Racing Club Montevideo,CA Penarol Montevideo,2026-10-04T22:30:00+00:00,28.6578,soccer.total_goals,period=ft,over,total=2.25,2.17
2026-10-05T00:01:20.534948+02:00,36581498,Primera Division,Uruguay,Racing Club Montevideo,CA Penarol Montevideo,2026-10-04T22:30:00+00:00,28.6578,soccer.total_goals,period=ft,under,total=2.25,1.68
2026-10-05T00:01:20.534948+02:00,36581498,Primera Division,Uruguay,Racing Club Montevideo,CA Penarol Montevideo,2026-10-04T22:30:00+00:00,28.6578,soccer.total_goals,period=ft,over,total=2.5,2.5
2026-10-05T00:01:20.534948+02:00,36581498,Primera Division,Uruguay,Racing Club Montevideo,CA Penarol Montevideo,2026-10-04T22:30:00+00:00,28.6578,soccer.total_goals,period=ft,under,total=2.5,1.52
2026-10-05T00:01:20.534948+02:00,36581498,Primera Division,Uruguay,Racing Club Montevideo,CA Penarol Montevideo,2026-10-04T22:30:00+00:00,28.6578,soccer.total_goals,period=ft,over,total=3.5,4.7
2026-10-05T00:01:20.534948+02:00,36581498,Primera Division,Uruguay,Racing Club Montevideo,CA Penarol Montevideo,2026-10-04T22:30:00+00:00,28.6578,soccer.total_goals,period=ft,under,total=3.5,1.17
2026-10-05T00:02:38.045083+02:00,36592417,"Liga Panamena de Futbol, Apertura",Panama,CA Independiente de La Chorrera,CD Arabe Unido,2026-10-04T23:15:00+00:00,72.3659,soccer.asian_handicap,period=ft,home,handicap=0.25,1.78
2026-10-05T00:02:38.045083+02:00,36592417,"Liga Panamena de Futbol, Apertura",Panama,CA Independiente de La Chorrera,CD Arabe Unido,2026-10-04T23:15:00+00:00,72.3659,soccer.asian_handicap,period=ft,away,handicap=0.25,2.01
2026-10-05T00:02:38.045083+02:00,36592417,"Liga Panamena de Futbol, Apertura",Panama,CA Independiente de La Chorrera,CD Arabe Unido,2026-10-04T23:15:00+00:00,72.3659,soccer.asian_handicap,period=ft,home,handicap=-0.5,3.0
2026-10-05T00:02:38.045083+02:00,36592417,"Liga Panamena de Futbol, Apertura",Panama,CA Independiente de La Chorrera,CD Arabe Unido,2026-10-04T23:15:00+00:00,72.3659,soccer.asian_handicap,period=ft,away,handicap=-0.5,1.33
2026-10-05T00:02:38.045083+02:00,36592417,"Liga Panamena de Futbol, Apertura",Panama,CA Independiente de La Chorrera,CD Arabe Unido,2026-10-04T23:15:00+00:00,72.3659,soccer.asian_handicap,period=ft,home,handicap=-0.25,2.6
2026-10-05T00:02:38.045083+02:00,36592417,"Liga Panamena de Futbol, Apertura",Panama,CA Independiente de La Chorrera,CD Arabe Unido,2026-10-04T23:15:00+00:00,72.3659,soccer.asian_handicap,period=ft,away,handicap=-0.25,1.44
2026-10-05T00:02:38.045083+02:00,36592417,"Liga Panamena de Futbol, Apertura",Panama,CA Independiente de La Chorrera,CD Arabe Unido,2026-10-04T23:15:00+00:00,72.3659,soccer.asian_handicap,period=ft,home,handicap=0,2.18
2026-10-05T00:02:38.045083+02:00,36592417,"Liga Panamena de Futbol, Apertura",Panama,CA Independiente de La Chorrera,CD Arabe Unido,2026-10-04T23:15:00+00:00,72.3659,soccer.asian_handicap,period=ft,away,handicap=0,1.64
2026-10-05T00:02:38.045083+02:00,36592417,"Liga Panamena de Futbol, Apertura",Panama,CA Independiente de La Chorrera,CD Arabe Unido,2026-10-04T23:15:00+00:00,72.3659,soccer.asian_handicap,period=ft,home,handicap=0.5,1.56
2026-10-05T00:02:38.045083+02:00,36592417,"Liga Panamena de Futbol, Apertura",Panama,CA Independiente de La Chorrera,CD Arabe Unido,2026-10-04T23:15:00+00:00,72.3659,soccer.asian_handicap,period=ft,away,handicap=0.5,2.3
2026-10-05T00:02:38.045083+02:00,36592417,"Liga Panamena de Futbol, Apertura",Panama,CA Independiente de La Chorrera,CD Arabe Unido,2026-10-04T23:15:00+00:00,72.3659,soccer.asian_handicap,period=ft,home,handicap=0.75,1.39
2026-10-05T00:02:38.045083+02:00,36592417,"Liga Panamena de Futbol, Apertura",Panama,CA Independiente de La Chorrera,CD Arabe Unido,2026-10-04T23:15:00+00:00,72.3659,soccer.asian_handicap,period=ft,away,handicap=0.75,2.75
2026-10-05T00:02:38.045083+02:00,36592417,"Liga Panamena de Futbol, Apertura",Panama,CA Independiente de La Chorrera,CD Arabe Unido,2026-10-04T23:15:00+00:00,72.3659,soccer.asian_handicap,period=ft,home,handicap=1,1.22
2026-10-05T00:02:38.045083+02:00,36592417,"Liga Panamena de Futbol, Apertura",Panama,CA Independiente de La Chorrera,CD Arabe Unido,2026-10-04T23:15:00+00:00,72.3659,soccer.asian_handicap,period=ft,away,handicap=1,3.8
2026-10-05T00:02:38.045083+02:00,36592417,"Liga Panamena de Futbol, Apertura",Panama,CA Independiente de La Chorrera,CD Arabe Unido,2026-10-04T23:15:00+00:00,72.3659,soccer.double_chance,period=ft,draw_away,,1.34
2026-10-05T00:02:38.045083+02:00,36592417,"Liga Panamena de Futbol, Apertura",Panama,CA Independiente de La Chorrera,CD Arabe Unido,2026-10-04T23:15:00+00:00,72.3659,soccer.double_chance,period=ft,home_away,,1.37
2026-10-05T00:02:38.045083+02:00,36592417,"Liga Panamena de Futbol, Apertura",Panama,CA Independiente de La Chorrera,CD Arabe Unido,2026-10-04T23:15:00+00:00,72.3659,soccer.double_chance,period=ft,home_draw,,1.55
2026-10-05T00:02:38.045083+02:00,36592417,"Liga Panamena de Futbol, Apertura",Panama,CA Independiente de La Chorrera,CD Arabe Unido,2026-10-04T23:15:00+00:00,72.3659,soccer.match_odds,period=ft,home,,3.05
2026-10-05T00:02:38.045083+02:00,36592417,"Liga Panamena de Futbol, Apertura",Panama,CA Independiente de La Chorrera,CD Arabe Unido,2026-10-04T23:15:00+00:00,72.3659,soccer.match_odds,period=ft,draw,,2.95
2026-10-05T00:02:38.045083+02:00,36592417,"Liga Panamena de Futbol, Apertura",Panama,CA Independiente de La Chorrera,CD Arabe Unido,2026-10-04T23:15:00+00:00,72.3659,soccer.match_odds,period=ft,away,,2.3
2026-10-05T00:02:38.045083+02:00,36592417,"Liga Panamena de Futbol, Apertura",Panama,CA Independiente de La Chorrera,CD Arabe Unido,2026-10-04T23:15:00+00:00,72.3659,soccer.total_goals,period=ft,over,total=2,1.77
2026-10-05T00:02:38.045083+02:00,36592417,"Liga Panamena de Futbol, Apertura",Panama,CA Independiente de La Chorrera,CD Arabe Unido,2026-10-04T23:15:00+00:00,72.3659,soccer.total_goals,period=ft,under,total=2,2.01
2026-10-05T00:02:38.045083+02:00,36592417,"Liga Panamena de Futbol, Apertura",Panama,CA Independiente de La Chorrera,CD Arabe Unido,2026-10-04T23:15:00+00:00,72.3659,soccer.total_goals,period=ft,over,total=1.25,1.26
2026-10-05T00:02:38.045083+02:00,36592417,"Liga Panamena de Futbol, Apertura",Panama,CA Independiente de La Chorrera,CD Arabe Unido,2026-10-04T23:15:00+00:00,72.3659,soccer.total_goals,period=ft,under,total=1.25,3.45
2026-10-05T00:02:38.045083+02:00,36592417,"Liga Panamena de Futbol, Apertura",Panama,CA Independiente de La Chorrera,CD Arabe Unido,2026-10-04T23:15:00+00:00,72.3659,soccer.total_goals,period=ft,over,total=1.5,1.42
2026-10-05T00:02:38.045083+02:00,36592417,"Liga Panamena de Futbol, Apertura",Panama,CA Independiente de La Chorrera,CD Arabe Unido,2026-10-04T23:15:00+00:00,72.3659,soccer.total_goals,period=ft,under,total=1.5,2.65
2026-10-05T00:02:38.045083+02:00,36592417,"Liga Panamena de Futbol, Apertura",Panama,CA Independiente de La Chorrera,CD Arabe Unido,2026-10-04T23:15:00+00:00,72.3659,soccer.total_goals,period=ft,over,total=1.75,1.55
2026-10-05T00:02:38.045083+02:00,36592417,"Liga Panamena de Futbol, Apertura",Panama,CA Independiente de La Chorrera,CD Arabe Unido,2026-10-04T23:15:00+00:00,72.3659,soccer.total_goals,period=ft,under,total=1.75,2.35
2026-10-05T00:02:38.045083+02:00,36592417,"Liga Panamena de Futbol, Apertura",Panama,CA Independiente de La Chorrera,CD Arabe Unido,2026-10-04T23:15:00+00:00,72.3659,soccer.total_goals,period=ft,over,total=2.25,2.07
2026-10-05T00:02:38.045083+02:00,36592417,"Liga Panamena de Futbol, Apertura",Panama,CA Independiente de La Chorrera,CD Arabe Unido,2026-10-04T23:15:00+00:00,72.3659,soccer.total_goals,period=ft,under,total=2.25,1.7
2026-10-05T00:02:38.045083+02:00,36592417,"Liga Panamena de Futbol, Apertura",Panama,CA Independiente de La Chorrera,CD Arabe Unido,2026-10-04T23:15:00+00:00,72.3659,soccer.total_goals,period=ft,over,total=2.5,2.35
2026-10-05T00:02:38.045083+02:00,36592417,"Liga Panamena de Futbol, Apertura",Panama,CA Independiente de La Chorrera,CD Arabe Unido,2026-10-04T23:15:00+00:00,72.3659,soccer.total_goals,period=ft,under,total=2.5,1.52
2026-10-05T00:02:38.045083+02:00,36592417,"Liga Panamena de Futbol, Apertura",Panama,CA Independiente de La Chorrera,CD Arabe Unido,2026-10-04T23:15:00+00:00,72.3659,soccer.total_goals,period=ft,over,total=2.75,2.8
2026-10-05T00:02:38.045083+02:00,36592417,"Liga Panamena de Futbol, Apertura",Panama,CA Independiente de La Chorrera,CD Arabe Unido,2026-10-04T23:15:00+00:00,72.3659,soccer.total_goals,period=ft,under,total=2.75,1.38
2026-10-05T00:02:38.045083+02:00,36595583,"Primera Division, Clausura",El Salvador,Santa Tecla FC,CD Fuerte San Francisco Morazan,2026-10-04T23:00:00+00:00,57.3659,soccer.asian_handicap,period=ft,home,handicap=-1,1.851
2026-10-05T00:02:38.045083+02:00,36595583,"Primera Division, Clausura",El Salvador,Santa Tecla FC,CD Fuerte San Francisco Morazan,2026-10-04T23:00:00+00:00,57.3659,soccer.asian_handicap,period=ft,away,handicap=-1,1.933
2026-10-05T00:02:38.045083+02:00,36595583,"Primera Division, Clausura",El Salvador,Santa Tecla FC,CD Fuerte San Francisco Morazan,2026-10-04T23:00:00+00:00,57.3659,soccer.asian_handicap,period=ft,home,handicap=-1.75,2.833
2026-10-05T00:02:38.045083+02:00,36595583,"Primera Division, Clausura",El Salvador,Santa Tecla FC,CD Fuerte San Francisco Morazan,2026-10-04T23:00:00+00:00,57.3659,soccer.asian_handicap,period=ft,away,handicap=-1.75,1.383
2026-10-05T00:02:38.045083+02:00,36595583,"Primera Division, Clausura",El Salvador,Santa Tecla FC,CD Fuerte San Francisco Morazan,2026-10-04T23:00:00+00:00,57.3659,soccer.asian_handicap,period=ft,home,handicap=-1.5,2.377
2026-10-05T00:02:38.045083+02:00,36595583,"Primera Division, Clausura",El Salvador,Santa Tecla FC,CD Fuerte San Francisco Morazan,2026-10-04T23:00:00+00:00,57.3659,soccer.asian_handicap,period=ft,away,handicap=-1.5,1.525
2026-10-05T00:02:38.045083+02:00,36595583,"Primera Division, Clausura",El Salvador,Santa Tecla FC,CD Fuerte San Francisco Morazan,2026-10-04T23:00:00+00:00,57.3659,soccer.asian_handicap,period=ft,home,handicap=-1.25,2.119
2026-10-05T00:02:38.045083+02:00,36595583,"Primera Division, Clausura",El Salvador,Santa Tecla FC,CD Fuerte San Francisco Morazan,2026-10-04T23:00:00+00:00,57.3659,soccer.asian_handicap,period=ft,away,handicap=-1.25,1.678
2026-10-05T00:02:38.045083+02:00,36595583,"Primera Division, Clausura",El Salvador,Santa Tecla FC,CD Fuerte San Francisco Morazan,2026-10-04T23:00:00+00:00,57.3659,soccer.asian_handicap,period=ft,home,handicap=-0.75,1.625
2026-10-05T00:02:38.045083+02:00,36595583,"Primera Division, Clausura",El Salvador,Santa Tecla FC,CD Fuerte San Francisco Morazan,2026-10-04T23:00:00+00:00,57.3659,soccer.asian_handicap,period=ft,away,handicap=-0.75,2.218
2026-10-05T00:02:38.045083+02:00,36595583,"Primera Division, Clausura",El Salvador,Santa Tecla FC,CD Fuerte San Francisco Morazan,2026-10-04T23:00:00+00:00,57.3659,soccer.asian_handicap,period=ft,home,handicap=-0.5,1.486
2026-10-05T00:02:38.045083+02:00,36595583,"Primera Division, Clausura",El Salvador,Santa Tecla FC,CD Fuerte San Francisco Morazan,2026-10-04T23:00:00+00:00,57.3659,soccer.asian_handicap,period=ft,away,handicap=-0.5,2.486
2026-10-05T00:02:38.045083+02:00,36595583,"Primera Division, Clausura",El Salvador,Santa Tecla FC,CD Fuerte San Francisco Morazan,2026-10-04T23:00:00+00:00,57.3659,soccer.asian_handicap,period=ft,home,handicap=-0.25,1.325
2026-10-05T00:02:38.045083+02:00,36595583,"Primera Division, Clausura",El Salvador,Santa Tecla FC,CD Fuerte San Francisco Morazan,2026-10-04T23:00:00+00:00,57.3659,soccer.asian_handicap,period=ft,away,handicap=-0.25,3.1
2026-10-05T00:02:38.045083+02:00,36595583,"Primera Division, Clausura",El Salvador,Santa Tecla FC,CD Fuerte San Francisco Morazan,2026-10-04T23:00:00+00:00,57.3659,soccer.double_chance,period=ft,home_away,,1.233
2026-10-05T00:02:38.045083+02:00,36595583,"Primera Division, Clausura",El Salvador,Santa Tecla FC,CD Fuerte San Francisco Morazan,2026-10-04T23:00:00+00:00,57.3659,soccer.double_chance,period=ft,draw_away,,2.508
2026-10-05T00:02:38.045083+02:00,36595583,"Primera Division, Clausura",El Salvador,Santa Tecla FC,CD Fuerte San Francisco Morazan,2026-10-04T23:00:00+00:00,57.3659,soccer.double_chance,period=ft,home_draw,,1.122
2026-10-05T00:02:38.045083+02:00,36595583,"Primera Division, Clausura",El Salvador,Santa Tecla FC,CD Fuerte San Francisco Morazan,2026-10-04T23:00:00+00:00,57.3659,soccer.match_odds,period=ft,home,,1.501
2026-10-05T00:02:38.045083+02:00,36595583,"Primera Division, Clausura",El Salvador,Santa Tecla FC,CD Fuerte San Francisco Morazan,2026-10-04T23:00:00+00:00,57.3659,soccer.match_odds,period=ft,draw,,3.963
2026-10-05T00:02:38.045083+02:00,36595583,"Primera Division, Clausura",El Salvador,Santa Tecla FC,CD Fuerte San Francisco Morazan,2026-10-04T23:00:00+00:00,57.3659,soccer.match_odds,period=ft,away,,5.895
2026-10-05T00:02:38.045083+02:00,36595583,"Primera Division, Clausura",El Salvador,Santa Tecla FC,CD Fuerte San Francisco Morazan,2026-10-04T23:00:00+00:00,57.3659,soccer.total_goals,period=ft,over,total=2.5,1.815
2026-10-05T00:02:38.045083+02:00,36595583,"Primera Division, Clausura",El Salvador,Santa Tecla FC,CD Fuerte San Francisco Morazan,2026-10-04T23:00:00+00:00,57.3659,soccer.total_goals,period=ft,under,total=2.5,1.971
2026-10-05T00:02:38.045083+02:00,36595583,"Primera Division, Clausura",El Salvador,Santa Tecla FC,CD Fuerte San Francisco Morazan,2026-10-04T23:00:00+00:00,57.3659,soccer.total_goals,period=ft,over,total=1.75,1.3
2026-10-05T00:02:38.045083+02:00,36595583,"Primera Division, Clausura",El Salvador,Santa Tecla FC,CD Fuerte San Francisco Morazan,2026-10-04T23:00:00+00:00,57.3659,soccer.total_goals,period=ft,under,total=1.75,3.249
2026-10-05T00:02:38.045083+02:00,36595583,"Primera Division, Clausura",El Salvador,Santa Tecla FC,CD Fuerte San Francisco Morazan,2026-10-04T23:00:00+00:00,57.3659,soccer.total_goals,period=ft,over,total=2,1.379
2026-10-05T00:02:38.045083+02:00,36595583,"Primera Division, Clausura",El Salvador,Santa Tecla FC,CD Fuerte San Francisco Morazan,2026-10-04T23:00:00+00:00,57.3659,soccer.total_goals,period=ft,under,total=2,2.853
2026-10-05T00:02:38.045083+02:00,36595583,"Primera Division, Clausura",El Salvador,Santa Tecla FC,CD Fuerte San Francisco Morazan,2026-10-04T23:00:00+00:00,57.3659,soccer.total_goals,period=ft,over,total=2.25,1.597
2026-10-05T00:02:38.045083+02:00,36595583,"Primera Division, Clausura",El Salvador,Santa Tecla FC,CD Fuerte San Francisco Morazan,2026-10-04T23:00:00+00:00,57.3659,soccer.total_goals,period=ft,under,total=2.25,2.268
2026-10-05T00:02:38.045083+02:00,36595583,"Primera Division, Clausura",El Salvador,Santa Tecla FC,CD Fuerte San Francisco Morazan,2026-10-04T23:00:00+00:00,57.3659,soccer.total_goals,period=ft,over,total=2.75,2.02
2026-10-05T00:02:38.045083+02:00,36595583,"Primera Division, Clausura",El Salvador,Santa Tecla FC,CD Fuerte San Francisco Morazan,2026-10-04T23:00:00+00:00,57.3659,soccer.total_goals,period=ft,under,total=2.75,1.746
2026-10-05T00:02:38.045083+02:00,36595583,"Primera Division, Clausura",El Salvador,Santa Tecla FC,CD Fuerte San Francisco Morazan,2026-10-04T23:00:00+00:00,57.3659,soccer.total_goals,period=ft,over,total=3,2.377
2026-10-05T00:02:38.045083+02:00,36595583,"Primera Division, Clausura",El Salvador,Santa Tecla FC,CD Fuerte San Francisco Morazan,2026-10-04T23:00:00+00:00,57.3659,soccer.total_goals,period=ft,under,total=3,1.525
2026-10-05T00:02:38.045083+02:00,36595583,"Primera Division, Clausura",El Salvador,Santa Tecla FC,CD Fuerte San Francisco Morazan,2026-10-04T23:00:00+00:00,57.3659,soccer.total_goals,period=ft,over,total=3.25,2.694
2026-10-05T00:02:38.045083+02:00,36595583,"Primera Division, Clausura",El Salvador,Santa Tecla FC,CD Fuerte San Francisco Morazan,2026-10-04T23:00:00+00:00,57.3659,soccer.total_goals,period=ft,under,total=3.25,1.418
2026-10-05T00:02:38.045083+02:00,36611740,Liga Nacional. Clausura,Guatemala,CD Guastatoya,Club Aurora,2026-10-04T23:00:00+00:00,57.3659,soccer.asian_handicap,period=ft,home,handicap=-1,1.76
2026-10-05T00:02:38.045083+02:00,36611740,Liga Nacional. Clausura,Guatemala,CD Guastatoya,Club Aurora,2026-10-04T23:00:00+00:00,57.3659,soccer.asian_handicap,period=ft,away,handicap=-1,2.02
2026-10-05T00:02:38.045083+02:00,36611740,Liga Nacional. Clausura,Guatemala,CD Guastatoya,Club Aurora,2026-10-04T23:00:00+00:00,57.3659,soccer.asian_handicap,period=ft,home,handicap=-1.75,2.8
2026-10-05T00:02:38.045083+02:00,36611740,Liga Nacional. Clausura,Guatemala,CD Guastatoya,Club Aurora,2026-10-04T23:00:00+00:00,57.3659,soccer.asian_handicap,period=ft,away,handicap=-1.75,1.38
2026-10-05T00:02:38.045083+02:00,36611740,Liga Nacional. Clausura,Guatemala,CD Guastatoya,Club Aurora,2026-10-04T23:00:00+00:00,57.3659,soccer.asian_handicap,period=ft,home,handicap=-1.5,2.3
2026-10-05T00:02:38.045083+02:00,36611740,Liga Nacional. Clausura,Guatemala,CD Guastatoya,Club Aurora,2026-10-04T23:00:00+00:00,57.3659,soccer.asian_handicap,period=ft,away,handicap=-1.5,1.54
2026-10-05T00:02:38.045083+02:00,36611740,Liga Nacional. Clausura,Guatemala,CD Guastatoya,Club Aurora,2026-10-04T23:00:00+00:00,57.3659,soccer.asian_handicap,period=ft,home,handicap=-1.25,2.06
2026-10-05T00:02:38.045083+02:00,36611740,Liga Nacional. Clausura,Guatemala,CD Guastatoya,Club Aurora,2026-10-04T23:00:00+00:00,57.3659,soccer.asian_handicap,period=ft,away,handicap=-1.25,1.71
2026-10-05T00:02:38.045083+02:00,36611740,Liga Nacional. Clausura,Guatemala,CD Guastatoya,Club Aurora,2026-10-04T23:00:00+00:00,57.3659,soccer.asian_handicap,period=ft,home,handicap=-0.75,1.55
2026-10-05T00:02:38.045083+02:00,36611740,Liga Nacional. Clausura,Guatemala,CD Guastatoya,Club Aurora,2026-10-04T23:00:00+00:00,57.3659,soccer.asian_handicap,period=ft,away,handicap=-0.75,2.35
2026-10-05T00:02:38.045083+02:00,36611740,Liga Nacional. Clausura,Guatemala,CD Guastatoya,Club Aurora,2026-10-04T23:00:00+00:00,57.3659,soccer.asian_handicap,period=ft,home,handicap=-0.5,1.42
2026-10-05T00:02:38.045083+02:00,36611740,Liga Nacional. Clausura,Guatemala,CD Guastatoya,Club Aurora,2026-10-04T23:00:00+00:00,57.3659,soccer.asian_handicap,period=ft,away,handicap=-0.5,2.65
2026-10-05T00:02:38.045083+02:00,36611740,Liga Nacional. Clausura,Guatemala,CD Guastatoya,Club Aurora,2026-10-04T23:00:00+00:00,57.3659,soccer.asian_handicap,period=ft,home,handicap=-0.25,1.27
2026-10-05T00:02:38.045083+02:00,36611740,Liga Nacional. Clausura,Guatemala,CD Guastatoya,Club Aurora,2026-10-04T23:00:00+00:00,57.3659,soccer.asian_handicap,period=ft,away,handicap=-0.25,3.4
2026-10-05T00:02:38.045083+02:00,36611740,Liga Nacional. Clausura,Guatemala,CD Guastatoya,Club Aurora,2026-10-04T23:00:00+00:00,57.3659,soccer.double_chance,period=ft,draw_away,,2.65
2026-10-05T00:02:38.045083+02:00,36611740,Liga Nacional. Clausura,Guatemala,CD Guastatoya,Club Aurora,2026-10-04T23:00:00+00:00,57.3659,soccer.double_chance,period=ft,home_away,,1.22
2026-10-05T00:02:38.045083+02:00,36611740,Liga Nacional. Clausura,Guatemala,CD Guastatoya,Club Aurora,2026-10-04T23:00:00+00:00,57.3659,soccer.double_chance,period=ft,home_draw,,1.08
2026-10-05T00:02:38.045083+02:00,36611740,Liga Nacional. Clausura,Guatemala,CD Guastatoya,Club Aurora,2026-10-04T23:00:00+00:00,57.3659,soccer.match_odds,period=ft,home,,1.43
2026-10-05T00:02:38.045083+02:00,36611740,Liga Nacional. Clausura,Guatemala,CD Guastatoya,Club Aurora,2026-10-04T23:00:00+00:00,57.3659,soccer.match_odds,period=ft,draw,,3.95
2026-10-05T00:02:38.045083+02:00,36611740,Liga Nacional. Clausura,Guatemala,CD Guastatoya,Club Aurora,2026-10-04T23:00:00+00:00,57.3659,soccer.match_odds,period=ft,away,,7.05
2026-10-05T00:02:38.045083+02:00,36611740,Liga Nacional. Clausura,Guatemala,CD Guastatoya,Club Aurora,2026-10-04T23:00:00+00:00,57.3659,soccer.total_goals,period=ft,over,total=2.5,1.92
2026-10-05T00:02:38.045083+02:00,36611740,Liga Nacional. Clausura,Guatemala,CD Guastatoya,Club Aurora,2026-10-04T23:00:00+00:00,57.3659,soccer.total_goals,period=ft,under,total=2.5,1.85
2026-10-05T00:02:38.045083+02:00,36611740,Liga Nacional. Clausura,Guatemala,CD Guastatoya,Club Aurora,2026-10-04T23:00:00+00:00,57.3659,soccer.total_goals,period=ft,over,total=1.75,1.35
2026-10-05T00:02:38.045083+02:00,36611740,Liga Nacional. Clausura,Guatemala,CD Guastatoya,Club Aurora,2026-10-04T23:00:00+00:00,57.3659,soccer.total_goals,period=ft,under,total=1.75,2.95
2026-10-05T00:02:38.045083+02:00,36611740,Liga Nacional. Clausura,Guatemala,CD Guastatoya,Club Aurora,2026-10-04T23:00:00+00:00,57.3659,soccer.total_goals,period=ft,over,total=2,1.45
2026-10-05T00:02:38.045083+02:00,36611740,Liga Nacional. Clausura,Guatemala,CD Guastatoya,Club Aurora,2026-10-04T23:00:00+00:00,57.3659,soccer.total_goals,period=ft,under,total=2,2.55
2026-10-05T00:02:38.045083+02:00,36611740,Liga Nacional. Clausura,Guatemala,CD Guastatoya,Club Aurora,2026-10-04T23:00:00+00:00,57.3659,soccer.total_goals,period=ft,over,total=2.25,1.68
2026-10-05T00:02:38.045083+02:00,36611740,Liga Nacional. Clausura,Guatemala,CD Guastatoya,Club Aurora,2026-10-04T23:00:00+00:00,57.3659,soccer.total_goals,period=ft,under,total=2.25,2.1
2026-10-05T00:02:38.045083+02:00,36611740,Liga Nacional. Clausura,Guatemala,CD Guastatoya,Club Aurora,2026-10-04T23:00:00+00:00,57.3659,soccer.total_goals,period=ft,over,total=2.75,2.17
2026-10-05T00:02:38.045083+02:00,36611740,Liga Nacional. Clausura,Guatemala,CD Guastatoya,Club Aurora,2026-10-04T23:00:00+00:00,57.3659,soccer.total_goals,period=ft,under,total=2.75,1.64
2026-10-05T00:02:38.045083+02:00,36611740,Liga Nacional. Clausura,Guatemala,CD Guastatoya,Club Aurora,2026-10-04T23:00:00+00:00,57.3659,soccer.total_goals,period=ft,over,total=3,2.6
2026-10-05T00:02:38.045083+02:00,36611740,Liga Nacional. Clausura,Guatemala,CD Guastatoya,Club Aurora,2026-10-04T23:00:00+00:00,57.3659,soccer.total_goals,period=ft,under,total=3,1.44
2026-10-05T00:02:38.045083+02:00,36611740,Liga Nacional. Clausura,Guatemala,CD Guastatoya,Club Aurora,2026-10-04T23:00:00+00:00,57.3659,soccer.total_goals,period=ft,over,total=3.25,2.95
2026-10-05T00:02:38.045083+02:00,36611740,Liga Nacional. Clausura,Guatemala,CD Guastatoya,Club Aurora,2026-10-04T23:00:00+00:00,57.3659,soccer.total_goals,period=ft,under,total=3.25,1.35
2026-10-05T00:02:38.045083+02:00,36631732,Copa Division Profesional,Bolivia,Independiente Petrolero,Club Bolivar,2026-10-04T23:30:00+00:00,87.3659,soccer.asian_handicap,period=ft,home,handicap=1,1.83
2026-10-05T00:02:38.045083+02:00,36631732,Copa Division Profesional,Bolivia,Independiente Petrolero,Club Bolivar,2026-10-04T23:30:00+00:00,87.3659,soccer.asian_handicap,period=ft,away,handicap=1,1.86
2026-10-05T00:02:38.045083+02:00,36631732,Copa Division Profesional,Bolivia,Independiente Petrolero,Club Bolivar,2026-10-04T23:30:00+00:00,87.3659,soccer.asian_handicap,period=ft,home,handicap=0.25,2.7
2026-10-05T00:02:38.045083+02:00,36631732,Copa Division Profesional,Bolivia,Independiente Petrolero,Club Bolivar,2026-10-04T23:30:00+00:00,87.3659,soccer.asian_handicap,period=ft,away,handicap=0.25,1.37
2026-10-05T00:02:38.045083+02:00,36631732,Copa Division Profesional,Bolivia,Independiente Petrolero,Club Bolivar,2026-10-04T23:30:00+00:00,87.3659,soccer.asian_handicap,period=ft,home,handicap=0.5,2.25
2026-10-05T00:02:38.045083+02:00,36631732,Copa Division Profesional,Bolivia,Independiente Petrolero,Club Bolivar,2026-10-04T23:30:00+00:00,87.3659,soccer.asian_handicap,period=ft,away,handicap=0.5,1.51
2026-10-05T00:02:38.045083+02:00,36631732,Copa Division Profesional,Bolivia,Independiente Petrolero,Club Bolivar,2026-10-04T23:30:00+00:00,87.3659,soccer.asian_handicap,period=ft,home,handicap=0.75,2.05
2026-10-05T00:02:38.045083+02:00,36631732,Copa Division Profesional,Bolivia,Independiente Petrolero,Club Bolivar,2026-10-04T23:30:00+00:00,87.3659,soccer.asian_handicap,period=ft,away,handicap=0.75,1.65
2026-10-05T00:02:38.045083+02:00,36631732,Copa Division Profesional,Bolivia,Independiente Petrolero,Club Bolivar,2026-10-04T23:30:00+00:00,87.3659,soccer.asian_handicap,period=ft,home,handicap=1.25,1.63
2026-10-05T00:02:38.045083+02:00,36631732,Copa Division Profesional,Bolivia,Independiente Petrolero,Club Bolivar,2026-10-04T23:30:00+00:00,87.3659,soccer.asian_handicap,period=ft,away,handicap=1.25,2.09
2026-10-05T00:02:38.045083+02:00,36631732,Copa Division Profesional,Bolivia,Independiente Petrolero,Club Bolivar,2026-10-04T23:30:00+00:00,87.3659,soccer.asian_handicap,period=ft,home,handicap=1.5,1.5
2026-10-05T00:02:38.045083+02:00,36631732,Copa Division Profesional,Bolivia,Independiente Petrolero,Club Bolivar,2026-10-04T23:30:00+00:00,87.3659,soccer.asian_handicap,period=ft,away,handicap=1.5,2.3
2026-10-05T00:02:38.045083+02:00,36631732,Copa Division Profesional,Bolivia,Independiente Petrolero,Club Bolivar,2026-10-04T23:30:00+00:00,87.3659,soccer.asian_handicap,period=ft,home,handicap=1.75,1.37
2026-10-05T00:02:38.045083+02:00,36631732,Copa Division Profesional,Bolivia,Independiente Petrolero,Club Bolivar,2026-10-04T23:30:00+00:00,87.3659,soccer.asian_handicap,period=ft,away,handicap=1.75,2.65
2026-10-05T00:02:38.045083+02:00,36631732,Copa Division Profesional,Bolivia,Independiente Petrolero,Club Bolivar,2026-10-04T23:30:00+00:00,87.3659,soccer.double_chance,period=ft,draw_away,,1.16
2026-10-05T00:02:38.045083+02:00,36631732,Copa Division Profesional,Bolivia,Independiente Petrolero,Club Bolivar,2026-10-04T23:30:00+00:00,87.3659,soccer.double_chance,period=ft,home_away,,1.18
2026-10-05T00:02:38.045083+02:00,36631732,Copa Division Profesional,Bolivia,Independiente Petrolero,Club Bolivar,2026-10-04T23:30:00+00:00,87.3659,soccer.double_chance,period=ft,home_draw,,2.06
2026-10-05T00:02:38.045083+02:00,36631732,Copa Division Profesional,Bolivia,Independiente Petrolero,Club Bolivar,2026-10-04T23:30:00+00:00,87.3659,soccer.match_odds,period=ft,home,,4.45
2026-10-05T00:02:38.045083+02:00,36631732,Copa Division Profesional,Bolivia,Independiente Petrolero,Club Bolivar,2026-10-04T23:30:00+00:00,87.3659,soccer.match_odds,period=ft,draw,,4.0
2026-10-05T00:02:38.045083+02:00,36631732,Copa Division Profesional,Bolivia,Independiente Petrolero,Club Bolivar,2026-10-04T23:30:00+00:00,87.3659,soccer.match_odds,period=ft,away,,1.53
2026-10-05T00:02:38.045083+02:00,36631732,Copa Division Profesional,Bolivia,Independiente Petrolero,Club Bolivar,2026-10-04T23:30:00+00:00,87.3659,soccer.total_goals,period=ft,over,total=3.5,1.89
2026-10-05T00:02:38.045083+02:00,36631732,Copa Division Profesional,Bolivia,Independiente Petrolero,Club Bolivar,2026-10-04T23:30:00+00:00,87.3659,soccer.total_goals,period=ft,under,total=3.5,1.8
2026-10-05T00:02:38.045083+02:00,36631732,Copa Division Profesional,Bolivia,Independiente Petrolero,Club Bolivar,2026-10-04T23:30:00+00:00,87.3659,soccer.total_goals,period=ft,over,total=2.75,1.4
2026-10-05T00:02:38.045083+02:00,36631732,Copa Division Profesional,Bolivia,Independiente Petrolero,Club Bolivar,2026-10-04T23:30:00+00:00,87.3659,soccer.total_goals,period=ft,under,total=2.75,2.55
2026-10-05T00:02:38.045083+02:00,36631732,Copa Division Profesional,Bolivia,Independiente Petrolero,Club Bolivar,2026-10-04T23:30:00+00:00,87.3659,soccer.total_goals,period=ft,over,total=3,1.5
2026-10-05T00:02:38.045083+02:00,36631732,Copa Division Profesional,Bolivia,Independiente Petrolero,Club Bolivar,2026-10-04T23:30:00+00:00,87.3659,soccer.total_goals,period=ft,under,total=3,2.3
2026-10-05T00:02:38.045083+02:00,36631732,Copa Division Profesional,Bolivia,Independiente Petrolero,Club Bolivar,2026-10-04T23:30:00+00:00,87.3659,soccer.total_goals,period=ft,over,total=3.25,1.69
2026-10-05T00:02:38.045083+02:00,36631732,Copa Division Profesional,Bolivia,Independiente Petrolero,Club Bolivar,2026-10-04T23:30:00+00:00,87.3659,soccer.total_goals,period=ft,under,total=3.25,2.0
2026-10-05T00:02:38.045083+02:00,36631732,Copa Division Profesional,Bolivia,Independiente Petrolero,Club Bolivar,2026-10-04T23:30:00+00:00,87.3659,soccer.total_goals,period=ft,over,total=3.75,2.08
2026-10-05T00:02:38.045083+02:00,36631732,Copa Division Profesional,Bolivia,Independiente Petrolero,Club Bolivar,2026-10-04T23:30:00+00:00,87.3659,soccer.total_goals,period=ft,under,total=3.75,1.63
2026-10-05T00:02:38.045083+02:00,36631732,Copa Division Profesional,Bolivia,Independiente Petrolero,Club Bolivar,2026-10-04T23:30:00+00:00,87.3659,soccer.total_goals,period=ft,over,total=4,2.4
2026-10-05T00:02:38.045083+02:00,36631732,Copa Division Profesional,Bolivia,Independiente Petrolero,Club Bolivar,2026-10-04T23:30:00+00:00,87.3659,soccer.total_goals,period=ft,under,total=4,1.46
2026-10-05T00:02:38.045083+02:00,36631732,Copa Division Profesional,Bolivia,Independiente Petrolero,Club Bolivar,2026-10-04T23:30:00+00:00,87.3659,soccer.total_goals,period=ft,over,total=4.25,2.65
2026-10-05T00:02:38.045083+02:00,36631732,Copa Division Profesional,Bolivia,Independiente Petrolero,Club Bolivar,2026-10-04T23:30:00+00:00,87.3659,soccer.total_goals,period=ft,under,total=4.25,1.38
2026-10-05T00:02:38.045083+02:00,36635462,Primera Division Amateur,Uruguay,Bella Italia,Mar de Fondo FC,2026-10-04T23:30:00+00:00,87.3659,soccer.asian_handicap,period=ft,home,handicap=-1,1.82
2026-10-05T00:02:38.045083+02:00,36635462,Primera Division Amateur,Uruguay,Bella Italia,Mar de Fondo FC,2026-10-04T23:30:00+00:00,87.3659,soccer.asian_handicap,period=ft,away,handicap=-1,1.88
2026-10-05T00:02:38.045083+02:00,36635462,Primera Division Amateur,Uruguay,Bella Italia,Mar de Fondo FC,2026-10-04T23:30:00+00:00,87.3659,soccer.asian_handicap,period=ft,home,handicap=-1.75,2.8
2026-10-05T00:02:38.045083+02:00,36635462,Primera Division Amateur,Uruguay,Bella Italia,Mar de Fondo FC,2026-10-04T23:30:00+00:00,87.3659,soccer.asian_handicap,period=ft,away,handicap=-1.75,1.34
2026-10-05T00:02:38.045083+02:00,36635462,Primera Division Amateur,Uruguay,Bella Italia,Mar de Fondo FC,2026-10-04T23:30:00+00:00,87.3659,soccer.asian_handicap,period=ft,home,handicap=-1.5,2.35
2026-10-05T00:02:38.045083+02:00,36635462,Primera Division Amateur,Uruguay,Bella Italia,Mar de Fondo FC,2026-10-04T23:30:00+00:00,87.3659,soccer.asian_handicap,period=ft,away,handicap=-1.5,1.48
2026-10-05T00:02:38.045083+02:00,36635462,Primera Division Amateur,Uruguay,Bella Italia,Mar de Fondo FC,2026-10-04T23:30:00+00:00,87.3659,soccer.asian_handicap,period=ft,home,handicap=-1.25,2.1
2026-10-05T00:02:38.045083+02:00,36635462,Primera Division Amateur,Uruguay,Bella Italia,Mar de Fondo FC,2026-10-04T23:30:00+00:00,87.3659,soccer.asian_handicap,period=ft,away,handicap=-1.25,1.62
2026-10-05T00:02:38.045083+02:00,36635462,Primera Division Amateur,Uruguay,Bella Italia,Mar de Fondo FC,2026-10-04T23:30:00+00:00,87.3659,soccer.asian_handicap,period=ft,home,handicap=-0.75,1.58
2026-10-05T00:02:38.045083+02:00,36635462,Primera Division Amateur,Uruguay,Bella Italia,Mar de Fondo FC,2026-10-04T23:30:00+00:00,87.3659,soccer.asian_handicap,period=ft,away,handicap=-0.75,2.17
2026-10-05T00:02:38.045083+02:00,36635462,Primera Division Amateur,Uruguay,Bella Italia,Mar de Fondo FC,2026-10-04T23:30:00+00:00,87.3659,soccer.asian_handicap,period=ft,home,handicap=-0.5,1.44
2026-10-05T00:02:38.045083+02:00,36635462,Primera Division Amateur,Uruguay,Bella Italia,Mar de Fondo FC,2026-10-04T23:30:00+00:00,87.3659,soccer.asian_handicap,period=ft,away,handicap=-0.5,2.45
2026-10-05T00:02:38.045083+02:00,36635462,Primera Division Amateur,Uruguay,Bella Italia,Mar de Fondo FC,2026-10-04T23:30:00+00:00,87.3659,soccer.asian_handicap,period=ft,home,handicap=-0.25,1.31
2026-10-05T00:02:38.045083+02:00,36635462,Primera Division Amateur,Uruguay,Bella Italia,Mar de Fondo FC,2026-10-04T23:30:00+00:00,87.3659,soccer.asian_handicap,period=ft,away,handicap=-0.25,2.95
2026-10-05T00:02:38.045083+02:00,36635462,Primera Division Amateur,Uruguay,Bella Italia,Mar de Fondo FC,2026-10-04T23:30:00+00:00,87.3659,soccer.match_odds,period=ft,home,,1.46
2026-10-05T00:02:38.045083+02:00,36635462,Primera Division Amateur,Uruguay,Bella Italia,Mar de Fondo FC,2026-10-04T23:30:00+00:00,87.3659,soccer.match_odds,period=ft,draw,,4.1
2026-10-05T00:02:38.045083+02:00,36635462,Primera Division Amateur,Uruguay,Bella Italia,Mar de Fondo FC,2026-10-04T23:30:00+00:00,87.3659,soccer.match_odds,period=ft,away,,5.05
2026-10-05T00:02:38.045083+02:00,36635462,Primera Division Amateur,Uruguay,Bella Italia,Mar de Fondo FC,2026-10-04T23:30:00+00:00,87.3659,soccer.total_goals,period=ft,over,total=2.5,1.8
2026-10-05T00:02:38.045083+02:00,36635462,Primera Division Amateur,Uruguay,Bella Italia,Mar de Fondo FC,2026-10-04T23:30:00+00:00,87.3659,soccer.total_goals,period=ft,under,total=2.5,1.9
2026-10-05T00:02:38.045083+02:00,36635462,Primera Division Amateur,Uruguay,Bella Italia,Mar de Fondo FC,2026-10-04T23:30:00+00:00,87.3659,soccer.total_goals,period=ft,over,total=1.75,1.29
2026-10-05T00:02:38.045083+02:00,36635462,Primera Division Amateur,Uruguay,Bella Italia,Mar de Fondo FC,2026-10-04T23:30:00+00:00,87.3659,soccer.total_goals,period=ft,under,total=1.75,3.0
2026-10-05T00:02:38.045083+02:00,36635462,Primera Division Amateur,Uruguay,Bella Italia,Mar de Fondo FC,2026-10-04T23:30:00+00:00,87.3659,soccer.total_goals,period=ft,over,total=2,1.37
2026-10-05T00:02:38.045083+02:00,36635462,Primera Division Amateur,Uruguay,Bella Italia,Mar de Fondo FC,2026-10-04T23:30:00+00:00,87.3659,soccer.total_goals,period=ft,under,total=2,2.65
2026-10-05T00:02:38.045083+02:00,36635462,Primera Division Amateur,Uruguay,Bella Italia,Mar de Fondo FC,2026-10-04T23:30:00+00:00,87.3659,soccer.total_goals,period=ft,over,total=2.25,1.59
2026-10-05T00:02:38.045083+02:00,36635462,Primera Division Amateur,Uruguay,Bella Italia,Mar de Fondo FC,2026-10-04T23:30:00+00:00,87.3659,soccer.total_goals,period=ft,under,total=2.25,2.17
2026-10-05T00:02:38.045083+02:00,36635462,Primera Division Amateur,Uruguay,Bella Italia,Mar de Fondo FC,2026-10-04T23:30:00+00:00,87.3659,soccer.total_goals,period=ft,over,total=2.75,2.01
2026-10-05T00:02:38.045083+02:00,36635462,Primera Division Amateur,Uruguay,Bella Italia,Mar de Fondo FC,2026-10-04T23:30:00+00:00,87.3659,soccer.total_goals,period=ft,under,total=2.75,1.68
2026-10-05T00:02:38.045083+02:00,36635462,Primera Division Amateur,Uruguay,Bella Italia,Mar de Fondo FC,2026-10-04T23:30:00+00:00,87.3659,soccer.total_goals,period=ft,over,total=3,2.35
2026-10-05T00:02:38.045083+02:00,36635462,Primera Division Amateur,Uruguay,Bella Italia,Mar de Fondo FC,2026-10-04T23:30:00+00:00,87.3659,soccer.total_goals,period=ft,under,total=3,1.47
2026-10-05T00:02:38.045083+02:00,36635462,Primera Division Amateur,Uruguay,Bella Italia,Mar de Fondo FC,2026-10-04T23:30:00+00:00,87.3659,soccer.total_goals,period=ft,over,total=3.25,2.7
2026-10-05T00:02:38.045083+02:00,36635462,Primera Division Amateur,Uruguay,Bella Italia,Mar de Fondo FC,2026-10-04T23:30:00+00:00,87.3659,soccer.total_goals,period=ft,under,total=3.25,1.37
2026-10-05T00:02:38.045083+02:00,36581498,Primera Division,Uruguay,Racing Club Montevideo,CA Penarol Montevideo,2026-10-04T22:30:00+00:00,27.3659,soccer.asian_handicap,period=ft,home,handicap=0.25,1.98
2026-10-05T00:02:38.045083+02:00,36581498,Primera Division,Uruguay,Racing Club Montevideo,CA Penarol Montevideo,2026-10-04T22:30:00+00:00,27.3659,soccer.asian_handicap,period=ft,away,handicap=0.25,1.85
2026-10-05T00:02:38.045083+02:00,36581498,Primera Division,Uruguay,Racing Club Montevideo,CA Penarol Montevideo,2026-10-04T22:30:00+00:00,27.3659,soccer.asian_handicap,period=ft,home,handicap=-0.75,5.2
2026-10-05T00:02:38.045083+02:00,36581498,Primera Division,Uruguay,Racing Club Montevideo,CA Penarol Montevideo,2026-10-04T22:30:00+00:00,27.3659,soccer.asian_handicap,period=ft,away,handicap=-0.75,1.16
2026-10-05T00:02:38.045083+02:00,36581498,Primera Division,Uruguay,Racing Club Montevideo,CA Penarol Montevideo,2026-10-04T22:30:00+00:00,27.3659,soccer.asian_handicap,period=ft,home,handicap=-0.5,3.85
2026-10-05T00:02:38.045083+02:00,36581498,Primera Division,Uruguay,Racing Club Montevideo,CA Penarol Montevideo,2026-10-04T22:30:00+00:00,27.3659,soccer.asian_handicap,period=ft,away,handicap=-0.5,1.25
2026-10-05T00:02:38.045083+02:00,36581498,Primera Division,Uruguay,Racing Club Montevideo,CA Penarol Montevideo,2026-10-04T22:30:00+00:00,27.3659,soccer.asian_handicap,period=ft,home,handicap=-0.25,3.25
2026-10-05T00:02:38.045083+02:00,36581498,Primera Division,Uruguay,Racing Club Montevideo,CA Penarol Montevideo,2026-10-04T22:30:00+00:00,27.3659,soccer.asian_handicap,period=ft,away,handicap=-0.25,1.34
2026-10-05T00:02:38.045083+02:00,36581498,Primera Division,Uruguay,Racing Club Montevideo,CA Penarol Montevideo,2026-10-04T22:30:00+00:00,27.3659,soccer.asian_handicap,period=ft,home,handicap=0,2.65
2026-10-05T00:02:38.045083+02:00,36581498,Primera Division,Uruguay,Racing Club Montevideo,CA Penarol Montevideo,2026-10-04T22:30:00+00:00,27.3659,soccer.asian_handicap,period=ft,away,handicap=0,1.48
2026-10-05T00:02:38.045083+02:00,36581498,Primera Division,Uruguay,Racing Club Montevideo,CA Penarol Montevideo,2026-10-04T22:30:00+00:00,27.3659,soccer.asian_handicap,period=ft,home,handicap=0.5,1.67
2026-10-05T00:02:38.045083+02:00,36581498,Primera Division,Uruguay,Racing Club Montevideo,CA Penarol Montevideo,2026-10-04T22:30:00+00:00,27.3659,soccer.asian_handicap,period=ft,away,handicap=0.5,2.2
2026-10-05T00:02:38.045083+02:00,36581498,Primera Division,Uruguay,Racing Club Montevideo,CA Penarol Montevideo,2026-10-04T22:30:00+00:00,27.3659,soccer.asian_handicap,period=ft,home,handicap=0.75,1.48
2026-10-05T00:02:38.045083+02:00,36581498,Primera Division,Uruguay,Racing Club Montevideo,CA Penarol Montevideo,2026-10-04T22:30:00+00:00,27.3659,soccer.asian_handicap,period=ft,away,handicap=0.75,2.65
2026-10-05T00:02:38.045083+02:00,36581498,Primera Division,Uruguay,Racing Club Montevideo,CA Penarol Montevideo,2026-10-04T22:30:00+00:00,27.3659,soccer.asian_handicap,period=ft,home,handicap=1,1.28
2026-10-05T00:02:38.045083+02:00,36581498,Primera Division,Uruguay,Racing Club Montevideo,CA Penarol Montevideo,2026-10-04T22:30:00+00:00,27.3659,soccer.asian_handicap,period=ft,away,handicap=1,3.55
2026-10-05T00:02:38.045083+02:00,36581498,Primera Division,Uruguay,Racing Club Montevideo,CA Penarol Montevideo,2026-10-04T22:30:00+00:00,27.3659,soccer.asian_handicap,period=ft,home,handicap=1.25,1.23
2026-10-05T00:02:38.045083+02:00,36581498,Primera Division,Uruguay,Racing Club Montevideo,CA Penarol Montevideo,2026-10-04T22:30:00+00:00,27.3659,soccer.asian_handicap,period=ft,away,handicap=1.25,4.05
2026-10-05T00:02:38.045083+02:00,36581498,Primera Division,Uruguay,Racing Club Montevideo,CA Penarol Montevideo,2026-10-04T22:30:00+00:00,27.3659,soccer.double_chance,period=ft,draw_away,,1.25
2026-10-05T00:02:38.045083+02:00,36581498,Primera Division,Uruguay,Racing Club Montevideo,CA Penarol Montevideo,2026-10-04T22:30:00+00:00,27.3659,soccer.double_chance,period=ft,home_away,,1.41
2026-10-05T00:02:38.045083+02:00,36581498,Primera Division,Uruguay,Racing Club Montevideo,CA Penarol Montevideo,2026-10-04T22:30:00+00:00,27.3659,soccer.double_chance,period=ft,home_draw,,1.66
2026-10-05T00:02:38.045083+02:00,36581498,Primera Division,Uruguay,Racing Club Montevideo,CA Penarol Montevideo,2026-10-04T22:30:00+00:00,27.3659,soccer.match_odds,period=ft,home,,3.85
2026-10-05T00:02:38.045083+02:00,36581498,Primera Division,Uruguay,Racing Club Montevideo,CA Penarol Montevideo,2026-10-04T22:30:00+00:00,27.3659,soccer.match_odds,period=ft,draw,,2.85
2026-10-05T00:02:38.045083+02:00,36581498,Primera Division,Uruguay,Racing Club Montevideo,CA Penarol Montevideo,2026-10-04T22:30:00+00:00,27.3659,soccer.match_odds,period=ft,away,,2.2
2026-10-05T00:02:38.045083+02:00,36581498,Primera Division,Uruguay,Racing Club Montevideo,CA Penarol Montevideo,2026-10-04T22:30:00+00:00,27.3659,soccer.total_goals,period=ft,over,total=2,1.83
2026-10-05T00:02:38.045083+02:00,36581498,Primera Division,Uruguay,Racing Club Montevideo,CA Penarol Montevideo,2026-10-04T22:30:00+00:00,27.3659,soccer.total_goals,period=ft,under,total=2,1.98
2026-10-05T00:02:38.045083+02:00,36581498,Primera Division,Uruguay,Racing Club Montevideo,CA Penarol Montevideo,2026-10-04T22:30:00+00:00,27.3659,soccer.total_goals,period=ft,over,total=0.5,1.09
2026-10-05T00:02:38.045083+02:00,36581498,Primera Division,Uruguay,Racing Club Montevideo,CA Penarol Montevideo,2026-10-04T22:30:00+00:00,27.3659,soccer.total_goals,period=ft,under,total=0.5,6.75
2026-10-05T00:02:38.045083+02:00,36581498,Primera Division,Uruguay,Racing Club Montevideo,CA Penarol Montevideo,2026-10-04T22:30:00+00:00,27.3659,soccer.total_goals,period=ft,over,total=1.5,1.45
2026-10-05T00:02:38.045083+02:00,36581498,Primera Division,Uruguay,Racing Club Montevideo,CA Penarol Montevideo,2026-10-04T22:30:00+00:00,27.3659,soccer.total_goals,period=ft,under,total=1.5,2.7
2026-10-05T00:02:38.045083+02:00,36581498,Primera Division,Uruguay,Racing Club Montevideo,CA Penarol Montevideo,2026-10-04T22:30:00+00:00,27.3659,soccer.total_goals,period=ft,over,total=1.75,1.59
2026-10-05T00:02:38.045083+02:00,36581498,Primera Division,Uruguay,Racing Club Montevideo,CA Penarol Montevideo,2026-10-04T22:30:00+00:00,27.3659,soccer.total_goals,period=ft,under,total=1.75,2.3
2026-10-05T00:02:38.045083+02:00,36581498,Primera Division,Uruguay,Racing Club Montevideo,CA Penarol Montevideo,2026-10-04T22:30:00+00:00,27.3659,soccer.total_goals,period=ft,over,total=2.25,2.17
2026-10-05T00:02:38.045083+02:00,36581498,Primera Division,Uruguay,Racing Club Montevideo,CA Penarol Montevideo,2026-10-04T22:30:00+00:00,27.3659,soccer.total_goals,period=ft,under,total=2.25,1.68
2026-10-05T00:02:38.045083+02:00,36581498,Primera Division,Uruguay,Racing Club Montevideo,CA Penarol Montevideo,2026-10-04T22:30:00+00:00,27.3659,soccer.total_goals,period=ft,over,total=2.5,2.5
2026-10-05T00:02:38.045083+02:00,36581498,Primera Division,Uruguay,Racing Club Montevideo,CA Penarol Montevideo,2026-10-04T22:30:00+00:00,27.3659,soccer.total_goals,period=ft,under,total=2.5,1.52
2026-10-05T00:02:38.045083+02:00,36581498,Primera Division,Uruguay,Racing Club Montevideo,CA Penarol Montevideo,2026-10-04T22:30:00+00:00,27.3659,soccer.total_goals,period=ft,over,total=3.5,4.7
2026-10-05T00:02:38.045083+02:00,36581498,Primera Division,Uruguay,Racing Club Montevideo,CA Penarol Montevideo,2026-10-04T22:30:00+00:00,27.3659,soccer.total_goals,period=ft,under,total=3.5,1.17
2026-10-05T00:04:40.386903+02:00,36635462,Primera Division Amateur,Uruguay,Bella Italia,Mar de Fondo FC,2026-10-04T23:30:00+00:00,85.3269,soccer.asian_handicap,period=ft,home,handicap=-1,1.82
2026-10-05T00:04:40.386903+02:00,36635462,Primera Division Amateur,Uruguay,Bella Italia,Mar de Fondo FC,2026-10-04T23:30:00+00:00,85.3269,soccer.asian_handicap,period=ft,away,handicap=-1,1.88
2026-10-05T00:04:40.386903+02:00,36635462,Primera Division Amateur,Uruguay,Bella Italia,Mar de Fondo FC,2026-10-04T23:30:00+00:00,85.3269,soccer.asian_handicap,period=ft,home,handicap=-1.75,2.8
2026-10-05T00:04:40.386903+02:00,36635462,Primera Division Amateur,Uruguay,Bella Italia,Mar de Fondo FC,2026-10-04T23:30:00+00:00,85.3269,soccer.asian_handicap,period=ft,away,handicap=-1.75,1.34
2026-10-05T00:04:40.386903+02:00,36635462,Primera Division Amateur,Uruguay,Bella Italia,Mar de Fondo FC,2026-10-04T23:30:00+00:00,85.3269,soccer.asian_handicap,period=ft,home,handicap=-1.5,2.35
2026-10-05T00:04:40.386903+02:00,36635462,Primera Division Amateur,Uruguay,Bella Italia,Mar de Fondo FC,2026-10-04T23:30:00+00:00,85.3269,soccer.asian_handicap,period=ft,away,handicap=-1.5,1.48
2026-10-05T00:04:40.386903+02:00,36635462,Primera Division Amateur,Uruguay,Bella Italia,Mar de Fondo FC,2026-10-04T23:30:00+00:00,85.3269,soccer.asian_handicap,period=ft,home,handicap=-1.25,2.1
2026-10-05T00:04:40.386903+02:00,36635462,Primera Division Amateur,Uruguay,Bella Italia,Mar de Fondo FC,2026-10-04T23:30:00+00:00,85.3269,soccer.asian_handicap,period=ft,away,handicap=-1.25,1.62
2026-10-05T00:04:40.386903+02:00,36635462,Primera Division Amateur,Uruguay,Bella Italia,Mar de Fondo FC,2026-10-04T23:30:00+00:00,85.3269,soccer.asian_handicap,period=ft,home,handicap=-0.75,1.58
2026-10-05T00:04:40.386903+02:00,36635462,Primera Division Amateur,Uruguay,Bella Italia,Mar de Fondo FC,2026-10-04T23:30:00+00:00,85.3269,soccer.asian_handicap,period=ft,away,handicap=-0.75,2.17
2026-10-05T00:04:40.386903+02:00,36635462,Primera Division Amateur,Uruguay,Bella Italia,Mar de Fondo FC,2026-10-04T23:30:00+00:00,85.3269,soccer.asian_handicap,period=ft,home,handicap=-0.5,1.44
2026-10-05T00:04:40.386903+02:00,36635462,Primera Division Amateur,Uruguay,Bella Italia,Mar de Fondo FC,2026-10-04T23:30:00+00:00,85.3269,soccer.asian_handicap,period=ft,away,handicap=-0.5,2.45
2026-10-05T00:04:40.386903+02:00,36635462,Primera Division Amateur,Uruguay,Bella Italia,Mar de Fondo FC,2026-10-04T23:30:00+00:00,85.3269,soccer.asian_handicap,period=ft,home,handicap=-0.25,1.31
2026-10-05T00:04:40.386903+02:00,36635462,Primera Division Amateur,Uruguay,Bella Italia,Mar de Fondo FC,2026-10-04T23:30:00+00:00,85.3269,soccer.asian_handicap,period=ft,away,handicap=-0.25,2.95
2026-10-05T00:04:40.386903+02:00,36635462,Primera Division Amateur,Uruguay,Bella Italia,Mar de Fondo FC,2026-10-04T23:30:00+00:00,85.3269,soccer.match_odds,period=ft,home,,1.46
2026-10-05T00:04:40.386903+02:00,36635462,Primera Division Amateur,Uruguay,Bella Italia,Mar de Fondo FC,2026-10-04T23:30:00+00:00,85.3269,soccer.match_odds,period=ft,draw,,4.1
2026-10-05T00:04:40.386903+02:00,36635462,Primera Division Amateur,Uruguay,Bella Italia,Mar de Fondo FC,2026-10-04T23:30:00+00:00,85.3269,soccer.match_odds,period=ft,away,,5.05
2026-10-05T00:04:40.386903+02:00,36635462,Primera Division Amateur,Uruguay,Bella Italia,Mar de Fondo FC,2026-10-04T23:30:00+00:00,85.3269,soccer.total_goals,period=ft,over,total=2.5,1.8
2026-10-05T00:04:40.386903+02:00,36635462,Primera Division Amateur,Uruguay,Bella Italia,Mar de Fondo FC,2026-10-04T23:30:00+00:00,85.3269,soccer.total_goals,period=ft,under,total=2.5,1.9
2026-10-05T00:04:40.386903+02:00,36635462,Primera Division Amateur,Uruguay,Bella Italia,Mar de Fondo FC,2026-10-04T23:30:00+00:00,85.3269,soccer.total_goals,period=ft,over,total=1.75,1.29
2026-10-05T00:04:40.386903+02:00,36635462,Primera Division Amateur,Uruguay,Bella Italia,Mar de Fondo FC,2026-10-04T23:30:00+00:00,85.3269,soccer.total_goals,period=ft,under,total=1.75,3.0
2026-10-05T00:04:40.386903+02:00,36635462,Primera Division Amateur,Uruguay,Bella Italia,Mar de Fondo FC,2026-10-04T23:30:00+00:00,85.3269,soccer.total_goals,period=ft,over,total=2,1.37
2026-10-05T00:04:40.386903+02:00,36635462,Primera Division Amateur,Uruguay,Bella Italia,Mar de Fondo FC,2026-10-04T23:30:00+00:00,85.3269,soccer.total_goals,period=ft,under,total=2,2.65
2026-10-05T00:04:40.386903+02:00,36635462,Primera Division Amateur,Uruguay,Bella Italia,Mar de Fondo FC,2026-10-04T23:30:00+00:00,85.3269,soccer.total_goals,period=ft,over,total=2.25,1.59
2026-10-05T00:04:40.386903+02:00,36635462,Primera Division Amateur,Uruguay,Bella Italia,Mar de Fondo FC,2026-10-04T23:30:00+00:00,85.3269,soccer.total_goals,period=ft,under,total=2.25,2.17
2026-10-05T00:04:40.386903+02:00,36635462,Primera Division Amateur,Uruguay,Bella Italia,Mar de Fondo FC,2026-10-04T23:30:00+00:00,85.3269,soccer.total_goals,period=ft,over,total=2.75,2.01
2026-10-05T00:04:40.386903+02:00,36635462,Primera Division Amateur,Uruguay,Bella Italia,Mar de Fondo FC,2026-10-04T23:30:00+00:00,85.3269,soccer.total_goals,period=ft,under,total=2.75,1.68
2026-10-05T00:04:40.386903+02:00,36635462,Primera Division Amateur,Uruguay,Bella Italia,Mar de Fondo FC,2026-10-04T23:30:00+00:00,85.3269,soccer.total_goals,period=ft,over,total=3,2.35
2026-10-05T00:04:40.386903+02:00,36635462,Primera Division Amateur,Uruguay,Bella Italia,Mar de Fondo FC,2026-10-04T23:30:00+00:00,85.3269,soccer.total_goals,period=ft,under,total=3,1.47
2026-10-05T00:04:40.386903+02:00,36635462,Primera Division Amateur,Uruguay,Bella Italia,Mar de Fondo FC,2026-10-04T23:30:00+00:00,85.3269,soccer.total_goals,period=ft,over,total=3.25,2.7
2026-10-05T00:04:40.386903+02:00,36635462,Primera Division Amateur,Uruguay,Bella Italia,Mar de Fondo FC,2026-10-04T23:30:00+00:00,85.3269,soccer.total_goals,period=ft,under,total=3.25,1.37
2026-10-05T00:04:40.386903+02:00,36581498,Primera Division,Uruguay,Racing Club Montevideo,CA Penarol Montevideo,2026-10-04T22:30:00+00:00,25.3269,soccer.asian_handicap,period=ft,home,handicap=0.25,1.98
2026-10-05T00:04:40.386903+02:00,36581498,Primera Division,Uruguay,Racing Club Montevideo,CA Penarol Montevideo,2026-10-04T22:30:00+00:00,25.3269,soccer.asian_handicap,period=ft,away,handicap=0.25,1.85
2026-10-05T00:04:40.386903+02:00,36581498,Primera Division,Uruguay,Racing Club Montevideo,CA Penarol Montevideo,2026-10-04T22:30:00+00:00,25.3269,soccer.asian_handicap,period=ft,home,handicap=-0.75,5.2
2026-10-05T00:04:40.386903+02:00,36581498,Primera Division,Uruguay,Racing Club Montevideo,CA Penarol Montevideo,2026-10-04T22:30:00+00:00,25.3269,soccer.asian_handicap,period=ft,away,handicap=-0.75,1.16
2026-10-05T00:04:40.386903+02:00,36581498,Primera Division,Uruguay,Racing Club Montevideo,CA Penarol Montevideo,2026-10-04T22:30:00+00:00,25.3269,soccer.asian_handicap,period=ft,home,handicap=-0.5,3.85
2026-10-05T00:04:40.386903+02:00,36581498,Primera Division,Uruguay,Racing Club Montevideo,CA Penarol Montevideo,2026-10-04T22:30:00+00:00,25.3269,soccer.asian_handicap,period=ft,away,handicap=-0.5,1.25
2026-10-05T00:04:40.386903+02:00,36581498,Primera Division,Uruguay,Racing Club Montevideo,CA Penarol Montevideo,2026-10-04T22:30:00+00:00,25.3269,soccer.asian_handicap,period=ft,home,handicap=-0.25,3.25
2026-10-05T00:04:40.386903+02:00,36581498,Primera Division,Uruguay,Racing Club Montevideo,CA Penarol Montevideo,2026-10-04T22:30:00+00:00,25.3269,soccer.asian_handicap,period=ft,away,handicap=-0.25,1.34
2026-10-05T00:04:40.386903+02:00,36581498,Primera Division,Uruguay,Racing Club Montevideo,CA Penarol Montevideo,2026-10-04T22:30:00+00:00,25.3269,soccer.asian_handicap,period=ft,home,handicap=0,2.65
2026-10-05T00:04:40.386903+02:00,36581498,Primera Division,Uruguay,Racing Club Montevideo,CA Penarol Montevideo,2026-10-04T22:30:00+00:00,25.3269,soccer.asian_handicap,period=ft,away,handicap=0,1.48
2026-10-05T00:04:40.386903+02:00,36581498,Primera Division,Uruguay,Racing Club Montevideo,CA Penarol Montevideo,2026-10-04T22:30:00+00:00,25.3269,soccer.asian_handicap,period=ft,home,handicap=0.5,1.67
2026-10-05T00:04:40.386903+02:00,36581498,Primera Division,Uruguay,Racing Club Montevideo,CA Penarol Montevideo,2026-10-04T22:30:00+00:00,25.3269,soccer.asian_handicap,period=ft,away,handicap=0.5,2.2
2026-10-05T00:04:40.386903+02:00,36581498,Primera Division,Uruguay,Racing Club Montevideo,CA Penarol Montevideo,2026-10-04T22:30:00+00:00,25.3269,soccer.asian_handicap,period=ft,home,handicap=0.75,1.48
2026-10-05T00:04:40.386903+02:00,36581498,Primera Division,Uruguay,Racing Club Montevideo,CA Penarol Montevideo,2026-10-04T22:30:00+00:00,25.3269,soccer.asian_handicap,period=ft,away,handicap=0.75,2.65
2026-10-05T00:04:40.386903+02:00,36581498,Primera Division,Uruguay,Racing Club Montevideo,CA Penarol Montevideo,2026-10-04T22:30:00+00:00,25.3269,soccer.asian_handicap,period=ft,home,handicap=1,1.28
2026-10-05T00:04:40.386903+02:00,36581498,Primera Division,Uruguay,Racing Club Montevideo,CA Penarol Montevideo,2026-10-04T22:30:00+00:00,25.3269,soccer.asian_handicap,period=ft,away,handicap=1,3.55
2026-10-05T00:04:40.386903+02:00,36581498,Primera Division,Uruguay,Racing Club Montevideo,CA Penarol Montevideo,2026-10-04T22:30:00+00:00,25.3269,soccer.asian_handicap,period=ft,home,handicap=1.25,1.23
2026-10-05T00:04:40.386903+02:00,36581498,Primera Division,Uruguay,Racing Club Montevideo,CA Penarol Montevideo,2026-10-04T22:30:00+00:00,25.3269,soccer.asian_handicap,period=ft,away,handicap=1.25,4.05
2026-10-05T00:04:40.386903+02:00,36581498,Primera Division,Uruguay,Racing Club Montevideo,CA Penarol Montevideo,2026-10-04T22:30:00+00:00,25.3269,soccer.double_chance,period=ft,draw_away,,1.25
2026-10-05T00:04:40.386903+02:00,36581498,Primera Division,Uruguay,Racing Club Montevideo,CA Penarol Montevideo,2026-10-04T22:30:00+00:00,25.3269,soccer.double_chance,period=ft,home_away,,1.41
2026-10-05T00:04:40.386903+02:00,36581498,Primera Division,Uruguay,Racing Club Montevideo,CA Penarol Montevideo,2026-10-04T22:30:00+00:00,25.3269,soccer.double_chance,period=ft,home_draw,,1.66
2026-10-05T00:04:40.386903+02:00,36581498,Primera Division,Uruguay,Racing Club Montevideo,CA Penarol Montevideo,2026-10-04T22:30:00+00:00,25.3269,soccer.match_odds,period=ft,home,,3.85
2026-10-05T00:04:40.386903+02:00,36581498,Primera Division,Uruguay,Racing Club Montevideo,CA Penarol Montevideo,2026-10-04T22:30:00+00:00,25.3269,soccer.match_odds,period=ft,draw,,2.85
2026-10-05T00:04:40.386903+02:00,36581498,Primera Division,Uruguay,Racing Club Montevideo,CA Penarol Montevideo,2026-10-04T22:30:00+00:00,25.3269,soccer.match_odds,period=ft,away,,2.2
2026-10-05T00:04:40.386903+02:00,36581498,Primera Division,Uruguay,Racing Club Montevideo,CA Penarol Montevideo,2026-10-04T22:30:00+00:00,25.3269,soccer.total_goals,period=ft,over,total=2,1.83
2026-10-05T00:04:40.386903+02:00,36581498,Primera Division,Uruguay,Racing Club Montevideo,CA Penarol Montevideo,2026-10-04T22:30:00+00:00,25.3269,soccer.total_goals,period=ft,under,total=2,1.98
2026-10-05T00:04:40.386903+02:00,36581498,Primera Division,Uruguay,Racing Club Montevideo,CA Penarol Montevideo,2026-10-04T22:30:00+00:00,25.3269,soccer.total_goals,period=ft,over,total=0.5,1.09
2026-10-05T00:04:40.386903+02:00,36581498,Primera Division,Uruguay,Racing Club Montevideo,CA Penarol Montevideo,2026-10-04T22:30:00+00:00,25.3269,soccer.total_goals,period=ft,under,total=0.5,6.75
2026-10-05T00:04:40.386903+02:00,36581498,Primera Division,Uruguay,Racing Club Montevideo,CA Penarol Montevideo,2026-10-04T22:30:00+00:00,25.3269,soccer.total_goals,period=ft,over,total=1.5,1.45
2026-10-05T00:04:40.386903+02:00,36581498,Primera Division,Uruguay,Racing Club Montevideo,CA Penarol Montevideo,2026-10-04T22:30:00+00:00,25.3269,soccer.total_goals,period=ft,under,total=1.5,2.7
2026-10-05T00:04:40.386903+02:00,36581498,Primera Division,Uruguay,Racing Club Montevideo,CA Penarol Montevideo,2026-10-04T22:30:00+00:00,25.3269,soccer.total_goals,period=ft,over,total=1.75,1.59
2026-10-05T00:04:40.386903+02:00,36581498,Primera Division,Uruguay,Racing Club Montevideo,CA Penarol Montevideo,2026-10-04T22:30:00+00:00,25.3269,soccer.total_goals,period=ft,under,total=1.75,2.3
2026-10-05T00:04:40.386903+02:00,36581498,Primera Division,Uruguay,Racing Club Montevideo,CA Penarol Montevideo,2026-10-04T22:30:00+00:00,25.3269,soccer.total_goals,period=ft,over,total=2.25,2.17
2026-10-05T00:04:40.386903+02:00,36581498,Primera Division,Uruguay,Racing Club Montevideo,CA Penarol Montevideo,2026-10-04T22:30:00+00:00,25.3269,soccer.total_goals,period=ft,under,total=2.25,1.68
2026-10-05T00:04:40.386903+02:00,36581498,Primera Division,Uruguay,Racing Club Montevideo,CA Penarol Montevideo,2026-10-04T22:30:00+00:00,25.3269,soccer.total_goals,period=ft,over,total=2.5,2.5
2026-10-05T00:04:40.386903+02:00,36581498,Primera Division,Uruguay,Racing Club Montevideo,CA Penarol Montevideo,2026-10-04T22:30:00+00:00,25.3269,soccer.total_goals,period=ft,under,total=2.5,1.52
2026-10-05T00:04:40.386903+02:00,36581498,Primera Division,Uruguay,Racing Club Montevideo,CA Penarol Montevideo,2026-10-04T22:30:00+00:00,25.3269,soccer.total_goals,period=ft,over,total=3.5,4.7
2026-10-05T00:04:40.386903+02:00,36581498,Primera Division,Uruguay,Racing Club Montevideo,CA Penarol Montevideo,2026-10-04T22:30:00+00:00,25.3269,soccer.total_goals,period=ft,under,total=3.5,1.17
2026-10-05T00:04:40.386903+02:00,36611740,Liga Nacional. Clausura,Guatemala,CD Guastatoya,Club Aurora,2026-10-04T23:00:00+00:00,55.3269,soccer.asian_handicap,period=ft,home,handicap=-1,1.76
2026-10-05T00:04:40.386903+02:00,36611740,Liga Nacional. Clausura,Guatemala,CD Guastatoya,Club Aurora,2026-10-04T23:00:00+00:00,55.3269,soccer.asian_handicap,period=ft,away,handicap=-1,2.02
2026-10-05T00:04:40.386903+02:00,36611740,Liga Nacional. Clausura,Guatemala,CD Guastatoya,Club Aurora,2026-10-04T23:00:00+00:00,55.3269,soccer.asian_handicap,period=ft,home,handicap=-1.75,2.8
2026-10-05T00:04:40.386903+02:00,36611740,Liga Nacional. Clausura,Guatemala,CD Guastatoya,Club Aurora,2026-10-04T23:00:00+00:00,55.3269,soccer.asian_handicap,period=ft,away,handicap=-1.75,1.38
2026-10-05T00:04:40.386903+02:00,36611740,Liga Nacional. Clausura,Guatemala,CD Guastatoya,Club Aurora,2026-10-04T23:00:00+00:00,55.3269,soccer.asian_handicap,period=ft,home,handicap=-1.5,2.3
2026-10-05T00:04:40.386903+02:00,36611740,Liga Nacional. Clausura,Guatemala,CD Guastatoya,Club Aurora,2026-10-04T23:00:00+00:00,55.3269,soccer.asian_handicap,period=ft,away,handicap=-1.5,1.54
2026-10-05T00:04:40.386903+02:00,36611740,Liga Nacional. Clausura,Guatemala,CD Guastatoya,Club Aurora,2026-10-04T23:00:00+00:00,55.3269,soccer.asian_handicap,period=ft,home,handicap=-1.25,2.06
2026-10-05T00:04:40.386903+02:00,36611740,Liga Nacional. Clausura,Guatemala,CD Guastatoya,Club Aurora,2026-10-04T23:00:00+00:00,55.3269,soccer.asian_handicap,period=ft,away,handicap=-1.25,1.71
2026-10-05T00:04:40.386903+02:00,36611740,Liga Nacional. Clausura,Guatemala,CD Guastatoya,Club Aurora,2026-10-04T23:00:00+00:00,55.3269,soccer.asian_handicap,period=ft,home,handicap=-0.75,1.55
2026-10-05T00:04:40.386903+02:00,36611740,Liga Nacional. Clausura,Guatemala,CD Guastatoya,Club Aurora,2026-10-04T23:00:00+00:00,55.3269,soccer.asian_handicap,period=ft,away,handicap=-0.75,2.35
2026-10-05T00:04:40.386903+02:00,36611740,Liga Nacional. Clausura,Guatemala,CD Guastatoya,Club Aurora,2026-10-04T23:00:00+00:00,55.3269,soccer.asian_handicap,period=ft,home,handicap=-0.5,1.42
2026-10-05T00:04:40.386903+02:00,36611740,Liga Nacional. Clausura,Guatemala,CD Guastatoya,Club Aurora,2026-10-04T23:00:00+00:00,55.3269,soccer.asian_handicap,period=ft,away,handicap=-0.5,2.65
2026-10-05T00:04:40.386903+02:00,36611740,Liga Nacional. Clausura,Guatemala,CD Guastatoya,Club Aurora,2026-10-04T23:00:00+00:00,55.3269,soccer.asian_handicap,period=ft,home,handicap=-0.25,1.27
2026-10-05T00:04:40.386903+02:00,36611740,Liga Nacional. Clausura,Guatemala,CD Guastatoya,Club Aurora,2026-10-04T23:00:00+00:00,55.3269,soccer.asian_handicap,period=ft,away,handicap=-0.25,3.4
2026-10-05T00:04:40.386903+02:00,36611740,Liga Nacional. Clausura,Guatemala,CD Guastatoya,Club Aurora,2026-10-04T23:00:00+00:00,55.3269,soccer.double_chance,period=ft,draw_away,,2.65
2026-10-05T00:04:40.386903+02:00,36611740,Liga Nacional. Clausura,Guatemala,CD Guastatoya,Club Aurora,2026-10-04T23:00:00+00:00,55.3269,soccer.double_chance,period=ft,home_away,,1.22
2026-10-05T00:04:40.386903+02:00,36611740,Liga Nacional. Clausura,Guatemala,CD Guastatoya,Club Aurora,2026-10-04T23:00:00+00:00,55.3269,soccer.double_chance,period=ft,home_draw,,1.08
2026-10-05T00:04:40.386903+02:00,36611740,Liga Nacional. Clausura,Guatemala,CD Guastatoya,Club Aurora,2026-10-04T23:00:00+00:00,55.3269,soccer.match_odds,period=ft,home,,1.43
2026-10-05T00:04:40.386903+02:00,36611740,Liga Nacional. Clausura,Guatemala,CD Guastatoya,Club Aurora,2026-10-04T23:00:00+00:00,55.3269,soccer.match_odds,period=ft,draw,,3.95
2026-10-05T00:04:40.386903+02:00,36611740,Liga Nacional. Clausura,Guatemala,CD Guastatoya,Club Aurora,2026-10-04T23:00:00+00:00,55.3269,soccer.match_odds,period=ft,away,,7.05
2026-10-05T00:04:40.386903+02:00,36611740,Liga Nacional. Clausura,Guatemala,CD Guastatoya,Club Aurora,2026-10-04T23:00:00+00:00,55.3269,soccer.total_goals,period=ft,over,total=2.5,1.92
2026-10-05T00:04:40.386903+02:00,36611740,Liga Nacional. Clausura,Guatemala,CD Guastatoya,Club Aurora,2026-10-04T23:00:00+00:00,55.3269,soccer.total_goals,period=ft,under,total=2.5,1.85
2026-10-05T00:04:40.386903+02:00,36611740,Liga Nacional. Clausura,Guatemala,CD Guastatoya,Club Aurora,2026-10-04T23:00:00+00:00,55.3269,soccer.total_goals,period=ft,over,total=1.75,1.35
2026-10-05T00:04:40.386903+02:00,36611740,Liga Nacional. Clausura,Guatemala,CD Guastatoya,Club Aurora,2026-10-04T23:00:00+00:00,55.3269,soccer.total_goals,period=ft,under,total=1.75,2.95
2026-10-05T00:04:40.386903+02:00,36611740,Liga Nacional. Clausura,Guatemala,CD Guastatoya,Club Aurora,2026-10-04T23:00:00+00:00,55.3269,soccer.total_goals,period=ft,over,total=2,1.45
2026-10-05T00:04:40.386903+02:00,36611740,Liga Nacional. Clausura,Guatemala,CD Guastatoya,Club Aurora,2026-10-04T23:00:00+00:00,55.3269,soccer.total_goals,period=ft,under,total=2,2.55
2026-10-05T00:04:40.386903+02:00,36611740,Liga Nacional. Clausura,Guatemala,CD Guastatoya,Club Aurora,2026-10-04T23:00:00+00:00,55.3269,soccer.total_goals,period=ft,over,total=2.25,1.68
2026-10-05T00:04:40.386903+02:00,36611740,Liga Nacional. Clausura,Guatemala,CD Guastatoya,Club Aurora,2026-10-04T23:00:00+00:00,55.3269,soccer.total_goals,period=ft,under,total=2.25,2.1
2026-10-05T00:04:40.386903+02:00,36611740,Liga Nacional. Clausura,Guatemala,CD Guastatoya,Club Aurora,2026-10-04T23:00:00+00:00,55.3269,soccer.total_goals,period=ft,over,total=2.75,2.17
2026-10-05T00:04:40.386903+02:00,36611740,Liga Nacional. Clausura,Guatemala,CD Guastatoya,Club Aurora,2026-10-04T23:00:00+00:00,55.3269,soccer.total_goals,period=ft,under,total=2.75,1.64
2026-10-05T00:04:40.386903+02:00,36611740,Liga Nacional. Clausura,Guatemala,CD Guastatoya,Club Aurora,2026-10-04T23:00:00+00:00,55.3269,soccer.total_goals,period=ft,over,total=3,2.6
2026-10-05T00:04:40.386903+02:00,36611740,Liga Nacional. Clausura,Guatemala,CD Guastatoya,Club Aurora,2026-10-04T23:00:00+00:00,55.3269,soccer.total_goals,period=ft,under,total=3,1.44
2026-10-05T00:04:40.386903+02:00,36611740,Liga Nacional. Clausura,Guatemala,CD Guastatoya,Club Aurora,2026-10-04T23:00:00+00:00,55.3269,soccer.total_goals,period=ft,over,total=3.25,2.95
2026-10-05T00:04:40.386903+02:00,36611740,Liga Nacional. Clausura,Guatemala,CD Guastatoya,Club Aurora,2026-10-04T23:00:00+00:00,55.3269,soccer.total_goals,period=ft,under,total=3.25,1.35
2026-10-05T00:04:40.386903+02:00,36592417,"Liga Panamena de Futbol, Apertura",Panama,CA Independiente de La Chorrera,CD Arabe Unido,2026-10-04T23:15:00+00:00,70.3269,soccer.asian_handicap,period=ft,home,handicap=0.25,1.78
2026-10-05T00:04:40.386903+02:00,36592417,"Liga Panamena de Futbol, Apertura",Panama,CA Independiente de La Chorrera,CD Arabe Unido,2026-10-04T23:15:00+00:00,70.3269,soccer.asian_handicap,period=ft,away,handicap=0.25,2.01
2026-10-05T00:04:40.386903+02:00,36592417,"Liga Panamena de Futbol, Apertura",Panama,CA Independiente de La Chorrera,CD Arabe Unido,2026-10-04T23:15:00+00:00,70.3269,soccer.asian_handicap,period=ft,home,handicap=-0.5,3.0
2026-10-05T00:04:40.386903+02:00,36592417,"Liga Panamena de Futbol, Apertura",Panama,CA Independiente de La Chorrera,CD Arabe Unido,2026-10-04T23:15:00+00:00,70.3269,soccer.asian_handicap,period=ft,away,handicap=-0.5,1.33
2026-10-05T00:04:40.386903+02:00,36592417,"Liga Panamena de Futbol, Apertura",Panama,CA Independiente de La Chorrera,CD Arabe Unido,2026-10-04T23:15:00+00:00,70.3269,soccer.asian_handicap,period=ft,home,handicap=-0.25,2.6
2026-10-05T00:04:40.386903+02:00,36592417,"Liga Panamena de Futbol, Apertura",Panama,CA Independiente de La Chorrera,CD Arabe Unido,2026-10-04T23:15:00+00:00,70.3269,soccer.asian_handicap,period=ft,away,handicap=-0.25,1.44
2026-10-05T00:04:40.386903+02:00,36592417,"Liga Panamena de Futbol, Apertura",Panama,CA Independiente de La Chorrera,CD Arabe Unido,2026-10-04T23:15:00+00:00,70.3269,soccer.asian_handicap,period=ft,home,handicap=0,2.18
2026-10-05T00:04:40.386903+02:00,36592417,"Liga Panamena de Futbol, Apertura",Panama,CA Independiente de La Chorrera,CD Arabe Unido,2026-10-04T23:15:00+00:00,70.3269,soccer.asian_handicap,period=ft,away,handicap=0,1.64
2026-10-05T00:04:40.386903+02:00,36592417,"Liga Panamena de Futbol, Apertura",Panama,CA Independiente de La Chorrera,CD Arabe Unido,2026-10-04T23:15:00+00:00,70.3269,soccer.asian_handicap,period=ft,home,handicap=0.5,1.56
2026-10-05T00:04:40.386903+02:00,36592417,"Liga Panamena de Futbol, Apertura",Panama,CA Independiente de La Chorrera,CD Arabe Unido,2026-10-04T23:15:00+00:00,70.3269,soccer.asian_handicap,period=ft,away,handicap=0.5,2.3
2026-10-05T00:04:40.386903+02:00,36592417,"Liga Panamena de Futbol, Apertura",Panama,CA Independiente de La Chorrera,CD Arabe Unido,2026-10-04T23:15:00+00:00,70.3269,soccer.asian_handicap,period=ft,home,handicap=0.75,1.39
2026-10-05T00:04:40.386903+02:00,36592417,"Liga Panamena de Futbol, Apertura",Panama,CA Independiente de La Chorrera,CD Arabe Unido,2026-10-04T23:15:00+00:00,70.3269,soccer.asian_handicap,period=ft,away,handicap=0.75,2.75
2026-10-05T00:04:40.386903+02:00,36592417,"Liga Panamena de Futbol, Apertura",Panama,CA Independiente de La Chorrera,CD Arabe Unido,2026-10-04T23:15:00+00:00,70.3269,soccer.asian_handicap,period=ft,home,handicap=1,1.22
2026-10-05T00:04:40.386903+02:00,36592417,"Liga Panamena de Futbol, Apertura",Panama,CA Independiente de La Chorrera,CD Arabe Unido,2026-10-04T23:15:00+00:00,70.3269,soccer.asian_handicap,period=ft,away,handicap=1,3.8
2026-10-05T00:04:40.386903+02:00,36592417,"Liga Panamena de Futbol, Apertura",Panama,CA Independiente de La Chorrera,CD Arabe Unido,2026-10-04T23:15:00+00:00,70.3269,soccer.double_chance,period=ft,draw_away,,1.34
2026-10-05T00:04:40.386903+02:00,36592417,"Liga Panamena de Futbol, Apertura",Panama,CA Independiente de La Chorrera,CD Arabe Unido,2026-10-04T23:15:00+00:00,70.3269,soccer.double_chance,period=ft,home_away,,1.37
2026-10-05T00:04:40.386903+02:00,36592417,"Liga Panamena de Futbol, Apertura",Panama,CA Independiente de La Chorrera,CD Arabe Unido,2026-10-04T23:15:00+00:00,70.3269,soccer.double_chance,period=ft,home_draw,,1.55
2026-10-05T00:04:40.386903+02:00,36592417,"Liga Panamena de Futbol, Apertura",Panama,CA Independiente de La Chorrera,CD Arabe Unido,2026-10-04T23:15:00+00:00,70.3269,soccer.match_odds,period=ft,home,,3.05
2026-10-05T00:04:40.386903+02:00,36592417,"Liga Panamena de Futbol, Apertura",Panama,CA Independiente de La Chorrera,CD Arabe Unido,2026-10-04T23:15:00+00:00,70.3269,soccer.match_odds,period=ft,draw,,2.95
2026-10-05T00:04:40.386903+02:00,36592417,"Liga Panamena de Futbol, Apertura",Panama,CA Independiente de La Chorrera,CD Arabe Unido,2026-10-04T23:15:00+00:00,70.3269,soccer.match_odds,period=ft,away,,2.3
2026-10-05T00:04:40.386903+02:00,36592417,"Liga Panamena de Futbol, Apertura",Panama,CA Independiente de La Chorrera,CD Arabe Unido,2026-10-04T23:15:00+00:00,70.3269,soccer.total_goals,period=ft,over,total=2,1.77
2026-10-05T00:04:40.386903+02:00,36592417,"Liga Panamena de Futbol, Apertura",Panama,CA Independiente de La Chorrera,CD Arabe Unido,2026-10-04T23:15:00+00:00,70.3269,soccer.total_goals,period=ft,under,total=2,2.01
2026-10-05T00:04:40.386903+02:00,36592417,"Liga Panamena de Futbol, Apertura",Panama,CA Independiente de La Chorrera,CD Arabe Unido,2026-10-04T23:15:00+00:00,70.3269,soccer.total_goals,period=ft,over,total=1.25,1.26
2026-10-05T00:04:40.386903+02:00,36592417,"Liga Panamena de Futbol, Apertura",Panama,CA Independiente de La Chorrera,CD Arabe Unido,2026-10-04T23:15:00+00:00,70.3269,soccer.total_goals,period=ft,under,total=1.25,3.45
2026-10-05T00:04:40.386903+02:00,36592417,"Liga Panamena de Futbol, Apertura",Panama,CA Independiente de La Chorrera,CD Arabe Unido,2026-10-04T23:15:00+00:00,70.3269,soccer.total_goals,period=ft,over,total=1.5,1.42
2026-10-05T00:04:40.386903+02:00,36592417,"Liga Panamena de Futbol, Apertura",Panama,CA Independiente de La Chorrera,CD Arabe Unido,2026-10-04T23:15:00+00:00,70.3269,soccer.total_goals,period=ft,under,total=1.5,2.65
2026-10-05T00:04:40.386903+02:00,36592417,"Liga Panamena de Futbol, Apertura",Panama,CA Independiente de La Chorrera,CD Arabe Unido,2026-10-04T23:15:00+00:00,70.3269,soccer.total_goals,period=ft,over,total=1.75,1.55
2026-10-05T00:04:40.386903+02:00,36592417,"Liga Panamena de Futbol, Apertura",Panama,CA Independiente de La Chorrera,CD Arabe Unido,2026-10-04T23:15:00+00:00,70.3269,soccer.total_goals,period=ft,under,total=1.75,2.35
2026-10-05T00:04:40.386903+02:00,36592417,"Liga Panamena de Futbol, Apertura",Panama,CA Independiente de La Chorrera,CD Arabe Unido,2026-10-04T23:15:00+00:00,70.3269,soccer.total_goals,period=ft,over,total=2.25,2.07
2026-10-05T00:04:40.386903+02:00,36592417,"Liga Panamena de Futbol, Apertura",Panama,CA Independiente de La Chorrera,CD Arabe Unido,2026-10-04T23:15:00+00:00,70.3269,soccer.total_goals,period=ft,under,total=2.25,1.7
2026-10-05T00:04:40.386903+02:00,36592417,"Liga Panamena de Futbol, Apertura",Panama,CA Independiente de La Chorrera,CD Arabe Unido,2026-10-04T23:15:00+00:00,70.3269,soccer.total_goals,period=ft,over,total=2.5,2.35
2026-10-05T00:04:40.386903+02:00,36592417,"Liga Panamena de Futbol, Apertura",Panama,CA Independiente de La Chorrera,CD Arabe Unido,2026-10-04T23:15:00+00:00,70.3269,soccer.total_goals,period=ft,under,total=2.5,1.52
2026-10-05T00:04:40.386903+02:00,36592417,"Liga Panamena de Futbol, Apertura",Panama,CA Independiente de La Chorrera,CD Arabe Unido,2026-10-04T23:15:00+00:00,70.3269,soccer.total_goals,period=ft,over,total=2.75,2.8
2026-10-05T00:04:40.386903+02:00,36592417,"Liga Panamena de Futbol, Apertura",Panama,CA Independiente de La Chorrera,CD Arabe Unido,2026-10-04T23:15:00+00:00,70.3269,soccer.total_goals,period=ft,under,total=2.75,1.38
2026-10-05T00:04:40.386903+02:00,36631732,Copa Division Profesional,Bolivia,Independiente Petrolero,Club Bolivar,2026-10-04T23:30:00+00:00,85.3269,soccer.asian_handicap,period=ft,home,handicap=1,1.83
2026-10-05T00:04:40.386903+02:00,36631732,Copa Division Profesional,Bolivia,Independiente Petrolero,Club Bolivar,2026-10-04T23:30:00+00:00,85.3269,soccer.asian_handicap,period=ft,away,handicap=1,1.86
2026-10-05T00:04:40.386903+02:00,36631732,Copa Division Profesional,Bolivia,Independiente Petrolero,Club Bolivar,2026-10-04T23:30:00+00:00,85.3269,soccer.asian_handicap,period=ft,home,handicap=0.25,2.7
2026-10-05T00:04:40.386903+02:00,36631732,Copa Division Profesional,Bolivia,Independiente Petrolero,Club Bolivar,2026-10-04T23:30:00+00:00,85.3269,soccer.asian_handicap,period=ft,away,handicap=0.25,1.37
2026-10-05T00:04:40.386903+02:00,36631732,Copa Division Profesional,Bolivia,Independiente Petrolero,Club Bolivar,2026-10-04T23:30:00+00:00,85.3269,soccer.asian_handicap,period=ft,home,handicap=0.5,2.25
2026-10-05T00:04:40.386903+02:00,36631732,Copa Division Profesional,Bolivia,Independiente Petrolero,Club Bolivar,2026-10-04T23:30:00+00:00,85.3269,soccer.asian_handicap,period=ft,away,handicap=0.5,1.51
2026-10-05T00:04:40.386903+02:00,36631732,Copa Division Profesional,Bolivia,Independiente Petrolero,Club Bolivar,2026-10-04T23:30:00+00:00,85.3269,soccer.asian_handicap,period=ft,home,handicap=0.75,2.05
2026-10-05T00:04:40.386903+02:00,36631732,Copa Division Profesional,Bolivia,Independiente Petrolero,Club Bolivar,2026-10-04T23:30:00+00:00,85.3269,soccer.asian_handicap,period=ft,away,handicap=0.75,1.65
2026-10-05T00:04:40.386903+02:00,36631732,Copa Division Profesional,Bolivia,Independiente Petrolero,Club Bolivar,2026-10-04T23:30:00+00:00,85.3269,soccer.asian_handicap,period=ft,home,handicap=1.25,1.63
2026-10-05T00:04:40.386903+02:00,36631732,Copa Division Profesional,Bolivia,Independiente Petrolero,Club Bolivar,2026-10-04T23:30:00+00:00,85.3269,soccer.asian_handicap,period=ft,away,handicap=1.25,2.09
2026-10-05T00:04:40.386903+02:00,36631732,Copa Division Profesional,Bolivia,Independiente Petrolero,Club Bolivar,2026-10-04T23:30:00+00:00,85.3269,soccer.asian_handicap,period=ft,home,handicap=1.5,1.5
2026-10-05T00:04:40.386903+02:00,36631732,Copa Division Profesional,Bolivia,Independiente Petrolero,Club Bolivar,2026-10-04T23:30:00+00:00,85.3269,soccer.asian_handicap,period=ft,away,handicap=1.5,2.3
2026-10-05T00:04:40.386903+02:00,36631732,Copa Division Profesional,Bolivia,Independiente Petrolero,Club Bolivar,2026-10-04T23:30:00+00:00,85.3269,soccer.asian_handicap,period=ft,home,handicap=1.75,1.37
2026-10-05T00:04:40.386903+02:00,36631732,Copa Division Profesional,Bolivia,Independiente Petrolero,Club Bolivar,2026-10-04T23:30:00+00:00,85.3269,soccer.asian_handicap,period=ft,away,handicap=1.75,2.65
2026-10-05T00:04:40.386903+02:00,36631732,Copa Division Profesional,Bolivia,Independiente Petrolero,Club Bolivar,2026-10-04T23:30:00+00:00,85.3269,soccer.double_chance,period=ft,draw_away,,1.16
2026-10-05T00:04:40.386903+02:00,36631732,Copa Division Profesional,Bolivia,Independiente Petrolero,Club Bolivar,2026-10-04T23:30:00+00:00,85.3269,soccer.double_chance,period=ft,home_away,,1.18
2026-10-05T00:04:40.386903+02:00,36631732,Copa Division Profesional,Bolivia,Independiente Petrolero,Club Bolivar,2026-10-04T23:30:00+00:00,85.3269,soccer.double_chance,period=ft,home_draw,,2.06
2026-10-05T00:04:40.386903+02:00,36631732,Copa Division Profesional,Bolivia,Independiente Petrolero,Club Bolivar,2026-10-04T23:30:00+00:00,85.3269,soccer.match_odds,period=ft,home,,4.45
2026-10-05T00:04:40.386903+02:00,36631732,Copa Division Profesional,Bolivia,Independiente Petrolero,Club Bolivar,2026-10-04T23:30:00+00:00,85.3269,soccer.match_odds,period=ft,draw,,4.0
2026-10-05T00:04:40.386903+02:00,36631732,Copa Division Profesional,Bolivia,Independiente Petrolero,Club Bolivar,2026-10-04T23:30:00+00:00,85.3269,soccer.match_odds,period=ft,away,,1.53
2026-10-05T00:04:40.386903+02:00,36631732,Copa Division Profesional,Bolivia,Independiente Petrolero,Club Bolivar,2026-10-04T23:30:00+00:00,85.3269,soccer.total_goals,period=ft,over,total=3.5,1.89
2026-10-05T00:04:40.386903+02:00,36631732,Copa Division Profesional,Bolivia,Independiente Petrolero,Club Bolivar,2026-10-04T23:30:00+00:00,85.3269,soccer.total_goals,period=ft,under,total=3.5,1.8
2026-10-05T00:04:40.386903+02:00,36631732,Copa Division Profesional,Bolivia,Independiente Petrolero,Club Bolivar,2026-10-04T23:30:00+00:00,85.3269,soccer.total_goals,period=ft,over,total=2.75,1.4
2026-10-05T00:04:40.386903+02:00,36631732,Copa Division Profesional,Bolivia,Independiente Petrolero,Club Bolivar,2026-10-04T23:30:00+00:00,85.3269,soccer.total_goals,period=ft,under,total=2.75,2.55
2026-10-05T00:04:40.386903+02:00,36631732,Copa Division Profesional,Bolivia,Independiente Petrolero,Club Bolivar,2026-10-04T23:30:00+00:00,85.3269,soccer.total_goals,period=ft,over,total=3,1.5
2026-10-05T00:04:40.386903+02:00,36631732,Copa Division Profesional,Bolivia,Independiente Petrolero,Club Bolivar,2026-10-04T23:30:00+00:00,85.3269,soccer.total_goals,period=ft,under,total=3,2.3
2026-10-05T00:04:40.386903+02:00,36631732,Copa Division Profesional,Bolivia,Independiente Petrolero,Club Bolivar,2026-10-04T23:30:00+00:00,85.3269,soccer.total_goals,period=ft,over,total=3.25,1.69
2026-10-05T00:04:40.386903+02:00,36631732,Copa Division Profesional,Bolivia,Independiente Petrolero,Club Bolivar,2026-10-04T23:30:00+00:00,85.3269,soccer.total_goals,period=ft,under,total=3.25,2.0
2026-10-05T00:04:40.386903+02:00,36631732,Copa Division Profesional,Bolivia,Independiente Petrolero,Club Bolivar,2026-10-04T23:30:00+00:00,85.3269,soccer.total_goals,period=ft,over,total=3.75,2.08
2026-10-05T00:04:40.386903+02:00,36631732,Copa Division Profesional,Bolivia,Independiente Petrolero,Club Bolivar,2026-10-04T23:30:00+00:00,85.3269,soccer.total_goals,period=ft,under,total=3.75,1.63
2026-10-05T00:04:40.386903+02:00,36631732,Copa Division Profesional,Bolivia,Independiente Petrolero,Club Bolivar,2026-10-04T23:30:00+00:00,85.3269,soccer.total_goals,period=ft,over,total=4,2.4
2026-10-05T00:04:40.386903+02:00,36631732,Copa Division Profesional,Bolivia,Independiente Petrolero,Club Bolivar,2026-10-04T23:30:00+00:00,85.3269,soccer.total_goals,period=ft,under,total=4,1.46
2026-10-05T00:04:40.386903+02:00,36631732,Copa Division Profesional,Bolivia,Independiente Petrolero,Club Bolivar,2026-10-04T23:30:00+00:00,85.3269,soccer.total_goals,period=ft,over,total=4.25,2.65
2026-10-05T00:04:40.386903+02:00,36631732,Copa Division Profesional,Bolivia,Independiente Petrolero,Club Bolivar,2026-10-04T23:30:00+00:00,85.3269,soccer.total_goals,period=ft,under,total=4.25,1.38
2026-10-05T00:04:40.386903+02:00,36595583,"Primera Division, Clausura",El Salvador,Santa Tecla FC,CD Fuerte San Francisco Morazan,2026-10-04T23:00:00+00:00,55.3269,soccer.asian_handicap,period=ft,home,handicap=-1,1.851
2026-10-05T00:04:40.386903+02:00,36595583,"Primera Division, Clausura",El Salvador,Santa Tecla FC,CD Fuerte San Francisco Morazan,2026-10-04T23:00:00+00:00,55.3269,soccer.asian_handicap,period=ft,away,handicap=-1,1.933
2026-10-05T00:04:40.386903+02:00,36595583,"Primera Division, Clausura",El Salvador,Santa Tecla FC,CD Fuerte San Francisco Morazan,2026-10-04T23:00:00+00:00,55.3269,soccer.asian_handicap,period=ft,home,handicap=-1.75,2.833
2026-10-05T00:04:40.386903+02:00,36595583,"Primera Division, Clausura",El Salvador,Santa Tecla FC,CD Fuerte San Francisco Morazan,2026-10-04T23:00:00+00:00,55.3269,soccer.asian_handicap,period=ft,away,handicap=-1.75,1.383
2026-10-05T00:04:40.386903+02:00,36595583,"Primera Division, Clausura",El Salvador,Santa Tecla FC,CD Fuerte San Francisco Morazan,2026-10-04T23:00:00+00:00,55.3269,soccer.asian_handicap,period=ft,home,handicap=-1.5,2.377
2026-10-05T00:04:40.386903+02:00,36595583,"Primera Division, Clausura",El Salvador,Santa Tecla FC,CD Fuerte San Francisco Morazan,2026-10-04T23:00:00+00:00,55.3269,soccer.asian_handicap,period=ft,away,handicap=-1.5,1.525
2026-10-05T00:04:40.386903+02:00,36595583,"Primera Division, Clausura",El Salvador,Santa Tecla FC,CD Fuerte San Francisco Morazan,2026-10-04T23:00:00+00:00,55.3269,soccer.asian_handicap,period=ft,home,handicap=-1.25,2.119
2026-10-05T00:04:40.386903+02:00,36595583,"Primera Division, Clausura",El Salvador,Santa Tecla FC,CD Fuerte San Francisco Morazan,2026-10-04T23:00:00+00:00,55.3269,soccer.asian_handicap,period=ft,away,handicap=-1.25,1.678
2026-10-05T00:04:40.386903+02:00,36595583,"Primera Division, Clausura",El Salvador,Santa Tecla FC,CD Fuerte San Francisco Morazan,2026-10-04T23:00:00+00:00,55.3269,soccer.asian_handicap,period=ft,home,handicap=-0.75,1.625
2026-10-05T00:04:40.386903+02:00,36595583,"Primera Division, Clausura",El Salvador,Santa Tecla FC,CD Fuerte San Francisco Morazan,2026-10-04T23:00:00+00:00,55.3269,soccer.asian_handicap,period=ft,away,handicap=-0.75,2.218
2026-10-05T00:04:40.386903+02:00,36595583,"Primera Division, Clausura",El Salvador,Santa Tecla FC,CD Fuerte San Francisco Morazan,2026-10-04T23:00:00+00:00,55.3269,soccer.asian_handicap,period=ft,home,handicap=-0.5,1.486
2026-10-05T00:04:40.386903+02:00,36595583,"Primera Division, Clausura",El Salvador,Santa Tecla FC,CD Fuerte San Francisco Morazan,2026-10-04T23:00:00+00:00,55.3269,soccer.asian_handicap,period=ft,away,handicap=-0.5,2.486
2026-10-05T00:04:40.386903+02:00,36595583,"Primera Division, Clausura",El Salvador,Santa Tecla FC,CD Fuerte San Francisco Morazan,2026-10-04T23:00:00+00:00,55.3269,soccer.asian_handicap,period=ft,home,handicap=-0.25,1.325
2026-10-05T00:04:40.386903+02:00,36595583,"Primera Division, Clausura",El Salvador,Santa Tecla FC,CD Fuerte San Francisco Morazan,2026-10-04T23:00:00+00:00,55.3269,soccer.asian_handicap,period=ft,away,handicap=-0.25,3.1
2026-10-05T00:04:40.386903+02:00,36595583,"Primera Division, Clausura",El Salvador,Santa Tecla FC,CD Fuerte San Francisco Morazan,2026-10-04T23:00:00+00:00,55.3269,soccer.double_chance,period=ft,home_away,,1.233
2026-10-05T00:04:40.386903+02:00,36595583,"Primera Division, Clausura",El Salvador,Santa Tecla FC,CD Fuerte San Francisco Morazan,2026-10-04T23:00:00+00:00,55.3269,soccer.double_chance,period=ft,draw_away,,2.508
2026-10-05T00:04:40.386903+02:00,36595583,"Primera Division, Clausura",El Salvador,Santa Tecla FC,CD Fuerte San Francisco Morazan,2026-10-04T23:00:00+00:00,55.3269,soccer.double_chance,period=ft,home_draw,,1.122
2026-10-05T00:04:40.386903+02:00,36595583,"Primera Division, Clausura",El Salvador,Santa Tecla FC,CD Fuerte San Francisco Morazan,2026-10-04T23:00:00+00:00,55.3269,soccer.match_odds,period=ft,home,,1.501
2026-10-05T00:04:40.386903+02:00,36595583,"Primera Division, Clausura",El Salvador,Santa Tecla FC,CD Fuerte San Francisco Morazan,2026-10-04T23:00:00+00:00,55.3269,soccer.match_odds,period=ft,draw,,3.963
2026-10-05T00:04:40.386903+02:00,36595583,"Primera Division, Clausura",El Salvador,Santa Tecla FC,CD Fuerte San Francisco Morazan,2026-10-04T23:00:00+00:00,55.3269,soccer.match_odds,period=ft,away,,5.895
2026-10-05T00:04:40.386903+02:00,36595583,"Primera Division, Clausura",El Salvador,Santa Tecla FC,CD Fuerte San Francisco Morazan,2026-10-04T23:00:00+00:00,55.3269,soccer.total_goals,period=ft,over,total=2.5,1.815
2026-10-05T00:04:40.386903+02:00,36595583,"Primera Division, Clausura",El Salvador,Santa Tecla FC,CD Fuerte San Francisco Morazan,2026-10-04T23:00:00+00:00,55.3269,soccer.total_goals,period=ft,under,total=2.5,1.971
2026-10-05T00:04:40.386903+02:00,36595583,"Primera Division, Clausura",El Salvador,Santa Tecla FC,CD Fuerte San Francisco Morazan,2026-10-04T23:00:00+00:00,55.3269,soccer.total_goals,period=ft,over,total=1.75,1.3
2026-10-05T00:04:40.386903+02:00,36595583,"Primera Division, Clausura",El Salvador,Santa Tecla FC,CD Fuerte San Francisco Morazan,2026-10-04T23:00:00+00:00,55.3269,soccer.total_goals,period=ft,under,total=1.75,3.249
2026-10-05T00:04:40.386903+02:00,36595583,"Primera Division, Clausura",El Salvador,Santa Tecla FC,CD Fuerte San Francisco Morazan,2026-10-04T23:00:00+00:00,55.3269,soccer.total_goals,period=ft,over,total=2,1.379
2026-10-05T00:04:40.386903+02:00,36595583,"Primera Division, Clausura",El Salvador,Santa Tecla FC,CD Fuerte San Francisco Morazan,2026-10-04T23:00:00+00:00,55.3269,soccer.total_goals,period=ft,under,total=2,2.853
2026-10-05T00:04:40.386903+02:00,36595583,"Primera Division, Clausura",El Salvador,Santa Tecla FC,CD Fuerte San Francisco Morazan,2026-10-04T23:00:00+00:00,55.3269,soccer.total_goals,period=ft,over,total=2.25,1.597
2026-10-05T00:04:40.386903+02:00,36595583,"Primera Division, Clausura",El Salvador,Santa Tecla FC,CD Fuerte San Francisco Morazan,2026-10-04T23:00:00+00:00,55.3269,soccer.total_goals,period=ft,under,total=2.25,2.268
2026-10-05T00:04:40.386903+02:00,36595583,"Primera Division, Clausura",El Salvador,Santa Tecla FC,CD Fuerte San Francisco Morazan,2026-10-04T23:00:00+00:00,55.3269,soccer.total_goals,period=ft,over,total=2.75,2.02
2026-10-05T00:04:40.386903+02:00,36595583,"Primera Division, Clausura",El Salvador,Santa Tecla FC,CD Fuerte San Francisco Morazan,2026-10-04T23:00:00+00:00,55.3269,soccer.total_goals,period=ft,under,total=2.75,1.746
2026-10-05T00:04:40.386903+02:00,36595583,"Primera Division, Clausura",El Salvador,Santa Tecla FC,CD Fuerte San Francisco Morazan,2026-10-04T23:00:00+00:00,55.3269,soccer.total_goals,period=ft,over,total=3,2.377
2026-10-05T00:04:40.386903+02:00,36595583,"Primera Division, Clausura",El Salvador,Santa Tecla FC,CD Fuerte San Francisco Morazan,2026-10-04T23:00:00+00:00,55.3269,soccer.total_goals,period=ft,under,total=3,1.525
2026-10-05T00:04:40.386903+02:00,36595583,"Primera Division, Clausura",El Salvador,Santa Tecla FC,CD Fuerte San Francisco Morazan,2026-10-04T23:00:00+00:00,55.3269,soccer.total_goals,period=ft,over,total=3.25,2.694
2026-10-05T00:04:40.386903+02:00,36595583,"Primera Division, Clausura",El Salvador,Santa Tecla FC,CD Fuerte San Francisco Morazan,2026-10-04T23:00:00+00:00,55.3269,soccer.total_goals,period=ft,under,total=3.25,1.418
2026-10-05T00:06:39.895172+02:00,36635462,Primera Division Amateur,Uruguay,Bella Italia,Mar de Fondo FC,2026-10-04T23:30:00+00:00,83.3351,soccer.asian_handicap,period=ft,home,handicap=-1,1.82
2026-10-05T00:06:39.895172+02:00,36635462,Primera Division Amateur,Uruguay,Bella Italia,Mar de Fondo FC,2026-10-04T23:30:00+00:00,83.3351,soccer.asian_handicap,period=ft,away,handicap=-1,1.88
2026-10-05T00:06:39.895172+02:00,36635462,Primera Division Amateur,Uruguay,Bella Italia,Mar de Fondo FC,2026-10-04T23:30:00+00:00,83.3351,soccer.asian_handicap,period=ft,home,handicap=-1.75,2.8
2026-10-05T00:06:39.895172+02:00,36635462,Primera Division Amateur,Uruguay,Bella Italia,Mar de Fondo FC,2026-10-04T23:30:00+00:00,83.3351,soccer.asian_handicap,period=ft,away,handicap=-1.75,1.34
2026-10-05T00:06:39.895172+02:00,36635462,Primera Division Amateur,Uruguay,Bella Italia,Mar de Fondo FC,2026-10-04T23:30:00+00:00,83.3351,soccer.asian_handicap,period=ft,home,handicap=-1.5,2.35
2026-10-05T00:06:39.895172+02:00,36635462,Primera Division Amateur,Uruguay,Bella Italia,Mar de Fondo FC,2026-10-04T23:30:00+00:00,83.3351,soccer.asian_handicap,period=ft,away,handicap=-1.5,1.48
2026-10-05T00:06:39.895172+02:00,36635462,Primera Division Amateur,Uruguay,Bella Italia,Mar de Fondo FC,2026-10-04T23:30:00+00:00,83.3351,soccer.asian_handicap,period=ft,home,handicap=-1.25,2.1
2026-10-05T00:06:39.895172+02:00,36635462,Primera Division Amateur,Uruguay,Bella Italia,Mar de Fondo FC,2026-10-04T23:30:00+00:00,83.3351,soccer.asian_handicap,period=ft,away,handicap=-1.25,1.62
2026-10-05T00:06:39.895172+02:00,36635462,Primera Division Amateur,Uruguay,Bella Italia,Mar de Fondo FC,2026-10-04T23:30:00+00:00,83.3351,soccer.asian_handicap,period=ft,home,handicap=-0.75,1.58
2026-10-05T00:06:39.895172+02:00,36635462,Primera Division Amateur,Uruguay,Bella Italia,Mar de Fondo FC,2026-10-04T23:30:00+00:00,83.3351,soccer.asian_handicap,period=ft,away,handicap=-0.75,2.17
2026-10-05T00:06:39.895172+02:00,36635462,Primera Division Amateur,Uruguay,Bella Italia,Mar de Fondo FC,2026-10-04T23:30:00+00:00,83.3351,soccer.asian_handicap,period=ft,home,handicap=-0.5,1.44
2026-10-05T00:06:39.895172+02:00,36635462,Primera Division Amateur,Uruguay,Bella Italia,Mar de Fondo FC,2026-10-04T23:30:00+00:00,83.3351,soccer.asian_handicap,period=ft,away,handicap=-0.5,2.45
2026-10-05T00:06:39.895172+02:00,36635462,Primera Division Amateur,Uruguay,Bella Italia,Mar de Fondo FC,2026-10-04T23:30:00+00:00,83.3351,soccer.asian_handicap,period=ft,home,handicap=-0.25,1.31
2026-10-05T00:06:39.895172+02:00,36635462,Primera Division Amateur,Uruguay,Bella Italia,Mar de Fondo FC,2026-10-04T23:30:00+00:00,83.3351,soccer.asian_handicap,period=ft,away,handicap=-0.25,2.95
2026-10-05T00:06:39.895172+02:00,36635462,Primera Division Amateur,Uruguay,Bella Italia,Mar de Fondo FC,2026-10-04T23:30:00+00:00,83.3351,soccer.match_odds,period=ft,home,,1.46
2026-10-05T00:06:39.895172+02:00,36635462,Primera Division Amateur,Uruguay,Bella Italia,Mar de Fondo FC,2026-10-04T23:30:00+00:00,83.3351,soccer.match_odds,period=ft,draw,,4.1
2026-10-05T00:06:39.895172+02:00,36635462,Primera Division Amateur,Uruguay,Bella Italia,Mar de Fondo FC,2026-10-04T23:30:00+00:00,83.3351,soccer.match_odds,period=ft,away,,5.05
2026-10-05T00:06:39.895172+02:00,36635462,Primera Division Amateur,Uruguay,Bella Italia,Mar de Fondo FC,2026-10-04T23:30:00+00:00,83.3351,soccer.total_goals,period=ft,over,total=2.5,1.8
2026-10-05T00:06:39.895172+02:00,36635462,Primera Division Amateur,Uruguay,Bella Italia,Mar de Fondo FC,2026-10-04T23:30:00+00:00,83.3351,soccer.total_goals,period=ft,under,total=2.5,1.9
2026-10-05T00:06:39.895172+02:00,36635462,Primera Division Amateur,Uruguay,Bella Italia,Mar de Fondo FC,2026-10-04T23:30:00+00:00,83.3351,soccer.total_goals,period=ft,over,total=1.75,1.29
2026-10-05T00:06:39.895172+02:00,36635462,Primera Division Amateur,Uruguay,Bella Italia,Mar de Fondo FC,2026-10-04T23:30:00+00:00,83.3351,soccer.total_goals,period=ft,under,total=1.75,3.0
2026-10-05T00:06:39.895172+02:00,36635462,Primera Division Amateur,Uruguay,Bella Italia,Mar de Fondo FC,2026-10-04T23:30:00+00:00,83.3351,soccer.total_goals,period=ft,over,total=2,1.37
2026-10-05T00:06:39.895172+02:00,36635462,Primera Division Amateur,Uruguay,Bella Italia,Mar de Fondo FC,2026-10-04T23:30:00+00:00,83.3351,soccer.total_goals,period=ft,under,total=2,2.65
2026-10-05T00:06:39.895172+02:00,36635462,Primera Division Amateur,Uruguay,Bella Italia,Mar de Fondo FC,2026-10-04T23:30:00+00:00,83.3351,soccer.total_goals,period=ft,over,total=2.25,1.59
2026-10-05T00:06:39.895172+02:00,36635462,Primera Division Amateur,Uruguay,Bella Italia,Mar de Fondo FC,2026-10-04T23:30:00+00:00,83.3351,soccer.total_goals,period=ft,under,total=2.25,2.17
2026-10-05T00:06:39.895172+02:00,36635462,Primera Division Amateur,Uruguay,Bella Italia,Mar de Fondo FC,2026-10-04T23:30:00+00:00,83.3351,soccer.total_goals,period=ft,over,total=2.75,2.01
2026-10-05T00:06:39.895172+02:00,36635462,Primera Division Amateur,Uruguay,Bella Italia,Mar de Fondo FC,2026-10-04T23:30:00+00:00,83.3351,soccer.total_goals,period=ft,under,total=2.75,1.68
2026-10-05T00:06:39.895172+02:00,36635462,Primera Division Amateur,Uruguay,Bella Italia,Mar de Fondo FC,2026-10-04T23:30:00+00:00,83.3351,soccer.total_goals,period=ft,over,total=3,2.35
2026-10-05T00:06:39.895172+02:00,36635462,Primera Division Amateur,Uruguay,Bella Italia,Mar de Fondo FC,2026-10-04T23:30:00+00:00,83.3351,soccer.total_goals,period=ft,under,total=3,1.47
2026-10-05T00:06:39.895172+02:00,36635462,Primera Division Amateur,Uruguay,Bella Italia,Mar de Fondo FC,2026-10-04T23:30:00+00:00,83.3351,soccer.total_goals,period=ft,over,total=3.25,2.7
2026-10-05T00:06:39.895172+02:00,36635462,Primera Division Amateur,Uruguay,Bella Italia,Mar de Fondo FC,2026-10-04T23:30:00+00:00,83.3351,soccer.total_goals,period=ft,under,total=3.25,1.37
2026-10-05T00:06:39.895172+02:00,36595583,"Primera Division, Clausura",El Salvador,Santa Tecla FC,CD Fuerte San Francisco Morazan,2026-10-04T23:00:00+00:00,53.3351,soccer.asian_handicap,period=ft,home,handicap=-1,1.851
2026-10-05T00:06:39.895172+02:00,36595583,"Primera Division, Clausura",El Salvador,Santa Tecla FC,CD Fuerte San Francisco Morazan,2026-10-04T23:00:00+00:00,53.3351,soccer.asian_handicap,period=ft,away,handicap=-1,1.933
2026-10-05T00:06:39.895172+02:00,36595583,"Primera Division, Clausura",El Salvador,Santa Tecla FC,CD Fuerte San Francisco Morazan,2026-10-04T23:00:00+00:00,53.3351,soccer.asian_handicap,period=ft,home,handicap=-1.75,2.833
2026-10-05T00:06:39.895172+02:00,36595583,"Primera Division, Clausura",El Salvador,Santa Tecla FC,CD Fuerte San Francisco Morazan,2026-10-04T23:00:00+00:00,53.3351,soccer.asian_handicap,period=ft,away,handicap=-1.75,1.383
2026-10-05T00:06:39.895172+02:00,36595583,"Primera Division, Clausura",El Salvador,Santa Tecla FC,CD Fuerte San Francisco Morazan,2026-10-04T23:00:00+00:00,53.3351,soccer.asian_handicap,period=ft,home,handicap=-1.5,2.377
2026-10-05T00:06:39.895172+02:00,36595583,"Primera Division, Clausura",El Salvador,Santa Tecla FC,CD Fuerte San Francisco Morazan,2026-10-04T23:00:00+00:00,53.3351,soccer.asian_handicap,period=ft,away,handicap=-1.5,1.525
2026-10-05T00:06:39.895172+02:00,36595583,"Primera Division, Clausura",El Salvador,Santa Tecla FC,CD Fuerte San Francisco Morazan,2026-10-04T23:00:00+00:00,53.3351,soccer.asian_handicap,period=ft,home,handicap=-1.25,2.119
2026-10-05T00:06:39.895172+02:00,36595583,"Primera Division, Clausura",El Salvador,Santa Tecla FC,CD Fuerte San Francisco Morazan,2026-10-04T23:00:00+00:00,53.3351,soccer.asian_handicap,period=ft,away,handicap=-1.25,1.678
2026-10-05T00:06:39.895172+02:00,36595583,"Primera Division, Clausura",El Salvador,Santa Tecla FC,CD Fuerte San Francisco Morazan,2026-10-04T23:00:00+00:00,53.3351,soccer.asian_handicap,period=ft,home,handicap=-0.75,1.625
2026-10-05T00:06:39.895172+02:00,36595583,"Primera Division, Clausura",El Salvador,Santa Tecla FC,CD Fuerte San Francisco Morazan,2026-10-04T23:00:00+00:00,53.3351,soccer.asian_handicap,period=ft,away,handicap=-0.75,2.218
2026-10-05T00:06:39.895172+02:00,36595583,"Primera Division, Clausura",El Salvador,Santa Tecla FC,CD Fuerte San Francisco Morazan,2026-10-04T23:00:00+00:00,53.3351,soccer.asian_handicap,period=ft,home,handicap=-0.5,1.486
2026-10-05T00:06:39.895172+02:00,36595583,"Primera Division, Clausura",El Salvador,Santa Tecla FC,CD Fuerte San Francisco Morazan,2026-10-04T23:00:00+00:00,53.3351,soccer.asian_handicap,period=ft,away,handicap=-0.5,2.486
2026-10-05T00:06:39.895172+02:00,36595583,"Primera Division, Clausura",El Salvador,Santa Tecla FC,CD Fuerte San Francisco Morazan,2026-10-04T23:00:00+00:00,53.3351,soccer.asian_handicap,period=ft,home,handicap=-0.25,1.325
2026-10-05T00:06:39.895172+02:00,36595583,"Primera Division, Clausura",El Salvador,Santa Tecla FC,CD Fuerte San Francisco Morazan,2026-10-04T23:00:00+00:00,53.3351,soccer.asian_handicap,period=ft,away,handicap=-0.25,3.1
2026-10-05T00:06:39.895172+02:00,36595583,"Primera Division, Clausura",El Salvador,Santa Tecla FC,CD Fuerte San Francisco Morazan,2026-10-04T23:00:00+00:00,53.3351,soccer.double_chance,period=ft,home_away,,1.233
2026-10-05T00:06:39.895172+02:00,36595583,"Primera Division, Clausura",El Salvador,Santa Tecla FC,CD Fuerte San Francisco Morazan,2026-10-04T23:00:00+00:00,53.3351,soccer.double_chance,period=ft,draw_away,,2.508
2026-10-05T00:06:39.895172+02:00,36595583,"Primera Division, Clausura",El Salvador,Santa Tecla FC,CD Fuerte San Francisco Morazan,2026-10-04T23:00:00+00:00,53.3351,soccer.double_chance,period=ft,home_draw,,1.122
2026-10-05T00:06:39.895172+02:00,36595583,"Primera Division, Clausura",El Salvador,Santa Tecla FC,CD Fuerte San Francisco Morazan,2026-10-04T23:00:00+00:00,53.3351,soccer.match_odds,period=ft,home,,1.501
2026-10-05T00:06:39.895172+02:00,36595583,"Primera Division, Clausura",El Salvador,Santa Tecla FC,CD Fuerte San Francisco Morazan,2026-10-04T23:00:00+00:00,53.3351,soccer.match_odds,period=ft,draw,,3.963
2026-10-05T00:06:39.895172+02:00,36595583,"Primera Division, Clausura",El Salvador,Santa Tecla FC,CD Fuerte San Francisco Morazan,2026-10-04T23:00:00+00:00,53.3351,soccer.match_odds,period=ft,away,,5.895
2026-10-05T00:06:39.895172+02:00,36595583,"Primera Division, Clausura",El Salvador,Santa Tecla FC,CD Fuerte San Francisco Morazan,2026-10-04T23:00:00+00:00,53.3351,soccer.total_goals,period=ft,over,total=2.5,1.815
2026-10-05T00:06:39.895172+02:00,36595583,"Primera Division, Clausura",El Salvador,Santa Tecla FC,CD Fuerte San Francisco Morazan,2026-10-04T23:00:00+00:00,53.3351,soccer.total_goals,period=ft,under,total=2.5,1.971
2026-10-05T00:06:39.895172+02:00,36595583,"Primera Division, Clausura",El Salvador,Santa Tecla FC,CD Fuerte San Francisco Morazan,2026-10-04T23:00:00+00:00,53.3351,soccer.total_goals,period=ft,over,total=1.75,1.3
2026-10-05T00:06:39.895172+02:00,36595583,"Primera Division, Clausura",El Salvador,Santa Tecla FC,CD Fuerte San Francisco Morazan,2026-10-04T23:00:00+00:00,53.3351,soccer.total_goals,period=ft,under,total=1.75,3.249
2026-10-05T00:06:39.895172+02:00,36595583,"Primera Division, Clausura",El Salvador,Santa Tecla FC,CD Fuerte San Francisco Morazan,2026-10-04T23:00:00+00:00,53.3351,soccer.total_goals,period=ft,over,total=2,1.379
2026-10-05T00:06:39.895172+02:00,36595583,"Primera Division, Clausura",El Salvador,Santa Tecla FC,CD Fuerte San Francisco Morazan,2026-10-04T23:00:00+00:00,53.3351,soccer.total_goals,period=ft,under,total=2,2.853
2026-10-05T00:06:39.895172+02:00,36595583,"Primera Division, Clausura",El Salvador,Santa Tecla FC,CD Fuerte San Francisco Morazan,2026-10-04T23:00:00+00:00,53.3351,soccer.total_goals,period=ft,over,total=2.25,1.597
2026-10-05T00:06:39.895172+02:00,36595583,"Primera Division, Clausura",El Salvador,Santa Tecla FC,CD Fuerte San Francisco Morazan,2026-10-04T23:00:00+00:00,53.3351,soccer.total_goals,period=ft,under,total=2.25,2.268
2026-10-05T00:06:39.895172+02:00,36595583,"Primera Division, Clausura",El Salvador,Santa Tecla FC,CD Fuerte San Francisco Morazan,2026-10-04T23:00:00+00:00,53.3351,soccer.total_goals,period=ft,over,total=2.75,2.02
2026-10-05T00:06:39.895172+02:00,36595583,"Primera Division, Clausura",El Salvador,Santa Tecla FC,CD Fuerte San Francisco Morazan,2026-10-04T23:00:00+00:00,53.3351,soccer.total_goals,period=ft,under,total=2.75,1.746
2026-10-05T00:06:39.895172+02:00,36595583,"Primera Division, Clausura",El Salvador,Santa Tecla FC,CD Fuerte San Francisco Morazan,2026-10-04T23:00:00+00:00,53.3351,soccer.total_goals,period=ft,over,total=3,2.377
2026-10-05T00:06:39.895172+02:00,36595583,"Primera Division, Clausura",El Salvador,Santa Tecla FC,CD Fuerte San Francisco Morazan,2026-10-04T23:00:00+00:00,53.3351,soccer.total_goals,period=ft,under,total=3,1.525
2026-10-05T00:06:39.895172+02:00,36595583,"Primera Division, Clausura",El Salvador,Santa Tecla FC,CD Fuerte San Francisco Morazan,2026-10-04T23:00:00+00:00,53.3351,soccer.total_goals,period=ft,over,total=3.25,2.694
2026-10-05T00:06:39.895172+02:00,36595583,"Primera Division, Clausura",El Salvador,Santa Tecla FC,CD Fuerte San Francisco Morazan,2026-10-04T23:00:00+00:00,53.3351,soccer.total_goals,period=ft,under,total=3.25,1.418
2026-10-05T00:06:39.895172+02:00,36592417,"Liga Panamena de Futbol, Apertura",Panama,CA Independiente de La Chorrera,CD Arabe Unido,2026-10-04T23:15:00+00:00,68.3351,soccer.asian_handicap,period=ft,home,handicap=0.25,1.78
2026-10-05T00:06:39.895172+02:00,36592417,"Liga Panamena de Futbol, Apertura",Panama,CA Independiente de La Chorrera,CD Arabe Unido,2026-10-04T23:15:00+00:00,68.3351,soccer.asian_handicap,period=ft,away,handicap=0.25,2.01
2026-10-05T00:06:39.895172+02:00,36592417,"Liga Panamena de Futbol, Apertura",Panama,CA Independiente de La Chorrera,CD Arabe Unido,2026-10-04T23:15:00+00:00,68.3351,soccer.asian_handicap,period=ft,home,handicap=-0.5,3.0
2026-10-05T00:06:39.895172+02:00,36592417,"Liga Panamena de Futbol, Apertura",Panama,CA Independiente de La Chorrera,CD Arabe Unido,2026-10-04T23:15:00+00:00,68.3351,soccer.asian_handicap,period=ft,away,handicap=-0.5,1.33
2026-10-05T00:06:39.895172+02:00,36592417,"Liga Panamena de Futbol, Apertura",Panama,CA Independiente de La Chorrera,CD Arabe Unido,2026-10-04T23:15:00+00:00,68.3351,soccer.asian_handicap,period=ft,home,handicap=-0.25,2.6
2026-10-05T00:06:39.895172+02:00,36592417,"Liga Panamena de Futbol, Apertura",Panama,CA Independiente de La Chorrera,CD Arabe Unido,2026-10-04T23:15:00+00:00,68.3351,soccer.asian_handicap,period=ft,away,handicap=-0.25,1.44
2026-10-05T00:06:39.895172+02:00,36592417,"Liga Panamena de Futbol, Apertura",Panama,CA Independiente de La Chorrera,CD Arabe Unido,2026-10-04T23:15:00+00:00,68.3351,soccer.asian_handicap,period=ft,home,handicap=0,2.18
2026-10-05T00:06:39.895172+02:00,36592417,"Liga Panamena de Futbol, Apertura",Panama,CA Independiente de La Chorrera,CD Arabe Unido,2026-10-04T23:15:00+00:00,68.3351,soccer.asian_handicap,period=ft,away,handicap=0,1.64
2026-10-05T00:06:39.895172+02:00,36592417,"Liga Panamena de Futbol, Apertura",Panama,CA Independiente de La Chorrera,CD Arabe Unido,2026-10-04T23:15:00+00:00,68.3351,soccer.asian_handicap,period=ft,home,handicap=0.5,1.56
2026-10-05T00:06:39.895172+02:00,36592417,"Liga Panamena de Futbol, Apertura",Panama,CA Independiente de La Chorrera,CD Arabe Unido,2026-10-04T23:15:00+00:00,68.3351,soccer.asian_handicap,period=ft,away,handicap=0.5,2.3
2026-10-05T00:06:39.895172+02:00,36592417,"Liga Panamena de Futbol, Apertura",Panama,CA Independiente de La Chorrera,CD Arabe Unido,2026-10-04T23:15:00+00:00,68.3351,soccer.asian_handicap,period=ft,home,handicap=0.75,1.39
2026-10-05T00:06:39.895172+02:00,36592417,"Liga Panamena de Futbol, Apertura",Panama,CA Independiente de La Chorrera,CD Arabe Unido,2026-10-04T23:15:00+00:00,68.3351,soccer.asian_handicap,period=ft,away,handicap=0.75,2.75
2026-10-05T00:06:39.895172+02:00,36592417,"Liga Panamena de Futbol, Apertura",Panama,CA Independiente de La Chorrera,CD Arabe Unido,2026-10-04T23:15:00+00:00,68.3351,soccer.asian_handicap,period=ft,home,handicap=1,1.22
2026-10-05T00:06:39.895172+02:00,36592417,"Liga Panamena de Futbol, Apertura",Panama,CA Independiente de La Chorrera,CD Arabe Unido,2026-10-04T23:15:00+00:00,68.3351,soccer.asian_handicap,period=ft,away,handicap=1,3.8
2026-10-05T00:06:39.895172+02:00,36592417,"Liga Panamena de Futbol, Apertura",Panama,CA Independiente de La Chorrera,CD Arabe Unido,2026-10-04T23:15:00+00:00,68.3351,soccer.double_chance,period=ft,draw_away,,1.34
2026-10-05T00:06:39.895172+02:00,36592417,"Liga Panamena de Futbol, Apertura",Panama,CA Independiente de La Chorrera,CD Arabe Unido,2026-10-04T23:15:00+00:00,68.3351,soccer.double_chance,period=ft,home_away,,1.37
2026-10-05T00:06:39.895172+02:00,36592417,"Liga Panamena de Futbol, Apertura",Panama,CA Independiente de La Chorrera,CD Arabe Unido,2026-10-04T23:15:00+00:00,68.3351,soccer.double_chance,period=ft,home_draw,,1.55
2026-10-05T00:06:39.895172+02:00,36592417,"Liga Panamena de Futbol, Apertura",Panama,CA Independiente de La Chorrera,CD Arabe Unido,2026-10-04T23:15:00+00:00,68.3351,soccer.match_odds,period=ft,home,,3.05
2026-10-05T00:06:39.895172+02:00,36592417,"Liga Panamena de Futbol, Apertura",Panama,CA Independiente de La Chorrera,CD Arabe Unido,2026-10-04T23:15:00+00:00,68.3351,soccer.match_odds,period=ft,draw,,2.95
2026-10-05T00:06:39.895172+02:00,36592417,"Liga Panamena de Futbol, Apertura",Panama,CA Independiente de La Chorrera,CD Arabe Unido,2026-10-04T23:15:00+00:00,68.3351,soccer.match_odds,period=ft,away,,2.3
2026-10-05T00:06:39.895172+02:00,36592417,"Liga Panamena de Futbol, Apertura",Panama,CA Independiente de La Chorrera,CD Arabe Unido,2026-10-04T23:15:00+00:00,68.3351,soccer.total_goals,period=ft,over,total=2,1.77
2026-10-05T00:06:39.895172+02:00,36592417,"Liga Panamena de Futbol, Apertura",Panama,CA Independiente de La Chorrera,CD Arabe Unido,2026-10-04T23:15:00+00:00,68.3351,soccer.total_goals,period=ft,under,total=2,2.01
2026-10-05T00:06:39.895172+02:00,36592417,"Liga Panamena de Futbol, Apertura",Panama,CA Independiente de La Chorrera,CD Arabe Unido,2026-10-04T23:15:00+00:00,68.3351,soccer.total_goals,period=ft,over,total=1.25,1.26
2026-10-05T00:06:39.895172+02:00,36592417,"Liga Panamena de Futbol, Apertura",Panama,CA Independiente de La Chorrera,CD Arabe Unido,2026-10-04T23:15:00+00:00,68.3351,soccer.total_goals,period=ft,under,total=1.25,3.45
2026-10-05T00:06:39.895172+02:00,36592417,"Liga Panamena de Futbol, Apertura",Panama,CA Independiente de La Chorrera,CD Arabe Unido,2026-10-04T23:15:00+00:00,68.3351,soccer.total_goals,period=ft,over,total=1.5,1.42
2026-10-05T00:06:39.895172+02:00,36592417,"Liga Panamena de Futbol, Apertura",Panama,CA Independiente de La Chorrera,CD Arabe Unido,2026-10-04T23:15:00+00:00,68.3351,soccer.total_goals,period=ft,under,total=1.5,2.65
2026-10-05T00:06:39.895172+02:00,36592417,"Liga Panamena de Futbol, Apertura",Panama,CA Independiente de La Chorrera,CD Arabe Unido,2026-10-04T23:15:00+00:00,68.3351,soccer.total_goals,period=ft,over,total=1.75,1.55
2026-10-05T00:06:39.895172+02:00,36592417,"Liga Panamena de Futbol, Apertura",Panama,CA Independiente de La Chorrera,CD Arabe Unido,2026-10-04T23:15:00+00:00,68.3351,soccer.total_goals,period=ft,under,total=1.75,2.35
2026-10-05T00:06:39.895172+02:00,36592417,"Liga Panamena de Futbol, Apertura",Panama,CA Independiente de La Chorrera,CD Arabe Unido,2026-10-04T23:15:00+00:00,68.3351,soccer.total_goals,period=ft,over,total=2.25,2.07
2026-10-05T00:06:39.895172+02:00,36592417,"Liga Panamena de Futbol, Apertura",Panama,CA Independiente de La Chorrera,CD Arabe Unido,2026-10-04T23:15:00+00:00,68.3351,soccer.total_goals,period=ft,under,total=2.25,1.7
2026-10-05T00:06:39.895172+02:00,36592417,"Liga Panamena de Futbol, Apertura",Panama,CA Independiente de La Chorrera,CD Arabe Unido,2026-10-04T23:15:00+00:00,68.3351,soccer.total_goals,period=ft,over,total=2.5,2.35
2026-10-05T00:06:39.895172+02:00,36592417,"Liga Panamena de Futbol, Apertura",Panama,CA Independiente de La Chorrera,CD Arabe Unido,2026-10-04T23:15:00+00:00,68.3351,soccer.total_goals,period=ft,under,total=2.5,1.52
2026-10-05T00:06:39.895172+02:00,36592417,"Liga Panamena de Futbol, Apertura",Panama,CA Independiente de La Chorrera,CD Arabe Unido,2026-10-04T23:15:00+00:00,68.3351,soccer.total_goals,period=ft,over,total=2.75,2.8
2026-10-05T00:06:39.895172+02:00,36592417,"Liga Panamena de Futbol, Apertura",Panama,CA Independiente de La Chorrera,CD Arabe Unido,2026-10-04T23:15:00+00:00,68.3351,soccer.total_goals,period=ft,under,total=2.75,1.38
2026-10-05T00:06:39.895172+02:00,36631732,Copa Division Profesional,Bolivia,Independiente Petrolero,Club Bolivar,2026-10-04T23:30:00+00:00,83.3351,soccer.asian_handicap,period=ft,home,handicap=1,1.83
2026-10-05T00:06:39.895172+02:00,36631732,Copa Division Profesional,Bolivia,Independiente Petrolero,Club Bolivar,2026-10-04T23:30:00+00:00,83.3351,soccer.asian_handicap,period=ft,away,handicap=1,1.86
2026-10-05T00:06:39.895172+02:00,36631732,Copa Division Profesional,Bolivia,Independiente Petrolero,Club Bolivar,2026-10-04T23:30:00+00:00,83.3351,soccer.asian_handicap,period=ft,home,handicap=0.25,2.7
2026-10-05T00:06:39.895172+02:00,36631732,Copa Division Profesional,Bolivia,Independiente Petrolero,Club Bolivar,2026-10-04T23:30:00+00:00,83.3351,soccer.asian_handicap,period=ft,away,handicap=0.25,1.37
2026-10-05T00:06:39.895172+02:00,36631732,Copa Division Profesional,Bolivia,Independiente Petrolero,Club Bolivar,2026-10-04T23:30:00+00:00,83.3351,soccer.asian_handicap,period=ft,home,handicap=0.5,2.25
2026-10-05T00:06:39.895172+02:00,36631732,Copa Division Profesional,Bolivia,Independiente Petrolero,Club Bolivar,2026-10-04T23:30:00+00:00,83.3351,soccer.asian_handicap,period=ft,away,handicap=0.5,1.51
2026-10-05T00:06:39.895172+02:00,36631732,Copa Division Profesional,Bolivia,Independiente Petrolero,Club Bolivar,2026-10-04T23:30:00+00:00,83.3351,soccer.asian_handicap,period=ft,home,handicap=0.75,2.05
2026-10-05T00:06:39.895172+02:00,36631732,Copa Division Profesional,Bolivia,Independiente Petrolero,Club Bolivar,2026-10-04T23:30:00+00:00,83.3351,soccer.asian_handicap,period=ft,away,handicap=0.75,1.65
2026-10-05T00:06:39.895172+02:00,36631732,Copa Division Profesional,Bolivia,Independiente Petrolero,Club Bolivar,2026-10-04T23:30:00+00:00,83.3351,soccer.asian_handicap,period=ft,home,handicap=1.25,1.63
2026-10-05T00:06:39.895172+02:00,36631732,Copa Division Profesional,Bolivia,Independiente Petrolero,Club Bolivar,2026-10-04T23:30:00+00:00,83.3351,soccer.asian_handicap,period=ft,away,handicap=1.25,2.09
2026-10-05T00:06:39.895172+02:00,36631732,Copa Division Profesional,Bolivia,Independiente Petrolero,Club Bolivar,2026-10-04T23:30:00+00:00,83.3351,soccer.asian_handicap,period=ft,home,handicap=1.5,1.5
2026-10-05T00:06:39.895172+02:00,36631732,Copa Division Profesional,Bolivia,Independiente Petrolero,Club Bolivar,2026-10-04T23:30:00+00:00,83.3351,soccer.asian_handicap,period=ft,away,handicap=1.5,2.3
2026-10-05T00:06:39.895172+02:00,36631732,Copa Division Profesional,Bolivia,Independiente Petrolero,Club Bolivar,2026-10-04T23:30:00+00:00,83.3351,soccer.asian_handicap,period=ft,home,handicap=1.75,1.37
2026-10-05T00:06:39.895172+02:00,36631732,Copa Division Profesional,Bolivia,Independiente Petrolero,Club Bolivar,2026-10-04T23:30:00+00:00,83.3351,soccer.asian_handicap,period=ft,away,handicap=1.75,2.65
2026-10-05T00:06:39.895172+02:00,36631732,Copa Division Profesional,Bolivia,Independiente Petrolero,Club Bolivar,2026-10-04T23:30:00+00:00,83.3351,soccer.double_chance,period=ft,draw_away,,1.16
2026-10-05T00:06:39.895172+02:00,36631732,Copa Division Profesional,Bolivia,Independiente Petrolero,Club Bolivar,2026-10-04T23:30:00+00:00,83.3351,soccer.double_chance,period=ft,home_away,,1.18
2026-10-05T00:06:39.895172+02:00,36631732,Copa Division Profesional,Bolivia,Independiente Petrolero,Club Bolivar,2026-10-04T23:30:00+00:00,83.3351,soccer.double_chance,period=ft,home_draw,,2.06
2026-10-05T00:06:39.895172+02:00,36631732,Copa Division Profesional,Bolivia,Independiente Petrolero,Club Bolivar,2026-10-04T23:30:00+00:00,83.3351,soccer.match_odds,period=ft,home,,4.45
2026-10-05T00:06:39.895172+02:00,36631732,Copa Division Profesional,Bolivia,Independiente Petrolero,Club Bolivar,2026-10-04T23:30:00+00:00,83.3351,soccer.match_odds,period=ft,draw,,4.0
2026-10-05T00:06:39.895172+02:00,36631732,Copa Division Profesional,Bolivia,Independiente Petrolero,Club Bolivar,2026-10-04T23:30:00+00:00,83.3351,soccer.match_odds,period=ft,away,,1.53
2026-10-05T00:06:39.895172+02:00,36631732,Copa Division Profesional,Bolivia,Independiente Petrolero,Club Bolivar,2026-10-04T23:30:00+00:00,83.3351,soccer.total_goals,period=ft,over,total=3.5,1.89
2026-10-05T00:06:39.895172+02:00,36631732,Copa Division Profesional,Bolivia,Independiente Petrolero,Club Bolivar,2026-10-04T23:30:00+00:00,83.3351,soccer.total_goals,period=ft,under,total=3.5,1.8
2026-10-05T00:06:39.895172+02:00,36631732,Copa Division Profesional,Bolivia,Independiente Petrolero,Club Bolivar,2026-10-04T23:30:00+00:00,83.3351,soccer.total_goals,period=ft,over,total=2.75,1.4
2026-10-05T00:06:39.895172+02:00,36631732,Copa Division Profesional,Bolivia,Independiente Petrolero,Club Bolivar,2026-10-04T23:30:00+00:00,83.3351,soccer.total_goals,period=ft,under,total=2.75,2.55
2026-10-05T00:06:39.895172+02:00,36631732,Copa Division Profesional,Bolivia,Independiente Petrolero,Club Bolivar,2026-10-04T23:30:00+00:00,83.3351,soccer.total_goals,period=ft,over,total=3,1.5
2026-10-05T00:06:39.895172+02:00,36631732,Copa Division Profesional,Bolivia,Independiente Petrolero,Club Bolivar,2026-10-04T23:30:00+00:00,83.3351,soccer.total_goals,period=ft,under,total=3,2.3
2026-10-05T00:06:39.895172+02:00,36631732,Copa Division Profesional,Bolivia,Independiente Petrolero,Club Bolivar,2026-10-04T23:30:00+00:00,83.3351,soccer.total_goals,period=ft,over,total=3.25,1.69
2026-10-05T00:06:39.895172+02:00,36631732,Copa Division Profesional,Bolivia,Independiente Petrolero,Club Bolivar,2026-10-04T23:30:00+00:00,83.3351,soccer.total_goals,period=ft,under,total=3.25,2.0
2026-10-05T00:06:39.895172+02:00,36631732,Copa Division Profesional,Bolivia,Independiente Petrolero,Club Bolivar,2026-10-04T23:30:00+00:00,83.3351,soccer.total_goals,period=ft,over,total=3.75,2.08
2026-10-05T00:06:39.895172+02:00,36631732,Copa Division Profesional,Bolivia,Independiente Petrolero,Club Bolivar,2026-10-04T23:30:00+00:00,83.3351,soccer.total_goals,period=ft,under,total=3.75,1.63
2026-10-05T00:06:39.895172+02:00,36631732,Copa Division Profesional,Bolivia,Independiente Petrolero,Club Bolivar,2026-10-04T23:30:00+00:00,83.3351,soccer.total_goals,period=ft,over,total=4,2.4
2026-10-05T00:06:39.895172+02:00,36631732,Copa Division Profesional,Bolivia,Independiente Petrolero,Club Bolivar,2026-10-04T23:30:00+00:00,83.3351,soccer.total_goals,period=ft,under,total=4,1.46
2026-10-05T00:06:39.895172+02:00,36631732,Copa Division Profesional,Bolivia,Independiente Petrolero,Club Bolivar,2026-10-04T23:30:00+00:00,83.3351,soccer.total_goals,period=ft,over,total=4.25,2.65
2026-10-05T00:06:39.895172+02:00,36631732,Copa Division Profesional,Bolivia,Independiente Petrolero,Club Bolivar,2026-10-04T23:30:00+00:00,83.3351,soccer.total_goals,period=ft,under,total=4.25,1.38
2026-10-05T00:06:39.895172+02:00,36611740,Liga Nacional. Clausura,Guatemala,CD Guastatoya,Club Aurora,2026-10-04T23:00:00+00:00,53.3351,soccer.asian_handicap,period=ft,home,handicap=-1,1.76
2026-10-05T00:06:39.895172+02:00,36611740,Liga Nacional. Clausura,Guatemala,CD Guastatoya,Club Aurora,2026-10-04T23:00:00+00:00,53.3351,soccer.asian_handicap,period=ft,away,handicap=-1,2.02
2026-10-05T00:06:39.895172+02:00,36611740,Liga Nacional. Clausura,Guatemala,CD Guastatoya,Club Aurora,2026-10-04T23:00:00+00:00,53.3351,soccer.asian_handicap,period=ft,home,handicap=-1.75,2.8
2026-10-05T00:06:39.895172+02:00,36611740,Liga Nacional. Clausura,Guatemala,CD Guastatoya,Club Aurora,2026-10-04T23:00:00+00:00,53.3351,soccer.asian_handicap,period=ft,away,handicap=-1.75,1.38
2026-10-05T00:06:39.895172+02:00,36611740,Liga Nacional. Clausura,Guatemala,CD Guastatoya,Club Aurora,2026-10-04T23:00:00+00:00,53.3351,soccer.asian_handicap,period=ft,home,handicap=-1.5,2.3
2026-10-05T00:06:39.895172+02:00,36611740,Liga Nacional. Clausura,Guatemala,CD Guastatoya,Club Aurora,2026-10-04T23:00:00+00:00,53.3351,soccer.asian_handicap,period=ft,away,handicap=-1.5,1.54
2026-10-05T00:06:39.895172+02:00,36611740,Liga Nacional. Clausura,Guatemala,CD Guastatoya,Club Aurora,2026-10-04T23:00:00+00:00,53.3351,soccer.asian_handicap,period=ft,home,handicap=-1.25,2.06
2026-10-05T00:06:39.895172+02:00,36611740,Liga Nacional. Clausura,Guatemala,CD Guastatoya,Club Aurora,2026-10-04T23:00:00+00:00,53.3351,soccer.asian_handicap,period=ft,away,handicap=-1.25,1.71
2026-10-05T00:06:39.895172+02:00,36611740,Liga Nacional. Clausura,Guatemala,CD Guastatoya,Club Aurora,2026-10-04T23:00:00+00:00,53.3351,soccer.asian_handicap,period=ft,home,handicap=-0.75,1.55
2026-10-05T00:06:39.895172+02:00,36611740,Liga Nacional. Clausura,Guatemala,CD Guastatoya,Club Aurora,2026-10-04T23:00:00+00:00,53.3351,soccer.asian_handicap,period=ft,away,handicap=-0.75,2.35
2026-10-05T00:06:39.895172+02:00,36611740,Liga Nacional. Clausura,Guatemala,CD Guastatoya,Club Aurora,2026-10-04T23:00:00+00:00,53.3351,soccer.asian_handicap,period=ft,home,handicap=-0.5,1.42
2026-10-05T00:06:39.895172+02:00,36611740,Liga Nacional. Clausura,Guatemala,CD Guastatoya,Club Aurora,2026-10-04T23:00:00+00:00,53.3351,soccer.asian_handicap,period=ft,away,handicap=-0.5,2.65
2026-10-05T00:06:39.895172+02:00,36611740,Liga Nacional. Clausura,Guatemala,CD Guastatoya,Club Aurora,2026-10-04T23:00:00+00:00,53.3351,soccer.asian_handicap,period=ft,home,handicap=-0.25,1.27
2026-10-05T00:06:39.895172+02:00,36611740,Liga Nacional. Clausura,Guatemala,CD Guastatoya,Club Aurora,2026-10-04T23:00:00+00:00,53.3351,soccer.asian_handicap,period=ft,away,handicap=-0.25,3.4
2026-10-05T00:06:39.895172+02:00,36611740,Liga Nacional. Clausura,Guatemala,CD Guastatoya,Club Aurora,2026-10-04T23:00:00+00:00,53.3351,soccer.double_chance,period=ft,draw_away,,2.65
2026-10-05T00:06:39.895172+02:00,36611740,Liga Nacional. Clausura,Guatemala,CD Guastatoya,Club Aurora,2026-10-04T23:00:00+00:00,53.3351,soccer.double_chance,period=ft,home_away,,1.22
2026-10-05T00:06:39.895172+02:00,36611740,Liga Nacional. Clausura,Guatemala,CD Guastatoya,Club Aurora,2026-10-04T23:00:00+00:00,53.3351,soccer.double_chance,period=ft,home_draw,,1.08
2026-10-05T00:06:39.895172+02:00,36611740,Liga Nacional. Clausura,Guatemala,CD Guastatoya,Club Aurora,2026-10-04T23:00:00+00:00,53.3351,soccer.match_odds,period=ft,home,,1.43
2026-10-05T00:06:39.895172+02:00,36611740,Liga Nacional. Clausura,Guatemala,CD Guastatoya,Club Aurora,2026-10-04T23:00:00+00:00,53.3351,soccer.match_odds,period=ft,draw,,3.95
2026-10-05T00:06:39.895172+02:00,36611740,Liga Nacional. Clausura,Guatemala,CD Guastatoya,Club Aurora,2026-10-04T23:00:00+00:00,53.3351,soccer.match_odds,period=ft,away,,7.05
2026-10-05T00:06:39.895172+02:00,36611740,Liga Nacional. Clausura,Guatemala,CD Guastatoya,Club Aurora,2026-10-04T23:00:00+00:00,53.3351,soccer.total_goals,period=ft,over,total=2.5,1.92
2026-10-05T00:06:39.895172+02:00,36611740,Liga Nacional. Clausura,Guatemala,CD Guastatoya,Club Aurora,2026-10-04T23:00:00+00:00,53.3351,soccer.total_goals,period=ft,under,total=2.5,1.85
2026-10-05T00:06:39.895172+02:00,36611740,Liga Nacional. Clausura,Guatemala,CD Guastatoya,Club Aurora,2026-10-04T23:00:00+00:00,53.3351,soccer.total_goals,period=ft,over,total=1.75,1.35
2026-10-05T00:06:39.895172+02:00,36611740,Liga Nacional. Clausura,Guatemala,CD Guastatoya,Club Aurora,2026-10-04T23:00:00+00:00,53.3351,soccer.total_goals,period=ft,under,total=1.75,2.95
2026-10-05T00:06:39.895172+02:00,36611740,Liga Nacional. Clausura,Guatemala,CD Guastatoya,Club Aurora,2026-10-04T23:00:00+00:00,53.3351,soccer.total_goals,period=ft,over,total=2,1.45
2026-10-05T00:06:39.895172+02:00,36611740,Liga Nacional. Clausura,Guatemala,CD Guastatoya,Club Aurora,2026-10-04T23:00:00+00:00,53.3351,soccer.total_goals,period=ft,under,total=2,2.55
2026-10-05T00:06:39.895172+02:00,36611740,Liga Nacional. Clausura,Guatemala,CD Guastatoya,Club Aurora,2026-10-04T23:00:00+00:00,53.3351,soccer.total_goals,period=ft,over,total=2.25,1.68
2026-10-05T00:06:39.895172+02:00,36611740,Liga Nacional. Clausura,Guatemala,CD Guastatoya,Club Aurora,2026-10-04T23:00:00+00:00,53.3351,soccer.total_goals,period=ft,under,total=2.25,2.1
2026-10-05T00:06:39.895172+02:00,36611740,Liga Nacional. Clausura,Guatemala,CD Guastatoya,Club Aurora,2026-10-04T23:00:00+00:00,53.3351,soccer.total_goals,period=ft,over,total=2.75,2.17
2026-10-05T00:06:39.895172+02:00,36611740,Liga Nacional. Clausura,Guatemala,CD Guastatoya,Club Aurora,2026-10-04T23:00:00+00:00,53.3351,soccer.total_goals,period=ft,under,total=2.75,1.64
2026-10-05T00:06:39.895172+02:00,36611740,Liga Nacional. Clausura,Guatemala,CD Guastatoya,Club Aurora,2026-10-04T23:00:00+00:00,53.3351,soccer.total_goals,period=ft,over,total=3,2.6
2026-10-05T00:06:39.895172+02:00,36611740,Liga Nacional. Clausura,Guatemala,CD Guastatoya,Club Aurora,2026-10-04T23:00:00+00:00,53.3351,soccer.total_goals,period=ft,under,total=3,1.44
2026-10-05T00:06:39.895172+02:00,36611740,Liga Nacional. Clausura,Guatemala,CD Guastatoya,Club Aurora,2026-10-04T23:00:00+00:00,53.3351,soccer.total_goals,period=ft,over,total=3.25,2.95
2026-10-05T00:06:39.895172+02:00,36611740,Liga Nacional. Clausura,Guatemala,CD Guastatoya,Club Aurora,2026-10-04T23:00:00+00:00,53.3351,soccer.total_goals,period=ft,under,total=3.25,1.35
2026-10-05T00:06:39.895172+02:00,36581498,Primera Division,Uruguay,Racing Club Montevideo,CA Penarol Montevideo,2026-10-04T22:30:00+00:00,23.3351,soccer.asian_handicap,period=ft,home,handicap=0.25,1.98
2026-10-05T00:06:39.895172+02:00,36581498,Primera Division,Uruguay,Racing Club Montevideo,CA Penarol Montevideo,2026-10-04T22:30:00+00:00,23.3351,soccer.asian_handicap,period=ft,away,handicap=0.25,1.85
2026-10-05T00:06:39.895172+02:00,36581498,Primera Division,Uruguay,Racing Club Montevideo,CA Penarol Montevideo,2026-10-04T22:30:00+00:00,23.3351,soccer.asian_handicap,period=ft,home,handicap=-0.75,5.2
2026-10-05T00:06:39.895172+02:00,36581498,Primera Division,Uruguay,Racing Club Montevideo,CA Penarol Montevideo,2026-10-04T22:30:00+00:00,23.3351,soccer.asian_handicap,period=ft,away,handicap=-0.75,1.16
2026-10-05T00:06:39.895172+02:00,36581498,Primera Division,Uruguay,Racing Club Montevideo,CA Penarol Montevideo,2026-10-04T22:30:00+00:00,23.3351,soccer.asian_handicap,period=ft,home,handicap=-0.5,3.85
2026-10-05T00:06:39.895172+02:00,36581498,Primera Division,Uruguay,Racing Club Montevideo,CA Penarol Montevideo,2026-10-04T22:30:00+00:00,23.3351,soccer.asian_handicap,period=ft,away,handicap=-0.5,1.25
2026-10-05T00:06:39.895172+02:00,36581498,Primera Division,Uruguay,Racing Club Montevideo,CA Penarol Montevideo,2026-10-04T22:30:00+00:00,23.3351,soccer.asian_handicap,period=ft,home,handicap=-0.25,3.25
2026-10-05T00:06:39.895172+02:00,36581498,Primera Division,Uruguay,Racing Club Montevideo,CA Penarol Montevideo,2026-10-04T22:30:00+00:00,23.3351,soccer.asian_handicap,period=ft,away,handicap=-0.25,1.34
2026-10-05T00:06:39.895172+02:00,36581498,Primera Division,Uruguay,Racing Club Montevideo,CA Penarol Montevideo,2026-10-04T22:30:00+00:00,23.3351,soccer.asian_handicap,period=ft,home,handicap=0,2.65
2026-10-05T00:06:39.895172+02:00,36581498,Primera Division,Uruguay,Racing Club Montevideo,CA Penarol Montevideo,2026-10-04T22:30:00+00:00,23.3351,soccer.asian_handicap,period=ft,away,handicap=0,1.48
2026-10-05T00:06:39.895172+02:00,36581498,Primera Division,Uruguay,Racing Club Montevideo,CA Penarol Montevideo,2026-10-04T22:30:00+00:00,23.3351,soccer.asian_handicap,period=ft,home,handicap=0.5,1.67
2026-10-05T00:06:39.895172+02:00,36581498,Primera Division,Uruguay,Racing Club Montevideo,CA Penarol Montevideo,2026-10-04T22:30:00+00:00,23.3351,soccer.asian_handicap,period=ft,away,handicap=0.5,2.2
2026-10-05T00:06:39.895172+02:00,36581498,Primera Division,Uruguay,Racing Club Montevideo,CA Penarol Montevideo,2026-10-04T22:30:00+00:00,23.3351,soccer.asian_handicap,period=ft,home,handicap=0.75,1.48
2026-10-05T00:06:39.895172+02:00,36581498,Primera Division,Uruguay,Racing Club Montevideo,CA Penarol Montevideo,2026-10-04T22:30:00+00:00,23.3351,soccer.asian_handicap,period=ft,away,handicap=0.75,2.65
2026-10-05T00:06:39.895172+02:00,36581498,Primera Division,Uruguay,Racing Club Montevideo,CA Penarol Montevideo,2026-10-04T22:30:00+00:00,23.3351,soccer.asian_handicap,period=ft,home,handicap=1,1.28
2026-10-05T00:06:39.895172+02:00,36581498,Primera Division,Uruguay,Racing Club Montevideo,CA Penarol Montevideo,2026-10-04T22:30:00+00:00,23.3351,soccer.asian_handicap,period=ft,away,handicap=1,3.55
2026-10-05T00:06:39.895172+02:00,36581498,Primera Division,Uruguay,Racing Club Montevideo,CA Penarol Montevideo,2026-10-04T22:30:00+00:00,23.3351,soccer.asian_handicap,period=ft,home,handicap=1.25,1.23
2026-10-05T00:06:39.895172+02:00,36581498,Primera Division,Uruguay,Racing Club Montevideo,CA Penarol Montevideo,2026-10-04T22:30:00+00:00,23.3351,soccer.asian_handicap,period=ft,away,handicap=1.25,4.05
2026-10-05T00:06:39.895172+02:00,36581498,Primera Division,Uruguay,Racing Club Montevideo,CA Penarol Montevideo,2026-10-04T22:30:00+00:00,23.3351,soccer.double_chance,period=ft,draw_away,,1.25
2026-10-05T00:06:39.895172+02:00,36581498,Primera Division,Uruguay,Racing Club Montevideo,CA Penarol Montevideo,2026-10-04T22:30:00+00:00,23.3351,soccer.double_chance,period=ft,home_away,,1.41
2026-10-05T00:06:39.895172+02:00,36581498,Primera Division,Uruguay,Racing Club Montevideo,CA Penarol Montevideo,2026-10-04T22:30:00+00:00,23.3351,soccer.double_chance,period=ft,home_draw,,1.66
2026-10-05T00:06:39.895172+02:00,36581498,Primera Division,Uruguay,Racing Club Montevideo,CA Penarol Montevideo,2026-10-04T22:30:00+00:00,23.3351,soccer.match_odds,period=ft,home,,3.85
2026-10-05T00:06:39.895172+02:00,36581498,Primera Division,Uruguay,Racing Club Montevideo,CA Penarol Montevideo,2026-10-04T22:30:00+00:00,23.3351,soccer.match_odds,period=ft,draw,,2.85
2026-10-05T00:06:39.895172+02:00,36581498,Primera Division,Uruguay,Racing Club Montevideo,CA Penarol Montevideo,2026-10-04T22:30:00+00:00,23.3351,soccer.match_odds,period=ft,away,,2.2
2026-10-05T00:06:39.895172+02:00,36581498,Primera Division,Uruguay,Racing Club Montevideo,CA Penarol Montevideo,2026-10-04T22:30:00+00:00,23.3351,soccer.total_goals,period=ft,over,total=2,1.83
2026-10-05T00:06:39.895172+02:00,36581498,Primera Division,Uruguay,Racing Club Montevideo,CA Penarol Montevideo,2026-10-04T22:30:00+00:00,23.3351,soccer.total_goals,period=ft,under,total=2,1.98
2026-10-05T00:06:39.895172+02:00,36581498,Primera Division,Uruguay,Racing Club Montevideo,CA Penarol Montevideo,2026-10-04T22:30:00+00:00,23.3351,soccer.total_goals,period=ft,over,total=0.5,1.09
2026-10-05T00:06:39.895172+02:00,36581498,Primera Division,Uruguay,Racing Club Montevideo,CA Penarol Montevideo,2026-10-04T22:30:00+00:00,23.3351,soccer.total_goals,period=ft,under,total=0.5,6.75
2026-10-05T00:06:39.895172+02:00,36581498,Primera Division,Uruguay,Racing Club Montevideo,CA Penarol Montevideo,2026-10-04T22:30:00+00:00,23.3351,soccer.total_goals,period=ft,over,total=1.5,1.45
2026-10-05T00:06:39.895172+02:00,36581498,Primera Division,Uruguay,Racing Club Montevideo,CA Penarol Montevideo,2026-10-04T22:30:00+00:00,23.3351,soccer.total_goals,period=ft,under,total=1.5,2.7
2026-10-05T00:06:39.895172+02:00,36581498,Primera Division,Uruguay,Racing Club Montevideo,CA Penarol Montevideo,2026-10-04T22:30:00+00:00,23.3351,soccer.total_goals,period=ft,over,total=1.75,1.59
2026-10-05T00:06:39.895172+02:00,36581498,Primera Division,Uruguay,Racing Club Montevideo,CA Penarol Montevideo,2026-10-04T22:30:00+00:00,23.3351,soccer.total_goals,period=ft,under,total=1.75,2.3
2026-10-05T00:06:39.895172+02:00,36581498,Primera Division,Uruguay,Racing Club Montevideo,CA Penarol Montevideo,2026-10-04T22:30:00+00:00,23.3351,soccer.total_goals,period=ft,over,total=2.25,2.17
2026-10-05T00:06:39.895172+02:00,36581498,Primera Division,Uruguay,Racing Club Montevideo,CA Penarol Montevideo,2026-10-04T22:30:00+00:00,23.3351,soccer.total_goals,period=ft,under,total=2.25,1.68
2026-10-05T00:06:39.895172+02:00,36581498,Primera Division,Uruguay,Racing Club Montevideo,CA Penarol Montevideo,2026-10-04T22:30:00+00:00,23.3351,soccer.total_goals,period=ft,over,total=2.5,2.5
2026-10-05T00:06:39.895172+02:00,36581498,Primera Division,Uruguay,Racing Club Montevideo,CA Penarol Montevideo,2026-10-04T22:30:00+00:00,23.3351,soccer.total_goals,period=ft,under,total=2.5,1.52
2026-10-05T00:06:39.895172+02:00,36581498,Primera Division,Uruguay,Racing Club Montevideo,CA Penarol Montevideo,2026-10-04T22:30:00+00:00,23.3351,soccer.total_goals,period=ft,over,total=3.5,4.7
2026-10-05T00:06:39.895172+02:00,36581498,Primera Division,Uruguay,Racing Club Montevideo,CA Penarol Montevideo,2026-10-04T22:30:00+00:00,23.3351,soccer.total_goals,period=ft,under,total=3.5,1.17
2026-10-05T00:08:38.305553+02:00,36592417,"Liga Panamena de Futbol, Apertura",Panama,CA Independiente de La Chorrera,CD Arabe Unido,2026-10-04T23:15:00+00:00,66.3616,soccer.asian_handicap,period=ft,home,handicap=0.25,1.78
2026-10-05T00:08:38.305553+02:00,36592417,"Liga Panamena de Futbol, Apertura",Panama,CA Independiente de La Chorrera,CD Arabe Unido,2026-10-04T23:15:00+00:00,66.3616,soccer.asian_handicap,period=ft,away,handicap=0.25,2.01
2026-10-05T00:08:38.305553+02:00,36592417,"Liga Panamena de Futbol, Apertura",Panama,CA Independiente de La Chorrera,CD Arabe Unido,2026-10-04T23:15:00+00:00,66.3616,soccer.asian_handicap,period=ft,home,handicap=-0.5,3.0
2026-10-05T00:08:38.305553+02:00,36592417,"Liga Panamena de Futbol, Apertura",Panama,CA Independiente de La Chorrera,CD Arabe Unido,2026-10-04T23:15:00+00:00,66.3616,soccer.asian_handicap,period=ft,away,handicap=-0.5,1.33
2026-10-05T00:08:38.305553+02:00,36592417,"Liga Panamena de Futbol, Apertura",Panama,CA Independiente de La Chorrera,CD Arabe Unido,2026-10-04T23:15:00+00:00,66.3616,soccer.asian_handicap,period=ft,home,handicap=-0.25,2.6
2026-10-05T00:08:38.305553+02:00,36592417,"Liga Panamena de Futbol, Apertura",Panama,CA Independiente de La Chorrera,CD Arabe Unido,2026-10-04T23:15:00+00:00,66.3616,soccer.asian_handicap,period=ft,away,handicap=-0.25,1.44
2026-10-05T00:08:38.305553+02:00,36592417,"Liga Panamena de Futbol, Apertura",Panama,CA Independiente de La Chorrera,CD Arabe Unido,2026-10-04T23:15:00+00:00,66.3616,soccer.asian_handicap,period=ft,home,handicap=0,2.18
2026-10-05T00:08:38.305553+02:00,36592417,"Liga Panamena de Futbol, Apertura",Panama,CA Independiente de La Chorrera,CD Arabe Unido,2026-10-04T23:15:00+00:00,66.3616,soccer.asian_handicap,period=ft,away,handicap=0,1.64
2026-10-05T00:08:38.305553+02:00,36592417,"Liga Panamena de Futbol, Apertura",Panama,CA Independiente de La Chorrera,CD Arabe Unido,2026-10-04T23:15:00+00:00,66.3616,soccer.asian_handicap,period=ft,home,handicap=0.5,1.56
2026-10-05T00:08:38.305553+02:00,36592417,"Liga Panamena de Futbol, Apertura",Panama,CA Independiente de La Chorrera,CD Arabe Unido,2026-10-04T23:15:00+00:00,66.3616,soccer.asian_handicap,period=ft,away,handicap=0.5,2.3
2026-10-05T00:08:38.305553+02:00,36592417,"Liga Panamena de Futbol, Apertura",Panama,CA Independiente de La Chorrera,CD Arabe Unido,2026-10-04T23:15:00+00:00,66.3616,soccer.asian_handicap,period=ft,home,handicap=0.75,1.39
2026-10-05T00:08:38.305553+02:00,36592417,"Liga Panamena de Futbol, Apertura",Panama,CA Independiente de La Chorrera,CD Arabe Unido,2026-10-04T23:15:00+00:00,66.3616,soccer.asian_handicap,period=ft,away,handicap=0.75,2.75
2026-10-05T00:08:38.305553+02:00,36592417,"Liga Panamena de Futbol, Apertura",Panama,CA Independiente de La Chorrera,CD Arabe Unido,2026-10-04T23:15:00+00:00,66.3616,soccer.asian_handicap,period=ft,home,handicap=1,1.22
2026-10-05T00:08:38.305553+02:00,36592417,"Liga Panamena de Futbol, Apertura",Panama,CA Independiente de La Chorrera,CD Arabe Unido,2026-10-04T23:15:00+00:00,66.3616,soccer.asian_handicap,period=ft,away,handicap=1,3.8
2026-10-05T00:08:38.305553+02:00,36592417,"Liga Panamena de Futbol, Apertura",Panama,CA Independiente de La Chorrera,CD Arabe Unido,2026-10-04T23:15:00+00:00,66.3616,soccer.double_chance,period=ft,draw_away,,1.34
2026-10-05T00:08:38.305553+02:00,36592417,"Liga Panamena de Futbol, Apertura",Panama,CA Independiente de La Chorrera,CD Arabe Unido,2026-10-04T23:15:00+00:00,66.3616,soccer.double_chance,period=ft,home_away,,1.37
2026-10-05T00:08:38.305553+02:00,36592417,"Liga Panamena de Futbol, Apertura",Panama,CA Independiente de La Chorrera,CD Arabe Unido,2026-10-04T23:15:00+00:00,66.3616,soccer.double_chance,period=ft,home_draw,,1.55
2026-10-05T00:08:38.305553+02:00,36592417,"Liga Panamena de Futbol, Apertura",Panama,CA Independiente de La Chorrera,CD Arabe Unido,2026-10-04T23:15:00+00:00,66.3616,soccer.match_odds,period=ft,home,,3.05
2026-10-05T00:08:38.305553+02:00,36592417,"Liga Panamena de Futbol, Apertura",Panama,CA Independiente de La Chorrera,CD Arabe Unido,2026-10-04T23:15:00+00:00,66.3616,soccer.match_odds,period=ft,draw,,2.95
2026-10-05T00:08:38.305553+02:00,36592417,"Liga Panamena de Futbol, Apertura",Panama,CA Independiente de La Chorrera,CD Arabe Unido,2026-10-04T23:15:00+00:00,66.3616,soccer.match_odds,period=ft,away,,2.3
2026-10-05T00:08:38.305553+02:00,36592417,"Liga Panamena de Futbol, Apertura",Panama,CA Independiente de La Chorrera,CD Arabe Unido,2026-10-04T23:15:00+00:00,66.3616,soccer.total_goals,period=ft,over,total=2,1.77
2026-10-05T00:08:38.305553+02:00,36592417,"Liga Panamena de Futbol, Apertura",Panama,CA Independiente de La Chorrera,CD Arabe Unido,2026-10-04T23:15:00+00:00,66.3616,soccer.total_goals,period=ft,under,total=2,2.01
2026-10-05T00:08:38.305553+02:00,36592417,"Liga Panamena de Futbol, Apertura",Panama,CA Independiente de La Chorrera,CD Arabe Unido,2026-10-04T23:15:00+00:00,66.3616,soccer.total_goals,period=ft,over,total=1.25,1.26
2026-10-05T00:08:38.305553+02:00,36592417,"Liga Panamena de Futbol, Apertura",Panama,CA Independiente de La Chorrera,CD Arabe Unido,2026-10-04T23:15:00+00:00,66.3616,soccer.total_goals,period=ft,under,total=1.25,3.45
2026-10-05T00:08:38.305553+02:00,36592417,"Liga Panamena de Futbol, Apertura",Panama,CA Independiente de La Chorrera,CD Arabe Unido,2026-10-04T23:15:00+00:00,66.3616,soccer.total_goals,period=ft,over,total=1.5,1.42
2026-10-05T00:08:38.305553+02:00,36592417,"Liga Panamena de Futbol, Apertura",Panama,CA Independiente de La Chorrera,CD Arabe Unido,2026-10-04T23:15:00+00:00,66.3616,soccer.total_goals,period=ft,under,total=1.5,2.65
2026-10-05T00:08:38.305553+02:00,36592417,"Liga Panamena de Futbol, Apertura",Panama,CA Independiente de La Chorrera,CD Arabe Unido,2026-10-04T23:15:00+00:00,66.3616,soccer.total_goals,period=ft,over,total=1.75,1.55
2026-10-05T00:08:38.305553+02:00,36592417,"Liga Panamena de Futbol, Apertura",Panama,CA Independiente de La Chorrera,CD Arabe Unido,2026-10-04T23:15:00+00:00,66.3616,soccer.total_goals,period=ft,under,total=1.75,2.35
2026-10-05T00:08:38.305553+02:00,36592417,"Liga Panamena de Futbol, Apertura",Panama,CA Independiente de La Chorrera,CD Arabe Unido,2026-10-04T23:15:00+00:00,66.3616,soccer.total_goals,period=ft,over,total=2.25,2.07
2026-10-05T00:08:38.305553+02:00,36592417,"Liga Panamena de Futbol, Apertura",Panama,CA Independiente de La Chorrera,CD Arabe Unido,2026-10-04T23:15:00+00:00,66.3616,soccer.total_goals,period=ft,under,total=2.25,1.7
2026-10-05T00:08:38.305553+02:00,36592417,"Liga Panamena de Futbol, Apertura",Panama,CA Independiente de La Chorrera,CD Arabe Unido,2026-10-04T23:15:00+00:00,66.3616,soccer.total_goals,period=ft,over,total=2.5,2.35
2026-10-05T00:08:38.305553+02:00,36592417,"Liga Panamena de Futbol, Apertura",Panama,CA Independiente de La Chorrera,CD Arabe Unido,2026-10-04T23:15:00+00:00,66.3616,soccer.total_goals,period=ft,under,total=2.5,1.52
2026-10-05T00:08:38.305553+02:00,36592417,"Liga Panamena de Futbol, Apertura",Panama,CA Independiente de La Chorrera,CD Arabe Unido,2026-10-04T23:15:00+00:00,66.3616,soccer.total_goals,period=ft,over,total=2.75,2.8
2026-10-05T00:08:38.305553+02:00,36592417,"Liga Panamena de Futbol, Apertura",Panama,CA Independiente de La Chorrera,CD Arabe Unido,2026-10-04T23:15:00+00:00,66.3616,soccer.total_goals,period=ft,under,total=2.75,1.38
2026-10-05T00:08:38.305553+02:00,36595583,"Primera Division, Clausura",El Salvador,Santa Tecla FC,CD Fuerte San Francisco Morazan,2026-10-04T23:00:00+00:00,51.3616,soccer.asian_handicap,period=ft,home,handicap=-1,1.851
2026-10-05T00:08:38.305553+02:00,36595583,"Primera Division, Clausura",El Salvador,Santa Tecla FC,CD Fuerte San Francisco Morazan,2026-10-04T23:00:00+00:00,51.3616,soccer.asian_handicap,period=ft,away,handicap=-1,1.933
2026-10-05T00:08:38.305553+02:00,36595583,"Primera Division, Clausura",El Salvador,Santa Tecla FC,CD Fuerte San Francisco Morazan,2026-10-04T23:00:00+00:00,51.3616,soccer.asian_handicap,period=ft,home,handicap=-1.75,2.833
2026-10-05T00:08:38.305553+02:00,36595583,"Primera Division, Clausura",El Salvador,Santa Tecla FC,CD Fuerte San Francisco Morazan,2026-10-04T23:00:00+00:00,51.3616,soccer.asian_handicap,period=ft,away,handicap=-1.75,1.383
2026-10-05T00:08:38.305553+02:00,36595583,"Primera Division, Clausura",El Salvador,Santa Tecla FC,CD Fuerte San Francisco Morazan,2026-10-04T23:00:00+00:00,51.3616,soccer.asian_handicap,period=ft,home,handicap=-1.5,2.377
2026-10-05T00:08:38.305553+02:00,36595583,"Primera Division, Clausura",El Salvador,Santa Tecla FC,CD Fuerte San Francisco Morazan,2026-10-04T23:00:00+00:00,51.3616,soccer.asian_handicap,period=ft,away,handicap=-1.5,1.525
2026-10-05T00:08:38.305553+02:00,36595583,"Primera Division, Clausura",El Salvador,Santa Tecla FC,CD Fuerte San Francisco Morazan,2026-10-04T23:00:00+00:00,51.3616,soccer.asian_handicap,period=ft,home,handicap=-1.25,2.119
2026-10-05T00:08:38.305553+02:00,36595583,"Primera Division, Clausura",El Salvador,Santa Tecla FC,CD Fuerte San Francisco Morazan,2026-10-04T23:00:00+00:00,51.3616,soccer.asian_handicap,period=ft,away,handicap=-1.25,1.678
2026-10-05T00:08:38.305553+02:00,36595583,"Primera Division, Clausura",El Salvador,Santa Tecla FC,CD Fuerte San Francisco Morazan,2026-10-04T23:00:00+00:00,51.3616,soccer.asian_handicap,period=ft,home,handicap=-0.75,1.625
2026-10-05T00:08:38.305553+02:00,36595583,"Primera Division, Clausura",El Salvador,Santa Tecla FC,CD Fuerte San Francisco Morazan,2026-10-04T23:00:00+00:00,51.3616,soccer.asian_handicap,period=ft,away,handicap=-0.75,2.218
2026-10-05T00:08:38.305553+02:00,36595583,"Primera Division, Clausura",El Salvador,Santa Tecla FC,CD Fuerte San Francisco Morazan,2026-10-04T23:00:00+00:00,51.3616,soccer.asian_handicap,period=ft,home,handicap=-0.5,1.486
2026-10-05T00:08:38.305553+02:00,36595583,"Primera Division, Clausura",El Salvador,Santa Tecla FC,CD Fuerte San Francisco Morazan,2026-10-04T23:00:00+00:00,51.3616,soccer.asian_handicap,period=ft,away,handicap=-0.5,2.486
2026-10-05T00:08:38.305553+02:00,36595583,"Primera Division, Clausura",El Salvador,Santa Tecla FC,CD Fuerte San Francisco Morazan,2026-10-04T23:00:00+00:00,51.3616,soccer.asian_handicap,period=ft,home,handicap=-0.25,1.325
2026-10-05T00:08:38.305553+02:00,36595583,"Primera Division, Clausura",El Salvador,Santa Tecla FC,CD Fuerte San Francisco Morazan,2026-10-04T23:00:00+00:00,51.3616,soccer.asian_handicap,period=ft,away,handicap=-0.25,3.1
2026-10-05T00:08:38.305553+02:00,36595583,"Primera Division, Clausura",El Salvador,Santa Tecla FC,CD Fuerte San Francisco Morazan,2026-10-04T23:00:00+00:00,51.3616,soccer.double_chance,period=ft,home_away,,1.233
2026-10-05T00:08:38.305553+02:00,36595583,"Primera Division, Clausura",El Salvador,Santa Tecla FC,CD Fuerte San Francisco Morazan,2026-10-04T23:00:00+00:00,51.3616,soccer.double_chance,period=ft,draw_away,,2.508
2026-10-05T00:08:38.305553+02:00,36595583,"Primera Division, Clausura",El Salvador,Santa Tecla FC,CD Fuerte San Francisco Morazan,2026-10-04T23:00:00+00:00,51.3616,soccer.double_chance,period=ft,home_draw,,1.122
2026-10-05T00:08:38.305553+02:00,36595583,"Primera Division, Clausura",El Salvador,Santa Tecla FC,CD Fuerte San Francisco Morazan,2026-10-04T23:00:00+00:00,51.3616,soccer.match_odds,period=ft,home,,1.501
2026-10-05T00:08:38.305553+02:00,36595583,"Primera Division, Clausura",El Salvador,Santa Tecla FC,CD Fuerte San Francisco Morazan,2026-10-04T23:00:00+00:00,51.3616,soccer.match_odds,period=ft,draw,,3.963
2026-10-05T00:08:38.305553+02:00,36595583,"Primera Division, Clausura",El Salvador,Santa Tecla FC,CD Fuerte San Francisco Morazan,2026-10-04T23:00:00+00:00,51.3616,soccer.match_odds,period=ft,away,,5.895
2026-10-05T00:08:38.305553+02:00,36595583,"Primera Division, Clausura",El Salvador,Santa Tecla FC,CD Fuerte San Francisco Morazan,2026-10-04T23:00:00+00:00,51.3616,soccer.total_goals,period=ft,over,total=2.5,1.815
2026-10-05T00:08:38.305553+02:00,36595583,"Primera Division, Clausura",El Salvador,Santa Tecla FC,CD Fuerte San Francisco Morazan,2026-10-04T23:00:00+00:00,51.3616,soccer.total_goals,period=ft,under,total=2.5,1.971
2026-10-05T00:08:38.305553+02:00,36595583,"Primera Division, Clausura",El Salvador,Santa Tecla FC,CD Fuerte San Francisco Morazan,2026-10-04T23:00:00+00:00,51.3616,soccer.total_goals,period=ft,over,total=1.75,1.3
2026-10-05T00:08:38.305553+02:00,36595583,"Primera Division, Clausura",El Salvador,Santa Tecla FC,CD Fuerte San Francisco Morazan,2026-10-04T23:00:00+00:00,51.3616,soccer.total_goals,period=ft,under,total=1.75,3.249
2026-10-05T00:08:38.305553+02:00,36595583,"Primera Division, Clausura",El Salvador,Santa Tecla FC,CD Fuerte San Francisco Morazan,2026-10-04T23:00:00+00:00,51.3616,soccer.total_goals,period=ft,over,total=2,1.379
2026-10-05T00:08:38.305553+02:00,36595583,"Primera Division, Clausura",El Salvador,Santa Tecla FC,CD Fuerte San Francisco Morazan,2026-10-04T23:00:00+00:00,51.3616,soccer.total_goals,period=ft,under,total=2,2.853
2026-10-05T00:08:38.305553+02:00,36595583,"Primera Division, Clausura",El Salvador,Santa Tecla FC,CD Fuerte San Francisco Morazan,2026-10-04T23:00:00+00:00,51.3616,soccer.total_goals,period=ft,over,total=2.25,1.597
2026-10-05T00:08:38.305553+02:00,36595583,"Primera Division, Clausura",El Salvador,Santa Tecla FC,CD Fuerte San Francisco Morazan,2026-10-04T23:00:00+00:00,51.3616,soccer.total_goals,period=ft,under,total=2.25,2.268
2026-10-05T00:08:38.305553+02:00,36595583,"Primera Division, Clausura",El Salvador,Santa Tecla FC,CD Fuerte San Francisco Morazan,2026-10-04T23:00:00+00:00,51.3616,soccer.total_goals,period=ft,over,total=2.75,2.02
2026-10-05T00:08:38.305553+02:00,36595583,"Primera Division, Clausura",El Salvador,Santa Tecla FC,CD Fuerte San Francisco Morazan,2026-10-04T23:00:00+00:00,51.3616,soccer.total_goals,period=ft,under,total=2.75,1.746
2026-10-05T00:08:38.305553+02:00,36595583,"Primera Division, Clausura",El Salvador,Santa Tecla FC,CD Fuerte San Francisco Morazan,2026-10-04T23:00:00+00:00,51.3616,soccer.total_goals,period=ft,over,total=3,2.377
2026-10-05T00:08:38.305553+02:00,36595583,"Primera Division, Clausura",El Salvador,Santa Tecla FC,CD Fuerte San Francisco Morazan,2026-10-04T23:00:00+00:00,51.3616,soccer.total_goals,period=ft,under,total=3,1.525
2026-10-05T00:08:38.305553+02:00,36595583,"Primera Division, Clausura",El Salvador,Santa Tecla FC,CD Fuerte San Francisco Morazan,2026-10-04T23:00:00+00:00,51.3616,soccer.total_goals,period=ft,over,total=3.25,2.694
2026-10-05T00:08:38.305553+02:00,36595583,"Primera Division, Clausura",El Salvador,Santa Tecla FC,CD Fuerte San Francisco Morazan,2026-10-04T23:00:00+00:00,51.3616,soccer.total_goals,period=ft,under,total=3.25,1.418
2026-10-05T00:08:38.305553+02:00,36635462,Primera Division Amateur,Uruguay,Bella Italia,Mar de Fondo FC,2026-10-04T23:30:00+00:00,81.3616,soccer.asian_handicap,period=ft,home,handicap=-1,1.82
2026-10-05T00:08:38.305553+02:00,36635462,Primera Division Amateur,Uruguay,Bella Italia,Mar de Fondo FC,2026-10-04T23:30:00+00:00,81.3616,soccer.asian_handicap,period=ft,away,handicap=-1,1.88
2026-10-05T00:08:38.305553+02:00,36635462,Primera Division Amateur,Uruguay,Bella Italia,Mar de Fondo FC,2026-10-04T23:30:00+00:00,81.3616,soccer.asian_handicap,period=ft,home,handicap=-1.75,2.8
2026-10-05T00:08:38.305553+02:00,36635462,Primera Division Amateur,Uruguay,Bella Italia,Mar de Fondo FC,2026-10-04T23:30:00+00:00,81.3616,soccer.asian_handicap,period=ft,away,handicap=-1.75,1.34
2026-10-05T00:08:38.305553+02:00,36635462,Primera Division Amateur,Uruguay,Bella Italia,Mar de Fondo FC,2026-10-04T23:30:00+00:00,81.3616,soccer.asian_handicap,period=ft,home,handicap=-1.5,2.35
2026-10-05T00:08:38.305553+02:00,36635462,Primera Division Amateur,Uruguay,Bella Italia,Mar de Fondo FC,2026-10-04T23:30:00+00:00,81.3616,soccer.asian_handicap,period=ft,away,handicap=-1.5,1.48
2026-10-05T00:08:38.305553+02:00,36635462,Primera Division Amateur,Uruguay,Bella Italia,Mar de Fondo FC,2026-10-04T23:30:00+00:00,81.3616,soccer.asian_handicap,period=ft,home,handicap=-1.25,2.1
2026-10-05T00:08:38.305553+02:00,36635462,Primera Division Amateur,Uruguay,Bella Italia,Mar de Fondo FC,2026-10-04T23:30:00+00:00,81.3616,soccer.asian_handicap,period=ft,away,handicap=-1.25,1.62
2026-10-05T00:08:38.305553+02:00,36635462,Primera Division Amateur,Uruguay,Bella Italia,Mar de Fondo FC,2026-10-04T23:30:00+00:00,81.3616,soccer.asian_handicap,period=ft,home,handicap=-0.75,1.58
2026-10-05T00:08:38.305553+02:00,36635462,Primera Division Amateur,Uruguay,Bella Italia,Mar de Fondo FC,2026-10-04T23:30:00+00:00,81.3616,soccer.asian_handicap,period=ft,away,handicap=-0.75,2.17
2026-10-05T00:08:38.305553+02:00,36635462,Primera Division Amateur,Uruguay,Bella Italia,Mar de Fondo FC,2026-10-04T23:30:00+00:00,81.3616,soccer.asian_handicap,period=ft,home,handicap=-0.5,1.44
2026-10-05T00:08:38.305553+02:00,36635462,Primera Division Amateur,Uruguay,Bella Italia,Mar de Fondo FC,2026-10-04T23:30:00+00:00,81.3616,soccer.asian_handicap,period=ft,away,handicap=-0.5,2.45
2026-10-05T00:08:38.305553+02:00,36635462,Primera Division Amateur,Uruguay,Bella Italia,Mar de Fondo FC,2026-10-04T23:30:00+00:00,81.3616,soccer.asian_handicap,period=ft,home,handicap=-0.25,1.31
2026-10-05T00:08:38.305553+02:00,36635462,Primera Division Amateur,Uruguay,Bella Italia,Mar de Fondo FC,2026-10-04T23:30:00+00:00,81.3616,soccer.asian_handicap,period=ft,away,handicap=-0.25,2.95
2026-10-05T00:08:38.305553+02:00,36635462,Primera Division Amateur,Uruguay,Bella Italia,Mar de Fondo FC,2026-10-04T23:30:00+00:00,81.3616,soccer.match_odds,period=ft,home,,1.46
2026-10-05T00:08:38.305553+02:00,36635462,Primera Division Amateur,Uruguay,Bella Italia,Mar de Fondo FC,2026-10-04T23:30:00+00:00,81.3616,soccer.match_odds,period=ft,draw,,4.1
2026-10-05T00:08:38.305553+02:00,36635462,Primera Division Amateur,Uruguay,Bella Italia,Mar de Fondo FC,2026-10-04T23:30:00+00:00,81.3616,soccer.match_odds,period=ft,away,,5.05
2026-10-05T00:08:38.305553+02:00,36635462,Primera Division Amateur,Uruguay,Bella Italia,Mar de Fondo FC,2026-10-04T23:30:00+00:00,81.3616,soccer.total_goals,period=ft,over,total=2.5,1.8
2026-10-05T00:08:38.305553+02:00,36635462,Primera Division Amateur,Uruguay,Bella Italia,Mar de Fondo FC,2026-10-04T23:30:00+00:00,81.3616,soccer.total_goals,period=ft,under,total=2.5,1.9
2026-10-05T00:08:38.305553+02:00,36635462,Primera Division Amateur,Uruguay,Bella Italia,Mar de Fondo FC,2026-10-04T23:30:00+00:00,81.3616,soccer.total_goals,period=ft,over,total=1.75,1.29
2026-10-05T00:08:38.305553+02:00,36635462,Primera Division Amateur,Uruguay,Bella Italia,Mar de Fondo FC,2026-10-04T23:30:00+00:00,81.3616,soccer.total_goals,period=ft,under,total=1.75,3.0
2026-10-05T00:08:38.305553+02:00,36635462,Primera Division Amateur,Uruguay,Bella Italia,Mar de Fondo FC,2026-10-04T23:30:00+00:00,81.3616,soccer.total_goals,period=ft,over,total=2,1.37
2026-10-05T00:08:38.305553+02:00,36635462,Primera Division Amateur,Uruguay,Bella Italia,Mar de Fondo FC,2026-10-04T23:30:00+00:00,81.3616,soccer.total_goals,period=ft,under,total=2,2.65
2026-10-05T00:08:38.305553+02:00,36635462,Primera Division Amateur,Uruguay,Bella Italia,Mar de Fondo FC,2026-10-04T23:30:00+00:00,81.3616,soccer.total_goals,period=ft,over,total=2.25,1.59
2026-10-05T00:08:38.305553+02:00,36635462,Primera Division Amateur,Uruguay,Bella Italia,Mar de Fondo FC,2026-10-04T23:30:00+00:00,81.3616,soccer.total_goals,period=ft,under,total=2.25,2.17
2026-10-05T00:08:38.305553+02:00,36635462,Primera Division Amateur,Uruguay,Bella Italia,Mar de Fondo FC,2026-10-04T23:30:00+00:00,81.3616,soccer.total_goals,period=ft,over,total=2.75,2.01
2026-10-05T00:08:38.305553+02:00,36635462,Primera Division Amateur,Uruguay,Bella Italia,Mar de Fondo FC,2026-10-04T23:30:00+00:00,81.3616,soccer.total_goals,period=ft,under,total=2.75,1.68
2026-10-05T00:08:38.305553+02:00,36635462,Primera Division Amateur,Uruguay,Bella Italia,Mar de Fondo FC,2026-10-04T23:30:00+00:00,81.3616,soccer.total_goals,period=ft,over,total=3,2.35
2026-10-05T00:08:38.305553+02:00,36635462,Primera Division Amateur,Uruguay,Bella Italia,Mar de Fondo FC,2026-10-04T23:30:00+00:00,81.3616,soccer.total_goals,period=ft,under,total=3,1.47
2026-10-05T00:08:38.305553+02:00,36635462,Primera Division Amateur,Uruguay,Bella Italia,Mar de Fondo FC,2026-10-04T23:30:00+00:00,81.3616,soccer.total_goals,period=ft,over,total=3.25,2.7
2026-10-05T00:08:38.305553+02:00,36635462,Primera Division Amateur,Uruguay,Bella Italia,Mar de Fondo FC,2026-10-04T23:30:00+00:00,81.3616,soccer.total_goals,period=ft,under,total=3.25,1.37
2026-10-05T00:08:38.305553+02:00,36611740,Liga Nacional. Clausura,Guatemala,CD Guastatoya,Club Aurora,2026-10-04T23:00:00+00:00,51.3616,soccer.asian_handicap,period=ft,home,handicap=-1,1.76
2026-10-05T00:08:38.305553+02:00,36611740,Liga Nacional. Clausura,Guatemala,CD Guastatoya,Club Aurora,2026-10-04T23:00:00+00:00,51.3616,soccer.asian_handicap,period=ft,away,handicap=-1,2.02
2026-10-05T00:08:38.305553+02:00,36611740,Liga Nacional. Clausura,Guatemala,CD Guastatoya,Club Aurora,2026-10-04T23:00:00+00:00,51.3616,soccer.asian_handicap,period=ft,home,handicap=-1.75,2.8
2026-10-05T00:08:38.305553+02:00,36611740,Liga Nacional. Clausura,Guatemala,CD Guastatoya,Club Aurora,2026-10-04T23:00:00+00:00,51.3616,soccer.asian_handicap,period=ft,away,handicap=-1.75,1.38
2026-10-05T00:08:38.305553+02:00,36611740,Liga Nacional. Clausura,Guatemala,CD Guastatoya,Club Aurora,2026-10-04T23:00:00+00:00,51.3616,soccer.asian_handicap,period=ft,home,handicap=-1.5,2.3
2026-10-05T00:08:38.305553+02:00,36611740,Liga Nacional. Clausura,Guatemala,CD Guastatoya,Club Aurora,2026-10-04T23:00:00+00:00,51.3616,soccer.asian_handicap,period=ft,away,handicap=-1.5,1.54
2026-10-05T00:08:38.305553+02:00,36611740,Liga Nacional. Clausura,Guatemala,CD Guastatoya,Club Aurora,2026-10-04T23:00:00+00:00,51.3616,soccer.asian_handicap,period=ft,home,handicap=-1.25,2.06
2026-10-05T00:08:38.305553+02:00,36611740,Liga Nacional. Clausura,Guatemala,CD Guastatoya,Club Aurora,2026-10-04T23:00:00+00:00,51.3616,soccer.asian_handicap,period=ft,away,handicap=-1.25,1.71
2026-10-05T00:08:38.305553+02:00,36611740,Liga Nacional. Clausura,Guatemala,CD Guastatoya,Club Aurora,2026-10-04T23:00:00+00:00,51.3616,soccer.asian_handicap,period=ft,home,handicap=-0.75,1.55
2026-10-05T00:08:38.305553+02:00,36611740,Liga Nacional. Clausura,Guatemala,CD Guastatoya,Club Aurora,2026-10-04T23:00:00+00:00,51.3616,soccer.asian_handicap,period=ft,away,handicap=-0.75,2.35
2026-10-05T00:08:38.305553+02:00,36611740,Liga Nacional. Clausura,Guatemala,CD Guastatoya,Club Aurora,2026-10-04T23:00:00+00:00,51.3616,soccer.asian_handicap,period=ft,home,handicap=-0.5,1.42
2026-10-05T00:08:38.305553+02:00,36611740,Liga Nacional. Clausura,Guatemala,CD Guastatoya,Club Aurora,2026-10-04T23:00:00+00:00,51.3616,soccer.asian_handicap,period=ft,away,handicap=-0.5,2.65
2026-10-05T00:08:38.305553+02:00,36611740,Liga Nacional. Clausura,Guatemala,CD Guastatoya,Club Aurora,2026-10-04T23:00:00+00:00,51.3616,soccer.asian_handicap,period=ft,home,handicap=-0.25,1.27
2026-10-05T00:08:38.305553+02:00,36611740,Liga Nacional. Clausura,Guatemala,CD Guastatoya,Club Aurora,2026-10-04T23:00:00+00:00,51.3616,soccer.asian_handicap,period=ft,away,handicap=-0.25,3.4
2026-10-05T00:08:38.305553+02:00,36611740,Liga Nacional. Clausura,Guatemala,CD Guastatoya,Club Aurora,2026-10-04T23:00:00+00:00,51.3616,soccer.double_chance,period=ft,draw_away,,2.65
2026-10-05T00:08:38.305553+02:00,36611740,Liga Nacional. Clausura,Guatemala,CD Guastatoya,Club Aurora,2026-10-04T23:00:00+00:00,51.3616,soccer.double_chance,period=ft,home_away,,1.22
2026-10-05T00:08:38.305553+02:00,36611740,Liga Nacional. Clausura,Guatemala,CD Guastatoya,Club Aurora,2026-10-04T23:00:00+00:00,51.3616,soccer.double_chance,period=ft,home_draw,,1.08
2026-10-05T00:08:38.305553+02:00,36611740,Liga Nacional. Clausura,Guatemala,CD Guastatoya,Club Aurora,2026-10-04T23:00:00+00:00,51.3616,soccer.match_odds,period=ft,home,,1.43
2026-10-05T00:08:38.305553+02:00,36611740,Liga Nacional. Clausura,Guatemala,CD Guastatoya,Club Aurora,2026-10-04T23:00:00+00:00,51.3616,soccer.match_odds,period=ft,draw,,3.95
2026-10-05T00:08:38.305553+02:00,36611740,Liga Nacional. Clausura,Guatemala,CD Guastatoya,Club Aurora,2026-10-04T23:00:00+00:00,51.3616,soccer.match_odds,period=ft,away,,7.05
2026-10-05T00:08:38.305553+02:00,36611740,Liga Nacional. Clausura,Guatemala,CD Guastatoya,Club Aurora,2026-10-04T23:00:00+00:00,51.3616,soccer.total_goals,period=ft,over,total=2.5,1.92
2026-10-05T00:08:38.305553+02:00,36611740,Liga Nacional. Clausura,Guatemala,CD Guastatoya,Club Aurora,2026-10-04T23:00:00+00:00,51.3616,soccer.total_goals,period=ft,under,total=2.5,1.85
2026-10-05T00:08:38.305553+02:00,36611740,Liga Nacional. Clausura,Guatemala,CD Guastatoya,Club Aurora,2026-10-04T23:00:00+00:00,51.3616,soccer.total_goals,period=ft,over,total=1.75,1.35
2026-10-05T00:08:38.305553+02:00,36611740,Liga Nacional. Clausura,Guatemala,CD Guastatoya,Club Aurora,2026-10-04T23:00:00+00:00,51.3616,soccer.total_goals,period=ft,under,total=1.75,2.95
2026-10-05T00:08:38.305553+02:00,36611740,Liga Nacional. Clausura,Guatemala,CD Guastatoya,Club Aurora,2026-10-04T23:00:00+00:00,51.3616,soccer.total_goals,period=ft,over,total=2,1.45
2026-10-05T00:08:38.305553+02:00,36611740,Liga Nacional. Clausura,Guatemala,CD Guastatoya,Club Aurora,2026-10-04T23:00:00+00:00,51.3616,soccer.total_goals,period=ft,under,total=2,2.55
2026-10-05T00:08:38.305553+02:00,36611740,Liga Nacional. Clausura,Guatemala,CD Guastatoya,Club Aurora,2026-10-04T23:00:00+00:00,51.3616,soccer.total_goals,period=ft,over,total=2.25,1.68
2026-10-05T00:08:38.305553+02:00,36611740,Liga Nacional. Clausura,Guatemala,CD Guastatoya,Club Aurora,2026-10-04T23:00:00+00:00,51.3616,soccer.total_goals,period=ft,under,total=2.25,2.1
2026-10-05T00:08:38.305553+02:00,36611740,Liga Nacional. Clausura,Guatemala,CD Guastatoya,Club Aurora,2026-10-04T23:00:00+00:00,51.3616,soccer.total_goals,period=ft,over,total=2.75,2.17
2026-10-05T00:08:38.305553+02:00,36611740,Liga Nacional. Clausura,Guatemala,CD Guastatoya,Club Aurora,2026-10-04T23:00:00+00:00,51.3616,soccer.total_goals,period=ft,under,total=2.75,1.64
2026-10-05T00:08:38.305553+02:00,36611740,Liga Nacional. Clausura,Guatemala,CD Guastatoya,Club Aurora,2026-10-04T23:00:00+00:00,51.3616,soccer.total_goals,period=ft,over,total=3,2.6
2026-10-05T00:08:38.305553+02:00,36611740,Liga Nacional. Clausura,Guatemala,CD Guastatoya,Club Aurora,2026-10-04T23:00:00+00:00,51.3616,soccer.total_goals,period=ft,under,total=3,1.44
2026-10-05T00:08:38.305553+02:00,36611740,Liga Nacional. Clausura,Guatemala,CD Guastatoya,Club Aurora,2026-10-04T23:00:00+00:00,51.3616,soccer.total_goals,period=ft,over,total=3.25,2.95
2026-10-05T00:08:38.305553+02:00,36611740,Liga Nacional. Clausura,Guatemala,CD Guastatoya,Club Aurora,2026-10-04T23:00:00+00:00,51.3616,soccer.total_goals,period=ft,under,total=3.25,1.35
2026-10-05T00:08:38.305553+02:00,36631732,Copa Division Profesional,Bolivia,Independiente Petrolero,Club Bolivar,2026-10-04T23:30:00+00:00,81.3616,soccer.asian_handicap,period=ft,home,handicap=1,1.83
2026-10-05T00:08:38.305553+02:00,36631732,Copa Division Profesional,Bolivia,Independiente Petrolero,Club Bolivar,2026-10-04T23:30:00+00:00,81.3616,soccer.asian_handicap,period=ft,away,handicap=1,1.86
2026-10-05T00:08:38.305553+02:00,36631732,Copa Division Profesional,Bolivia,Independiente Petrolero,Club Bolivar,2026-10-04T23:30:00+00:00,81.3616,soccer.asian_handicap,period=ft,home,handicap=0.25,2.7
2026-10-05T00:08:38.305553+02:00,36631732,Copa Division Profesional,Bolivia,Independiente Petrolero,Club Bolivar,2026-10-04T23:30:00+00:00,81.3616,soccer.asian_handicap,period=ft,away,handicap=0.25,1.37
2026-10-05T00:08:38.305553+02:00,36631732,Copa Division Profesional,Bolivia,Independiente Petrolero,Club Bolivar,2026-10-04T23:30:00+00:00,81.3616,soccer.asian_handicap,period=ft,home,handicap=0.5,2.25
2026-10-05T00:08:38.305553+02:00,36631732,Copa Division Profesional,Bolivia,Independiente Petrolero,Club Bolivar,2026-10-04T23:30:00+00:00,81.3616,soccer.asian_handicap,period=ft,away,handicap=0.5,1.51
2026-10-05T00:08:38.305553+02:00,36631732,Copa Division Profesional,Bolivia,Independiente Petrolero,Club Bolivar,2026-10-04T23:30:00+00:00,81.3616,soccer.asian_handicap,period=ft,home,handicap=0.75,2.05
2026-10-05T00:08:38.305553+02:00,36631732,Copa Division Profesional,Bolivia,Independiente Petrolero,Club Bolivar,2026-10-04T23:30:00+00:00,81.3616,soccer.asian_handicap,period=ft,away,handicap=0.75,1.65
2026-10-05T00:08:38.305553+02:00,36631732,Copa Division Profesional,Bolivia,Independiente Petrolero,Club Bolivar,2026-10-04T23:30:00+00:00,81.3616,soccer.asian_handicap,period=ft,home,handicap=1.25,1.63
2026-10-05T00:08:38.305553+02:00,36631732,Copa Division Profesional,Bolivia,Independiente Petrolero,Club Bolivar,2026-10-04T23:30:00+00:00,81.3616,soccer.asian_handicap,period=ft,away,handicap=1.25,2.09
2026-10-05T00:08:38.305553+02:00,36631732,Copa Division Profesional,Bolivia,Independiente Petrolero,Club Bolivar,2026-10-04T23:30:00+00:00,81.3616,soccer.asian_handicap,period=ft,home,handicap=1.5,1.5
2026-10-05T00:08:38.305553+02:00,36631732,Copa Division Profesional,Bolivia,Independiente Petrolero,Club Bolivar,2026-10-04T23:30:00+00:00,81.3616,soccer.asian_handicap,period=ft,away,handicap=1.5,2.3
2026-10-05T00:08:38.305553+02:00,36631732,Copa Division Profesional,Bolivia,Independiente Petrolero,Club Bolivar,2026-10-04T23:30:00+00:00,81.3616,soccer.asian_handicap,period=ft,home,handicap=1.75,1.37
2026-10-05T00:08:38.305553+02:00,36631732,Copa Division Profesional,Bolivia,Independiente Petrolero,Club Bolivar,2026-10-04T23:30:00+00:00,81.3616,soccer.asian_handicap,period=ft,away,handicap=1.75,2.65
2026-10-05T00:08:38.305553+02:00,36631732,Copa Division Profesional,Bolivia,Independiente Petrolero,Club Bolivar,2026-10-04T23:30:00+00:00,81.3616,soccer.double_chance,period=ft,draw_away,,1.16
2026-10-05T00:08:38.305553+02:00,36631732,Copa Division Profesional,Bolivia,Independiente Petrolero,Club Bolivar,2026-10-04T23:30:00+00:00,81.3616,soccer.double_chance,period=ft,home_away,,1.18
2026-10-05T00:08:38.305553+02:00,36631732,Copa Division Profesional,Bolivia,Independiente Petrolero,Club Bolivar,2026-10-04T23:30:00+00:00,81.3616,soccer.double_chance,period=ft,home_draw,,2.06
2026-10-05T00:08:38.305553+02:00,36631732,Copa Division Profesional,Bolivia,Independiente Petrolero,Club Bolivar,2026-10-04T23:30:00+00:00,81.3616,soccer.match_odds,period=ft,home,,4.45
2026-10-05T00:08:38.305553+02:00,36631732,Copa Division Profesional,Bolivia,Independiente Petrolero,Club Bolivar,2026-10-04T23:30:00+00:00,81.3616,soccer.match_odds,period=ft,draw,,4.0
2026-10-05T00:08:38.305553+02:00,36631732,Copa Division Profesional,Bolivia,Independiente Petrolero,Club Bolivar,2026-10-04T23:30:00+00:00,81.3616,soccer.match_odds,period=ft,away,,1.53
2026-10-05T00:08:38.305553+02:00,36631732,Copa Division Profesional,Bolivia,Independiente Petrolero,Club Bolivar,2026-10-04T23:30:00+00:00,81.3616,soccer.total_goals,period=ft,over,total=3.5,1.89
2026-10-05T00:08:38.305553+02:00,36631732,Copa Division Profesional,Bolivia,Independiente Petrolero,Club Bolivar,2026-10-04T23:30:00+00:00,81.3616,soccer.total_goals,period=ft,under,total=3.5,1.8
2026-10-05T00:08:38.305553+02:00,36631732,Copa Division Profesional,Bolivia,Independiente Petrolero,Club Bolivar,2026-10-04T23:30:00+00:00,81.3616,soccer.total_goals,period=ft,over,total=2.75,1.4
2026-10-05T00:08:38.305553+02:00,36631732,Copa Division Profesional,Bolivia,Independiente Petrolero,Club Bolivar,2026-10-04T23:30:00+00:00,81.3616,soccer.total_goals,period=ft,under,total=2.75,2.55
2026-10-05T00:08:38.305553+02:00,36631732,Copa Division Profesional,Bolivia,Independiente Petrolero,Club Bolivar,2026-10-04T23:30:00+00:00,81.3616,soccer.total_goals,period=ft,over,total=3,1.5
2026-10-05T00:08:38.305553+02:00,36631732,Copa Division Profesional,Bolivia,Independiente Petrolero,Club Bolivar,2026-10-04T23:30:00+00:00,81.3616,soccer.total_goals,period=ft,under,total=3,2.3
2026-10-05T00:08:38.305553+02:00,36631732,Copa Division Profesional,Bolivia,Independiente Petrolero,Club Bolivar,2026-10-04T23:30:00+00:00,81.3616,soccer.total_goals,period=ft,over,total=3.25,1.69
2026-10-05T00:08:38.305553+02:00,36631732,Copa Division Profesional,Bolivia,Independiente Petrolero,Club Bolivar,2026-10-04T23:30:00+00:00,81.3616,soccer.total_goals,period=ft,under,total=3.25,2.0
2026-10-05T00:08:38.305553+02:00,36631732,Copa Division Profesional,Bolivia,Independiente Petrolero,Club Bolivar,2026-10-04T23:30:00+00:00,81.3616,soccer.total_goals,period=ft,over,total=3.75,2.08
2026-10-05T00:08:38.305553+02:00,36631732,Copa Division Profesional,Bolivia,Independiente Petrolero,Club Bolivar,2026-10-04T23:30:00+00:00,81.3616,soccer.total_goals,period=ft,under,total=3.75,1.63
2026-10-05T00:08:38.305553+02:00,36631732,Copa Division Profesional,Bolivia,Independiente Petrolero,Club Bolivar,2026-10-04T23:30:00+00:00,81.3616,soccer.total_goals,period=ft,over,total=4,2.4
2026-10-05T00:08:38.305553+02:00,36631732,Copa Division Profesional,Bolivia,Independiente Petrolero,Club Bolivar,2026-10-04T23:30:00+00:00,81.3616,soccer.total_goals,period=ft,under,total=4,1.46
2026-10-05T00:08:38.305553+02:00,36631732,Copa Division Profesional,Bolivia,Independiente Petrolero,Club Bolivar,2026-10-04T23:30:00+00:00,81.3616,soccer.total_goals,period=ft,over,total=4.25,2.65
2026-10-05T00:08:38.305553+02:00,36631732,Copa Division Profesional,Bolivia,Independiente Petrolero,Club Bolivar,2026-10-04T23:30:00+00:00,81.3616,soccer.total_goals,period=ft,under,total=4.25,1.38
2026-10-05T00:08:38.305553+02:00,36581498,Primera Division,Uruguay,Racing Club Montevideo,CA Penarol Montevideo,2026-10-04T22:30:00+00:00,21.3616,soccer.asian_handicap,period=ft,home,handicap=0.25,1.98
2026-10-05T00:08:38.305553+02:00,36581498,Primera Division,Uruguay,Racing Club Montevideo,CA Penarol Montevideo,2026-10-04T22:30:00+00:00,21.3616,soccer.asian_handicap,period=ft,away,handicap=0.25,1.85
2026-10-05T00:08:38.305553+02:00,36581498,Primera Division,Uruguay,Racing Club Montevideo,CA Penarol Montevideo,2026-10-04T22:30:00+00:00,21.3616,soccer.asian_handicap,period=ft,home,handicap=-0.75,5.2
2026-10-05T00:08:38.305553+02:00,36581498,Primera Division,Uruguay,Racing Club Montevideo,CA Penarol Montevideo,2026-10-04T22:30:00+00:00,21.3616,soccer.asian_handicap,period=ft,away,handicap=-0.75,1.16
2026-10-05T00:08:38.305553+02:00,36581498,Primera Division,Uruguay,Racing Club Montevideo,CA Penarol Montevideo,2026-10-04T22:30:00+00:00,21.3616,soccer.asian_handicap,period=ft,home,handicap=-0.5,3.85
2026-10-05T00:08:38.305553+02:00,36581498,Primera Division,Uruguay,Racing Club Montevideo,CA Penarol Montevideo,2026-10-04T22:30:00+00:00,21.3616,soccer.asian_handicap,period=ft,away,handicap=-0.5,1.25
2026-10-05T00:08:38.305553+02:00,36581498,Primera Division,Uruguay,Racing Club Montevideo,CA Penarol Montevideo,2026-10-04T22:30:00+00:00,21.3616,soccer.asian_handicap,period=ft,home,handicap=-0.25,3.25
2026-10-05T00:08:38.305553+02:00,36581498,Primera Division,Uruguay,Racing Club Montevideo,CA Penarol Montevideo,2026-10-04T22:30:00+00:00,21.3616,soccer.asian_handicap,period=ft,away,handicap=-0.25,1.34
2026-10-05T00:08:38.305553+02:00,36581498,Primera Division,Uruguay,Racing Club Montevideo,CA Penarol Montevideo,2026-10-04T22:30:00+00:00,21.3616,soccer.asian_handicap,period=ft,home,handicap=0,2.65
2026-10-05T00:08:38.305553+02:00,36581498,Primera Division,Uruguay,Racing Club Montevideo,CA Penarol Montevideo,2026-10-04T22:30:00+00:00,21.3616,soccer.asian_handicap,period=ft,away,handicap=0,1.48
2026-10-05T00:08:38.305553+02:00,36581498,Primera Division,Uruguay,Racing Club Montevideo,CA Penarol Montevideo,2026-10-04T22:30:00+00:00,21.3616,soccer.asian_handicap,period=ft,home,handicap=0.5,1.67
2026-10-05T00:08:38.305553+02:00,36581498,Primera Division,Uruguay,Racing Club Montevideo,CA Penarol Montevideo,2026-10-04T22:30:00+00:00,21.3616,soccer.asian_handicap,period=ft,away,handicap=0.5,2.2
2026-10-05T00:08:38.305553+02:00,36581498,Primera Division,Uruguay,Racing Club Montevideo,CA Penarol Montevideo,2026-10-04T22:30:00+00:00,21.3616,soccer.asian_handicap,period=ft,home,handicap=0.75,1.48
2026-10-05T00:08:38.305553+02:00,36581498,Primera Division,Uruguay,Racing Club Montevideo,CA Penarol Montevideo,2026-10-04T22:30:00+00:00,21.3616,soccer.asian_handicap,period=ft,away,handicap=0.75,2.65
2026-10-05T00:08:38.305553+02:00,36581498,Primera Division,Uruguay,Racing Club Montevideo,CA Penarol Montevideo,2026-10-04T22:30:00+00:00,21.3616,soccer.asian_handicap,period=ft,home,handicap=1,1.28
2026-10-05T00:08:38.305553+02:00,36581498,Primera Division,Uruguay,Racing Club Montevideo,CA Penarol Montevideo,2026-10-04T22:30:00+00:00,21.3616,soccer.asian_handicap,period=ft,away,handicap=1,3.55
2026-10-05T00:08:38.305553+02:00,36581498,Primera Division,Uruguay,Racing Club Montevideo,CA Penarol Montevideo,2026-10-04T22:30:00+00:00,21.3616,soccer.asian_handicap,period=ft,home,handicap=1.25,1.23
2026-10-05T00:08:38.305553+02:00,36581498,Primera Division,Uruguay,Racing Club Montevideo,CA Penarol Montevideo,2026-10-04T22:30:00+00:00,21.3616,soccer.asian_handicap,period=ft,away,handicap=1.25,4.05
2026-10-05T00:08:38.305553+02:00,36581498,Primera Division,Uruguay,Racing Club Montevideo,CA Penarol Montevideo,2026-10-04T22:30:00+00:00,21.3616,soccer.double_chance,period=ft,draw_away,,1.25
2026-10-05T00:08:38.305553+02:00,36581498,Primera Division,Uruguay,Racing Club Montevideo,CA Penarol Montevideo,2026-10-04T22:30:00+00:00,21.3616,soccer.double_chance,period=ft,home_away,,1.41
2026-10-05T00:08:38.305553+02:00,36581498,Primera Division,Uruguay,Racing Club Montevideo,CA Penarol Montevideo,2026-10-04T22:30:00+00:00,21.3616,soccer.double_chance,period=ft,home_draw,,1.66
2026-10-05T00:08:38.305553+02:00,36581498,Primera Division,Uruguay,Racing Club Montevideo,CA Penarol Montevideo,2026-10-04T22:30:00+00:00,21.3616,soccer.match_odds,period=ft,home,,3.85
2026-10-05T00:08:38.305553+02:00,36581498,Primera Division,Uruguay,Racing Club Montevideo,CA Penarol Montevideo,2026-10-04T22:30:00+00:00,21.3616,soccer.match_odds,period=ft,draw,,2.85
2026-10-05T00:08:38.305553+02:00,36581498,Primera Division,Uruguay,Racing Club Montevideo,CA Penarol Montevideo,2026-10-04T22:30:00+00:00,21.3616,soccer.match_odds,period=ft,away,,2.2
2026-10-05T00:08:38.305553+02:00,36581498,Primera Division,Uruguay,Racing Club Montevideo,CA Penarol Montevideo,2026-10-04T22:30:00+00:00,21.3616,soccer.total_goals,period=ft,over,total=2,1.83
2026-10-05T00:08:38.305553+02:00,36581498,Primera Division,Uruguay,Racing Club Montevideo,CA Penarol Montevideo,2026-10-04T22:30:00+00:00,21.3616,soccer.total_goals,period=ft,under,total=2,1.98
2026-10-05T00:08:38.305553+02:00,36581498,Primera Division,Uruguay,Racing Club Montevideo,CA Penarol Montevideo,2026-10-04T22:30:00+00:00,21.3616,soccer.total_goals,period=ft,over,total=0.5,1.09
2026-10-05T00:08:38.305553+02:00,36581498,Primera Division,Uruguay,Racing Club Montevideo,CA Penarol Montevideo,2026-10-04T22:30:00+00:00,21.3616,soccer.total_goals,period=ft,under,total=0.5,6.75
2026-10-05T00:08:38.305553+02:00,36581498,Primera Division,Uruguay,Racing Club Montevideo,CA Penarol Montevideo,2026-10-04T22:30:00+00:00,21.3616,soccer.total_goals,period=ft,over,total=1.5,1.45
2026-10-05T00:08:38.305553+02:00,36581498,Primera Division,Uruguay,Racing Club Montevideo,CA Penarol Montevideo,2026-10-04T22:30:00+00:00,21.3616,soccer.total_goals,period=ft,under,total=1.5,2.7
2026-10-05T00:08:38.305553+02:00,36581498,Primera Division,Uruguay,Racing Club Montevideo,CA Penarol Montevideo,2026-10-04T22:30:00+00:00,21.3616,soccer.total_goals,period=ft,over,total=1.75,1.59
2026-10-05T00:08:38.305553+02:00,36581498,Primera Division,Uruguay,Racing Club Montevideo,CA Penarol Montevideo,2026-10-04T22:30:00+00:00,21.3616,soccer.total_goals,period=ft,under,total=1.75,2.3
2026-10-05T00:08:38.305553+02:00,36581498,Primera Division,Uruguay,Racing Club Montevideo,CA Penarol Montevideo,2026-10-04T22:30:00+00:00,21.3616,soccer.total_goals,period=ft,over,total=2.25,2.17
2026-10-05T00:08:38.305553+02:00,36581498,Primera Division,Uruguay,Racing Club Montevideo,CA Penarol Montevideo,2026-10-04T22:30:00+00:00,21.3616,soccer.total_goals,period=ft,under,total=2.25,1.68
2026-10-05T00:08:38.305553+02:00,36581498,Primera Division,Uruguay,Racing Club Montevideo,CA Penarol Montevideo,2026-10-04T22:30:00+00:00,21.3616,soccer.total_goals,period=ft,over,total=2.5,2.5
2026-10-05T00:08:38.305553+02:00,36581498,Primera Division,Uruguay,Racing Club Montevideo,CA Penarol Montevideo,2026-10-04T22:30:00+00:00,21.3616,soccer.total_goals,period=ft,under,total=2.5,1.52
2026-10-05T00:08:38.305553+02:00,36581498,Primera Division,Uruguay,Racing Club Montevideo,CA Penarol Montevideo,2026-10-04T22:30:00+00:00,21.3616,soccer.total_goals,period=ft,over,total=3.5,4.7
2026-10-05T00:08:38.305553+02:00,36581498,Primera Division,Uruguay,Racing Club Montevideo,CA Penarol Montevideo,2026-10-04T22:30:00+00:00,21.3616,soccer.total_goals,period=ft,under,total=3.5,1.17
