captured_at_local,event_id,competition,category,home_team,away_team,kickoff_utc,minutes_to_kickoff,market,submarket,outcome,params,price
2026-10-01T00:01:08.262677+02:00,36577730,Segunda Division,Venezuela,CD Lara,REAL FRONTERA FC,2026-09-30T23:00:00+00:00,58.8623,soccer.asian_handicap,period=ft,home,handicap=-2.25,1.82
2026-10-01T00:01:08.262677+02:00,36577730,Segunda Division,Venezuela,CD Lara,REAL FRONTERA FC,2026-09-30T23:00:00+00:00,58.8623,soccer.asian_handicap,period=ft,away,handicap=-2.25,1.86
2026-10-01T00:01:08.262677+02:00,36577730,Segunda Division,Venezuela,CD Lara,REAL FRONTERA FC,2026-09-30T23:00:00+00:00,58.8623,soccer.asian_handicap,period=ft,home,handicap=-3,2.8
2026-10-01T00:01:08.262677+02:00,36577730,Segunda Division,Venezuela,CD Lara,REAL FRONTERA FC,2026-09-30T23:00:00+00:00,58.8623,soccer.asian_handicap,period=ft,away,handicap=-3,1.34
2026-10-01T00:01:08.262677+02:00,36577730,Segunda Division,Venezuela,CD Lara,REAL FRONTERA FC,2026-09-30T23:00:00+00:00,58.8623,soccer.asian_handicap,period=ft,home,handicap=-2.75,2.25
2026-10-01T00:01:08.262677+02:00,36577730,Segunda Division,Venezuela,CD Lara,REAL FRONTERA FC,2026-09-30T23:00:00+00:00,58.8623,soccer.asian_handicap,period=ft,away,handicap=-2.75,1.5
2026-10-01T00:01:08.262677+02:00,36577730,Segunda Division,Venezuela,CD Lara,REAL FRONTERA FC,2026-09-30T23:00:00+00:00,58.8623,soccer.asian_handicap,period=ft,home,handicap=-2.5,2.02
2026-10-01T00:01:08.262677+02:00,36577730,Segunda Division,Venezuela,CD Lara,REAL FRONTERA FC,2026-09-30T23:00:00+00:00,58.8623,soccer.asian_handicap,period=ft,away,handicap=-2.5,1.66
2026-10-01T00:01:08.262677+02:00,36577730,Segunda Division,Venezuela,CD Lara,REAL FRONTERA FC,2026-09-30T23:00:00+00:00,58.8623,soccer.asian_handicap,period=ft,home,handicap=-2,1.57
2026-10-01T00:01:08.262677+02:00,36577730,Segunda Division,Venezuela,CD Lara,REAL FRONTERA FC,2026-09-30T23:00:00+00:00,58.8623,soccer.asian_handicap,period=ft,away,handicap=-2,2.17
2026-10-01T00:01:08.262677+02:00,36577730,Segunda Division,Venezuela,CD Lara,REAL FRONTERA FC,2026-09-30T23:00:00+00:00,58.8623,soccer.asian_handicap,period=ft,home,handicap=-1.75,1.44
2026-10-01T00:01:08.262677+02:00,36577730,Segunda Division,Venezuela,CD Lara,REAL FRONTERA FC,2026-09-30T23:00:00+00:00,58.8623,soccer.asian_handicap,period=ft,away,handicap=-1.75,2.4
2026-10-01T00:01:08.262677+02:00,36577730,Segunda Division,Venezuela,CD Lara,REAL FRONTERA FC,2026-09-30T23:00:00+00:00,58.8623,soccer.asian_handicap,period=ft,home,handicap=-1.5,1.35
2026-10-01T00:01:08.262677+02:00,36577730,Segunda Division,Venezuela,CD Lara,REAL FRONTERA FC,2026-09-30T23:00:00+00:00,58.8623,soccer.asian_handicap,period=ft,away,handicap=-1.5,2.7
2026-10-01T00:01:08.262677+02:00,36577730,Segunda Division,Venezuela,CD Lara,REAL FRONTERA FC,2026-09-30T23:00:00+00:00,58.8623,soccer.double_chance,period=ft,draw_away,,5.0
2026-10-01T00:01:08.262677+02:00,36577730,Segunda Division,Venezuela,CD Lara,REAL FRONTERA FC,2026-09-30T23:00:00+00:00,58.8623,soccer.double_chance,period=ft,home_away,,1.07
2026-10-01T00:01:08.262677+02:00,36577730,Segunda Division,Venezuela,CD Lara,REAL FRONTERA FC,2026-09-30T23:00:00+00:00,58.8623,soccer.double_chance,period=ft,home_draw,,1.04
2026-10-01T00:01:08.262677+02:00,36577730,Segunda Division,Venezuela,CD Lara,REAL FRONTERA FC,2026-09-30T23:00:00+00:00,58.8623,soccer.match_odds,period=ft,home,,1.11
2026-10-01T00:01:08.262677+02:00,36577730,Segunda Division,Venezuela,CD Lara,REAL FRONTERA FC,2026-09-30T23:00:00+00:00,58.8623,soccer.match_odds,period=ft,draw,,8.2
2026-10-01T00:01:08.262677+02:00,36577730,Segunda Division,Venezuela,CD Lara,REAL FRONTERA FC,2026-09-30T23:00:00+00:00,58.8623,soccer.match_odds,period=ft,away,,12.0
2026-10-01T00:01:08.262677+02:00,36577730,Segunda Division,Venezuela,CD Lara,REAL FRONTERA FC,2026-09-30T23:00:00+00:00,58.8623,soccer.total_goals,period=ft,over,total=3.25,1.78
2026-10-01T00:01:08.262677+02:00,36577730,Segunda Division,Venezuela,CD Lara,REAL FRONTERA FC,2026-09-30T23:00:00+00:00,58.8623,soccer.total_goals,period=ft,under,total=3.25,1.9
2026-10-01T00:01:08.262677+02:00,36577730,Segunda Division,Venezuela,CD Lara,REAL FRONTERA FC,2026-09-30T23:00:00+00:00,58.8623,soccer.total_goals,period=ft,over,total=2.5,1.33
2026-10-01T00:01:08.262677+02:00,36577730,Segunda Division,Venezuela,CD Lara,REAL FRONTERA FC,2026-09-30T23:00:00+00:00,58.8623,soccer.total_goals,period=ft,under,total=2.5,2.8
2026-10-01T00:01:08.262677+02:00,36577730,Segunda Division,Venezuela,CD Lara,REAL FRONTERA FC,2026-09-30T23:00:00+00:00,58.8623,soccer.total_goals,period=ft,over,total=2.75,1.41
2026-10-01T00:01:08.262677+02:00,36577730,Segunda Division,Venezuela,CD Lara,REAL FRONTERA FC,2026-09-30T23:00:00+00:00,58.8623,soccer.total_goals,period=ft,under,total=2.75,2.5
2026-10-01T00:01:08.262677+02:00,36577730,Segunda Division,Venezuela,CD Lara,REAL FRONTERA FC,2026-09-30T23:00:00+00:00,58.8623,soccer.total_goals,period=ft,over,total=3,1.54
2026-10-01T00:01:08.262677+02:00,36577730,Segunda Division,Venezuela,CD Lara,REAL FRONTERA FC,2026-09-30T23:00:00+00:00,58.8623,soccer.total_goals,period=ft,under,total=3,2.2
2026-10-01T00:01:08.262677+02:00,36577730,Segunda Division,Venezuela,CD Lara,REAL FRONTERA FC,2026-09-30T23:00:00+00:00,58.8623,soccer.total_goals,period=ft,over,total=3.5,1.99
2026-10-01T00:01:08.262677+02:00,36577730,Segunda Division,Venezuela,CD Lara,REAL FRONTERA FC,2026-09-30T23:00:00+00:00,58.8623,soccer.total_goals,period=ft,under,total=3.5,1.69
2026-10-01T00:01:08.262677+02:00,36577730,Segunda Division,Venezuela,CD Lara,REAL FRONTERA FC,2026-09-30T23:00:00+00:00,58.8623,soccer.total_goals,period=ft,over,total=3.75,2.25
2026-10-01T00:01:08.262677+02:00,36577730,Segunda Division,Venezuela,CD Lara,REAL FRONTERA FC,2026-09-30T23:00:00+00:00,58.8623,soccer.total_goals,period=ft,under,total=3.75,1.51
2026-10-01T00:01:08.262677+02:00,36577730,Segunda Division,Venezuela,CD Lara,REAL FRONTERA FC,2026-09-30T23:00:00+00:00,58.8623,soccer.total_goals,period=ft,over,total=4,2.7
2026-10-01T00:01:08.262677+02:00,36577730,Segunda Division,Venezuela,CD Lara,REAL FRONTERA FC,2026-09-30T23:00:00+00:00,58.8623,soccer.total_goals,period=ft,under,total=4,1.35
2026-10-01T00:01:08.262677+02:00,36561004,Copa Paraguay,Paraguay,Cerro Porteno,Rubio Nu,2026-09-30T22:30:00+00:00,28.8623,soccer.asian_handicap,period=ft,home,handicap=-1,1.79
2026-10-01T00:01:08.262677+02:00,36561004,Copa Paraguay,Paraguay,Cerro Porteno,Rubio Nu,2026-09-30T22:30:00+00:00,28.8623,soccer.asian_handicap,period=ft,away,handicap=-1,1.9
2026-10-01T00:01:08.262677+02:00,36561004,Copa Paraguay,Paraguay,Cerro Porteno,Rubio Nu,2026-09-30T22:30:00+00:00,28.8623,soccer.asian_handicap,period=ft,home,handicap=-1.75,2.85
2026-10-01T00:01:08.262677+02:00,36561004,Copa Paraguay,Paraguay,Cerro Porteno,Rubio Nu,2026-09-30T22:30:00+00:00,28.8623,soccer.asian_handicap,period=ft,away,handicap=-1.75,1.33
2026-10-01T00:01:08.262677+02:00,36561004,Copa Paraguay,Paraguay,Cerro Porteno,Rubio Nu,2026-09-30T22:30:00+00:00,28.8623,soccer.asian_handicap,period=ft,home,handicap=-1.5,2.35
2026-10-01T00:01:08.262677+02:00,36561004,Copa Paraguay,Paraguay,Cerro Porteno,Rubio Nu,2026-09-30T22:30:00+00:00,28.8623,soccer.asian_handicap,period=ft,away,handicap=-1.5,1.48
2026-10-01T00:01:08.262677+02:00,36561004,Copa Paraguay,Paraguay,Cerro Porteno,Rubio Nu,2026-09-30T22:30:00+00:00,28.8623,soccer.asian_handicap,period=ft,home,handicap=-1.25,2.08
2026-10-01T00:01:08.262677+02:00,36561004,Copa Paraguay,Paraguay,Cerro Porteno,Rubio Nu,2026-09-30T22:30:00+00:00,28.8623,soccer.asian_handicap,period=ft,away,handicap=-1.25,1.64
2026-10-01T00:01:08.262677+02:00,36561004,Copa Paraguay,Paraguay,Cerro Porteno,Rubio Nu,2026-09-30T22:30:00+00:00,28.8623,soccer.asian_handicap,period=ft,home,handicap=-0.75,1.56
2026-10-01T00:01:08.262677+02:00,36561004,Copa Paraguay,Paraguay,Cerro Porteno,Rubio Nu,2026-09-30T22:30:00+00:00,28.8623,soccer.asian_handicap,period=ft,away,handicap=-0.75,2.2
2026-10-01T00:01:08.262677+02:00,36561004,Copa Paraguay,Paraguay,Cerro Porteno,Rubio Nu,2026-09-30T22:30:00+00:00,28.8623,soccer.asian_handicap,period=ft,home,handicap=-0.5,1.43
2026-10-01T00:01:08.262677+02:00,36561004,Copa Paraguay,Paraguay,Cerro Porteno,Rubio Nu,2026-09-30T22:30:00+00:00,28.8623,soccer.asian_handicap,period=ft,away,handicap=-0.5,2.45
2026-10-01T00:01:08.262677+02:00,36561004,Copa Paraguay,Paraguay,Cerro Porteno,Rubio Nu,2026-09-30T22:30:00+00:00,28.8623,soccer.asian_handicap,period=ft,home,handicap=-0.25,1.27
2026-10-01T00:01:08.262677+02:00,36561004,Copa Paraguay,Paraguay,Cerro Porteno,Rubio Nu,2026-09-30T22:30:00+00:00,28.8623,soccer.asian_handicap,period=ft,away,handicap=-0.25,3.15
2026-10-01T00:01:08.262677+02:00,36561004,Copa Paraguay,Paraguay,Cerro Porteno,Rubio Nu,2026-09-30T22:30:00+00:00,28.8623,soccer.double_chance,period=ft,draw_away,,2.45
2026-10-01T00:01:08.262677+02:00,36561004,Copa Paraguay,Paraguay,Cerro Porteno,Rubio Nu,2026-09-30T22:30:00+00:00,28.8623,soccer.double_chance,period=ft,home_away,,1.24
2026-10-01T00:01:08.262677+02:00,36561004,Copa Paraguay,Paraguay,Cerro Porteno,Rubio Nu,2026-09-30T22:30:00+00:00,28.8623,soccer.double_chance,period=ft,home_draw,,1.13
2026-10-01T00:01:08.262677+02:00,36561004,Copa Paraguay,Paraguay,Cerro Porteno,Rubio Nu,2026-09-30T22:30:00+00:00,28.8623,soccer.match_odds,period=ft,home,,1.44
2026-10-01T00:01:08.262677+02:00,36561004,Copa Paraguay,Paraguay,Cerro Porteno,Rubio Nu,2026-09-30T22:30:00+00:00,28.8623,soccer.match_odds,period=ft,draw,,3.7
2026-10-01T00:01:08.262677+02:00,36561004,Copa Paraguay,Paraguay,Cerro Porteno,Rubio Nu,2026-09-30T22:30:00+00:00,28.8623,soccer.match_odds,period=ft,away,,6.1
2026-10-01T00:01:08.262677+02:00,36561004,Copa Paraguay,Paraguay,Cerro Porteno,Rubio Nu,2026-09-30T22:30:00+00:00,28.8623,soccer.total_goals,period=ft,over,total=2.25,1.76
2026-10-01T00:01:08.262677+02:00,36561004,Copa Paraguay,Paraguay,Cerro Porteno,Rubio Nu,2026-09-30T22:30:00+00:00,28.8623,soccer.total_goals,period=ft,under,total=2.25,1.94
2026-10-01T00:01:08.262677+02:00,36561004,Copa Paraguay,Paraguay,Cerro Porteno,Rubio Nu,2026-09-30T22:30:00+00:00,28.8623,soccer.total_goals,period=ft,over,total=1.5,1.29
2026-10-01T00:01:08.262677+02:00,36561004,Copa Paraguay,Paraguay,Cerro Porteno,Rubio Nu,2026-09-30T22:30:00+00:00,28.8623,soccer.total_goals,period=ft,under,total=1.5,3.05
2026-10-01T00:01:08.262677+02:00,36561004,Copa Paraguay,Paraguay,Cerro Porteno,Rubio Nu,2026-09-30T22:30:00+00:00,28.8623,soccer.total_goals,period=ft,over,total=1.75,1.36
2026-10-01T00:01:08.262677+02:00,36561004,Copa Paraguay,Paraguay,Cerro Porteno,Rubio Nu,2026-09-30T22:30:00+00:00,28.8623,soccer.total_goals,period=ft,under,total=1.75,2.7
2026-10-01T00:01:08.262677+02:00,36561004,Copa Paraguay,Paraguay,Cerro Porteno,Rubio Nu,2026-09-30T22:30:00+00:00,28.8623,soccer.total_goals,period=ft,over,total=2,1.49
2026-10-01T00:01:08.262677+02:00,36561004,Copa Paraguay,Paraguay,Cerro Porteno,Rubio Nu,2026-09-30T22:30:00+00:00,28.8623,soccer.total_goals,period=ft,under,total=2,2.35
2026-10-01T00:01:08.262677+02:00,36561004,Copa Paraguay,Paraguay,Cerro Porteno,Rubio Nu,2026-09-30T22:30:00+00:00,28.8623,soccer.total_goals,period=ft,over,total=2.5,2.0
2026-10-01T00:01:08.262677+02:00,36561004,Copa Paraguay,Paraguay,Cerro Porteno,Rubio Nu,2026-09-30T22:30:00+00:00,28.8623,soccer.total_goals,period=ft,under,total=2.5,1.69
2026-10-01T00:01:08.262677+02:00,36561004,Copa Paraguay,Paraguay,Cerro Porteno,Rubio Nu,2026-09-30T22:30:00+00:00,28.8623,soccer.total_goals,period=ft,over,total=2.75,2.25
2026-10-01T00:01:08.262677+02:00,36561004,Copa Paraguay,Paraguay,Cerro Porteno,Rubio Nu,2026-09-30T22:30:00+00:00,28.8623,soccer.total_goals,period=ft,under,total=2.75,1.51
2026-10-01T00:01:08.262677+02:00,36561004,Copa Paraguay,Paraguay,Cerro Porteno,Rubio Nu,2026-09-30T22:30:00+00:00,28.8623,soccer.total_goals,period=ft,over,total=3,2.8
2026-10-01T00:01:08.262677+02:00,36561004,Copa Paraguay,Paraguay,Cerro Porteno,Rubio Nu,2026-09-30T22:30:00+00:00,28.8623,soccer.total_goals,period=ft,under,total=3,1.34
2026-10-01T00:01:08.262677+02:00,36577342,"Gaucho, Serie B",Brazil,SER Cruz Alta (RS),Rio Grande (RS),2026-09-30T22:30:00+00:00,28.8623,soccer.asian_handicap,period=ft,home,handicap=-1,1.89
2026-10-01T00:01:08.262677+02:00,36577342,"Gaucho, Serie B",Brazil,SER Cruz Alta (RS),Rio Grande (RS),2026-09-30T22:30:00+00:00,28.8623,soccer.asian_handicap,period=ft,away,handicap=-1,1.72
2026-10-01T00:01:08.262677+02:00,36577342,"Gaucho, Serie B",Brazil,SER Cruz Alta (RS),Rio Grande (RS),2026-09-30T22:30:00+00:00,28.8623,soccer.asian_handicap,period=ft,home,handicap=-1.5,2.4
2026-10-01T00:01:08.262677+02:00,36577342,"Gaucho, Serie B",Brazil,SER Cruz Alta (RS),Rio Grande (RS),2026-09-30T22:30:00+00:00,28.8623,soccer.asian_handicap,period=ft,away,handicap=-1.5,1.44
2026-10-01T00:01:08.262677+02:00,36577342,"Gaucho, Serie B",Brazil,SER Cruz Alta (RS),Rio Grande (RS),2026-09-30T22:30:00+00:00,28.8623,soccer.asian_handicap,period=ft,home,handicap=-1.25,2.16
2026-10-01T00:01:08.262677+02:00,36577342,"Gaucho, Serie B",Brazil,SER Cruz Alta (RS),Rio Grande (RS),2026-09-30T22:30:00+00:00,28.8623,soccer.asian_handicap,period=ft,away,handicap=-1.25,1.55
2026-10-01T00:01:08.262677+02:00,36577342,"Gaucho, Serie B",Brazil,SER Cruz Alta (RS),Rio Grande (RS),2026-09-30T22:30:00+00:00,28.8623,soccer.asian_handicap,period=ft,home,handicap=-0.75,1.66
2026-10-01T00:01:08.262677+02:00,36577342,"Gaucho, Serie B",Brazil,SER Cruz Alta (RS),Rio Grande (RS),2026-09-30T22:30:00+00:00,28.8623,soccer.asian_handicap,period=ft,away,handicap=-0.75,1.97
2026-10-01T00:01:08.262677+02:00,36577342,"Gaucho, Serie B",Brazil,SER Cruz Alta (RS),Rio Grande (RS),2026-09-30T22:30:00+00:00,28.8623,soccer.asian_handicap,period=ft,home,handicap=-0.5,1.52
2026-10-01T00:01:08.262677+02:00,36577342,"Gaucho, Serie B",Brazil,SER Cruz Alta (RS),Rio Grande (RS),2026-09-30T22:30:00+00:00,28.8623,soccer.asian_handicap,period=ft,away,handicap=-0.5,2.2
2026-10-01T00:01:08.262677+02:00,36577342,"Gaucho, Serie B",Brazil,SER Cruz Alta (RS),Rio Grande (RS),2026-09-30T22:30:00+00:00,28.8623,soccer.double_chance,period=ft,draw_away,,2.08
2026-10-01T00:01:08.262677+02:00,36577342,"Gaucho, Serie B",Brazil,SER Cruz Alta (RS),Rio Grande (RS),2026-09-30T22:30:00+00:00,28.8623,soccer.double_chance,period=ft,home_away,,1.21
2026-10-01T00:01:08.262677+02:00,36577342,"Gaucho, Serie B",Brazil,SER Cruz Alta (RS),Rio Grande (RS),2026-09-30T22:30:00+00:00,28.8623,soccer.double_chance,period=ft,home_draw,,1.15
2026-10-01T00:01:08.262677+02:00,36577342,"Gaucho, Serie B",Brazil,SER Cruz Alta (RS),Rio Grande (RS),2026-09-30T22:30:00+00:00,28.8623,soccer.match_odds,period=ft,home,,1.52
2026-10-01T00:01:08.262677+02:00,36577342,"Gaucho, Serie B",Brazil,SER Cruz Alta (RS),Rio Grande (RS),2026-09-30T22:30:00+00:00,28.8623,soccer.match_odds,period=ft,draw,,3.75
2026-10-01T00:01:08.262677+02:00,36577342,"Gaucho, Serie B",Brazil,SER Cruz Alta (RS),Rio Grande (RS),2026-09-30T22:30:00+00:00,28.8623,soccer.match_odds,period=ft,away,,4.8
2026-10-01T00:01:08.262677+02:00,36577342,"Gaucho, Serie B",Brazil,SER Cruz Alta (RS),Rio Grande (RS),2026-09-30T22:30:00+00:00,28.8623,soccer.total_goals,period=ft,over,total=2.5,1.72
2026-10-01T00:01:08.262677+02:00,36577342,"Gaucho, Serie B",Brazil,SER Cruz Alta (RS),Rio Grande (RS),2026-09-30T22:30:00+00:00,28.8623,soccer.total_goals,period=ft,under,total=2.5,1.89
2026-10-01T00:01:08.262677+02:00,36577752,Brazil Campeonato Paraibano (PB) Division 2,Brazil,Auto EC (PB),Picuiense PB,2026-09-30T23:15:00+00:00,73.8623,soccer.asian_handicap,period=ft,home,handicap=-1.75,1.75
2026-10-01T00:01:08.262677+02:00,36577752,Brazil Campeonato Paraibano (PB) Division 2,Brazil,Auto EC (PB),Picuiense PB,2026-09-30T23:15:00+00:00,73.8623,soccer.asian_handicap,period=ft,away,handicap=-1.75,1.94
2026-10-01T00:01:08.262677+02:00,36577752,Brazil Campeonato Paraibano (PB) Division 2,Brazil,Auto EC (PB),Picuiense PB,2026-09-30T23:15:00+00:00,73.8623,soccer.asian_handicap,period=ft,home,handicap=-2.5,2.45
2026-10-01T00:01:08.262677+02:00,36577752,Brazil Campeonato Paraibano (PB) Division 2,Brazil,Auto EC (PB),Picuiense PB,2026-09-30T23:15:00+00:00,73.8623,soccer.asian_handicap,period=ft,away,handicap=-2.5,1.42
2026-10-01T00:01:08.262677+02:00,36577752,Brazil Campeonato Paraibano (PB) Division 2,Brazil,Auto EC (PB),Picuiense PB,2026-09-30T23:15:00+00:00,73.8623,soccer.asian_handicap,period=ft,home,handicap=-2.25,2.2
2026-10-01T00:01:08.262677+02:00,36577752,Brazil Campeonato Paraibano (PB) Division 2,Brazil,Auto EC (PB),Picuiense PB,2026-09-30T23:15:00+00:00,73.8623,soccer.asian_handicap,period=ft,away,handicap=-2.25,1.52
2026-10-01T00:01:08.262677+02:00,36577752,Brazil Campeonato Paraibano (PB) Division 2,Brazil,Auto EC (PB),Picuiense PB,2026-09-30T23:15:00+00:00,73.8623,soccer.asian_handicap,period=ft,home,handicap=-2,1.99
2026-10-01T00:01:08.262677+02:00,36577752,Brazil Campeonato Paraibano (PB) Division 2,Brazil,Auto EC (PB),Picuiense PB,2026-09-30T23:15:00+00:00,73.8623,soccer.asian_handicap,period=ft,away,handicap=-2,1.69
2026-10-01T00:01:08.262677+02:00,36577752,Brazil Campeonato Paraibano (PB) Division 2,Brazil,Auto EC (PB),Picuiense PB,2026-09-30T23:15:00+00:00,73.8623,soccer.asian_handicap,period=ft,home,handicap=-1.5,1.59
2026-10-01T00:01:08.262677+02:00,36577752,Brazil Campeonato Paraibano (PB) Division 2,Brazil,Auto EC (PB),Picuiense PB,2026-09-30T23:15:00+00:00,73.8623,soccer.asian_handicap,period=ft,away,handicap=-1.5,2.15
2026-10-01T00:01:08.262677+02:00,36577752,Brazil Campeonato Paraibano (PB) Division 2,Brazil,Auto EC (PB),Picuiense PB,2026-09-30T23:15:00+00:00,73.8623,soccer.asian_handicap,period=ft,home,handicap=-1.25,1.42
2026-10-01T00:01:08.262677+02:00,36577752,Brazil Campeonato Paraibano (PB) Division 2,Brazil,Auto EC (PB),Picuiense PB,2026-09-30T23:15:00+00:00,73.8623,soccer.asian_handicap,period=ft,away,handicap=-1.25,2.45
2026-10-01T00:01:08.262677+02:00,36577752,Brazil Campeonato Paraibano (PB) Division 2,Brazil,Auto EC (PB),Picuiense PB,2026-09-30T23:15:00+00:00,73.8623,soccer.asian_handicap,period=ft,home,handicap=-1,1.27
2026-10-01T00:01:08.262677+02:00,36577752,Brazil Campeonato Paraibano (PB) Division 2,Brazil,Auto EC (PB),Picuiense PB,2026-09-30T23:15:00+00:00,73.8623,soccer.asian_handicap,period=ft,away,handicap=-1,3.1
2026-10-01T00:01:08.262677+02:00,36577752,Brazil Campeonato Paraibano (PB) Division 2,Brazil,Auto EC (PB),Picuiense PB,2026-09-30T23:15:00+00:00,73.8623,soccer.total_goals,period=ft,over,total=3,1.74
2026-10-01T00:01:08.262677+02:00,36577752,Brazil Campeonato Paraibano (PB) Division 2,Brazil,Auto EC (PB),Picuiense PB,2026-09-30T23:15:00+00:00,73.8623,soccer.total_goals,period=ft,under,total=3,1.95
2026-10-01T00:01:08.262677+02:00,36577752,Brazil Campeonato Paraibano (PB) Division 2,Brazil,Auto EC (PB),Picuiense PB,2026-09-30T23:15:00+00:00,73.8623,soccer.total_goals,period=ft,over,total=2.25,1.31
2026-10-01T00:01:08.262677+02:00,36577752,Brazil Campeonato Paraibano (PB) Division 2,Brazil,Auto EC (PB),Picuiense PB,2026-09-30T23:15:00+00:00,73.8623,soccer.total_goals,period=ft,under,total=2.25,2.9
2026-10-01T00:01:08.262677+02:00,36577752,Brazil Campeonato Paraibano (PB) Division 2,Brazil,Auto EC (PB),Picuiense PB,2026-09-30T23:15:00+00:00,73.8623,soccer.total_goals,period=ft,over,total=2.5,1.46
2026-10-01T00:01:08.262677+02:00,36577752,Brazil Campeonato Paraibano (PB) Division 2,Brazil,Auto EC (PB),Picuiense PB,2026-09-30T23:15:00+00:00,73.8623,soccer.total_goals,period=ft,under,total=2.5,2.35
2026-10-01T00:01:08.262677+02:00,36577752,Brazil Campeonato Paraibano (PB) Division 2,Brazil,Auto EC (PB),Picuiense PB,2026-09-30T23:15:00+00:00,73.8623,soccer.total_goals,period=ft,over,total=2.75,1.57
2026-10-01T00:01:08.262677+02:00,36577752,Brazil Campeonato Paraibano (PB) Division 2,Brazil,Auto EC (PB),Picuiense PB,2026-09-30T23:15:00+00:00,73.8623,soccer.total_goals,period=ft,under,total=2.75,2.17
2026-10-01T00:01:08.262677+02:00,36577752,Brazil Campeonato Paraibano (PB) Division 2,Brazil,Auto EC (PB),Picuiense PB,2026-09-30T23:15:00+00:00,73.8623,soccer.total_goals,period=ft,over,total=3.25,1.96
2026-10-01T00:01:08.262677+02:00,36577752,Brazil Campeonato Paraibano (PB) Division 2,Brazil,Auto EC (PB),Picuiense PB,2026-09-30T23:15:00+00:00,73.8623,soccer.total_goals,period=ft,under,total=3.25,1.71
2026-10-01T00:01:08.262677+02:00,36577752,Brazil Campeonato Paraibano (PB) Division 2,Brazil,Auto EC (PB),Picuiense PB,2026-09-30T23:15:00+00:00,73.8623,soccer.total_goals,period=ft,over,total=3.5,2.14
2026-10-01T00:01:08.262677+02:00,36577752,Brazil Campeonato Paraibano (PB) Division 2,Brazil,Auto EC (PB),Picuiense PB,2026-09-30T23:15:00+00:00,73.8623,soccer.total_goals,period=ft,under,total=3.5,1.56
2026-10-01T00:01:08.262677+02:00,36577752,Brazil Campeonato Paraibano (PB) Division 2,Brazil,Auto EC (PB),Picuiense PB,2026-09-30T23:15:00+00:00,73.8623,soccer.total_goals,period=ft,over,total=3.75,2.45
2026-10-01T00:01:08.262677+02:00,36577752,Brazil Campeonato Paraibano (PB) Division 2,Brazil,Auto EC (PB),Picuiense PB,2026-09-30T23:15:00+00:00,73.8623,soccer.total_goals,period=ft,under,total=3.75,1.43
2026-10-01T00:01:08.262677+02:00,36522149,Primera Division,Uruguay,Montevideo City Torque,CA Penarol Montevideo,2026-09-30T23:00:00+00:00,58.8623,soccer.asian_handicap,period=ft,home,handicap=0.25,2.03
2026-10-01T00:01:08.262677+02:00,36522149,Primera Division,Uruguay,Montevideo City Torque,CA Penarol Montevideo,2026-09-30T23:00:00+00:00,58.8623,soccer.asian_handicap,period=ft,away,handicap=0.25,1.8
2026-10-01T00:01:08.262677+02:00,36522149,Primera Division,Uruguay,Montevideo City Torque,CA Penarol Montevideo,2026-09-30T23:00:00+00:00,58.8623,soccer.asian_handicap,period=ft,home,handicap=-0.75,4.4
2026-10-01T00:01:08.262677+02:00,36522149,Primera Division,Uruguay,Montevideo City Torque,CA Penarol Montevideo,2026-09-30T23:00:00+00:00,58.8623,soccer.asian_handicap,period=ft,away,handicap=-0.75,1.2
2026-10-01T00:01:08.262677+02:00,36522149,Primera Division,Uruguay,Montevideo City Torque,CA Penarol Montevideo,2026-09-30T23:00:00+00:00,58.8623,soccer.asian_handicap,period=ft,home,handicap=-0.5,3.4
2026-10-01T00:01:08.262677+02:00,36522149,Primera Division,Uruguay,Montevideo City Torque,CA Penarol Montevideo,2026-09-30T23:00:00+00:00,58.8623,soccer.asian_handicap,period=ft,away,handicap=-0.5,1.31
2026-10-01T00:01:08.262677+02:00,36522149,Primera Division,Uruguay,Montevideo City Torque,CA Penarol Montevideo,2026-09-30T23:00:00+00:00,58.8623,soccer.asian_handicap,period=ft,home,handicap=-0.25,2.95
2026-10-01T00:01:08.262677+02:00,36522149,Primera Division,Uruguay,Montevideo City Torque,CA Penarol Montevideo,2026-09-30T23:00:00+00:00,58.8623,soccer.asian_handicap,period=ft,away,handicap=-0.25,1.39
2026-10-01T00:01:08.262677+02:00,36522149,Primera Division,Uruguay,Montevideo City Torque,CA Penarol Montevideo,2026-09-30T23:00:00+00:00,58.8623,soccer.asian_handicap,period=ft,home,handicap=0,2.5
2026-10-01T00:01:08.262677+02:00,36522149,Primera Division,Uruguay,Montevideo City Torque,CA Penarol Montevideo,2026-09-30T23:00:00+00:00,58.8623,soccer.asian_handicap,period=ft,away,handicap=0,1.52
2026-10-01T00:01:08.262677+02:00,36522149,Primera Division,Uruguay,Montevideo City Torque,CA Penarol Montevideo,2026-09-30T23:00:00+00:00,58.8623,soccer.asian_handicap,period=ft,home,handicap=0.5,1.76
2026-10-01T00:01:08.262677+02:00,36522149,Primera Division,Uruguay,Montevideo City Torque,CA Penarol Montevideo,2026-09-30T23:00:00+00:00,58.8623,soccer.asian_handicap,period=ft,away,handicap=0.5,2.07
2026-10-01T00:01:08.262677+02:00,36522149,Primera Division,Uruguay,Montevideo City Torque,CA Penarol Montevideo,2026-09-30T23:00:00+00:00,58.8623,soccer.asian_handicap,period=ft,home,handicap=0.75,1.55
2026-10-01T00:01:08.262677+02:00,36522149,Primera Division,Uruguay,Montevideo City Torque,CA Penarol Montevideo,2026-09-30T23:00:00+00:00,58.8623,soccer.asian_handicap,period=ft,away,handicap=0.75,2.45
2026-10-01T00:01:08.262677+02:00,36522149,Primera Division,Uruguay,Montevideo City Torque,CA Penarol Montevideo,2026-09-30T23:00:00+00:00,58.8623,soccer.asian_handicap,period=ft,home,handicap=1,1.34
2026-10-01T00:01:08.262677+02:00,36522149,Primera Division,Uruguay,Montevideo City Torque,CA Penarol Montevideo,2026-09-30T23:00:00+00:00,58.8623,soccer.asian_handicap,period=ft,away,handicap=1,3.15
2026-10-01T00:01:08.262677+02:00,36522149,Primera Division,Uruguay,Montevideo City Torque,CA Penarol Montevideo,2026-09-30T23:00:00+00:00,58.8623,soccer.asian_handicap,period=ft,home,handicap=1.25,1.27
2026-10-01T00:01:08.262677+02:00,36522149,Primera Division,Uruguay,Montevideo City Torque,CA Penarol Montevideo,2026-09-30T23:00:00+00:00,58.8623,soccer.asian_handicap,period=ft,away,handicap=1.25,3.65
2026-10-01T00:01:08.262677+02:00,36522149,Primera Division,Uruguay,Montevideo City Torque,CA Penarol Montevideo,2026-09-30T23:00:00+00:00,58.8623,soccer.double_chance,period=ft,draw_away,,1.32
2026-10-01T00:01:08.262677+02:00,36522149,Primera Division,Uruguay,Montevideo City Torque,CA Penarol Montevideo,2026-09-30T23:00:00+00:00,58.8623,soccer.double_chance,period=ft,home_away,,1.27
2026-10-01T00:01:08.262677+02:00,36522149,Primera Division,Uruguay,Montevideo City Torque,CA Penarol Montevideo,2026-09-30T23:00:00+00:00,58.8623,soccer.double_chance,period=ft,home_draw,,1.76
2026-10-01T00:01:08.262677+02:00,36522149,Primera Division,Uruguay,Montevideo City Torque,CA Penarol Montevideo,2026-09-30T23:00:00+00:00,58.8623,soccer.match_odds,period=ft,home,,3.4
2026-10-01T00:01:08.262677+02:00,36522149,Primera Division,Uruguay,Montevideo City Torque,CA Penarol Montevideo,2026-09-30T23:00:00+00:00,58.8623,soccer.match_odds,period=ft,draw,,3.5
2026-10-01T00:01:08.262677+02:00,36522149,Primera Division,Uruguay,Montevideo City Torque,CA Penarol Montevideo,2026-09-30T23:00:00+00:00,58.8623,soccer.match_odds,period=ft,away,,2.07
2026-10-01T00:01:08.262677+02:00,36522149,Primera Division,Uruguay,Montevideo City Torque,CA Penarol Montevideo,2026-09-30T23:00:00+00:00,58.8623,soccer.total_goals,period=ft,over,total=2.5,2.01
2026-10-01T00:01:08.262677+02:00,36522149,Primera Division,Uruguay,Montevideo City Torque,CA Penarol Montevideo,2026-09-30T23:00:00+00:00,58.8623,soccer.total_goals,period=ft,under,total=2.5,1.8
2026-10-01T00:01:08.262677+02:00,36522149,Primera Division,Uruguay,Montevideo City Torque,CA Penarol Montevideo,2026-09-30T23:00:00+00:00,58.8623,soccer.total_goals,period=ft,over,total=1.5,1.3
2026-10-01T00:01:08.262677+02:00,36522149,Primera Division,Uruguay,Montevideo City Torque,CA Penarol Montevideo,2026-09-30T23:00:00+00:00,58.8623,soccer.total_goals,period=ft,under,total=1.5,3.35
2026-10-01T00:01:08.262677+02:00,36522149,Primera Division,Uruguay,Montevideo City Torque,CA Penarol Montevideo,2026-09-30T23:00:00+00:00,58.8623,soccer.total_goals,period=ft,over,total=2,1.5
2026-10-01T00:01:08.262677+02:00,36522149,Primera Division,Uruguay,Montevideo City Torque,CA Penarol Montevideo,2026-09-30T23:00:00+00:00,58.8623,soccer.total_goals,period=ft,under,total=2,2.55
2026-10-01T00:01:08.262677+02:00,36522149,Primera Division,Uruguay,Montevideo City Torque,CA Penarol Montevideo,2026-09-30T23:00:00+00:00,58.8623,soccer.total_goals,period=ft,over,total=2.25,1.75
2026-10-01T00:01:08.262677+02:00,36522149,Primera Division,Uruguay,Montevideo City Torque,CA Penarol Montevideo,2026-09-30T23:00:00+00:00,58.8623,soccer.total_goals,period=ft,under,total=2.25,2.05
2026-10-01T00:01:08.262677+02:00,36522149,Primera Division,Uruguay,Montevideo City Torque,CA Penarol Montevideo,2026-09-30T23:00:00+00:00,58.8623,soccer.total_goals,period=ft,over,total=2.75,2.3
2026-10-01T00:01:08.262677+02:00,36522149,Primera Division,Uruguay,Montevideo City Torque,CA Penarol Montevideo,2026-09-30T23:00:00+00:00,58.8623,soccer.total_goals,period=ft,under,total=2.75,1.6
2026-10-01T00:01:08.262677+02:00,36522149,Primera Division,Uruguay,Montevideo City Torque,CA Penarol Montevideo,2026-09-30T23:00:00+00:00,58.8623,soccer.total_goals,period=ft,over,total=3,2.85
2026-10-01T00:01:08.262677+02:00,36522149,Primera Division,Uruguay,Montevideo City Torque,CA Penarol Montevideo,2026-09-30T23:00:00+00:00,58.8623,soccer.total_goals,period=ft,under,total=3,1.41
2026-10-01T00:01:08.262677+02:00,36522149,Primera Division,Uruguay,Montevideo City Torque,CA Penarol Montevideo,2026-09-30T23:00:00+00:00,58.8623,soccer.total_goals,period=ft,over,total=3.5,3.55
2026-10-01T00:01:08.262677+02:00,36522149,Primera Division,Uruguay,Montevideo City Torque,CA Penarol Montevideo,2026-09-30T23:00:00+00:00,58.8623,soccer.total_goals,period=ft,under,total=3.5,1.28
2026-10-01T00:01:08.262677+02:00,36522149,Primera Division,Uruguay,Montevideo City Torque,CA Penarol Montevideo,2026-09-30T23:00:00+00:00,58.8623,soccer.total_goals,period=ft,over,total=4.5,7.05
2026-10-01T00:01:08.262677+02:00,36522149,Primera Division,Uruguay,Montevideo City Torque,CA Penarol Montevideo,2026-09-30T23:00:00+00:00,58.8623,soccer.total_goals,period=ft,under,total=4.5,1.09
2026-10-01T00:01:08.262677+02:00,36521470,USL Championship,USA,LIU Brooklyn,Detroit City FC,2026-09-30T23:00:00+00:00,58.8623,soccer.asian_handicap,period=ft,home,handicap=0.5,1.97
2026-10-01T00:01:08.262677+02:00,36521470,USL Championship,USA,LIU Brooklyn,Detroit City FC,2026-09-30T23:00:00+00:00,58.8623,soccer.asian_handicap,period=ft,away,handicap=0.5,1.85
2026-10-01T00:01:08.262677+02:00,36521470,USL Championship,USA,LIU Brooklyn,Detroit City FC,2026-09-30T23:00:00+00:00,58.8623,soccer.asian_handicap,period=ft,home,handicap=-0.5,4.0
2026-10-01T00:01:08.262677+02:00,36521470,USL Championship,USA,LIU Brooklyn,Detroit City FC,2026-09-30T23:00:00+00:00,58.8623,soccer.asian_handicap,period=ft,away,handicap=-0.5,1.23
2026-10-01T00:01:08.262677+02:00,36521470,USL Championship,USA,LIU Brooklyn,Detroit City FC,2026-09-30T23:00:00+00:00,58.8623,soccer.asian_handicap,period=ft,home,handicap=-0.25,3.5
2026-10-01T00:01:08.262677+02:00,36521470,USL Championship,USA,LIU Brooklyn,Detroit City FC,2026-09-30T23:00:00+00:00,58.8623,soccer.asian_handicap,period=ft,away,handicap=-0.25,1.28
2026-10-01T00:01:08.262677+02:00,36521470,USL Championship,USA,LIU Brooklyn,Detroit City FC,2026-09-30T23:00:00+00:00,58.8623,soccer.asian_handicap,period=ft,home,handicap=0,3.05
2026-10-01T00:01:08.262677+02:00,36521470,USL Championship,USA,LIU Brooklyn,Detroit City FC,2026-09-30T23:00:00+00:00,58.8623,soccer.asian_handicap,period=ft,away,handicap=0,1.37
2026-10-01T00:01:08.262677+02:00,36521470,USL Championship,USA,LIU Brooklyn,Detroit City FC,2026-09-30T23:00:00+00:00,58.8623,soccer.asian_handicap,period=ft,home,handicap=0.25,2.3
2026-10-01T00:01:08.262677+02:00,36521470,USL Championship,USA,LIU Brooklyn,Detroit City FC,2026-09-30T23:00:00+00:00,58.8623,soccer.asian_handicap,period=ft,away,handicap=0.25,1.6
2026-10-01T00:01:08.262677+02:00,36521470,USL Championship,USA,LIU Brooklyn,Detroit City FC,2026-09-30T23:00:00+00:00,58.8623,soccer.asian_handicap,period=ft,home,handicap=0.75,1.72
2026-10-01T00:01:08.262677+02:00,36521470,USL Championship,USA,LIU Brooklyn,Detroit City FC,2026-09-30T23:00:00+00:00,58.8623,soccer.asian_handicap,period=ft,away,handicap=0.75,2.1
2026-10-01T00:01:08.262677+02:00,36521470,USL Championship,USA,LIU Brooklyn,Detroit City FC,2026-09-30T23:00:00+00:00,58.8623,soccer.asian_handicap,period=ft,home,handicap=1,1.49
2026-10-01T00:01:08.262677+02:00,36521470,USL Championship,USA,LIU Brooklyn,Detroit City FC,2026-09-30T23:00:00+00:00,58.8623,soccer.asian_handicap,period=ft,away,handicap=1,2.55
2026-10-01T00:01:08.262677+02:00,36521470,USL Championship,USA,LIU Brooklyn,Detroit City FC,2026-09-30T23:00:00+00:00,58.8623,soccer.asian_handicap,period=ft,home,handicap=1.25,1.38
2026-10-01T00:01:08.262677+02:00,36521470,USL Championship,USA,LIU Brooklyn,Detroit City FC,2026-09-30T23:00:00+00:00,58.8623,soccer.asian_handicap,period=ft,away,handicap=1.25,2.95
2026-10-01T00:01:08.262677+02:00,36521470,USL Championship,USA,LIU Brooklyn,Detroit City FC,2026-09-30T23:00:00+00:00,58.8623,soccer.asian_handicap,period=ft,home,handicap=1.5,1.31
2026-10-01T00:01:08.262677+02:00,36521470,USL Championship,USA,LIU Brooklyn,Detroit City FC,2026-09-30T23:00:00+00:00,58.8623,soccer.asian_handicap,period=ft,away,handicap=1.5,3.3
2026-10-01T00:01:08.262677+02:00,36521470,USL Championship,USA,LIU Brooklyn,Detroit City FC,2026-09-30T23:00:00+00:00,58.8623,soccer.double_chance,period=ft,draw_away,,1.2
2026-10-01T00:01:08.262677+02:00,36521470,USL Championship,USA,LIU Brooklyn,Detroit City FC,2026-09-30T23:00:00+00:00,58.8623,soccer.double_chance,period=ft,home_away,,1.26
2026-10-01T00:01:08.262677+02:00,36521470,USL Championship,USA,LIU Brooklyn,Detroit City FC,2026-09-30T23:00:00+00:00,58.8623,soccer.double_chance,period=ft,home_draw,,1.8
2026-10-01T00:01:08.262677+02:00,36521470,USL Championship,USA,LIU Brooklyn,Detroit City FC,2026-09-30T23:00:00+00:00,58.8623,soccer.match_odds,period=ft,home,,4.05
2026-10-01T00:01:08.262677+02:00,36521470,USL Championship,USA,LIU Brooklyn,Detroit City FC,2026-09-30T23:00:00+00:00,58.8623,soccer.match_odds,period=ft,draw,,3.6
2026-10-01T00:01:08.262677+02:00,36521470,USL Championship,USA,LIU Brooklyn,Detroit City FC,2026-09-30T23:00:00+00:00,58.8623,soccer.match_odds,period=ft,away,,1.84
2026-10-01T00:01:08.262677+02:00,36521470,USL Championship,USA,LIU Brooklyn,Detroit City FC,2026-09-30T23:00:00+00:00,58.8623,soccer.total_goals,period=ft,over,total=2.5,2.02
2026-10-01T00:01:08.262677+02:00,36521470,USL Championship,USA,LIU Brooklyn,Detroit City FC,2026-09-30T23:00:00+00:00,58.8623,soccer.total_goals,period=ft,under,total=2.5,1.78
2026-10-01T00:01:08.262677+02:00,36521470,USL Championship,USA,LIU Brooklyn,Detroit City FC,2026-09-30T23:00:00+00:00,58.8623,soccer.total_goals,period=ft,over,total=1.5,1.31
2026-10-01T00:01:08.262677+02:00,36521470,USL Championship,USA,LIU Brooklyn,Detroit City FC,2026-09-30T23:00:00+00:00,58.8623,soccer.total_goals,period=ft,under,total=1.5,3.25
2026-10-01T00:01:08.262677+02:00,36521470,USL Championship,USA,LIU Brooklyn,Detroit City FC,2026-09-30T23:00:00+00:00,58.8623,soccer.total_goals,period=ft,over,total=2,1.51
2026-10-01T00:01:08.262677+02:00,36521470,USL Championship,USA,LIU Brooklyn,Detroit City FC,2026-09-30T23:00:00+00:00,58.8623,soccer.total_goals,period=ft,under,total=2,2.45
2026-10-01T00:01:08.262677+02:00,36521470,USL Championship,USA,LIU Brooklyn,Detroit City FC,2026-09-30T23:00:00+00:00,58.8623,soccer.total_goals,period=ft,over,total=2.25,1.76
2026-10-01T00:01:08.262677+02:00,36521470,USL Championship,USA,LIU Brooklyn,Detroit City FC,2026-09-30T23:00:00+00:00,58.8623,soccer.total_goals,period=ft,under,total=2.25,2.02
2026-10-01T00:01:08.262677+02:00,36521470,USL Championship,USA,LIU Brooklyn,Detroit City FC,2026-09-30T23:00:00+00:00,58.8623,soccer.total_goals,period=ft,over,total=2.75,2.3
2026-10-01T00:01:08.262677+02:00,36521470,USL Championship,USA,LIU Brooklyn,Detroit City FC,2026-09-30T23:00:00+00:00,58.8623,soccer.total_goals,period=ft,under,total=2.75,1.59
2026-10-01T00:01:08.262677+02:00,36521470,USL Championship,USA,LIU Brooklyn,Detroit City FC,2026-09-30T23:00:00+00:00,58.8623,soccer.total_goals,period=ft,over,total=3,2.8
2026-10-01T00:01:08.262677+02:00,36521470,USL Championship,USA,LIU Brooklyn,Detroit City FC,2026-09-30T23:00:00+00:00,58.8623,soccer.total_goals,period=ft,under,total=3,1.41
2026-10-01T00:01:08.262677+02:00,36521470,USL Championship,USA,LIU Brooklyn,Detroit City FC,2026-09-30T23:00:00+00:00,58.8623,soccer.total_goals,period=ft,over,total=3.5,3.45
2026-10-01T00:01:08.262677+02:00,36521470,USL Championship,USA,LIU Brooklyn,Detroit City FC,2026-09-30T23:00:00+00:00,58.8623,soccer.total_goals,period=ft,under,total=3.5,1.28
2026-10-01T00:01:08.262677+02:00,36521470,USL Championship,USA,LIU Brooklyn,Detroit City FC,2026-09-30T23:00:00+00:00,58.8623,soccer.total_goals,period=ft,over,total=4.5,6.7
2026-10-01T00:01:08.262677+02:00,36521470,USL Championship,USA,LIU Brooklyn,Detroit City FC,2026-09-30T23:00:00+00:00,58.8623,soccer.total_goals,period=ft,under,total=4.5,1.09
2026-10-01T00:01:08.262677+02:00,36521466,USL Championship,USA,Miami FC,Sporting Jax,2026-09-30T23:00:00+00:00,58.8623,soccer.asian_handicap,period=ft,home,handicap=-1.25,2.0
2026-10-01T00:01:08.262677+02:00,36521466,USL Championship,USA,Miami FC,Sporting Jax,2026-09-30T23:00:00+00:00,58.8623,soccer.asian_handicap,period=ft,away,handicap=-1.25,1.82
2026-10-01T00:01:08.262677+02:00,36521466,USL Championship,USA,Miami FC,Sporting Jax,2026-09-30T23:00:00+00:00,58.8623,soccer.asian_handicap,period=ft,home,handicap=-2.25,3.65
2026-10-01T00:01:08.262677+02:00,36521466,USL Championship,USA,Miami FC,Sporting Jax,2026-09-30T23:00:00+00:00,58.8623,soccer.asian_handicap,period=ft,away,handicap=-2.25,1.27
2026-10-01T00:01:08.262677+02:00,36521466,USL Championship,USA,Miami FC,Sporting Jax,2026-09-30T23:00:00+00:00,58.8623,soccer.asian_handicap,period=ft,home,handicap=-2,3.25
2026-10-01T00:01:08.262677+02:00,36521466,USL Championship,USA,Miami FC,Sporting Jax,2026-09-30T23:00:00+00:00,58.8623,soccer.asian_handicap,period=ft,away,handicap=-2,1.32
2026-10-01T00:01:08.262677+02:00,36521466,USL Championship,USA,Miami FC,Sporting Jax,2026-09-30T23:00:00+00:00,58.8623,soccer.asian_handicap,period=ft,home,handicap=-1.75,2.6
2026-10-01T00:01:08.262677+02:00,36521466,USL Championship,USA,Miami FC,Sporting Jax,2026-09-30T23:00:00+00:00,58.8623,soccer.asian_handicap,period=ft,away,handicap=-1.75,1.49
2026-10-01T00:01:08.262677+02:00,36521466,USL Championship,USA,Miami FC,Sporting Jax,2026-09-30T23:00:00+00:00,58.8623,soccer.asian_handicap,period=ft,home,handicap=-1.5,2.2
2026-10-01T00:01:08.262677+02:00,36521466,USL Championship,USA,Miami FC,Sporting Jax,2026-09-30T23:00:00+00:00,58.8623,soccer.asian_handicap,period=ft,away,handicap=-1.5,1.65
2026-10-01T00:01:08.262677+02:00,36521466,USL Championship,USA,Miami FC,Sporting Jax,2026-09-30T23:00:00+00:00,58.8623,soccer.asian_handicap,period=ft,home,handicap=-1,1.74
2026-10-01T00:01:08.262677+02:00,36521466,USL Championship,USA,Miami FC,Sporting Jax,2026-09-30T23:00:00+00:00,58.8623,soccer.asian_handicap,period=ft,away,handicap=-1,2.07
2026-10-01T00:01:08.262677+02:00,36521466,USL Championship,USA,Miami FC,Sporting Jax,2026-09-30T23:00:00+00:00,58.8623,soccer.asian_handicap,period=ft,home,handicap=-0.75,1.58
2026-10-01T00:01:08.262677+02:00,36521466,USL Championship,USA,Miami FC,Sporting Jax,2026-09-30T23:00:00+00:00,58.8623,soccer.asian_handicap,period=ft,away,handicap=-0.75,2.3
2026-10-01T00:01:08.262677+02:00,36521466,USL Championship,USA,Miami FC,Sporting Jax,2026-09-30T23:00:00+00:00,58.8623,soccer.asian_handicap,period=ft,home,handicap=-0.5,1.47
2026-10-01T00:01:08.262677+02:00,36521466,USL Championship,USA,Miami FC,Sporting Jax,2026-09-30T23:00:00+00:00,58.8623,soccer.asian_handicap,period=ft,away,handicap=-0.5,2.6
2026-10-01T00:01:08.262677+02:00,36521466,USL Championship,USA,Miami FC,Sporting Jax,2026-09-30T23:00:00+00:00,58.8623,soccer.asian_handicap,period=ft,home,handicap=-0.25,1.32
2026-10-01T00:01:08.262677+02:00,36521466,USL Championship,USA,Miami FC,Sporting Jax,2026-09-30T23:00:00+00:00,58.8623,soccer.asian_handicap,period=ft,away,handicap=-0.25,3.25
2026-10-01T00:01:08.262677+02:00,36521466,USL Championship,USA,Miami FC,Sporting Jax,2026-09-30T23:00:00+00:00,58.8623,soccer.double_chance,period=ft,draw_away,,2.2
2026-10-01T00:01:08.262677+02:00,36521466,USL Championship,USA,Miami FC,Sporting Jax,2026-09-30T23:00:00+00:00,58.8623,soccer.double_chance,period=ft,home_away,,1.17
2026-10-01T00:01:08.262677+02:00,36521466,USL Championship,USA,Miami FC,Sporting Jax,2026-09-30T23:00:00+00:00,58.8623,soccer.double_chance,period=ft,home_draw,,1.14
2026-10-01T00:01:08.262677+02:00,36521466,USL Championship,USA,Miami FC,Sporting Jax,2026-09-30T23:00:00+00:00,58.8623,soccer.match_odds,period=ft,home,,1.48
2026-10-01T00:01:08.262677+02:00,36521466,USL Championship,USA,Miami FC,Sporting Jax,2026-09-30T23:00:00+00:00,58.8623,soccer.match_odds,period=ft,draw,,4.35
2026-10-01T00:01:08.262677+02:00,36521466,USL Championship,USA,Miami FC,Sporting Jax,2026-09-30T23:00:00+00:00,58.8623,soccer.match_odds,period=ft,away,,6.0
2026-10-01T00:01:08.262677+02:00,36521466,USL Championship,USA,Miami FC,Sporting Jax,2026-09-30T23:00:00+00:00,58.8623,soccer.total_goals,period=ft,over,total=3.5,2.0
2026-10-01T00:01:08.262677+02:00,36521466,USL Championship,USA,Miami FC,Sporting Jax,2026-09-30T23:00:00+00:00,58.8623,soccer.total_goals,period=ft,under,total=3.5,1.8
2026-10-01T00:01:08.262677+02:00,36521466,USL Championship,USA,Miami FC,Sporting Jax,2026-09-30T23:00:00+00:00,58.8623,soccer.total_goals,period=ft,over,total=1.5,1.1
2026-10-01T00:01:08.262677+02:00,36521466,USL Championship,USA,Miami FC,Sporting Jax,2026-09-30T23:00:00+00:00,58.8623,soccer.total_goals,period=ft,under,total=1.5,6.3
2026-10-01T00:01:08.262677+02:00,36521466,USL Championship,USA,Miami FC,Sporting Jax,2026-09-30T23:00:00+00:00,58.8623,soccer.total_goals,period=ft,over,total=2.5,1.39
2026-10-01T00:01:08.262677+02:00,36521466,USL Championship,USA,Miami FC,Sporting Jax,2026-09-30T23:00:00+00:00,58.8623,soccer.total_goals,period=ft,under,total=2.5,2.85
2026-10-01T00:01:08.262677+02:00,36521466,USL Championship,USA,Miami FC,Sporting Jax,2026-09-30T23:00:00+00:00,58.8623,soccer.total_goals,period=ft,over,total=3,1.59
2026-10-01T00:01:08.262677+02:00,36521466,USL Championship,USA,Miami FC,Sporting Jax,2026-09-30T23:00:00+00:00,58.8623,soccer.total_goals,period=ft,under,total=3,2.3
2026-10-01T00:01:08.262677+02:00,36521466,USL Championship,USA,Miami FC,Sporting Jax,2026-09-30T23:00:00+00:00,58.8623,soccer.total_goals,period=ft,over,total=3.25,1.79
2026-10-01T00:01:08.262677+02:00,36521466,USL Championship,USA,Miami FC,Sporting Jax,2026-09-30T23:00:00+00:00,58.8623,soccer.total_goals,period=ft,under,total=3.25,2.0
2026-10-01T00:01:08.262677+02:00,36521466,USL Championship,USA,Miami FC,Sporting Jax,2026-09-30T23:00:00+00:00,58.8623,soccer.total_goals,period=ft,over,total=3.75,2.25
2026-10-01T00:01:08.262677+02:00,36521466,USL Championship,USA,Miami FC,Sporting Jax,2026-09-30T23:00:00+00:00,58.8623,soccer.total_goals,period=ft,under,total=3.75,1.62
2026-10-01T00:01:08.262677+02:00,36521466,USL Championship,USA,Miami FC,Sporting Jax,2026-09-30T23:00:00+00:00,58.8623,soccer.total_goals,period=ft,over,total=4,2.7
2026-10-01T00:01:08.262677+02:00,36521466,USL Championship,USA,Miami FC,Sporting Jax,2026-09-30T23:00:00+00:00,58.8623,soccer.total_goals,period=ft,under,total=4,1.44
2026-10-01T00:01:08.262677+02:00,36521466,USL Championship,USA,Miami FC,Sporting Jax,2026-09-30T23:00:00+00:00,58.8623,soccer.total_goals,period=ft,over,total=4.5,3.3
2026-10-01T00:01:08.262677+02:00,36521466,USL Championship,USA,Miami FC,Sporting Jax,2026-09-30T23:00:00+00:00,58.8623,soccer.total_goals,period=ft,under,total=4.5,1.3
2026-10-01T00:01:08.262677+02:00,36521466,USL Championship,USA,Miami FC,Sporting Jax,2026-09-30T23:00:00+00:00,58.8623,soccer.total_goals,period=ft,over,total=5.5,5.95
2026-10-01T00:01:08.262677+02:00,36521466,USL Championship,USA,Miami FC,Sporting Jax,2026-09-30T23:00:00+00:00,58.8623,soccer.total_goals,period=ft,under,total=5.5,1.11
2026-10-01T00:01:08.262677+02:00,36521471,USL Championship,USA,Rhode Island FC,Indy Eleven,2026-09-30T23:30:00+00:00,88.8623,soccer.asian_handicap,period=ft,home,handicap=-0.5,1.85
2026-10-01T00:01:08.262677+02:00,36521471,USL Championship,USA,Rhode Island FC,Indy Eleven,2026-09-30T23:30:00+00:00,88.8623,soccer.asian_handicap,period=ft,away,handicap=-0.5,1.96
2026-10-01T00:01:08.262677+02:00,36521471,USL Championship,USA,Rhode Island FC,Indy Eleven,2026-09-30T23:30:00+00:00,88.8623,soccer.asian_handicap,period=ft,home,handicap=-1.5,3.2
2026-10-01T00:01:08.262677+02:00,36521471,USL Championship,USA,Rhode Island FC,Indy Eleven,2026-09-30T23:30:00+00:00,88.8623,soccer.asian_handicap,period=ft,away,handicap=-1.5,1.33
2026-10-01T00:01:08.262677+02:00,36521471,USL Championship,USA,Rhode Island FC,Indy Eleven,2026-09-30T23:30:00+00:00,88.8623,soccer.asian_handicap,period=ft,home,handicap=-1.25,2.85
2026-10-01T00:01:08.262677+02:00,36521471,USL Championship,USA,Rhode Island FC,Indy Eleven,2026-09-30T23:30:00+00:00,88.8623,soccer.asian_handicap,period=ft,away,handicap=-1.25,1.4
2026-10-01T00:01:08.262677+02:00,36521471,USL Championship,USA,Rhode Island FC,Indy Eleven,2026-09-30T23:30:00+00:00,88.8623,soccer.asian_handicap,period=ft,home,handicap=-1,2.5
2026-10-01T00:01:08.262677+02:00,36521471,USL Championship,USA,Rhode Island FC,Indy Eleven,2026-09-30T23:30:00+00:00,88.8623,soccer.asian_handicap,period=ft,away,handicap=-1,1.51
2026-10-01T00:01:08.262677+02:00,36521471,USL Championship,USA,Rhode Island FC,Indy Eleven,2026-09-30T23:30:00+00:00,88.8623,soccer.asian_handicap,period=ft,home,handicap=-0.75,2.09
2026-10-01T00:01:08.262677+02:00,36521471,USL Championship,USA,Rhode Island FC,Indy Eleven,2026-09-30T23:30:00+00:00,88.8623,soccer.asian_handicap,period=ft,away,handicap=-0.75,1.73
2026-10-01T00:01:08.262677+02:00,36521471,USL Championship,USA,Rhode Island FC,Indy Eleven,2026-09-30T23:30:00+00:00,88.8623,soccer.asian_handicap,period=ft,home,handicap=-0.25,1.63
2026-10-01T00:01:08.262677+02:00,36521471,USL Championship,USA,Rhode Island FC,Indy Eleven,2026-09-30T23:30:00+00:00,88.8623,soccer.asian_handicap,period=ft,away,handicap=-0.25,2.25
2026-10-01T00:01:08.262677+02:00,36521471,USL Championship,USA,Rhode Island FC,Indy Eleven,2026-09-30T23:30:00+00:00,88.8623,soccer.asian_handicap,period=ft,home,handicap=0,1.43
2026-10-01T00:01:08.262677+02:00,36521471,USL Championship,USA,Rhode Island FC,Indy Eleven,2026-09-30T23:30:00+00:00,88.8623,soccer.asian_handicap,period=ft,away,handicap=0,2.8
2026-10-01T00:01:08.262677+02:00,36521471,USL Championship,USA,Rhode Island FC,Indy Eleven,2026-09-30T23:30:00+00:00,88.8623,soccer.asian_handicap,period=ft,home,handicap=0.25,1.34
2026-10-01T00:01:08.262677+02:00,36521471,USL Championship,USA,Rhode Island FC,Indy Eleven,2026-09-30T23:30:00+00:00,88.8623,soccer.asian_handicap,period=ft,away,handicap=0.25,3.15
2026-10-01T00:01:08.262677+02:00,36521471,USL Championship,USA,Rhode Island FC,Indy Eleven,2026-09-30T23:30:00+00:00,88.8623,soccer.asian_handicap,period=ft,home,handicap=0.5,1.28
2026-10-01T00:01:08.262677+02:00,36521471,USL Championship,USA,Rhode Island FC,Indy Eleven,2026-09-30T23:30:00+00:00,88.8623,soccer.asian_handicap,period=ft,away,handicap=0.5,3.55
2026-10-01T00:01:08.262677+02:00,36521471,USL Championship,USA,Rhode Island FC,Indy Eleven,2026-09-30T23:30:00+00:00,88.8623,soccer.double_chance,period=ft,draw_away,,1.72
2026-10-01T00:01:08.262677+02:00,36521471,USL Championship,USA,Rhode Island FC,Indy Eleven,2026-09-30T23:30:00+00:00,88.8623,soccer.double_chance,period=ft,home_away,,1.23
2026-10-01T00:01:08.262677+02:00,36521471,USL Championship,USA,Rhode Island FC,Indy Eleven,2026-09-30T23:30:00+00:00,88.8623,soccer.double_chance,period=ft,home_draw,,1.24
2026-10-01T00:01:08.262677+02:00,36521471,USL Championship,USA,Rhode Island FC,Indy Eleven,2026-09-30T23:30:00+00:00,88.8623,soccer.match_odds,period=ft,home,,1.84
2026-10-01T00:01:08.262677+02:00,36521471,USL Championship,USA,Rhode Island FC,Indy Eleven,2026-09-30T23:30:00+00:00,88.8623,soccer.match_odds,period=ft,draw,,4.1
2026-10-01T00:01:08.262677+02:00,36521471,USL Championship,USA,Rhode Island FC,Indy Eleven,2026-09-30T23:30:00+00:00,88.8623,soccer.match_odds,period=ft,away,,3.55
2026-10-01T00:01:08.262677+02:00,36521471,USL Championship,USA,Rhode Island FC,Indy Eleven,2026-09-30T23:30:00+00:00,88.8623,soccer.total_goals,period=ft,over,total=2.75,1.8
2026-10-01T00:01:08.262677+02:00,36521471,USL Championship,USA,Rhode Island FC,Indy Eleven,2026-09-30T23:30:00+00:00,88.8623,soccer.total_goals,period=ft,under,total=2.75,2.0
2026-10-01T00:01:08.262677+02:00,36521471,USL Championship,USA,Rhode Island FC,Indy Eleven,2026-09-30T23:30:00+00:00,88.8623,soccer.total_goals,period=ft,over,total=1.5,1.19
2026-10-01T00:01:08.262677+02:00,36521471,USL Championship,USA,Rhode Island FC,Indy Eleven,2026-09-30T23:30:00+00:00,88.8623,soccer.total_goals,period=ft,under,total=1.5,4.35
2026-10-01T00:01:08.262677+02:00,36521471,USL Championship,USA,Rhode Island FC,Indy Eleven,2026-09-30T23:30:00+00:00,88.8623,soccer.total_goals,period=ft,over,total=2.25,1.46
2026-10-01T00:01:08.262677+02:00,36521471,USL Championship,USA,Rhode Island FC,Indy Eleven,2026-09-30T23:30:00+00:00,88.8623,soccer.total_goals,period=ft,under,total=2.25,2.65
2026-10-01T00:01:08.262677+02:00,36521471,USL Championship,USA,Rhode Island FC,Indy Eleven,2026-09-30T23:30:00+00:00,88.8623,soccer.total_goals,period=ft,over,total=2.5,1.64
2026-10-01T00:01:08.262677+02:00,36521471,USL Championship,USA,Rhode Island FC,Indy Eleven,2026-09-30T23:30:00+00:00,88.8623,soccer.total_goals,period=ft,under,total=2.5,2.2
2026-10-01T00:01:08.262677+02:00,36521471,USL Championship,USA,Rhode Island FC,Indy Eleven,2026-09-30T23:30:00+00:00,88.8623,soccer.total_goals,period=ft,over,total=3,2.06
2026-10-01T00:01:08.262677+02:00,36521471,USL Championship,USA,Rhode Island FC,Indy Eleven,2026-09-30T23:30:00+00:00,88.8623,soccer.total_goals,period=ft,under,total=3,1.74
2026-10-01T00:01:08.262677+02:00,36521471,USL Championship,USA,Rhode Island FC,Indy Eleven,2026-09-30T23:30:00+00:00,88.8623,soccer.total_goals,period=ft,over,total=3.25,2.35
2026-10-01T00:01:08.262677+02:00,36521471,USL Championship,USA,Rhode Island FC,Indy Eleven,2026-09-30T23:30:00+00:00,88.8623,soccer.total_goals,period=ft,under,total=3.25,1.57
2026-10-01T00:01:08.262677+02:00,36521471,USL Championship,USA,Rhode Island FC,Indy Eleven,2026-09-30T23:30:00+00:00,88.8623,soccer.total_goals,period=ft,over,total=3.5,2.6
2026-10-01T00:01:08.262677+02:00,36521471,USL Championship,USA,Rhode Island FC,Indy Eleven,2026-09-30T23:30:00+00:00,88.8623,soccer.total_goals,period=ft,under,total=3.5,1.46
2026-10-01T00:01:08.262677+02:00,36521471,USL Championship,USA,Rhode Island FC,Indy Eleven,2026-09-30T23:30:00+00:00,88.8623,soccer.total_goals,period=ft,over,total=4.5,4.8
2026-10-01T00:01:08.262677+02:00,36521471,USL Championship,USA,Rhode Island FC,Indy Eleven,2026-09-30T23:30:00+00:00,88.8623,soccer.total_goals,period=ft,under,total=4.5,1.16
2026-10-01T00:01:08.262677+02:00,36573249,Copa Division Profesional,Bolivia,CD Real Tomayapo,CA Nacional Potosi,2026-09-30T22:30:00+00:00,28.8623,soccer.asian_handicap,period=ft,home,handicap=0,1.9
2026-10-01T00:01:08.262677+02:00,36573249,Copa Division Profesional,Bolivia,CD Real Tomayapo,CA Nacional Potosi,2026-09-30T22:30:00+00:00,28.8623,soccer.asian_handicap,period=ft,away,handicap=0,1.78
2026-10-01T00:01:08.262677+02:00,36573249,Copa Division Profesional,Bolivia,CD Real Tomayapo,CA Nacional Potosi,2026-09-30T22:30:00+00:00,28.8623,soccer.asian_handicap,period=ft,home,handicap=-0.75,2.75
2026-10-01T00:01:08.262677+02:00,36573249,Copa Division Profesional,Bolivia,CD Real Tomayapo,CA Nacional Potosi,2026-09-30T22:30:00+00:00,28.8623,soccer.asian_handicap,period=ft,away,handicap=-0.75,1.34
2026-10-01T00:01:08.262677+02:00,36573249,Copa Division Profesional,Bolivia,CD Real Tomayapo,CA Nacional Potosi,2026-09-30T22:30:00+00:00,28.8623,soccer.asian_handicap,period=ft,home,handicap=-0.5,2.3
2026-10-01T00:01:08.262677+02:00,36573249,Copa Division Profesional,Bolivia,CD Real Tomayapo,CA Nacional Potosi,2026-09-30T22:30:00+00:00,28.8623,soccer.asian_handicap,period=ft,away,handicap=-0.5,1.47
2026-10-01T00:01:08.262677+02:00,36573249,Copa Division Profesional,Bolivia,CD Real Tomayapo,CA Nacional Potosi,2026-09-30T22:30:00+00:00,28.8623,soccer.asian_handicap,period=ft,home,handicap=-0.25,2.13
2026-10-01T00:01:08.262677+02:00,36573249,Copa Division Profesional,Bolivia,CD Real Tomayapo,CA Nacional Potosi,2026-09-30T22:30:00+00:00,28.8623,soccer.asian_handicap,period=ft,away,handicap=-0.25,1.6
2026-10-01T00:01:08.262677+02:00,36573249,Copa Division Profesional,Bolivia,CD Real Tomayapo,CA Nacional Potosi,2026-09-30T22:30:00+00:00,28.8623,soccer.asian_handicap,period=ft,home,handicap=0.25,1.68
2026-10-01T00:01:08.262677+02:00,36573249,Copa Division Profesional,Bolivia,CD Real Tomayapo,CA Nacional Potosi,2026-09-30T22:30:00+00:00,28.8623,soccer.asian_handicap,period=ft,away,handicap=0.25,2.01
2026-10-01T00:01:08.262677+02:00,36573249,Copa Division Profesional,Bolivia,CD Real Tomayapo,CA Nacional Potosi,2026-09-30T22:30:00+00:00,28.8623,soccer.asian_handicap,period=ft,home,handicap=0.5,1.54
2026-10-01T00:01:08.262677+02:00,36573249,Copa Division Profesional,Bolivia,CD Real Tomayapo,CA Nacional Potosi,2026-09-30T22:30:00+00:00,28.8623,soccer.asian_handicap,period=ft,away,handicap=0.5,2.2
2026-10-01T00:01:08.262677+02:00,36573249,Copa Division Profesional,Bolivia,CD Real Tomayapo,CA Nacional Potosi,2026-09-30T22:30:00+00:00,28.8623,soccer.asian_handicap,period=ft,home,handicap=0.75,1.39
2026-10-01T00:01:08.262677+02:00,36573249,Copa Division Profesional,Bolivia,CD Real Tomayapo,CA Nacional Potosi,2026-09-30T22:30:00+00:00,28.8623,soccer.asian_handicap,period=ft,away,handicap=0.75,2.6
2026-10-01T00:01:08.262677+02:00,36573249,Copa Division Profesional,Bolivia,CD Real Tomayapo,CA Nacional Potosi,2026-09-30T22:30:00+00:00,28.8623,soccer.match_odds,period=ft,home,,2.35
2026-10-01T00:01:08.262677+02:00,36573249,Copa Division Profesional,Bolivia,CD Real Tomayapo,CA Nacional Potosi,2026-09-30T22:30:00+00:00,28.8623,soccer.match_odds,period=ft,draw,,3.75
2026-10-01T00:01:08.262677+02:00,36573249,Copa Division Profesional,Bolivia,CD Real Tomayapo,CA Nacional Potosi,2026-09-30T22:30:00+00:00,28.8623,soccer.match_odds,period=ft,away,,2.2
2026-10-01T00:01:08.262677+02:00,36573249,Copa Division Profesional,Bolivia,CD Real Tomayapo,CA Nacional Potosi,2026-09-30T22:30:00+00:00,28.8623,soccer.total_goals,period=ft,over,total=3,1.86
2026-10-01T00:01:08.262677+02:00,36573249,Copa Division Profesional,Bolivia,CD Real Tomayapo,CA Nacional Potosi,2026-09-30T22:30:00+00:00,28.8623,soccer.total_goals,period=ft,under,total=3,1.81
2026-10-01T00:01:08.262677+02:00,36573249,Copa Division Profesional,Bolivia,CD Real Tomayapo,CA Nacional Potosi,2026-09-30T22:30:00+00:00,28.8623,soccer.total_goals,period=ft,over,total=2.25,1.36
2026-10-01T00:01:08.262677+02:00,36573249,Copa Division Profesional,Bolivia,CD Real Tomayapo,CA Nacional Potosi,2026-09-30T22:30:00+00:00,28.8623,soccer.total_goals,period=ft,under,total=2.25,2.7
2026-10-01T00:01:08.262677+02:00,36573249,Copa Division Profesional,Bolivia,CD Real Tomayapo,CA Nacional Potosi,2026-09-30T22:30:00+00:00,28.8623,soccer.total_goals,period=ft,over,total=2.5,1.51
2026-10-01T00:01:08.262677+02:00,36573249,Copa Division Profesional,Bolivia,CD Real Tomayapo,CA Nacional Potosi,2026-09-30T22:30:00+00:00,28.8623,soccer.total_goals,period=ft,under,total=2.5,2.25
2026-10-01T00:01:08.262677+02:00,36573249,Copa Division Profesional,Bolivia,CD Real Tomayapo,CA Nacional Potosi,2026-09-30T22:30:00+00:00,28.8623,soccer.total_goals,period=ft,over,total=2.75,1.65
2026-10-01T00:01:08.262677+02:00,36573249,Copa Division Profesional,Bolivia,CD Real Tomayapo,CA Nacional Potosi,2026-09-30T22:30:00+00:00,28.8623,soccer.total_goals,period=ft,under,total=2.75,2.04
2026-10-01T00:01:08.262677+02:00,36573249,Copa Division Profesional,Bolivia,CD Real Tomayapo,CA Nacional Potosi,2026-09-30T22:30:00+00:00,28.8623,soccer.total_goals,period=ft,over,total=3.25,2.1
2026-10-01T00:01:08.262677+02:00,36573249,Copa Division Profesional,Bolivia,CD Real Tomayapo,CA Nacional Potosi,2026-09-30T22:30:00+00:00,28.8623,soccer.total_goals,period=ft,under,total=3.25,1.61
2026-10-01T00:01:08.262677+02:00,36573249,Copa Division Profesional,Bolivia,CD Real Tomayapo,CA Nacional Potosi,2026-09-30T22:30:00+00:00,28.8623,soccer.total_goals,period=ft,over,total=3.5,2.3
2026-10-01T00:01:08.262677+02:00,36573249,Copa Division Profesional,Bolivia,CD Real Tomayapo,CA Nacional Potosi,2026-09-30T22:30:00+00:00,28.8623,soccer.total_goals,period=ft,under,total=3.5,1.48
2026-10-01T00:01:08.262677+02:00,36573249,Copa Division Profesional,Bolivia,CD Real Tomayapo,CA Nacional Potosi,2026-09-30T22:30:00+00:00,28.8623,soccer.total_goals,period=ft,over,total=3.75,2.7
2026-10-01T00:01:08.262677+02:00,36573249,Copa Division Profesional,Bolivia,CD Real Tomayapo,CA Nacional Potosi,2026-09-30T22:30:00+00:00,28.8623,soccer.total_goals,period=ft,under,total=3.75,1.36
2026-10-01T00:02:24.990476+02:00,36577342,"Gaucho, Serie B",Brazil,SER Cruz Alta (RS),Rio Grande (RS),2026-09-30T22:30:00+00:00,27.5835,soccer.asian_handicap,period=ft,home,handicap=-1,1.89
2026-10-01T00:02:24.990476+02:00,36577342,"Gaucho, Serie B",Brazil,SER Cruz Alta (RS),Rio Grande (RS),2026-09-30T22:30:00+00:00,27.5835,soccer.asian_handicap,period=ft,away,handicap=-1,1.72
2026-10-01T00:02:24.990476+02:00,36577342,"Gaucho, Serie B",Brazil,SER Cruz Alta (RS),Rio Grande (RS),2026-09-30T22:30:00+00:00,27.5835,soccer.asian_handicap,period=ft,home,handicap=-1.5,2.4
2026-10-01T00:02:24.990476+02:00,36577342,"Gaucho, Serie B",Brazil,SER Cruz Alta (RS),Rio Grande (RS),2026-09-30T22:30:00+00:00,27.5835,soccer.asian_handicap,period=ft,away,handicap=-1.5,1.44
2026-10-01T00:02:24.990476+02:00,36577342,"Gaucho, Serie B",Brazil,SER Cruz Alta (RS),Rio Grande (RS),2026-09-30T22:30:00+00:00,27.5835,soccer.asian_handicap,period=ft,home,handicap=-1.25,2.16
2026-10-01T00:02:24.990476+02:00,36577342,"Gaucho, Serie B",Brazil,SER Cruz Alta (RS),Rio Grande (RS),2026-09-30T22:30:00+00:00,27.5835,soccer.asian_handicap,period=ft,away,handicap=-1.25,1.55
2026-10-01T00:02:24.990476+02:00,36577342,"Gaucho, Serie B",Brazil,SER Cruz Alta (RS),Rio Grande (RS),2026-09-30T22:30:00+00:00,27.5835,soccer.asian_handicap,period=ft,home,handicap=-0.75,1.66
2026-10-01T00:02:24.990476+02:00,36577342,"Gaucho, Serie B",Brazil,SER Cruz Alta (RS),Rio Grande (RS),2026-09-30T22:30:00+00:00,27.5835,soccer.asian_handicap,period=ft,away,handicap=-0.75,1.97
2026-10-01T00:02:24.990476+02:00,36577342,"Gaucho, Serie B",Brazil,SER Cruz Alta (RS),Rio Grande (RS),2026-09-30T22:30:00+00:00,27.5835,soccer.asian_handicap,period=ft,home,handicap=-0.5,1.52
2026-10-01T00:02:24.990476+02:00,36577342,"Gaucho, Serie B",Brazil,SER Cruz Alta (RS),Rio Grande (RS),2026-09-30T22:30:00+00:00,27.5835,soccer.asian_handicap,period=ft,away,handicap=-0.5,2.2
2026-10-01T00:02:24.990476+02:00,36577342,"Gaucho, Serie B",Brazil,SER Cruz Alta (RS),Rio Grande (RS),2026-09-30T22:30:00+00:00,27.5835,soccer.double_chance,period=ft,draw_away,,2.08
2026-10-01T00:02:24.990476+02:00,36577342,"Gaucho, Serie B",Brazil,SER Cruz Alta (RS),Rio Grande (RS),2026-09-30T22:30:00+00:00,27.5835,soccer.double_chance,period=ft,home_away,,1.21
2026-10-01T00:02:24.990476+02:00,36577342,"Gaucho, Serie B",Brazil,SER Cruz Alta (RS),Rio Grande (RS),2026-09-30T22:30:00+00:00,27.5835,soccer.double_chance,period=ft,home_draw,,1.15
2026-10-01T00:02:24.990476+02:00,36577342,"Gaucho, Serie B",Brazil,SER Cruz Alta (RS),Rio Grande (RS),2026-09-30T22:30:00+00:00,27.5835,soccer.match_odds,period=ft,home,,1.52
2026-10-01T00:02:24.990476+02:00,36577342,"Gaucho, Serie B",Brazil,SER Cruz Alta (RS),Rio Grande (RS),2026-09-30T22:30:00+00:00,27.5835,soccer.match_odds,period=ft,draw,,3.75
2026-10-01T00:02:24.990476+02:00,36577342,"Gaucho, Serie B",Brazil,SER Cruz Alta (RS),Rio Grande (RS),2026-09-30T22:30:00+00:00,27.5835,soccer.match_odds,period=ft,away,,4.8
2026-10-01T00:02:24.990476+02:00,36577342,"Gaucho, Serie B",Brazil,SER Cruz Alta (RS),Rio Grande (RS),2026-09-30T22:30:00+00:00,27.5835,soccer.total_goals,period=ft,over,total=2.5,1.72
2026-10-01T00:02:24.990476+02:00,36577342,"Gaucho, Serie B",Brazil,SER Cruz Alta (RS),Rio Grande (RS),2026-09-30T22:30:00+00:00,27.5835,soccer.total_goals,period=ft,under,total=2.5,1.89
2026-10-01T00:02:24.990476+02:00,36577730,Segunda Division,Venezuela,CD Lara,REAL FRONTERA FC,2026-09-30T23:00:00+00:00,57.5835,soccer.asian_handicap,period=ft,home,handicap=-2.25,1.82
2026-10-01T00:02:24.990476+02:00,36577730,Segunda Division,Venezuela,CD Lara,REAL FRONTERA FC,2026-09-30T23:00:00+00:00,57.5835,soccer.asian_handicap,period=ft,away,handicap=-2.25,1.86
2026-10-01T00:02:24.990476+02:00,36577730,Segunda Division,Venezuela,CD Lara,REAL FRONTERA FC,2026-09-30T23:00:00+00:00,57.5835,soccer.asian_handicap,period=ft,home,handicap=-3,2.8
2026-10-01T00:02:24.990476+02:00,36577730,Segunda Division,Venezuela,CD Lara,REAL FRONTERA FC,2026-09-30T23:00:00+00:00,57.5835,soccer.asian_handicap,period=ft,away,handicap=-3,1.34
2026-10-01T00:02:24.990476+02:00,36577730,Segunda Division,Venezuela,CD Lara,REAL FRONTERA FC,2026-09-30T23:00:00+00:00,57.5835,soccer.asian_handicap,period=ft,home,handicap=-2.75,2.25
2026-10-01T00:02:24.990476+02:00,36577730,Segunda Division,Venezuela,CD Lara,REAL FRONTERA FC,2026-09-30T23:00:00+00:00,57.5835,soccer.asian_handicap,period=ft,away,handicap=-2.75,1.5
2026-10-01T00:02:24.990476+02:00,36577730,Segunda Division,Venezuela,CD Lara,REAL FRONTERA FC,2026-09-30T23:00:00+00:00,57.5835,soccer.asian_handicap,period=ft,home,handicap=-2.5,2.02
2026-10-01T00:02:24.990476+02:00,36577730,Segunda Division,Venezuela,CD Lara,REAL FRONTERA FC,2026-09-30T23:00:00+00:00,57.5835,soccer.asian_handicap,period=ft,away,handicap=-2.5,1.66
2026-10-01T00:02:24.990476+02:00,36577730,Segunda Division,Venezuela,CD Lara,REAL FRONTERA FC,2026-09-30T23:00:00+00:00,57.5835,soccer.asian_handicap,period=ft,home,handicap=-2,1.57
2026-10-01T00:02:24.990476+02:00,36577730,Segunda Division,Venezuela,CD Lara,REAL FRONTERA FC,2026-09-30T23:00:00+00:00,57.5835,soccer.asian_handicap,period=ft,away,handicap=-2,2.17
2026-10-01T00:02:24.990476+02:00,36577730,Segunda Division,Venezuela,CD Lara,REAL FRONTERA FC,2026-09-30T23:00:00+00:00,57.5835,soccer.asian_handicap,period=ft,home,handicap=-1.75,1.44
2026-10-01T00:02:24.990476+02:00,36577730,Segunda Division,Venezuela,CD Lara,REAL FRONTERA FC,2026-09-30T23:00:00+00:00,57.5835,soccer.asian_handicap,period=ft,away,handicap=-1.75,2.4
2026-10-01T00:02:24.990476+02:00,36577730,Segunda Division,Venezuela,CD Lara,REAL FRONTERA FC,2026-09-30T23:00:00+00:00,57.5835,soccer.asian_handicap,period=ft,home,handicap=-1.5,1.35
2026-10-01T00:02:24.990476+02:00,36577730,Segunda Division,Venezuela,CD Lara,REAL FRONTERA FC,2026-09-30T23:00:00+00:00,57.5835,soccer.asian_handicap,period=ft,away,handicap=-1.5,2.7
2026-10-01T00:02:24.990476+02:00,36577730,Segunda Division,Venezuela,CD Lara,REAL FRONTERA FC,2026-09-30T23:00:00+00:00,57.5835,soccer.double_chance,period=ft,draw_away,,5.0
2026-10-01T00:02:24.990476+02:00,36577730,Segunda Division,Venezuela,CD Lara,REAL FRONTERA FC,2026-09-30T23:00:00+00:00,57.5835,soccer.double_chance,period=ft,home_away,,1.07
2026-10-01T00:02:24.990476+02:00,36577730,Segunda Division,Venezuela,CD Lara,REAL FRONTERA FC,2026-09-30T23:00:00+00:00,57.5835,soccer.double_chance,period=ft,home_draw,,1.04
2026-10-01T00:02:24.990476+02:00,36577730,Segunda Division,Venezuela,CD Lara,REAL FRONTERA FC,2026-09-30T23:00:00+00:00,57.5835,soccer.match_odds,period=ft,home,,1.11
2026-10-01T00:02:24.990476+02:00,36577730,Segunda Division,Venezuela,CD Lara,REAL FRONTERA FC,2026-09-30T23:00:00+00:00,57.5835,soccer.match_odds,period=ft,draw,,8.2
2026-10-01T00:02:24.990476+02:00,36577730,Segunda Division,Venezuela,CD Lara,REAL FRONTERA FC,2026-09-30T23:00:00+00:00,57.5835,soccer.match_odds,period=ft,away,,12.0
2026-10-01T00:02:24.990476+02:00,36577730,Segunda Division,Venezuela,CD Lara,REAL FRONTERA FC,2026-09-30T23:00:00+00:00,57.5835,soccer.total_goals,period=ft,over,total=3.25,1.78
2026-10-01T00:02:24.990476+02:00,36577730,Segunda Division,Venezuela,CD Lara,REAL FRONTERA FC,2026-09-30T23:00:00+00:00,57.5835,soccer.total_goals,period=ft,under,total=3.25,1.9
2026-10-01T00:02:24.990476+02:00,36577730,Segunda Division,Venezuela,CD Lara,REAL FRONTERA FC,2026-09-30T23:00:00+00:00,57.5835,soccer.total_goals,period=ft,over,total=2.5,1.33
2026-10-01T00:02:24.990476+02:00,36577730,Segunda Division,Venezuela,CD Lara,REAL FRONTERA FC,2026-09-30T23:00:00+00:00,57.5835,soccer.total_goals,period=ft,under,total=2.5,2.8
2026-10-01T00:02:24.990476+02:00,36577730,Segunda Division,Venezuela,CD Lara,REAL FRONTERA FC,2026-09-30T23:00:00+00:00,57.5835,soccer.total_goals,period=ft,over,total=2.75,1.41
2026-10-01T00:02:24.990476+02:00,36577730,Segunda Division,Venezuela,CD Lara,REAL FRONTERA FC,2026-09-30T23:00:00+00:00,57.5835,soccer.total_goals,period=ft,under,total=2.75,2.5
2026-10-01T00:02:24.990476+02:00,36577730,Segunda Division,Venezuela,CD Lara,REAL FRONTERA FC,2026-09-30T23:00:00+00:00,57.5835,soccer.total_goals,period=ft,over,total=3,1.54
2026-10-01T00:02:24.990476+02:00,36577730,Segunda Division,Venezuela,CD Lara,REAL FRONTERA FC,2026-09-30T23:00:00+00:00,57.5835,soccer.total_goals,period=ft,under,total=3,2.2
2026-10-01T00:02:24.990476+02:00,36577730,Segunda Division,Venezuela,CD Lara,REAL FRONTERA FC,2026-09-30T23:00:00+00:00,57.5835,soccer.total_goals,period=ft,over,total=3.5,1.99
2026-10-01T00:02:24.990476+02:00,36577730,Segunda Division,Venezuela,CD Lara,REAL FRONTERA FC,2026-09-30T23:00:00+00:00,57.5835,soccer.total_goals,period=ft,under,total=3.5,1.69
2026-10-01T00:02:24.990476+02:00,36577730,Segunda Division,Venezuela,CD Lara,REAL FRONTERA FC,2026-09-30T23:00:00+00:00,57.5835,soccer.total_goals,period=ft,over,total=3.75,2.25
2026-10-01T00:02:24.990476+02:00,36577730,Segunda Division,Venezuela,CD Lara,REAL FRONTERA FC,2026-09-30T23:00:00+00:00,57.5835,soccer.total_goals,period=ft,under,total=3.75,1.51
2026-10-01T00:02:24.990476+02:00,36577730,Segunda Division,Venezuela,CD Lara,REAL FRONTERA FC,2026-09-30T23:00:00+00:00,57.5835,soccer.total_goals,period=ft,over,total=4,2.7
2026-10-01T00:02:24.990476+02:00,36577730,Segunda Division,Venezuela,CD Lara,REAL FRONTERA FC,2026-09-30T23:00:00+00:00,57.5835,soccer.total_goals,period=ft,under,total=4,1.35
2026-10-01T00:02:24.990476+02:00,36521470,USL Championship,USA,LIU Brooklyn,Detroit City FC,2026-09-30T23:00:00+00:00,57.5835,soccer.asian_handicap,period=ft,home,handicap=0.5,1.88
2026-10-01T00:02:24.990476+02:00,36521470,USL Championship,USA,LIU Brooklyn,Detroit City FC,2026-09-30T23:00:00+00:00,57.5835,soccer.asian_handicap,period=ft,away,handicap=0.5,1.93
2026-10-01T00:02:24.990476+02:00,36521470,USL Championship,USA,LIU Brooklyn,Detroit City FC,2026-09-30T23:00:00+00:00,57.5835,soccer.asian_handicap,period=ft,home,handicap=-0.5,3.75
2026-10-01T00:02:24.990476+02:00,36521470,USL Championship,USA,LIU Brooklyn,Detroit City FC,2026-09-30T23:00:00+00:00,57.5835,soccer.asian_handicap,period=ft,away,handicap=-0.5,1.25
2026-10-01T00:02:24.990476+02:00,36521470,USL Championship,USA,LIU Brooklyn,Detroit City FC,2026-09-30T23:00:00+00:00,57.5835,soccer.asian_handicap,period=ft,home,handicap=-0.25,3.3
2026-10-01T00:02:24.990476+02:00,36521470,USL Championship,USA,LIU Brooklyn,Detroit City FC,2026-09-30T23:00:00+00:00,57.5835,soccer.asian_handicap,period=ft,away,handicap=-0.25,1.31
2026-10-01T00:02:24.990476+02:00,36521470,USL Championship,USA,LIU Brooklyn,Detroit City FC,2026-09-30T23:00:00+00:00,57.5835,soccer.asian_handicap,period=ft,home,handicap=0,2.85
2026-10-01T00:02:24.990476+02:00,36521470,USL Championship,USA,LIU Brooklyn,Detroit City FC,2026-09-30T23:00:00+00:00,57.5835,soccer.asian_handicap,period=ft,away,handicap=0,1.41
2026-10-01T00:02:24.990476+02:00,36521470,USL Championship,USA,LIU Brooklyn,Detroit City FC,2026-09-30T23:00:00+00:00,57.5835,soccer.asian_handicap,period=ft,home,handicap=0.25,2.19
2026-10-01T00:02:24.990476+02:00,36521470,USL Championship,USA,LIU Brooklyn,Detroit City FC,2026-09-30T23:00:00+00:00,57.5835,soccer.asian_handicap,period=ft,away,handicap=0.25,1.67
2026-10-01T00:02:24.990476+02:00,36521470,USL Championship,USA,LIU Brooklyn,Detroit City FC,2026-09-30T23:00:00+00:00,57.5835,soccer.asian_handicap,period=ft,home,handicap=0.75,1.65
2026-10-01T00:02:24.990476+02:00,36521470,USL Championship,USA,LIU Brooklyn,Detroit City FC,2026-09-30T23:00:00+00:00,57.5835,soccer.asian_handicap,period=ft,away,handicap=0.75,2.2
2026-10-01T00:02:24.990476+02:00,36521470,USL Championship,USA,LIU Brooklyn,Detroit City FC,2026-09-30T23:00:00+00:00,57.5835,soccer.asian_handicap,period=ft,home,handicap=1,1.43
2026-10-01T00:02:24.990476+02:00,36521470,USL Championship,USA,LIU Brooklyn,Detroit City FC,2026-09-30T23:00:00+00:00,57.5835,soccer.asian_handicap,period=ft,away,handicap=1,2.75
2026-10-01T00:02:24.990476+02:00,36521470,USL Championship,USA,LIU Brooklyn,Detroit City FC,2026-09-30T23:00:00+00:00,57.5835,soccer.asian_handicap,period=ft,home,handicap=1.25,1.34
2026-10-01T00:02:24.990476+02:00,36521470,USL Championship,USA,LIU Brooklyn,Detroit City FC,2026-09-30T23:00:00+00:00,57.5835,soccer.asian_handicap,period=ft,away,handicap=1.25,3.15
2026-10-01T00:02:24.990476+02:00,36521470,USL Championship,USA,LIU Brooklyn,Detroit City FC,2026-09-30T23:00:00+00:00,57.5835,soccer.asian_handicap,period=ft,home,handicap=1.5,1.28
2026-10-01T00:02:24.990476+02:00,36521470,USL Championship,USA,LIU Brooklyn,Detroit City FC,2026-09-30T23:00:00+00:00,57.5835,soccer.asian_handicap,period=ft,away,handicap=1.5,3.55
2026-10-01T00:02:24.990476+02:00,36521470,USL Championship,USA,LIU Brooklyn,Detroit City FC,2026-09-30T23:00:00+00:00,57.5835,soccer.double_chance,period=ft,draw_away,,1.2
2026-10-01T00:02:24.990476+02:00,36521470,USL Championship,USA,LIU Brooklyn,Detroit City FC,2026-09-30T23:00:00+00:00,57.5835,soccer.double_chance,period=ft,home_away,,1.26
2026-10-01T00:02:24.990476+02:00,36521470,USL Championship,USA,LIU Brooklyn,Detroit City FC,2026-09-30T23:00:00+00:00,57.5835,soccer.double_chance,period=ft,home_draw,,1.8
2026-10-01T00:02:24.990476+02:00,36521470,USL Championship,USA,LIU Brooklyn,Detroit City FC,2026-09-30T23:00:00+00:00,57.5835,soccer.match_odds,period=ft,home,,3.8
2026-10-01T00:02:24.990476+02:00,36521470,USL Championship,USA,LIU Brooklyn,Detroit City FC,2026-09-30T23:00:00+00:00,57.5835,soccer.match_odds,period=ft,draw,,3.55
2026-10-01T00:02:24.990476+02:00,36521470,USL Championship,USA,LIU Brooklyn,Detroit City FC,2026-09-30T23:00:00+00:00,57.5835,soccer.match_odds,period=ft,away,,1.92
2026-10-01T00:02:24.990476+02:00,36521470,USL Championship,USA,LIU Brooklyn,Detroit City FC,2026-09-30T23:00:00+00:00,57.5835,soccer.total_goals,period=ft,over,total=2.25,1.79
2026-10-01T00:02:24.990476+02:00,36521470,USL Championship,USA,LIU Brooklyn,Detroit City FC,2026-09-30T23:00:00+00:00,57.5835,soccer.total_goals,period=ft,under,total=2.25,2.01
2026-10-01T00:02:24.990476+02:00,36521470,USL Championship,USA,LIU Brooklyn,Detroit City FC,2026-09-30T23:00:00+00:00,57.5835,soccer.total_goals,period=ft,over,total=1.5,1.32
2026-10-01T00:02:24.990476+02:00,36521470,USL Championship,USA,LIU Brooklyn,Detroit City FC,2026-09-30T23:00:00+00:00,57.5835,soccer.total_goals,period=ft,under,total=1.5,3.2
2026-10-01T00:02:24.990476+02:00,36521470,USL Championship,USA,LIU Brooklyn,Detroit City FC,2026-09-30T23:00:00+00:00,57.5835,soccer.total_goals,period=ft,over,total=1.75,1.4
2026-10-01T00:02:24.990476+02:00,36521470,USL Championship,USA,LIU Brooklyn,Detroit City FC,2026-09-30T23:00:00+00:00,57.5835,soccer.total_goals,period=ft,under,total=1.75,2.85
2026-10-01T00:02:24.990476+02:00,36521470,USL Championship,USA,LIU Brooklyn,Detroit City FC,2026-09-30T23:00:00+00:00,57.5835,soccer.total_goals,period=ft,over,total=2,1.53
2026-10-01T00:02:24.990476+02:00,36521470,USL Championship,USA,LIU Brooklyn,Detroit City FC,2026-09-30T23:00:00+00:00,57.5835,soccer.total_goals,period=ft,under,total=2,2.45
2026-10-01T00:02:24.990476+02:00,36521470,USL Championship,USA,LIU Brooklyn,Detroit City FC,2026-09-30T23:00:00+00:00,57.5835,soccer.total_goals,period=ft,over,total=2.5,2.03
2026-10-01T00:02:24.990476+02:00,36521470,USL Championship,USA,LIU Brooklyn,Detroit City FC,2026-09-30T23:00:00+00:00,57.5835,soccer.total_goals,period=ft,under,total=2.5,1.75
2026-10-01T00:02:24.990476+02:00,36521470,USL Championship,USA,LIU Brooklyn,Detroit City FC,2026-09-30T23:00:00+00:00,57.5835,soccer.total_goals,period=ft,over,total=2.75,2.3
2026-10-01T00:02:24.990476+02:00,36521470,USL Championship,USA,LIU Brooklyn,Detroit City FC,2026-09-30T23:00:00+00:00,57.5835,soccer.total_goals,period=ft,under,total=2.75,1.57
2026-10-01T00:02:24.990476+02:00,36521470,USL Championship,USA,LIU Brooklyn,Detroit City FC,2026-09-30T23:00:00+00:00,57.5835,soccer.total_goals,period=ft,over,total=3.5,3.5
2026-10-01T00:02:24.990476+02:00,36521470,USL Championship,USA,LIU Brooklyn,Detroit City FC,2026-09-30T23:00:00+00:00,57.5835,soccer.total_goals,period=ft,under,total=3.5,1.27
2026-10-01T00:02:24.990476+02:00,36521470,USL Championship,USA,LIU Brooklyn,Detroit City FC,2026-09-30T23:00:00+00:00,57.5835,soccer.total_goals,period=ft,over,total=4.5,6.85
2026-10-01T00:02:24.990476+02:00,36521470,USL Championship,USA,LIU Brooklyn,Detroit City FC,2026-09-30T23:00:00+00:00,57.5835,soccer.total_goals,period=ft,under,total=4.5,1.09
2026-10-01T00:02:24.990476+02:00,36521466,USL Championship,USA,Miami FC,Sporting Jax,2026-09-30T23:00:00+00:00,57.5835,soccer.asian_handicap,period=ft,home,handicap=-1.25,2.0
2026-10-01T00:02:24.990476+02:00,36521466,USL Championship,USA,Miami FC,Sporting Jax,2026-09-30T23:00:00+00:00,57.5835,soccer.asian_handicap,period=ft,away,handicap=-1.25,1.82
2026-10-01T00:02:24.990476+02:00,36521466,USL Championship,USA,Miami FC,Sporting Jax,2026-09-30T23:00:00+00:00,57.5835,soccer.asian_handicap,period=ft,home,handicap=-2.25,3.65
2026-10-01T00:02:24.990476+02:00,36521466,USL Championship,USA,Miami FC,Sporting Jax,2026-09-30T23:00:00+00:00,57.5835,soccer.asian_handicap,period=ft,away,handicap=-2.25,1.27
2026-10-01T00:02:24.990476+02:00,36521466,USL Championship,USA,Miami FC,Sporting Jax,2026-09-30T23:00:00+00:00,57.5835,soccer.asian_handicap,period=ft,home,handicap=-2,3.25
2026-10-01T00:02:24.990476+02:00,36521466,USL Championship,USA,Miami FC,Sporting Jax,2026-09-30T23:00:00+00:00,57.5835,soccer.asian_handicap,period=ft,away,handicap=-2,1.32
2026-10-01T00:02:24.990476+02:00,36521466,USL Championship,USA,Miami FC,Sporting Jax,2026-09-30T23:00:00+00:00,57.5835,soccer.asian_handicap,period=ft,home,handicap=-1.75,2.6
2026-10-01T00:02:24.990476+02:00,36521466,USL Championship,USA,Miami FC,Sporting Jax,2026-09-30T23:00:00+00:00,57.5835,soccer.asian_handicap,period=ft,away,handicap=-1.75,1.49
2026-10-01T00:02:24.990476+02:00,36521466,USL Championship,USA,Miami FC,Sporting Jax,2026-09-30T23:00:00+00:00,57.5835,soccer.asian_handicap,period=ft,home,handicap=-1.5,2.2
2026-10-01T00:02:24.990476+02:00,36521466,USL Championship,USA,Miami FC,Sporting Jax,2026-09-30T23:00:00+00:00,57.5835,soccer.asian_handicap,period=ft,away,handicap=-1.5,1.65
2026-10-01T00:02:24.990476+02:00,36521466,USL Championship,USA,Miami FC,Sporting Jax,2026-09-30T23:00:00+00:00,57.5835,soccer.asian_handicap,period=ft,home,handicap=-1,1.74
2026-10-01T00:02:24.990476+02:00,36521466,USL Championship,USA,Miami FC,Sporting Jax,2026-09-30T23:00:00+00:00,57.5835,soccer.asian_handicap,period=ft,away,handicap=-1,2.07
2026-10-01T00:02:24.990476+02:00,36521466,USL Championship,USA,Miami FC,Sporting Jax,2026-09-30T23:00:00+00:00,57.5835,soccer.asian_handicap,period=ft,home,handicap=-0.75,1.58
2026-10-01T00:02:24.990476+02:00,36521466,USL Championship,USA,Miami FC,Sporting Jax,2026-09-30T23:00:00+00:00,57.5835,soccer.asian_handicap,period=ft,away,handicap=-0.75,2.3
2026-10-01T00:02:24.990476+02:00,36521466,USL Championship,USA,Miami FC,Sporting Jax,2026-09-30T23:00:00+00:00,57.5835,soccer.asian_handicap,period=ft,home,handicap=-0.5,1.47
2026-10-01T00:02:24.990476+02:00,36521466,USL Championship,USA,Miami FC,Sporting Jax,2026-09-30T23:00:00+00:00,57.5835,soccer.asian_handicap,period=ft,away,handicap=-0.5,2.6
2026-10-01T00:02:24.990476+02:00,36521466,USL Championship,USA,Miami FC,Sporting Jax,2026-09-30T23:00:00+00:00,57.5835,soccer.asian_handicap,period=ft,home,handicap=-0.25,1.32
2026-10-01T00:02:24.990476+02:00,36521466,USL Championship,USA,Miami FC,Sporting Jax,2026-09-30T23:00:00+00:00,57.5835,soccer.asian_handicap,period=ft,away,handicap=-0.25,3.25
2026-10-01T00:02:24.990476+02:00,36521466,USL Championship,USA,Miami FC,Sporting Jax,2026-09-30T23:00:00+00:00,57.5835,soccer.double_chance,period=ft,draw_away,,2.2
2026-10-01T00:02:24.990476+02:00,36521466,USL Championship,USA,Miami FC,Sporting Jax,2026-09-30T23:00:00+00:00,57.5835,soccer.double_chance,period=ft,home_away,,1.17
2026-10-01T00:02:24.990476+02:00,36521466,USL Championship,USA,Miami FC,Sporting Jax,2026-09-30T23:00:00+00:00,57.5835,soccer.double_chance,period=ft,home_draw,,1.14
2026-10-01T00:02:24.990476+02:00,36521466,USL Championship,USA,Miami FC,Sporting Jax,2026-09-30T23:00:00+00:00,57.5835,soccer.match_odds,period=ft,home,,1.48
2026-10-01T00:02:24.990476+02:00,36521466,USL Championship,USA,Miami FC,Sporting Jax,2026-09-30T23:00:00+00:00,57.5835,soccer.match_odds,period=ft,draw,,4.35
2026-10-01T00:02:24.990476+02:00,36521466,USL Championship,USA,Miami FC,Sporting Jax,2026-09-30T23:00:00+00:00,57.5835,soccer.match_odds,period=ft,away,,6.0
2026-10-01T00:02:24.990476+02:00,36521466,USL Championship,USA,Miami FC,Sporting Jax,2026-09-30T23:00:00+00:00,57.5835,soccer.total_goals,period=ft,over,total=3.5,2.0
2026-10-01T00:02:24.990476+02:00,36521466,USL Championship,USA,Miami FC,Sporting Jax,2026-09-30T23:00:00+00:00,57.5835,soccer.total_goals,period=ft,under,total=3.5,1.8
2026-10-01T00:02:24.990476+02:00,36521466,USL Championship,USA,Miami FC,Sporting Jax,2026-09-30T23:00:00+00:00,57.5835,soccer.total_goals,period=ft,over,total=1.5,1.1
2026-10-01T00:02:24.990476+02:00,36521466,USL Championship,USA,Miami FC,Sporting Jax,2026-09-30T23:00:00+00:00,57.5835,soccer.total_goals,period=ft,under,total=1.5,6.3
2026-10-01T00:02:24.990476+02:00,36521466,USL Championship,USA,Miami FC,Sporting Jax,2026-09-30T23:00:00+00:00,57.5835,soccer.total_goals,period=ft,over,total=2.5,1.39
2026-10-01T00:02:24.990476+02:00,36521466,USL Championship,USA,Miami FC,Sporting Jax,2026-09-30T23:00:00+00:00,57.5835,soccer.total_goals,period=ft,under,total=2.5,2.85
2026-10-01T00:02:24.990476+02:00,36521466,USL Championship,USA,Miami FC,Sporting Jax,2026-09-30T23:00:00+00:00,57.5835,soccer.total_goals,period=ft,over,total=3,1.59
2026-10-01T00:02:24.990476+02:00,36521466,USL Championship,USA,Miami FC,Sporting Jax,2026-09-30T23:00:00+00:00,57.5835,soccer.total_goals,period=ft,under,total=3,2.3
2026-10-01T00:02:24.990476+02:00,36521466,USL Championship,USA,Miami FC,Sporting Jax,2026-09-30T23:00:00+00:00,57.5835,soccer.total_goals,period=ft,over,total=3.25,1.79
2026-10-01T00:02:24.990476+02:00,36521466,USL Championship,USA,Miami FC,Sporting Jax,2026-09-30T23:00:00+00:00,57.5835,soccer.total_goals,period=ft,under,total=3.25,2.0
2026-10-01T00:02:24.990476+02:00,36521466,USL Championship,USA,Miami FC,Sporting Jax,2026-09-30T23:00:00+00:00,57.5835,soccer.total_goals,period=ft,over,total=3.75,2.25
2026-10-01T00:02:24.990476+02:00,36521466,USL Championship,USA,Miami FC,Sporting Jax,2026-09-30T23:00:00+00:00,57.5835,soccer.total_goals,period=ft,under,total=3.75,1.62
2026-10-01T00:02:24.990476+02:00,36521466,USL Championship,USA,Miami FC,Sporting Jax,2026-09-30T23:00:00+00:00,57.5835,soccer.total_goals,period=ft,over,total=4,2.7
2026-10-01T00:02:24.990476+02:00,36521466,USL Championship,USA,Miami FC,Sporting Jax,2026-09-30T23:00:00+00:00,57.5835,soccer.total_goals,period=ft,under,total=4,1.44
2026-10-01T00:02:24.990476+02:00,36521466,USL Championship,USA,Miami FC,Sporting Jax,2026-09-30T23:00:00+00:00,57.5835,soccer.total_goals,period=ft,over,total=4.5,3.3
2026-10-01T00:02:24.990476+02:00,36521466,USL Championship,USA,Miami FC,Sporting Jax,2026-09-30T23:00:00+00:00,57.5835,soccer.total_goals,period=ft,under,total=4.5,1.3
2026-10-01T00:02:24.990476+02:00,36521466,USL Championship,USA,Miami FC,Sporting Jax,2026-09-30T23:00:00+00:00,57.5835,soccer.total_goals,period=ft,over,total=5.5,5.95
2026-10-01T00:02:24.990476+02:00,36521466,USL Championship,USA,Miami FC,Sporting Jax,2026-09-30T23:00:00+00:00,57.5835,soccer.total_goals,period=ft,under,total=5.5,1.11
2026-10-01T00:02:24.990476+02:00,36521471,USL Championship,USA,Rhode Island FC,Indy Eleven,2026-09-30T23:30:00+00:00,87.5835,soccer.asian_handicap,period=ft,home,handicap=-0.5,1.85
2026-10-01T00:02:24.990476+02:00,36521471,USL Championship,USA,Rhode Island FC,Indy Eleven,2026-09-30T23:30:00+00:00,87.5835,soccer.asian_handicap,period=ft,away,handicap=-0.5,1.96
2026-10-01T00:02:24.990476+02:00,36521471,USL Championship,USA,Rhode Island FC,Indy Eleven,2026-09-30T23:30:00+00:00,87.5835,soccer.asian_handicap,period=ft,home,handicap=-1.5,3.2
2026-10-01T00:02:24.990476+02:00,36521471,USL Championship,USA,Rhode Island FC,Indy Eleven,2026-09-30T23:30:00+00:00,87.5835,soccer.asian_handicap,period=ft,away,handicap=-1.5,1.33
2026-10-01T00:02:24.990476+02:00,36521471,USL Championship,USA,Rhode Island FC,Indy Eleven,2026-09-30T23:30:00+00:00,87.5835,soccer.asian_handicap,period=ft,home,handicap=-1.25,2.85
2026-10-01T00:02:24.990476+02:00,36521471,USL Championship,USA,Rhode Island FC,Indy Eleven,2026-09-30T23:30:00+00:00,87.5835,soccer.asian_handicap,period=ft,away,handicap=-1.25,1.4
2026-10-01T00:02:24.990476+02:00,36521471,USL Championship,USA,Rhode Island FC,Indy Eleven,2026-09-30T23:30:00+00:00,87.5835,soccer.asian_handicap,period=ft,home,handicap=-1,2.5
2026-10-01T00:02:24.990476+02:00,36521471,USL Championship,USA,Rhode Island FC,Indy Eleven,2026-09-30T23:30:00+00:00,87.5835,soccer.asian_handicap,period=ft,away,handicap=-1,1.51
2026-10-01T00:02:24.990476+02:00,36521471,USL Championship,USA,Rhode Island FC,Indy Eleven,2026-09-30T23:30:00+00:00,87.5835,soccer.asian_handicap,period=ft,home,handicap=-0.75,2.09
2026-10-01T00:02:24.990476+02:00,36521471,USL Championship,USA,Rhode Island FC,Indy Eleven,2026-09-30T23:30:00+00:00,87.5835,soccer.asian_handicap,period=ft,away,handicap=-0.75,1.73
2026-10-01T00:02:24.990476+02:00,36521471,USL Championship,USA,Rhode Island FC,Indy Eleven,2026-09-30T23:30:00+00:00,87.5835,soccer.asian_handicap,period=ft,home,handicap=-0.25,1.63
2026-10-01T00:02:24.990476+02:00,36521471,USL Championship,USA,Rhode Island FC,Indy Eleven,2026-09-30T23:30:00+00:00,87.5835,soccer.asian_handicap,period=ft,away,handicap=-0.25,2.25
2026-10-01T00:02:24.990476+02:00,36521471,USL Championship,USA,Rhode Island FC,Indy Eleven,2026-09-30T23:30:00+00:00,87.5835,soccer.asian_handicap,period=ft,home,handicap=0,1.43
2026-10-01T00:02:24.990476+02:00,36521471,USL Championship,USA,Rhode Island FC,Indy Eleven,2026-09-30T23:30:00+00:00,87.5835,soccer.asian_handicap,period=ft,away,handicap=0,2.8
2026-10-01T00:02:24.990476+02:00,36521471,USL Championship,USA,Rhode Island FC,Indy Eleven,2026-09-30T23:30:00+00:00,87.5835,soccer.asian_handicap,period=ft,home,handicap=0.25,1.34
2026-10-01T00:02:24.990476+02:00,36521471,USL Championship,USA,Rhode Island FC,Indy Eleven,2026-09-30T23:30:00+00:00,87.5835,soccer.asian_handicap,period=ft,away,handicap=0.25,3.15
2026-10-01T00:02:24.990476+02:00,36521471,USL Championship,USA,Rhode Island FC,Indy Eleven,2026-09-30T23:30:00+00:00,87.5835,soccer.asian_handicap,period=ft,home,handicap=0.5,1.28
2026-10-01T00:02:24.990476+02:00,36521471,USL Championship,USA,Rhode Island FC,Indy Eleven,2026-09-30T23:30:00+00:00,87.5835,soccer.asian_handicap,period=ft,away,handicap=0.5,3.55
2026-10-01T00:02:24.990476+02:00,36521471,USL Championship,USA,Rhode Island FC,Indy Eleven,2026-09-30T23:30:00+00:00,87.5835,soccer.double_chance,period=ft,draw_away,,1.72
2026-10-01T00:02:24.990476+02:00,36521471,USL Championship,USA,Rhode Island FC,Indy Eleven,2026-09-30T23:30:00+00:00,87.5835,soccer.double_chance,period=ft,home_away,,1.23
2026-10-01T00:02:24.990476+02:00,36521471,USL Championship,USA,Rhode Island FC,Indy Eleven,2026-09-30T23:30:00+00:00,87.5835,soccer.double_chance,period=ft,home_draw,,1.24
2026-10-01T00:02:24.990476+02:00,36521471,USL Championship,USA,Rhode Island FC,Indy Eleven,2026-09-30T23:30:00+00:00,87.5835,soccer.match_odds,period=ft,home,,1.84
2026-10-01T00:02:24.990476+02:00,36521471,USL Championship,USA,Rhode Island FC,Indy Eleven,2026-09-30T23:30:00+00:00,87.5835,soccer.match_odds,period=ft,draw,,4.1
2026-10-01T00:02:24.990476+02:00,36521471,USL Championship,USA,Rhode Island FC,Indy Eleven,2026-09-30T23:30:00+00:00,87.5835,soccer.match_odds,period=ft,away,,3.55
2026-10-01T00:02:24.990476+02:00,36521471,USL Championship,USA,Rhode Island FC,Indy Eleven,2026-09-30T23:30:00+00:00,87.5835,soccer.total_goals,period=ft,over,total=2.75,1.8
2026-10-01T00:02:24.990476+02:00,36521471,USL Championship,USA,Rhode Island FC,Indy Eleven,2026-09-30T23:30:00+00:00,87.5835,soccer.total_goals,period=ft,under,total=2.75,2.0
2026-10-01T00:02:24.990476+02:00,36521471,USL Championship,USA,Rhode Island FC,Indy Eleven,2026-09-30T23:30:00+00:00,87.5835,soccer.total_goals,period=ft,over,total=1.5,1.19
2026-10-01T00:02:24.990476+02:00,36521471,USL Championship,USA,Rhode Island FC,Indy Eleven,2026-09-30T23:30:00+00:00,87.5835,soccer.total_goals,period=ft,under,total=1.5,4.35
2026-10-01T00:02:24.990476+02:00,36521471,USL Championship,USA,Rhode Island FC,Indy Eleven,2026-09-30T23:30:00+00:00,87.5835,soccer.total_goals,period=ft,over,total=2.25,1.46
2026-10-01T00:02:24.990476+02:00,36521471,USL Championship,USA,Rhode Island FC,Indy Eleven,2026-09-30T23:30:00+00:00,87.5835,soccer.total_goals,period=ft,under,total=2.25,2.65
2026-10-01T00:02:24.990476+02:00,36521471,USL Championship,USA,Rhode Island FC,Indy Eleven,2026-09-30T23:30:00+00:00,87.5835,soccer.total_goals,period=ft,over,total=2.5,1.64
2026-10-01T00:02:24.990476+02:00,36521471,USL Championship,USA,Rhode Island FC,Indy Eleven,2026-09-30T23:30:00+00:00,87.5835,soccer.total_goals,period=ft,under,total=2.5,2.2
2026-10-01T00:02:24.990476+02:00,36521471,USL Championship,USA,Rhode Island FC,Indy Eleven,2026-09-30T23:30:00+00:00,87.5835,soccer.total_goals,period=ft,over,total=3,2.06
2026-10-01T00:02:24.990476+02:00,36521471,USL Championship,USA,Rhode Island FC,Indy Eleven,2026-09-30T23:30:00+00:00,87.5835,soccer.total_goals,period=ft,under,total=3,1.74
2026-10-01T00:02:24.990476+02:00,36521471,USL Championship,USA,Rhode Island FC,Indy Eleven,2026-09-30T23:30:00+00:00,87.5835,soccer.total_goals,period=ft,over,total=3.25,2.35
2026-10-01T00:02:24.990476+02:00,36521471,USL Championship,USA,Rhode Island FC,Indy Eleven,2026-09-30T23:30:00+00:00,87.5835,soccer.total_goals,period=ft,under,total=3.25,1.57
2026-10-01T00:02:24.990476+02:00,36521471,USL Championship,USA,Rhode Island FC,Indy Eleven,2026-09-30T23:30:00+00:00,87.5835,soccer.total_goals,period=ft,over,total=3.5,2.6
2026-10-01T00:02:24.990476+02:00,36521471,USL Championship,USA,Rhode Island FC,Indy Eleven,2026-09-30T23:30:00+00:00,87.5835,soccer.total_goals,period=ft,under,total=3.5,1.46
2026-10-01T00:02:24.990476+02:00,36521471,USL Championship,USA,Rhode Island FC,Indy Eleven,2026-09-30T23:30:00+00:00,87.5835,soccer.total_goals,period=ft,over,total=4.5,4.8
2026-10-01T00:02:24.990476+02:00,36521471,USL Championship,USA,Rhode Island FC,Indy Eleven,2026-09-30T23:30:00+00:00,87.5835,soccer.total_goals,period=ft,under,total=4.5,1.16
2026-10-01T00:02:24.990476+02:00,36522149,Primera Division,Uruguay,Montevideo City Torque,CA Penarol Montevideo,2026-09-30T23:00:00+00:00,57.5835,soccer.asian_handicap,period=ft,home,handicap=0.25,2.03
2026-10-01T00:02:24.990476+02:00,36522149,Primera Division,Uruguay,Montevideo City Torque,CA Penarol Montevideo,2026-09-30T23:00:00+00:00,57.5835,soccer.asian_handicap,period=ft,away,handicap=0.25,1.8
2026-10-01T00:02:24.990476+02:00,36522149,Primera Division,Uruguay,Montevideo City Torque,CA Penarol Montevideo,2026-09-30T23:00:00+00:00,57.5835,soccer.asian_handicap,period=ft,home,handicap=-0.75,4.4
2026-10-01T00:02:24.990476+02:00,36522149,Primera Division,Uruguay,Montevideo City Torque,CA Penarol Montevideo,2026-09-30T23:00:00+00:00,57.5835,soccer.asian_handicap,period=ft,away,handicap=-0.75,1.2
2026-10-01T00:02:24.990476+02:00,36522149,Primera Division,Uruguay,Montevideo City Torque,CA Penarol Montevideo,2026-09-30T23:00:00+00:00,57.5835,soccer.asian_handicap,period=ft,home,handicap=-0.5,3.4
2026-10-01T00:02:24.990476+02:00,36522149,Primera Division,Uruguay,Montevideo City Torque,CA Penarol Montevideo,2026-09-30T23:00:00+00:00,57.5835,soccer.asian_handicap,period=ft,away,handicap=-0.5,1.31
2026-10-01T00:02:24.990476+02:00,36522149,Primera Division,Uruguay,Montevideo City Torque,CA Penarol Montevideo,2026-09-30T23:00:00+00:00,57.5835,soccer.asian_handicap,period=ft,home,handicap=-0.25,2.95
2026-10-01T00:02:24.990476+02:00,36522149,Primera Division,Uruguay,Montevideo City Torque,CA Penarol Montevideo,2026-09-30T23:00:00+00:00,57.5835,soccer.asian_handicap,period=ft,away,handicap=-0.25,1.39
2026-10-01T00:02:24.990476+02:00,36522149,Primera Division,Uruguay,Montevideo City Torque,CA Penarol Montevideo,2026-09-30T23:00:00+00:00,57.5835,soccer.asian_handicap,period=ft,home,handicap=0,2.5
2026-10-01T00:02:24.990476+02:00,36522149,Primera Division,Uruguay,Montevideo City Torque,CA Penarol Montevideo,2026-09-30T23:00:00+00:00,57.5835,soccer.asian_handicap,period=ft,away,handicap=0,1.52
2026-10-01T00:02:24.990476+02:00,36522149,Primera Division,Uruguay,Montevideo City Torque,CA Penarol Montevideo,2026-09-30T23:00:00+00:00,57.5835,soccer.asian_handicap,period=ft,home,handicap=0.5,1.76
2026-10-01T00:02:24.990476+02:00,36522149,Primera Division,Uruguay,Montevideo City Torque,CA Penarol Montevideo,2026-09-30T23:00:00+00:00,57.5835,soccer.asian_handicap,period=ft,away,handicap=0.5,2.07
2026-10-01T00:02:24.990476+02:00,36522149,Primera Division,Uruguay,Montevideo City Torque,CA Penarol Montevideo,2026-09-30T23:00:00+00:00,57.5835,soccer.asian_handicap,period=ft,home,handicap=0.75,1.55
2026-10-01T00:02:24.990476+02:00,36522149,Primera Division,Uruguay,Montevideo City Torque,CA Penarol Montevideo,2026-09-30T23:00:00+00:00,57.5835,soccer.asian_handicap,period=ft,away,handicap=0.75,2.45
2026-10-01T00:02:24.990476+02:00,36522149,Primera Division,Uruguay,Montevideo City Torque,CA Penarol Montevideo,2026-09-30T23:00:00+00:00,57.5835,soccer.asian_handicap,period=ft,home,handicap=1,1.34
2026-10-01T00:02:24.990476+02:00,36522149,Primera Division,Uruguay,Montevideo City Torque,CA Penarol Montevideo,2026-09-30T23:00:00+00:00,57.5835,soccer.asian_handicap,period=ft,away,handicap=1,3.15
2026-10-01T00:02:24.990476+02:00,36522149,Primera Division,Uruguay,Montevideo City Torque,CA Penarol Montevideo,2026-09-30T23:00:00+00:00,57.5835,soccer.asian_handicap,period=ft,home,handicap=1.25,1.27
2026-10-01T00:02:24.990476+02:00,36522149,Primera Division,Uruguay,Montevideo City Torque,CA Penarol Montevideo,2026-09-30T23:00:00+00:00,57.5835,soccer.asian_handicap,period=ft,away,handicap=1.25,3.65
2026-10-01T00:02:24.990476+02:00,36522149,Primera Division,Uruguay,Montevideo City Torque,CA Penarol Montevideo,2026-09-30T23:00:00+00:00,57.5835,soccer.double_chance,period=ft,draw_away,,1.32
2026-10-01T00:02:24.990476+02:00,36522149,Primera Division,Uruguay,Montevideo City Torque,CA Penarol Montevideo,2026-09-30T23:00:00+00:00,57.5835,soccer.double_chance,period=ft,home_away,,1.27
2026-10-01T00:02:24.990476+02:00,36522149,Primera Division,Uruguay,Montevideo City Torque,CA Penarol Montevideo,2026-09-30T23:00:00+00:00,57.5835,soccer.double_chance,period=ft,home_draw,,1.76
2026-10-01T00:02:24.990476+02:00,36522149,Primera Division,Uruguay,Montevideo City Torque,CA Penarol Montevideo,2026-09-30T23:00:00+00:00,57.5835,soccer.match_odds,period=ft,home,,3.4
2026-10-01T00:02:24.990476+02:00,36522149,Primera Division,Uruguay,Montevideo City Torque,CA Penarol Montevideo,2026-09-30T23:00:00+00:00,57.5835,soccer.match_odds,period=ft,draw,,3.5
2026-10-01T00:02:24.990476+02:00,36522149,Primera Division,Uruguay,Montevideo City Torque,CA Penarol Montevideo,2026-09-30T23:00:00+00:00,57.5835,soccer.match_odds,period=ft,away,,2.07
2026-10-01T00:02:24.990476+02:00,36522149,Primera Division,Uruguay,Montevideo City Torque,CA Penarol Montevideo,2026-09-30T23:00:00+00:00,57.5835,soccer.total_goals,period=ft,over,total=2.5,2.01
2026-10-01T00:02:24.990476+02:00,36522149,Primera Division,Uruguay,Montevideo City Torque,CA Penarol Montevideo,2026-09-30T23:00:00+00:00,57.5835,soccer.total_goals,period=ft,under,total=2.5,1.8
2026-10-01T00:02:24.990476+02:00,36522149,Primera Division,Uruguay,Montevideo City Torque,CA Penarol Montevideo,2026-09-30T23:00:00+00:00,57.5835,soccer.total_goals,period=ft,over,total=1.5,1.3
2026-10-01T00:02:24.990476+02:00,36522149,Primera Division,Uruguay,Montevideo City Torque,CA Penarol Montevideo,2026-09-30T23:00:00+00:00,57.5835,soccer.total_goals,period=ft,under,total=1.5,3.35
2026-10-01T00:02:24.990476+02:00,36522149,Primera Division,Uruguay,Montevideo City Torque,CA Penarol Montevideo,2026-09-30T23:00:00+00:00,57.5835,soccer.total_goals,period=ft,over,total=2,1.5
2026-10-01T00:02:24.990476+02:00,36522149,Primera Division,Uruguay,Montevideo City Torque,CA Penarol Montevideo,2026-09-30T23:00:00+00:00,57.5835,soccer.total_goals,period=ft,under,total=2,2.55
2026-10-01T00:02:24.990476+02:00,36522149,Primera Division,Uruguay,Montevideo City Torque,CA Penarol Montevideo,2026-09-30T23:00:00+00:00,57.5835,soccer.total_goals,period=ft,over,total=2.25,1.75
2026-10-01T00:02:24.990476+02:00,36522149,Primera Division,Uruguay,Montevideo City Torque,CA Penarol Montevideo,2026-09-30T23:00:00+00:00,57.5835,soccer.total_goals,period=ft,under,total=2.25,2.05
2026-10-01T00:02:24.990476+02:00,36522149,Primera Division,Uruguay,Montevideo City Torque,CA Penarol Montevideo,2026-09-30T23:00:00+00:00,57.5835,soccer.total_goals,period=ft,over,total=2.75,2.3
2026-10-01T00:02:24.990476+02:00,36522149,Primera Division,Uruguay,Montevideo City Torque,CA Penarol Montevideo,2026-09-30T23:00:00+00:00,57.5835,soccer.total_goals,period=ft,under,total=2.75,1.6
2026-10-01T00:02:24.990476+02:00,36522149,Primera Division,Uruguay,Montevideo City Torque,CA Penarol Montevideo,2026-09-30T23:00:00+00:00,57.5835,soccer.total_goals,period=ft,over,total=3,2.85
2026-10-01T00:02:24.990476+02:00,36522149,Primera Division,Uruguay,Montevideo City Torque,CA Penarol Montevideo,2026-09-30T23:00:00+00:00,57.5835,soccer.total_goals,period=ft,under,total=3,1.41
2026-10-01T00:02:24.990476+02:00,36522149,Primera Division,Uruguay,Montevideo City Torque,CA Penarol Montevideo,2026-09-30T23:00:00+00:00,57.5835,soccer.total_goals,period=ft,over,total=3.5,3.55
2026-10-01T00:02:24.990476+02:00,36522149,Primera Division,Uruguay,Montevideo City Torque,CA Penarol Montevideo,2026-09-30T23:00:00+00:00,57.5835,soccer.total_goals,period=ft,under,total=3.5,1.28
2026-10-01T00:02:24.990476+02:00,36522149,Primera Division,Uruguay,Montevideo City Torque,CA Penarol Montevideo,2026-09-30T23:00:00+00:00,57.5835,soccer.total_goals,period=ft,over,total=4.5,7.05
2026-10-01T00:02:24.990476+02:00,36522149,Primera Division,Uruguay,Montevideo City Torque,CA Penarol Montevideo,2026-09-30T23:00:00+00:00,57.5835,soccer.total_goals,period=ft,under,total=4.5,1.09
2026-10-01T00:02:24.990476+02:00,36561004,Copa Paraguay,Paraguay,Cerro Porteno,Rubio Nu,2026-09-30T22:30:00+00:00,27.5835,soccer.asian_handicap,period=ft,home,handicap=-1,1.79
2026-10-01T00:02:24.990476+02:00,36561004,Copa Paraguay,Paraguay,Cerro Porteno,Rubio Nu,2026-09-30T22:30:00+00:00,27.5835,soccer.asian_handicap,period=ft,away,handicap=-1,1.9
2026-10-01T00:02:24.990476+02:00,36561004,Copa Paraguay,Paraguay,Cerro Porteno,Rubio Nu,2026-09-30T22:30:00+00:00,27.5835,soccer.asian_handicap,period=ft,home,handicap=-1.75,2.85
2026-10-01T00:02:24.990476+02:00,36561004,Copa Paraguay,Paraguay,Cerro Porteno,Rubio Nu,2026-09-30T22:30:00+00:00,27.5835,soccer.asian_handicap,period=ft,away,handicap=-1.75,1.33
2026-10-01T00:02:24.990476+02:00,36561004,Copa Paraguay,Paraguay,Cerro Porteno,Rubio Nu,2026-09-30T22:30:00+00:00,27.5835,soccer.asian_handicap,period=ft,home,handicap=-1.5,2.35
2026-10-01T00:02:24.990476+02:00,36561004,Copa Paraguay,Paraguay,Cerro Porteno,Rubio Nu,2026-09-30T22:30:00+00:00,27.5835,soccer.asian_handicap,period=ft,away,handicap=-1.5,1.48
2026-10-01T00:02:24.990476+02:00,36561004,Copa Paraguay,Paraguay,Cerro Porteno,Rubio Nu,2026-09-30T22:30:00+00:00,27.5835,soccer.asian_handicap,period=ft,home,handicap=-1.25,2.08
2026-10-01T00:02:24.990476+02:00,36561004,Copa Paraguay,Paraguay,Cerro Porteno,Rubio Nu,2026-09-30T22:30:00+00:00,27.5835,soccer.asian_handicap,period=ft,away,handicap=-1.25,1.64
2026-10-01T00:02:24.990476+02:00,36561004,Copa Paraguay,Paraguay,Cerro Porteno,Rubio Nu,2026-09-30T22:30:00+00:00,27.5835,soccer.asian_handicap,period=ft,home,handicap=-0.75,1.56
2026-10-01T00:02:24.990476+02:00,36561004,Copa Paraguay,Paraguay,Cerro Porteno,Rubio Nu,2026-09-30T22:30:00+00:00,27.5835,soccer.asian_handicap,period=ft,away,handicap=-0.75,2.2
2026-10-01T00:02:24.990476+02:00,36561004,Copa Paraguay,Paraguay,Cerro Porteno,Rubio Nu,2026-09-30T22:30:00+00:00,27.5835,soccer.asian_handicap,period=ft,home,handicap=-0.5,1.43
2026-10-01T00:02:24.990476+02:00,36561004,Copa Paraguay,Paraguay,Cerro Porteno,Rubio Nu,2026-09-30T22:30:00+00:00,27.5835,soccer.asian_handicap,period=ft,away,handicap=-0.5,2.45
2026-10-01T00:02:24.990476+02:00,36561004,Copa Paraguay,Paraguay,Cerro Porteno,Rubio Nu,2026-09-30T22:30:00+00:00,27.5835,soccer.asian_handicap,period=ft,home,handicap=-0.25,1.27
2026-10-01T00:02:24.990476+02:00,36561004,Copa Paraguay,Paraguay,Cerro Porteno,Rubio Nu,2026-09-30T22:30:00+00:00,27.5835,soccer.asian_handicap,period=ft,away,handicap=-0.25,3.15
2026-10-01T00:02:24.990476+02:00,36561004,Copa Paraguay,Paraguay,Cerro Porteno,Rubio Nu,2026-09-30T22:30:00+00:00,27.5835,soccer.double_chance,period=ft,draw_away,,2.45
2026-10-01T00:02:24.990476+02:00,36561004,Copa Paraguay,Paraguay,Cerro Porteno,Rubio Nu,2026-09-30T22:30:00+00:00,27.5835,soccer.double_chance,period=ft,home_away,,1.24
2026-10-01T00:02:24.990476+02:00,36561004,Copa Paraguay,Paraguay,Cerro Porteno,Rubio Nu,2026-09-30T22:30:00+00:00,27.5835,soccer.double_chance,period=ft,home_draw,,1.13
2026-10-01T00:02:24.990476+02:00,36561004,Copa Paraguay,Paraguay,Cerro Porteno,Rubio Nu,2026-09-30T22:30:00+00:00,27.5835,soccer.match_odds,period=ft,home,,1.44
2026-10-01T00:02:24.990476+02:00,36561004,Copa Paraguay,Paraguay,Cerro Porteno,Rubio Nu,2026-09-30T22:30:00+00:00,27.5835,soccer.match_odds,period=ft,draw,,3.7
2026-10-01T00:02:24.990476+02:00,36561004,Copa Paraguay,Paraguay,Cerro Porteno,Rubio Nu,2026-09-30T22:30:00+00:00,27.5835,soccer.match_odds,period=ft,away,,6.1
2026-10-01T00:02:24.990476+02:00,36561004,Copa Paraguay,Paraguay,Cerro Porteno,Rubio Nu,2026-09-30T22:30:00+00:00,27.5835,soccer.total_goals,period=ft,over,total=2.25,1.76
2026-10-01T00:02:24.990476+02:00,36561004,Copa Paraguay,Paraguay,Cerro Porteno,Rubio Nu,2026-09-30T22:30:00+00:00,27.5835,soccer.total_goals,period=ft,under,total=2.25,1.94
2026-10-01T00:02:24.990476+02:00,36561004,Copa Paraguay,Paraguay,Cerro Porteno,Rubio Nu,2026-09-30T22:30:00+00:00,27.5835,soccer.total_goals,period=ft,over,total=1.5,1.29
2026-10-01T00:02:24.990476+02:00,36561004,Copa Paraguay,Paraguay,Cerro Porteno,Rubio Nu,2026-09-30T22:30:00+00:00,27.5835,soccer.total_goals,period=ft,under,total=1.5,3.05
2026-10-01T00:02:24.990476+02:00,36561004,Copa Paraguay,Paraguay,Cerro Porteno,Rubio Nu,2026-09-30T22:30:00+00:00,27.5835,soccer.total_goals,period=ft,over,total=1.75,1.36
2026-10-01T00:02:24.990476+02:00,36561004,Copa Paraguay,Paraguay,Cerro Porteno,Rubio Nu,2026-09-30T22:30:00+00:00,27.5835,soccer.total_goals,period=ft,under,total=1.75,2.7
2026-10-01T00:02:24.990476+02:00,36561004,Copa Paraguay,Paraguay,Cerro Porteno,Rubio Nu,2026-09-30T22:30:00+00:00,27.5835,soccer.total_goals,period=ft,over,total=2,1.49
2026-10-01T00:02:24.990476+02:00,36561004,Copa Paraguay,Paraguay,Cerro Porteno,Rubio Nu,2026-09-30T22:30:00+00:00,27.5835,soccer.total_goals,period=ft,under,total=2,2.35
2026-10-01T00:02:24.990476+02:00,36561004,Copa Paraguay,Paraguay,Cerro Porteno,Rubio Nu,2026-09-30T22:30:00+00:00,27.5835,soccer.total_goals,period=ft,over,total=2.5,2.0
2026-10-01T00:02:24.990476+02:00,36561004,Copa Paraguay,Paraguay,Cerro Porteno,Rubio Nu,2026-09-30T22:30:00+00:00,27.5835,soccer.total_goals,period=ft,under,total=2.5,1.69
2026-10-01T00:02:24.990476+02:00,36561004,Copa Paraguay,Paraguay,Cerro Porteno,Rubio Nu,2026-09-30T22:30:00+00:00,27.5835,soccer.total_goals,period=ft,over,total=2.75,2.25
2026-10-01T00:02:24.990476+02:00,36561004,Copa Paraguay,Paraguay,Cerro Porteno,Rubio Nu,2026-09-30T22:30:00+00:00,27.5835,soccer.total_goals,period=ft,under,total=2.75,1.51
2026-10-01T00:02:24.990476+02:00,36561004,Copa Paraguay,Paraguay,Cerro Porteno,Rubio Nu,2026-09-30T22:30:00+00:00,27.5835,soccer.total_goals,period=ft,over,total=3,2.8
2026-10-01T00:02:24.990476+02:00,36561004,Copa Paraguay,Paraguay,Cerro Porteno,Rubio Nu,2026-09-30T22:30:00+00:00,27.5835,soccer.total_goals,period=ft,under,total=3,1.34
2026-10-01T00:02:24.990476+02:00,36577752,Brazil Campeonato Paraibano (PB) Division 2,Brazil,Auto EC (PB),Picuiense PB,2026-09-30T23:15:00+00:00,72.5835,soccer.asian_handicap,period=ft,home,handicap=-1.75,1.75
2026-10-01T00:02:24.990476+02:00,36577752,Brazil Campeonato Paraibano (PB) Division 2,Brazil,Auto EC (PB),Picuiense PB,2026-09-30T23:15:00+00:00,72.5835,soccer.asian_handicap,period=ft,away,handicap=-1.75,1.94
2026-10-01T00:02:24.990476+02:00,36577752,Brazil Campeonato Paraibano (PB) Division 2,Brazil,Auto EC (PB),Picuiense PB,2026-09-30T23:15:00+00:00,72.5835,soccer.asian_handicap,period=ft,home,handicap=-2.5,2.45
2026-10-01T00:02:24.990476+02:00,36577752,Brazil Campeonato Paraibano (PB) Division 2,Brazil,Auto EC (PB),Picuiense PB,2026-09-30T23:15:00+00:00,72.5835,soccer.asian_handicap,period=ft,away,handicap=-2.5,1.42
2026-10-01T00:02:24.990476+02:00,36577752,Brazil Campeonato Paraibano (PB) Division 2,Brazil,Auto EC (PB),Picuiense PB,2026-09-30T23:15:00+00:00,72.5835,soccer.asian_handicap,period=ft,home,handicap=-2.25,2.2
2026-10-01T00:02:24.990476+02:00,36577752,Brazil Campeonato Paraibano (PB) Division 2,Brazil,Auto EC (PB),Picuiense PB,2026-09-30T23:15:00+00:00,72.5835,soccer.asian_handicap,period=ft,away,handicap=-2.25,1.52
2026-10-01T00:02:24.990476+02:00,36577752,Brazil Campeonato Paraibano (PB) Division 2,Brazil,Auto EC (PB),Picuiense PB,2026-09-30T23:15:00+00:00,72.5835,soccer.asian_handicap,period=ft,home,handicap=-2,1.99
2026-10-01T00:02:24.990476+02:00,36577752,Brazil Campeonato Paraibano (PB) Division 2,Brazil,Auto EC (PB),Picuiense PB,2026-09-30T23:15:00+00:00,72.5835,soccer.asian_handicap,period=ft,away,handicap=-2,1.69
2026-10-01T00:02:24.990476+02:00,36577752,Brazil Campeonato Paraibano (PB) Division 2,Brazil,Auto EC (PB),Picuiense PB,2026-09-30T23:15:00+00:00,72.5835,soccer.asian_handicap,period=ft,home,handicap=-1.5,1.59
2026-10-01T00:02:24.990476+02:00,36577752,Brazil Campeonato Paraibano (PB) Division 2,Brazil,Auto EC (PB),Picuiense PB,2026-09-30T23:15:00+00:00,72.5835,soccer.asian_handicap,period=ft,away,handicap=-1.5,2.15
2026-10-01T00:02:24.990476+02:00,36577752,Brazil Campeonato Paraibano (PB) Division 2,Brazil,Auto EC (PB),Picuiense PB,2026-09-30T23:15:00+00:00,72.5835,soccer.asian_handicap,period=ft,home,handicap=-1.25,1.42
2026-10-01T00:02:24.990476+02:00,36577752,Brazil Campeonato Paraibano (PB) Division 2,Brazil,Auto EC (PB),Picuiense PB,2026-09-30T23:15:00+00:00,72.5835,soccer.asian_handicap,period=ft,away,handicap=-1.25,2.45
2026-10-01T00:02:24.990476+02:00,36577752,Brazil Campeonato Paraibano (PB) Division 2,Brazil,Auto EC (PB),Picuiense PB,2026-09-30T23:15:00+00:00,72.5835,soccer.asian_handicap,period=ft,home,handicap=-1,1.27
2026-10-01T00:02:24.990476+02:00,36577752,Brazil Campeonato Paraibano (PB) Division 2,Brazil,Auto EC (PB),Picuiense PB,2026-09-30T23:15:00+00:00,72.5835,soccer.asian_handicap,period=ft,away,handicap=-1,3.1
2026-10-01T00:02:24.990476+02:00,36577752,Brazil Campeonato Paraibano (PB) Division 2,Brazil,Auto EC (PB),Picuiense PB,2026-09-30T23:15:00+00:00,72.5835,soccer.total_goals,period=ft,over,total=3,1.74
2026-10-01T00:02:24.990476+02:00,36577752,Brazil Campeonato Paraibano (PB) Division 2,Brazil,Auto EC (PB),Picuiense PB,2026-09-30T23:15:00+00:00,72.5835,soccer.total_goals,period=ft,under,total=3,1.95
2026-10-01T00:02:24.990476+02:00,36577752,Brazil Campeonato Paraibano (PB) Division 2,Brazil,Auto EC (PB),Picuiense PB,2026-09-30T23:15:00+00:00,72.5835,soccer.total_goals,period=ft,over,total=2.25,1.31
2026-10-01T00:02:24.990476+02:00,36577752,Brazil Campeonato Paraibano (PB) Division 2,Brazil,Auto EC (PB),Picuiense PB,2026-09-30T23:15:00+00:00,72.5835,soccer.total_goals,period=ft,under,total=2.25,2.9
2026-10-01T00:02:24.990476+02:00,36577752,Brazil Campeonato Paraibano (PB) Division 2,Brazil,Auto EC (PB),Picuiense PB,2026-09-30T23:15:00+00:00,72.5835,soccer.total_goals,period=ft,over,total=2.5,1.46
2026-10-01T00:02:24.990476+02:00,36577752,Brazil Campeonato Paraibano (PB) Division 2,Brazil,Auto EC (PB),Picuiense PB,2026-09-30T23:15:00+00:00,72.5835,soccer.total_goals,period=ft,under,total=2.5,2.35
2026-10-01T00:02:24.990476+02:00,36577752,Brazil Campeonato Paraibano (PB) Division 2,Brazil,Auto EC (PB),Picuiense PB,2026-09-30T23:15:00+00:00,72.5835,soccer.total_goals,period=ft,over,total=2.75,1.57
2026-10-01T00:02:24.990476+02:00,36577752,Brazil Campeonato Paraibano (PB) Division 2,Brazil,Auto EC (PB),Picuiense PB,2026-09-30T23:15:00+00:00,72.5835,soccer.total_goals,period=ft,under,total=2.75,2.17
2026-10-01T00:02:24.990476+02:00,36577752,Brazil Campeonato Paraibano (PB) Division 2,Brazil,Auto EC (PB),Picuiense PB,2026-09-30T23:15:00+00:00,72.5835,soccer.total_goals,period=ft,over,total=3.25,1.96
2026-10-01T00:02:24.990476+02:00,36577752,Brazil Campeonato Paraibano (PB) Division 2,Brazil,Auto EC (PB),Picuiense PB,2026-09-30T23:15:00+00:00,72.5835,soccer.total_goals,period=ft,under,total=3.25,1.71
2026-10-01T00:02:24.990476+02:00,36577752,Brazil Campeonato Paraibano (PB) Division 2,Brazil,Auto EC (PB),Picuiense PB,2026-09-30T23:15:00+00:00,72.5835,soccer.total_goals,period=ft,over,total=3.5,2.14
2026-10-01T00:02:24.990476+02:00,36577752,Brazil Campeonato Paraibano (PB) Division 2,Brazil,Auto EC (PB),Picuiense PB,2026-09-30T23:15:00+00:00,72.5835,soccer.total_goals,period=ft,under,total=3.5,1.56
2026-10-01T00:02:24.990476+02:00,36577752,Brazil Campeonato Paraibano (PB) Division 2,Brazil,Auto EC (PB),Picuiense PB,2026-09-30T23:15:00+00:00,72.5835,soccer.total_goals,period=ft,over,total=3.75,2.45
2026-10-01T00:02:24.990476+02:00,36577752,Brazil Campeonato Paraibano (PB) Division 2,Brazil,Auto EC (PB),Picuiense PB,2026-09-30T23:15:00+00:00,72.5835,soccer.total_goals,period=ft,under,total=3.75,1.43
2026-10-01T00:02:24.990476+02:00,36573249,Copa Division Profesional,Bolivia,CD Real Tomayapo,CA Nacional Potosi,2026-09-30T22:30:00+00:00,27.5835,soccer.asian_handicap,period=ft,home,handicap=0,1.9
2026-10-01T00:02:24.990476+02:00,36573249,Copa Division Profesional,Bolivia,CD Real Tomayapo,CA Nacional Potosi,2026-09-30T22:30:00+00:00,27.5835,soccer.asian_handicap,period=ft,away,handicap=0,1.79
2026-10-01T00:02:24.990476+02:00,36573249,Copa Division Profesional,Bolivia,CD Real Tomayapo,CA Nacional Potosi,2026-09-30T22:30:00+00:00,27.5835,soccer.asian_handicap,period=ft,home,handicap=-0.75,2.75
2026-10-01T00:02:24.990476+02:00,36573249,Copa Division Profesional,Bolivia,CD Real Tomayapo,CA Nacional Potosi,2026-09-30T22:30:00+00:00,27.5835,soccer.asian_handicap,period=ft,away,handicap=-0.75,1.35
2026-10-01T00:02:24.990476+02:00,36573249,Copa Division Profesional,Bolivia,CD Real Tomayapo,CA Nacional Potosi,2026-09-30T22:30:00+00:00,27.5835,soccer.asian_handicap,period=ft,home,handicap=-0.5,2.35
2026-10-01T00:02:24.990476+02:00,36573249,Copa Division Profesional,Bolivia,CD Real Tomayapo,CA Nacional Potosi,2026-09-30T22:30:00+00:00,27.5835,soccer.asian_handicap,period=ft,away,handicap=-0.5,1.48
2026-10-01T00:02:24.990476+02:00,36573249,Copa Division Profesional,Bolivia,CD Real Tomayapo,CA Nacional Potosi,2026-09-30T22:30:00+00:00,27.5835,soccer.asian_handicap,period=ft,home,handicap=-0.25,2.14
2026-10-01T00:02:24.990476+02:00,36573249,Copa Division Profesional,Bolivia,CD Real Tomayapo,CA Nacional Potosi,2026-09-30T22:30:00+00:00,27.5835,soccer.asian_handicap,period=ft,away,handicap=-0.25,1.6
2026-10-01T00:02:24.990476+02:00,36573249,Copa Division Profesional,Bolivia,CD Real Tomayapo,CA Nacional Potosi,2026-09-30T22:30:00+00:00,27.5835,soccer.asian_handicap,period=ft,home,handicap=0.25,1.68
2026-10-01T00:02:24.990476+02:00,36573249,Copa Division Profesional,Bolivia,CD Real Tomayapo,CA Nacional Potosi,2026-09-30T22:30:00+00:00,27.5835,soccer.asian_handicap,period=ft,away,handicap=0.25,2.01
2026-10-01T00:02:24.990476+02:00,36573249,Copa Division Profesional,Bolivia,CD Real Tomayapo,CA Nacional Potosi,2026-09-30T22:30:00+00:00,27.5835,soccer.asian_handicap,period=ft,home,handicap=0.5,1.54
2026-10-01T00:02:24.990476+02:00,36573249,Copa Division Profesional,Bolivia,CD Real Tomayapo,CA Nacional Potosi,2026-09-30T22:30:00+00:00,27.5835,soccer.asian_handicap,period=ft,away,handicap=0.5,2.2
2026-10-01T00:02:24.990476+02:00,36573249,Copa Division Profesional,Bolivia,CD Real Tomayapo,CA Nacional Potosi,2026-09-30T22:30:00+00:00,27.5835,soccer.asian_handicap,period=ft,home,handicap=0.75,1.39
2026-10-01T00:02:24.990476+02:00,36573249,Copa Division Profesional,Bolivia,CD Real Tomayapo,CA Nacional Potosi,2026-09-30T22:30:00+00:00,27.5835,soccer.asian_handicap,period=ft,away,handicap=0.75,2.6
2026-10-01T00:02:24.990476+02:00,36573249,Copa Division Profesional,Bolivia,CD Real Tomayapo,CA Nacional Potosi,2026-09-30T22:30:00+00:00,27.5835,soccer.match_odds,period=ft,home,,2.35
2026-10-01T00:02:24.990476+02:00,36573249,Copa Division Profesional,Bolivia,CD Real Tomayapo,CA Nacional Potosi,2026-09-30T22:30:00+00:00,27.5835,soccer.match_odds,period=ft,draw,,3.8
2026-10-01T00:02:24.990476+02:00,36573249,Copa Division Profesional,Bolivia,CD Real Tomayapo,CA Nacional Potosi,2026-09-30T22:30:00+00:00,27.5835,soccer.match_odds,period=ft,away,,2.25
2026-10-01T00:02:24.990476+02:00,36573249,Copa Division Profesional,Bolivia,CD Real Tomayapo,CA Nacional Potosi,2026-09-30T22:30:00+00:00,27.5835,soccer.total_goals,period=ft,over,total=3,1.87
2026-10-01T00:02:24.990476+02:00,36573249,Copa Division Profesional,Bolivia,CD Real Tomayapo,CA Nacional Potosi,2026-09-30T22:30:00+00:00,27.5835,soccer.total_goals,period=ft,under,total=3,1.82
2026-10-01T00:02:24.990476+02:00,36573249,Copa Division Profesional,Bolivia,CD Real Tomayapo,CA Nacional Potosi,2026-09-30T22:30:00+00:00,27.5835,soccer.total_goals,period=ft,over,total=2.25,1.36
2026-10-01T00:02:24.990476+02:00,36573249,Copa Division Profesional,Bolivia,CD Real Tomayapo,CA Nacional Potosi,2026-09-30T22:30:00+00:00,27.5835,soccer.total_goals,period=ft,under,total=2.25,2.7
2026-10-01T00:02:24.990476+02:00,36573249,Copa Division Profesional,Bolivia,CD Real Tomayapo,CA Nacional Potosi,2026-09-30T22:30:00+00:00,27.5835,soccer.total_goals,period=ft,over,total=2.5,1.51
2026-10-01T00:02:24.990476+02:00,36573249,Copa Division Profesional,Bolivia,CD Real Tomayapo,CA Nacional Potosi,2026-09-30T22:30:00+00:00,27.5835,soccer.total_goals,period=ft,under,total=2.5,2.25
2026-10-01T00:02:24.990476+02:00,36573249,Copa Division Profesional,Bolivia,CD Real Tomayapo,CA Nacional Potosi,2026-09-30T22:30:00+00:00,27.5835,soccer.total_goals,period=ft,over,total=2.75,1.65
2026-10-01T00:02:24.990476+02:00,36573249,Copa Division Profesional,Bolivia,CD Real Tomayapo,CA Nacional Potosi,2026-09-30T22:30:00+00:00,27.5835,soccer.total_goals,period=ft,under,total=2.75,2.05
2026-10-01T00:02:24.990476+02:00,36573249,Copa Division Profesional,Bolivia,CD Real Tomayapo,CA Nacional Potosi,2026-09-30T22:30:00+00:00,27.5835,soccer.total_goals,period=ft,over,total=3.25,2.11
2026-10-01T00:02:24.990476+02:00,36573249,Copa Division Profesional,Bolivia,CD Real Tomayapo,CA Nacional Potosi,2026-09-30T22:30:00+00:00,27.5835,soccer.total_goals,period=ft,under,total=3.25,1.62
2026-10-01T00:02:24.990476+02:00,36573249,Copa Division Profesional,Bolivia,CD Real Tomayapo,CA Nacional Potosi,2026-09-30T22:30:00+00:00,27.5835,soccer.total_goals,period=ft,over,total=3.5,2.3
2026-10-01T00:02:24.990476+02:00,36573249,Copa Division Profesional,Bolivia,CD Real Tomayapo,CA Nacional Potosi,2026-09-30T22:30:00+00:00,27.5835,soccer.total_goals,period=ft,under,total=3.5,1.49
2026-10-01T00:02:24.990476+02:00,36573249,Copa Division Profesional,Bolivia,CD Real Tomayapo,CA Nacional Potosi,2026-09-30T22:30:00+00:00,27.5835,soccer.total_goals,period=ft,over,total=3.75,2.7
2026-10-01T00:02:24.990476+02:00,36573249,Copa Division Profesional,Bolivia,CD Real Tomayapo,CA Nacional Potosi,2026-09-30T22:30:00+00:00,27.5835,soccer.total_goals,period=ft,under,total=3.75,1.36
2026-10-01T00:04:24.942657+02:00,36573249,Copa Division Profesional,Bolivia,CD Real Tomayapo,CA Nacional Potosi,2026-09-30T22:30:00+00:00,25.5843,soccer.asian_handicap,period=ft,home,handicap=0,1.9
2026-10-01T00:04:24.942657+02:00,36573249,Copa Division Profesional,Bolivia,CD Real Tomayapo,CA Nacional Potosi,2026-09-30T22:30:00+00:00,25.5843,soccer.asian_handicap,period=ft,away,handicap=0,1.79
2026-10-01T00:04:24.942657+02:00,36573249,Copa Division Profesional,Bolivia,CD Real Tomayapo,CA Nacional Potosi,2026-09-30T22:30:00+00:00,25.5843,soccer.asian_handicap,period=ft,home,handicap=-0.75,2.75
2026-10-01T00:04:24.942657+02:00,36573249,Copa Division Profesional,Bolivia,CD Real Tomayapo,CA Nacional Potosi,2026-09-30T22:30:00+00:00,25.5843,soccer.asian_handicap,period=ft,away,handicap=-0.75,1.35
2026-10-01T00:04:24.942657+02:00,36573249,Copa Division Profesional,Bolivia,CD Real Tomayapo,CA Nacional Potosi,2026-09-30T22:30:00+00:00,25.5843,soccer.asian_handicap,period=ft,home,handicap=-0.5,2.35
2026-10-01T00:04:24.942657+02:00,36573249,Copa Division Profesional,Bolivia,CD Real Tomayapo,CA Nacional Potosi,2026-09-30T22:30:00+00:00,25.5843,soccer.asian_handicap,period=ft,away,handicap=-0.5,1.48
2026-10-01T00:04:24.942657+02:00,36573249,Copa Division Profesional,Bolivia,CD Real Tomayapo,CA Nacional Potosi,2026-09-30T22:30:00+00:00,25.5843,soccer.asian_handicap,period=ft,home,handicap=-0.25,2.14
2026-10-01T00:04:24.942657+02:00,36573249,Copa Division Profesional,Bolivia,CD Real Tomayapo,CA Nacional Potosi,2026-09-30T22:30:00+00:00,25.5843,soccer.asian_handicap,period=ft,away,handicap=-0.25,1.6
2026-10-01T00:04:24.942657+02:00,36573249,Copa Division Profesional,Bolivia,CD Real Tomayapo,CA Nacional Potosi,2026-09-30T22:30:00+00:00,25.5843,soccer.asian_handicap,period=ft,home,handicap=0.25,1.68
2026-10-01T00:04:24.942657+02:00,36573249,Copa Division Profesional,Bolivia,CD Real Tomayapo,CA Nacional Potosi,2026-09-30T22:30:00+00:00,25.5843,soccer.asian_handicap,period=ft,away,handicap=0.25,2.01
2026-10-01T00:04:24.942657+02:00,36573249,Copa Division Profesional,Bolivia,CD Real Tomayapo,CA Nacional Potosi,2026-09-30T22:30:00+00:00,25.5843,soccer.asian_handicap,period=ft,home,handicap=0.5,1.54
2026-10-01T00:04:24.942657+02:00,36573249,Copa Division Profesional,Bolivia,CD Real Tomayapo,CA Nacional Potosi,2026-09-30T22:30:00+00:00,25.5843,soccer.asian_handicap,period=ft,away,handicap=0.5,2.2
2026-10-01T00:04:24.942657+02:00,36573249,Copa Division Profesional,Bolivia,CD Real Tomayapo,CA Nacional Potosi,2026-09-30T22:30:00+00:00,25.5843,soccer.asian_handicap,period=ft,home,handicap=0.75,1.39
2026-10-01T00:04:24.942657+02:00,36573249,Copa Division Profesional,Bolivia,CD Real Tomayapo,CA Nacional Potosi,2026-09-30T22:30:00+00:00,25.5843,soccer.asian_handicap,period=ft,away,handicap=0.75,2.6
2026-10-01T00:04:24.942657+02:00,36573249,Copa Division Profesional,Bolivia,CD Real Tomayapo,CA Nacional Potosi,2026-09-30T22:30:00+00:00,25.5843,soccer.match_odds,period=ft,home,,2.35
2026-10-01T00:04:24.942657+02:00,36573249,Copa Division Profesional,Bolivia,CD Real Tomayapo,CA Nacional Potosi,2026-09-30T22:30:00+00:00,25.5843,soccer.match_odds,period=ft,draw,,3.8
2026-10-01T00:04:24.942657+02:00,36573249,Copa Division Profesional,Bolivia,CD Real Tomayapo,CA Nacional Potosi,2026-09-30T22:30:00+00:00,25.5843,soccer.match_odds,period=ft,away,,2.25
2026-10-01T00:04:24.942657+02:00,36573249,Copa Division Profesional,Bolivia,CD Real Tomayapo,CA Nacional Potosi,2026-09-30T22:30:00+00:00,25.5843,soccer.total_goals,period=ft,over,total=3,1.87
2026-10-01T00:04:24.942657+02:00,36573249,Copa Division Profesional,Bolivia,CD Real Tomayapo,CA Nacional Potosi,2026-09-30T22:30:00+00:00,25.5843,soccer.total_goals,period=ft,under,total=3,1.82
2026-10-01T00:04:24.942657+02:00,36573249,Copa Division Profesional,Bolivia,CD Real Tomayapo,CA Nacional Potosi,2026-09-30T22:30:00+00:00,25.5843,soccer.total_goals,period=ft,over,total=2.25,1.36
2026-10-01T00:04:24.942657+02:00,36573249,Copa Division Profesional,Bolivia,CD Real Tomayapo,CA Nacional Potosi,2026-09-30T22:30:00+00:00,25.5843,soccer.total_goals,period=ft,under,total=2.25,2.7
2026-10-01T00:04:24.942657+02:00,36573249,Copa Division Profesional,Bolivia,CD Real Tomayapo,CA Nacional Potosi,2026-09-30T22:30:00+00:00,25.5843,soccer.total_goals,period=ft,over,total=2.5,1.51
2026-10-01T00:04:24.942657+02:00,36573249,Copa Division Profesional,Bolivia,CD Real Tomayapo,CA Nacional Potosi,2026-09-30T22:30:00+00:00,25.5843,soccer.total_goals,period=ft,under,total=2.5,2.25
2026-10-01T00:04:24.942657+02:00,36573249,Copa Division Profesional,Bolivia,CD Real Tomayapo,CA Nacional Potosi,2026-09-30T22:30:00+00:00,25.5843,soccer.total_goals,period=ft,over,total=2.75,1.65
2026-10-01T00:04:24.942657+02:00,36573249,Copa Division Profesional,Bolivia,CD Real Tomayapo,CA Nacional Potosi,2026-09-30T22:30:00+00:00,25.5843,soccer.total_goals,period=ft,under,total=2.75,2.05
2026-10-01T00:04:24.942657+02:00,36573249,Copa Division Profesional,Bolivia,CD Real Tomayapo,CA Nacional Potosi,2026-09-30T22:30:00+00:00,25.5843,soccer.total_goals,period=ft,over,total=3.25,2.11
2026-10-01T00:04:24.942657+02:00,36573249,Copa Division Profesional,Bolivia,CD Real Tomayapo,CA Nacional Potosi,2026-09-30T22:30:00+00:00,25.5843,soccer.total_goals,period=ft,under,total=3.25,1.62
2026-10-01T00:04:24.942657+02:00,36573249,Copa Division Profesional,Bolivia,CD Real Tomayapo,CA Nacional Potosi,2026-09-30T22:30:00+00:00,25.5843,soccer.total_goals,period=ft,over,total=3.5,2.3
2026-10-01T00:04:24.942657+02:00,36573249,Copa Division Profesional,Bolivia,CD Real Tomayapo,CA Nacional Potosi,2026-09-30T22:30:00+00:00,25.5843,soccer.total_goals,period=ft,under,total=3.5,1.49
2026-10-01T00:04:24.942657+02:00,36573249,Copa Division Profesional,Bolivia,CD Real Tomayapo,CA Nacional Potosi,2026-09-30T22:30:00+00:00,25.5843,soccer.total_goals,period=ft,over,total=3.75,2.7
2026-10-01T00:04:24.942657+02:00,36573249,Copa Division Profesional,Bolivia,CD Real Tomayapo,CA Nacional Potosi,2026-09-30T22:30:00+00:00,25.5843,soccer.total_goals,period=ft,under,total=3.75,1.36
2026-10-01T00:04:24.942657+02:00,36577752,Brazil Campeonato Paraibano (PB) Division 2,Brazil,Auto EC (PB),Picuiense PB,2026-09-30T23:15:00+00:00,70.5843,soccer.asian_handicap,period=ft,home,handicap=-1.75,1.75
2026-10-01T00:04:24.942657+02:00,36577752,Brazil Campeonato Paraibano (PB) Division 2,Brazil,Auto EC (PB),Picuiense PB,2026-09-30T23:15:00+00:00,70.5843,soccer.asian_handicap,period=ft,away,handicap=-1.75,1.94
2026-10-01T00:04:24.942657+02:00,36577752,Brazil Campeonato Paraibano (PB) Division 2,Brazil,Auto EC (PB),Picuiense PB,2026-09-30T23:15:00+00:00,70.5843,soccer.asian_handicap,period=ft,home,handicap=-2.5,2.45
2026-10-01T00:04:24.942657+02:00,36577752,Brazil Campeonato Paraibano (PB) Division 2,Brazil,Auto EC (PB),Picuiense PB,2026-09-30T23:15:00+00:00,70.5843,soccer.asian_handicap,period=ft,away,handicap=-2.5,1.42
2026-10-01T00:04:24.942657+02:00,36577752,Brazil Campeonato Paraibano (PB) Division 2,Brazil,Auto EC (PB),Picuiense PB,2026-09-30T23:15:00+00:00,70.5843,soccer.asian_handicap,period=ft,home,handicap=-2.25,2.2
2026-10-01T00:04:24.942657+02:00,36577752,Brazil Campeonato Paraibano (PB) Division 2,Brazil,Auto EC (PB),Picuiense PB,2026-09-30T23:15:00+00:00,70.5843,soccer.asian_handicap,period=ft,away,handicap=-2.25,1.52
2026-10-01T00:04:24.942657+02:00,36577752,Brazil Campeonato Paraibano (PB) Division 2,Brazil,Auto EC (PB),Picuiense PB,2026-09-30T23:15:00+00:00,70.5843,soccer.asian_handicap,period=ft,home,handicap=-2,1.99
2026-10-01T00:04:24.942657+02:00,36577752,Brazil Campeonato Paraibano (PB) Division 2,Brazil,Auto EC (PB),Picuiense PB,2026-09-30T23:15:00+00:00,70.5843,soccer.asian_handicap,period=ft,away,handicap=-2,1.69
2026-10-01T00:04:24.942657+02:00,36577752,Brazil Campeonato Paraibano (PB) Division 2,Brazil,Auto EC (PB),Picuiense PB,2026-09-30T23:15:00+00:00,70.5843,soccer.asian_handicap,period=ft,home,handicap=-1.5,1.59
2026-10-01T00:04:24.942657+02:00,36577752,Brazil Campeonato Paraibano (PB) Division 2,Brazil,Auto EC (PB),Picuiense PB,2026-09-30T23:15:00+00:00,70.5843,soccer.asian_handicap,period=ft,away,handicap=-1.5,2.15
2026-10-01T00:04:24.942657+02:00,36577752,Brazil Campeonato Paraibano (PB) Division 2,Brazil,Auto EC (PB),Picuiense PB,2026-09-30T23:15:00+00:00,70.5843,soccer.asian_handicap,period=ft,home,handicap=-1.25,1.42
2026-10-01T00:04:24.942657+02:00,36577752,Brazil Campeonato Paraibano (PB) Division 2,Brazil,Auto EC (PB),Picuiense PB,2026-09-30T23:15:00+00:00,70.5843,soccer.asian_handicap,period=ft,away,handicap=-1.25,2.45
2026-10-01T00:04:24.942657+02:00,36577752,Brazil Campeonato Paraibano (PB) Division 2,Brazil,Auto EC (PB),Picuiense PB,2026-09-30T23:15:00+00:00,70.5843,soccer.asian_handicap,period=ft,home,handicap=-1,1.27
2026-10-01T00:04:24.942657+02:00,36577752,Brazil Campeonato Paraibano (PB) Division 2,Brazil,Auto EC (PB),Picuiense PB,2026-09-30T23:15:00+00:00,70.5843,soccer.asian_handicap,period=ft,away,handicap=-1,3.1
2026-10-01T00:04:24.942657+02:00,36577752,Brazil Campeonato Paraibano (PB) Division 2,Brazil,Auto EC (PB),Picuiense PB,2026-09-30T23:15:00+00:00,70.5843,soccer.total_goals,period=ft,over,total=3,1.74
2026-10-01T00:04:24.942657+02:00,36577752,Brazil Campeonato Paraibano (PB) Division 2,Brazil,Auto EC (PB),Picuiense PB,2026-09-30T23:15:00+00:00,70.5843,soccer.total_goals,period=ft,under,total=3,1.95
2026-10-01T00:04:24.942657+02:00,36577752,Brazil Campeonato Paraibano (PB) Division 2,Brazil,Auto EC (PB),Picuiense PB,2026-09-30T23:15:00+00:00,70.5843,soccer.total_goals,period=ft,over,total=2.25,1.31
2026-10-01T00:04:24.942657+02:00,36577752,Brazil Campeonato Paraibano (PB) Division 2,Brazil,Auto EC (PB),Picuiense PB,2026-09-30T23:15:00+00:00,70.5843,soccer.total_goals,period=ft,under,total=2.25,2.9
2026-10-01T00:04:24.942657+02:00,36577752,Brazil Campeonato Paraibano (PB) Division 2,Brazil,Auto EC (PB),Picuiense PB,2026-09-30T23:15:00+00:00,70.5843,soccer.total_goals,period=ft,over,total=2.5,1.46
2026-10-01T00:04:24.942657+02:00,36577752,Brazil Campeonato Paraibano (PB) Division 2,Brazil,Auto EC (PB),Picuiense PB,2026-09-30T23:15:00+00:00,70.5843,soccer.total_goals,period=ft,under,total=2.5,2.35
2026-10-01T00:04:24.942657+02:00,36577752,Brazil Campeonato Paraibano (PB) Division 2,Brazil,Auto EC (PB),Picuiense PB,2026-09-30T23:15:00+00:00,70.5843,soccer.total_goals,period=ft,over,total=2.75,1.57
2026-10-01T00:04:24.942657+02:00,36577752,Brazil Campeonato Paraibano (PB) Division 2,Brazil,Auto EC (PB),Picuiense PB,2026-09-30T23:15:00+00:00,70.5843,soccer.total_goals,period=ft,under,total=2.75,2.17
2026-10-01T00:04:24.942657+02:00,36577752,Brazil Campeonato Paraibano (PB) Division 2,Brazil,Auto EC (PB),Picuiense PB,2026-09-30T23:15:00+00:00,70.5843,soccer.total_goals,period=ft,over,total=3.25,1.96
2026-10-01T00:04:24.942657+02:00,36577752,Brazil Campeonato Paraibano (PB) Division 2,Brazil,Auto EC (PB),Picuiense PB,2026-09-30T23:15:00+00:00,70.5843,soccer.total_goals,period=ft,under,total=3.25,1.71
2026-10-01T00:04:24.942657+02:00,36577752,Brazil Campeonato Paraibano (PB) Division 2,Brazil,Auto EC (PB),Picuiense PB,2026-09-30T23:15:00+00:00,70.5843,soccer.total_goals,period=ft,over,total=3.5,2.14
2026-10-01T00:04:24.942657+02:00,36577752,Brazil Campeonato Paraibano (PB) Division 2,Brazil,Auto EC (PB),Picuiense PB,2026-09-30T23:15:00+00:00,70.5843,soccer.total_goals,period=ft,under,total=3.5,1.56
2026-10-01T00:04:24.942657+02:00,36577752,Brazil Campeonato Paraibano (PB) Division 2,Brazil,Auto EC (PB),Picuiense PB,2026-09-30T23:15:00+00:00,70.5843,soccer.total_goals,period=ft,over,total=3.75,2.45
2026-10-01T00:04:24.942657+02:00,36577752,Brazil Campeonato Paraibano (PB) Division 2,Brazil,Auto EC (PB),Picuiense PB,2026-09-30T23:15:00+00:00,70.5843,soccer.total_goals,period=ft,under,total=3.75,1.43
2026-10-01T00:04:24.942657+02:00,36577342,"Gaucho, Serie B",Brazil,SER Cruz Alta (RS),Rio Grande (RS),2026-09-30T22:30:00+00:00,25.5843,soccer.asian_handicap,period=ft,home,handicap=-1,1.89
2026-10-01T00:04:24.942657+02:00,36577342,"Gaucho, Serie B",Brazil,SER Cruz Alta (RS),Rio Grande (RS),2026-09-30T22:30:00+00:00,25.5843,soccer.asian_handicap,period=ft,away,handicap=-1,1.72
2026-10-01T00:04:24.942657+02:00,36577342,"Gaucho, Serie B",Brazil,SER Cruz Alta (RS),Rio Grande (RS),2026-09-30T22:30:00+00:00,25.5843,soccer.asian_handicap,period=ft,home,handicap=-1.5,2.4
2026-10-01T00:04:24.942657+02:00,36577342,"Gaucho, Serie B",Brazil,SER Cruz Alta (RS),Rio Grande (RS),2026-09-30T22:30:00+00:00,25.5843,soccer.asian_handicap,period=ft,away,handicap=-1.5,1.44
2026-10-01T00:04:24.942657+02:00,36577342,"Gaucho, Serie B",Brazil,SER Cruz Alta (RS),Rio Grande (RS),2026-09-30T22:30:00+00:00,25.5843,soccer.asian_handicap,period=ft,home,handicap=-1.25,2.16
2026-10-01T00:04:24.942657+02:00,36577342,"Gaucho, Serie B",Brazil,SER Cruz Alta (RS),Rio Grande (RS),2026-09-30T22:30:00+00:00,25.5843,soccer.asian_handicap,period=ft,away,handicap=-1.25,1.55
2026-10-01T00:04:24.942657+02:00,36577342,"Gaucho, Serie B",Brazil,SER Cruz Alta (RS),Rio Grande (RS),2026-09-30T22:30:00+00:00,25.5843,soccer.asian_handicap,period=ft,home,handicap=-0.75,1.66
2026-10-01T00:04:24.942657+02:00,36577342,"Gaucho, Serie B",Brazil,SER Cruz Alta (RS),Rio Grande (RS),2026-09-30T22:30:00+00:00,25.5843,soccer.asian_handicap,period=ft,away,handicap=-0.75,1.97
2026-10-01T00:04:24.942657+02:00,36577342,"Gaucho, Serie B",Brazil,SER Cruz Alta (RS),Rio Grande (RS),2026-09-30T22:30:00+00:00,25.5843,soccer.asian_handicap,period=ft,home,handicap=-0.5,1.52
2026-10-01T00:04:24.942657+02:00,36577342,"Gaucho, Serie B",Brazil,SER Cruz Alta (RS),Rio Grande (RS),2026-09-30T22:30:00+00:00,25.5843,soccer.asian_handicap,period=ft,away,handicap=-0.5,2.2
2026-10-01T00:04:24.942657+02:00,36577342,"Gaucho, Serie B",Brazil,SER Cruz Alta (RS),Rio Grande (RS),2026-09-30T22:30:00+00:00,25.5843,soccer.double_chance,period=ft,draw_away,,2.08
2026-10-01T00:04:24.942657+02:00,36577342,"Gaucho, Serie B",Brazil,SER Cruz Alta (RS),Rio Grande (RS),2026-09-30T22:30:00+00:00,25.5843,soccer.double_chance,period=ft,home_away,,1.21
2026-10-01T00:04:24.942657+02:00,36577342,"Gaucho, Serie B",Brazil,SER Cruz Alta (RS),Rio Grande (RS),2026-09-30T22:30:00+00:00,25.5843,soccer.double_chance,period=ft,home_draw,,1.15
2026-10-01T00:04:24.942657+02:00,36577342,"Gaucho, Serie B",Brazil,SER Cruz Alta (RS),Rio Grande (RS),2026-09-30T22:30:00+00:00,25.5843,soccer.match_odds,period=ft,home,,1.52
2026-10-01T00:04:24.942657+02:00,36577342,"Gaucho, Serie B",Brazil,SER Cruz Alta (RS),Rio Grande (RS),2026-09-30T22:30:00+00:00,25.5843,soccer.match_odds,period=ft,draw,,3.75
2026-10-01T00:04:24.942657+02:00,36577342,"Gaucho, Serie B",Brazil,SER Cruz Alta (RS),Rio Grande (RS),2026-09-30T22:30:00+00:00,25.5843,soccer.match_odds,period=ft,away,,4.8
2026-10-01T00:04:24.942657+02:00,36577342,"Gaucho, Serie B",Brazil,SER Cruz Alta (RS),Rio Grande (RS),2026-09-30T22:30:00+00:00,25.5843,soccer.total_goals,period=ft,over,total=2.5,1.72
2026-10-01T00:04:24.942657+02:00,36577342,"Gaucho, Serie B",Brazil,SER Cruz Alta (RS),Rio Grande (RS),2026-09-30T22:30:00+00:00,25.5843,soccer.total_goals,period=ft,under,total=2.5,1.89
2026-10-01T00:04:24.942657+02:00,36561004,Copa Paraguay,Paraguay,Cerro Porteno,Rubio Nu,2026-09-30T22:30:00+00:00,25.5843,soccer.asian_handicap,period=ft,home,handicap=-1,1.79
2026-10-01T00:04:24.942657+02:00,36561004,Copa Paraguay,Paraguay,Cerro Porteno,Rubio Nu,2026-09-30T22:30:00+00:00,25.5843,soccer.asian_handicap,period=ft,away,handicap=-1,1.9
2026-10-01T00:04:24.942657+02:00,36561004,Copa Paraguay,Paraguay,Cerro Porteno,Rubio Nu,2026-09-30T22:30:00+00:00,25.5843,soccer.asian_handicap,period=ft,home,handicap=-1.75,2.85
2026-10-01T00:04:24.942657+02:00,36561004,Copa Paraguay,Paraguay,Cerro Porteno,Rubio Nu,2026-09-30T22:30:00+00:00,25.5843,soccer.asian_handicap,period=ft,away,handicap=-1.75,1.33
2026-10-01T00:04:24.942657+02:00,36561004,Copa Paraguay,Paraguay,Cerro Porteno,Rubio Nu,2026-09-30T22:30:00+00:00,25.5843,soccer.asian_handicap,period=ft,home,handicap=-1.5,2.35
2026-10-01T00:04:24.942657+02:00,36561004,Copa Paraguay,Paraguay,Cerro Porteno,Rubio Nu,2026-09-30T22:30:00+00:00,25.5843,soccer.asian_handicap,period=ft,away,handicap=-1.5,1.48
2026-10-01T00:04:24.942657+02:00,36561004,Copa Paraguay,Paraguay,Cerro Porteno,Rubio Nu,2026-09-30T22:30:00+00:00,25.5843,soccer.asian_handicap,period=ft,home,handicap=-1.25,2.08
2026-10-01T00:04:24.942657+02:00,36561004,Copa Paraguay,Paraguay,Cerro Porteno,Rubio Nu,2026-09-30T22:30:00+00:00,25.5843,soccer.asian_handicap,period=ft,away,handicap=-1.25,1.64
2026-10-01T00:04:24.942657+02:00,36561004,Copa Paraguay,Paraguay,Cerro Porteno,Rubio Nu,2026-09-30T22:30:00+00:00,25.5843,soccer.asian_handicap,period=ft,home,handicap=-0.75,1.56
2026-10-01T00:04:24.942657+02:00,36561004,Copa Paraguay,Paraguay,Cerro Porteno,Rubio Nu,2026-09-30T22:30:00+00:00,25.5843,soccer.asian_handicap,period=ft,away,handicap=-0.75,2.2
2026-10-01T00:04:24.942657+02:00,36561004,Copa Paraguay,Paraguay,Cerro Porteno,Rubio Nu,2026-09-30T22:30:00+00:00,25.5843,soccer.asian_handicap,period=ft,home,handicap=-0.5,1.43
2026-10-01T00:04:24.942657+02:00,36561004,Copa Paraguay,Paraguay,Cerro Porteno,Rubio Nu,2026-09-30T22:30:00+00:00,25.5843,soccer.asian_handicap,period=ft,away,handicap=-0.5,2.45
2026-10-01T00:04:24.942657+02:00,36561004,Copa Paraguay,Paraguay,Cerro Porteno,Rubio Nu,2026-09-30T22:30:00+00:00,25.5843,soccer.asian_handicap,period=ft,home,handicap=-0.25,1.27
2026-10-01T00:04:24.942657+02:00,36561004,Copa Paraguay,Paraguay,Cerro Porteno,Rubio Nu,2026-09-30T22:30:00+00:00,25.5843,soccer.asian_handicap,period=ft,away,handicap=-0.25,3.15
2026-10-01T00:04:24.942657+02:00,36561004,Copa Paraguay,Paraguay,Cerro Porteno,Rubio Nu,2026-09-30T22:30:00+00:00,25.5843,soccer.double_chance,period=ft,draw_away,,2.45
2026-10-01T00:04:24.942657+02:00,36561004,Copa Paraguay,Paraguay,Cerro Porteno,Rubio Nu,2026-09-30T22:30:00+00:00,25.5843,soccer.double_chance,period=ft,home_away,,1.24
2026-10-01T00:04:24.942657+02:00,36561004,Copa Paraguay,Paraguay,Cerro Porteno,Rubio Nu,2026-09-30T22:30:00+00:00,25.5843,soccer.double_chance,period=ft,home_draw,,1.13
2026-10-01T00:04:24.942657+02:00,36561004,Copa Paraguay,Paraguay,Cerro Porteno,Rubio Nu,2026-09-30T22:30:00+00:00,25.5843,soccer.match_odds,period=ft,home,,1.44
2026-10-01T00:04:24.942657+02:00,36561004,Copa Paraguay,Paraguay,Cerro Porteno,Rubio Nu,2026-09-30T22:30:00+00:00,25.5843,soccer.match_odds,period=ft,draw,,3.7
2026-10-01T00:04:24.942657+02:00,36561004,Copa Paraguay,Paraguay,Cerro Porteno,Rubio Nu,2026-09-30T22:30:00+00:00,25.5843,soccer.match_odds,period=ft,away,,6.1
2026-10-01T00:04:24.942657+02:00,36561004,Copa Paraguay,Paraguay,Cerro Porteno,Rubio Nu,2026-09-30T22:30:00+00:00,25.5843,soccer.total_goals,period=ft,over,total=2.25,1.76
2026-10-01T00:04:24.942657+02:00,36561004,Copa Paraguay,Paraguay,Cerro Porteno,Rubio Nu,2026-09-30T22:30:00+00:00,25.5843,soccer.total_goals,period=ft,under,total=2.25,1.94
2026-10-01T00:04:24.942657+02:00,36561004,Copa Paraguay,Paraguay,Cerro Porteno,Rubio Nu,2026-09-30T22:30:00+00:00,25.5843,soccer.total_goals,period=ft,over,total=1.5,1.29
2026-10-01T00:04:24.942657+02:00,36561004,Copa Paraguay,Paraguay,Cerro Porteno,Rubio Nu,2026-09-30T22:30:00+00:00,25.5843,soccer.total_goals,period=ft,under,total=1.5,3.05
2026-10-01T00:04:24.942657+02:00,36561004,Copa Paraguay,Paraguay,Cerro Porteno,Rubio Nu,2026-09-30T22:30:00+00:00,25.5843,soccer.total_goals,period=ft,over,total=1.75,1.36
2026-10-01T00:04:24.942657+02:00,36561004,Copa Paraguay,Paraguay,Cerro Porteno,Rubio Nu,2026-09-30T22:30:00+00:00,25.5843,soccer.total_goals,period=ft,under,total=1.75,2.7
2026-10-01T00:04:24.942657+02:00,36561004,Copa Paraguay,Paraguay,Cerro Porteno,Rubio Nu,2026-09-30T22:30:00+00:00,25.5843,soccer.total_goals,period=ft,over,total=2,1.49
2026-10-01T00:04:24.942657+02:00,36561004,Copa Paraguay,Paraguay,Cerro Porteno,Rubio Nu,2026-09-30T22:30:00+00:00,25.5843,soccer.total_goals,period=ft,under,total=2,2.35
2026-10-01T00:04:24.942657+02:00,36561004,Copa Paraguay,Paraguay,Cerro Porteno,Rubio Nu,2026-09-30T22:30:00+00:00,25.5843,soccer.total_goals,period=ft,over,total=2.5,2.0
2026-10-01T00:04:24.942657+02:00,36561004,Copa Paraguay,Paraguay,Cerro Porteno,Rubio Nu,2026-09-30T22:30:00+00:00,25.5843,soccer.total_goals,period=ft,under,total=2.5,1.69
2026-10-01T00:04:24.942657+02:00,36561004,Copa Paraguay,Paraguay,Cerro Porteno,Rubio Nu,2026-09-30T22:30:00+00:00,25.5843,soccer.total_goals,period=ft,over,total=2.75,2.25
2026-10-01T00:04:24.942657+02:00,36561004,Copa Paraguay,Paraguay,Cerro Porteno,Rubio Nu,2026-09-30T22:30:00+00:00,25.5843,soccer.total_goals,period=ft,under,total=2.75,1.51
2026-10-01T00:04:24.942657+02:00,36561004,Copa Paraguay,Paraguay,Cerro Porteno,Rubio Nu,2026-09-30T22:30:00+00:00,25.5843,soccer.total_goals,period=ft,over,total=3,2.8
2026-10-01T00:04:24.942657+02:00,36561004,Copa Paraguay,Paraguay,Cerro Porteno,Rubio Nu,2026-09-30T22:30:00+00:00,25.5843,soccer.total_goals,period=ft,under,total=3,1.34
2026-10-01T00:04:24.942657+02:00,36521470,USL Championship,USA,LIU Brooklyn,Detroit City FC,2026-09-30T23:00:00+00:00,55.5843,soccer.asian_handicap,period=ft,home,handicap=0.5,1.8
2026-10-01T00:04:24.942657+02:00,36521470,USL Championship,USA,LIU Brooklyn,Detroit City FC,2026-09-30T23:00:00+00:00,55.5843,soccer.asian_handicap,period=ft,away,handicap=0.5,2.01
2026-10-01T00:04:24.942657+02:00,36521470,USL Championship,USA,LIU Brooklyn,Detroit City FC,2026-09-30T23:00:00+00:00,55.5843,soccer.asian_handicap,period=ft,home,handicap=-0.5,3.55
2026-10-01T00:04:24.942657+02:00,36521470,USL Championship,USA,LIU Brooklyn,Detroit City FC,2026-09-30T23:00:00+00:00,55.5843,soccer.asian_handicap,period=ft,away,handicap=-0.5,1.27
2026-10-01T00:04:24.942657+02:00,36521470,USL Championship,USA,LIU Brooklyn,Detroit City FC,2026-09-30T23:00:00+00:00,55.5843,soccer.asian_handicap,period=ft,home,handicap=-0.25,3.1
2026-10-01T00:04:24.942657+02:00,36521470,USL Championship,USA,LIU Brooklyn,Detroit City FC,2026-09-30T23:00:00+00:00,55.5843,soccer.asian_handicap,period=ft,away,handicap=-0.25,1.35
2026-10-01T00:04:24.942657+02:00,36521470,USL Championship,USA,LIU Brooklyn,Detroit City FC,2026-09-30T23:00:00+00:00,55.5843,soccer.asian_handicap,period=ft,home,handicap=0,2.65
2026-10-01T00:04:24.942657+02:00,36521470,USL Championship,USA,LIU Brooklyn,Detroit City FC,2026-09-30T23:00:00+00:00,55.5843,soccer.asian_handicap,period=ft,away,handicap=0,1.46
2026-10-01T00:04:24.942657+02:00,36521470,USL Championship,USA,LIU Brooklyn,Detroit City FC,2026-09-30T23:00:00+00:00,55.5843,soccer.asian_handicap,period=ft,home,handicap=0.25,2.08
2026-10-01T00:04:24.942657+02:00,36521470,USL Championship,USA,LIU Brooklyn,Detroit City FC,2026-09-30T23:00:00+00:00,55.5843,soccer.asian_handicap,period=ft,away,handicap=0.25,1.74
2026-10-01T00:04:24.942657+02:00,36521470,USL Championship,USA,LIU Brooklyn,Detroit City FC,2026-09-30T23:00:00+00:00,55.5843,soccer.asian_handicap,period=ft,home,handicap=0.75,1.59
2026-10-01T00:04:24.942657+02:00,36521470,USL Championship,USA,LIU Brooklyn,Detroit City FC,2026-09-30T23:00:00+00:00,55.5843,soccer.asian_handicap,period=ft,away,handicap=0.75,2.3
2026-10-01T00:04:24.942657+02:00,36521470,USL Championship,USA,LIU Brooklyn,Detroit City FC,2026-09-30T23:00:00+00:00,55.5843,soccer.asian_handicap,period=ft,home,handicap=1,1.39
2026-10-01T00:04:24.942657+02:00,36521470,USL Championship,USA,LIU Brooklyn,Detroit City FC,2026-09-30T23:00:00+00:00,55.5843,soccer.asian_handicap,period=ft,away,handicap=1,2.95
2026-10-01T00:04:24.942657+02:00,36521470,USL Championship,USA,LIU Brooklyn,Detroit City FC,2026-09-30T23:00:00+00:00,55.5843,soccer.asian_handicap,period=ft,home,handicap=1.25,1.31
2026-10-01T00:04:24.942657+02:00,36521470,USL Championship,USA,LIU Brooklyn,Detroit City FC,2026-09-30T23:00:00+00:00,55.5843,soccer.asian_handicap,period=ft,away,handicap=1.25,3.35
2026-10-01T00:04:24.942657+02:00,36521470,USL Championship,USA,LIU Brooklyn,Detroit City FC,2026-09-30T23:00:00+00:00,55.5843,soccer.asian_handicap,period=ft,home,handicap=1.5,1.25
2026-10-01T00:04:24.942657+02:00,36521470,USL Championship,USA,LIU Brooklyn,Detroit City FC,2026-09-30T23:00:00+00:00,55.5843,soccer.asian_handicap,period=ft,away,handicap=1.5,3.75
2026-10-01T00:04:24.942657+02:00,36521470,USL Championship,USA,LIU Brooklyn,Detroit City FC,2026-09-30T23:00:00+00:00,55.5843,soccer.double_chance,period=ft,draw_away,,1.24
2026-10-01T00:04:24.942657+02:00,36521470,USL Championship,USA,LIU Brooklyn,Detroit City FC,2026-09-30T23:00:00+00:00,55.5843,soccer.double_chance,period=ft,home_away,,1.29
2026-10-01T00:04:24.942657+02:00,36521470,USL Championship,USA,LIU Brooklyn,Detroit City FC,2026-09-30T23:00:00+00:00,55.5843,soccer.double_chance,period=ft,home_draw,,1.67
2026-10-01T00:04:24.942657+02:00,36521470,USL Championship,USA,LIU Brooklyn,Detroit City FC,2026-09-30T23:00:00+00:00,55.5843,soccer.match_odds,period=ft,home,,3.6
2026-10-01T00:04:24.942657+02:00,36521470,USL Championship,USA,LIU Brooklyn,Detroit City FC,2026-09-30T23:00:00+00:00,55.5843,soccer.match_odds,period=ft,draw,,3.45
2026-10-01T00:04:24.942657+02:00,36521470,USL Championship,USA,LIU Brooklyn,Detroit City FC,2026-09-30T23:00:00+00:00,55.5843,soccer.match_odds,period=ft,away,,2.01
2026-10-01T00:04:24.942657+02:00,36521470,USL Championship,USA,LIU Brooklyn,Detroit City FC,2026-09-30T23:00:00+00:00,55.5843,soccer.total_goals,period=ft,over,total=2.25,1.8
2026-10-01T00:04:24.942657+02:00,36521470,USL Championship,USA,LIU Brooklyn,Detroit City FC,2026-09-30T23:00:00+00:00,55.5843,soccer.total_goals,period=ft,under,total=2.25,2.0
2026-10-01T00:04:24.942657+02:00,36521470,USL Championship,USA,LIU Brooklyn,Detroit City FC,2026-09-30T23:00:00+00:00,55.5843,soccer.total_goals,period=ft,over,total=1.5,1.32
2026-10-01T00:04:24.942657+02:00,36521470,USL Championship,USA,LIU Brooklyn,Detroit City FC,2026-09-30T23:00:00+00:00,55.5843,soccer.total_goals,period=ft,under,total=1.5,3.15
2026-10-01T00:04:24.942657+02:00,36521470,USL Championship,USA,LIU Brooklyn,Detroit City FC,2026-09-30T23:00:00+00:00,55.5843,soccer.total_goals,period=ft,over,total=1.75,1.41
2026-10-01T00:04:24.942657+02:00,36521470,USL Championship,USA,LIU Brooklyn,Detroit City FC,2026-09-30T23:00:00+00:00,55.5843,soccer.total_goals,period=ft,under,total=1.75,2.8
2026-10-01T00:04:24.942657+02:00,36521470,USL Championship,USA,LIU Brooklyn,Detroit City FC,2026-09-30T23:00:00+00:00,55.5843,soccer.total_goals,period=ft,over,total=2,1.54
2026-10-01T00:04:24.942657+02:00,36521470,USL Championship,USA,LIU Brooklyn,Detroit City FC,2026-09-30T23:00:00+00:00,55.5843,soccer.total_goals,period=ft,under,total=2,2.4
2026-10-01T00:04:24.942657+02:00,36521470,USL Championship,USA,LIU Brooklyn,Detroit City FC,2026-09-30T23:00:00+00:00,55.5843,soccer.total_goals,period=ft,over,total=2.5,2.05
2026-10-01T00:04:24.942657+02:00,36521470,USL Championship,USA,LIU Brooklyn,Detroit City FC,2026-09-30T23:00:00+00:00,55.5843,soccer.total_goals,period=ft,under,total=2.5,1.74
2026-10-01T00:04:24.942657+02:00,36521470,USL Championship,USA,LIU Brooklyn,Detroit City FC,2026-09-30T23:00:00+00:00,55.5843,soccer.total_goals,period=ft,over,total=2.75,2.35
2026-10-01T00:04:24.942657+02:00,36521470,USL Championship,USA,LIU Brooklyn,Detroit City FC,2026-09-30T23:00:00+00:00,55.5843,soccer.total_goals,period=ft,under,total=2.75,1.56
2026-10-01T00:04:24.942657+02:00,36521470,USL Championship,USA,LIU Brooklyn,Detroit City FC,2026-09-30T23:00:00+00:00,55.5843,soccer.total_goals,period=ft,over,total=3.5,3.55
2026-10-01T00:04:24.942657+02:00,36521470,USL Championship,USA,LIU Brooklyn,Detroit City FC,2026-09-30T23:00:00+00:00,55.5843,soccer.total_goals,period=ft,under,total=3.5,1.27
2026-10-01T00:04:24.942657+02:00,36521470,USL Championship,USA,LIU Brooklyn,Detroit City FC,2026-09-30T23:00:00+00:00,55.5843,soccer.total_goals,period=ft,over,total=4.5,6.95
2026-10-01T00:04:24.942657+02:00,36521470,USL Championship,USA,LIU Brooklyn,Detroit City FC,2026-09-30T23:00:00+00:00,55.5843,soccer.total_goals,period=ft,under,total=4.5,1.08
2026-10-01T00:04:24.942657+02:00,36521466,USL Championship,USA,Miami FC,Sporting Jax,2026-09-30T23:00:00+00:00,55.5843,soccer.asian_handicap,period=ft,home,handicap=-1.25,2.0
2026-10-01T00:04:24.942657+02:00,36521466,USL Championship,USA,Miami FC,Sporting Jax,2026-09-30T23:00:00+00:00,55.5843,soccer.asian_handicap,period=ft,away,handicap=-1.25,1.82
2026-10-01T00:04:24.942657+02:00,36521466,USL Championship,USA,Miami FC,Sporting Jax,2026-09-30T23:00:00+00:00,55.5843,soccer.asian_handicap,period=ft,home,handicap=-2.25,3.65
2026-10-01T00:04:24.942657+02:00,36521466,USL Championship,USA,Miami FC,Sporting Jax,2026-09-30T23:00:00+00:00,55.5843,soccer.asian_handicap,period=ft,away,handicap=-2.25,1.27
2026-10-01T00:04:24.942657+02:00,36521466,USL Championship,USA,Miami FC,Sporting Jax,2026-09-30T23:00:00+00:00,55.5843,soccer.asian_handicap,period=ft,home,handicap=-2,3.25
2026-10-01T00:04:24.942657+02:00,36521466,USL Championship,USA,Miami FC,Sporting Jax,2026-09-30T23:00:00+00:00,55.5843,soccer.asian_handicap,period=ft,away,handicap=-2,1.32
2026-10-01T00:04:24.942657+02:00,36521466,USL Championship,USA,Miami FC,Sporting Jax,2026-09-30T23:00:00+00:00,55.5843,soccer.asian_handicap,period=ft,home,handicap=-1.75,2.6
2026-10-01T00:04:24.942657+02:00,36521466,USL Championship,USA,Miami FC,Sporting Jax,2026-09-30T23:00:00+00:00,55.5843,soccer.asian_handicap,period=ft,away,handicap=-1.75,1.49
2026-10-01T00:04:24.942657+02:00,36521466,USL Championship,USA,Miami FC,Sporting Jax,2026-09-30T23:00:00+00:00,55.5843,soccer.asian_handicap,period=ft,home,handicap=-1.5,2.2
2026-10-01T00:04:24.942657+02:00,36521466,USL Championship,USA,Miami FC,Sporting Jax,2026-09-30T23:00:00+00:00,55.5843,soccer.asian_handicap,period=ft,away,handicap=-1.5,1.65
2026-10-01T00:04:24.942657+02:00,36521466,USL Championship,USA,Miami FC,Sporting Jax,2026-09-30T23:00:00+00:00,55.5843,soccer.asian_handicap,period=ft,home,handicap=-1,1.74
2026-10-01T00:04:24.942657+02:00,36521466,USL Championship,USA,Miami FC,Sporting Jax,2026-09-30T23:00:00+00:00,55.5843,soccer.asian_handicap,period=ft,away,handicap=-1,2.07
2026-10-01T00:04:24.942657+02:00,36521466,USL Championship,USA,Miami FC,Sporting Jax,2026-09-30T23:00:00+00:00,55.5843,soccer.asian_handicap,period=ft,home,handicap=-0.75,1.58
2026-10-01T00:04:24.942657+02:00,36521466,USL Championship,USA,Miami FC,Sporting Jax,2026-09-30T23:00:00+00:00,55.5843,soccer.asian_handicap,period=ft,away,handicap=-0.75,2.3
2026-10-01T00:04:24.942657+02:00,36521466,USL Championship,USA,Miami FC,Sporting Jax,2026-09-30T23:00:00+00:00,55.5843,soccer.asian_handicap,period=ft,home,handicap=-0.5,1.47
2026-10-01T00:04:24.942657+02:00,36521466,USL Championship,USA,Miami FC,Sporting Jax,2026-09-30T23:00:00+00:00,55.5843,soccer.asian_handicap,period=ft,away,handicap=-0.5,2.6
2026-10-01T00:04:24.942657+02:00,36521466,USL Championship,USA,Miami FC,Sporting Jax,2026-09-30T23:00:00+00:00,55.5843,soccer.asian_handicap,period=ft,home,handicap=-0.25,1.32
2026-10-01T00:04:24.942657+02:00,36521466,USL Championship,USA,Miami FC,Sporting Jax,2026-09-30T23:00:00+00:00,55.5843,soccer.asian_handicap,period=ft,away,handicap=-0.25,3.25
2026-10-01T00:04:24.942657+02:00,36521466,USL Championship,USA,Miami FC,Sporting Jax,2026-09-30T23:00:00+00:00,55.5843,soccer.double_chance,period=ft,draw_away,,2.2
2026-10-01T00:04:24.942657+02:00,36521466,USL Championship,USA,Miami FC,Sporting Jax,2026-09-30T23:00:00+00:00,55.5843,soccer.double_chance,period=ft,home_away,,1.17
2026-10-01T00:04:24.942657+02:00,36521466,USL Championship,USA,Miami FC,Sporting Jax,2026-09-30T23:00:00+00:00,55.5843,soccer.double_chance,period=ft,home_draw,,1.14
2026-10-01T00:04:24.942657+02:00,36521466,USL Championship,USA,Miami FC,Sporting Jax,2026-09-30T23:00:00+00:00,55.5843,soccer.match_odds,period=ft,home,,1.48
2026-10-01T00:04:24.942657+02:00,36521466,USL Championship,USA,Miami FC,Sporting Jax,2026-09-30T23:00:00+00:00,55.5843,soccer.match_odds,period=ft,draw,,4.35
2026-10-01T00:04:24.942657+02:00,36521466,USL Championship,USA,Miami FC,Sporting Jax,2026-09-30T23:00:00+00:00,55.5843,soccer.match_odds,period=ft,away,,6.0
2026-10-01T00:04:24.942657+02:00,36521466,USL Championship,USA,Miami FC,Sporting Jax,2026-09-30T23:00:00+00:00,55.5843,soccer.total_goals,period=ft,over,total=3.5,2.0
2026-10-01T00:04:24.942657+02:00,36521466,USL Championship,USA,Miami FC,Sporting Jax,2026-09-30T23:00:00+00:00,55.5843,soccer.total_goals,period=ft,under,total=3.5,1.8
2026-10-01T00:04:24.942657+02:00,36521466,USL Championship,USA,Miami FC,Sporting Jax,2026-09-30T23:00:00+00:00,55.5843,soccer.total_goals,period=ft,over,total=1.5,1.1
2026-10-01T00:04:24.942657+02:00,36521466,USL Championship,USA,Miami FC,Sporting Jax,2026-09-30T23:00:00+00:00,55.5843,soccer.total_goals,period=ft,under,total=1.5,6.3
2026-10-01T00:04:24.942657+02:00,36521466,USL Championship,USA,Miami FC,Sporting Jax,2026-09-30T23:00:00+00:00,55.5843,soccer.total_goals,period=ft,over,total=2.5,1.39
2026-10-01T00:04:24.942657+02:00,36521466,USL Championship,USA,Miami FC,Sporting Jax,2026-09-30T23:00:00+00:00,55.5843,soccer.total_goals,period=ft,under,total=2.5,2.85
2026-10-01T00:04:24.942657+02:00,36521466,USL Championship,USA,Miami FC,Sporting Jax,2026-09-30T23:00:00+00:00,55.5843,soccer.total_goals,period=ft,over,total=3,1.59
2026-10-01T00:04:24.942657+02:00,36521466,USL Championship,USA,Miami FC,Sporting Jax,2026-09-30T23:00:00+00:00,55.5843,soccer.total_goals,period=ft,under,total=3,2.3
2026-10-01T00:04:24.942657+02:00,36521466,USL Championship,USA,Miami FC,Sporting Jax,2026-09-30T23:00:00+00:00,55.5843,soccer.total_goals,period=ft,over,total=3.25,1.79
2026-10-01T00:04:24.942657+02:00,36521466,USL Championship,USA,Miami FC,Sporting Jax,2026-09-30T23:00:00+00:00,55.5843,soccer.total_goals,period=ft,under,total=3.25,2.0
2026-10-01T00:04:24.942657+02:00,36521466,USL Championship,USA,Miami FC,Sporting Jax,2026-09-30T23:00:00+00:00,55.5843,soccer.total_goals,period=ft,over,total=3.75,2.25
2026-10-01T00:04:24.942657+02:00,36521466,USL Championship,USA,Miami FC,Sporting Jax,2026-09-30T23:00:00+00:00,55.5843,soccer.total_goals,period=ft,under,total=3.75,1.62
2026-10-01T00:04:24.942657+02:00,36521466,USL Championship,USA,Miami FC,Sporting Jax,2026-09-30T23:00:00+00:00,55.5843,soccer.total_goals,period=ft,over,total=4,2.7
2026-10-01T00:04:24.942657+02:00,36521466,USL Championship,USA,Miami FC,Sporting Jax,2026-09-30T23:00:00+00:00,55.5843,soccer.total_goals,period=ft,under,total=4,1.44
2026-10-01T00:04:24.942657+02:00,36521466,USL Championship,USA,Miami FC,Sporting Jax,2026-09-30T23:00:00+00:00,55.5843,soccer.total_goals,period=ft,over,total=4.5,3.3
2026-10-01T00:04:24.942657+02:00,36521466,USL Championship,USA,Miami FC,Sporting Jax,2026-09-30T23:00:00+00:00,55.5843,soccer.total_goals,period=ft,under,total=4.5,1.3
2026-10-01T00:04:24.942657+02:00,36521466,USL Championship,USA,Miami FC,Sporting Jax,2026-09-30T23:00:00+00:00,55.5843,soccer.total_goals,period=ft,over,total=5.5,5.95
2026-10-01T00:04:24.942657+02:00,36521466,USL Championship,USA,Miami FC,Sporting Jax,2026-09-30T23:00:00+00:00,55.5843,soccer.total_goals,period=ft,under,total=5.5,1.11
2026-10-01T00:04:24.942657+02:00,36521471,USL Championship,USA,Rhode Island FC,Indy Eleven,2026-09-30T23:30:00+00:00,85.5843,soccer.asian_handicap,period=ft,home,handicap=-0.5,1.85
2026-10-01T00:04:24.942657+02:00,36521471,USL Championship,USA,Rhode Island FC,Indy Eleven,2026-09-30T23:30:00+00:00,85.5843,soccer.asian_handicap,period=ft,away,handicap=-0.5,1.96
2026-10-01T00:04:24.942657+02:00,36521471,USL Championship,USA,Rhode Island FC,Indy Eleven,2026-09-30T23:30:00+00:00,85.5843,soccer.asian_handicap,period=ft,home,handicap=-1.5,3.2
2026-10-01T00:04:24.942657+02:00,36521471,USL Championship,USA,Rhode Island FC,Indy Eleven,2026-09-30T23:30:00+00:00,85.5843,soccer.asian_handicap,period=ft,away,handicap=-1.5,1.33
2026-10-01T00:04:24.942657+02:00,36521471,USL Championship,USA,Rhode Island FC,Indy Eleven,2026-09-30T23:30:00+00:00,85.5843,soccer.asian_handicap,period=ft,home,handicap=-1.25,2.85
2026-10-01T00:04:24.942657+02:00,36521471,USL Championship,USA,Rhode Island FC,Indy Eleven,2026-09-30T23:30:00+00:00,85.5843,soccer.asian_handicap,period=ft,away,handicap=-1.25,1.4
2026-10-01T00:04:24.942657+02:00,36521471,USL Championship,USA,Rhode Island FC,Indy Eleven,2026-09-30T23:30:00+00:00,85.5843,soccer.asian_handicap,period=ft,home,handicap=-1,2.5
2026-10-01T00:04:24.942657+02:00,36521471,USL Championship,USA,Rhode Island FC,Indy Eleven,2026-09-30T23:30:00+00:00,85.5843,soccer.asian_handicap,period=ft,away,handicap=-1,1.51
2026-10-01T00:04:24.942657+02:00,36521471,USL Championship,USA,Rhode Island FC,Indy Eleven,2026-09-30T23:30:00+00:00,85.5843,soccer.asian_handicap,period=ft,home,handicap=-0.75,2.09
2026-10-01T00:04:24.942657+02:00,36521471,USL Championship,USA,Rhode Island FC,Indy Eleven,2026-09-30T23:30:00+00:00,85.5843,soccer.asian_handicap,period=ft,away,handicap=-0.75,1.73
2026-10-01T00:04:24.942657+02:00,36521471,USL Championship,USA,Rhode Island FC,Indy Eleven,2026-09-30T23:30:00+00:00,85.5843,soccer.asian_handicap,period=ft,home,handicap=-0.25,1.63
2026-10-01T00:04:24.942657+02:00,36521471,USL Championship,USA,Rhode Island FC,Indy Eleven,2026-09-30T23:30:00+00:00,85.5843,soccer.asian_handicap,period=ft,away,handicap=-0.25,2.25
2026-10-01T00:04:24.942657+02:00,36521471,USL Championship,USA,Rhode Island FC,Indy Eleven,2026-09-30T23:30:00+00:00,85.5843,soccer.asian_handicap,period=ft,home,handicap=0,1.43
2026-10-01T00:04:24.942657+02:00,36521471,USL Championship,USA,Rhode Island FC,Indy Eleven,2026-09-30T23:30:00+00:00,85.5843,soccer.asian_handicap,period=ft,away,handicap=0,2.8
2026-10-01T00:04:24.942657+02:00,36521471,USL Championship,USA,Rhode Island FC,Indy Eleven,2026-09-30T23:30:00+00:00,85.5843,soccer.asian_handicap,period=ft,home,handicap=0.25,1.34
2026-10-01T00:04:24.942657+02:00,36521471,USL Championship,USA,Rhode Island FC,Indy Eleven,2026-09-30T23:30:00+00:00,85.5843,soccer.asian_handicap,period=ft,away,handicap=0.25,3.15
2026-10-01T00:04:24.942657+02:00,36521471,USL Championship,USA,Rhode Island FC,Indy Eleven,2026-09-30T23:30:00+00:00,85.5843,soccer.asian_handicap,period=ft,home,handicap=0.5,1.28
2026-10-01T00:04:24.942657+02:00,36521471,USL Championship,USA,Rhode Island FC,Indy Eleven,2026-09-30T23:30:00+00:00,85.5843,soccer.asian_handicap,period=ft,away,handicap=0.5,3.55
2026-10-01T00:04:24.942657+02:00,36521471,USL Championship,USA,Rhode Island FC,Indy Eleven,2026-09-30T23:30:00+00:00,85.5843,soccer.double_chance,period=ft,draw_away,,1.72
2026-10-01T00:04:24.942657+02:00,36521471,USL Championship,USA,Rhode Island FC,Indy Eleven,2026-09-30T23:30:00+00:00,85.5843,soccer.double_chance,period=ft,home_away,,1.23
2026-10-01T00:04:24.942657+02:00,36521471,USL Championship,USA,Rhode Island FC,Indy Eleven,2026-09-30T23:30:00+00:00,85.5843,soccer.double_chance,period=ft,home_draw,,1.24
2026-10-01T00:04:24.942657+02:00,36521471,USL Championship,USA,Rhode Island FC,Indy Eleven,2026-09-30T23:30:00+00:00,85.5843,soccer.match_odds,period=ft,home,,1.84
2026-10-01T00:04:24.942657+02:00,36521471,USL Championship,USA,Rhode Island FC,Indy Eleven,2026-09-30T23:30:00+00:00,85.5843,soccer.match_odds,period=ft,draw,,4.1
2026-10-01T00:04:24.942657+02:00,36521471,USL Championship,USA,Rhode Island FC,Indy Eleven,2026-09-30T23:30:00+00:00,85.5843,soccer.match_odds,period=ft,away,,3.55
2026-10-01T00:04:24.942657+02:00,36521471,USL Championship,USA,Rhode Island FC,Indy Eleven,2026-09-30T23:30:00+00:00,85.5843,soccer.total_goals,period=ft,over,total=2.75,1.8
2026-10-01T00:04:24.942657+02:00,36521471,USL Championship,USA,Rhode Island FC,Indy Eleven,2026-09-30T23:30:00+00:00,85.5843,soccer.total_goals,period=ft,under,total=2.75,2.0
2026-10-01T00:04:24.942657+02:00,36521471,USL Championship,USA,Rhode Island FC,Indy Eleven,2026-09-30T23:30:00+00:00,85.5843,soccer.total_goals,period=ft,over,total=1.5,1.19
2026-10-01T00:04:24.942657+02:00,36521471,USL Championship,USA,Rhode Island FC,Indy Eleven,2026-09-30T23:30:00+00:00,85.5843,soccer.total_goals,period=ft,under,total=1.5,4.35
2026-10-01T00:04:24.942657+02:00,36521471,USL Championship,USA,Rhode Island FC,Indy Eleven,2026-09-30T23:30:00+00:00,85.5843,soccer.total_goals,period=ft,over,total=2.25,1.46
2026-10-01T00:04:24.942657+02:00,36521471,USL Championship,USA,Rhode Island FC,Indy Eleven,2026-09-30T23:30:00+00:00,85.5843,soccer.total_goals,period=ft,under,total=2.25,2.65
2026-10-01T00:04:24.942657+02:00,36521471,USL Championship,USA,Rhode Island FC,Indy Eleven,2026-09-30T23:30:00+00:00,85.5843,soccer.total_goals,period=ft,over,total=2.5,1.64
2026-10-01T00:04:24.942657+02:00,36521471,USL Championship,USA,Rhode Island FC,Indy Eleven,2026-09-30T23:30:00+00:00,85.5843,soccer.total_goals,period=ft,under,total=2.5,2.2
2026-10-01T00:04:24.942657+02:00,36521471,USL Championship,USA,Rhode Island FC,Indy Eleven,2026-09-30T23:30:00+00:00,85.5843,soccer.total_goals,period=ft,over,total=3,2.06
2026-10-01T00:04:24.942657+02:00,36521471,USL Championship,USA,Rhode Island FC,Indy Eleven,2026-09-30T23:30:00+00:00,85.5843,soccer.total_goals,period=ft,under,total=3,1.74
2026-10-01T00:04:24.942657+02:00,36521471,USL Championship,USA,Rhode Island FC,Indy Eleven,2026-09-30T23:30:00+00:00,85.5843,soccer.total_goals,period=ft,over,total=3.25,2.35
2026-10-01T00:04:24.942657+02:00,36521471,USL Championship,USA,Rhode Island FC,Indy Eleven,2026-09-30T23:30:00+00:00,85.5843,soccer.total_goals,period=ft,under,total=3.25,1.57
2026-10-01T00:04:24.942657+02:00,36521471,USL Championship,USA,Rhode Island FC,Indy Eleven,2026-09-30T23:30:00+00:00,85.5843,soccer.total_goals,period=ft,over,total=3.5,2.6
2026-10-01T00:04:24.942657+02:00,36521471,USL Championship,USA,Rhode Island FC,Indy Eleven,2026-09-30T23:30:00+00:00,85.5843,soccer.total_goals,period=ft,under,total=3.5,1.46
2026-10-01T00:04:24.942657+02:00,36521471,USL Championship,USA,Rhode Island FC,Indy Eleven,2026-09-30T23:30:00+00:00,85.5843,soccer.total_goals,period=ft,over,total=4.5,4.8
2026-10-01T00:04:24.942657+02:00,36521471,USL Championship,USA,Rhode Island FC,Indy Eleven,2026-09-30T23:30:00+00:00,85.5843,soccer.total_goals,period=ft,under,total=4.5,1.16
2026-10-01T00:04:24.942657+02:00,36522149,Primera Division,Uruguay,Montevideo City Torque,CA Penarol Montevideo,2026-09-30T23:00:00+00:00,55.5843,soccer.asian_handicap,period=ft,home,handicap=0.25,2.03
2026-10-01T00:04:24.942657+02:00,36522149,Primera Division,Uruguay,Montevideo City Torque,CA Penarol Montevideo,2026-09-30T23:00:00+00:00,55.5843,soccer.asian_handicap,period=ft,away,handicap=0.25,1.8
2026-10-01T00:04:24.942657+02:00,36522149,Primera Division,Uruguay,Montevideo City Torque,CA Penarol Montevideo,2026-09-30T23:00:00+00:00,55.5843,soccer.asian_handicap,period=ft,home,handicap=-0.75,4.4
2026-10-01T00:04:24.942657+02:00,36522149,Primera Division,Uruguay,Montevideo City Torque,CA Penarol Montevideo,2026-09-30T23:00:00+00:00,55.5843,soccer.asian_handicap,period=ft,away,handicap=-0.75,1.2
2026-10-01T00:04:24.942657+02:00,36522149,Primera Division,Uruguay,Montevideo City Torque,CA Penarol Montevideo,2026-09-30T23:00:00+00:00,55.5843,soccer.asian_handicap,period=ft,home,handicap=-0.5,3.4
2026-10-01T00:04:24.942657+02:00,36522149,Primera Division,Uruguay,Montevideo City Torque,CA Penarol Montevideo,2026-09-30T23:00:00+00:00,55.5843,soccer.asian_handicap,period=ft,away,handicap=-0.5,1.31
2026-10-01T00:04:24.942657+02:00,36522149,Primera Division,Uruguay,Montevideo City Torque,CA Penarol Montevideo,2026-09-30T23:00:00+00:00,55.5843,soccer.asian_handicap,period=ft,home,handicap=-0.25,2.95
2026-10-01T00:04:24.942657+02:00,36522149,Primera Division,Uruguay,Montevideo City Torque,CA Penarol Montevideo,2026-09-30T23:00:00+00:00,55.5843,soccer.asian_handicap,period=ft,away,handicap=-0.25,1.39
2026-10-01T00:04:24.942657+02:00,36522149,Primera Division,Uruguay,Montevideo City Torque,CA Penarol Montevideo,2026-09-30T23:00:00+00:00,55.5843,soccer.asian_handicap,period=ft,home,handicap=0,2.5
2026-10-01T00:04:24.942657+02:00,36522149,Primera Division,Uruguay,Montevideo City Torque,CA Penarol Montevideo,2026-09-30T23:00:00+00:00,55.5843,soccer.asian_handicap,period=ft,away,handicap=0,1.52
2026-10-01T00:04:24.942657+02:00,36522149,Primera Division,Uruguay,Montevideo City Torque,CA Penarol Montevideo,2026-09-30T23:00:00+00:00,55.5843,soccer.asian_handicap,period=ft,home,handicap=0.5,1.76
2026-10-01T00:04:24.942657+02:00,36522149,Primera Division,Uruguay,Montevideo City Torque,CA Penarol Montevideo,2026-09-30T23:00:00+00:00,55.5843,soccer.asian_handicap,period=ft,away,handicap=0.5,2.07
2026-10-01T00:04:24.942657+02:00,36522149,Primera Division,Uruguay,Montevideo City Torque,CA Penarol Montevideo,2026-09-30T23:00:00+00:00,55.5843,soccer.asian_handicap,period=ft,home,handicap=0.75,1.55
2026-10-01T00:04:24.942657+02:00,36522149,Primera Division,Uruguay,Montevideo City Torque,CA Penarol Montevideo,2026-09-30T23:00:00+00:00,55.5843,soccer.asian_handicap,period=ft,away,handicap=0.75,2.45
2026-10-01T00:04:24.942657+02:00,36522149,Primera Division,Uruguay,Montevideo City Torque,CA Penarol Montevideo,2026-09-30T23:00:00+00:00,55.5843,soccer.asian_handicap,period=ft,home,handicap=1,1.34
2026-10-01T00:04:24.942657+02:00,36522149,Primera Division,Uruguay,Montevideo City Torque,CA Penarol Montevideo,2026-09-30T23:00:00+00:00,55.5843,soccer.asian_handicap,period=ft,away,handicap=1,3.15
2026-10-01T00:04:24.942657+02:00,36522149,Primera Division,Uruguay,Montevideo City Torque,CA Penarol Montevideo,2026-09-30T23:00:00+00:00,55.5843,soccer.asian_handicap,period=ft,home,handicap=1.25,1.27
2026-10-01T00:04:24.942657+02:00,36522149,Primera Division,Uruguay,Montevideo City Torque,CA Penarol Montevideo,2026-09-30T23:00:00+00:00,55.5843,soccer.asian_handicap,period=ft,away,handicap=1.25,3.65
2026-10-01T00:04:24.942657+02:00,36522149,Primera Division,Uruguay,Montevideo City Torque,CA Penarol Montevideo,2026-09-30T23:00:00+00:00,55.5843,soccer.double_chance,period=ft,draw_away,,1.32
2026-10-01T00:04:24.942657+02:00,36522149,Primera Division,Uruguay,Montevideo City Torque,CA Penarol Montevideo,2026-09-30T23:00:00+00:00,55.5843,soccer.double_chance,period=ft,home_away,,1.27
2026-10-01T00:04:24.942657+02:00,36522149,Primera Division,Uruguay,Montevideo City Torque,CA Penarol Montevideo,2026-09-30T23:00:00+00:00,55.5843,soccer.double_chance,period=ft,home_draw,,1.76
2026-10-01T00:04:24.942657+02:00,36522149,Primera Division,Uruguay,Montevideo City Torque,CA Penarol Montevideo,2026-09-30T23:00:00+00:00,55.5843,soccer.match_odds,period=ft,home,,3.4
2026-10-01T00:04:24.942657+02:00,36522149,Primera Division,Uruguay,Montevideo City Torque,CA Penarol Montevideo,2026-09-30T23:00:00+00:00,55.5843,soccer.match_odds,period=ft,draw,,3.5
2026-10-01T00:04:24.942657+02:00,36522149,Primera Division,Uruguay,Montevideo City Torque,CA Penarol Montevideo,2026-09-30T23:00:00+00:00,55.5843,soccer.match_odds,period=ft,away,,2.07
2026-10-01T00:04:24.942657+02:00,36522149,Primera Division,Uruguay,Montevideo City Torque,CA Penarol Montevideo,2026-09-30T23:00:00+00:00,55.5843,soccer.total_goals,period=ft,over,total=2.5,2.01
2026-10-01T00:04:24.942657+02:00,36522149,Primera Division,Uruguay,Montevideo City Torque,CA Penarol Montevideo,2026-09-30T23:00:00+00:00,55.5843,soccer.total_goals,period=ft,under,total=2.5,1.8
2026-10-01T00:04:24.942657+02:00,36522149,Primera Division,Uruguay,Montevideo City Torque,CA Penarol Montevideo,2026-09-30T23:00:00+00:00,55.5843,soccer.total_goals,period=ft,over,total=1.5,1.3
2026-10-01T00:04:24.942657+02:00,36522149,Primera Division,Uruguay,Montevideo City Torque,CA Penarol Montevideo,2026-09-30T23:00:00+00:00,55.5843,soccer.total_goals,period=ft,under,total=1.5,3.35
2026-10-01T00:04:24.942657+02:00,36522149,Primera Division,Uruguay,Montevideo City Torque,CA Penarol Montevideo,2026-09-30T23:00:00+00:00,55.5843,soccer.total_goals,period=ft,over,total=2,1.5
2026-10-01T00:04:24.942657+02:00,36522149,Primera Division,Uruguay,Montevideo City Torque,CA Penarol Montevideo,2026-09-30T23:00:00+00:00,55.5843,soccer.total_goals,period=ft,under,total=2,2.55
2026-10-01T00:04:24.942657+02:00,36522149,Primera Division,Uruguay,Montevideo City Torque,CA Penarol Montevideo,2026-09-30T23:00:00+00:00,55.5843,soccer.total_goals,period=ft,over,total=2.25,1.75
2026-10-01T00:04:24.942657+02:00,36522149,Primera Division,Uruguay,Montevideo City Torque,CA Penarol Montevideo,2026-09-30T23:00:00+00:00,55.5843,soccer.total_goals,period=ft,under,total=2.25,2.05
2026-10-01T00:04:24.942657+02:00,36522149,Primera Division,Uruguay,Montevideo City Torque,CA Penarol Montevideo,2026-09-30T23:00:00+00:00,55.5843,soccer.total_goals,period=ft,over,total=2.75,2.3
2026-10-01T00:04:24.942657+02:00,36522149,Primera Division,Uruguay,Montevideo City Torque,CA Penarol Montevideo,2026-09-30T23:00:00+00:00,55.5843,soccer.total_goals,period=ft,under,total=2.75,1.6
2026-10-01T00:04:24.942657+02:00,36522149,Primera Division,Uruguay,Montevideo City Torque,CA Penarol Montevideo,2026-09-30T23:00:00+00:00,55.5843,soccer.total_goals,period=ft,over,total=3,2.85
2026-10-01T00:04:24.942657+02:00,36522149,Primera Division,Uruguay,Montevideo City Torque,CA Penarol Montevideo,2026-09-30T23:00:00+00:00,55.5843,soccer.total_goals,period=ft,under,total=3,1.41
2026-10-01T00:04:24.942657+02:00,36522149,Primera Division,Uruguay,Montevideo City Torque,CA Penarol Montevideo,2026-09-30T23:00:00+00:00,55.5843,soccer.total_goals,period=ft,over,total=3.5,3.55
2026-10-01T00:04:24.942657+02:00,36522149,Primera Division,Uruguay,Montevideo City Torque,CA Penarol Montevideo,2026-09-30T23:00:00+00:00,55.5843,soccer.total_goals,period=ft,under,total=3.5,1.28
2026-10-01T00:04:24.942657+02:00,36522149,Primera Division,Uruguay,Montevideo City Torque,CA Penarol Montevideo,2026-09-30T23:00:00+00:00,55.5843,soccer.total_goals,period=ft,over,total=4.5,7.05
2026-10-01T00:04:24.942657+02:00,36522149,Primera Division,Uruguay,Montevideo City Torque,CA Penarol Montevideo,2026-09-30T23:00:00+00:00,55.5843,soccer.total_goals,period=ft,under,total=4.5,1.09
2026-10-01T00:04:24.942657+02:00,36577730,Segunda Division,Venezuela,CD Lara,REAL FRONTERA FC,2026-09-30T23:00:00+00:00,55.5843,soccer.asian_handicap,period=ft,home,handicap=-2.25,1.82
2026-10-01T00:04:24.942657+02:00,36577730,Segunda Division,Venezuela,CD Lara,REAL FRONTERA FC,2026-09-30T23:00:00+00:00,55.5843,soccer.asian_handicap,period=ft,away,handicap=-2.25,1.86
2026-10-01T00:04:24.942657+02:00,36577730,Segunda Division,Venezuela,CD Lara,REAL FRONTERA FC,2026-09-30T23:00:00+00:00,55.5843,soccer.asian_handicap,period=ft,home,handicap=-3,2.8
2026-10-01T00:04:24.942657+02:00,36577730,Segunda Division,Venezuela,CD Lara,REAL FRONTERA FC,2026-09-30T23:00:00+00:00,55.5843,soccer.asian_handicap,period=ft,away,handicap=-3,1.34
2026-10-01T00:04:24.942657+02:00,36577730,Segunda Division,Venezuela,CD Lara,REAL FRONTERA FC,2026-09-30T23:00:00+00:00,55.5843,soccer.asian_handicap,period=ft,home,handicap=-2.75,2.25
2026-10-01T00:04:24.942657+02:00,36577730,Segunda Division,Venezuela,CD Lara,REAL FRONTERA FC,2026-09-30T23:00:00+00:00,55.5843,soccer.asian_handicap,period=ft,away,handicap=-2.75,1.5
2026-10-01T00:04:24.942657+02:00,36577730,Segunda Division,Venezuela,CD Lara,REAL FRONTERA FC,2026-09-30T23:00:00+00:00,55.5843,soccer.asian_handicap,period=ft,home,handicap=-2.5,2.02
2026-10-01T00:04:24.942657+02:00,36577730,Segunda Division,Venezuela,CD Lara,REAL FRONTERA FC,2026-09-30T23:00:00+00:00,55.5843,soccer.asian_handicap,period=ft,away,handicap=-2.5,1.66
2026-10-01T00:04:24.942657+02:00,36577730,Segunda Division,Venezuela,CD Lara,REAL FRONTERA FC,2026-09-30T23:00:00+00:00,55.5843,soccer.asian_handicap,period=ft,home,handicap=-2,1.57
2026-10-01T00:04:24.942657+02:00,36577730,Segunda Division,Venezuela,CD Lara,REAL FRONTERA FC,2026-09-30T23:00:00+00:00,55.5843,soccer.asian_handicap,period=ft,away,handicap=-2,2.17
2026-10-01T00:04:24.942657+02:00,36577730,Segunda Division,Venezuela,CD Lara,REAL FRONTERA FC,2026-09-30T23:00:00+00:00,55.5843,soccer.asian_handicap,period=ft,home,handicap=-1.75,1.44
2026-10-01T00:04:24.942657+02:00,36577730,Segunda Division,Venezuela,CD Lara,REAL FRONTERA FC,2026-09-30T23:00:00+00:00,55.5843,soccer.asian_handicap,period=ft,away,handicap=-1.75,2.4
2026-10-01T00:04:24.942657+02:00,36577730,Segunda Division,Venezuela,CD Lara,REAL FRONTERA FC,2026-09-30T23:00:00+00:00,55.5843,soccer.asian_handicap,period=ft,home,handicap=-1.5,1.35
2026-10-01T00:04:24.942657+02:00,36577730,Segunda Division,Venezuela,CD Lara,REAL FRONTERA FC,2026-09-30T23:00:00+00:00,55.5843,soccer.asian_handicap,period=ft,away,handicap=-1.5,2.7
2026-10-01T00:04:24.942657+02:00,36577730,Segunda Division,Venezuela,CD Lara,REAL FRONTERA FC,2026-09-30T23:00:00+00:00,55.5843,soccer.double_chance,period=ft,draw_away,,5.0
2026-10-01T00:04:24.942657+02:00,36577730,Segunda Division,Venezuela,CD Lara,REAL FRONTERA FC,2026-09-30T23:00:00+00:00,55.5843,soccer.double_chance,period=ft,home_away,,1.07
2026-10-01T00:04:24.942657+02:00,36577730,Segunda Division,Venezuela,CD Lara,REAL FRONTERA FC,2026-09-30T23:00:00+00:00,55.5843,soccer.double_chance,period=ft,home_draw,,1.04
2026-10-01T00:04:24.942657+02:00,36577730,Segunda Division,Venezuela,CD Lara,REAL FRONTERA FC,2026-09-30T23:00:00+00:00,55.5843,soccer.match_odds,period=ft,home,,1.11
2026-10-01T00:04:24.942657+02:00,36577730,Segunda Division,Venezuela,CD Lara,REAL FRONTERA FC,2026-09-30T23:00:00+00:00,55.5843,soccer.match_odds,period=ft,draw,,8.2
2026-10-01T00:04:24.942657+02:00,36577730,Segunda Division,Venezuela,CD Lara,REAL FRONTERA FC,2026-09-30T23:00:00+00:00,55.5843,soccer.match_odds,period=ft,away,,12.0
2026-10-01T00:04:24.942657+02:00,36577730,Segunda Division,Venezuela,CD Lara,REAL FRONTERA FC,2026-09-30T23:00:00+00:00,55.5843,soccer.total_goals,period=ft,over,total=3.25,1.78
2026-10-01T00:04:24.942657+02:00,36577730,Segunda Division,Venezuela,CD Lara,REAL FRONTERA FC,2026-09-30T23:00:00+00:00,55.5843,soccer.total_goals,period=ft,under,total=3.25,1.9
2026-10-01T00:04:24.942657+02:00,36577730,Segunda Division,Venezuela,CD Lara,REAL FRONTERA FC,2026-09-30T23:00:00+00:00,55.5843,soccer.total_goals,period=ft,over,total=2.5,1.33
2026-10-01T00:04:24.942657+02:00,36577730,Segunda Division,Venezuela,CD Lara,REAL FRONTERA FC,2026-09-30T23:00:00+00:00,55.5843,soccer.total_goals,period=ft,under,total=2.5,2.8
2026-10-01T00:04:24.942657+02:00,36577730,Segunda Division,Venezuela,CD Lara,REAL FRONTERA FC,2026-09-30T23:00:00+00:00,55.5843,soccer.total_goals,period=ft,over,total=2.75,1.41
2026-10-01T00:04:24.942657+02:00,36577730,Segunda Division,Venezuela,CD Lara,REAL FRONTERA FC,2026-09-30T23:00:00+00:00,55.5843,soccer.total_goals,period=ft,under,total=2.75,2.5
2026-10-01T00:04:24.942657+02:00,36577730,Segunda Division,Venezuela,CD Lara,REAL FRONTERA FC,2026-09-30T23:00:00+00:00,55.5843,soccer.total_goals,period=ft,over,total=3,1.54
2026-10-01T00:04:24.942657+02:00,36577730,Segunda Division,Venezuela,CD Lara,REAL FRONTERA FC,2026-09-30T23:00:00+00:00,55.5843,soccer.total_goals,period=ft,under,total=3,2.2
2026-10-01T00:04:24.942657+02:00,36577730,Segunda Division,Venezuela,CD Lara,REAL FRONTERA FC,2026-09-30T23:00:00+00:00,55.5843,soccer.total_goals,period=ft,over,total=3.5,1.99
2026-10-01T00:04:24.942657+02:00,36577730,Segunda Division,Venezuela,CD Lara,REAL FRONTERA FC,2026-09-30T23:00:00+00:00,55.5843,soccer.total_goals,period=ft,under,total=3.5,1.69
2026-10-01T00:04:24.942657+02:00,36577730,Segunda Division,Venezuela,CD Lara,REAL FRONTERA FC,2026-09-30T23:00:00+00:00,55.5843,soccer.total_goals,period=ft,over,total=3.75,2.25
2026-10-01T00:04:24.942657+02:00,36577730,Segunda Division,Venezuela,CD Lara,REAL FRONTERA FC,2026-09-30T23:00:00+00:00,55.5843,soccer.total_goals,period=ft,under,total=3.75,1.51
2026-10-01T00:04:24.942657+02:00,36577730,Segunda Division,Venezuela,CD Lara,REAL FRONTERA FC,2026-09-30T23:00:00+00:00,55.5843,soccer.total_goals,period=ft,over,total=4,2.7
2026-10-01T00:04:24.942657+02:00,36577730,Segunda Division,Venezuela,CD Lara,REAL FRONTERA FC,2026-09-30T23:00:00+00:00,55.5843,soccer.total_goals,period=ft,under,total=4,1.35
2026-10-01T00:06:24.483149+02:00,36573249,Copa Division Profesional,Bolivia,CD Real Tomayapo,CA Nacional Potosi,2026-09-30T22:30:00+00:00,23.5919,soccer.asian_handicap,period=ft,home,handicap=0,1.9
2026-10-01T00:06:24.483149+02:00,36573249,Copa Division Profesional,Bolivia,CD Real Tomayapo,CA Nacional Potosi,2026-09-30T22:30:00+00:00,23.5919,soccer.asian_handicap,period=ft,away,handicap=0,1.79
2026-10-01T00:06:24.483149+02:00,36573249,Copa Division Profesional,Bolivia,CD Real Tomayapo,CA Nacional Potosi,2026-09-30T22:30:00+00:00,23.5919,soccer.asian_handicap,period=ft,home,handicap=-0.75,2.75
2026-10-01T00:06:24.483149+02:00,36573249,Copa Division Profesional,Bolivia,CD Real Tomayapo,CA Nacional Potosi,2026-09-30T22:30:00+00:00,23.5919,soccer.asian_handicap,period=ft,away,handicap=-0.75,1.35
2026-10-01T00:06:24.483149+02:00,36573249,Copa Division Profesional,Bolivia,CD Real Tomayapo,CA Nacional Potosi,2026-09-30T22:30:00+00:00,23.5919,soccer.asian_handicap,period=ft,home,handicap=-0.5,2.35
2026-10-01T00:06:24.483149+02:00,36573249,Copa Division Profesional,Bolivia,CD Real Tomayapo,CA Nacional Potosi,2026-09-30T22:30:00+00:00,23.5919,soccer.asian_handicap,period=ft,away,handicap=-0.5,1.48
2026-10-01T00:06:24.483149+02:00,36573249,Copa Division Profesional,Bolivia,CD Real Tomayapo,CA Nacional Potosi,2026-09-30T22:30:00+00:00,23.5919,soccer.asian_handicap,period=ft,home,handicap=-0.25,2.14
2026-10-01T00:06:24.483149+02:00,36573249,Copa Division Profesional,Bolivia,CD Real Tomayapo,CA Nacional Potosi,2026-09-30T22:30:00+00:00,23.5919,soccer.asian_handicap,period=ft,away,handicap=-0.25,1.6
2026-10-01T00:06:24.483149+02:00,36573249,Copa Division Profesional,Bolivia,CD Real Tomayapo,CA Nacional Potosi,2026-09-30T22:30:00+00:00,23.5919,soccer.asian_handicap,period=ft,home,handicap=0.25,1.68
2026-10-01T00:06:24.483149+02:00,36573249,Copa Division Profesional,Bolivia,CD Real Tomayapo,CA Nacional Potosi,2026-09-30T22:30:00+00:00,23.5919,soccer.asian_handicap,period=ft,away,handicap=0.25,2.01
2026-10-01T00:06:24.483149+02:00,36573249,Copa Division Profesional,Bolivia,CD Real Tomayapo,CA Nacional Potosi,2026-09-30T22:30:00+00:00,23.5919,soccer.asian_handicap,period=ft,home,handicap=0.5,1.54
2026-10-01T00:06:24.483149+02:00,36573249,Copa Division Profesional,Bolivia,CD Real Tomayapo,CA Nacional Potosi,2026-09-30T22:30:00+00:00,23.5919,soccer.asian_handicap,period=ft,away,handicap=0.5,2.2
2026-10-01T00:06:24.483149+02:00,36573249,Copa Division Profesional,Bolivia,CD Real Tomayapo,CA Nacional Potosi,2026-09-30T22:30:00+00:00,23.5919,soccer.asian_handicap,period=ft,home,handicap=0.75,1.39
2026-10-01T00:06:24.483149+02:00,36573249,Copa Division Profesional,Bolivia,CD Real Tomayapo,CA Nacional Potosi,2026-09-30T22:30:00+00:00,23.5919,soccer.asian_handicap,period=ft,away,handicap=0.75,2.6
2026-10-01T00:06:24.483149+02:00,36573249,Copa Division Profesional,Bolivia,CD Real Tomayapo,CA Nacional Potosi,2026-09-30T22:30:00+00:00,23.5919,soccer.match_odds,period=ft,home,,2.35
2026-10-01T00:06:24.483149+02:00,36573249,Copa Division Profesional,Bolivia,CD Real Tomayapo,CA Nacional Potosi,2026-09-30T22:30:00+00:00,23.5919,soccer.match_odds,period=ft,draw,,3.8
2026-10-01T00:06:24.483149+02:00,36573249,Copa Division Profesional,Bolivia,CD Real Tomayapo,CA Nacional Potosi,2026-09-30T22:30:00+00:00,23.5919,soccer.match_odds,period=ft,away,,2.25
2026-10-01T00:06:24.483149+02:00,36573249,Copa Division Profesional,Bolivia,CD Real Tomayapo,CA Nacional Potosi,2026-09-30T22:30:00+00:00,23.5919,soccer.total_goals,period=ft,over,total=3,1.87
2026-10-01T00:06:24.483149+02:00,36573249,Copa Division Profesional,Bolivia,CD Real Tomayapo,CA Nacional Potosi,2026-09-30T22:30:00+00:00,23.5919,soccer.total_goals,period=ft,under,total=3,1.82
2026-10-01T00:06:24.483149+02:00,36573249,Copa Division Profesional,Bolivia,CD Real Tomayapo,CA Nacional Potosi,2026-09-30T22:30:00+00:00,23.5919,soccer.total_goals,period=ft,over,total=2.25,1.36
2026-10-01T00:06:24.483149+02:00,36573249,Copa Division Profesional,Bolivia,CD Real Tomayapo,CA Nacional Potosi,2026-09-30T22:30:00+00:00,23.5919,soccer.total_goals,period=ft,under,total=2.25,2.7
2026-10-01T00:06:24.483149+02:00,36573249,Copa Division Profesional,Bolivia,CD Real Tomayapo,CA Nacional Potosi,2026-09-30T22:30:00+00:00,23.5919,soccer.total_goals,period=ft,over,total=2.5,1.51
2026-10-01T00:06:24.483149+02:00,36573249,Copa Division Profesional,Bolivia,CD Real Tomayapo,CA Nacional Potosi,2026-09-30T22:30:00+00:00,23.5919,soccer.total_goals,period=ft,under,total=2.5,2.25
2026-10-01T00:06:24.483149+02:00,36573249,Copa Division Profesional,Bolivia,CD Real Tomayapo,CA Nacional Potosi,2026-09-30T22:30:00+00:00,23.5919,soccer.total_goals,period=ft,over,total=2.75,1.65
2026-10-01T00:06:24.483149+02:00,36573249,Copa Division Profesional,Bolivia,CD Real Tomayapo,CA Nacional Potosi,2026-09-30T22:30:00+00:00,23.5919,soccer.total_goals,period=ft,under,total=2.75,2.05
2026-10-01T00:06:24.483149+02:00,36573249,Copa Division Profesional,Bolivia,CD Real Tomayapo,CA Nacional Potosi,2026-09-30T22:30:00+00:00,23.5919,soccer.total_goals,period=ft,over,total=3.25,2.11
2026-10-01T00:06:24.483149+02:00,36573249,Copa Division Profesional,Bolivia,CD Real Tomayapo,CA Nacional Potosi,2026-09-30T22:30:00+00:00,23.5919,soccer.total_goals,period=ft,under,total=3.25,1.62
2026-10-01T00:06:24.483149+02:00,36573249,Copa Division Profesional,Bolivia,CD Real Tomayapo,CA Nacional Potosi,2026-09-30T22:30:00+00:00,23.5919,soccer.total_goals,period=ft,over,total=3.5,2.3
2026-10-01T00:06:24.483149+02:00,36573249,Copa Division Profesional,Bolivia,CD Real Tomayapo,CA Nacional Potosi,2026-09-30T22:30:00+00:00,23.5919,soccer.total_goals,period=ft,under,total=3.5,1.49
2026-10-01T00:06:24.483149+02:00,36573249,Copa Division Profesional,Bolivia,CD Real Tomayapo,CA Nacional Potosi,2026-09-30T22:30:00+00:00,23.5919,soccer.total_goals,period=ft,over,total=3.75,2.7
2026-10-01T00:06:24.483149+02:00,36573249,Copa Division Profesional,Bolivia,CD Real Tomayapo,CA Nacional Potosi,2026-09-30T22:30:00+00:00,23.5919,soccer.total_goals,period=ft,under,total=3.75,1.36
2026-10-01T00:06:24.483149+02:00,36561004,Copa Paraguay,Paraguay,Cerro Porteno,Rubio Nu,2026-09-30T22:30:00+00:00,23.5919,soccer.asian_handicap,period=ft,home,handicap=-1,1.79
2026-10-01T00:06:24.483149+02:00,36561004,Copa Paraguay,Paraguay,Cerro Porteno,Rubio Nu,2026-09-30T22:30:00+00:00,23.5919,soccer.asian_handicap,period=ft,away,handicap=-1,1.9
2026-10-01T00:06:24.483149+02:00,36561004,Copa Paraguay,Paraguay,Cerro Porteno,Rubio Nu,2026-09-30T22:30:00+00:00,23.5919,soccer.asian_handicap,period=ft,home,handicap=-1.75,2.85
2026-10-01T00:06:24.483149+02:00,36561004,Copa Paraguay,Paraguay,Cerro Porteno,Rubio Nu,2026-09-30T22:30:00+00:00,23.5919,soccer.asian_handicap,period=ft,away,handicap=-1.75,1.33
2026-10-01T00:06:24.483149+02:00,36561004,Copa Paraguay,Paraguay,Cerro Porteno,Rubio Nu,2026-09-30T22:30:00+00:00,23.5919,soccer.asian_handicap,period=ft,home,handicap=-1.5,2.35
2026-10-01T00:06:24.483149+02:00,36561004,Copa Paraguay,Paraguay,Cerro Porteno,Rubio Nu,2026-09-30T22:30:00+00:00,23.5919,soccer.asian_handicap,period=ft,away,handicap=-1.5,1.48
2026-10-01T00:06:24.483149+02:00,36561004,Copa Paraguay,Paraguay,Cerro Porteno,Rubio Nu,2026-09-30T22:30:00+00:00,23.5919,soccer.asian_handicap,period=ft,home,handicap=-1.25,2.08
2026-10-01T00:06:24.483149+02:00,36561004,Copa Paraguay,Paraguay,Cerro Porteno,Rubio Nu,2026-09-30T22:30:00+00:00,23.5919,soccer.asian_handicap,period=ft,away,handicap=-1.25,1.64
2026-10-01T00:06:24.483149+02:00,36561004,Copa Paraguay,Paraguay,Cerro Porteno,Rubio Nu,2026-09-30T22:30:00+00:00,23.5919,soccer.asian_handicap,period=ft,home,handicap=-0.75,1.56
2026-10-01T00:06:24.483149+02:00,36561004,Copa Paraguay,Paraguay,Cerro Porteno,Rubio Nu,2026-09-30T22:30:00+00:00,23.5919,soccer.asian_handicap,period=ft,away,handicap=-0.75,2.2
2026-10-01T00:06:24.483149+02:00,36561004,Copa Paraguay,Paraguay,Cerro Porteno,Rubio Nu,2026-09-30T22:30:00+00:00,23.5919,soccer.asian_handicap,period=ft,home,handicap=-0.5,1.43
2026-10-01T00:06:24.483149+02:00,36561004,Copa Paraguay,Paraguay,Cerro Porteno,Rubio Nu,2026-09-30T22:30:00+00:00,23.5919,soccer.asian_handicap,period=ft,away,handicap=-0.5,2.45
2026-10-01T00:06:24.483149+02:00,36561004,Copa Paraguay,Paraguay,Cerro Porteno,Rubio Nu,2026-09-30T22:30:00+00:00,23.5919,soccer.asian_handicap,period=ft,home,handicap=-0.25,1.27
2026-10-01T00:06:24.483149+02:00,36561004,Copa Paraguay,Paraguay,Cerro Porteno,Rubio Nu,2026-09-30T22:30:00+00:00,23.5919,soccer.asian_handicap,period=ft,away,handicap=-0.25,3.15
2026-10-01T00:06:24.483149+02:00,36561004,Copa Paraguay,Paraguay,Cerro Porteno,Rubio Nu,2026-09-30T22:30:00+00:00,23.5919,soccer.double_chance,period=ft,draw_away,,2.45
2026-10-01T00:06:24.483149+02:00,36561004,Copa Paraguay,Paraguay,Cerro Porteno,Rubio Nu,2026-09-30T22:30:00+00:00,23.5919,soccer.double_chance,period=ft,home_away,,1.24
2026-10-01T00:06:24.483149+02:00,36561004,Copa Paraguay,Paraguay,Cerro Porteno,Rubio Nu,2026-09-30T22:30:00+00:00,23.5919,soccer.double_chance,period=ft,home_draw,,1.13
2026-10-01T00:06:24.483149+02:00,36561004,Copa Paraguay,Paraguay,Cerro Porteno,Rubio Nu,2026-09-30T22:30:00+00:00,23.5919,soccer.match_odds,period=ft,home,,1.44
2026-10-01T00:06:24.483149+02:00,36561004,Copa Paraguay,Paraguay,Cerro Porteno,Rubio Nu,2026-09-30T22:30:00+00:00,23.5919,soccer.match_odds,period=ft,draw,,3.7
2026-10-01T00:06:24.483149+02:00,36561004,Copa Paraguay,Paraguay,Cerro Porteno,Rubio Nu,2026-09-30T22:30:00+00:00,23.5919,soccer.match_odds,period=ft,away,,6.1
2026-10-01T00:06:24.483149+02:00,36561004,Copa Paraguay,Paraguay,Cerro Porteno,Rubio Nu,2026-09-30T22:30:00+00:00,23.5919,soccer.total_goals,period=ft,over,total=2.25,1.76
2026-10-01T00:06:24.483149+02:00,36561004,Copa Paraguay,Paraguay,Cerro Porteno,Rubio Nu,2026-09-30T22:30:00+00:00,23.5919,soccer.total_goals,period=ft,under,total=2.25,1.94
2026-10-01T00:06:24.483149+02:00,36561004,Copa Paraguay,Paraguay,Cerro Porteno,Rubio Nu,2026-09-30T22:30:00+00:00,23.5919,soccer.total_goals,period=ft,over,total=1.5,1.29
2026-10-01T00:06:24.483149+02:00,36561004,Copa Paraguay,Paraguay,Cerro Porteno,Rubio Nu,2026-09-30T22:30:00+00:00,23.5919,soccer.total_goals,period=ft,under,total=1.5,3.05
2026-10-01T00:06:24.483149+02:00,36561004,Copa Paraguay,Paraguay,Cerro Porteno,Rubio Nu,2026-09-30T22:30:00+00:00,23.5919,soccer.total_goals,period=ft,over,total=1.75,1.36
2026-10-01T00:06:24.483149+02:00,36561004,Copa Paraguay,Paraguay,Cerro Porteno,Rubio Nu,2026-09-30T22:30:00+00:00,23.5919,soccer.total_goals,period=ft,under,total=1.75,2.7
2026-10-01T00:06:24.483149+02:00,36561004,Copa Paraguay,Paraguay,Cerro Porteno,Rubio Nu,2026-09-30T22:30:00+00:00,23.5919,soccer.total_goals,period=ft,over,total=2,1.49
2026-10-01T00:06:24.483149+02:00,36561004,Copa Paraguay,Paraguay,Cerro Porteno,Rubio Nu,2026-09-30T22:30:00+00:00,23.5919,soccer.total_goals,period=ft,under,total=2,2.35
2026-10-01T00:06:24.483149+02:00,36561004,Copa Paraguay,Paraguay,Cerro Porteno,Rubio Nu,2026-09-30T22:30:00+00:00,23.5919,soccer.total_goals,period=ft,over,total=2.5,2.0
2026-10-01T00:06:24.483149+02:00,36561004,Copa Paraguay,Paraguay,Cerro Porteno,Rubio Nu,2026-09-30T22:30:00+00:00,23.5919,soccer.total_goals,period=ft,under,total=2.5,1.69
2026-10-01T00:06:24.483149+02:00,36561004,Copa Paraguay,Paraguay,Cerro Porteno,Rubio Nu,2026-09-30T22:30:00+00:00,23.5919,soccer.total_goals,period=ft,over,total=2.75,2.25
2026-10-01T00:06:24.483149+02:00,36561004,Copa Paraguay,Paraguay,Cerro Porteno,Rubio Nu,2026-09-30T22:30:00+00:00,23.5919,soccer.total_goals,period=ft,under,total=2.75,1.51
2026-10-01T00:06:24.483149+02:00,36561004,Copa Paraguay,Paraguay,Cerro Porteno,Rubio Nu,2026-09-30T22:30:00+00:00,23.5919,soccer.total_goals,period=ft,over,total=3,2.8
2026-10-01T00:06:24.483149+02:00,36561004,Copa Paraguay,Paraguay,Cerro Porteno,Rubio Nu,2026-09-30T22:30:00+00:00,23.5919,soccer.total_goals,period=ft,under,total=3,1.34
2026-10-01T00:06:24.483149+02:00,36577730,Segunda Division,Venezuela,CD Lara,REAL FRONTERA FC,2026-09-30T23:00:00+00:00,53.5919,soccer.asian_handicap,period=ft,home,handicap=-2.25,1.82
2026-10-01T00:06:24.483149+02:00,36577730,Segunda Division,Venezuela,CD Lara,REAL FRONTERA FC,2026-09-30T23:00:00+00:00,53.5919,soccer.asian_handicap,period=ft,away,handicap=-2.25,1.86
2026-10-01T00:06:24.483149+02:00,36577730,Segunda Division,Venezuela,CD Lara,REAL FRONTERA FC,2026-09-30T23:00:00+00:00,53.5919,soccer.asian_handicap,period=ft,home,handicap=-3,2.8
2026-10-01T00:06:24.483149+02:00,36577730,Segunda Division,Venezuela,CD Lara,REAL FRONTERA FC,2026-09-30T23:00:00+00:00,53.5919,soccer.asian_handicap,period=ft,away,handicap=-3,1.34
2026-10-01T00:06:24.483149+02:00,36577730,Segunda Division,Venezuela,CD Lara,REAL FRONTERA FC,2026-09-30T23:00:00+00:00,53.5919,soccer.asian_handicap,period=ft,home,handicap=-2.75,2.25
2026-10-01T00:06:24.483149+02:00,36577730,Segunda Division,Venezuela,CD Lara,REAL FRONTERA FC,2026-09-30T23:00:00+00:00,53.5919,soccer.asian_handicap,period=ft,away,handicap=-2.75,1.5
2026-10-01T00:06:24.483149+02:00,36577730,Segunda Division,Venezuela,CD Lara,REAL FRONTERA FC,2026-09-30T23:00:00+00:00,53.5919,soccer.asian_handicap,period=ft,home,handicap=-2.5,2.02
2026-10-01T00:06:24.483149+02:00,36577730,Segunda Division,Venezuela,CD Lara,REAL FRONTERA FC,2026-09-30T23:00:00+00:00,53.5919,soccer.asian_handicap,period=ft,away,handicap=-2.5,1.66
2026-10-01T00:06:24.483149+02:00,36577730,Segunda Division,Venezuela,CD Lara,REAL FRONTERA FC,2026-09-30T23:00:00+00:00,53.5919,soccer.asian_handicap,period=ft,home,handicap=-2,1.57
2026-10-01T00:06:24.483149+02:00,36577730,Segunda Division,Venezuela,CD Lara,REAL FRONTERA FC,2026-09-30T23:00:00+00:00,53.5919,soccer.asian_handicap,period=ft,away,handicap=-2,2.17
2026-10-01T00:06:24.483149+02:00,36577730,Segunda Division,Venezuela,CD Lara,REAL FRONTERA FC,2026-09-30T23:00:00+00:00,53.5919,soccer.asian_handicap,period=ft,home,handicap=-1.75,1.44
2026-10-01T00:06:24.483149+02:00,36577730,Segunda Division,Venezuela,CD Lara,REAL FRONTERA FC,2026-09-30T23:00:00+00:00,53.5919,soccer.asian_handicap,period=ft,away,handicap=-1.75,2.4
2026-10-01T00:06:24.483149+02:00,36577730,Segunda Division,Venezuela,CD Lara,REAL FRONTERA FC,2026-09-30T23:00:00+00:00,53.5919,soccer.asian_handicap,period=ft,home,handicap=-1.5,1.35
2026-10-01T00:06:24.483149+02:00,36577730,Segunda Division,Venezuela,CD Lara,REAL FRONTERA FC,2026-09-30T23:00:00+00:00,53.5919,soccer.asian_handicap,period=ft,away,handicap=-1.5,2.7
2026-10-01T00:06:24.483149+02:00,36577730,Segunda Division,Venezuela,CD Lara,REAL FRONTERA FC,2026-09-30T23:00:00+00:00,53.5919,soccer.double_chance,period=ft,draw_away,,5.0
2026-10-01T00:06:24.483149+02:00,36577730,Segunda Division,Venezuela,CD Lara,REAL FRONTERA FC,2026-09-30T23:00:00+00:00,53.5919,soccer.double_chance,period=ft,home_away,,1.07
2026-10-01T00:06:24.483149+02:00,36577730,Segunda Division,Venezuela,CD Lara,REAL FRONTERA FC,2026-09-30T23:00:00+00:00,53.5919,soccer.double_chance,period=ft,home_draw,,1.04
2026-10-01T00:06:24.483149+02:00,36577730,Segunda Division,Venezuela,CD Lara,REAL FRONTERA FC,2026-09-30T23:00:00+00:00,53.5919,soccer.match_odds,period=ft,home,,1.11
2026-10-01T00:06:24.483149+02:00,36577730,Segunda Division,Venezuela,CD Lara,REAL FRONTERA FC,2026-09-30T23:00:00+00:00,53.5919,soccer.match_odds,period=ft,draw,,8.2
2026-10-01T00:06:24.483149+02:00,36577730,Segunda Division,Venezuela,CD Lara,REAL FRONTERA FC,2026-09-30T23:00:00+00:00,53.5919,soccer.match_odds,period=ft,away,,12.0
2026-10-01T00:06:24.483149+02:00,36577730,Segunda Division,Venezuela,CD Lara,REAL FRONTERA FC,2026-09-30T23:00:00+00:00,53.5919,soccer.total_goals,period=ft,over,total=3.25,1.78
2026-10-01T00:06:24.483149+02:00,36577730,Segunda Division,Venezuela,CD Lara,REAL FRONTERA FC,2026-09-30T23:00:00+00:00,53.5919,soccer.total_goals,period=ft,under,total=3.25,1.9
2026-10-01T00:06:24.483149+02:00,36577730,Segunda Division,Venezuela,CD Lara,REAL FRONTERA FC,2026-09-30T23:00:00+00:00,53.5919,soccer.total_goals,period=ft,over,total=2.5,1.33
2026-10-01T00:06:24.483149+02:00,36577730,Segunda Division,Venezuela,CD Lara,REAL FRONTERA FC,2026-09-30T23:00:00+00:00,53.5919,soccer.total_goals,period=ft,under,total=2.5,2.8
2026-10-01T00:06:24.483149+02:00,36577730,Segunda Division,Venezuela,CD Lara,REAL FRONTERA FC,2026-09-30T23:00:00+00:00,53.5919,soccer.total_goals,period=ft,over,total=2.75,1.41
2026-10-01T00:06:24.483149+02:00,36577730,Segunda Division,Venezuela,CD Lara,REAL FRONTERA FC,2026-09-30T23:00:00+00:00,53.5919,soccer.total_goals,period=ft,under,total=2.75,2.5
2026-10-01T00:06:24.483149+02:00,36577730,Segunda Division,Venezuela,CD Lara,REAL FRONTERA FC,2026-09-30T23:00:00+00:00,53.5919,soccer.total_goals,period=ft,over,total=3,1.54
2026-10-01T00:06:24.483149+02:00,36577730,Segunda Division,Venezuela,CD Lara,REAL FRONTERA FC,2026-09-30T23:00:00+00:00,53.5919,soccer.total_goals,period=ft,under,total=3,2.2
2026-10-01T00:06:24.483149+02:00,36577730,Segunda Division,Venezuela,CD Lara,REAL FRONTERA FC,2026-09-30T23:00:00+00:00,53.5919,soccer.total_goals,period=ft,over,total=3.5,1.99
2026-10-01T00:06:24.483149+02:00,36577730,Segunda Division,Venezuela,CD Lara,REAL FRONTERA FC,2026-09-30T23:00:00+00:00,53.5919,soccer.total_goals,period=ft,under,total=3.5,1.69
2026-10-01T00:06:24.483149+02:00,36577730,Segunda Division,Venezuela,CD Lara,REAL FRONTERA FC,2026-09-30T23:00:00+00:00,53.5919,soccer.total_goals,period=ft,over,total=3.75,2.25
2026-10-01T00:06:24.483149+02:00,36577730,Segunda Division,Venezuela,CD Lara,REAL FRONTERA FC,2026-09-30T23:00:00+00:00,53.5919,soccer.total_goals,period=ft,under,total=3.75,1.51
2026-10-01T00:06:24.483149+02:00,36577730,Segunda Division,Venezuela,CD Lara,REAL FRONTERA FC,2026-09-30T23:00:00+00:00,53.5919,soccer.total_goals,period=ft,over,total=4,2.7
2026-10-01T00:06:24.483149+02:00,36577730,Segunda Division,Venezuela,CD Lara,REAL FRONTERA FC,2026-09-30T23:00:00+00:00,53.5919,soccer.total_goals,period=ft,under,total=4,1.35
2026-10-01T00:06:24.483149+02:00,36577342,"Gaucho, Serie B",Brazil,SER Cruz Alta (RS),Rio Grande (RS),2026-09-30T22:30:00+00:00,23.5919,soccer.asian_handicap,period=ft,home,handicap=-1,1.89
2026-10-01T00:06:24.483149+02:00,36577342,"Gaucho, Serie B",Brazil,SER Cruz Alta (RS),Rio Grande (RS),2026-09-30T22:30:00+00:00,23.5919,soccer.asian_handicap,period=ft,away,handicap=-1,1.72
2026-10-01T00:06:24.483149+02:00,36577342,"Gaucho, Serie B",Brazil,SER Cruz Alta (RS),Rio Grande (RS),2026-09-30T22:30:00+00:00,23.5919,soccer.asian_handicap,period=ft,home,handicap=-1.5,2.4
2026-10-01T00:06:24.483149+02:00,36577342,"Gaucho, Serie B",Brazil,SER Cruz Alta (RS),Rio Grande (RS),2026-09-30T22:30:00+00:00,23.5919,soccer.asian_handicap,period=ft,away,handicap=-1.5,1.44
2026-10-01T00:06:24.483149+02:00,36577342,"Gaucho, Serie B",Brazil,SER Cruz Alta (RS),Rio Grande (RS),2026-09-30T22:30:00+00:00,23.5919,soccer.asian_handicap,period=ft,home,handicap=-1.25,2.16
2026-10-01T00:06:24.483149+02:00,36577342,"Gaucho, Serie B",Brazil,SER Cruz Alta (RS),Rio Grande (RS),2026-09-30T22:30:00+00:00,23.5919,soccer.asian_handicap,period=ft,away,handicap=-1.25,1.55
2026-10-01T00:06:24.483149+02:00,36577342,"Gaucho, Serie B",Brazil,SER Cruz Alta (RS),Rio Grande (RS),2026-09-30T22:30:00+00:00,23.5919,soccer.asian_handicap,period=ft,home,handicap=-0.75,1.66
2026-10-01T00:06:24.483149+02:00,36577342,"Gaucho, Serie B",Brazil,SER Cruz Alta (RS),Rio Grande (RS),2026-09-30T22:30:00+00:00,23.5919,soccer.asian_handicap,period=ft,away,handicap=-0.75,1.97
2026-10-01T00:06:24.483149+02:00,36577342,"Gaucho, Serie B",Brazil,SER Cruz Alta (RS),Rio Grande (RS),2026-09-30T22:30:00+00:00,23.5919,soccer.asian_handicap,period=ft,home,handicap=-0.5,1.52
2026-10-01T00:06:24.483149+02:00,36577342,"Gaucho, Serie B",Brazil,SER Cruz Alta (RS),Rio Grande (RS),2026-09-30T22:30:00+00:00,23.5919,soccer.asian_handicap,period=ft,away,handicap=-0.5,2.2
2026-10-01T00:06:24.483149+02:00,36577342,"Gaucho, Serie B",Brazil,SER Cruz Alta (RS),Rio Grande (RS),2026-09-30T22:30:00+00:00,23.5919,soccer.double_chance,period=ft,draw_away,,2.08
2026-10-01T00:06:24.483149+02:00,36577342,"Gaucho, Serie B",Brazil,SER Cruz Alta (RS),Rio Grande (RS),2026-09-30T22:30:00+00:00,23.5919,soccer.double_chance,period=ft,home_away,,1.21
2026-10-01T00:06:24.483149+02:00,36577342,"Gaucho, Serie B",Brazil,SER Cruz Alta (RS),Rio Grande (RS),2026-09-30T22:30:00+00:00,23.5919,soccer.double_chance,period=ft,home_draw,,1.15
2026-10-01T00:06:24.483149+02:00,36577342,"Gaucho, Serie B",Brazil,SER Cruz Alta (RS),Rio Grande (RS),2026-09-30T22:30:00+00:00,23.5919,soccer.match_odds,period=ft,home,,1.52
2026-10-01T00:06:24.483149+02:00,36577342,"Gaucho, Serie B",Brazil,SER Cruz Alta (RS),Rio Grande (RS),2026-09-30T22:30:00+00:00,23.5919,soccer.match_odds,period=ft,draw,,3.75
2026-10-01T00:06:24.483149+02:00,36577342,"Gaucho, Serie B",Brazil,SER Cruz Alta (RS),Rio Grande (RS),2026-09-30T22:30:00+00:00,23.5919,soccer.match_odds,period=ft,away,,4.8
2026-10-01T00:06:24.483149+02:00,36577342,"Gaucho, Serie B",Brazil,SER Cruz Alta (RS),Rio Grande (RS),2026-09-30T22:30:00+00:00,23.5919,soccer.total_goals,period=ft,over,total=2.5,1.72
2026-10-01T00:06:24.483149+02:00,36577342,"Gaucho, Serie B",Brazil,SER Cruz Alta (RS),Rio Grande (RS),2026-09-30T22:30:00+00:00,23.5919,soccer.total_goals,period=ft,under,total=2.5,1.89
2026-10-01T00:06:24.483149+02:00,36521470,USL Championship,USA,LIU Brooklyn,Detroit City FC,2026-09-30T23:00:00+00:00,53.5919,soccer.asian_handicap,period=ft,home,handicap=0.25,1.92
2026-10-01T00:06:24.483149+02:00,36521470,USL Championship,USA,LIU Brooklyn,Detroit City FC,2026-09-30T23:00:00+00:00,53.5919,soccer.asian_handicap,period=ft,away,handicap=0.25,1.89
2026-10-01T00:06:24.483149+02:00,36521470,USL Championship,USA,LIU Brooklyn,Detroit City FC,2026-09-30T23:00:00+00:00,53.5919,soccer.asian_handicap,period=ft,home,handicap=-0.75,4.2
2026-10-01T00:06:24.483149+02:00,36521470,USL Championship,USA,LIU Brooklyn,Detroit City FC,2026-09-30T23:00:00+00:00,53.5919,soccer.asian_handicap,period=ft,away,handicap=-0.75,1.21
2026-10-01T00:06:24.483149+02:00,36521470,USL Championship,USA,LIU Brooklyn,Detroit City FC,2026-09-30T23:00:00+00:00,53.5919,soccer.asian_handicap,period=ft,home,handicap=-0.5,3.2
2026-10-01T00:06:24.483149+02:00,36521470,USL Championship,USA,LIU Brooklyn,Detroit City FC,2026-09-30T23:00:00+00:00,53.5919,soccer.asian_handicap,period=ft,away,handicap=-0.5,1.32
2026-10-01T00:06:24.483149+02:00,36521470,USL Championship,USA,LIU Brooklyn,Detroit City FC,2026-09-30T23:00:00+00:00,53.5919,soccer.asian_handicap,period=ft,home,handicap=-0.25,2.8
2026-10-01T00:06:24.483149+02:00,36521470,USL Championship,USA,LIU Brooklyn,Detroit City FC,2026-09-30T23:00:00+00:00,53.5919,soccer.asian_handicap,period=ft,away,handicap=-0.25,1.42
2026-10-01T00:06:24.483149+02:00,36521470,USL Championship,USA,LIU Brooklyn,Detroit City FC,2026-09-30T23:00:00+00:00,53.5919,soccer.asian_handicap,period=ft,home,handicap=0,2.35
2026-10-01T00:06:24.483149+02:00,36521470,USL Championship,USA,LIU Brooklyn,Detroit City FC,2026-09-30T23:00:00+00:00,53.5919,soccer.asian_handicap,period=ft,away,handicap=0,1.57
2026-10-01T00:06:24.483149+02:00,36521470,USL Championship,USA,LIU Brooklyn,Detroit City FC,2026-09-30T23:00:00+00:00,53.5919,soccer.asian_handicap,period=ft,home,handicap=0.5,1.67
2026-10-01T00:06:24.483149+02:00,36521470,USL Championship,USA,LIU Brooklyn,Detroit City FC,2026-09-30T23:00:00+00:00,53.5919,soccer.asian_handicap,period=ft,away,handicap=0.5,2.18
2026-10-01T00:06:24.483149+02:00,36521470,USL Championship,USA,LIU Brooklyn,Detroit City FC,2026-09-30T23:00:00+00:00,53.5919,soccer.asian_handicap,period=ft,home,handicap=0.75,1.49
2026-10-01T00:06:24.483149+02:00,36521470,USL Championship,USA,LIU Brooklyn,Detroit City FC,2026-09-30T23:00:00+00:00,53.5919,soccer.asian_handicap,period=ft,away,handicap=0.75,2.55
2026-10-01T00:06:24.483149+02:00,36521470,USL Championship,USA,LIU Brooklyn,Detroit City FC,2026-09-30T23:00:00+00:00,53.5919,soccer.asian_handicap,period=ft,home,handicap=1,1.3
2026-10-01T00:06:24.483149+02:00,36521470,USL Championship,USA,LIU Brooklyn,Detroit City FC,2026-09-30T23:00:00+00:00,53.5919,soccer.asian_handicap,period=ft,away,handicap=1,3.35
2026-10-01T00:06:24.483149+02:00,36521470,USL Championship,USA,LIU Brooklyn,Detroit City FC,2026-09-30T23:00:00+00:00,53.5919,soccer.asian_handicap,period=ft,home,handicap=1.25,1.25
2026-10-01T00:06:24.483149+02:00,36521470,USL Championship,USA,LIU Brooklyn,Detroit City FC,2026-09-30T23:00:00+00:00,53.5919,soccer.asian_handicap,period=ft,away,handicap=1.25,3.8
2026-10-01T00:06:24.483149+02:00,36521470,USL Championship,USA,LIU Brooklyn,Detroit City FC,2026-09-30T23:00:00+00:00,53.5919,soccer.double_chance,period=ft,draw_away,,1.27
2026-10-01T00:06:24.483149+02:00,36521470,USL Championship,USA,LIU Brooklyn,Detroit City FC,2026-09-30T23:00:00+00:00,53.5919,soccer.double_chance,period=ft,home_away,,1.29
2026-10-01T00:06:24.483149+02:00,36521470,USL Championship,USA,LIU Brooklyn,Detroit City FC,2026-09-30T23:00:00+00:00,53.5919,soccer.double_chance,period=ft,home_draw,,1.62
2026-10-01T00:06:24.483149+02:00,36521470,USL Championship,USA,LIU Brooklyn,Detroit City FC,2026-09-30T23:00:00+00:00,53.5919,soccer.match_odds,period=ft,home,,3.25
2026-10-01T00:06:24.483149+02:00,36521470,USL Championship,USA,LIU Brooklyn,Detroit City FC,2026-09-30T23:00:00+00:00,53.5919,soccer.match_odds,period=ft,draw,,3.3
2026-10-01T00:06:24.483149+02:00,36521470,USL Championship,USA,LIU Brooklyn,Detroit City FC,2026-09-30T23:00:00+00:00,53.5919,soccer.match_odds,period=ft,away,,2.18
2026-10-01T00:06:24.483149+02:00,36521470,USL Championship,USA,LIU Brooklyn,Detroit City FC,2026-09-30T23:00:00+00:00,53.5919,soccer.total_goals,period=ft,over,total=2.25,1.83
2026-10-01T00:06:24.483149+02:00,36521470,USL Championship,USA,LIU Brooklyn,Detroit City FC,2026-09-30T23:00:00+00:00,53.5919,soccer.total_goals,period=ft,under,total=2.25,1.96
2026-10-01T00:06:24.483149+02:00,36521470,USL Championship,USA,LIU Brooklyn,Detroit City FC,2026-09-30T23:00:00+00:00,53.5919,soccer.total_goals,period=ft,over,total=1.5,1.33
2026-10-01T00:06:24.483149+02:00,36521470,USL Championship,USA,LIU Brooklyn,Detroit City FC,2026-09-30T23:00:00+00:00,53.5919,soccer.total_goals,period=ft,under,total=1.5,3.1
2026-10-01T00:06:24.483149+02:00,36521470,USL Championship,USA,LIU Brooklyn,Detroit City FC,2026-09-30T23:00:00+00:00,53.5919,soccer.total_goals,period=ft,over,total=1.75,1.42
2026-10-01T00:06:24.483149+02:00,36521470,USL Championship,USA,LIU Brooklyn,Detroit City FC,2026-09-30T23:00:00+00:00,53.5919,soccer.total_goals,period=ft,under,total=1.75,2.75
2026-10-01T00:06:24.483149+02:00,36521470,USL Championship,USA,LIU Brooklyn,Detroit City FC,2026-09-30T23:00:00+00:00,53.5919,soccer.total_goals,period=ft,over,total=2,1.56
2026-10-01T00:06:24.483149+02:00,36521470,USL Championship,USA,LIU Brooklyn,Detroit City FC,2026-09-30T23:00:00+00:00,53.5919,soccer.total_goals,period=ft,under,total=2,2.35
2026-10-01T00:06:24.483149+02:00,36521470,USL Championship,USA,LIU Brooklyn,Detroit City FC,2026-09-30T23:00:00+00:00,53.5919,soccer.total_goals,period=ft,over,total=2.5,2.09
2026-10-01T00:06:24.483149+02:00,36521470,USL Championship,USA,LIU Brooklyn,Detroit City FC,2026-09-30T23:00:00+00:00,53.5919,soccer.total_goals,period=ft,under,total=2.5,1.72
2026-10-01T00:06:24.483149+02:00,36521470,USL Championship,USA,LIU Brooklyn,Detroit City FC,2026-09-30T23:00:00+00:00,53.5919,soccer.total_goals,period=ft,over,total=2.75,2.4
2026-10-01T00:06:24.483149+02:00,36521470,USL Championship,USA,LIU Brooklyn,Detroit City FC,2026-09-30T23:00:00+00:00,53.5919,soccer.total_goals,period=ft,under,total=2.75,1.54
2026-10-01T00:06:24.483149+02:00,36521470,USL Championship,USA,LIU Brooklyn,Detroit City FC,2026-09-30T23:00:00+00:00,53.5919,soccer.total_goals,period=ft,over,total=3.5,3.65
2026-10-01T00:06:24.483149+02:00,36521470,USL Championship,USA,LIU Brooklyn,Detroit City FC,2026-09-30T23:00:00+00:00,53.5919,soccer.total_goals,period=ft,under,total=3.5,1.26
2026-10-01T00:06:24.483149+02:00,36521466,USL Championship,USA,Miami FC,Sporting Jax,2026-09-30T23:00:00+00:00,53.5919,soccer.asian_handicap,period=ft,home,handicap=-1.25,2.0
2026-10-01T00:06:24.483149+02:00,36521466,USL Championship,USA,Miami FC,Sporting Jax,2026-09-30T23:00:00+00:00,53.5919,soccer.asian_handicap,period=ft,away,handicap=-1.25,1.82
2026-10-01T00:06:24.483149+02:00,36521466,USL Championship,USA,Miami FC,Sporting Jax,2026-09-30T23:00:00+00:00,53.5919,soccer.asian_handicap,period=ft,home,handicap=-2.25,3.65
2026-10-01T00:06:24.483149+02:00,36521466,USL Championship,USA,Miami FC,Sporting Jax,2026-09-30T23:00:00+00:00,53.5919,soccer.asian_handicap,period=ft,away,handicap=-2.25,1.27
2026-10-01T00:06:24.483149+02:00,36521466,USL Championship,USA,Miami FC,Sporting Jax,2026-09-30T23:00:00+00:00,53.5919,soccer.asian_handicap,period=ft,home,handicap=-2,3.25
2026-10-01T00:06:24.483149+02:00,36521466,USL Championship,USA,Miami FC,Sporting Jax,2026-09-30T23:00:00+00:00,53.5919,soccer.asian_handicap,period=ft,away,handicap=-2,1.32
2026-10-01T00:06:24.483149+02:00,36521466,USL Championship,USA,Miami FC,Sporting Jax,2026-09-30T23:00:00+00:00,53.5919,soccer.asian_handicap,period=ft,home,handicap=-1.75,2.6
2026-10-01T00:06:24.483149+02:00,36521466,USL Championship,USA,Miami FC,Sporting Jax,2026-09-30T23:00:00+00:00,53.5919,soccer.asian_handicap,period=ft,away,handicap=-1.75,1.49
2026-10-01T00:06:24.483149+02:00,36521466,USL Championship,USA,Miami FC,Sporting Jax,2026-09-30T23:00:00+00:00,53.5919,soccer.asian_handicap,period=ft,home,handicap=-1.5,2.2
2026-10-01T00:06:24.483149+02:00,36521466,USL Championship,USA,Miami FC,Sporting Jax,2026-09-30T23:00:00+00:00,53.5919,soccer.asian_handicap,period=ft,away,handicap=-1.5,1.65
2026-10-01T00:06:24.483149+02:00,36521466,USL Championship,USA,Miami FC,Sporting Jax,2026-09-30T23:00:00+00:00,53.5919,soccer.asian_handicap,period=ft,home,handicap=-1,1.74
2026-10-01T00:06:24.483149+02:00,36521466,USL Championship,USA,Miami FC,Sporting Jax,2026-09-30T23:00:00+00:00,53.5919,soccer.asian_handicap,period=ft,away,handicap=-1,2.07
2026-10-01T00:06:24.483149+02:00,36521466,USL Championship,USA,Miami FC,Sporting Jax,2026-09-30T23:00:00+00:00,53.5919,soccer.asian_handicap,period=ft,home,handicap=-0.75,1.58
2026-10-01T00:06:24.483149+02:00,36521466,USL Championship,USA,Miami FC,Sporting Jax,2026-09-30T23:00:00+00:00,53.5919,soccer.asian_handicap,period=ft,away,handicap=-0.75,2.3
2026-10-01T00:06:24.483149+02:00,36521466,USL Championship,USA,Miami FC,Sporting Jax,2026-09-30T23:00:00+00:00,53.5919,soccer.asian_handicap,period=ft,home,handicap=-0.5,1.47
2026-10-01T00:06:24.483149+02:00,36521466,USL Championship,USA,Miami FC,Sporting Jax,2026-09-30T23:00:00+00:00,53.5919,soccer.asian_handicap,period=ft,away,handicap=-0.5,2.6
2026-10-01T00:06:24.483149+02:00,36521466,USL Championship,USA,Miami FC,Sporting Jax,2026-09-30T23:00:00+00:00,53.5919,soccer.asian_handicap,period=ft,home,handicap=-0.25,1.32
2026-10-01T00:06:24.483149+02:00,36521466,USL Championship,USA,Miami FC,Sporting Jax,2026-09-30T23:00:00+00:00,53.5919,soccer.asian_handicap,period=ft,away,handicap=-0.25,3.25
2026-10-01T00:06:24.483149+02:00,36521466,USL Championship,USA,Miami FC,Sporting Jax,2026-09-30T23:00:00+00:00,53.5919,soccer.double_chance,period=ft,draw_away,,2.2
2026-10-01T00:06:24.483149+02:00,36521466,USL Championship,USA,Miami FC,Sporting Jax,2026-09-30T23:00:00+00:00,53.5919,soccer.double_chance,period=ft,home_away,,1.17
2026-10-01T00:06:24.483149+02:00,36521466,USL Championship,USA,Miami FC,Sporting Jax,2026-09-30T23:00:00+00:00,53.5919,soccer.double_chance,period=ft,home_draw,,1.14
2026-10-01T00:06:24.483149+02:00,36521466,USL Championship,USA,Miami FC,Sporting Jax,2026-09-30T23:00:00+00:00,53.5919,soccer.match_odds,period=ft,home,,1.48
2026-10-01T00:06:24.483149+02:00,36521466,USL Championship,USA,Miami FC,Sporting Jax,2026-09-30T23:00:00+00:00,53.5919,soccer.match_odds,period=ft,draw,,4.35
2026-10-01T00:06:24.483149+02:00,36521466,USL Championship,USA,Miami FC,Sporting Jax,2026-09-30T23:00:00+00:00,53.5919,soccer.match_odds,period=ft,away,,6.0
2026-10-01T00:06:24.483149+02:00,36521466,USL Championship,USA,Miami FC,Sporting Jax,2026-09-30T23:00:00+00:00,53.5919,soccer.total_goals,period=ft,over,total=3.5,2.0
2026-10-01T00:06:24.483149+02:00,36521466,USL Championship,USA,Miami FC,Sporting Jax,2026-09-30T23:00:00+00:00,53.5919,soccer.total_goals,period=ft,under,total=3.5,1.8
2026-10-01T00:06:24.483149+02:00,36521466,USL Championship,USA,Miami FC,Sporting Jax,2026-09-30T23:00:00+00:00,53.5919,soccer.total_goals,period=ft,over,total=1.5,1.1
2026-10-01T00:06:24.483149+02:00,36521466,USL Championship,USA,Miami FC,Sporting Jax,2026-09-30T23:00:00+00:00,53.5919,soccer.total_goals,period=ft,under,total=1.5,6.3
2026-10-01T00:06:24.483149+02:00,36521466,USL Championship,USA,Miami FC,Sporting Jax,2026-09-30T23:00:00+00:00,53.5919,soccer.total_goals,period=ft,over,total=2.5,1.39
2026-10-01T00:06:24.483149+02:00,36521466,USL Championship,USA,Miami FC,Sporting Jax,2026-09-30T23:00:00+00:00,53.5919,soccer.total_goals,period=ft,under,total=2.5,2.85
2026-10-01T00:06:24.483149+02:00,36521466,USL Championship,USA,Miami FC,Sporting Jax,2026-09-30T23:00:00+00:00,53.5919,soccer.total_goals,period=ft,over,total=3,1.59
2026-10-01T00:06:24.483149+02:00,36521466,USL Championship,USA,Miami FC,Sporting Jax,2026-09-30T23:00:00+00:00,53.5919,soccer.total_goals,period=ft,under,total=3,2.3
2026-10-01T00:06:24.483149+02:00,36521466,USL Championship,USA,Miami FC,Sporting Jax,2026-09-30T23:00:00+00:00,53.5919,soccer.total_goals,period=ft,over,total=3.25,1.79
2026-10-01T00:06:24.483149+02:00,36521466,USL Championship,USA,Miami FC,Sporting Jax,2026-09-30T23:00:00+00:00,53.5919,soccer.total_goals,period=ft,under,total=3.25,2.0
2026-10-01T00:06:24.483149+02:00,36521466,USL Championship,USA,Miami FC,Sporting Jax,2026-09-30T23:00:00+00:00,53.5919,soccer.total_goals,period=ft,over,total=3.75,2.25
2026-10-01T00:06:24.483149+02:00,36521466,USL Championship,USA,Miami FC,Sporting Jax,2026-09-30T23:00:00+00:00,53.5919,soccer.total_goals,period=ft,under,total=3.75,1.62
2026-10-01T00:06:24.483149+02:00,36521466,USL Championship,USA,Miami FC,Sporting Jax,2026-09-30T23:00:00+00:00,53.5919,soccer.total_goals,period=ft,over,total=4,2.7
2026-10-01T00:06:24.483149+02:00,36521466,USL Championship,USA,Miami FC,Sporting Jax,2026-09-30T23:00:00+00:00,53.5919,soccer.total_goals,period=ft,under,total=4,1.44
2026-10-01T00:06:24.483149+02:00,36521466,USL Championship,USA,Miami FC,Sporting Jax,2026-09-30T23:00:00+00:00,53.5919,soccer.total_goals,period=ft,over,total=4.5,3.3
2026-10-01T00:06:24.483149+02:00,36521466,USL Championship,USA,Miami FC,Sporting Jax,2026-09-30T23:00:00+00:00,53.5919,soccer.total_goals,period=ft,under,total=4.5,1.3
2026-10-01T00:06:24.483149+02:00,36521466,USL Championship,USA,Miami FC,Sporting Jax,2026-09-30T23:00:00+00:00,53.5919,soccer.total_goals,period=ft,over,total=5.5,5.95
2026-10-01T00:06:24.483149+02:00,36521466,USL Championship,USA,Miami FC,Sporting Jax,2026-09-30T23:00:00+00:00,53.5919,soccer.total_goals,period=ft,under,total=5.5,1.11
2026-10-01T00:06:24.483149+02:00,36521471,USL Championship,USA,Rhode Island FC,Indy Eleven,2026-09-30T23:30:00+00:00,83.5919,soccer.asian_handicap,period=ft,home,handicap=-0.5,1.85
2026-10-01T00:06:24.483149+02:00,36521471,USL Championship,USA,Rhode Island FC,Indy Eleven,2026-09-30T23:30:00+00:00,83.5919,soccer.asian_handicap,period=ft,away,handicap=-0.5,1.96
2026-10-01T00:06:24.483149+02:00,36521471,USL Championship,USA,Rhode Island FC,Indy Eleven,2026-09-30T23:30:00+00:00,83.5919,soccer.asian_handicap,period=ft,home,handicap=-1.5,3.2
2026-10-01T00:06:24.483149+02:00,36521471,USL Championship,USA,Rhode Island FC,Indy Eleven,2026-09-30T23:30:00+00:00,83.5919,soccer.asian_handicap,period=ft,away,handicap=-1.5,1.33
2026-10-01T00:06:24.483149+02:00,36521471,USL Championship,USA,Rhode Island FC,Indy Eleven,2026-09-30T23:30:00+00:00,83.5919,soccer.asian_handicap,period=ft,home,handicap=-1.25,2.85
2026-10-01T00:06:24.483149+02:00,36521471,USL Championship,USA,Rhode Island FC,Indy Eleven,2026-09-30T23:30:00+00:00,83.5919,soccer.asian_handicap,period=ft,away,handicap=-1.25,1.4
2026-10-01T00:06:24.483149+02:00,36521471,USL Championship,USA,Rhode Island FC,Indy Eleven,2026-09-30T23:30:00+00:00,83.5919,soccer.asian_handicap,period=ft,home,handicap=-1,2.5
2026-10-01T00:06:24.483149+02:00,36521471,USL Championship,USA,Rhode Island FC,Indy Eleven,2026-09-30T23:30:00+00:00,83.5919,soccer.asian_handicap,period=ft,away,handicap=-1,1.51
2026-10-01T00:06:24.483149+02:00,36521471,USL Championship,USA,Rhode Island FC,Indy Eleven,2026-09-30T23:30:00+00:00,83.5919,soccer.asian_handicap,period=ft,home,handicap=-0.75,2.09
2026-10-01T00:06:24.483149+02:00,36521471,USL Championship,USA,Rhode Island FC,Indy Eleven,2026-09-30T23:30:00+00:00,83.5919,soccer.asian_handicap,period=ft,away,handicap=-0.75,1.73
2026-10-01T00:06:24.483149+02:00,36521471,USL Championship,USA,Rhode Island FC,Indy Eleven,2026-09-30T23:30:00+00:00,83.5919,soccer.asian_handicap,period=ft,home,handicap=-0.25,1.63
2026-10-01T00:06:24.483149+02:00,36521471,USL Championship,USA,Rhode Island FC,Indy Eleven,2026-09-30T23:30:00+00:00,83.5919,soccer.asian_handicap,period=ft,away,handicap=-0.25,2.25
2026-10-01T00:06:24.483149+02:00,36521471,USL Championship,USA,Rhode Island FC,Indy Eleven,2026-09-30T23:30:00+00:00,83.5919,soccer.asian_handicap,period=ft,home,handicap=0,1.43
2026-10-01T00:06:24.483149+02:00,36521471,USL Championship,USA,Rhode Island FC,Indy Eleven,2026-09-30T23:30:00+00:00,83.5919,soccer.asian_handicap,period=ft,away,handicap=0,2.8
2026-10-01T00:06:24.483149+02:00,36521471,USL Championship,USA,Rhode Island FC,Indy Eleven,2026-09-30T23:30:00+00:00,83.5919,soccer.asian_handicap,period=ft,home,handicap=0.25,1.34
2026-10-01T00:06:24.483149+02:00,36521471,USL Championship,USA,Rhode Island FC,Indy Eleven,2026-09-30T23:30:00+00:00,83.5919,soccer.asian_handicap,period=ft,away,handicap=0.25,3.15
2026-10-01T00:06:24.483149+02:00,36521471,USL Championship,USA,Rhode Island FC,Indy Eleven,2026-09-30T23:30:00+00:00,83.5919,soccer.asian_handicap,period=ft,home,handicap=0.5,1.28
2026-10-01T00:06:24.483149+02:00,36521471,USL Championship,USA,Rhode Island FC,Indy Eleven,2026-09-30T23:30:00+00:00,83.5919,soccer.asian_handicap,period=ft,away,handicap=0.5,3.55
2026-10-01T00:06:24.483149+02:00,36521471,USL Championship,USA,Rhode Island FC,Indy Eleven,2026-09-30T23:30:00+00:00,83.5919,soccer.double_chance,period=ft,draw_away,,1.72
2026-10-01T00:06:24.483149+02:00,36521471,USL Championship,USA,Rhode Island FC,Indy Eleven,2026-09-30T23:30:00+00:00,83.5919,soccer.double_chance,period=ft,home_away,,1.23
2026-10-01T00:06:24.483149+02:00,36521471,USL Championship,USA,Rhode Island FC,Indy Eleven,2026-09-30T23:30:00+00:00,83.5919,soccer.double_chance,period=ft,home_draw,,1.24
2026-10-01T00:06:24.483149+02:00,36521471,USL Championship,USA,Rhode Island FC,Indy Eleven,2026-09-30T23:30:00+00:00,83.5919,soccer.match_odds,period=ft,home,,1.84
2026-10-01T00:06:24.483149+02:00,36521471,USL Championship,USA,Rhode Island FC,Indy Eleven,2026-09-30T23:30:00+00:00,83.5919,soccer.match_odds,period=ft,draw,,4.1
2026-10-01T00:06:24.483149+02:00,36521471,USL Championship,USA,Rhode Island FC,Indy Eleven,2026-09-30T23:30:00+00:00,83.5919,soccer.match_odds,period=ft,away,,3.55
2026-10-01T00:06:24.483149+02:00,36521471,USL Championship,USA,Rhode Island FC,Indy Eleven,2026-09-30T23:30:00+00:00,83.5919,soccer.total_goals,period=ft,over,total=2.75,1.8
2026-10-01T00:06:24.483149+02:00,36521471,USL Championship,USA,Rhode Island FC,Indy Eleven,2026-09-30T23:30:00+00:00,83.5919,soccer.total_goals,period=ft,under,total=2.75,2.0
2026-10-01T00:06:24.483149+02:00,36521471,USL Championship,USA,Rhode Island FC,Indy Eleven,2026-09-30T23:30:00+00:00,83.5919,soccer.total_goals,period=ft,over,total=1.5,1.19
2026-10-01T00:06:24.483149+02:00,36521471,USL Championship,USA,Rhode Island FC,Indy Eleven,2026-09-30T23:30:00+00:00,83.5919,soccer.total_goals,period=ft,under,total=1.5,4.35
2026-10-01T00:06:24.483149+02:00,36521471,USL Championship,USA,Rhode Island FC,Indy Eleven,2026-09-30T23:30:00+00:00,83.5919,soccer.total_goals,period=ft,over,total=2.25,1.46
2026-10-01T00:06:24.483149+02:00,36521471,USL Championship,USA,Rhode Island FC,Indy Eleven,2026-09-30T23:30:00+00:00,83.5919,soccer.total_goals,period=ft,under,total=2.25,2.65
2026-10-01T00:06:24.483149+02:00,36521471,USL Championship,USA,Rhode Island FC,Indy Eleven,2026-09-30T23:30:00+00:00,83.5919,soccer.total_goals,period=ft,over,total=2.5,1.64
2026-10-01T00:06:24.483149+02:00,36521471,USL Championship,USA,Rhode Island FC,Indy Eleven,2026-09-30T23:30:00+00:00,83.5919,soccer.total_goals,period=ft,under,total=2.5,2.2
2026-10-01T00:06:24.483149+02:00,36521471,USL Championship,USA,Rhode Island FC,Indy Eleven,2026-09-30T23:30:00+00:00,83.5919,soccer.total_goals,period=ft,over,total=3,2.06
2026-10-01T00:06:24.483149+02:00,36521471,USL Championship,USA,Rhode Island FC,Indy Eleven,2026-09-30T23:30:00+00:00,83.5919,soccer.total_goals,period=ft,under,total=3,1.74
2026-10-01T00:06:24.483149+02:00,36521471,USL Championship,USA,Rhode Island FC,Indy Eleven,2026-09-30T23:30:00+00:00,83.5919,soccer.total_goals,period=ft,over,total=3.25,2.35
2026-10-01T00:06:24.483149+02:00,36521471,USL Championship,USA,Rhode Island FC,Indy Eleven,2026-09-30T23:30:00+00:00,83.5919,soccer.total_goals,period=ft,under,total=3.25,1.57
2026-10-01T00:06:24.483149+02:00,36521471,USL Championship,USA,Rhode Island FC,Indy Eleven,2026-09-30T23:30:00+00:00,83.5919,soccer.total_goals,period=ft,over,total=3.5,2.6
2026-10-01T00:06:24.483149+02:00,36521471,USL Championship,USA,Rhode Island FC,Indy Eleven,2026-09-30T23:30:00+00:00,83.5919,soccer.total_goals,period=ft,under,total=3.5,1.46
2026-10-01T00:06:24.483149+02:00,36521471,USL Championship,USA,Rhode Island FC,Indy Eleven,2026-09-30T23:30:00+00:00,83.5919,soccer.total_goals,period=ft,over,total=4.5,4.8
2026-10-01T00:06:24.483149+02:00,36521471,USL Championship,USA,Rhode Island FC,Indy Eleven,2026-09-30T23:30:00+00:00,83.5919,soccer.total_goals,period=ft,under,total=4.5,1.16
2026-10-01T00:06:24.483149+02:00,36522149,Primera Division,Uruguay,Montevideo City Torque,CA Penarol Montevideo,2026-09-30T23:00:00+00:00,53.5919,soccer.asian_handicap,period=ft,home,handicap=0.25,2.03
2026-10-01T00:06:24.483149+02:00,36522149,Primera Division,Uruguay,Montevideo City Torque,CA Penarol Montevideo,2026-09-30T23:00:00+00:00,53.5919,soccer.asian_handicap,period=ft,away,handicap=0.25,1.8
2026-10-01T00:06:24.483149+02:00,36522149,Primera Division,Uruguay,Montevideo City Torque,CA Penarol Montevideo,2026-09-30T23:00:00+00:00,53.5919,soccer.asian_handicap,period=ft,home,handicap=-0.75,4.4
2026-10-01T00:06:24.483149+02:00,36522149,Primera Division,Uruguay,Montevideo City Torque,CA Penarol Montevideo,2026-09-30T23:00:00+00:00,53.5919,soccer.asian_handicap,period=ft,away,handicap=-0.75,1.2
2026-10-01T00:06:24.483149+02:00,36522149,Primera Division,Uruguay,Montevideo City Torque,CA Penarol Montevideo,2026-09-30T23:00:00+00:00,53.5919,soccer.asian_handicap,period=ft,home,handicap=-0.5,3.4
2026-10-01T00:06:24.483149+02:00,36522149,Primera Division,Uruguay,Montevideo City Torque,CA Penarol Montevideo,2026-09-30T23:00:00+00:00,53.5919,soccer.asian_handicap,period=ft,away,handicap=-0.5,1.31
2026-10-01T00:06:24.483149+02:00,36522149,Primera Division,Uruguay,Montevideo City Torque,CA Penarol Montevideo,2026-09-30T23:00:00+00:00,53.5919,soccer.asian_handicap,period=ft,home,handicap=-0.25,2.95
2026-10-01T00:06:24.483149+02:00,36522149,Primera Division,Uruguay,Montevideo City Torque,CA Penarol Montevideo,2026-09-30T23:00:00+00:00,53.5919,soccer.asian_handicap,period=ft,away,handicap=-0.25,1.39
2026-10-01T00:06:24.483149+02:00,36522149,Primera Division,Uruguay,Montevideo City Torque,CA Penarol Montevideo,2026-09-30T23:00:00+00:00,53.5919,soccer.asian_handicap,period=ft,home,handicap=0,2.5
2026-10-01T00:06:24.483149+02:00,36522149,Primera Division,Uruguay,Montevideo City Torque,CA Penarol Montevideo,2026-09-30T23:00:00+00:00,53.5919,soccer.asian_handicap,period=ft,away,handicap=0,1.52
2026-10-01T00:06:24.483149+02:00,36522149,Primera Division,Uruguay,Montevideo City Torque,CA Penarol Montevideo,2026-09-30T23:00:00+00:00,53.5919,soccer.asian_handicap,period=ft,home,handicap=0.5,1.76
2026-10-01T00:06:24.483149+02:00,36522149,Primera Division,Uruguay,Montevideo City Torque,CA Penarol Montevideo,2026-09-30T23:00:00+00:00,53.5919,soccer.asian_handicap,period=ft,away,handicap=0.5,2.07
2026-10-01T00:06:24.483149+02:00,36522149,Primera Division,Uruguay,Montevideo City Torque,CA Penarol Montevideo,2026-09-30T23:00:00+00:00,53.5919,soccer.asian_handicap,period=ft,home,handicap=0.75,1.55
2026-10-01T00:06:24.483149+02:00,36522149,Primera Division,Uruguay,Montevideo City Torque,CA Penarol Montevideo,2026-09-30T23:00:00+00:00,53.5919,soccer.asian_handicap,period=ft,away,handicap=0.75,2.45
2026-10-01T00:06:24.483149+02:00,36522149,Primera Division,Uruguay,Montevideo City Torque,CA Penarol Montevideo,2026-09-30T23:00:00+00:00,53.5919,soccer.asian_handicap,period=ft,home,handicap=1,1.34
2026-10-01T00:06:24.483149+02:00,36522149,Primera Division,Uruguay,Montevideo City Torque,CA Penarol Montevideo,2026-09-30T23:00:00+00:00,53.5919,soccer.asian_handicap,period=ft,away,handicap=1,3.15
2026-10-01T00:06:24.483149+02:00,36522149,Primera Division,Uruguay,Montevideo City Torque,CA Penarol Montevideo,2026-09-30T23:00:00+00:00,53.5919,soccer.asian_handicap,period=ft,home,handicap=1.25,1.27
2026-10-01T00:06:24.483149+02:00,36522149,Primera Division,Uruguay,Montevideo City Torque,CA Penarol Montevideo,2026-09-30T23:00:00+00:00,53.5919,soccer.asian_handicap,period=ft,away,handicap=1.25,3.65
2026-10-01T00:06:24.483149+02:00,36522149,Primera Division,Uruguay,Montevideo City Torque,CA Penarol Montevideo,2026-09-30T23:00:00+00:00,53.5919,soccer.double_chance,period=ft,draw_away,,1.32
2026-10-01T00:06:24.483149+02:00,36522149,Primera Division,Uruguay,Montevideo City Torque,CA Penarol Montevideo,2026-09-30T23:00:00+00:00,53.5919,soccer.double_chance,period=ft,home_away,,1.27
2026-10-01T00:06:24.483149+02:00,36522149,Primera Division,Uruguay,Montevideo City Torque,CA Penarol Montevideo,2026-09-30T23:00:00+00:00,53.5919,soccer.double_chance,period=ft,home_draw,,1.76
2026-10-01T00:06:24.483149+02:00,36522149,Primera Division,Uruguay,Montevideo City Torque,CA Penarol Montevideo,2026-09-30T23:00:00+00:00,53.5919,soccer.match_odds,period=ft,home,,3.4
2026-10-01T00:06:24.483149+02:00,36522149,Primera Division,Uruguay,Montevideo City Torque,CA Penarol Montevideo,2026-09-30T23:00:00+00:00,53.5919,soccer.match_odds,period=ft,draw,,3.5
2026-10-01T00:06:24.483149+02:00,36522149,Primera Division,Uruguay,Montevideo City Torque,CA Penarol Montevideo,2026-09-30T23:00:00+00:00,53.5919,soccer.match_odds,period=ft,away,,2.07
2026-10-01T00:06:24.483149+02:00,36522149,Primera Division,Uruguay,Montevideo City Torque,CA Penarol Montevideo,2026-09-30T23:00:00+00:00,53.5919,soccer.total_goals,period=ft,over,total=2.5,2.01
2026-10-01T00:06:24.483149+02:00,36522149,Primera Division,Uruguay,Montevideo City Torque,CA Penarol Montevideo,2026-09-30T23:00:00+00:00,53.5919,soccer.total_goals,period=ft,under,total=2.5,1.8
2026-10-01T00:06:24.483149+02:00,36522149,Primera Division,Uruguay,Montevideo City Torque,CA Penarol Montevideo,2026-09-30T23:00:00+00:00,53.5919,soccer.total_goals,period=ft,over,total=1.5,1.3
2026-10-01T00:06:24.483149+02:00,36522149,Primera Division,Uruguay,Montevideo City Torque,CA Penarol Montevideo,2026-09-30T23:00:00+00:00,53.5919,soccer.total_goals,period=ft,under,total=1.5,3.35
2026-10-01T00:06:24.483149+02:00,36522149,Primera Division,Uruguay,Montevideo City Torque,CA Penarol Montevideo,2026-09-30T23:00:00+00:00,53.5919,soccer.total_goals,period=ft,over,total=2,1.5
2026-10-01T00:06:24.483149+02:00,36522149,Primera Division,Uruguay,Montevideo City Torque,CA Penarol Montevideo,2026-09-30T23:00:00+00:00,53.5919,soccer.total_goals,period=ft,under,total=2,2.55
2026-10-01T00:06:24.483149+02:00,36522149,Primera Division,Uruguay,Montevideo City Torque,CA Penarol Montevideo,2026-09-30T23:00:00+00:00,53.5919,soccer.total_goals,period=ft,over,total=2.25,1.75
2026-10-01T00:06:24.483149+02:00,36522149,Primera Division,Uruguay,Montevideo City Torque,CA Penarol Montevideo,2026-09-30T23:00:00+00:00,53.5919,soccer.total_goals,period=ft,under,total=2.25,2.05
2026-10-01T00:06:24.483149+02:00,36522149,Primera Division,Uruguay,Montevideo City Torque,CA Penarol Montevideo,2026-09-30T23:00:00+00:00,53.5919,soccer.total_goals,period=ft,over,total=2.75,2.3
2026-10-01T00:06:24.483149+02:00,36522149,Primera Division,Uruguay,Montevideo City Torque,CA Penarol Montevideo,2026-09-30T23:00:00+00:00,53.5919,soccer.total_goals,period=ft,under,total=2.75,1.6
2026-10-01T00:06:24.483149+02:00,36522149,Primera Division,Uruguay,Montevideo City Torque,CA Penarol Montevideo,2026-09-30T23:00:00+00:00,53.5919,soccer.total_goals,period=ft,over,total=3,2.85
2026-10-01T00:06:24.483149+02:00,36522149,Primera Division,Uruguay,Montevideo City Torque,CA Penarol Montevideo,2026-09-30T23:00:00+00:00,53.5919,soccer.total_goals,period=ft,under,total=3,1.41
2026-10-01T00:06:24.483149+02:00,36522149,Primera Division,Uruguay,Montevideo City Torque,CA Penarol Montevideo,2026-09-30T23:00:00+00:00,53.5919,soccer.total_goals,period=ft,over,total=3.5,3.55
2026-10-01T00:06:24.483149+02:00,36522149,Primera Division,Uruguay,Montevideo City Torque,CA Penarol Montevideo,2026-09-30T23:00:00+00:00,53.5919,soccer.total_goals,period=ft,under,total=3.5,1.28
2026-10-01T00:06:24.483149+02:00,36522149,Primera Division,Uruguay,Montevideo City Torque,CA Penarol Montevideo,2026-09-30T23:00:00+00:00,53.5919,soccer.total_goals,period=ft,over,total=4.5,7.05
2026-10-01T00:06:24.483149+02:00,36522149,Primera Division,Uruguay,Montevideo City Torque,CA Penarol Montevideo,2026-09-30T23:00:00+00:00,53.5919,soccer.total_goals,period=ft,under,total=4.5,1.09
2026-10-01T00:06:24.483149+02:00,36577752,Brazil Campeonato Paraibano (PB) Division 2,Brazil,Auto EC (PB),Picuiense PB,2026-09-30T23:15:00+00:00,68.5919,soccer.asian_handicap,period=ft,home,handicap=-1.75,1.75
2026-10-01T00:06:24.483149+02:00,36577752,Brazil Campeonato Paraibano (PB) Division 2,Brazil,Auto EC (PB),Picuiense PB,2026-09-30T23:15:00+00:00,68.5919,soccer.asian_handicap,period=ft,away,handicap=-1.75,1.94
2026-10-01T00:06:24.483149+02:00,36577752,Brazil Campeonato Paraibano (PB) Division 2,Brazil,Auto EC (PB),Picuiense PB,2026-09-30T23:15:00+00:00,68.5919,soccer.asian_handicap,period=ft,home,handicap=-2.5,2.45
2026-10-01T00:06:24.483149+02:00,36577752,Brazil Campeonato Paraibano (PB) Division 2,Brazil,Auto EC (PB),Picuiense PB,2026-09-30T23:15:00+00:00,68.5919,soccer.asian_handicap,period=ft,away,handicap=-2.5,1.42
2026-10-01T00:06:24.483149+02:00,36577752,Brazil Campeonato Paraibano (PB) Division 2,Brazil,Auto EC (PB),Picuiense PB,2026-09-30T23:15:00+00:00,68.5919,soccer.asian_handicap,period=ft,home,handicap=-2.25,2.2
2026-10-01T00:06:24.483149+02:00,36577752,Brazil Campeonato Paraibano (PB) Division 2,Brazil,Auto EC (PB),Picuiense PB,2026-09-30T23:15:00+00:00,68.5919,soccer.asian_handicap,period=ft,away,handicap=-2.25,1.52
2026-10-01T00:06:24.483149+02:00,36577752,Brazil Campeonato Paraibano (PB) Division 2,Brazil,Auto EC (PB),Picuiense PB,2026-09-30T23:15:00+00:00,68.5919,soccer.asian_handicap,period=ft,home,handicap=-2,1.99
2026-10-01T00:06:24.483149+02:00,36577752,Brazil Campeonato Paraibano (PB) Division 2,Brazil,Auto EC (PB),Picuiense PB,2026-09-30T23:15:00+00:00,68.5919,soccer.asian_handicap,period=ft,away,handicap=-2,1.69
2026-10-01T00:06:24.483149+02:00,36577752,Brazil Campeonato Paraibano (PB) Division 2,Brazil,Auto EC (PB),Picuiense PB,2026-09-30T23:15:00+00:00,68.5919,soccer.asian_handicap,period=ft,home,handicap=-1.5,1.59
2026-10-01T00:06:24.483149+02:00,36577752,Brazil Campeonato Paraibano (PB) Division 2,Brazil,Auto EC (PB),Picuiense PB,2026-09-30T23:15:00+00:00,68.5919,soccer.asian_handicap,period=ft,away,handicap=-1.5,2.15
2026-10-01T00:06:24.483149+02:00,36577752,Brazil Campeonato Paraibano (PB) Division 2,Brazil,Auto EC (PB),Picuiense PB,2026-09-30T23:15:00+00:00,68.5919,soccer.asian_handicap,period=ft,home,handicap=-1.25,1.42
2026-10-01T00:06:24.483149+02:00,36577752,Brazil Campeonato Paraibano (PB) Division 2,Brazil,Auto EC (PB),Picuiense PB,2026-09-30T23:15:00+00:00,68.5919,soccer.asian_handicap,period=ft,away,handicap=-1.25,2.45
2026-10-01T00:06:24.483149+02:00,36577752,Brazil Campeonato Paraibano (PB) Division 2,Brazil,Auto EC (PB),Picuiense PB,2026-09-30T23:15:00+00:00,68.5919,soccer.asian_handicap,period=ft,home,handicap=-1,1.27
2026-10-01T00:06:24.483149+02:00,36577752,Brazil Campeonato Paraibano (PB) Division 2,Brazil,Auto EC (PB),Picuiense PB,2026-09-30T23:15:00+00:00,68.5919,soccer.asian_handicap,period=ft,away,handicap=-1,3.1
2026-10-01T00:06:24.483149+02:00,36577752,Brazil Campeonato Paraibano (PB) Division 2,Brazil,Auto EC (PB),Picuiense PB,2026-09-30T23:15:00+00:00,68.5919,soccer.total_goals,period=ft,over,total=3,1.74
2026-10-01T00:06:24.483149+02:00,36577752,Brazil Campeonato Paraibano (PB) Division 2,Brazil,Auto EC (PB),Picuiense PB,2026-09-30T23:15:00+00:00,68.5919,soccer.total_goals,period=ft,under,total=3,1.95
2026-10-01T00:06:24.483149+02:00,36577752,Brazil Campeonato Paraibano (PB) Division 2,Brazil,Auto EC (PB),Picuiense PB,2026-09-30T23:15:00+00:00,68.5919,soccer.total_goals,period=ft,over,total=2.25,1.31
2026-10-01T00:06:24.483149+02:00,36577752,Brazil Campeonato Paraibano (PB) Division 2,Brazil,Auto EC (PB),Picuiense PB,2026-09-30T23:15:00+00:00,68.5919,soccer.total_goals,period=ft,under,total=2.25,2.9
2026-10-01T00:06:24.483149+02:00,36577752,Brazil Campeonato Paraibano (PB) Division 2,Brazil,Auto EC (PB),Picuiense PB,2026-09-30T23:15:00+00:00,68.5919,soccer.total_goals,period=ft,over,total=2.5,1.46
2026-10-01T00:06:24.483149+02:00,36577752,Brazil Campeonato Paraibano (PB) Division 2,Brazil,Auto EC (PB),Picuiense PB,2026-09-30T23:15:00+00:00,68.5919,soccer.total_goals,period=ft,under,total=2.5,2.35
2026-10-01T00:06:24.483149+02:00,36577752,Brazil Campeonato Paraibano (PB) Division 2,Brazil,Auto EC (PB),Picuiense PB,2026-09-30T23:15:00+00:00,68.5919,soccer.total_goals,period=ft,over,total=2.75,1.57
2026-10-01T00:06:24.483149+02:00,36577752,Brazil Campeonato Paraibano (PB) Division 2,Brazil,Auto EC (PB),Picuiense PB,2026-09-30T23:15:00+00:00,68.5919,soccer.total_goals,period=ft,under,total=2.75,2.17
2026-10-01T00:06:24.483149+02:00,36577752,Brazil Campeonato Paraibano (PB) Division 2,Brazil,Auto EC (PB),Picuiense PB,2026-09-30T23:15:00+00:00,68.5919,soccer.total_goals,period=ft,over,total=3.25,1.96
2026-10-01T00:06:24.483149+02:00,36577752,Brazil Campeonato Paraibano (PB) Division 2,Brazil,Auto EC (PB),Picuiense PB,2026-09-30T23:15:00+00:00,68.5919,soccer.total_goals,period=ft,under,total=3.25,1.71
2026-10-01T00:06:24.483149+02:00,36577752,Brazil Campeonato Paraibano (PB) Division 2,Brazil,Auto EC (PB),Picuiense PB,2026-09-30T23:15:00+00:00,68.5919,soccer.total_goals,period=ft,over,total=3.5,2.14
2026-10-01T00:06:24.483149+02:00,36577752,Brazil Campeonato Paraibano (PB) Division 2,Brazil,Auto EC (PB),Picuiense PB,2026-09-30T23:15:00+00:00,68.5919,soccer.total_goals,period=ft,under,total=3.5,1.56
2026-10-01T00:06:24.483149+02:00,36577752,Brazil Campeonato Paraibano (PB) Division 2,Brazil,Auto EC (PB),Picuiense PB,2026-09-30T23:15:00+00:00,68.5919,soccer.total_goals,period=ft,over,total=3.75,2.45
2026-10-01T00:06:24.483149+02:00,36577752,Brazil Campeonato Paraibano (PB) Division 2,Brazil,Auto EC (PB),Picuiense PB,2026-09-30T23:15:00+00:00,68.5919,soccer.total_goals,period=ft,under,total=3.75,1.43
2026-10-01T00:08:25.914874+02:00,36577342,"Gaucho, Serie B",Brazil,SER Cruz Alta (RS),Rio Grande (RS),2026-09-30T22:30:00+00:00,21.5681,soccer.asian_handicap,period=ft,home,handicap=-1,1.89
2026-10-01T00:08:25.914874+02:00,36577342,"Gaucho, Serie B",Brazil,SER Cruz Alta (RS),Rio Grande (RS),2026-09-30T22:30:00+00:00,21.5681,soccer.asian_handicap,period=ft,away,handicap=-1,1.72
2026-10-01T00:08:25.914874+02:00,36577342,"Gaucho, Serie B",Brazil,SER Cruz Alta (RS),Rio Grande (RS),2026-09-30T22:30:00+00:00,21.5681,soccer.asian_handicap,period=ft,home,handicap=-1.5,2.4
2026-10-01T00:08:25.914874+02:00,36577342,"Gaucho, Serie B",Brazil,SER Cruz Alta (RS),Rio Grande (RS),2026-09-30T22:30:00+00:00,21.5681,soccer.asian_handicap,period=ft,away,handicap=-1.5,1.44
2026-10-01T00:08:25.914874+02:00,36577342,"Gaucho, Serie B",Brazil,SER Cruz Alta (RS),Rio Grande (RS),2026-09-30T22:30:00+00:00,21.5681,soccer.asian_handicap,period=ft,home,handicap=-1.25,2.16
2026-10-01T00:08:25.914874+02:00,36577342,"Gaucho, Serie B",Brazil,SER Cruz Alta (RS),Rio Grande (RS),2026-09-30T22:30:00+00:00,21.5681,soccer.asian_handicap,period=ft,away,handicap=-1.25,1.55
2026-10-01T00:08:25.914874+02:00,36577342,"Gaucho, Serie B",Brazil,SER Cruz Alta (RS),Rio Grande (RS),2026-09-30T22:30:00+00:00,21.5681,soccer.asian_handicap,period=ft,home,handicap=-0.75,1.66
2026-10-01T00:08:25.914874+02:00,36577342,"Gaucho, Serie B",Brazil,SER Cruz Alta (RS),Rio Grande (RS),2026-09-30T22:30:00+00:00,21.5681,soccer.asian_handicap,period=ft,away,handicap=-0.75,1.97
2026-10-01T00:08:25.914874+02:00,36577342,"Gaucho, Serie B",Brazil,SER Cruz Alta (RS),Rio Grande (RS),2026-09-30T22:30:00+00:00,21.5681,soccer.asian_handicap,period=ft,home,handicap=-0.5,1.52
2026-10-01T00:08:25.914874+02:00,36577342,"Gaucho, Serie B",Brazil,SER Cruz Alta (RS),Rio Grande (RS),2026-09-30T22:30:00+00:00,21.5681,soccer.asian_handicap,period=ft,away,handicap=-0.5,2.2
2026-10-01T00:08:25.914874+02:00,36577342,"Gaucho, Serie B",Brazil,SER Cruz Alta (RS),Rio Grande (RS),2026-09-30T22:30:00+00:00,21.5681,soccer.double_chance,period=ft,draw_away,,2.08
2026-10-01T00:08:25.914874+02:00,36577342,"Gaucho, Serie B",Brazil,SER Cruz Alta (RS),Rio Grande (RS),2026-09-30T22:30:00+00:00,21.5681,soccer.double_chance,period=ft,home_away,,1.21
2026-10-01T00:08:25.914874+02:00,36577342,"Gaucho, Serie B",Brazil,SER Cruz Alta (RS),Rio Grande (RS),2026-09-30T22:30:00+00:00,21.5681,soccer.double_chance,period=ft,home_draw,,1.15
2026-10-01T00:08:25.914874+02:00,36577342,"Gaucho, Serie B",Brazil,SER Cruz Alta (RS),Rio Grande (RS),2026-09-30T22:30:00+00:00,21.5681,soccer.match_odds,period=ft,home,,1.52
2026-10-01T00:08:25.914874+02:00,36577342,"Gaucho, Serie B",Brazil,SER Cruz Alta (RS),Rio Grande (RS),2026-09-30T22:30:00+00:00,21.5681,soccer.match_odds,period=ft,draw,,3.75
2026-10-01T00:08:25.914874+02:00,36577342,"Gaucho, Serie B",Brazil,SER Cruz Alta (RS),Rio Grande (RS),2026-09-30T22:30:00+00:00,21.5681,soccer.match_odds,period=ft,away,,4.8
2026-10-01T00:08:25.914874+02:00,36577342,"Gaucho, Serie B",Brazil,SER Cruz Alta (RS),Rio Grande (RS),2026-09-30T22:30:00+00:00,21.5681,soccer.total_goals,period=ft,over,total=2.5,1.72
2026-10-01T00:08:25.914874+02:00,36577342,"Gaucho, Serie B",Brazil,SER Cruz Alta (RS),Rio Grande (RS),2026-09-30T22:30:00+00:00,21.5681,soccer.total_goals,period=ft,under,total=2.5,1.89
2026-10-01T00:08:25.914874+02:00,36577730,Segunda Division,Venezuela,CD Lara,REAL FRONTERA FC,2026-09-30T23:00:00+00:00,51.5681,soccer.asian_handicap,period=ft,home,handicap=-2.25,1.82
2026-10-01T00:08:25.914874+02:00,36577730,Segunda Division,Venezuela,CD Lara,REAL FRONTERA FC,2026-09-30T23:00:00+00:00,51.5681,soccer.asian_handicap,period=ft,away,handicap=-2.25,1.86
2026-10-01T00:08:25.914874+02:00,36577730,Segunda Division,Venezuela,CD Lara,REAL FRONTERA FC,2026-09-30T23:00:00+00:00,51.5681,soccer.asian_handicap,period=ft,home,handicap=-3,2.8
2026-10-01T00:08:25.914874+02:00,36577730,Segunda Division,Venezuela,CD Lara,REAL FRONTERA FC,2026-09-30T23:00:00+00:00,51.5681,soccer.asian_handicap,period=ft,away,handicap=-3,1.34
2026-10-01T00:08:25.914874+02:00,36577730,Segunda Division,Venezuela,CD Lara,REAL FRONTERA FC,2026-09-30T23:00:00+00:00,51.5681,soccer.asian_handicap,period=ft,home,handicap=-2.75,2.25
2026-10-01T00:08:25.914874+02:00,36577730,Segunda Division,Venezuela,CD Lara,REAL FRONTERA FC,2026-09-30T23:00:00+00:00,51.5681,soccer.asian_handicap,period=ft,away,handicap=-2.75,1.5
2026-10-01T00:08:25.914874+02:00,36577730,Segunda Division,Venezuela,CD Lara,REAL FRONTERA FC,2026-09-30T23:00:00+00:00,51.5681,soccer.asian_handicap,period=ft,home,handicap=-2.5,2.02
2026-10-01T00:08:25.914874+02:00,36577730,Segunda Division,Venezuela,CD Lara,REAL FRONTERA FC,2026-09-30T23:00:00+00:00,51.5681,soccer.asian_handicap,period=ft,away,handicap=-2.5,1.66
2026-10-01T00:08:25.914874+02:00,36577730,Segunda Division,Venezuela,CD Lara,REAL FRONTERA FC,2026-09-30T23:00:00+00:00,51.5681,soccer.asian_handicap,period=ft,home,handicap=-2,1.57
2026-10-01T00:08:25.914874+02:00,36577730,Segunda Division,Venezuela,CD Lara,REAL FRONTERA FC,2026-09-30T23:00:00+00:00,51.5681,soccer.asian_handicap,period=ft,away,handicap=-2,2.17
2026-10-01T00:08:25.914874+02:00,36577730,Segunda Division,Venezuela,CD Lara,REAL FRONTERA FC,2026-09-30T23:00:00+00:00,51.5681,soccer.asian_handicap,period=ft,home,handicap=-1.75,1.44
2026-10-01T00:08:25.914874+02:00,36577730,Segunda Division,Venezuela,CD Lara,REAL FRONTERA FC,2026-09-30T23:00:00+00:00,51.5681,soccer.asian_handicap,period=ft,away,handicap=-1.75,2.4
2026-10-01T00:08:25.914874+02:00,36577730,Segunda Division,Venezuela,CD Lara,REAL FRONTERA FC,2026-09-30T23:00:00+00:00,51.5681,soccer.asian_handicap,period=ft,home,handicap=-1.5,1.35
2026-10-01T00:08:25.914874+02:00,36577730,Segunda Division,Venezuela,CD Lara,REAL FRONTERA FC,2026-09-30T23:00:00+00:00,51.5681,soccer.asian_handicap,period=ft,away,handicap=-1.5,2.7
2026-10-01T00:08:25.914874+02:00,36577730,Segunda Division,Venezuela,CD Lara,REAL FRONTERA FC,2026-09-30T23:00:00+00:00,51.5681,soccer.double_chance,period=ft,draw_away,,5.0
2026-10-01T00:08:25.914874+02:00,36577730,Segunda Division,Venezuela,CD Lara,REAL FRONTERA FC,2026-09-30T23:00:00+00:00,51.5681,soccer.double_chance,period=ft,home_away,,1.07
2026-10-01T00:08:25.914874+02:00,36577730,Segunda Division,Venezuela,CD Lara,REAL FRONTERA FC,2026-09-30T23:00:00+00:00,51.5681,soccer.double_chance,period=ft,home_draw,,1.04
2026-10-01T00:08:25.914874+02:00,36577730,Segunda Division,Venezuela,CD Lara,REAL FRONTERA FC,2026-09-30T23:00:00+00:00,51.5681,soccer.match_odds,period=ft,home,,1.11
2026-10-01T00:08:25.914874+02:00,36577730,Segunda Division,Venezuela,CD Lara,REAL FRONTERA FC,2026-09-30T23:00:00+00:00,51.5681,soccer.match_odds,period=ft,draw,,8.2
2026-10-01T00:08:25.914874+02:00,36577730,Segunda Division,Venezuela,CD Lara,REAL FRONTERA FC,2026-09-30T23:00:00+00:00,51.5681,soccer.match_odds,period=ft,away,,12.0
2026-10-01T00:08:25.914874+02:00,36577730,Segunda Division,Venezuela,CD Lara,REAL FRONTERA FC,2026-09-30T23:00:00+00:00,51.5681,soccer.total_goals,period=ft,over,total=3.25,1.78
2026-10-01T00:08:25.914874+02:00,36577730,Segunda Division,Venezuela,CD Lara,REAL FRONTERA FC,2026-09-30T23:00:00+00:00,51.5681,soccer.total_goals,period=ft,under,total=3.25,1.9
2026-10-01T00:08:25.914874+02:00,36577730,Segunda Division,Venezuela,CD Lara,REAL FRONTERA FC,2026-09-30T23:00:00+00:00,51.5681,soccer.total_goals,period=ft,over,total=2.5,1.33
2026-10-01T00:08:25.914874+02:00,36577730,Segunda Division,Venezuela,CD Lara,REAL FRONTERA FC,2026-09-30T23:00:00+00:00,51.5681,soccer.total_goals,period=ft,under,total=2.5,2.8
2026-10-01T00:08:25.914874+02:00,36577730,Segunda Division,Venezuela,CD Lara,REAL FRONTERA FC,2026-09-30T23:00:00+00:00,51.5681,soccer.total_goals,period=ft,over,total=2.75,1.41
2026-10-01T00:08:25.914874+02:00,36577730,Segunda Division,Venezuela,CD Lara,REAL FRONTERA FC,2026-09-30T23:00:00+00:00,51.5681,soccer.total_goals,period=ft,under,total=2.75,2.5
2026-10-01T00:08:25.914874+02:00,36577730,Segunda Division,Venezuela,CD Lara,REAL FRONTERA FC,2026-09-30T23:00:00+00:00,51.5681,soccer.total_goals,period=ft,over,total=3,1.54
2026-10-01T00:08:25.914874+02:00,36577730,Segunda Division,Venezuela,CD Lara,REAL FRONTERA FC,2026-09-30T23:00:00+00:00,51.5681,soccer.total_goals,period=ft,under,total=3,2.2
2026-10-01T00:08:25.914874+02:00,36577730,Segunda Division,Venezuela,CD Lara,REAL FRONTERA FC,2026-09-30T23:00:00+00:00,51.5681,soccer.total_goals,period=ft,over,total=3.5,1.99
2026-10-01T00:08:25.914874+02:00,36577730,Segunda Division,Venezuela,CD Lara,REAL FRONTERA FC,2026-09-30T23:00:00+00:00,51.5681,soccer.total_goals,period=ft,under,total=3.5,1.69
2026-10-01T00:08:25.914874+02:00,36577730,Segunda Division,Venezuela,CD Lara,REAL FRONTERA FC,2026-09-30T23:00:00+00:00,51.5681,soccer.total_goals,period=ft,over,total=3.75,2.25
2026-10-01T00:08:25.914874+02:00,36577730,Segunda Division,Venezuela,CD Lara,REAL FRONTERA FC,2026-09-30T23:00:00+00:00,51.5681,soccer.total_goals,period=ft,under,total=3.75,1.51
2026-10-01T00:08:25.914874+02:00,36577730,Segunda Division,Venezuela,CD Lara,REAL FRONTERA FC,2026-09-30T23:00:00+00:00,51.5681,soccer.total_goals,period=ft,over,total=4,2.7
2026-10-01T00:08:25.914874+02:00,36577730,Segunda Division,Venezuela,CD Lara,REAL FRONTERA FC,2026-09-30T23:00:00+00:00,51.5681,soccer.total_goals,period=ft,under,total=4,1.35
2026-10-01T00:08:25.914874+02:00,36573249,Copa Division Profesional,Bolivia,CD Real Tomayapo,CA Nacional Potosi,2026-09-30T22:30:00+00:00,21.5681,soccer.asian_handicap,period=ft,home,handicap=0,1.91
2026-10-01T00:08:25.914874+02:00,36573249,Copa Division Profesional,Bolivia,CD Real Tomayapo,CA Nacional Potosi,2026-09-30T22:30:00+00:00,21.5681,soccer.asian_handicap,period=ft,away,handicap=0,1.79
2026-10-01T00:08:25.914874+02:00,36573249,Copa Division Profesional,Bolivia,CD Real Tomayapo,CA Nacional Potosi,2026-09-30T22:30:00+00:00,21.5681,soccer.asian_handicap,period=ft,home,handicap=-0.75,2.8
2026-10-01T00:08:25.914874+02:00,36573249,Copa Division Profesional,Bolivia,CD Real Tomayapo,CA Nacional Potosi,2026-09-30T22:30:00+00:00,21.5681,soccer.asian_handicap,period=ft,away,handicap=-0.75,1.34
2026-10-01T00:08:25.914874+02:00,36573249,Copa Division Profesional,Bolivia,CD Real Tomayapo,CA Nacional Potosi,2026-09-30T22:30:00+00:00,21.5681,soccer.asian_handicap,period=ft,home,handicap=-0.5,2.35
2026-10-01T00:08:25.914874+02:00,36573249,Copa Division Profesional,Bolivia,CD Real Tomayapo,CA Nacional Potosi,2026-09-30T22:30:00+00:00,21.5681,soccer.asian_handicap,period=ft,away,handicap=-0.5,1.48
2026-10-01T00:08:25.914874+02:00,36573249,Copa Division Profesional,Bolivia,CD Real Tomayapo,CA Nacional Potosi,2026-09-30T22:30:00+00:00,21.5681,soccer.asian_handicap,period=ft,home,handicap=-0.25,2.14
2026-10-01T00:08:25.914874+02:00,36573249,Copa Division Profesional,Bolivia,CD Real Tomayapo,CA Nacional Potosi,2026-09-30T22:30:00+00:00,21.5681,soccer.asian_handicap,period=ft,away,handicap=-0.25,1.6
2026-10-01T00:08:25.914874+02:00,36573249,Copa Division Profesional,Bolivia,CD Real Tomayapo,CA Nacional Potosi,2026-09-30T22:30:00+00:00,21.5681,soccer.asian_handicap,period=ft,home,handicap=0.25,1.68
2026-10-01T00:08:25.914874+02:00,36573249,Copa Division Profesional,Bolivia,CD Real Tomayapo,CA Nacional Potosi,2026-09-30T22:30:00+00:00,21.5681,soccer.asian_handicap,period=ft,away,handicap=0.25,2.01
2026-10-01T00:08:25.914874+02:00,36573249,Copa Division Profesional,Bolivia,CD Real Tomayapo,CA Nacional Potosi,2026-09-30T22:30:00+00:00,21.5681,soccer.asian_handicap,period=ft,home,handicap=0.5,1.54
2026-10-01T00:08:25.914874+02:00,36573249,Copa Division Profesional,Bolivia,CD Real Tomayapo,CA Nacional Potosi,2026-09-30T22:30:00+00:00,21.5681,soccer.asian_handicap,period=ft,away,handicap=0.5,2.2
2026-10-01T00:08:25.914874+02:00,36573249,Copa Division Profesional,Bolivia,CD Real Tomayapo,CA Nacional Potosi,2026-09-30T22:30:00+00:00,21.5681,soccer.asian_handicap,period=ft,home,handicap=0.75,1.39
2026-10-01T00:08:25.914874+02:00,36573249,Copa Division Profesional,Bolivia,CD Real Tomayapo,CA Nacional Potosi,2026-09-30T22:30:00+00:00,21.5681,soccer.asian_handicap,period=ft,away,handicap=0.75,2.6
2026-10-01T00:08:25.914874+02:00,36573249,Copa Division Profesional,Bolivia,CD Real Tomayapo,CA Nacional Potosi,2026-09-30T22:30:00+00:00,21.5681,soccer.match_odds,period=ft,home,,2.4
2026-10-01T00:08:25.914874+02:00,36573249,Copa Division Profesional,Bolivia,CD Real Tomayapo,CA Nacional Potosi,2026-09-30T22:30:00+00:00,21.5681,soccer.match_odds,period=ft,draw,,3.75
2026-10-01T00:08:25.914874+02:00,36573249,Copa Division Profesional,Bolivia,CD Real Tomayapo,CA Nacional Potosi,2026-09-30T22:30:00+00:00,21.5681,soccer.match_odds,period=ft,away,,2.25
2026-10-01T00:08:25.914874+02:00,36573249,Copa Division Profesional,Bolivia,CD Real Tomayapo,CA Nacional Potosi,2026-09-30T22:30:00+00:00,21.5681,soccer.total_goals,period=ft,over,total=3,1.93
2026-10-01T00:08:25.914874+02:00,36573249,Copa Division Profesional,Bolivia,CD Real Tomayapo,CA Nacional Potosi,2026-09-30T22:30:00+00:00,21.5681,soccer.total_goals,period=ft,under,total=3,1.77
2026-10-01T00:08:25.914874+02:00,36573249,Copa Division Profesional,Bolivia,CD Real Tomayapo,CA Nacional Potosi,2026-09-30T22:30:00+00:00,21.5681,soccer.total_goals,period=ft,over,total=2.25,1.38
2026-10-01T00:08:25.914874+02:00,36573249,Copa Division Profesional,Bolivia,CD Real Tomayapo,CA Nacional Potosi,2026-09-30T22:30:00+00:00,21.5681,soccer.total_goals,period=ft,under,total=2.25,2.6
2026-10-01T00:08:25.914874+02:00,36573249,Copa Division Profesional,Bolivia,CD Real Tomayapo,CA Nacional Potosi,2026-09-30T22:30:00+00:00,21.5681,soccer.total_goals,period=ft,over,total=2.5,1.54
2026-10-01T00:08:25.914874+02:00,36573249,Copa Division Profesional,Bolivia,CD Real Tomayapo,CA Nacional Potosi,2026-09-30T22:30:00+00:00,21.5681,soccer.total_goals,period=ft,under,total=2.5,2.2
2026-10-01T00:08:25.914874+02:00,36573249,Copa Division Profesional,Bolivia,CD Real Tomayapo,CA Nacional Potosi,2026-09-30T22:30:00+00:00,21.5681,soccer.total_goals,period=ft,over,total=2.75,1.69
2026-10-01T00:08:25.914874+02:00,36573249,Copa Division Profesional,Bolivia,CD Real Tomayapo,CA Nacional Potosi,2026-09-30T22:30:00+00:00,21.5681,soccer.total_goals,period=ft,under,total=2.75,2.0
2026-10-01T00:08:25.914874+02:00,36573249,Copa Division Profesional,Bolivia,CD Real Tomayapo,CA Nacional Potosi,2026-09-30T22:30:00+00:00,21.5681,soccer.total_goals,period=ft,over,total=3.25,2.17
2026-10-01T00:08:25.914874+02:00,36573249,Copa Division Profesional,Bolivia,CD Real Tomayapo,CA Nacional Potosi,2026-09-30T22:30:00+00:00,21.5681,soccer.total_goals,period=ft,under,total=3.25,1.58
2026-10-01T00:08:25.914874+02:00,36573249,Copa Division Profesional,Bolivia,CD Real Tomayapo,CA Nacional Potosi,2026-09-30T22:30:00+00:00,21.5681,soccer.total_goals,period=ft,over,total=3.5,2.4
2026-10-01T00:08:25.914874+02:00,36573249,Copa Division Profesional,Bolivia,CD Real Tomayapo,CA Nacional Potosi,2026-09-30T22:30:00+00:00,21.5681,soccer.total_goals,period=ft,under,total=3.5,1.46
2026-10-01T00:08:25.914874+02:00,36573249,Copa Division Profesional,Bolivia,CD Real Tomayapo,CA Nacional Potosi,2026-09-30T22:30:00+00:00,21.5681,soccer.total_goals,period=ft,over,total=3.75,2.8
2026-10-01T00:08:25.914874+02:00,36573249,Copa Division Profesional,Bolivia,CD Real Tomayapo,CA Nacional Potosi,2026-09-30T22:30:00+00:00,21.5681,soccer.total_goals,period=ft,under,total=3.75,1.34
2026-10-01T00:08:25.914874+02:00,36577752,Brazil Campeonato Paraibano (PB) Division 2,Brazil,Auto EC (PB),Picuiense PB,2026-09-30T23:15:00+00:00,66.5681,soccer.asian_handicap,period=ft,home,handicap=-1.75,1.75
2026-10-01T00:08:25.914874+02:00,36577752,Brazil Campeonato Paraibano (PB) Division 2,Brazil,Auto EC (PB),Picuiense PB,2026-09-30T23:15:00+00:00,66.5681,soccer.asian_handicap,period=ft,away,handicap=-1.75,1.94
2026-10-01T00:08:25.914874+02:00,36577752,Brazil Campeonato Paraibano (PB) Division 2,Brazil,Auto EC (PB),Picuiense PB,2026-09-30T23:15:00+00:00,66.5681,soccer.asian_handicap,period=ft,home,handicap=-2.5,2.45
2026-10-01T00:08:25.914874+02:00,36577752,Brazil Campeonato Paraibano (PB) Division 2,Brazil,Auto EC (PB),Picuiense PB,2026-09-30T23:15:00+00:00,66.5681,soccer.asian_handicap,period=ft,away,handicap=-2.5,1.42
2026-10-01T00:08:25.914874+02:00,36577752,Brazil Campeonato Paraibano (PB) Division 2,Brazil,Auto EC (PB),Picuiense PB,2026-09-30T23:15:00+00:00,66.5681,soccer.asian_handicap,period=ft,home,handicap=-2.25,2.2
2026-10-01T00:08:25.914874+02:00,36577752,Brazil Campeonato Paraibano (PB) Division 2,Brazil,Auto EC (PB),Picuiense PB,2026-09-30T23:15:00+00:00,66.5681,soccer.asian_handicap,period=ft,away,handicap=-2.25,1.52
2026-10-01T00:08:25.914874+02:00,36577752,Brazil Campeonato Paraibano (PB) Division 2,Brazil,Auto EC (PB),Picuiense PB,2026-09-30T23:15:00+00:00,66.5681,soccer.asian_handicap,period=ft,home,handicap=-2,1.99
2026-10-01T00:08:25.914874+02:00,36577752,Brazil Campeonato Paraibano (PB) Division 2,Brazil,Auto EC (PB),Picuiense PB,2026-09-30T23:15:00+00:00,66.5681,soccer.asian_handicap,period=ft,away,handicap=-2,1.69
2026-10-01T00:08:25.914874+02:00,36577752,Brazil Campeonato Paraibano (PB) Division 2,Brazil,Auto EC (PB),Picuiense PB,2026-09-30T23:15:00+00:00,66.5681,soccer.asian_handicap,period=ft,home,handicap=-1.5,1.59
2026-10-01T00:08:25.914874+02:00,36577752,Brazil Campeonato Paraibano (PB) Division 2,Brazil,Auto EC (PB),Picuiense PB,2026-09-30T23:15:00+00:00,66.5681,soccer.asian_handicap,period=ft,away,handicap=-1.5,2.15
2026-10-01T00:08:25.914874+02:00,36577752,Brazil Campeonato Paraibano (PB) Division 2,Brazil,Auto EC (PB),Picuiense PB,2026-09-30T23:15:00+00:00,66.5681,soccer.asian_handicap,period=ft,home,handicap=-1.25,1.42
2026-10-01T00:08:25.914874+02:00,36577752,Brazil Campeonato Paraibano (PB) Division 2,Brazil,Auto EC (PB),Picuiense PB,2026-09-30T23:15:00+00:00,66.5681,soccer.asian_handicap,period=ft,away,handicap=-1.25,2.45
2026-10-01T00:08:25.914874+02:00,36577752,Brazil Campeonato Paraibano (PB) Division 2,Brazil,Auto EC (PB),Picuiense PB,2026-09-30T23:15:00+00:00,66.5681,soccer.asian_handicap,period=ft,home,handicap=-1,1.27
2026-10-01T00:08:25.914874+02:00,36577752,Brazil Campeonato Paraibano (PB) Division 2,Brazil,Auto EC (PB),Picuiense PB,2026-09-30T23:15:00+00:00,66.5681,soccer.asian_handicap,period=ft,away,handicap=-1,3.1
2026-10-01T00:08:25.914874+02:00,36577752,Brazil Campeonato Paraibano (PB) Division 2,Brazil,Auto EC (PB),Picuiense PB,2026-09-30T23:15:00+00:00,66.5681,soccer.total_goals,period=ft,over,total=3,1.74
2026-10-01T00:08:25.914874+02:00,36577752,Brazil Campeonato Paraibano (PB) Division 2,Brazil,Auto EC (PB),Picuiense PB,2026-09-30T23:15:00+00:00,66.5681,soccer.total_goals,period=ft,under,total=3,1.95
2026-10-01T00:08:25.914874+02:00,36577752,Brazil Campeonato Paraibano (PB) Division 2,Brazil,Auto EC (PB),Picuiense PB,2026-09-30T23:15:00+00:00,66.5681,soccer.total_goals,period=ft,over,total=2.25,1.31
2026-10-01T00:08:25.914874+02:00,36577752,Brazil Campeonato Paraibano (PB) Division 2,Brazil,Auto EC (PB),Picuiense PB,2026-09-30T23:15:00+00:00,66.5681,soccer.total_goals,period=ft,under,total=2.25,2.9
2026-10-01T00:08:25.914874+02:00,36577752,Brazil Campeonato Paraibano (PB) Division 2,Brazil,Auto EC (PB),Picuiense PB,2026-09-30T23:15:00+00:00,66.5681,soccer.total_goals,period=ft,over,total=2.5,1.46
2026-10-01T00:08:25.914874+02:00,36577752,Brazil Campeonato Paraibano (PB) Division 2,Brazil,Auto EC (PB),Picuiense PB,2026-09-30T23:15:00+00:00,66.5681,soccer.total_goals,period=ft,under,total=2.5,2.35
2026-10-01T00:08:25.914874+02:00,36577752,Brazil Campeonato Paraibano (PB) Division 2,Brazil,Auto EC (PB),Picuiense PB,2026-09-30T23:15:00+00:00,66.5681,soccer.total_goals,period=ft,over,total=2.75,1.57
2026-10-01T00:08:25.914874+02:00,36577752,Brazil Campeonato Paraibano (PB) Division 2,Brazil,Auto EC (PB),Picuiense PB,2026-09-30T23:15:00+00:00,66.5681,soccer.total_goals,period=ft,under,total=2.75,2.17
2026-10-01T00:08:25.914874+02:00,36577752,Brazil Campeonato Paraibano (PB) Division 2,Brazil,Auto EC (PB),Picuiense PB,2026-09-30T23:15:00+00:00,66.5681,soccer.total_goals,period=ft,over,total=3.25,1.96
2026-10-01T00:08:25.914874+02:00,36577752,Brazil Campeonato Paraibano (PB) Division 2,Brazil,Auto EC (PB),Picuiense PB,2026-09-30T23:15:00+00:00,66.5681,soccer.total_goals,period=ft,under,total=3.25,1.71
2026-10-01T00:08:25.914874+02:00,36577752,Brazil Campeonato Paraibano (PB) Division 2,Brazil,Auto EC (PB),Picuiense PB,2026-09-30T23:15:00+00:00,66.5681,soccer.total_goals,period=ft,over,total=3.5,2.14
2026-10-01T00:08:25.914874+02:00,36577752,Brazil Campeonato Paraibano (PB) Division 2,Brazil,Auto EC (PB),Picuiense PB,2026-09-30T23:15:00+00:00,66.5681,soccer.total_goals,period=ft,under,total=3.5,1.56
2026-10-01T00:08:25.914874+02:00,36577752,Brazil Campeonato Paraibano (PB) Division 2,Brazil,Auto EC (PB),Picuiense PB,2026-09-30T23:15:00+00:00,66.5681,soccer.total_goals,period=ft,over,total=3.75,2.45
2026-10-01T00:08:25.914874+02:00,36577752,Brazil Campeonato Paraibano (PB) Division 2,Brazil,Auto EC (PB),Picuiense PB,2026-09-30T23:15:00+00:00,66.5681,soccer.total_goals,period=ft,under,total=3.75,1.43
2026-10-01T00:08:25.914874+02:00,36522149,Primera Division,Uruguay,Montevideo City Torque,CA Penarol Montevideo,2026-09-30T23:00:00+00:00,51.5681,soccer.asian_handicap,period=ft,home,handicap=0.25,2.03
2026-10-01T00:08:25.914874+02:00,36522149,Primera Division,Uruguay,Montevideo City Torque,CA Penarol Montevideo,2026-09-30T23:00:00+00:00,51.5681,soccer.asian_handicap,period=ft,away,handicap=0.25,1.8
2026-10-01T00:08:25.914874+02:00,36522149,Primera Division,Uruguay,Montevideo City Torque,CA Penarol Montevideo,2026-09-30T23:00:00+00:00,51.5681,soccer.asian_handicap,period=ft,home,handicap=-0.75,4.4
2026-10-01T00:08:25.914874+02:00,36522149,Primera Division,Uruguay,Montevideo City Torque,CA Penarol Montevideo,2026-09-30T23:00:00+00:00,51.5681,soccer.asian_handicap,period=ft,away,handicap=-0.75,1.2
2026-10-01T00:08:25.914874+02:00,36522149,Primera Division,Uruguay,Montevideo City Torque,CA Penarol Montevideo,2026-09-30T23:00:00+00:00,51.5681,soccer.asian_handicap,period=ft,home,handicap=-0.5,3.4
2026-10-01T00:08:25.914874+02:00,36522149,Primera Division,Uruguay,Montevideo City Torque,CA Penarol Montevideo,2026-09-30T23:00:00+00:00,51.5681,soccer.asian_handicap,period=ft,away,handicap=-0.5,1.31
2026-10-01T00:08:25.914874+02:00,36522149,Primera Division,Uruguay,Montevideo City Torque,CA Penarol Montevideo,2026-09-30T23:00:00+00:00,51.5681,soccer.asian_handicap,period=ft,home,handicap=-0.25,2.95
2026-10-01T00:08:25.914874+02:00,36522149,Primera Division,Uruguay,Montevideo City Torque,CA Penarol Montevideo,2026-09-30T23:00:00+00:00,51.5681,soccer.asian_handicap,period=ft,away,handicap=-0.25,1.39
2026-10-01T00:08:25.914874+02:00,36522149,Primera Division,Uruguay,Montevideo City Torque,CA Penarol Montevideo,2026-09-30T23:00:00+00:00,51.5681,soccer.asian_handicap,period=ft,home,handicap=0,2.5
2026-10-01T00:08:25.914874+02:00,36522149,Primera Division,Uruguay,Montevideo City Torque,CA Penarol Montevideo,2026-09-30T23:00:00+00:00,51.5681,soccer.asian_handicap,period=ft,away,handicap=0,1.52
2026-10-01T00:08:25.914874+02:00,36522149,Primera Division,Uruguay,Montevideo City Torque,CA Penarol Montevideo,2026-09-30T23:00:00+00:00,51.5681,soccer.asian_handicap,period=ft,home,handicap=0.5,1.76
2026-10-01T00:08:25.914874+02:00,36522149,Primera Division,Uruguay,Montevideo City Torque,CA Penarol Montevideo,2026-09-30T23:00:00+00:00,51.5681,soccer.asian_handicap,period=ft,away,handicap=0.5,2.07
2026-10-01T00:08:25.914874+02:00,36522149,Primera Division,Uruguay,Montevideo City Torque,CA Penarol Montevideo,2026-09-30T23:00:00+00:00,51.5681,soccer.asian_handicap,period=ft,home,handicap=0.75,1.55
2026-10-01T00:08:25.914874+02:00,36522149,Primera Division,Uruguay,Montevideo City Torque,CA Penarol Montevideo,2026-09-30T23:00:00+00:00,51.5681,soccer.asian_handicap,period=ft,away,handicap=0.75,2.45
2026-10-01T00:08:25.914874+02:00,36522149,Primera Division,Uruguay,Montevideo City Torque,CA Penarol Montevideo,2026-09-30T23:00:00+00:00,51.5681,soccer.asian_handicap,period=ft,home,handicap=1,1.34
2026-10-01T00:08:25.914874+02:00,36522149,Primera Division,Uruguay,Montevideo City Torque,CA Penarol Montevideo,2026-09-30T23:00:00+00:00,51.5681,soccer.asian_handicap,period=ft,away,handicap=1,3.15
2026-10-01T00:08:25.914874+02:00,36522149,Primera Division,Uruguay,Montevideo City Torque,CA Penarol Montevideo,2026-09-30T23:00:00+00:00,51.5681,soccer.asian_handicap,period=ft,home,handicap=1.25,1.27
2026-10-01T00:08:25.914874+02:00,36522149,Primera Division,Uruguay,Montevideo City Torque,CA Penarol Montevideo,2026-09-30T23:00:00+00:00,51.5681,soccer.asian_handicap,period=ft,away,handicap=1.25,3.65
2026-10-01T00:08:25.914874+02:00,36522149,Primera Division,Uruguay,Montevideo City Torque,CA Penarol Montevideo,2026-09-30T23:00:00+00:00,51.5681,soccer.double_chance,period=ft,draw_away,,1.32
2026-10-01T00:08:25.914874+02:00,36522149,Primera Division,Uruguay,Montevideo City Torque,CA Penarol Montevideo,2026-09-30T23:00:00+00:00,51.5681,soccer.double_chance,period=ft,home_away,,1.27
2026-10-01T00:08:25.914874+02:00,36522149,Primera Division,Uruguay,Montevideo City Torque,CA Penarol Montevideo,2026-09-30T23:00:00+00:00,51.5681,soccer.double_chance,period=ft,home_draw,,1.76
2026-10-01T00:08:25.914874+02:00,36522149,Primera Division,Uruguay,Montevideo City Torque,CA Penarol Montevideo,2026-09-30T23:00:00+00:00,51.5681,soccer.match_odds,period=ft,home,,3.4
2026-10-01T00:08:25.914874+02:00,36522149,Primera Division,Uruguay,Montevideo City Torque,CA Penarol Montevideo,2026-09-30T23:00:00+00:00,51.5681,soccer.match_odds,period=ft,draw,,3.5
2026-10-01T00:08:25.914874+02:00,36522149,Primera Division,Uruguay,Montevideo City Torque,CA Penarol Montevideo,2026-09-30T23:00:00+00:00,51.5681,soccer.match_odds,period=ft,away,,2.07
2026-10-01T00:08:25.914874+02:00,36522149,Primera Division,Uruguay,Montevideo City Torque,CA Penarol Montevideo,2026-09-30T23:00:00+00:00,51.5681,soccer.total_goals,period=ft,over,total=2.5,2.01
2026-10-01T00:08:25.914874+02:00,36522149,Primera Division,Uruguay,Montevideo City Torque,CA Penarol Montevideo,2026-09-30T23:00:00+00:00,51.5681,soccer.total_goals,period=ft,under,total=2.5,1.8
2026-10-01T00:08:25.914874+02:00,36522149,Primera Division,Uruguay,Montevideo City Torque,CA Penarol Montevideo,2026-09-30T23:00:00+00:00,51.5681,soccer.total_goals,period=ft,over,total=1.5,1.3
2026-10-01T00:08:25.914874+02:00,36522149,Primera Division,Uruguay,Montevideo City Torque,CA Penarol Montevideo,2026-09-30T23:00:00+00:00,51.5681,soccer.total_goals,period=ft,under,total=1.5,3.35
2026-10-01T00:08:25.914874+02:00,36522149,Primera Division,Uruguay,Montevideo City Torque,CA Penarol Montevideo,2026-09-30T23:00:00+00:00,51.5681,soccer.total_goals,period=ft,over,total=2,1.5
2026-10-01T00:08:25.914874+02:00,36522149,Primera Division,Uruguay,Montevideo City Torque,CA Penarol Montevideo,2026-09-30T23:00:00+00:00,51.5681,soccer.total_goals,period=ft,under,total=2,2.55
2026-10-01T00:08:25.914874+02:00,36522149,Primera Division,Uruguay,Montevideo City Torque,CA Penarol Montevideo,2026-09-30T23:00:00+00:00,51.5681,soccer.total_goals,period=ft,over,total=2.25,1.75
2026-10-01T00:08:25.914874+02:00,36522149,Primera Division,Uruguay,Montevideo City Torque,CA Penarol Montevideo,2026-09-30T23:00:00+00:00,51.5681,soccer.total_goals,period=ft,under,total=2.25,2.05
2026-10-01T00:08:25.914874+02:00,36522149,Primera Division,Uruguay,Montevideo City Torque,CA Penarol Montevideo,2026-09-30T23:00:00+00:00,51.5681,soccer.total_goals,period=ft,over,total=2.75,2.3
2026-10-01T00:08:25.914874+02:00,36522149,Primera Division,Uruguay,Montevideo City Torque,CA Penarol Montevideo,2026-09-30T23:00:00+00:00,51.5681,soccer.total_goals,period=ft,under,total=2.75,1.6
2026-10-01T00:08:25.914874+02:00,36522149,Primera Division,Uruguay,Montevideo City Torque,CA Penarol Montevideo,2026-09-30T23:00:00+00:00,51.5681,soccer.total_goals,period=ft,over,total=3,2.85
2026-10-01T00:08:25.914874+02:00,36522149,Primera Division,Uruguay,Montevideo City Torque,CA Penarol Montevideo,2026-09-30T23:00:00+00:00,51.5681,soccer.total_goals,period=ft,under,total=3,1.41
2026-10-01T00:08:25.914874+02:00,36522149,Primera Division,Uruguay,Montevideo City Torque,CA Penarol Montevideo,2026-09-30T23:00:00+00:00,51.5681,soccer.total_goals,period=ft,over,total=3.5,3.55
2026-10-01T00:08:25.914874+02:00,36522149,Primera Division,Uruguay,Montevideo City Torque,CA Penarol Montevideo,2026-09-30T23:00:00+00:00,51.5681,soccer.total_goals,period=ft,under,total=3.5,1.28
2026-10-01T00:08:25.914874+02:00,36522149,Primera Division,Uruguay,Montevideo City Torque,CA Penarol Montevideo,2026-09-30T23:00:00+00:00,51.5681,soccer.total_goals,period=ft,over,total=4.5,7.05
2026-10-01T00:08:25.914874+02:00,36522149,Primera Division,Uruguay,Montevideo City Torque,CA Penarol Montevideo,2026-09-30T23:00:00+00:00,51.5681,soccer.total_goals,period=ft,under,total=4.5,1.09
2026-10-01T00:08:25.914874+02:00,36561004,Copa Paraguay,Paraguay,Cerro Porteno,Rubio Nu,2026-09-30T22:30:00+00:00,21.5681,soccer.asian_handicap,period=ft,home,handicap=-1,1.79
2026-10-01T00:08:25.914874+02:00,36561004,Copa Paraguay,Paraguay,Cerro Porteno,Rubio Nu,2026-09-30T22:30:00+00:00,21.5681,soccer.asian_handicap,period=ft,away,handicap=-1,1.9
2026-10-01T00:08:25.914874+02:00,36561004,Copa Paraguay,Paraguay,Cerro Porteno,Rubio Nu,2026-09-30T22:30:00+00:00,21.5681,soccer.asian_handicap,period=ft,home,handicap=-1.75,2.85
2026-10-01T00:08:25.914874+02:00,36561004,Copa Paraguay,Paraguay,Cerro Porteno,Rubio Nu,2026-09-30T22:30:00+00:00,21.5681,soccer.asian_handicap,period=ft,away,handicap=-1.75,1.33
2026-10-01T00:08:25.914874+02:00,36561004,Copa Paraguay,Paraguay,Cerro Porteno,Rubio Nu,2026-09-30T22:30:00+00:00,21.5681,soccer.asian_handicap,period=ft,home,handicap=-1.5,2.35
2026-10-01T00:08:25.914874+02:00,36561004,Copa Paraguay,Paraguay,Cerro Porteno,Rubio Nu,2026-09-30T22:30:00+00:00,21.5681,soccer.asian_handicap,period=ft,away,handicap=-1.5,1.48
2026-10-01T00:08:25.914874+02:00,36561004,Copa Paraguay,Paraguay,Cerro Porteno,Rubio Nu,2026-09-30T22:30:00+00:00,21.5681,soccer.asian_handicap,period=ft,home,handicap=-1.25,2.08
2026-10-01T00:08:25.914874+02:00,36561004,Copa Paraguay,Paraguay,Cerro Porteno,Rubio Nu,2026-09-30T22:30:00+00:00,21.5681,soccer.asian_handicap,period=ft,away,handicap=-1.25,1.64
2026-10-01T00:08:25.914874+02:00,36561004,Copa Paraguay,Paraguay,Cerro Porteno,Rubio Nu,2026-09-30T22:30:00+00:00,21.5681,soccer.asian_handicap,period=ft,home,handicap=-0.75,1.56
2026-10-01T00:08:25.914874+02:00,36561004,Copa Paraguay,Paraguay,Cerro Porteno,Rubio Nu,2026-09-30T22:30:00+00:00,21.5681,soccer.asian_handicap,period=ft,away,handicap=-0.75,2.2
2026-10-01T00:08:25.914874+02:00,36561004,Copa Paraguay,Paraguay,Cerro Porteno,Rubio Nu,2026-09-30T22:30:00+00:00,21.5681,soccer.asian_handicap,period=ft,home,handicap=-0.5,1.43
2026-10-01T00:08:25.914874+02:00,36561004,Copa Paraguay,Paraguay,Cerro Porteno,Rubio Nu,2026-09-30T22:30:00+00:00,21.5681,soccer.asian_handicap,period=ft,away,handicap=-0.5,2.45
2026-10-01T00:08:25.914874+02:00,36561004,Copa Paraguay,Paraguay,Cerro Porteno,Rubio Nu,2026-09-30T22:30:00+00:00,21.5681,soccer.asian_handicap,period=ft,home,handicap=-0.25,1.27
2026-10-01T00:08:25.914874+02:00,36561004,Copa Paraguay,Paraguay,Cerro Porteno,Rubio Nu,2026-09-30T22:30:00+00:00,21.5681,soccer.asian_handicap,period=ft,away,handicap=-0.25,3.15
2026-10-01T00:08:25.914874+02:00,36561004,Copa Paraguay,Paraguay,Cerro Porteno,Rubio Nu,2026-09-30T22:30:00+00:00,21.5681,soccer.double_chance,period=ft,draw_away,,2.45
2026-10-01T00:08:25.914874+02:00,36561004,Copa Paraguay,Paraguay,Cerro Porteno,Rubio Nu,2026-09-30T22:30:00+00:00,21.5681,soccer.double_chance,period=ft,home_away,,1.24
2026-10-01T00:08:25.914874+02:00,36561004,Copa Paraguay,Paraguay,Cerro Porteno,Rubio Nu,2026-09-30T22:30:00+00:00,21.5681,soccer.double_chance,period=ft,home_draw,,1.13
2026-10-01T00:08:25.914874+02:00,36561004,Copa Paraguay,Paraguay,Cerro Porteno,Rubio Nu,2026-09-30T22:30:00+00:00,21.5681,soccer.match_odds,period=ft,home,,1.44
2026-10-01T00:08:25.914874+02:00,36561004,Copa Paraguay,Paraguay,Cerro Porteno,Rubio Nu,2026-09-30T22:30:00+00:00,21.5681,soccer.match_odds,period=ft,draw,,3.7
2026-10-01T00:08:25.914874+02:00,36561004,Copa Paraguay,Paraguay,Cerro Porteno,Rubio Nu,2026-09-30T22:30:00+00:00,21.5681,soccer.match_odds,period=ft,away,,6.1
2026-10-01T00:08:25.914874+02:00,36561004,Copa Paraguay,Paraguay,Cerro Porteno,Rubio Nu,2026-09-30T22:30:00+00:00,21.5681,soccer.total_goals,period=ft,over,total=2.25,1.76
2026-10-01T00:08:25.914874+02:00,36561004,Copa Paraguay,Paraguay,Cerro Porteno,Rubio Nu,2026-09-30T22:30:00+00:00,21.5681,soccer.total_goals,period=ft,under,total=2.25,1.94
2026-10-01T00:08:25.914874+02:00,36561004,Copa Paraguay,Paraguay,Cerro Porteno,Rubio Nu,2026-09-30T22:30:00+00:00,21.5681,soccer.total_goals,period=ft,over,total=1.5,1.29
2026-10-01T00:08:25.914874+02:00,36561004,Copa Paraguay,Paraguay,Cerro Porteno,Rubio Nu,2026-09-30T22:30:00+00:00,21.5681,soccer.total_goals,period=ft,under,total=1.5,3.05
2026-10-01T00:08:25.914874+02:00,36561004,Copa Paraguay,Paraguay,Cerro Porteno,Rubio Nu,2026-09-30T22:30:00+00:00,21.5681,soccer.total_goals,period=ft,over,total=1.75,1.36
2026-10-01T00:08:25.914874+02:00,36561004,Copa Paraguay,Paraguay,Cerro Porteno,Rubio Nu,2026-09-30T22:30:00+00:00,21.5681,soccer.total_goals,period=ft,under,total=1.75,2.7
2026-10-01T00:08:25.914874+02:00,36561004,Copa Paraguay,Paraguay,Cerro Porteno,Rubio Nu,2026-09-30T22:30:00+00:00,21.5681,soccer.total_goals,period=ft,over,total=2,1.49
2026-10-01T00:08:25.914874+02:00,36561004,Copa Paraguay,Paraguay,Cerro Porteno,Rubio Nu,2026-09-30T22:30:00+00:00,21.5681,soccer.total_goals,period=ft,under,total=2,2.35
2026-10-01T00:08:25.914874+02:00,36561004,Copa Paraguay,Paraguay,Cerro Porteno,Rubio Nu,2026-09-30T22:30:00+00:00,21.5681,soccer.total_goals,period=ft,over,total=2.5,2.0
2026-10-01T00:08:25.914874+02:00,36561004,Copa Paraguay,Paraguay,Cerro Porteno,Rubio Nu,2026-09-30T22:30:00+00:00,21.5681,soccer.total_goals,period=ft,under,total=2.5,1.69
2026-10-01T00:08:25.914874+02:00,36561004,Copa Paraguay,Paraguay,Cerro Porteno,Rubio Nu,2026-09-30T22:30:00+00:00,21.5681,soccer.total_goals,period=ft,over,total=2.75,2.25
2026-10-01T00:08:25.914874+02:00,36561004,Copa Paraguay,Paraguay,Cerro Porteno,Rubio Nu,2026-09-30T22:30:00+00:00,21.5681,soccer.total_goals,period=ft,under,total=2.75,1.51
2026-10-01T00:08:25.914874+02:00,36561004,Copa Paraguay,Paraguay,Cerro Porteno,Rubio Nu,2026-09-30T22:30:00+00:00,21.5681,soccer.total_goals,period=ft,over,total=3,2.8
2026-10-01T00:08:25.914874+02:00,36561004,Copa Paraguay,Paraguay,Cerro Porteno,Rubio Nu,2026-09-30T22:30:00+00:00,21.5681,soccer.total_goals,period=ft,under,total=3,1.34
2026-10-01T00:08:25.914874+02:00,36521470,USL Championship,USA,LIU Brooklyn,Detroit City FC,2026-09-30T23:00:00+00:00,51.5681,soccer.asian_handicap,period=ft,home,handicap=0.25,1.9
2026-10-01T00:08:25.914874+02:00,36521470,USL Championship,USA,LIU Brooklyn,Detroit City FC,2026-09-30T23:00:00+00:00,51.5681,soccer.asian_handicap,period=ft,away,handicap=0.25,1.9
2026-10-01T00:08:25.914874+02:00,36521470,USL Championship,USA,LIU Brooklyn,Detroit City FC,2026-09-30T23:00:00+00:00,51.5681,soccer.asian_handicap,period=ft,home,handicap=-0.75,4.15
2026-10-01T00:08:25.914874+02:00,36521470,USL Championship,USA,LIU Brooklyn,Detroit City FC,2026-09-30T23:00:00+00:00,51.5681,soccer.asian_handicap,period=ft,away,handicap=-0.75,1.21
2026-10-01T00:08:25.914874+02:00,36521470,USL Championship,USA,LIU Brooklyn,Detroit City FC,2026-09-30T23:00:00+00:00,51.5681,soccer.asian_handicap,period=ft,home,handicap=-0.5,3.2
2026-10-01T00:08:25.914874+02:00,36521470,USL Championship,USA,LIU Brooklyn,Detroit City FC,2026-09-30T23:00:00+00:00,51.5681,soccer.asian_handicap,period=ft,away,handicap=-0.5,1.33
2026-10-01T00:08:25.914874+02:00,36521470,USL Championship,USA,LIU Brooklyn,Detroit City FC,2026-09-30T23:00:00+00:00,51.5681,soccer.asian_handicap,period=ft,home,handicap=-0.25,2.8
2026-10-01T00:08:25.914874+02:00,36521470,USL Championship,USA,LIU Brooklyn,Detroit City FC,2026-09-30T23:00:00+00:00,51.5681,soccer.asian_handicap,period=ft,away,handicap=-0.25,1.43
2026-10-01T00:08:25.914874+02:00,36521470,USL Championship,USA,LIU Brooklyn,Detroit City FC,2026-09-30T23:00:00+00:00,51.5681,soccer.asian_handicap,period=ft,home,handicap=0,2.35
2026-10-01T00:08:25.914874+02:00,36521470,USL Championship,USA,LIU Brooklyn,Detroit City FC,2026-09-30T23:00:00+00:00,51.5681,soccer.asian_handicap,period=ft,away,handicap=0,1.59
2026-10-01T00:08:25.914874+02:00,36521470,USL Championship,USA,LIU Brooklyn,Detroit City FC,2026-09-30T23:00:00+00:00,51.5681,soccer.asian_handicap,period=ft,home,handicap=0.5,1.65
2026-10-01T00:08:25.914874+02:00,36521470,USL Championship,USA,LIU Brooklyn,Detroit City FC,2026-09-30T23:00:00+00:00,51.5681,soccer.asian_handicap,period=ft,away,handicap=0.5,2.2
2026-10-01T00:08:25.914874+02:00,36521470,USL Championship,USA,LIU Brooklyn,Detroit City FC,2026-09-30T23:00:00+00:00,51.5681,soccer.asian_handicap,period=ft,home,handicap=0.75,1.48
2026-10-01T00:08:25.914874+02:00,36521470,USL Championship,USA,LIU Brooklyn,Detroit City FC,2026-09-30T23:00:00+00:00,51.5681,soccer.asian_handicap,period=ft,away,handicap=0.75,2.6
2026-10-01T00:08:25.914874+02:00,36521470,USL Championship,USA,LIU Brooklyn,Detroit City FC,2026-09-30T23:00:00+00:00,51.5681,soccer.asian_handicap,period=ft,home,handicap=1,1.3
2026-10-01T00:08:25.914874+02:00,36521470,USL Championship,USA,LIU Brooklyn,Detroit City FC,2026-09-30T23:00:00+00:00,51.5681,soccer.asian_handicap,period=ft,away,handicap=1,3.4
2026-10-01T00:08:25.914874+02:00,36521470,USL Championship,USA,LIU Brooklyn,Detroit City FC,2026-09-30T23:00:00+00:00,51.5681,soccer.asian_handicap,period=ft,home,handicap=1.25,1.24
2026-10-01T00:08:25.914874+02:00,36521470,USL Championship,USA,LIU Brooklyn,Detroit City FC,2026-09-30T23:00:00+00:00,51.5681,soccer.asian_handicap,period=ft,away,handicap=1.25,3.85
2026-10-01T00:08:25.914874+02:00,36521470,USL Championship,USA,LIU Brooklyn,Detroit City FC,2026-09-30T23:00:00+00:00,51.5681,soccer.double_chance,period=ft,draw_away,,1.29
2026-10-01T00:08:25.914874+02:00,36521470,USL Championship,USA,LIU Brooklyn,Detroit City FC,2026-09-30T23:00:00+00:00,51.5681,soccer.double_chance,period=ft,home_away,,1.3
2026-10-01T00:08:25.914874+02:00,36521470,USL Championship,USA,LIU Brooklyn,Detroit City FC,2026-09-30T23:00:00+00:00,51.5681,soccer.double_chance,period=ft,home_draw,,1.58
2026-10-01T00:08:25.914874+02:00,36521470,USL Championship,USA,LIU Brooklyn,Detroit City FC,2026-09-30T23:00:00+00:00,51.5681,soccer.match_odds,period=ft,home,,3.2
2026-10-01T00:08:25.914874+02:00,36521470,USL Championship,USA,LIU Brooklyn,Detroit City FC,2026-09-30T23:00:00+00:00,51.5681,soccer.match_odds,period=ft,draw,,3.3
2026-10-01T00:08:25.914874+02:00,36521470,USL Championship,USA,LIU Brooklyn,Detroit City FC,2026-09-30T23:00:00+00:00,51.5681,soccer.match_odds,period=ft,away,,2.2
2026-10-01T00:08:25.914874+02:00,36521470,USL Championship,USA,LIU Brooklyn,Detroit City FC,2026-09-30T23:00:00+00:00,51.5681,soccer.total_goals,period=ft,over,total=2.25,1.83
2026-10-01T00:08:25.914874+02:00,36521470,USL Championship,USA,LIU Brooklyn,Detroit City FC,2026-09-30T23:00:00+00:00,51.5681,soccer.total_goals,period=ft,under,total=2.25,1.96
2026-10-01T00:08:25.914874+02:00,36521470,USL Championship,USA,LIU Brooklyn,Detroit City FC,2026-09-30T23:00:00+00:00,51.5681,soccer.total_goals,period=ft,over,total=1.5,1.33
2026-10-01T00:08:25.914874+02:00,36521470,USL Championship,USA,LIU Brooklyn,Detroit City FC,2026-09-30T23:00:00+00:00,51.5681,soccer.total_goals,period=ft,under,total=1.5,3.1
2026-10-01T00:08:25.914874+02:00,36521470,USL Championship,USA,LIU Brooklyn,Detroit City FC,2026-09-30T23:00:00+00:00,51.5681,soccer.total_goals,period=ft,over,total=1.75,1.42
2026-10-01T00:08:25.914874+02:00,36521470,USL Championship,USA,LIU Brooklyn,Detroit City FC,2026-09-30T23:00:00+00:00,51.5681,soccer.total_goals,period=ft,under,total=1.75,2.75
2026-10-01T00:08:25.914874+02:00,36521470,USL Championship,USA,LIU Brooklyn,Detroit City FC,2026-09-30T23:00:00+00:00,51.5681,soccer.total_goals,period=ft,over,total=2,1.56
2026-10-01T00:08:25.914874+02:00,36521470,USL Championship,USA,LIU Brooklyn,Detroit City FC,2026-09-30T23:00:00+00:00,51.5681,soccer.total_goals,period=ft,under,total=2,2.35
2026-10-01T00:08:25.914874+02:00,36521470,USL Championship,USA,LIU Brooklyn,Detroit City FC,2026-09-30T23:00:00+00:00,51.5681,soccer.total_goals,period=ft,over,total=2.5,2.09
2026-10-01T00:08:25.914874+02:00,36521470,USL Championship,USA,LIU Brooklyn,Detroit City FC,2026-09-30T23:00:00+00:00,51.5681,soccer.total_goals,period=ft,under,total=2.5,1.72
2026-10-01T00:08:25.914874+02:00,36521470,USL Championship,USA,LIU Brooklyn,Detroit City FC,2026-09-30T23:00:00+00:00,51.5681,soccer.total_goals,period=ft,over,total=2.75,2.4
2026-10-01T00:08:25.914874+02:00,36521470,USL Championship,USA,LIU Brooklyn,Detroit City FC,2026-09-30T23:00:00+00:00,51.5681,soccer.total_goals,period=ft,under,total=2.75,1.54
2026-10-01T00:08:25.914874+02:00,36521470,USL Championship,USA,LIU Brooklyn,Detroit City FC,2026-09-30T23:00:00+00:00,51.5681,soccer.total_goals,period=ft,over,total=3.5,3.65
2026-10-01T00:08:25.914874+02:00,36521470,USL Championship,USA,LIU Brooklyn,Detroit City FC,2026-09-30T23:00:00+00:00,51.5681,soccer.total_goals,period=ft,under,total=3.5,1.26
2026-10-01T00:08:25.914874+02:00,36521466,USL Championship,USA,Miami FC,Sporting Jax,2026-09-30T23:00:00+00:00,51.5681,soccer.asian_handicap,period=ft,home,handicap=-1.25,2.0
2026-10-01T00:08:25.914874+02:00,36521466,USL Championship,USA,Miami FC,Sporting Jax,2026-09-30T23:00:00+00:00,51.5681,soccer.asian_handicap,period=ft,away,handicap=-1.25,1.82
2026-10-01T00:08:25.914874+02:00,36521466,USL Championship,USA,Miami FC,Sporting Jax,2026-09-30T23:00:00+00:00,51.5681,soccer.asian_handicap,period=ft,home,handicap=-2.25,3.65
2026-10-01T00:08:25.914874+02:00,36521466,USL Championship,USA,Miami FC,Sporting Jax,2026-09-30T23:00:00+00:00,51.5681,soccer.asian_handicap,period=ft,away,handicap=-2.25,1.27
2026-10-01T00:08:25.914874+02:00,36521466,USL Championship,USA,Miami FC,Sporting Jax,2026-09-30T23:00:00+00:00,51.5681,soccer.asian_handicap,period=ft,home,handicap=-2,3.25
2026-10-01T00:08:25.914874+02:00,36521466,USL Championship,USA,Miami FC,Sporting Jax,2026-09-30T23:00:00+00:00,51.5681,soccer.asian_handicap,period=ft,away,handicap=-2,1.32
2026-10-01T00:08:25.914874+02:00,36521466,USL Championship,USA,Miami FC,Sporting Jax,2026-09-30T23:00:00+00:00,51.5681,soccer.asian_handicap,period=ft,home,handicap=-1.75,2.6
2026-10-01T00:08:25.914874+02:00,36521466,USL Championship,USA,Miami FC,Sporting Jax,2026-09-30T23:00:00+00:00,51.5681,soccer.asian_handicap,period=ft,away,handicap=-1.75,1.49
2026-10-01T00:08:25.914874+02:00,36521466,USL Championship,USA,Miami FC,Sporting Jax,2026-09-30T23:00:00+00:00,51.5681,soccer.asian_handicap,period=ft,home,handicap=-1.5,2.2
2026-10-01T00:08:25.914874+02:00,36521466,USL Championship,USA,Miami FC,Sporting Jax,2026-09-30T23:00:00+00:00,51.5681,soccer.asian_handicap,period=ft,away,handicap=-1.5,1.65
2026-10-01T00:08:25.914874+02:00,36521466,USL Championship,USA,Miami FC,Sporting Jax,2026-09-30T23:00:00+00:00,51.5681,soccer.asian_handicap,period=ft,home,handicap=-1,1.74
2026-10-01T00:08:25.914874+02:00,36521466,USL Championship,USA,Miami FC,Sporting Jax,2026-09-30T23:00:00+00:00,51.5681,soccer.asian_handicap,period=ft,away,handicap=-1,2.07
2026-10-01T00:08:25.914874+02:00,36521466,USL Championship,USA,Miami FC,Sporting Jax,2026-09-30T23:00:00+00:00,51.5681,soccer.asian_handicap,period=ft,home,handicap=-0.75,1.58
2026-10-01T00:08:25.914874+02:00,36521466,USL Championship,USA,Miami FC,Sporting Jax,2026-09-30T23:00:00+00:00,51.5681,soccer.asian_handicap,period=ft,away,handicap=-0.75,2.3
2026-10-01T00:08:25.914874+02:00,36521466,USL Championship,USA,Miami FC,Sporting Jax,2026-09-30T23:00:00+00:00,51.5681,soccer.asian_handicap,period=ft,home,handicap=-0.5,1.47
2026-10-01T00:08:25.914874+02:00,36521466,USL Championship,USA,Miami FC,Sporting Jax,2026-09-30T23:00:00+00:00,51.5681,soccer.asian_handicap,period=ft,away,handicap=-0.5,2.6
2026-10-01T00:08:25.914874+02:00,36521466,USL Championship,USA,Miami FC,Sporting Jax,2026-09-30T23:00:00+00:00,51.5681,soccer.asian_handicap,period=ft,home,handicap=-0.25,1.32
2026-10-01T00:08:25.914874+02:00,36521466,USL Championship,USA,Miami FC,Sporting Jax,2026-09-30T23:00:00+00:00,51.5681,soccer.asian_handicap,period=ft,away,handicap=-0.25,3.25
2026-10-01T00:08:25.914874+02:00,36521466,USL Championship,USA,Miami FC,Sporting Jax,2026-09-30T23:00:00+00:00,51.5681,soccer.double_chance,period=ft,draw_away,,2.2
2026-10-01T00:08:25.914874+02:00,36521466,USL Championship,USA,Miami FC,Sporting Jax,2026-09-30T23:00:00+00:00,51.5681,soccer.double_chance,period=ft,home_away,,1.17
2026-10-01T00:08:25.914874+02:00,36521466,USL Championship,USA,Miami FC,Sporting Jax,2026-09-30T23:00:00+00:00,51.5681,soccer.double_chance,period=ft,home_draw,,1.14
2026-10-01T00:08:25.914874+02:00,36521466,USL Championship,USA,Miami FC,Sporting Jax,2026-09-30T23:00:00+00:00,51.5681,soccer.match_odds,period=ft,home,,1.48
2026-10-01T00:08:25.914874+02:00,36521466,USL Championship,USA,Miami FC,Sporting Jax,2026-09-30T23:00:00+00:00,51.5681,soccer.match_odds,period=ft,draw,,4.35
2026-10-01T00:08:25.914874+02:00,36521466,USL Championship,USA,Miami FC,Sporting Jax,2026-09-30T23:00:00+00:00,51.5681,soccer.match_odds,period=ft,away,,6.0
2026-10-01T00:08:25.914874+02:00,36521466,USL Championship,USA,Miami FC,Sporting Jax,2026-09-30T23:00:00+00:00,51.5681,soccer.total_goals,period=ft,over,total=3.5,2.0
2026-10-01T00:08:25.914874+02:00,36521466,USL Championship,USA,Miami FC,Sporting Jax,2026-09-30T23:00:00+00:00,51.5681,soccer.total_goals,period=ft,under,total=3.5,1.8
2026-10-01T00:08:25.914874+02:00,36521466,USL Championship,USA,Miami FC,Sporting Jax,2026-09-30T23:00:00+00:00,51.5681,soccer.total_goals,period=ft,over,total=1.5,1.1
2026-10-01T00:08:25.914874+02:00,36521466,USL Championship,USA,Miami FC,Sporting Jax,2026-09-30T23:00:00+00:00,51.5681,soccer.total_goals,period=ft,under,total=1.5,6.3
2026-10-01T00:08:25.914874+02:00,36521466,USL Championship,USA,Miami FC,Sporting Jax,2026-09-30T23:00:00+00:00,51.5681,soccer.total_goals,period=ft,over,total=2.5,1.39
2026-10-01T00:08:25.914874+02:00,36521466,USL Championship,USA,Miami FC,Sporting Jax,2026-09-30T23:00:00+00:00,51.5681,soccer.total_goals,period=ft,under,total=2.5,2.85
2026-10-01T00:08:25.914874+02:00,36521466,USL Championship,USA,Miami FC,Sporting Jax,2026-09-30T23:00:00+00:00,51.5681,soccer.total_goals,period=ft,over,total=3,1.59
2026-10-01T00:08:25.914874+02:00,36521466,USL Championship,USA,Miami FC,Sporting Jax,2026-09-30T23:00:00+00:00,51.5681,soccer.total_goals,period=ft,under,total=3,2.3
2026-10-01T00:08:25.914874+02:00,36521466,USL Championship,USA,Miami FC,Sporting Jax,2026-09-30T23:00:00+00:00,51.5681,soccer.total_goals,period=ft,over,total=3.25,1.79
2026-10-01T00:08:25.914874+02:00,36521466,USL Championship,USA,Miami FC,Sporting Jax,2026-09-30T23:00:00+00:00,51.5681,soccer.total_goals,period=ft,under,total=3.25,2.0
2026-10-01T00:08:25.914874+02:00,36521466,USL Championship,USA,Miami FC,Sporting Jax,2026-09-30T23:00:00+00:00,51.5681,soccer.total_goals,period=ft,over,total=3.75,2.25
2026-10-01T00:08:25.914874+02:00,36521466,USL Championship,USA,Miami FC,Sporting Jax,2026-09-30T23:00:00+00:00,51.5681,soccer.total_goals,period=ft,under,total=3.75,1.62
2026-10-01T00:08:25.914874+02:00,36521466,USL Championship,USA,Miami FC,Sporting Jax,2026-09-30T23:00:00+00:00,51.5681,soccer.total_goals,period=ft,over,total=4,2.7
2026-10-01T00:08:25.914874+02:00,36521466,USL Championship,USA,Miami FC,Sporting Jax,2026-09-30T23:00:00+00:00,51.5681,soccer.total_goals,period=ft,under,total=4,1.44
2026-10-01T00:08:25.914874+02:00,36521466,USL Championship,USA,Miami FC,Sporting Jax,2026-09-30T23:00:00+00:00,51.5681,soccer.total_goals,period=ft,over,total=4.5,3.3
2026-10-01T00:08:25.914874+02:00,36521466,USL Championship,USA,Miami FC,Sporting Jax,2026-09-30T23:00:00+00:00,51.5681,soccer.total_goals,period=ft,under,total=4.5,1.3
2026-10-01T00:08:25.914874+02:00,36521466,USL Championship,USA,Miami FC,Sporting Jax,2026-09-30T23:00:00+00:00,51.5681,soccer.total_goals,period=ft,over,total=5.5,5.95
2026-10-01T00:08:25.914874+02:00,36521466,USL Championship,USA,Miami FC,Sporting Jax,2026-09-30T23:00:00+00:00,51.5681,soccer.total_goals,period=ft,under,total=5.5,1.11
2026-10-01T00:08:25.914874+02:00,36521471,USL Championship,USA,Rhode Island FC,Indy Eleven,2026-09-30T23:30:00+00:00,81.5681,soccer.asian_handicap,period=ft,home,handicap=-0.5,1.85
2026-10-01T00:08:25.914874+02:00,36521471,USL Championship,USA,Rhode Island FC,Indy Eleven,2026-09-30T23:30:00+00:00,81.5681,soccer.asian_handicap,period=ft,away,handicap=-0.5,1.96
2026-10-01T00:08:25.914874+02:00,36521471,USL Championship,USA,Rhode Island FC,Indy Eleven,2026-09-30T23:30:00+00:00,81.5681,soccer.asian_handicap,period=ft,home,handicap=-1.5,3.2
2026-10-01T00:08:25.914874+02:00,36521471,USL Championship,USA,Rhode Island FC,Indy Eleven,2026-09-30T23:30:00+00:00,81.5681,soccer.asian_handicap,period=ft,away,handicap=-1.5,1.33
2026-10-01T00:08:25.914874+02:00,36521471,USL Championship,USA,Rhode Island FC,Indy Eleven,2026-09-30T23:30:00+00:00,81.5681,soccer.asian_handicap,period=ft,home,handicap=-1.25,2.85
2026-10-01T00:08:25.914874+02:00,36521471,USL Championship,USA,Rhode Island FC,Indy Eleven,2026-09-30T23:30:00+00:00,81.5681,soccer.asian_handicap,period=ft,away,handicap=-1.25,1.4
2026-10-01T00:08:25.914874+02:00,36521471,USL Championship,USA,Rhode Island FC,Indy Eleven,2026-09-30T23:30:00+00:00,81.5681,soccer.asian_handicap,period=ft,home,handicap=-1,2.5
2026-10-01T00:08:25.914874+02:00,36521471,USL Championship,USA,Rhode Island FC,Indy Eleven,2026-09-30T23:30:00+00:00,81.5681,soccer.asian_handicap,period=ft,away,handicap=-1,1.51
2026-10-01T00:08:25.914874+02:00,36521471,USL Championship,USA,Rhode Island FC,Indy Eleven,2026-09-30T23:30:00+00:00,81.5681,soccer.asian_handicap,period=ft,home,handicap=-0.75,2.09
2026-10-01T00:08:25.914874+02:00,36521471,USL Championship,USA,Rhode Island FC,Indy Eleven,2026-09-30T23:30:00+00:00,81.5681,soccer.asian_handicap,period=ft,away,handicap=-0.75,1.73
2026-10-01T00:08:25.914874+02:00,36521471,USL Championship,USA,Rhode Island FC,Indy Eleven,2026-09-30T23:30:00+00:00,81.5681,soccer.asian_handicap,period=ft,home,handicap=-0.25,1.63
2026-10-01T00:08:25.914874+02:00,36521471,USL Championship,USA,Rhode Island FC,Indy Eleven,2026-09-30T23:30:00+00:00,81.5681,soccer.asian_handicap,period=ft,away,handicap=-0.25,2.25
2026-10-01T00:08:25.914874+02:00,36521471,USL Championship,USA,Rhode Island FC,Indy Eleven,2026-09-30T23:30:00+00:00,81.5681,soccer.asian_handicap,period=ft,home,handicap=0,1.43
2026-10-01T00:08:25.914874+02:00,36521471,USL Championship,USA,Rhode Island FC,Indy Eleven,2026-09-30T23:30:00+00:00,81.5681,soccer.asian_handicap,period=ft,away,handicap=0,2.8
2026-10-01T00:08:25.914874+02:00,36521471,USL Championship,USA,Rhode Island FC,Indy Eleven,2026-09-30T23:30:00+00:00,81.5681,soccer.asian_handicap,period=ft,home,handicap=0.25,1.34
2026-10-01T00:08:25.914874+02:00,36521471,USL Championship,USA,Rhode Island FC,Indy Eleven,2026-09-30T23:30:00+00:00,81.5681,soccer.asian_handicap,period=ft,away,handicap=0.25,3.15
2026-10-01T00:08:25.914874+02:00,36521471,USL Championship,USA,Rhode Island FC,Indy Eleven,2026-09-30T23:30:00+00:00,81.5681,soccer.asian_handicap,period=ft,home,handicap=0.5,1.28
2026-10-01T00:08:25.914874+02:00,36521471,USL Championship,USA,Rhode Island FC,Indy Eleven,2026-09-30T23:30:00+00:00,81.5681,soccer.asian_handicap,period=ft,away,handicap=0.5,3.55
2026-10-01T00:08:25.914874+02:00,36521471,USL Championship,USA,Rhode Island FC,Indy Eleven,2026-09-30T23:30:00+00:00,81.5681,soccer.double_chance,period=ft,draw_away,,1.72
2026-10-01T00:08:25.914874+02:00,36521471,USL Championship,USA,Rhode Island FC,Indy Eleven,2026-09-30T23:30:00+00:00,81.5681,soccer.double_chance,period=ft,home_away,,1.23
2026-10-01T00:08:25.914874+02:00,36521471,USL Championship,USA,Rhode Island FC,Indy Eleven,2026-09-30T23:30:00+00:00,81.5681,soccer.double_chance,period=ft,home_draw,,1.24
2026-10-01T00:08:25.914874+02:00,36521471,USL Championship,USA,Rhode Island FC,Indy Eleven,2026-09-30T23:30:00+00:00,81.5681,soccer.match_odds,period=ft,home,,1.84
2026-10-01T00:08:25.914874+02:00,36521471,USL Championship,USA,Rhode Island FC,Indy Eleven,2026-09-30T23:30:00+00:00,81.5681,soccer.match_odds,period=ft,draw,,4.1
2026-10-01T00:08:25.914874+02:00,36521471,USL Championship,USA,Rhode Island FC,Indy Eleven,2026-09-30T23:30:00+00:00,81.5681,soccer.match_odds,period=ft,away,,3.55
2026-10-01T00:08:25.914874+02:00,36521471,USL Championship,USA,Rhode Island FC,Indy Eleven,2026-09-30T23:30:00+00:00,81.5681,soccer.total_goals,period=ft,over,total=2.75,1.8
2026-10-01T00:08:25.914874+02:00,36521471,USL Championship,USA,Rhode Island FC,Indy Eleven,2026-09-30T23:30:00+00:00,81.5681,soccer.total_goals,period=ft,under,total=2.75,2.0
2026-10-01T00:08:25.914874+02:00,36521471,USL Championship,USA,Rhode Island FC,Indy Eleven,2026-09-30T23:30:00+00:00,81.5681,soccer.total_goals,period=ft,over,total=1.5,1.19
2026-10-01T00:08:25.914874+02:00,36521471,USL Championship,USA,Rhode Island FC,Indy Eleven,2026-09-30T23:30:00+00:00,81.5681,soccer.total_goals,period=ft,under,total=1.5,4.35
2026-10-01T00:08:25.914874+02:00,36521471,USL Championship,USA,Rhode Island FC,Indy Eleven,2026-09-30T23:30:00+00:00,81.5681,soccer.total_goals,period=ft,over,total=2.25,1.46
2026-10-01T00:08:25.914874+02:00,36521471,USL Championship,USA,Rhode Island FC,Indy Eleven,2026-09-30T23:30:00+00:00,81.5681,soccer.total_goals,period=ft,under,total=2.25,2.65
2026-10-01T00:08:25.914874+02:00,36521471,USL Championship,USA,Rhode Island FC,Indy Eleven,2026-09-30T23:30:00+00:00,81.5681,soccer.total_goals,period=ft,over,total=2.5,1.64
2026-10-01T00:08:25.914874+02:00,36521471,USL Championship,USA,Rhode Island FC,Indy Eleven,2026-09-30T23:30:00+00:00,81.5681,soccer.total_goals,period=ft,under,total=2.5,2.2
2026-10-01T00:08:25.914874+02:00,36521471,USL Championship,USA,Rhode Island FC,Indy Eleven,2026-09-30T23:30:00+00:00,81.5681,soccer.total_goals,period=ft,over,total=3,2.06
2026-10-01T00:08:25.914874+02:00,36521471,USL Championship,USA,Rhode Island FC,Indy Eleven,2026-09-30T23:30:00+00:00,81.5681,soccer.total_goals,period=ft,under,total=3,1.74
2026-10-01T00:08:25.914874+02:00,36521471,USL Championship,USA,Rhode Island FC,Indy Eleven,2026-09-30T23:30:00+00:00,81.5681,soccer.total_goals,period=ft,over,total=3.25,2.35
2026-10-01T00:08:25.914874+02:00,36521471,USL Championship,USA,Rhode Island FC,Indy Eleven,2026-09-30T23:30:00+00:00,81.5681,soccer.total_goals,period=ft,under,total=3.25,1.57
2026-10-01T00:08:25.914874+02:00,36521471,USL Championship,USA,Rhode Island FC,Indy Eleven,2026-09-30T23:30:00+00:00,81.5681,soccer.total_goals,period=ft,over,total=3.5,2.6
2026-10-01T00:08:25.914874+02:00,36521471,USL Championship,USA,Rhode Island FC,Indy Eleven,2026-09-30T23:30:00+00:00,81.5681,soccer.total_goals,period=ft,under,total=3.5,1.46
2026-10-01T00:08:25.914874+02:00,36521471,USL Championship,USA,Rhode Island FC,Indy Eleven,2026-09-30T23:30:00+00:00,81.5681,soccer.total_goals,period=ft,over,total=4.5,4.8
2026-10-01T00:08:25.914874+02:00,36521471,USL Championship,USA,Rhode Island FC,Indy Eleven,2026-09-30T23:30:00+00:00,81.5681,soccer.total_goals,period=ft,under,total=4.5,1.16
2026-10-01T00:10:40.625964+02:00,36577730,Segunda Division,Venezuela,CD Lara,REAL FRONTERA FC,2026-09-30T23:00:00+00:00,49.3229,soccer.asian_handicap,period=ft,home,handicap=-2.25,1.82
2026-10-01T00:10:40.625964+02:00,36577730,Segunda Division,Venezuela,CD Lara,REAL FRONTERA FC,2026-09-30T23:00:00+00:00,49.3229,soccer.asian_handicap,period=ft,away,handicap=-2.25,1.86
2026-10-01T00:10:40.625964+02:00,36577730,Segunda Division,Venezuela,CD Lara,REAL FRONTERA FC,2026-09-30T23:00:00+00:00,49.3229,soccer.asian_handicap,period=ft,home,handicap=-3,2.8
2026-10-01T00:10:40.625964+02:00,36577730,Segunda Division,Venezuela,CD Lara,REAL FRONTERA FC,2026-09-30T23:00:00+00:00,49.3229,soccer.asian_handicap,period=ft,away,handicap=-3,1.34
2026-10-01T00:10:40.625964+02:00,36577730,Segunda Division,Venezuela,CD Lara,REAL FRONTERA FC,2026-09-30T23:00:00+00:00,49.3229,soccer.asian_handicap,period=ft,home,handicap=-2.75,2.25
2026-10-01T00:10:40.625964+02:00,36577730,Segunda Division,Venezuela,CD Lara,REAL FRONTERA FC,2026-09-30T23:00:00+00:00,49.3229,soccer.asian_handicap,period=ft,away,handicap=-2.75,1.5
2026-10-01T00:10:40.625964+02:00,36577730,Segunda Division,Venezuela,CD Lara,REAL FRONTERA FC,2026-09-30T23:00:00+00:00,49.3229,soccer.asian_handicap,period=ft,home,handicap=-2.5,2.02
2026-10-01T00:10:40.625964+02:00,36577730,Segunda Division,Venezuela,CD Lara,REAL FRONTERA FC,2026-09-30T23:00:00+00:00,49.3229,soccer.asian_handicap,period=ft,away,handicap=-2.5,1.66
2026-10-01T00:10:40.625964+02:00,36577730,Segunda Division,Venezuela,CD Lara,REAL FRONTERA FC,2026-09-30T23:00:00+00:00,49.3229,soccer.asian_handicap,period=ft,home,handicap=-2,1.57
2026-10-01T00:10:40.625964+02:00,36577730,Segunda Division,Venezuela,CD Lara,REAL FRONTERA FC,2026-09-30T23:00:00+00:00,49.3229,soccer.asian_handicap,period=ft,away,handicap=-2,2.17
2026-10-01T00:10:40.625964+02:00,36577730,Segunda Division,Venezuela,CD Lara,REAL FRONTERA FC,2026-09-30T23:00:00+00:00,49.3229,soccer.asian_handicap,period=ft,home,handicap=-1.75,1.44
2026-10-01T00:10:40.625964+02:00,36577730,Segunda Division,Venezuela,CD Lara,REAL FRONTERA FC,2026-09-30T23:00:00+00:00,49.3229,soccer.asian_handicap,period=ft,away,handicap=-1.75,2.4
2026-10-01T00:10:40.625964+02:00,36577730,Segunda Division,Venezuela,CD Lara,REAL FRONTERA FC,2026-09-30T23:00:00+00:00,49.3229,soccer.asian_handicap,period=ft,home,handicap=-1.5,1.35
2026-10-01T00:10:40.625964+02:00,36577730,Segunda Division,Venezuela,CD Lara,REAL FRONTERA FC,2026-09-30T23:00:00+00:00,49.3229,soccer.asian_handicap,period=ft,away,handicap=-1.5,2.7
2026-10-01T00:10:40.625964+02:00,36577730,Segunda Division,Venezuela,CD Lara,REAL FRONTERA FC,2026-09-30T23:00:00+00:00,49.3229,soccer.double_chance,period=ft,draw_away,,5.0
2026-10-01T00:10:40.625964+02:00,36577730,Segunda Division,Venezuela,CD Lara,REAL FRONTERA FC,2026-09-30T23:00:00+00:00,49.3229,soccer.double_chance,period=ft,home_away,,1.07
2026-10-01T00:10:40.625964+02:00,36577730,Segunda Division,Venezuela,CD Lara,REAL FRONTERA FC,2026-09-30T23:00:00+00:00,49.3229,soccer.double_chance,period=ft,home_draw,,1.04
2026-10-01T00:10:40.625964+02:00,36577730,Segunda Division,Venezuela,CD Lara,REAL FRONTERA FC,2026-09-30T23:00:00+00:00,49.3229,soccer.match_odds,period=ft,home,,1.11
2026-10-01T00:10:40.625964+02:00,36577730,Segunda Division,Venezuela,CD Lara,REAL FRONTERA FC,2026-09-30T23:00:00+00:00,49.3229,soccer.match_odds,period=ft,draw,,8.2
2026-10-01T00:10:40.625964+02:00,36577730,Segunda Division,Venezuela,CD Lara,REAL FRONTERA FC,2026-09-30T23:00:00+00:00,49.3229,soccer.match_odds,period=ft,away,,12.0
2026-10-01T00:10:40.625964+02:00,36577730,Segunda Division,Venezuela,CD Lara,REAL FRONTERA FC,2026-09-30T23:00:00+00:00,49.3229,soccer.total_goals,period=ft,over,total=3.25,1.78
2026-10-01T00:10:40.625964+02:00,36577730,Segunda Division,Venezuela,CD Lara,REAL FRONTERA FC,2026-09-30T23:00:00+00:00,49.3229,soccer.total_goals,period=ft,under,total=3.25,1.9
2026-10-01T00:10:40.625964+02:00,36577730,Segunda Division,Venezuela,CD Lara,REAL FRONTERA FC,2026-09-30T23:00:00+00:00,49.3229,soccer.total_goals,period=ft,over,total=2.5,1.33
2026-10-01T00:10:40.625964+02:00,36577730,Segunda Division,Venezuela,CD Lara,REAL FRONTERA FC,2026-09-30T23:00:00+00:00,49.3229,soccer.total_goals,period=ft,under,total=2.5,2.8
2026-10-01T00:10:40.625964+02:00,36577730,Segunda Division,Venezuela,CD Lara,REAL FRONTERA FC,2026-09-30T23:00:00+00:00,49.3229,soccer.total_goals,period=ft,over,total=2.75,1.41
2026-10-01T00:10:40.625964+02:00,36577730,Segunda Division,Venezuela,CD Lara,REAL FRONTERA FC,2026-09-30T23:00:00+00:00,49.3229,soccer.total_goals,period=ft,under,total=2.75,2.5
2026-10-01T00:10:40.625964+02:00,36577730,Segunda Division,Venezuela,CD Lara,REAL FRONTERA FC,2026-09-30T23:00:00+00:00,49.3229,soccer.total_goals,period=ft,over,total=3,1.54
2026-10-01T00:10:40.625964+02:00,36577730,Segunda Division,Venezuela,CD Lara,REAL FRONTERA FC,2026-09-30T23:00:00+00:00,49.3229,soccer.total_goals,period=ft,under,total=3,2.2
2026-10-01T00:10:40.625964+02:00,36577730,Segunda Division,Venezuela,CD Lara,REAL FRONTERA FC,2026-09-30T23:00:00+00:00,49.3229,soccer.total_goals,period=ft,over,total=3.5,1.99
2026-10-01T00:10:40.625964+02:00,36577730,Segunda Division,Venezuela,CD Lara,REAL FRONTERA FC,2026-09-30T23:00:00+00:00,49.3229,soccer.total_goals,period=ft,under,total=3.5,1.69
2026-10-01T00:10:40.625964+02:00,36577730,Segunda Division,Venezuela,CD Lara,REAL FRONTERA FC,2026-09-30T23:00:00+00:00,49.3229,soccer.total_goals,period=ft,over,total=3.75,2.25
2026-10-01T00:10:40.625964+02:00,36577730,Segunda Division,Venezuela,CD Lara,REAL FRONTERA FC,2026-09-30T23:00:00+00:00,49.3229,soccer.total_goals,period=ft,under,total=3.75,1.51
2026-10-01T00:10:40.625964+02:00,36577730,Segunda Division,Venezuela,CD Lara,REAL FRONTERA FC,2026-09-30T23:00:00+00:00,49.3229,soccer.total_goals,period=ft,over,total=4,2.7
2026-10-01T00:10:40.625964+02:00,36577730,Segunda Division,Venezuela,CD Lara,REAL FRONTERA FC,2026-09-30T23:00:00+00:00,49.3229,soccer.total_goals,period=ft,under,total=4,1.35
2026-10-01T00:10:40.625964+02:00,36577752,Brazil Campeonato Paraibano (PB) Division 2,Brazil,Auto EC (PB),Picuiense PB,2026-09-30T23:15:00+00:00,64.3229,soccer.asian_handicap,period=ft,home,handicap=-1.75,1.75
2026-10-01T00:10:40.625964+02:00,36577752,Brazil Campeonato Paraibano (PB) Division 2,Brazil,Auto EC (PB),Picuiense PB,2026-09-30T23:15:00+00:00,64.3229,soccer.asian_handicap,period=ft,away,handicap=-1.75,1.94
2026-10-01T00:10:40.625964+02:00,36577752,Brazil Campeonato Paraibano (PB) Division 2,Brazil,Auto EC (PB),Picuiense PB,2026-09-30T23:15:00+00:00,64.3229,soccer.asian_handicap,period=ft,home,handicap=-2.5,2.45
2026-10-01T00:10:40.625964+02:00,36577752,Brazil Campeonato Paraibano (PB) Division 2,Brazil,Auto EC (PB),Picuiense PB,2026-09-30T23:15:00+00:00,64.3229,soccer.asian_handicap,period=ft,away,handicap=-2.5,1.42
2026-10-01T00:10:40.625964+02:00,36577752,Brazil Campeonato Paraibano (PB) Division 2,Brazil,Auto EC (PB),Picuiense PB,2026-09-30T23:15:00+00:00,64.3229,soccer.asian_handicap,period=ft,home,handicap=-2.25,2.2
2026-10-01T00:10:40.625964+02:00,36577752,Brazil Campeonato Paraibano (PB) Division 2,Brazil,Auto EC (PB),Picuiense PB,2026-09-30T23:15:00+00:00,64.3229,soccer.asian_handicap,period=ft,away,handicap=-2.25,1.52
2026-10-01T00:10:40.625964+02:00,36577752,Brazil Campeonato Paraibano (PB) Division 2,Brazil,Auto EC (PB),Picuiense PB,2026-09-30T23:15:00+00:00,64.3229,soccer.asian_handicap,period=ft,home,handicap=-2,1.99
2026-10-01T00:10:40.625964+02:00,36577752,Brazil Campeonato Paraibano (PB) Division 2,Brazil,Auto EC (PB),Picuiense PB,2026-09-30T23:15:00+00:00,64.3229,soccer.asian_handicap,period=ft,away,handicap=-2,1.69
2026-10-01T00:10:40.625964+02:00,36577752,Brazil Campeonato Paraibano (PB) Division 2,Brazil,Auto EC (PB),Picuiense PB,2026-09-30T23:15:00+00:00,64.3229,soccer.asian_handicap,period=ft,home,handicap=-1.5,1.59
2026-10-01T00:10:40.625964+02:00,36577752,Brazil Campeonato Paraibano (PB) Division 2,Brazil,Auto EC (PB),Picuiense PB,2026-09-30T23:15:00+00:00,64.3229,soccer.asian_handicap,period=ft,away,handicap=-1.5,2.15
2026-10-01T00:10:40.625964+02:00,36577752,Brazil Campeonato Paraibano (PB) Division 2,Brazil,Auto EC (PB),Picuiense PB,2026-09-30T23:15:00+00:00,64.3229,soccer.asian_handicap,period=ft,home,handicap=-1.25,1.42
2026-10-01T00:10:40.625964+02:00,36577752,Brazil Campeonato Paraibano (PB) Division 2,Brazil,Auto EC (PB),Picuiense PB,2026-09-30T23:15:00+00:00,64.3229,soccer.asian_handicap,period=ft,away,handicap=-1.25,2.45
2026-10-01T00:10:40.625964+02:00,36577752,Brazil Campeonato Paraibano (PB) Division 2,Brazil,Auto EC (PB),Picuiense PB,2026-09-30T23:15:00+00:00,64.3229,soccer.asian_handicap,period=ft,home,handicap=-1,1.27
2026-10-01T00:10:40.625964+02:00,36577752,Brazil Campeonato Paraibano (PB) Division 2,Brazil,Auto EC (PB),Picuiense PB,2026-09-30T23:15:00+00:00,64.3229,soccer.asian_handicap,period=ft,away,handicap=-1,3.1
2026-10-01T00:10:40.625964+02:00,36577752,Brazil Campeonato Paraibano (PB) Division 2,Brazil,Auto EC (PB),Picuiense PB,2026-09-30T23:15:00+00:00,64.3229,soccer.total_goals,period=ft,over,total=3,1.74
2026-10-01T00:10:40.625964+02:00,36577752,Brazil Campeonato Paraibano (PB) Division 2,Brazil,Auto EC (PB),Picuiense PB,2026-09-30T23:15:00+00:00,64.3229,soccer.total_goals,period=ft,under,total=3,1.95
2026-10-01T00:10:40.625964+02:00,36577752,Brazil Campeonato Paraibano (PB) Division 2,Brazil,Auto EC (PB),Picuiense PB,2026-09-30T23:15:00+00:00,64.3229,soccer.total_goals,period=ft,over,total=2.25,1.31
2026-10-01T00:10:40.625964+02:00,36577752,Brazil Campeonato Paraibano (PB) Division 2,Brazil,Auto EC (PB),Picuiense PB,2026-09-30T23:15:00+00:00,64.3229,soccer.total_goals,period=ft,under,total=2.25,2.9
2026-10-01T00:10:40.625964+02:00,36577752,Brazil Campeonato Paraibano (PB) Division 2,Brazil,Auto EC (PB),Picuiense PB,2026-09-30T23:15:00+00:00,64.3229,soccer.total_goals,period=ft,over,total=2.5,1.46
2026-10-01T00:10:40.625964+02:00,36577752,Brazil Campeonato Paraibano (PB) Division 2,Brazil,Auto EC (PB),Picuiense PB,2026-09-30T23:15:00+00:00,64.3229,soccer.total_goals,period=ft,under,total=2.5,2.35
2026-10-01T00:10:40.625964+02:00,36577752,Brazil Campeonato Paraibano (PB) Division 2,Brazil,Auto EC (PB),Picuiense PB,2026-09-30T23:15:00+00:00,64.3229,soccer.total_goals,period=ft,over,total=2.75,1.57
2026-10-01T00:10:40.625964+02:00,36577752,Brazil Campeonato Paraibano (PB) Division 2,Brazil,Auto EC (PB),Picuiense PB,2026-09-30T23:15:00+00:00,64.3229,soccer.total_goals,period=ft,under,total=2.75,2.17
2026-10-01T00:10:40.625964+02:00,36577752,Brazil Campeonato Paraibano (PB) Division 2,Brazil,Auto EC (PB),Picuiense PB,2026-09-30T23:15:00+00:00,64.3229,soccer.total_goals,period=ft,over,total=3.25,1.96
2026-10-01T00:10:40.625964+02:00,36577752,Brazil Campeonato Paraibano (PB) Division 2,Brazil,Auto EC (PB),Picuiense PB,2026-09-30T23:15:00+00:00,64.3229,soccer.total_goals,period=ft,under,total=3.25,1.71
2026-10-01T00:10:40.625964+02:00,36577752,Brazil Campeonato Paraibano (PB) Division 2,Brazil,Auto EC (PB),Picuiense PB,2026-09-30T23:15:00+00:00,64.3229,soccer.total_goals,period=ft,over,total=3.5,2.14
2026-10-01T00:10:40.625964+02:00,36577752,Brazil Campeonato Paraibano (PB) Division 2,Brazil,Auto EC (PB),Picuiense PB,2026-09-30T23:15:00+00:00,64.3229,soccer.total_goals,period=ft,under,total=3.5,1.56
2026-10-01T00:10:40.625964+02:00,36577752,Brazil Campeonato Paraibano (PB) Division 2,Brazil,Auto EC (PB),Picuiense PB,2026-09-30T23:15:00+00:00,64.3229,soccer.total_goals,period=ft,over,total=3.75,2.45
2026-10-01T00:10:40.625964+02:00,36577752,Brazil Campeonato Paraibano (PB) Division 2,Brazil,Auto EC (PB),Picuiense PB,2026-09-30T23:15:00+00:00,64.3229,soccer.total_goals,period=ft,under,total=3.75,1.43
2026-10-01T00:10:40.625964+02:00,36577342,"Gaucho, Serie B",Brazil,SER Cruz Alta (RS),Rio Grande (RS),2026-09-30T22:30:00+00:00,19.3229,soccer.asian_handicap,period=ft,home,handicap=-1,1.89
2026-10-01T00:10:40.625964+02:00,36577342,"Gaucho, Serie B",Brazil,SER Cruz Alta (RS),Rio Grande (RS),2026-09-30T22:30:00+00:00,19.3229,soccer.asian_handicap,period=ft,away,handicap=-1,1.72
2026-10-01T00:10:40.625964+02:00,36577342,"Gaucho, Serie B",Brazil,SER Cruz Alta (RS),Rio Grande (RS),2026-09-30T22:30:00+00:00,19.3229,soccer.asian_handicap,period=ft,home,handicap=-1.5,2.4
2026-10-01T00:10:40.625964+02:00,36577342,"Gaucho, Serie B",Brazil,SER Cruz Alta (RS),Rio Grande (RS),2026-09-30T22:30:00+00:00,19.3229,soccer.asian_handicap,period=ft,away,handicap=-1.5,1.44
2026-10-01T00:10:40.625964+02:00,36577342,"Gaucho, Serie B",Brazil,SER Cruz Alta (RS),Rio Grande (RS),2026-09-30T22:30:00+00:00,19.3229,soccer.asian_handicap,period=ft,home,handicap=-1.25,2.16
2026-10-01T00:10:40.625964+02:00,36577342,"Gaucho, Serie B",Brazil,SER Cruz Alta (RS),Rio Grande (RS),2026-09-30T22:30:00+00:00,19.3229,soccer.asian_handicap,period=ft,away,handicap=-1.25,1.55
2026-10-01T00:10:40.625964+02:00,36577342,"Gaucho, Serie B",Brazil,SER Cruz Alta (RS),Rio Grande (RS),2026-09-30T22:30:00+00:00,19.3229,soccer.asian_handicap,period=ft,home,handicap=-0.75,1.66
2026-10-01T00:10:40.625964+02:00,36577342,"Gaucho, Serie B",Brazil,SER Cruz Alta (RS),Rio Grande (RS),2026-09-30T22:30:00+00:00,19.3229,soccer.asian_handicap,period=ft,away,handicap=-0.75,1.97
2026-10-01T00:10:40.625964+02:00,36577342,"Gaucho, Serie B",Brazil,SER Cruz Alta (RS),Rio Grande (RS),2026-09-30T22:30:00+00:00,19.3229,soccer.asian_handicap,period=ft,home,handicap=-0.5,1.52
2026-10-01T00:10:40.625964+02:00,36577342,"Gaucho, Serie B",Brazil,SER Cruz Alta (RS),Rio Grande (RS),2026-09-30T22:30:00+00:00,19.3229,soccer.asian_handicap,period=ft,away,handicap=-0.5,2.2
2026-10-01T00:10:40.625964+02:00,36577342,"Gaucho, Serie B",Brazil,SER Cruz Alta (RS),Rio Grande (RS),2026-09-30T22:30:00+00:00,19.3229,soccer.double_chance,period=ft,draw_away,,2.08
2026-10-01T00:10:40.625964+02:00,36577342,"Gaucho, Serie B",Brazil,SER Cruz Alta (RS),Rio Grande (RS),2026-09-30T22:30:00+00:00,19.3229,soccer.double_chance,period=ft,home_away,,1.21
2026-10-01T00:10:40.625964+02:00,36577342,"Gaucho, Serie B",Brazil,SER Cruz Alta (RS),Rio Grande (RS),2026-09-30T22:30:00+00:00,19.3229,soccer.double_chance,period=ft,home_draw,,1.15
2026-10-01T00:10:40.625964+02:00,36577342,"Gaucho, Serie B",Brazil,SER Cruz Alta (RS),Rio Grande (RS),2026-09-30T22:30:00+00:00,19.3229,soccer.match_odds,period=ft,home,,1.52
2026-10-01T00:10:40.625964+02:00,36577342,"Gaucho, Serie B",Brazil,SER Cruz Alta (RS),Rio Grande (RS),2026-09-30T22:30:00+00:00,19.3229,soccer.match_odds,period=ft,draw,,3.75
2026-10-01T00:10:40.625964+02:00,36577342,"Gaucho, Serie B",Brazil,SER Cruz Alta (RS),Rio Grande (RS),2026-09-30T22:30:00+00:00,19.3229,soccer.match_odds,period=ft,away,,4.8
2026-10-01T00:10:40.625964+02:00,36577342,"Gaucho, Serie B",Brazil,SER Cruz Alta (RS),Rio Grande (RS),2026-09-30T22:30:00+00:00,19.3229,soccer.total_goals,period=ft,over,total=2.5,1.72
2026-10-01T00:10:40.625964+02:00,36577342,"Gaucho, Serie B",Brazil,SER Cruz Alta (RS),Rio Grande (RS),2026-09-30T22:30:00+00:00,19.3229,soccer.total_goals,period=ft,under,total=2.5,1.89
2026-10-01T00:10:40.625964+02:00,36573249,Copa Division Profesional,Bolivia,CD Real Tomayapo,CA Nacional Potosi,2026-09-30T22:30:00+00:00,19.3229,soccer.asian_handicap,period=ft,home,handicap=0,1.91
2026-10-01T00:10:40.625964+02:00,36573249,Copa Division Profesional,Bolivia,CD Real Tomayapo,CA Nacional Potosi,2026-09-30T22:30:00+00:00,19.3229,soccer.asian_handicap,period=ft,away,handicap=0,1.79
2026-10-01T00:10:40.625964+02:00,36573249,Copa Division Profesional,Bolivia,CD Real Tomayapo,CA Nacional Potosi,2026-09-30T22:30:00+00:00,19.3229,soccer.asian_handicap,period=ft,home,handicap=-0.75,2.8
2026-10-01T00:10:40.625964+02:00,36573249,Copa Division Profesional,Bolivia,CD Real Tomayapo,CA Nacional Potosi,2026-09-30T22:30:00+00:00,19.3229,soccer.asian_handicap,period=ft,away,handicap=-0.75,1.34
2026-10-01T00:10:40.625964+02:00,36573249,Copa Division Profesional,Bolivia,CD Real Tomayapo,CA Nacional Potosi,2026-09-30T22:30:00+00:00,19.3229,soccer.asian_handicap,period=ft,home,handicap=-0.5,2.35
2026-10-01T00:10:40.625964+02:00,36573249,Copa Division Profesional,Bolivia,CD Real Tomayapo,CA Nacional Potosi,2026-09-30T22:30:00+00:00,19.3229,soccer.asian_handicap,period=ft,away,handicap=-0.5,1.47
2026-10-01T00:10:40.625964+02:00,36573249,Copa Division Profesional,Bolivia,CD Real Tomayapo,CA Nacional Potosi,2026-09-30T22:30:00+00:00,19.3229,soccer.asian_handicap,period=ft,home,handicap=-0.25,2.14
2026-10-01T00:10:40.625964+02:00,36573249,Copa Division Profesional,Bolivia,CD Real Tomayapo,CA Nacional Potosi,2026-09-30T22:30:00+00:00,19.3229,soccer.asian_handicap,period=ft,away,handicap=-0.25,1.6
2026-10-01T00:10:40.625964+02:00,36573249,Copa Division Profesional,Bolivia,CD Real Tomayapo,CA Nacional Potosi,2026-09-30T22:30:00+00:00,19.3229,soccer.asian_handicap,period=ft,home,handicap=0.25,1.68
2026-10-01T00:10:40.625964+02:00,36573249,Copa Division Profesional,Bolivia,CD Real Tomayapo,CA Nacional Potosi,2026-09-30T22:30:00+00:00,19.3229,soccer.asian_handicap,period=ft,away,handicap=0.25,2.01
2026-10-01T00:10:40.625964+02:00,36573249,Copa Division Profesional,Bolivia,CD Real Tomayapo,CA Nacional Potosi,2026-09-30T22:30:00+00:00,19.3229,soccer.asian_handicap,period=ft,home,handicap=0.5,1.53
2026-10-01T00:10:40.625964+02:00,36573249,Copa Division Profesional,Bolivia,CD Real Tomayapo,CA Nacional Potosi,2026-09-30T22:30:00+00:00,19.3229,soccer.asian_handicap,period=ft,away,handicap=0.5,2.2
2026-10-01T00:10:40.625964+02:00,36573249,Copa Division Profesional,Bolivia,CD Real Tomayapo,CA Nacional Potosi,2026-09-30T22:30:00+00:00,19.3229,soccer.asian_handicap,period=ft,home,handicap=0.75,1.39
2026-10-01T00:10:40.625964+02:00,36573249,Copa Division Profesional,Bolivia,CD Real Tomayapo,CA Nacional Potosi,2026-09-30T22:30:00+00:00,19.3229,soccer.asian_handicap,period=ft,away,handicap=0.75,2.6
2026-10-01T00:10:40.625964+02:00,36573249,Copa Division Profesional,Bolivia,CD Real Tomayapo,CA Nacional Potosi,2026-09-30T22:30:00+00:00,19.3229,soccer.match_odds,period=ft,home,,2.4
2026-10-01T00:10:40.625964+02:00,36573249,Copa Division Profesional,Bolivia,CD Real Tomayapo,CA Nacional Potosi,2026-09-30T22:30:00+00:00,19.3229,soccer.match_odds,period=ft,draw,,3.7
2026-10-01T00:10:40.625964+02:00,36573249,Copa Division Profesional,Bolivia,CD Real Tomayapo,CA Nacional Potosi,2026-09-30T22:30:00+00:00,19.3229,soccer.match_odds,period=ft,away,,2.25
2026-10-01T00:10:40.625964+02:00,36573249,Copa Division Profesional,Bolivia,CD Real Tomayapo,CA Nacional Potosi,2026-09-30T22:30:00+00:00,19.3229,soccer.total_goals,period=ft,over,total=3,1.97
2026-10-01T00:10:40.625964+02:00,36573249,Copa Division Profesional,Bolivia,CD Real Tomayapo,CA Nacional Potosi,2026-09-30T22:30:00+00:00,19.3229,soccer.total_goals,period=ft,under,total=3,1.74
2026-10-01T00:10:40.625964+02:00,36573249,Copa Division Profesional,Bolivia,CD Real Tomayapo,CA Nacional Potosi,2026-09-30T22:30:00+00:00,19.3229,soccer.total_goals,period=ft,over,total=2.25,1.4
2026-10-01T00:10:40.625964+02:00,36573249,Copa Division Profesional,Bolivia,CD Real Tomayapo,CA Nacional Potosi,2026-09-30T22:30:00+00:00,19.3229,soccer.total_goals,period=ft,under,total=2.25,2.55
2026-10-01T00:10:40.625964+02:00,36573249,Copa Division Profesional,Bolivia,CD Real Tomayapo,CA Nacional Potosi,2026-09-30T22:30:00+00:00,19.3229,soccer.total_goals,period=ft,over,total=2.5,1.56
2026-10-01T00:10:40.625964+02:00,36573249,Copa Division Profesional,Bolivia,CD Real Tomayapo,CA Nacional Potosi,2026-09-30T22:30:00+00:00,19.3229,soccer.total_goals,period=ft,under,total=2.5,2.17
2026-10-01T00:10:40.625964+02:00,36573249,Copa Division Profesional,Bolivia,CD Real Tomayapo,CA Nacional Potosi,2026-09-30T22:30:00+00:00,19.3229,soccer.total_goals,period=ft,over,total=2.75,1.71
2026-10-01T00:10:40.625964+02:00,36573249,Copa Division Profesional,Bolivia,CD Real Tomayapo,CA Nacional Potosi,2026-09-30T22:30:00+00:00,19.3229,soccer.total_goals,period=ft,under,total=2.75,1.97
2026-10-01T00:10:40.625964+02:00,36573249,Copa Division Profesional,Bolivia,CD Real Tomayapo,CA Nacional Potosi,2026-09-30T22:30:00+00:00,19.3229,soccer.total_goals,period=ft,over,total=3.25,2.2
2026-10-01T00:10:40.625964+02:00,36573249,Copa Division Profesional,Bolivia,CD Real Tomayapo,CA Nacional Potosi,2026-09-30T22:30:00+00:00,19.3229,soccer.total_goals,period=ft,under,total=3.25,1.56
2026-10-01T00:10:40.625964+02:00,36573249,Copa Division Profesional,Bolivia,CD Real Tomayapo,CA Nacional Potosi,2026-09-30T22:30:00+00:00,19.3229,soccer.total_goals,period=ft,over,total=3.5,2.4
2026-10-01T00:10:40.625964+02:00,36573249,Copa Division Profesional,Bolivia,CD Real Tomayapo,CA Nacional Potosi,2026-09-30T22:30:00+00:00,19.3229,soccer.total_goals,period=ft,under,total=3.5,1.45
2026-10-01T00:10:40.625964+02:00,36573249,Copa Division Profesional,Bolivia,CD Real Tomayapo,CA Nacional Potosi,2026-09-30T22:30:00+00:00,19.3229,soccer.total_goals,period=ft,over,total=3.75,2.85
2026-10-01T00:10:40.625964+02:00,36573249,Copa Division Profesional,Bolivia,CD Real Tomayapo,CA Nacional Potosi,2026-09-30T22:30:00+00:00,19.3229,soccer.total_goals,period=ft,under,total=3.75,1.33
2026-10-01T00:10:40.625964+02:00,36561004,Copa Paraguay,Paraguay,Cerro Porteno,Rubio Nu,2026-09-30T22:30:00+00:00,19.3229,soccer.asian_handicap,period=ft,home,handicap=-1,1.79
2026-10-01T00:10:40.625964+02:00,36561004,Copa Paraguay,Paraguay,Cerro Porteno,Rubio Nu,2026-09-30T22:30:00+00:00,19.3229,soccer.asian_handicap,period=ft,away,handicap=-1,1.9
2026-10-01T00:10:40.625964+02:00,36561004,Copa Paraguay,Paraguay,Cerro Porteno,Rubio Nu,2026-09-30T22:30:00+00:00,19.3229,soccer.asian_handicap,period=ft,home,handicap=-1.75,2.85
2026-10-01T00:10:40.625964+02:00,36561004,Copa Paraguay,Paraguay,Cerro Porteno,Rubio Nu,2026-09-30T22:30:00+00:00,19.3229,soccer.asian_handicap,period=ft,away,handicap=-1.75,1.33
2026-10-01T00:10:40.625964+02:00,36561004,Copa Paraguay,Paraguay,Cerro Porteno,Rubio Nu,2026-09-30T22:30:00+00:00,19.3229,soccer.asian_handicap,period=ft,home,handicap=-1.5,2.35
2026-10-01T00:10:40.625964+02:00,36561004,Copa Paraguay,Paraguay,Cerro Porteno,Rubio Nu,2026-09-30T22:30:00+00:00,19.3229,soccer.asian_handicap,period=ft,away,handicap=-1.5,1.48
2026-10-01T00:10:40.625964+02:00,36561004,Copa Paraguay,Paraguay,Cerro Porteno,Rubio Nu,2026-09-30T22:30:00+00:00,19.3229,soccer.asian_handicap,period=ft,home,handicap=-1.25,2.08
2026-10-01T00:10:40.625964+02:00,36561004,Copa Paraguay,Paraguay,Cerro Porteno,Rubio Nu,2026-09-30T22:30:00+00:00,19.3229,soccer.asian_handicap,period=ft,away,handicap=-1.25,1.64
2026-10-01T00:10:40.625964+02:00,36561004,Copa Paraguay,Paraguay,Cerro Porteno,Rubio Nu,2026-09-30T22:30:00+00:00,19.3229,soccer.asian_handicap,period=ft,home,handicap=-0.75,1.56
2026-10-01T00:10:40.625964+02:00,36561004,Copa Paraguay,Paraguay,Cerro Porteno,Rubio Nu,2026-09-30T22:30:00+00:00,19.3229,soccer.asian_handicap,period=ft,away,handicap=-0.75,2.2
2026-10-01T00:10:40.625964+02:00,36561004,Copa Paraguay,Paraguay,Cerro Porteno,Rubio Nu,2026-09-30T22:30:00+00:00,19.3229,soccer.asian_handicap,period=ft,home,handicap=-0.5,1.43
2026-10-01T00:10:40.625964+02:00,36561004,Copa Paraguay,Paraguay,Cerro Porteno,Rubio Nu,2026-09-30T22:30:00+00:00,19.3229,soccer.asian_handicap,period=ft,away,handicap=-0.5,2.45
2026-10-01T00:10:40.625964+02:00,36561004,Copa Paraguay,Paraguay,Cerro Porteno,Rubio Nu,2026-09-30T22:30:00+00:00,19.3229,soccer.asian_handicap,period=ft,home,handicap=-0.25,1.27
2026-10-01T00:10:40.625964+02:00,36561004,Copa Paraguay,Paraguay,Cerro Porteno,Rubio Nu,2026-09-30T22:30:00+00:00,19.3229,soccer.asian_handicap,period=ft,away,handicap=-0.25,3.15
2026-10-01T00:10:40.625964+02:00,36561004,Copa Paraguay,Paraguay,Cerro Porteno,Rubio Nu,2026-09-30T22:30:00+00:00,19.3229,soccer.double_chance,period=ft,draw_away,,2.45
2026-10-01T00:10:40.625964+02:00,36561004,Copa Paraguay,Paraguay,Cerro Porteno,Rubio Nu,2026-09-30T22:30:00+00:00,19.3229,soccer.double_chance,period=ft,home_away,,1.24
2026-10-01T00:10:40.625964+02:00,36561004,Copa Paraguay,Paraguay,Cerro Porteno,Rubio Nu,2026-09-30T22:30:00+00:00,19.3229,soccer.double_chance,period=ft,home_draw,,1.13
2026-10-01T00:10:40.625964+02:00,36561004,Copa Paraguay,Paraguay,Cerro Porteno,Rubio Nu,2026-09-30T22:30:00+00:00,19.3229,soccer.match_odds,period=ft,home,,1.44
2026-10-01T00:10:40.625964+02:00,36561004,Copa Paraguay,Paraguay,Cerro Porteno,Rubio Nu,2026-09-30T22:30:00+00:00,19.3229,soccer.match_odds,period=ft,draw,,3.7
2026-10-01T00:10:40.625964+02:00,36561004,Copa Paraguay,Paraguay,Cerro Porteno,Rubio Nu,2026-09-30T22:30:00+00:00,19.3229,soccer.match_odds,period=ft,away,,6.1
2026-10-01T00:10:40.625964+02:00,36561004,Copa Paraguay,Paraguay,Cerro Porteno,Rubio Nu,2026-09-30T22:30:00+00:00,19.3229,soccer.total_goals,period=ft,over,total=2.25,1.76
2026-10-01T00:10:40.625964+02:00,36561004,Copa Paraguay,Paraguay,Cerro Porteno,Rubio Nu,2026-09-30T22:30:00+00:00,19.3229,soccer.total_goals,period=ft,under,total=2.25,1.94
2026-10-01T00:10:40.625964+02:00,36561004,Copa Paraguay,Paraguay,Cerro Porteno,Rubio Nu,2026-09-30T22:30:00+00:00,19.3229,soccer.total_goals,period=ft,over,total=1.5,1.29
2026-10-01T00:10:40.625964+02:00,36561004,Copa Paraguay,Paraguay,Cerro Porteno,Rubio Nu,2026-09-30T22:30:00+00:00,19.3229,soccer.total_goals,period=ft,under,total=1.5,3.05
2026-10-01T00:10:40.625964+02:00,36561004,Copa Paraguay,Paraguay,Cerro Porteno,Rubio Nu,2026-09-30T22:30:00+00:00,19.3229,soccer.total_goals,period=ft,over,total=1.75,1.36
2026-10-01T00:10:40.625964+02:00,36561004,Copa Paraguay,Paraguay,Cerro Porteno,Rubio Nu,2026-09-30T22:30:00+00:00,19.3229,soccer.total_goals,period=ft,under,total=1.75,2.7
2026-10-01T00:10:40.625964+02:00,36561004,Copa Paraguay,Paraguay,Cerro Porteno,Rubio Nu,2026-09-30T22:30:00+00:00,19.3229,soccer.total_goals,period=ft,over,total=2,1.49
2026-10-01T00:10:40.625964+02:00,36561004,Copa Paraguay,Paraguay,Cerro Porteno,Rubio Nu,2026-09-30T22:30:00+00:00,19.3229,soccer.total_goals,period=ft,under,total=2,2.35
2026-10-01T00:10:40.625964+02:00,36561004,Copa Paraguay,Paraguay,Cerro Porteno,Rubio Nu,2026-09-30T22:30:00+00:00,19.3229,soccer.total_goals,period=ft,over,total=2.5,2.0
2026-10-01T00:10:40.625964+02:00,36561004,Copa Paraguay,Paraguay,Cerro Porteno,Rubio Nu,2026-09-30T22:30:00+00:00,19.3229,soccer.total_goals,period=ft,under,total=2.5,1.69
2026-10-01T00:10:40.625964+02:00,36561004,Copa Paraguay,Paraguay,Cerro Porteno,Rubio Nu,2026-09-30T22:30:00+00:00,19.3229,soccer.total_goals,period=ft,over,total=2.75,2.25
2026-10-01T00:10:40.625964+02:00,36561004,Copa Paraguay,Paraguay,Cerro Porteno,Rubio Nu,2026-09-30T22:30:00+00:00,19.3229,soccer.total_goals,period=ft,under,total=2.75,1.51
2026-10-01T00:10:40.625964+02:00,36561004,Copa Paraguay,Paraguay,Cerro Porteno,Rubio Nu,2026-09-30T22:30:00+00:00,19.3229,soccer.total_goals,period=ft,over,total=3,2.8
2026-10-01T00:10:40.625964+02:00,36561004,Copa Paraguay,Paraguay,Cerro Porteno,Rubio Nu,2026-09-30T22:30:00+00:00,19.3229,soccer.total_goals,period=ft,under,total=3,1.34
2026-10-01T00:10:40.625964+02:00,36521470,USL Championship,USA,LIU Brooklyn,Detroit City FC,2026-09-30T23:00:00+00:00,49.3229,soccer.asian_handicap,period=ft,home,handicap=0.25,1.91
2026-10-01T00:10:40.625964+02:00,36521470,USL Championship,USA,LIU Brooklyn,Detroit City FC,2026-09-30T23:00:00+00:00,49.3229,soccer.asian_handicap,period=ft,away,handicap=0.25,1.89
2026-10-01T00:10:40.625964+02:00,36521470,USL Championship,USA,LIU Brooklyn,Detroit City FC,2026-09-30T23:00:00+00:00,49.3229,soccer.asian_handicap,period=ft,home,handicap=-0.75,4.15
2026-10-01T00:10:40.625964+02:00,36521470,USL Championship,USA,LIU Brooklyn,Detroit City FC,2026-09-30T23:00:00+00:00,49.3229,soccer.asian_handicap,period=ft,away,handicap=-0.75,1.21
2026-10-01T00:10:40.625964+02:00,36521470,USL Championship,USA,LIU Brooklyn,Detroit City FC,2026-09-30T23:00:00+00:00,49.3229,soccer.asian_handicap,period=ft,home,handicap=-0.5,3.2
2026-10-01T00:10:40.625964+02:00,36521470,USL Championship,USA,LIU Brooklyn,Detroit City FC,2026-09-30T23:00:00+00:00,49.3229,soccer.asian_handicap,period=ft,away,handicap=-0.5,1.33
2026-10-01T00:10:40.625964+02:00,36521470,USL Championship,USA,LIU Brooklyn,Detroit City FC,2026-09-30T23:00:00+00:00,49.3229,soccer.asian_handicap,period=ft,home,handicap=-0.25,2.8
2026-10-01T00:10:40.625964+02:00,36521470,USL Championship,USA,LIU Brooklyn,Detroit City FC,2026-09-30T23:00:00+00:00,49.3229,soccer.asian_handicap,period=ft,away,handicap=-0.25,1.42
2026-10-01T00:10:40.625964+02:00,36521470,USL Championship,USA,LIU Brooklyn,Detroit City FC,2026-09-30T23:00:00+00:00,49.3229,soccer.asian_handicap,period=ft,home,handicap=0,2.35
2026-10-01T00:10:40.625964+02:00,36521470,USL Championship,USA,LIU Brooklyn,Detroit City FC,2026-09-30T23:00:00+00:00,49.3229,soccer.asian_handicap,period=ft,away,handicap=0,1.58
2026-10-01T00:10:40.625964+02:00,36521470,USL Championship,USA,LIU Brooklyn,Detroit City FC,2026-09-30T23:00:00+00:00,49.3229,soccer.asian_handicap,period=ft,home,handicap=0.5,1.66
2026-10-01T00:10:40.625964+02:00,36521470,USL Championship,USA,LIU Brooklyn,Detroit City FC,2026-09-30T23:00:00+00:00,49.3229,soccer.asian_handicap,period=ft,away,handicap=0.5,2.19
2026-10-01T00:10:40.625964+02:00,36521470,USL Championship,USA,LIU Brooklyn,Detroit City FC,2026-09-30T23:00:00+00:00,49.3229,soccer.asian_handicap,period=ft,home,handicap=0.75,1.48
2026-10-01T00:10:40.625964+02:00,36521470,USL Championship,USA,LIU Brooklyn,Detroit City FC,2026-09-30T23:00:00+00:00,49.3229,soccer.asian_handicap,period=ft,away,handicap=0.75,2.6
2026-10-01T00:10:40.625964+02:00,36521470,USL Championship,USA,LIU Brooklyn,Detroit City FC,2026-09-30T23:00:00+00:00,49.3229,soccer.asian_handicap,period=ft,home,handicap=1,1.3
2026-10-01T00:10:40.625964+02:00,36521470,USL Championship,USA,LIU Brooklyn,Detroit City FC,2026-09-30T23:00:00+00:00,49.3229,soccer.asian_handicap,period=ft,away,handicap=1,3.35
2026-10-01T00:10:40.625964+02:00,36521470,USL Championship,USA,LIU Brooklyn,Detroit City FC,2026-09-30T23:00:00+00:00,49.3229,soccer.asian_handicap,period=ft,home,handicap=1.25,1.25
2026-10-01T00:10:40.625964+02:00,36521470,USL Championship,USA,LIU Brooklyn,Detroit City FC,2026-09-30T23:00:00+00:00,49.3229,soccer.asian_handicap,period=ft,away,handicap=1.25,3.8
2026-10-01T00:10:40.625964+02:00,36521470,USL Championship,USA,LIU Brooklyn,Detroit City FC,2026-09-30T23:00:00+00:00,49.3229,soccer.double_chance,period=ft,draw_away,,1.3
2026-10-01T00:10:40.625964+02:00,36521470,USL Championship,USA,LIU Brooklyn,Detroit City FC,2026-09-30T23:00:00+00:00,49.3229,soccer.double_chance,period=ft,home_away,,1.3
2026-10-01T00:10:40.625964+02:00,36521470,USL Championship,USA,LIU Brooklyn,Detroit City FC,2026-09-30T23:00:00+00:00,49.3229,soccer.double_chance,period=ft,home_draw,,1.55
2026-10-01T00:10:40.625964+02:00,36521470,USL Championship,USA,LIU Brooklyn,Detroit City FC,2026-09-30T23:00:00+00:00,49.3229,soccer.match_odds,period=ft,home,,3.25
2026-10-01T00:10:40.625964+02:00,36521470,USL Championship,USA,LIU Brooklyn,Detroit City FC,2026-09-30T23:00:00+00:00,49.3229,soccer.match_odds,period=ft,draw,,3.3
2026-10-01T00:10:40.625964+02:00,36521470,USL Championship,USA,LIU Brooklyn,Detroit City FC,2026-09-30T23:00:00+00:00,49.3229,soccer.match_odds,period=ft,away,,2.19
2026-10-01T00:10:40.625964+02:00,36521470,USL Championship,USA,LIU Brooklyn,Detroit City FC,2026-09-30T23:00:00+00:00,49.3229,soccer.total_goals,period=ft,over,total=2.25,1.83
2026-10-01T00:10:40.625964+02:00,36521470,USL Championship,USA,LIU Brooklyn,Detroit City FC,2026-09-30T23:00:00+00:00,49.3229,soccer.total_goals,period=ft,under,total=2.25,1.96
2026-10-01T00:10:40.625964+02:00,36521470,USL Championship,USA,LIU Brooklyn,Detroit City FC,2026-09-30T23:00:00+00:00,49.3229,soccer.total_goals,period=ft,over,total=1.5,1.33
2026-10-01T00:10:40.625964+02:00,36521470,USL Championship,USA,LIU Brooklyn,Detroit City FC,2026-09-30T23:00:00+00:00,49.3229,soccer.total_goals,period=ft,under,total=1.5,3.1
2026-10-01T00:10:40.625964+02:00,36521470,USL Championship,USA,LIU Brooklyn,Detroit City FC,2026-09-30T23:00:00+00:00,49.3229,soccer.total_goals,period=ft,over,total=1.75,1.42
2026-10-01T00:10:40.625964+02:00,36521470,USL Championship,USA,LIU Brooklyn,Detroit City FC,2026-09-30T23:00:00+00:00,49.3229,soccer.total_goals,period=ft,under,total=1.75,2.75
2026-10-01T00:10:40.625964+02:00,36521470,USL Championship,USA,LIU Brooklyn,Detroit City FC,2026-09-30T23:00:00+00:00,49.3229,soccer.total_goals,period=ft,over,total=2,1.56
2026-10-01T00:10:40.625964+02:00,36521470,USL Championship,USA,LIU Brooklyn,Detroit City FC,2026-09-30T23:00:00+00:00,49.3229,soccer.total_goals,period=ft,under,total=2,2.35
2026-10-01T00:10:40.625964+02:00,36521470,USL Championship,USA,LIU Brooklyn,Detroit City FC,2026-09-30T23:00:00+00:00,49.3229,soccer.total_goals,period=ft,over,total=2.5,2.09
2026-10-01T00:10:40.625964+02:00,36521470,USL Championship,USA,LIU Brooklyn,Detroit City FC,2026-09-30T23:00:00+00:00,49.3229,soccer.total_goals,period=ft,under,total=2.5,1.72
2026-10-01T00:10:40.625964+02:00,36521470,USL Championship,USA,LIU Brooklyn,Detroit City FC,2026-09-30T23:00:00+00:00,49.3229,soccer.total_goals,period=ft,over,total=2.75,2.4
2026-10-01T00:10:40.625964+02:00,36521470,USL Championship,USA,LIU Brooklyn,Detroit City FC,2026-09-30T23:00:00+00:00,49.3229,soccer.total_goals,period=ft,under,total=2.75,1.54
2026-10-01T00:10:40.625964+02:00,36521470,USL Championship,USA,LIU Brooklyn,Detroit City FC,2026-09-30T23:00:00+00:00,49.3229,soccer.total_goals,period=ft,over,total=3.5,3.65
2026-10-01T00:10:40.625964+02:00,36521470,USL Championship,USA,LIU Brooklyn,Detroit City FC,2026-09-30T23:00:00+00:00,49.3229,soccer.total_goals,period=ft,under,total=3.5,1.26
2026-10-01T00:10:40.625964+02:00,36521466,USL Championship,USA,Miami FC,Sporting Jax,2026-09-30T23:00:00+00:00,49.3229,soccer.asian_handicap,period=ft,home,handicap=-1.25,2.0
2026-10-01T00:10:40.625964+02:00,36521466,USL Championship,USA,Miami FC,Sporting Jax,2026-09-30T23:00:00+00:00,49.3229,soccer.asian_handicap,period=ft,away,handicap=-1.25,1.82
2026-10-01T00:10:40.625964+02:00,36521466,USL Championship,USA,Miami FC,Sporting Jax,2026-09-30T23:00:00+00:00,49.3229,soccer.asian_handicap,period=ft,home,handicap=-2.25,3.65
2026-10-01T00:10:40.625964+02:00,36521466,USL Championship,USA,Miami FC,Sporting Jax,2026-09-30T23:00:00+00:00,49.3229,soccer.asian_handicap,period=ft,away,handicap=-2.25,1.27
2026-10-01T00:10:40.625964+02:00,36521466,USL Championship,USA,Miami FC,Sporting Jax,2026-09-30T23:00:00+00:00,49.3229,soccer.asian_handicap,period=ft,home,handicap=-2,3.25
2026-10-01T00:10:40.625964+02:00,36521466,USL Championship,USA,Miami FC,Sporting Jax,2026-09-30T23:00:00+00:00,49.3229,soccer.asian_handicap,period=ft,away,handicap=-2,1.32
2026-10-01T00:10:40.625964+02:00,36521466,USL Championship,USA,Miami FC,Sporting Jax,2026-09-30T23:00:00+00:00,49.3229,soccer.asian_handicap,period=ft,home,handicap=-1.75,2.6
2026-10-01T00:10:40.625964+02:00,36521466,USL Championship,USA,Miami FC,Sporting Jax,2026-09-30T23:00:00+00:00,49.3229,soccer.asian_handicap,period=ft,away,handicap=-1.75,1.49
2026-10-01T00:10:40.625964+02:00,36521466,USL Championship,USA,Miami FC,Sporting Jax,2026-09-30T23:00:00+00:00,49.3229,soccer.asian_handicap,period=ft,home,handicap=-1.5,2.2
2026-10-01T00:10:40.625964+02:00,36521466,USL Championship,USA,Miami FC,Sporting Jax,2026-09-30T23:00:00+00:00,49.3229,soccer.asian_handicap,period=ft,away,handicap=-1.5,1.65
2026-10-01T00:10:40.625964+02:00,36521466,USL Championship,USA,Miami FC,Sporting Jax,2026-09-30T23:00:00+00:00,49.3229,soccer.asian_handicap,period=ft,home,handicap=-1,1.74
2026-10-01T00:10:40.625964+02:00,36521466,USL Championship,USA,Miami FC,Sporting Jax,2026-09-30T23:00:00+00:00,49.3229,soccer.asian_handicap,period=ft,away,handicap=-1,2.07
2026-10-01T00:10:40.625964+02:00,36521466,USL Championship,USA,Miami FC,Sporting Jax,2026-09-30T23:00:00+00:00,49.3229,soccer.asian_handicap,period=ft,home,handicap=-0.75,1.58
2026-10-01T00:10:40.625964+02:00,36521466,USL Championship,USA,Miami FC,Sporting Jax,2026-09-30T23:00:00+00:00,49.3229,soccer.asian_handicap,period=ft,away,handicap=-0.75,2.3
2026-10-01T00:10:40.625964+02:00,36521466,USL Championship,USA,Miami FC,Sporting Jax,2026-09-30T23:00:00+00:00,49.3229,soccer.asian_handicap,period=ft,home,handicap=-0.5,1.47
2026-10-01T00:10:40.625964+02:00,36521466,USL Championship,USA,Miami FC,Sporting Jax,2026-09-30T23:00:00+00:00,49.3229,soccer.asian_handicap,period=ft,away,handicap=-0.5,2.6
2026-10-01T00:10:40.625964+02:00,36521466,USL Championship,USA,Miami FC,Sporting Jax,2026-09-30T23:00:00+00:00,49.3229,soccer.asian_handicap,period=ft,home,handicap=-0.25,1.32
2026-10-01T00:10:40.625964+02:00,36521466,USL Championship,USA,Miami FC,Sporting Jax,2026-09-30T23:00:00+00:00,49.3229,soccer.asian_handicap,period=ft,away,handicap=-0.25,3.25
2026-10-01T00:10:40.625964+02:00,36521466,USL Championship,USA,Miami FC,Sporting Jax,2026-09-30T23:00:00+00:00,49.3229,soccer.double_chance,period=ft,draw_away,,2.2
2026-10-01T00:10:40.625964+02:00,36521466,USL Championship,USA,Miami FC,Sporting Jax,2026-09-30T23:00:00+00:00,49.3229,soccer.double_chance,period=ft,home_away,,1.17
2026-10-01T00:10:40.625964+02:00,36521466,USL Championship,USA,Miami FC,Sporting Jax,2026-09-30T23:00:00+00:00,49.3229,soccer.double_chance,period=ft,home_draw,,1.14
2026-10-01T00:10:40.625964+02:00,36521466,USL Championship,USA,Miami FC,Sporting Jax,2026-09-30T23:00:00+00:00,49.3229,soccer.match_odds,period=ft,home,,1.48
2026-10-01T00:10:40.625964+02:00,36521466,USL Championship,USA,Miami FC,Sporting Jax,2026-09-30T23:00:00+00:00,49.3229,soccer.match_odds,period=ft,draw,,4.35
2026-10-01T00:10:40.625964+02:00,36521466,USL Championship,USA,Miami FC,Sporting Jax,2026-09-30T23:00:00+00:00,49.3229,soccer.match_odds,period=ft,away,,6.0
2026-10-01T00:10:40.625964+02:00,36521466,USL Championship,USA,Miami FC,Sporting Jax,2026-09-30T23:00:00+00:00,49.3229,soccer.total_goals,period=ft,over,total=3.5,2.0
2026-10-01T00:10:40.625964+02:00,36521466,USL Championship,USA,Miami FC,Sporting Jax,2026-09-30T23:00:00+00:00,49.3229,soccer.total_goals,period=ft,under,total=3.5,1.8
2026-10-01T00:10:40.625964+02:00,36521466,USL Championship,USA,Miami FC,Sporting Jax,2026-09-30T23:00:00+00:00,49.3229,soccer.total_goals,period=ft,over,total=1.5,1.1
2026-10-01T00:10:40.625964+02:00,36521466,USL Championship,USA,Miami FC,Sporting Jax,2026-09-30T23:00:00+00:00,49.3229,soccer.total_goals,period=ft,under,total=1.5,6.3
2026-10-01T00:10:40.625964+02:00,36521466,USL Championship,USA,Miami FC,Sporting Jax,2026-09-30T23:00:00+00:00,49.3229,soccer.total_goals,period=ft,over,total=2.5,1.39
2026-10-01T00:10:40.625964+02:00,36521466,USL Championship,USA,Miami FC,Sporting Jax,2026-09-30T23:00:00+00:00,49.3229,soccer.total_goals,period=ft,under,total=2.5,2.85
2026-10-01T00:10:40.625964+02:00,36521466,USL Championship,USA,Miami FC,Sporting Jax,2026-09-30T23:00:00+00:00,49.3229,soccer.total_goals,period=ft,over,total=3,1.59
2026-10-01T00:10:40.625964+02:00,36521466,USL Championship,USA,Miami FC,Sporting Jax,2026-09-30T23:00:00+00:00,49.3229,soccer.total_goals,period=ft,under,total=3,2.3
2026-10-01T00:10:40.625964+02:00,36521466,USL Championship,USA,Miami FC,Sporting Jax,2026-09-30T23:00:00+00:00,49.3229,soccer.total_goals,period=ft,over,total=3.25,1.79
2026-10-01T00:10:40.625964+02:00,36521466,USL Championship,USA,Miami FC,Sporting Jax,2026-09-30T23:00:00+00:00,49.3229,soccer.total_goals,period=ft,under,total=3.25,2.0
2026-10-01T00:10:40.625964+02:00,36521466,USL Championship,USA,Miami FC,Sporting Jax,2026-09-30T23:00:00+00:00,49.3229,soccer.total_goals,period=ft,over,total=3.75,2.25
2026-10-01T00:10:40.625964+02:00,36521466,USL Championship,USA,Miami FC,Sporting Jax,2026-09-30T23:00:00+00:00,49.3229,soccer.total_goals,period=ft,under,total=3.75,1.62
2026-10-01T00:10:40.625964+02:00,36521466,USL Championship,USA,Miami FC,Sporting Jax,2026-09-30T23:00:00+00:00,49.3229,soccer.total_goals,period=ft,over,total=4,2.7
2026-10-01T00:10:40.625964+02:00,36521466,USL Championship,USA,Miami FC,Sporting Jax,2026-09-30T23:00:00+00:00,49.3229,soccer.total_goals,period=ft,under,total=4,1.44
2026-10-01T00:10:40.625964+02:00,36521466,USL Championship,USA,Miami FC,Sporting Jax,2026-09-30T23:00:00+00:00,49.3229,soccer.total_goals,period=ft,over,total=4.5,3.3
2026-10-01T00:10:40.625964+02:00,36521466,USL Championship,USA,Miami FC,Sporting Jax,2026-09-30T23:00:00+00:00,49.3229,soccer.total_goals,period=ft,under,total=4.5,1.3
2026-10-01T00:10:40.625964+02:00,36521466,USL Championship,USA,Miami FC,Sporting Jax,2026-09-30T23:00:00+00:00,49.3229,soccer.total_goals,period=ft,over,total=5.5,5.95
2026-10-01T00:10:40.625964+02:00,36521466,USL Championship,USA,Miami FC,Sporting Jax,2026-09-30T23:00:00+00:00,49.3229,soccer.total_goals,period=ft,under,total=5.5,1.11
2026-10-01T00:10:40.625964+02:00,36521471,USL Championship,USA,Rhode Island FC,Indy Eleven,2026-09-30T23:30:00+00:00,79.3229,soccer.asian_handicap,period=ft,home,handicap=-0.5,1.85
2026-10-01T00:10:40.625964+02:00,36521471,USL Championship,USA,Rhode Island FC,Indy Eleven,2026-09-30T23:30:00+00:00,79.3229,soccer.asian_handicap,period=ft,away,handicap=-0.5,1.96
2026-10-01T00:10:40.625964+02:00,36521471,USL Championship,USA,Rhode Island FC,Indy Eleven,2026-09-30T23:30:00+00:00,79.3229,soccer.asian_handicap,period=ft,home,handicap=-1.5,3.2
2026-10-01T00:10:40.625964+02:00,36521471,USL Championship,USA,Rhode Island FC,Indy Eleven,2026-09-30T23:30:00+00:00,79.3229,soccer.asian_handicap,period=ft,away,handicap=-1.5,1.33
2026-10-01T00:10:40.625964+02:00,36521471,USL Championship,USA,Rhode Island FC,Indy Eleven,2026-09-30T23:30:00+00:00,79.3229,soccer.asian_handicap,period=ft,home,handicap=-1.25,2.85
2026-10-01T00:10:40.625964+02:00,36521471,USL Championship,USA,Rhode Island FC,Indy Eleven,2026-09-30T23:30:00+00:00,79.3229,soccer.asian_handicap,period=ft,away,handicap=-1.25,1.4
2026-10-01T00:10:40.625964+02:00,36521471,USL Championship,USA,Rhode Island FC,Indy Eleven,2026-09-30T23:30:00+00:00,79.3229,soccer.asian_handicap,period=ft,home,handicap=-1,2.5
2026-10-01T00:10:40.625964+02:00,36521471,USL Championship,USA,Rhode Island FC,Indy Eleven,2026-09-30T23:30:00+00:00,79.3229,soccer.asian_handicap,period=ft,away,handicap=-1,1.51
2026-10-01T00:10:40.625964+02:00,36521471,USL Championship,USA,Rhode Island FC,Indy Eleven,2026-09-30T23:30:00+00:00,79.3229,soccer.asian_handicap,period=ft,home,handicap=-0.75,2.09
2026-10-01T00:10:40.625964+02:00,36521471,USL Championship,USA,Rhode Island FC,Indy Eleven,2026-09-30T23:30:00+00:00,79.3229,soccer.asian_handicap,period=ft,away,handicap=-0.75,1.73
2026-10-01T00:10:40.625964+02:00,36521471,USL Championship,USA,Rhode Island FC,Indy Eleven,2026-09-30T23:30:00+00:00,79.3229,soccer.asian_handicap,period=ft,home,handicap=-0.25,1.63
2026-10-01T00:10:40.625964+02:00,36521471,USL Championship,USA,Rhode Island FC,Indy Eleven,2026-09-30T23:30:00+00:00,79.3229,soccer.asian_handicap,period=ft,away,handicap=-0.25,2.25
2026-10-01T00:10:40.625964+02:00,36521471,USL Championship,USA,Rhode Island FC,Indy Eleven,2026-09-30T23:30:00+00:00,79.3229,soccer.asian_handicap,period=ft,home,handicap=0,1.43
2026-10-01T00:10:40.625964+02:00,36521471,USL Championship,USA,Rhode Island FC,Indy Eleven,2026-09-30T23:30:00+00:00,79.3229,soccer.asian_handicap,period=ft,away,handicap=0,2.8
2026-10-01T00:10:40.625964+02:00,36521471,USL Championship,USA,Rhode Island FC,Indy Eleven,2026-09-30T23:30:00+00:00,79.3229,soccer.asian_handicap,period=ft,home,handicap=0.25,1.34
2026-10-01T00:10:40.625964+02:00,36521471,USL Championship,USA,Rhode Island FC,Indy Eleven,2026-09-30T23:30:00+00:00,79.3229,soccer.asian_handicap,period=ft,away,handicap=0.25,3.15
2026-10-01T00:10:40.625964+02:00,36521471,USL Championship,USA,Rhode Island FC,Indy Eleven,2026-09-30T23:30:00+00:00,79.3229,soccer.asian_handicap,period=ft,home,handicap=0.5,1.28
2026-10-01T00:10:40.625964+02:00,36521471,USL Championship,USA,Rhode Island FC,Indy Eleven,2026-09-30T23:30:00+00:00,79.3229,soccer.asian_handicap,period=ft,away,handicap=0.5,3.55
2026-10-01T00:10:40.625964+02:00,36521471,USL Championship,USA,Rhode Island FC,Indy Eleven,2026-09-30T23:30:00+00:00,79.3229,soccer.double_chance,period=ft,draw_away,,1.72
2026-10-01T00:10:40.625964+02:00,36521471,USL Championship,USA,Rhode Island FC,Indy Eleven,2026-09-30T23:30:00+00:00,79.3229,soccer.double_chance,period=ft,home_away,,1.23
2026-10-01T00:10:40.625964+02:00,36521471,USL Championship,USA,Rhode Island FC,Indy Eleven,2026-09-30T23:30:00+00:00,79.3229,soccer.double_chance,period=ft,home_draw,,1.24
2026-10-01T00:10:40.625964+02:00,36521471,USL Championship,USA,Rhode Island FC,Indy Eleven,2026-09-30T23:30:00+00:00,79.3229,soccer.match_odds,period=ft,home,,1.84
2026-10-01T00:10:40.625964+02:00,36521471,USL Championship,USA,Rhode Island FC,Indy Eleven,2026-09-30T23:30:00+00:00,79.3229,soccer.match_odds,period=ft,draw,,4.1
2026-10-01T00:10:40.625964+02:00,36521471,USL Championship,USA,Rhode Island FC,Indy Eleven,2026-09-30T23:30:00+00:00,79.3229,soccer.match_odds,period=ft,away,,3.55
2026-10-01T00:10:40.625964+02:00,36521471,USL Championship,USA,Rhode Island FC,Indy Eleven,2026-09-30T23:30:00+00:00,79.3229,soccer.total_goals,period=ft,over,total=2.75,1.8
2026-10-01T00:10:40.625964+02:00,36521471,USL Championship,USA,Rhode Island FC,Indy Eleven,2026-09-30T23:30:00+00:00,79.3229,soccer.total_goals,period=ft,under,total=2.75,2.0
2026-10-01T00:10:40.625964+02:00,36521471,USL Championship,USA,Rhode Island FC,Indy Eleven,2026-09-30T23:30:00+00:00,79.3229,soccer.total_goals,period=ft,over,total=1.5,1.19
2026-10-01T00:10:40.625964+02:00,36521471,USL Championship,USA,Rhode Island FC,Indy Eleven,2026-09-30T23:30:00+00:00,79.3229,soccer.total_goals,period=ft,under,total=1.5,4.35
2026-10-01T00:10:40.625964+02:00,36521471,USL Championship,USA,Rhode Island FC,Indy Eleven,2026-09-30T23:30:00+00:00,79.3229,soccer.total_goals,period=ft,over,total=2.25,1.46
2026-10-01T00:10:40.625964+02:00,36521471,USL Championship,USA,Rhode Island FC,Indy Eleven,2026-09-30T23:30:00+00:00,79.3229,soccer.total_goals,period=ft,under,total=2.25,2.65
2026-10-01T00:10:40.625964+02:00,36521471,USL Championship,USA,Rhode Island FC,Indy Eleven,2026-09-30T23:30:00+00:00,79.3229,soccer.total_goals,period=ft,over,total=2.5,1.64
2026-10-01T00:10:40.625964+02:00,36521471,USL Championship,USA,Rhode Island FC,Indy Eleven,2026-09-30T23:30:00+00:00,79.3229,soccer.total_goals,period=ft,under,total=2.5,2.2
2026-10-01T00:10:40.625964+02:00,36521471,USL Championship,USA,Rhode Island FC,Indy Eleven,2026-09-30T23:30:00+00:00,79.3229,soccer.total_goals,period=ft,over,total=3,2.06
2026-10-01T00:10:40.625964+02:00,36521471,USL Championship,USA,Rhode Island FC,Indy Eleven,2026-09-30T23:30:00+00:00,79.3229,soccer.total_goals,period=ft,under,total=3,1.74
2026-10-01T00:10:40.625964+02:00,36521471,USL Championship,USA,Rhode Island FC,Indy Eleven,2026-09-30T23:30:00+00:00,79.3229,soccer.total_goals,period=ft,over,total=3.25,2.35
2026-10-01T00:10:40.625964+02:00,36521471,USL Championship,USA,Rhode Island FC,Indy Eleven,2026-09-30T23:30:00+00:00,79.3229,soccer.total_goals,period=ft,under,total=3.25,1.57
2026-10-01T00:10:40.625964+02:00,36521471,USL Championship,USA,Rhode Island FC,Indy Eleven,2026-09-30T23:30:00+00:00,79.3229,soccer.total_goals,period=ft,over,total=3.5,2.6
2026-10-01T00:10:40.625964+02:00,36521471,USL Championship,USA,Rhode Island FC,Indy Eleven,2026-09-30T23:30:00+00:00,79.3229,soccer.total_goals,period=ft,under,total=3.5,1.46
2026-10-01T00:10:40.625964+02:00,36521471,USL Championship,USA,Rhode Island FC,Indy Eleven,2026-09-30T23:30:00+00:00,79.3229,soccer.total_goals,period=ft,over,total=4.5,4.8
2026-10-01T00:10:40.625964+02:00,36521471,USL Championship,USA,Rhode Island FC,Indy Eleven,2026-09-30T23:30:00+00:00,79.3229,soccer.total_goals,period=ft,under,total=4.5,1.16
2026-10-01T00:10:40.625964+02:00,36522149,Primera Division,Uruguay,Montevideo City Torque,CA Penarol Montevideo,2026-09-30T23:00:00+00:00,49.3229,soccer.asian_handicap,period=ft,home,handicap=0.25,2.03
2026-10-01T00:10:40.625964+02:00,36522149,Primera Division,Uruguay,Montevideo City Torque,CA Penarol Montevideo,2026-09-30T23:00:00+00:00,49.3229,soccer.asian_handicap,period=ft,away,handicap=0.25,1.8
2026-10-01T00:10:40.625964+02:00,36522149,Primera Division,Uruguay,Montevideo City Torque,CA Penarol Montevideo,2026-09-30T23:00:00+00:00,49.3229,soccer.asian_handicap,period=ft,home,handicap=-0.75,4.4
2026-10-01T00:10:40.625964+02:00,36522149,Primera Division,Uruguay,Montevideo City Torque,CA Penarol Montevideo,2026-09-30T23:00:00+00:00,49.3229,soccer.asian_handicap,period=ft,away,handicap=-0.75,1.2
2026-10-01T00:10:40.625964+02:00,36522149,Primera Division,Uruguay,Montevideo City Torque,CA Penarol Montevideo,2026-09-30T23:00:00+00:00,49.3229,soccer.asian_handicap,period=ft,home,handicap=-0.5,3.4
2026-10-01T00:10:40.625964+02:00,36522149,Primera Division,Uruguay,Montevideo City Torque,CA Penarol Montevideo,2026-09-30T23:00:00+00:00,49.3229,soccer.asian_handicap,period=ft,away,handicap=-0.5,1.31
2026-10-01T00:10:40.625964+02:00,36522149,Primera Division,Uruguay,Montevideo City Torque,CA Penarol Montevideo,2026-09-30T23:00:00+00:00,49.3229,soccer.asian_handicap,period=ft,home,handicap=-0.25,2.95
2026-10-01T00:10:40.625964+02:00,36522149,Primera Division,Uruguay,Montevideo City Torque,CA Penarol Montevideo,2026-09-30T23:00:00+00:00,49.3229,soccer.asian_handicap,period=ft,away,handicap=-0.25,1.39
2026-10-01T00:10:40.625964+02:00,36522149,Primera Division,Uruguay,Montevideo City Torque,CA Penarol Montevideo,2026-09-30T23:00:00+00:00,49.3229,soccer.asian_handicap,period=ft,home,handicap=0,2.5
2026-10-01T00:10:40.625964+02:00,36522149,Primera Division,Uruguay,Montevideo City Torque,CA Penarol Montevideo,2026-09-30T23:00:00+00:00,49.3229,soccer.asian_handicap,period=ft,away,handicap=0,1.52
2026-10-01T00:10:40.625964+02:00,36522149,Primera Division,Uruguay,Montevideo City Torque,CA Penarol Montevideo,2026-09-30T23:00:00+00:00,49.3229,soccer.asian_handicap,period=ft,home,handicap=0.5,1.76
2026-10-01T00:10:40.625964+02:00,36522149,Primera Division,Uruguay,Montevideo City Torque,CA Penarol Montevideo,2026-09-30T23:00:00+00:00,49.3229,soccer.asian_handicap,period=ft,away,handicap=0.5,2.07
2026-10-01T00:10:40.625964+02:00,36522149,Primera Division,Uruguay,Montevideo City Torque,CA Penarol Montevideo,2026-09-30T23:00:00+00:00,49.3229,soccer.asian_handicap,period=ft,home,handicap=0.75,1.55
2026-10-01T00:10:40.625964+02:00,36522149,Primera Division,Uruguay,Montevideo City Torque,CA Penarol Montevideo,2026-09-30T23:00:00+00:00,49.3229,soccer.asian_handicap,period=ft,away,handicap=0.75,2.45
2026-10-01T00:10:40.625964+02:00,36522149,Primera Division,Uruguay,Montevideo City Torque,CA Penarol Montevideo,2026-09-30T23:00:00+00:00,49.3229,soccer.asian_handicap,period=ft,home,handicap=1,1.34
2026-10-01T00:10:40.625964+02:00,36522149,Primera Division,Uruguay,Montevideo City Torque,CA Penarol Montevideo,2026-09-30T23:00:00+00:00,49.3229,soccer.asian_handicap,period=ft,away,handicap=1,3.15
2026-10-01T00:10:40.625964+02:00,36522149,Primera Division,Uruguay,Montevideo City Torque,CA Penarol Montevideo,2026-09-30T23:00:00+00:00,49.3229,soccer.asian_handicap,period=ft,home,handicap=1.25,1.27
2026-10-01T00:10:40.625964+02:00,36522149,Primera Division,Uruguay,Montevideo City Torque,CA Penarol Montevideo,2026-09-30T23:00:00+00:00,49.3229,soccer.asian_handicap,period=ft,away,handicap=1.25,3.65
2026-10-01T00:10:40.625964+02:00,36522149,Primera Division,Uruguay,Montevideo City Torque,CA Penarol Montevideo,2026-09-30T23:00:00+00:00,49.3229,soccer.double_chance,period=ft,draw_away,,1.32
2026-10-01T00:10:40.625964+02:00,36522149,Primera Division,Uruguay,Montevideo City Torque,CA Penarol Montevideo,2026-09-30T23:00:00+00:00,49.3229,soccer.double_chance,period=ft,home_away,,1.27
2026-10-01T00:10:40.625964+02:00,36522149,Primera Division,Uruguay,Montevideo City Torque,CA Penarol Montevideo,2026-09-30T23:00:00+00:00,49.3229,soccer.double_chance,period=ft,home_draw,,1.76
2026-10-01T00:10:40.625964+02:00,36522149,Primera Division,Uruguay,Montevideo City Torque,CA Penarol Montevideo,2026-09-30T23:00:00+00:00,49.3229,soccer.match_odds,period=ft,home,,3.4
2026-10-01T00:10:40.625964+02:00,36522149,Primera Division,Uruguay,Montevideo City Torque,CA Penarol Montevideo,2026-09-30T23:00:00+00:00,49.3229,soccer.match_odds,period=ft,draw,,3.5
2026-10-01T00:10:40.625964+02:00,36522149,Primera Division,Uruguay,Montevideo City Torque,CA Penarol Montevideo,2026-09-30T23:00:00+00:00,49.3229,soccer.match_odds,period=ft,away,,2.07
2026-10-01T00:10:40.625964+02:00,36522149,Primera Division,Uruguay,Montevideo City Torque,CA Penarol Montevideo,2026-09-30T23:00:00+00:00,49.3229,soccer.total_goals,period=ft,over,total=2.5,2.01
2026-10-01T00:10:40.625964+02:00,36522149,Primera Division,Uruguay,Montevideo City Torque,CA Penarol Montevideo,2026-09-30T23:00:00+00:00,49.3229,soccer.total_goals,period=ft,under,total=2.5,1.8
2026-10-01T00:10:40.625964+02:00,36522149,Primera Division,Uruguay,Montevideo City Torque,CA Penarol Montevideo,2026-09-30T23:00:00+00:00,49.3229,soccer.total_goals,period=ft,over,total=1.5,1.3
2026-10-01T00:10:40.625964+02:00,36522149,Primera Division,Uruguay,Montevideo City Torque,CA Penarol Montevideo,2026-09-30T23:00:00+00:00,49.3229,soccer.total_goals,period=ft,under,total=1.5,3.35
2026-10-01T00:10:40.625964+02:00,36522149,Primera Division,Uruguay,Montevideo City Torque,CA Penarol Montevideo,2026-09-30T23:00:00+00:00,49.3229,soccer.total_goals,period=ft,over,total=2,1.5
2026-10-01T00:10:40.625964+02:00,36522149,Primera Division,Uruguay,Montevideo City Torque,CA Penarol Montevideo,2026-09-30T23:00:00+00:00,49.3229,soccer.total_goals,period=ft,under,total=2,2.55
2026-10-01T00:10:40.625964+02:00,36522149,Primera Division,Uruguay,Montevideo City Torque,CA Penarol Montevideo,2026-09-30T23:00:00+00:00,49.3229,soccer.total_goals,period=ft,over,total=2.25,1.75
2026-10-01T00:10:40.625964+02:00,36522149,Primera Division,Uruguay,Montevideo City Torque,CA Penarol Montevideo,2026-09-30T23:00:00+00:00,49.3229,soccer.total_goals,period=ft,under,total=2.25,2.05
2026-10-01T00:10:40.625964+02:00,36522149,Primera Division,Uruguay,Montevideo City Torque,CA Penarol Montevideo,2026-09-30T23:00:00+00:00,49.3229,soccer.total_goals,period=ft,over,total=2.75,2.3
2026-10-01T00:10:40.625964+02:00,36522149,Primera Division,Uruguay,Montevideo City Torque,CA Penarol Montevideo,2026-09-30T23:00:00+00:00,49.3229,soccer.total_goals,period=ft,under,total=2.75,1.6
2026-10-01T00:10:40.625964+02:00,36522149,Primera Division,Uruguay,Montevideo City Torque,CA Penarol Montevideo,2026-09-30T23:00:00+00:00,49.3229,soccer.total_goals,period=ft,over,total=3,2.85
2026-10-01T00:10:40.625964+02:00,36522149,Primera Division,Uruguay,Montevideo City Torque,CA Penarol Montevideo,2026-09-30T23:00:00+00:00,49.3229,soccer.total_goals,period=ft,under,total=3,1.41
2026-10-01T00:10:40.625964+02:00,36522149,Primera Division,Uruguay,Montevideo City Torque,CA Penarol Montevideo,2026-09-30T23:00:00+00:00,49.3229,soccer.total_goals,period=ft,over,total=3.5,3.55
2026-10-01T00:10:40.625964+02:00,36522149,Primera Division,Uruguay,Montevideo City Torque,CA Penarol Montevideo,2026-09-30T23:00:00+00:00,49.3229,soccer.total_goals,period=ft,under,total=3.5,1.28
2026-10-01T00:10:40.625964+02:00,36522149,Primera Division,Uruguay,Montevideo City Torque,CA Penarol Montevideo,2026-09-30T23:00:00+00:00,49.3229,soccer.total_goals,period=ft,over,total=4.5,7.05
2026-10-01T00:10:40.625964+02:00,36522149,Primera Division,Uruguay,Montevideo City Torque,CA Penarol Montevideo,2026-09-30T23:00:00+00:00,49.3229,soccer.total_goals,period=ft,under,total=4.5,1.09
2026-10-01T00:12:28.964236+02:00,36573249,Copa Division Profesional,Bolivia,CD Real Tomayapo,CA Nacional Potosi,2026-09-30T22:30:00+00:00,17.5173,soccer.asian_handicap,period=ft,home,handicap=0,1.91
2026-10-01T00:12:28.964236+02:00,36573249,Copa Division Profesional,Bolivia,CD Real Tomayapo,CA Nacional Potosi,2026-09-30T22:30:00+00:00,17.5173,soccer.asian_handicap,period=ft,away,handicap=0,1.79
2026-10-01T00:12:28.964236+02:00,36573249,Copa Division Profesional,Bolivia,CD Real Tomayapo,CA Nacional Potosi,2026-09-30T22:30:00+00:00,17.5173,soccer.asian_handicap,period=ft,home,handicap=-0.75,2.8
2026-10-01T00:12:28.964236+02:00,36573249,Copa Division Profesional,Bolivia,CD Real Tomayapo,CA Nacional Potosi,2026-09-30T22:30:00+00:00,17.5173,soccer.asian_handicap,period=ft,away,handicap=-0.75,1.34
2026-10-01T00:12:28.964236+02:00,36573249,Copa Division Profesional,Bolivia,CD Real Tomayapo,CA Nacional Potosi,2026-09-30T22:30:00+00:00,17.5173,soccer.asian_handicap,period=ft,home,handicap=-0.5,2.35
2026-10-01T00:12:28.964236+02:00,36573249,Copa Division Profesional,Bolivia,CD Real Tomayapo,CA Nacional Potosi,2026-09-30T22:30:00+00:00,17.5173,soccer.asian_handicap,period=ft,away,handicap=-0.5,1.47
2026-10-01T00:12:28.964236+02:00,36573249,Copa Division Profesional,Bolivia,CD Real Tomayapo,CA Nacional Potosi,2026-09-30T22:30:00+00:00,17.5173,soccer.asian_handicap,period=ft,home,handicap=-0.25,2.15
2026-10-01T00:12:28.964236+02:00,36573249,Copa Division Profesional,Bolivia,CD Real Tomayapo,CA Nacional Potosi,2026-09-30T22:30:00+00:00,17.5173,soccer.asian_handicap,period=ft,away,handicap=-0.25,1.6
2026-10-01T00:12:28.964236+02:00,36573249,Copa Division Profesional,Bolivia,CD Real Tomayapo,CA Nacional Potosi,2026-09-30T22:30:00+00:00,17.5173,soccer.asian_handicap,period=ft,home,handicap=0.25,1.68
2026-10-01T00:12:28.964236+02:00,36573249,Copa Division Profesional,Bolivia,CD Real Tomayapo,CA Nacional Potosi,2026-09-30T22:30:00+00:00,17.5173,soccer.asian_handicap,period=ft,away,handicap=0.25,2.02
2026-10-01T00:12:28.964236+02:00,36573249,Copa Division Profesional,Bolivia,CD Real Tomayapo,CA Nacional Potosi,2026-09-30T22:30:00+00:00,17.5173,soccer.asian_handicap,period=ft,home,handicap=0.5,1.53
2026-10-01T00:12:28.964236+02:00,36573249,Copa Division Profesional,Bolivia,CD Real Tomayapo,CA Nacional Potosi,2026-09-30T22:30:00+00:00,17.5173,soccer.asian_handicap,period=ft,away,handicap=0.5,2.2
2026-10-01T00:12:28.964236+02:00,36573249,Copa Division Profesional,Bolivia,CD Real Tomayapo,CA Nacional Potosi,2026-09-30T22:30:00+00:00,17.5173,soccer.asian_handicap,period=ft,home,handicap=0.75,1.38
2026-10-01T00:12:28.964236+02:00,36573249,Copa Division Profesional,Bolivia,CD Real Tomayapo,CA Nacional Potosi,2026-09-30T22:30:00+00:00,17.5173,soccer.asian_handicap,period=ft,away,handicap=0.75,2.65
2026-10-01T00:12:28.964236+02:00,36573249,Copa Division Profesional,Bolivia,CD Real Tomayapo,CA Nacional Potosi,2026-09-30T22:30:00+00:00,17.5173,soccer.match_odds,period=ft,home,,2.4
2026-10-01T00:12:28.964236+02:00,36573249,Copa Division Profesional,Bolivia,CD Real Tomayapo,CA Nacional Potosi,2026-09-30T22:30:00+00:00,17.5173,soccer.match_odds,period=ft,draw,,3.7
2026-10-01T00:12:28.964236+02:00,36573249,Copa Division Profesional,Bolivia,CD Real Tomayapo,CA Nacional Potosi,2026-09-30T22:30:00+00:00,17.5173,soccer.match_odds,period=ft,away,,2.25
2026-10-01T00:12:28.964236+02:00,36573249,Copa Division Profesional,Bolivia,CD Real Tomayapo,CA Nacional Potosi,2026-09-30T22:30:00+00:00,17.5173,soccer.total_goals,period=ft,over,total=2.75,1.76
2026-10-01T00:12:28.964236+02:00,36573249,Copa Division Profesional,Bolivia,CD Real Tomayapo,CA Nacional Potosi,2026-09-30T22:30:00+00:00,17.5173,soccer.total_goals,period=ft,under,total=2.75,1.94
2026-10-01T00:12:28.964236+02:00,36573249,Copa Division Profesional,Bolivia,CD Real Tomayapo,CA Nacional Potosi,2026-09-30T22:30:00+00:00,17.5173,soccer.total_goals,period=ft,over,total=2,1.25
2026-10-01T00:12:28.964236+02:00,36573249,Copa Division Profesional,Bolivia,CD Real Tomayapo,CA Nacional Potosi,2026-09-30T22:30:00+00:00,17.5173,soccer.total_goals,period=ft,under,total=2,3.3
2026-10-01T00:12:28.964236+02:00,36573249,Copa Division Profesional,Bolivia,CD Real Tomayapo,CA Nacional Potosi,2026-09-30T22:30:00+00:00,17.5173,soccer.total_goals,period=ft,over,total=2.25,1.42
2026-10-01T00:12:28.964236+02:00,36573249,Copa Division Profesional,Bolivia,CD Real Tomayapo,CA Nacional Potosi,2026-09-30T22:30:00+00:00,17.5173,soccer.total_goals,period=ft,under,total=2.25,2.5
2026-10-01T00:12:28.964236+02:00,36573249,Copa Division Profesional,Bolivia,CD Real Tomayapo,CA Nacional Potosi,2026-09-30T22:30:00+00:00,17.5173,soccer.total_goals,period=ft,over,total=2.5,1.6
2026-10-01T00:12:28.964236+02:00,36573249,Copa Division Profesional,Bolivia,CD Real Tomayapo,CA Nacional Potosi,2026-09-30T22:30:00+00:00,17.5173,soccer.total_goals,period=ft,under,total=2.5,2.14
2026-10-01T00:12:28.964236+02:00,36573249,Copa Division Profesional,Bolivia,CD Real Tomayapo,CA Nacional Potosi,2026-09-30T22:30:00+00:00,17.5173,soccer.total_goals,period=ft,over,total=3,2.0
2026-10-01T00:12:28.964236+02:00,36573249,Copa Division Profesional,Bolivia,CD Real Tomayapo,CA Nacional Potosi,2026-09-30T22:30:00+00:00,17.5173,soccer.total_goals,period=ft,under,total=3,1.69
2026-10-01T00:12:28.964236+02:00,36573249,Copa Division Profesional,Bolivia,CD Real Tomayapo,CA Nacional Potosi,2026-09-30T22:30:00+00:00,17.5173,soccer.total_goals,period=ft,over,total=3.25,2.2
2026-10-01T00:12:28.964236+02:00,36573249,Copa Division Profesional,Bolivia,CD Real Tomayapo,CA Nacional Potosi,2026-09-30T22:30:00+00:00,17.5173,soccer.total_goals,period=ft,under,total=3.25,1.53
2026-10-01T00:12:28.964236+02:00,36573249,Copa Division Profesional,Bolivia,CD Real Tomayapo,CA Nacional Potosi,2026-09-30T22:30:00+00:00,17.5173,soccer.total_goals,period=ft,over,total=3.5,2.5
2026-10-01T00:12:28.964236+02:00,36573249,Copa Division Profesional,Bolivia,CD Real Tomayapo,CA Nacional Potosi,2026-09-30T22:30:00+00:00,17.5173,soccer.total_goals,period=ft,under,total=3.5,1.43
2026-10-01T00:12:28.964236+02:00,36561004,Copa Paraguay,Paraguay,Cerro Porteno,Rubio Nu,2026-09-30T22:30:00+00:00,17.5173,soccer.asian_handicap,period=ft,home,handicap=-1,1.79
2026-10-01T00:12:28.964236+02:00,36561004,Copa Paraguay,Paraguay,Cerro Porteno,Rubio Nu,2026-09-30T22:30:00+00:00,17.5173,soccer.asian_handicap,period=ft,away,handicap=-1,1.9
2026-10-01T00:12:28.964236+02:00,36561004,Copa Paraguay,Paraguay,Cerro Porteno,Rubio Nu,2026-09-30T22:30:00+00:00,17.5173,soccer.asian_handicap,period=ft,home,handicap=-1.75,2.85
2026-10-01T00:12:28.964236+02:00,36561004,Copa Paraguay,Paraguay,Cerro Porteno,Rubio Nu,2026-09-30T22:30:00+00:00,17.5173,soccer.asian_handicap,period=ft,away,handicap=-1.75,1.33
2026-10-01T00:12:28.964236+02:00,36561004,Copa Paraguay,Paraguay,Cerro Porteno,Rubio Nu,2026-09-30T22:30:00+00:00,17.5173,soccer.asian_handicap,period=ft,home,handicap=-1.5,2.35
2026-10-01T00:12:28.964236+02:00,36561004,Copa Paraguay,Paraguay,Cerro Porteno,Rubio Nu,2026-09-30T22:30:00+00:00,17.5173,soccer.asian_handicap,period=ft,away,handicap=-1.5,1.48
2026-10-01T00:12:28.964236+02:00,36561004,Copa Paraguay,Paraguay,Cerro Porteno,Rubio Nu,2026-09-30T22:30:00+00:00,17.5173,soccer.asian_handicap,period=ft,home,handicap=-1.25,2.08
2026-10-01T00:12:28.964236+02:00,36561004,Copa Paraguay,Paraguay,Cerro Porteno,Rubio Nu,2026-09-30T22:30:00+00:00,17.5173,soccer.asian_handicap,period=ft,away,handicap=-1.25,1.64
2026-10-01T00:12:28.964236+02:00,36561004,Copa Paraguay,Paraguay,Cerro Porteno,Rubio Nu,2026-09-30T22:30:00+00:00,17.5173,soccer.asian_handicap,period=ft,home,handicap=-0.75,1.56
2026-10-01T00:12:28.964236+02:00,36561004,Copa Paraguay,Paraguay,Cerro Porteno,Rubio Nu,2026-09-30T22:30:00+00:00,17.5173,soccer.asian_handicap,period=ft,away,handicap=-0.75,2.2
2026-10-01T00:12:28.964236+02:00,36561004,Copa Paraguay,Paraguay,Cerro Porteno,Rubio Nu,2026-09-30T22:30:00+00:00,17.5173,soccer.asian_handicap,period=ft,home,handicap=-0.5,1.43
2026-10-01T00:12:28.964236+02:00,36561004,Copa Paraguay,Paraguay,Cerro Porteno,Rubio Nu,2026-09-30T22:30:00+00:00,17.5173,soccer.asian_handicap,period=ft,away,handicap=-0.5,2.45
2026-10-01T00:12:28.964236+02:00,36561004,Copa Paraguay,Paraguay,Cerro Porteno,Rubio Nu,2026-09-30T22:30:00+00:00,17.5173,soccer.asian_handicap,period=ft,home,handicap=-0.25,1.27
2026-10-01T00:12:28.964236+02:00,36561004,Copa Paraguay,Paraguay,Cerro Porteno,Rubio Nu,2026-09-30T22:30:00+00:00,17.5173,soccer.asian_handicap,period=ft,away,handicap=-0.25,3.15
2026-10-01T00:12:28.964236+02:00,36561004,Copa Paraguay,Paraguay,Cerro Porteno,Rubio Nu,2026-09-30T22:30:00+00:00,17.5173,soccer.double_chance,period=ft,draw_away,,2.45
2026-10-01T00:12:28.964236+02:00,36561004,Copa Paraguay,Paraguay,Cerro Porteno,Rubio Nu,2026-09-30T22:30:00+00:00,17.5173,soccer.double_chance,period=ft,home_away,,1.24
2026-10-01T00:12:28.964236+02:00,36561004,Copa Paraguay,Paraguay,Cerro Porteno,Rubio Nu,2026-09-30T22:30:00+00:00,17.5173,soccer.double_chance,period=ft,home_draw,,1.13
2026-10-01T00:12:28.964236+02:00,36561004,Copa Paraguay,Paraguay,Cerro Porteno,Rubio Nu,2026-09-30T22:30:00+00:00,17.5173,soccer.match_odds,period=ft,home,,1.44
2026-10-01T00:12:28.964236+02:00,36561004,Copa Paraguay,Paraguay,Cerro Porteno,Rubio Nu,2026-09-30T22:30:00+00:00,17.5173,soccer.match_odds,period=ft,draw,,3.7
2026-10-01T00:12:28.964236+02:00,36561004,Copa Paraguay,Paraguay,Cerro Porteno,Rubio Nu,2026-09-30T22:30:00+00:00,17.5173,soccer.match_odds,period=ft,away,,6.1
2026-10-01T00:12:28.964236+02:00,36561004,Copa Paraguay,Paraguay,Cerro Porteno,Rubio Nu,2026-09-30T22:30:00+00:00,17.5173,soccer.total_goals,period=ft,over,total=2.25,1.76
2026-10-01T00:12:28.964236+02:00,36561004,Copa Paraguay,Paraguay,Cerro Porteno,Rubio Nu,2026-09-30T22:30:00+00:00,17.5173,soccer.total_goals,period=ft,under,total=2.25,1.94
2026-10-01T00:12:28.964236+02:00,36561004,Copa Paraguay,Paraguay,Cerro Porteno,Rubio Nu,2026-09-30T22:30:00+00:00,17.5173,soccer.total_goals,period=ft,over,total=1.5,1.29
2026-10-01T00:12:28.964236+02:00,36561004,Copa Paraguay,Paraguay,Cerro Porteno,Rubio Nu,2026-09-30T22:30:00+00:00,17.5173,soccer.total_goals,period=ft,under,total=1.5,3.05
2026-10-01T00:12:28.964236+02:00,36561004,Copa Paraguay,Paraguay,Cerro Porteno,Rubio Nu,2026-09-30T22:30:00+00:00,17.5173,soccer.total_goals,period=ft,over,total=1.75,1.36
2026-10-01T00:12:28.964236+02:00,36561004,Copa Paraguay,Paraguay,Cerro Porteno,Rubio Nu,2026-09-30T22:30:00+00:00,17.5173,soccer.total_goals,period=ft,under,total=1.75,2.7
2026-10-01T00:12:28.964236+02:00,36561004,Copa Paraguay,Paraguay,Cerro Porteno,Rubio Nu,2026-09-30T22:30:00+00:00,17.5173,soccer.total_goals,period=ft,over,total=2,1.49
2026-10-01T00:12:28.964236+02:00,36561004,Copa Paraguay,Paraguay,Cerro Porteno,Rubio Nu,2026-09-30T22:30:00+00:00,17.5173,soccer.total_goals,period=ft,under,total=2,2.35
2026-10-01T00:12:28.964236+02:00,36561004,Copa Paraguay,Paraguay,Cerro Porteno,Rubio Nu,2026-09-30T22:30:00+00:00,17.5173,soccer.total_goals,period=ft,over,total=2.5,2.0
2026-10-01T00:12:28.964236+02:00,36561004,Copa Paraguay,Paraguay,Cerro Porteno,Rubio Nu,2026-09-30T22:30:00+00:00,17.5173,soccer.total_goals,period=ft,under,total=2.5,1.69
2026-10-01T00:12:28.964236+02:00,36561004,Copa Paraguay,Paraguay,Cerro Porteno,Rubio Nu,2026-09-30T22:30:00+00:00,17.5173,soccer.total_goals,period=ft,over,total=2.75,2.25
2026-10-01T00:12:28.964236+02:00,36561004,Copa Paraguay,Paraguay,Cerro Porteno,Rubio Nu,2026-09-30T22:30:00+00:00,17.5173,soccer.total_goals,period=ft,under,total=2.75,1.51
2026-10-01T00:12:28.964236+02:00,36561004,Copa Paraguay,Paraguay,Cerro Porteno,Rubio Nu,2026-09-30T22:30:00+00:00,17.5173,soccer.total_goals,period=ft,over,total=3,2.8
2026-10-01T00:12:28.964236+02:00,36561004,Copa Paraguay,Paraguay,Cerro Porteno,Rubio Nu,2026-09-30T22:30:00+00:00,17.5173,soccer.total_goals,period=ft,under,total=3,1.34
2026-10-01T00:12:28.964236+02:00,36521470,USL Championship,USA,LIU Brooklyn,Detroit City FC,2026-09-30T23:00:00+00:00,47.5173,soccer.asian_handicap,period=ft,home,handicap=0.25,1.91
2026-10-01T00:12:28.964236+02:00,36521470,USL Championship,USA,LIU Brooklyn,Detroit City FC,2026-09-30T23:00:00+00:00,47.5173,soccer.asian_handicap,period=ft,away,handicap=0.25,1.89
2026-10-01T00:12:28.964236+02:00,36521470,USL Championship,USA,LIU Brooklyn,Detroit City FC,2026-09-30T23:00:00+00:00,47.5173,soccer.asian_handicap,period=ft,home,handicap=-0.75,4.15
2026-10-01T00:12:28.964236+02:00,36521470,USL Championship,USA,LIU Brooklyn,Detroit City FC,2026-09-30T23:00:00+00:00,47.5173,soccer.asian_handicap,period=ft,away,handicap=-0.75,1.21
2026-10-01T00:12:28.964236+02:00,36521470,USL Championship,USA,LIU Brooklyn,Detroit City FC,2026-09-30T23:00:00+00:00,47.5173,soccer.asian_handicap,period=ft,home,handicap=-0.5,3.2
2026-10-01T00:12:28.964236+02:00,36521470,USL Championship,USA,LIU Brooklyn,Detroit City FC,2026-09-30T23:00:00+00:00,47.5173,soccer.asian_handicap,period=ft,away,handicap=-0.5,1.33
2026-10-01T00:12:28.964236+02:00,36521470,USL Championship,USA,LIU Brooklyn,Detroit City FC,2026-09-30T23:00:00+00:00,47.5173,soccer.asian_handicap,period=ft,home,handicap=-0.25,2.8
2026-10-01T00:12:28.964236+02:00,36521470,USL Championship,USA,LIU Brooklyn,Detroit City FC,2026-09-30T23:00:00+00:00,47.5173,soccer.asian_handicap,period=ft,away,handicap=-0.25,1.42
2026-10-01T00:12:28.964236+02:00,36521470,USL Championship,USA,LIU Brooklyn,Detroit City FC,2026-09-30T23:00:00+00:00,47.5173,soccer.asian_handicap,period=ft,home,handicap=0,2.35
2026-10-01T00:12:28.964236+02:00,36521470,USL Championship,USA,LIU Brooklyn,Detroit City FC,2026-09-30T23:00:00+00:00,47.5173,soccer.asian_handicap,period=ft,away,handicap=0,1.58
2026-10-01T00:12:28.964236+02:00,36521470,USL Championship,USA,LIU Brooklyn,Detroit City FC,2026-09-30T23:00:00+00:00,47.5173,soccer.asian_handicap,period=ft,home,handicap=0.5,1.66
2026-10-01T00:12:28.964236+02:00,36521470,USL Championship,USA,LIU Brooklyn,Detroit City FC,2026-09-30T23:00:00+00:00,47.5173,soccer.asian_handicap,period=ft,away,handicap=0.5,2.19
2026-10-01T00:12:28.964236+02:00,36521470,USL Championship,USA,LIU Brooklyn,Detroit City FC,2026-09-30T23:00:00+00:00,47.5173,soccer.asian_handicap,period=ft,home,handicap=0.75,1.48
2026-10-01T00:12:28.964236+02:00,36521470,USL Championship,USA,LIU Brooklyn,Detroit City FC,2026-09-30T23:00:00+00:00,47.5173,soccer.asian_handicap,period=ft,away,handicap=0.75,2.6
2026-10-01T00:12:28.964236+02:00,36521470,USL Championship,USA,LIU Brooklyn,Detroit City FC,2026-09-30T23:00:00+00:00,47.5173,soccer.asian_handicap,period=ft,home,handicap=1,1.3
2026-10-01T00:12:28.964236+02:00,36521470,USL Championship,USA,LIU Brooklyn,Detroit City FC,2026-09-30T23:00:00+00:00,47.5173,soccer.asian_handicap,period=ft,away,handicap=1,3.35
2026-10-01T00:12:28.964236+02:00,36521470,USL Championship,USA,LIU Brooklyn,Detroit City FC,2026-09-30T23:00:00+00:00,47.5173,soccer.asian_handicap,period=ft,home,handicap=1.25,1.25
2026-10-01T00:12:28.964236+02:00,36521470,USL Championship,USA,LIU Brooklyn,Detroit City FC,2026-09-30T23:00:00+00:00,47.5173,soccer.asian_handicap,period=ft,away,handicap=1.25,3.8
2026-10-01T00:12:28.964236+02:00,36521470,USL Championship,USA,LIU Brooklyn,Detroit City FC,2026-09-30T23:00:00+00:00,47.5173,soccer.double_chance,period=ft,draw_away,,1.3
2026-10-01T00:12:28.964236+02:00,36521470,USL Championship,USA,LIU Brooklyn,Detroit City FC,2026-09-30T23:00:00+00:00,47.5173,soccer.double_chance,period=ft,home_away,,1.3
2026-10-01T00:12:28.964236+02:00,36521470,USL Championship,USA,LIU Brooklyn,Detroit City FC,2026-09-30T23:00:00+00:00,47.5173,soccer.double_chance,period=ft,home_draw,,1.55
2026-10-01T00:12:28.964236+02:00,36521470,USL Championship,USA,LIU Brooklyn,Detroit City FC,2026-09-30T23:00:00+00:00,47.5173,soccer.match_odds,period=ft,home,,3.25
2026-10-01T00:12:28.964236+02:00,36521470,USL Championship,USA,LIU Brooklyn,Detroit City FC,2026-09-30T23:00:00+00:00,47.5173,soccer.match_odds,period=ft,draw,,3.3
2026-10-01T00:12:28.964236+02:00,36521470,USL Championship,USA,LIU Brooklyn,Detroit City FC,2026-09-30T23:00:00+00:00,47.5173,soccer.match_odds,period=ft,away,,2.19
2026-10-01T00:12:28.964236+02:00,36521470,USL Championship,USA,LIU Brooklyn,Detroit City FC,2026-09-30T23:00:00+00:00,47.5173,soccer.total_goals,period=ft,over,total=2.25,1.83
2026-10-01T00:12:28.964236+02:00,36521470,USL Championship,USA,LIU Brooklyn,Detroit City FC,2026-09-30T23:00:00+00:00,47.5173,soccer.total_goals,period=ft,under,total=2.25,1.96
2026-10-01T00:12:28.964236+02:00,36521470,USL Championship,USA,LIU Brooklyn,Detroit City FC,2026-09-30T23:00:00+00:00,47.5173,soccer.total_goals,period=ft,over,total=1.5,1.33
2026-10-01T00:12:28.964236+02:00,36521470,USL Championship,USA,LIU Brooklyn,Detroit City FC,2026-09-30T23:00:00+00:00,47.5173,soccer.total_goals,period=ft,under,total=1.5,3.1
2026-10-01T00:12:28.964236+02:00,36521470,USL Championship,USA,LIU Brooklyn,Detroit City FC,2026-09-30T23:00:00+00:00,47.5173,soccer.total_goals,period=ft,over,total=1.75,1.42
2026-10-01T00:12:28.964236+02:00,36521470,USL Championship,USA,LIU Brooklyn,Detroit City FC,2026-09-30T23:00:00+00:00,47.5173,soccer.total_goals,period=ft,under,total=1.75,2.75
2026-10-01T00:12:28.964236+02:00,36521470,USL Championship,USA,LIU Brooklyn,Detroit City FC,2026-09-30T23:00:00+00:00,47.5173,soccer.total_goals,period=ft,over,total=2,1.56
2026-10-01T00:12:28.964236+02:00,36521470,USL Championship,USA,LIU Brooklyn,Detroit City FC,2026-09-30T23:00:00+00:00,47.5173,soccer.total_goals,period=ft,under,total=2,2.35
2026-10-01T00:12:28.964236+02:00,36521470,USL Championship,USA,LIU Brooklyn,Detroit City FC,2026-09-30T23:00:00+00:00,47.5173,soccer.total_goals,period=ft,over,total=2.5,2.09
2026-10-01T00:12:28.964236+02:00,36521470,USL Championship,USA,LIU Brooklyn,Detroit City FC,2026-09-30T23:00:00+00:00,47.5173,soccer.total_goals,period=ft,under,total=2.5,1.72
2026-10-01T00:12:28.964236+02:00,36521470,USL Championship,USA,LIU Brooklyn,Detroit City FC,2026-09-30T23:00:00+00:00,47.5173,soccer.total_goals,period=ft,over,total=2.75,2.4
2026-10-01T00:12:28.964236+02:00,36521470,USL Championship,USA,LIU Brooklyn,Detroit City FC,2026-09-30T23:00:00+00:00,47.5173,soccer.total_goals,period=ft,under,total=2.75,1.54
2026-10-01T00:12:28.964236+02:00,36521470,USL Championship,USA,LIU Brooklyn,Detroit City FC,2026-09-30T23:00:00+00:00,47.5173,soccer.total_goals,period=ft,over,total=3.5,3.65
2026-10-01T00:12:28.964236+02:00,36521470,USL Championship,USA,LIU Brooklyn,Detroit City FC,2026-09-30T23:00:00+00:00,47.5173,soccer.total_goals,period=ft,under,total=3.5,1.26
2026-10-01T00:12:28.964236+02:00,36521466,USL Championship,USA,Miami FC,Sporting Jax,2026-09-30T23:00:00+00:00,47.5173,soccer.asian_handicap,period=ft,home,handicap=-1.25,2.0
2026-10-01T00:12:28.964236+02:00,36521466,USL Championship,USA,Miami FC,Sporting Jax,2026-09-30T23:00:00+00:00,47.5173,soccer.asian_handicap,period=ft,away,handicap=-1.25,1.82
2026-10-01T00:12:28.964236+02:00,36521466,USL Championship,USA,Miami FC,Sporting Jax,2026-09-30T23:00:00+00:00,47.5173,soccer.asian_handicap,period=ft,home,handicap=-2.25,3.65
2026-10-01T00:12:28.964236+02:00,36521466,USL Championship,USA,Miami FC,Sporting Jax,2026-09-30T23:00:00+00:00,47.5173,soccer.asian_handicap,period=ft,away,handicap=-2.25,1.27
2026-10-01T00:12:28.964236+02:00,36521466,USL Championship,USA,Miami FC,Sporting Jax,2026-09-30T23:00:00+00:00,47.5173,soccer.asian_handicap,period=ft,home,handicap=-2,3.25
2026-10-01T00:12:28.964236+02:00,36521466,USL Championship,USA,Miami FC,Sporting Jax,2026-09-30T23:00:00+00:00,47.5173,soccer.asian_handicap,period=ft,away,handicap=-2,1.32
2026-10-01T00:12:28.964236+02:00,36521466,USL Championship,USA,Miami FC,Sporting Jax,2026-09-30T23:00:00+00:00,47.5173,soccer.asian_handicap,period=ft,home,handicap=-1.75,2.6
2026-10-01T00:12:28.964236+02:00,36521466,USL Championship,USA,Miami FC,Sporting Jax,2026-09-30T23:00:00+00:00,47.5173,soccer.asian_handicap,period=ft,away,handicap=-1.75,1.49
2026-10-01T00:12:28.964236+02:00,36521466,USL Championship,USA,Miami FC,Sporting Jax,2026-09-30T23:00:00+00:00,47.5173,soccer.asian_handicap,period=ft,home,handicap=-1.5,2.2
2026-10-01T00:12:28.964236+02:00,36521466,USL Championship,USA,Miami FC,Sporting Jax,2026-09-30T23:00:00+00:00,47.5173,soccer.asian_handicap,period=ft,away,handicap=-1.5,1.65
2026-10-01T00:12:28.964236+02:00,36521466,USL Championship,USA,Miami FC,Sporting Jax,2026-09-30T23:00:00+00:00,47.5173,soccer.asian_handicap,period=ft,home,handicap=-1,1.74
2026-10-01T00:12:28.964236+02:00,36521466,USL Championship,USA,Miami FC,Sporting Jax,2026-09-30T23:00:00+00:00,47.5173,soccer.asian_handicap,period=ft,away,handicap=-1,2.07
2026-10-01T00:12:28.964236+02:00,36521466,USL Championship,USA,Miami FC,Sporting Jax,2026-09-30T23:00:00+00:00,47.5173,soccer.asian_handicap,period=ft,home,handicap=-0.75,1.58
2026-10-01T00:12:28.964236+02:00,36521466,USL Championship,USA,Miami FC,Sporting Jax,2026-09-30T23:00:00+00:00,47.5173,soccer.asian_handicap,period=ft,away,handicap=-0.75,2.3
2026-10-01T00:12:28.964236+02:00,36521466,USL Championship,USA,Miami FC,Sporting Jax,2026-09-30T23:00:00+00:00,47.5173,soccer.asian_handicap,period=ft,home,handicap=-0.5,1.47
2026-10-01T00:12:28.964236+02:00,36521466,USL Championship,USA,Miami FC,Sporting Jax,2026-09-30T23:00:00+00:00,47.5173,soccer.asian_handicap,period=ft,away,handicap=-0.5,2.6
2026-10-01T00:12:28.964236+02:00,36521466,USL Championship,USA,Miami FC,Sporting Jax,2026-09-30T23:00:00+00:00,47.5173,soccer.asian_handicap,period=ft,home,handicap=-0.25,1.32
2026-10-01T00:12:28.964236+02:00,36521466,USL Championship,USA,Miami FC,Sporting Jax,2026-09-30T23:00:00+00:00,47.5173,soccer.asian_handicap,period=ft,away,handicap=-0.25,3.25
2026-10-01T00:12:28.964236+02:00,36521466,USL Championship,USA,Miami FC,Sporting Jax,2026-09-30T23:00:00+00:00,47.5173,soccer.double_chance,period=ft,draw_away,,2.2
2026-10-01T00:12:28.964236+02:00,36521466,USL Championship,USA,Miami FC,Sporting Jax,2026-09-30T23:00:00+00:00,47.5173,soccer.double_chance,period=ft,home_away,,1.17
2026-10-01T00:12:28.964236+02:00,36521466,USL Championship,USA,Miami FC,Sporting Jax,2026-09-30T23:00:00+00:00,47.5173,soccer.double_chance,period=ft,home_draw,,1.14
2026-10-01T00:12:28.964236+02:00,36521466,USL Championship,USA,Miami FC,Sporting Jax,2026-09-30T23:00:00+00:00,47.5173,soccer.match_odds,period=ft,home,,1.48
2026-10-01T00:12:28.964236+02:00,36521466,USL Championship,USA,Miami FC,Sporting Jax,2026-09-30T23:00:00+00:00,47.5173,soccer.match_odds,period=ft,draw,,4.35
2026-10-01T00:12:28.964236+02:00,36521466,USL Championship,USA,Miami FC,Sporting Jax,2026-09-30T23:00:00+00:00,47.5173,soccer.match_odds,period=ft,away,,6.0
2026-10-01T00:12:28.964236+02:00,36521466,USL Championship,USA,Miami FC,Sporting Jax,2026-09-30T23:00:00+00:00,47.5173,soccer.total_goals,period=ft,over,total=3.5,2.0
2026-10-01T00:12:28.964236+02:00,36521466,USL Championship,USA,Miami FC,Sporting Jax,2026-09-30T23:00:00+00:00,47.5173,soccer.total_goals,period=ft,under,total=3.5,1.8
2026-10-01T00:12:28.964236+02:00,36521466,USL Championship,USA,Miami FC,Sporting Jax,2026-09-30T23:00:00+00:00,47.5173,soccer.total_goals,period=ft,over,total=1.5,1.1
2026-10-01T00:12:28.964236+02:00,36521466,USL Championship,USA,Miami FC,Sporting Jax,2026-09-30T23:00:00+00:00,47.5173,soccer.total_goals,period=ft,under,total=1.5,6.3
2026-10-01T00:12:28.964236+02:00,36521466,USL Championship,USA,Miami FC,Sporting Jax,2026-09-30T23:00:00+00:00,47.5173,soccer.total_goals,period=ft,over,total=2.5,1.39
2026-10-01T00:12:28.964236+02:00,36521466,USL Championship,USA,Miami FC,Sporting Jax,2026-09-30T23:00:00+00:00,47.5173,soccer.total_goals,period=ft,under,total=2.5,2.85
2026-10-01T00:12:28.964236+02:00,36521466,USL Championship,USA,Miami FC,Sporting Jax,2026-09-30T23:00:00+00:00,47.5173,soccer.total_goals,period=ft,over,total=3,1.59
2026-10-01T00:12:28.964236+02:00,36521466,USL Championship,USA,Miami FC,Sporting Jax,2026-09-30T23:00:00+00:00,47.5173,soccer.total_goals,period=ft,under,total=3,2.3
2026-10-01T00:12:28.964236+02:00,36521466,USL Championship,USA,Miami FC,Sporting Jax,2026-09-30T23:00:00+00:00,47.5173,soccer.total_goals,period=ft,over,total=3.25,1.79
2026-10-01T00:12:28.964236+02:00,36521466,USL Championship,USA,Miami FC,Sporting Jax,2026-09-30T23:00:00+00:00,47.5173,soccer.total_goals,period=ft,under,total=3.25,2.0
2026-10-01T00:12:28.964236+02:00,36521466,USL Championship,USA,Miami FC,Sporting Jax,2026-09-30T23:00:00+00:00,47.5173,soccer.total_goals,period=ft,over,total=3.75,2.25
2026-10-01T00:12:28.964236+02:00,36521466,USL Championship,USA,Miami FC,Sporting Jax,2026-09-30T23:00:00+00:00,47.5173,soccer.total_goals,period=ft,under,total=3.75,1.62
2026-10-01T00:12:28.964236+02:00,36521466,USL Championship,USA,Miami FC,Sporting Jax,2026-09-30T23:00:00+00:00,47.5173,soccer.total_goals,period=ft,over,total=4,2.7
2026-10-01T00:12:28.964236+02:00,36521466,USL Championship,USA,Miami FC,Sporting Jax,2026-09-30T23:00:00+00:00,47.5173,soccer.total_goals,period=ft,under,total=4,1.44
2026-10-01T00:12:28.964236+02:00,36521466,USL Championship,USA,Miami FC,Sporting Jax,2026-09-30T23:00:00+00:00,47.5173,soccer.total_goals,period=ft,over,total=4.5,3.3
2026-10-01T00:12:28.964236+02:00,36521466,USL Championship,USA,Miami FC,Sporting Jax,2026-09-30T23:00:00+00:00,47.5173,soccer.total_goals,period=ft,under,total=4.5,1.3
2026-10-01T00:12:28.964236+02:00,36521466,USL Championship,USA,Miami FC,Sporting Jax,2026-09-30T23:00:00+00:00,47.5173,soccer.total_goals,period=ft,over,total=5.5,5.95
2026-10-01T00:12:28.964236+02:00,36521466,USL Championship,USA,Miami FC,Sporting Jax,2026-09-30T23:00:00+00:00,47.5173,soccer.total_goals,period=ft,under,total=5.5,1.11
2026-10-01T00:12:28.964236+02:00,36521471,USL Championship,USA,Rhode Island FC,Indy Eleven,2026-09-30T23:30:00+00:00,77.5173,soccer.asian_handicap,period=ft,home,handicap=-0.5,1.85
2026-10-01T00:12:28.964236+02:00,36521471,USL Championship,USA,Rhode Island FC,Indy Eleven,2026-09-30T23:30:00+00:00,77.5173,soccer.asian_handicap,period=ft,away,handicap=-0.5,1.96
2026-10-01T00:12:28.964236+02:00,36521471,USL Championship,USA,Rhode Island FC,Indy Eleven,2026-09-30T23:30:00+00:00,77.5173,soccer.asian_handicap,period=ft,home,handicap=-1.5,3.2
2026-10-01T00:12:28.964236+02:00,36521471,USL Championship,USA,Rhode Island FC,Indy Eleven,2026-09-30T23:30:00+00:00,77.5173,soccer.asian_handicap,period=ft,away,handicap=-1.5,1.33
2026-10-01T00:12:28.964236+02:00,36521471,USL Championship,USA,Rhode Island FC,Indy Eleven,2026-09-30T23:30:00+00:00,77.5173,soccer.asian_handicap,period=ft,home,handicap=-1.25,2.85
2026-10-01T00:12:28.964236+02:00,36521471,USL Championship,USA,Rhode Island FC,Indy Eleven,2026-09-30T23:30:00+00:00,77.5173,soccer.asian_handicap,period=ft,away,handicap=-1.25,1.4
2026-10-01T00:12:28.964236+02:00,36521471,USL Championship,USA,Rhode Island FC,Indy Eleven,2026-09-30T23:30:00+00:00,77.5173,soccer.asian_handicap,period=ft,home,handicap=-1,2.5
2026-10-01T00:12:28.964236+02:00,36521471,USL Championship,USA,Rhode Island FC,Indy Eleven,2026-09-30T23:30:00+00:00,77.5173,soccer.asian_handicap,period=ft,away,handicap=-1,1.51
2026-10-01T00:12:28.964236+02:00,36521471,USL Championship,USA,Rhode Island FC,Indy Eleven,2026-09-30T23:30:00+00:00,77.5173,soccer.asian_handicap,period=ft,home,handicap=-0.75,2.09
2026-10-01T00:12:28.964236+02:00,36521471,USL Championship,USA,Rhode Island FC,Indy Eleven,2026-09-30T23:30:00+00:00,77.5173,soccer.asian_handicap,period=ft,away,handicap=-0.75,1.73
2026-10-01T00:12:28.964236+02:00,36521471,USL Championship,USA,Rhode Island FC,Indy Eleven,2026-09-30T23:30:00+00:00,77.5173,soccer.asian_handicap,period=ft,home,handicap=-0.25,1.63
2026-10-01T00:12:28.964236+02:00,36521471,USL Championship,USA,Rhode Island FC,Indy Eleven,2026-09-30T23:30:00+00:00,77.5173,soccer.asian_handicap,period=ft,away,handicap=-0.25,2.25
2026-10-01T00:12:28.964236+02:00,36521471,USL Championship,USA,Rhode Island FC,Indy Eleven,2026-09-30T23:30:00+00:00,77.5173,soccer.asian_handicap,period=ft,home,handicap=0,1.43
2026-10-01T00:12:28.964236+02:00,36521471,USL Championship,USA,Rhode Island FC,Indy Eleven,2026-09-30T23:30:00+00:00,77.5173,soccer.asian_handicap,period=ft,away,handicap=0,2.8
2026-10-01T00:12:28.964236+02:00,36521471,USL Championship,USA,Rhode Island FC,Indy Eleven,2026-09-30T23:30:00+00:00,77.5173,soccer.asian_handicap,period=ft,home,handicap=0.25,1.34
2026-10-01T00:12:28.964236+02:00,36521471,USL Championship,USA,Rhode Island FC,Indy Eleven,2026-09-30T23:30:00+00:00,77.5173,soccer.asian_handicap,period=ft,away,handicap=0.25,3.15
2026-10-01T00:12:28.964236+02:00,36521471,USL Championship,USA,Rhode Island FC,Indy Eleven,2026-09-30T23:30:00+00:00,77.5173,soccer.asian_handicap,period=ft,home,handicap=0.5,1.28
2026-10-01T00:12:28.964236+02:00,36521471,USL Championship,USA,Rhode Island FC,Indy Eleven,2026-09-30T23:30:00+00:00,77.5173,soccer.asian_handicap,period=ft,away,handicap=0.5,3.55
2026-10-01T00:12:28.964236+02:00,36521471,USL Championship,USA,Rhode Island FC,Indy Eleven,2026-09-30T23:30:00+00:00,77.5173,soccer.double_chance,period=ft,draw_away,,1.72
2026-10-01T00:12:28.964236+02:00,36521471,USL Championship,USA,Rhode Island FC,Indy Eleven,2026-09-30T23:30:00+00:00,77.5173,soccer.double_chance,period=ft,home_away,,1.23
2026-10-01T00:12:28.964236+02:00,36521471,USL Championship,USA,Rhode Island FC,Indy Eleven,2026-09-30T23:30:00+00:00,77.5173,soccer.double_chance,period=ft,home_draw,,1.24
2026-10-01T00:12:28.964236+02:00,36521471,USL Championship,USA,Rhode Island FC,Indy Eleven,2026-09-30T23:30:00+00:00,77.5173,soccer.match_odds,period=ft,home,,1.84
2026-10-01T00:12:28.964236+02:00,36521471,USL Championship,USA,Rhode Island FC,Indy Eleven,2026-09-30T23:30:00+00:00,77.5173,soccer.match_odds,period=ft,draw,,4.1
2026-10-01T00:12:28.964236+02:00,36521471,USL Championship,USA,Rhode Island FC,Indy Eleven,2026-09-30T23:30:00+00:00,77.5173,soccer.match_odds,period=ft,away,,3.55
2026-10-01T00:12:28.964236+02:00,36521471,USL Championship,USA,Rhode Island FC,Indy Eleven,2026-09-30T23:30:00+00:00,77.5173,soccer.total_goals,period=ft,over,total=2.75,1.8
2026-10-01T00:12:28.964236+02:00,36521471,USL Championship,USA,Rhode Island FC,Indy Eleven,2026-09-30T23:30:00+00:00,77.5173,soccer.total_goals,period=ft,under,total=2.75,2.0
2026-10-01T00:12:28.964236+02:00,36521471,USL Championship,USA,Rhode Island FC,Indy Eleven,2026-09-30T23:30:00+00:00,77.5173,soccer.total_goals,period=ft,over,total=1.5,1.19
2026-10-01T00:12:28.964236+02:00,36521471,USL Championship,USA,Rhode Island FC,Indy Eleven,2026-09-30T23:30:00+00:00,77.5173,soccer.total_goals,period=ft,under,total=1.5,4.35
2026-10-01T00:12:28.964236+02:00,36521471,USL Championship,USA,Rhode Island FC,Indy Eleven,2026-09-30T23:30:00+00:00,77.5173,soccer.total_goals,period=ft,over,total=2.25,1.46
2026-10-01T00:12:28.964236+02:00,36521471,USL Championship,USA,Rhode Island FC,Indy Eleven,2026-09-30T23:30:00+00:00,77.5173,soccer.total_goals,period=ft,under,total=2.25,2.65
2026-10-01T00:12:28.964236+02:00,36521471,USL Championship,USA,Rhode Island FC,Indy Eleven,2026-09-30T23:30:00+00:00,77.5173,soccer.total_goals,period=ft,over,total=2.5,1.64
2026-10-01T00:12:28.964236+02:00,36521471,USL Championship,USA,Rhode Island FC,Indy Eleven,2026-09-30T23:30:00+00:00,77.5173,soccer.total_goals,period=ft,under,total=2.5,2.2
2026-10-01T00:12:28.964236+02:00,36521471,USL Championship,USA,Rhode Island FC,Indy Eleven,2026-09-30T23:30:00+00:00,77.5173,soccer.total_goals,period=ft,over,total=3,2.06
2026-10-01T00:12:28.964236+02:00,36521471,USL Championship,USA,Rhode Island FC,Indy Eleven,2026-09-30T23:30:00+00:00,77.5173,soccer.total_goals,period=ft,under,total=3,1.74
2026-10-01T00:12:28.964236+02:00,36521471,USL Championship,USA,Rhode Island FC,Indy Eleven,2026-09-30T23:30:00+00:00,77.5173,soccer.total_goals,period=ft,over,total=3.25,2.35
2026-10-01T00:12:28.964236+02:00,36521471,USL Championship,USA,Rhode Island FC,Indy Eleven,2026-09-30T23:30:00+00:00,77.5173,soccer.total_goals,period=ft,under,total=3.25,1.57
2026-10-01T00:12:28.964236+02:00,36521471,USL Championship,USA,Rhode Island FC,Indy Eleven,2026-09-30T23:30:00+00:00,77.5173,soccer.total_goals,period=ft,over,total=3.5,2.6
2026-10-01T00:12:28.964236+02:00,36521471,USL Championship,USA,Rhode Island FC,Indy Eleven,2026-09-30T23:30:00+00:00,77.5173,soccer.total_goals,period=ft,under,total=3.5,1.46
2026-10-01T00:12:28.964236+02:00,36521471,USL Championship,USA,Rhode Island FC,Indy Eleven,2026-09-30T23:30:00+00:00,77.5173,soccer.total_goals,period=ft,over,total=4.5,4.8
2026-10-01T00:12:28.964236+02:00,36521471,USL Championship,USA,Rhode Island FC,Indy Eleven,2026-09-30T23:30:00+00:00,77.5173,soccer.total_goals,period=ft,under,total=4.5,1.16
2026-10-01T00:12:28.964236+02:00,36577730,Segunda Division,Venezuela,CD Lara,REAL FRONTERA FC,2026-09-30T23:00:00+00:00,47.5173,soccer.asian_handicap,period=ft,home,handicap=-2.25,1.82
2026-10-01T00:12:28.964236+02:00,36577730,Segunda Division,Venezuela,CD Lara,REAL FRONTERA FC,2026-09-30T23:00:00+00:00,47.5173,soccer.asian_handicap,period=ft,away,handicap=-2.25,1.86
2026-10-01T00:12:28.964236+02:00,36577730,Segunda Division,Venezuela,CD Lara,REAL FRONTERA FC,2026-09-30T23:00:00+00:00,47.5173,soccer.asian_handicap,period=ft,home,handicap=-3,2.8
2026-10-01T00:12:28.964236+02:00,36577730,Segunda Division,Venezuela,CD Lara,REAL FRONTERA FC,2026-09-30T23:00:00+00:00,47.5173,soccer.asian_handicap,period=ft,away,handicap=-3,1.34
2026-10-01T00:12:28.964236+02:00,36577730,Segunda Division,Venezuela,CD Lara,REAL FRONTERA FC,2026-09-30T23:00:00+00:00,47.5173,soccer.asian_handicap,period=ft,home,handicap=-2.75,2.25
2026-10-01T00:12:28.964236+02:00,36577730,Segunda Division,Venezuela,CD Lara,REAL FRONTERA FC,2026-09-30T23:00:00+00:00,47.5173,soccer.asian_handicap,period=ft,away,handicap=-2.75,1.5
2026-10-01T00:12:28.964236+02:00,36577730,Segunda Division,Venezuela,CD Lara,REAL FRONTERA FC,2026-09-30T23:00:00+00:00,47.5173,soccer.asian_handicap,period=ft,home,handicap=-2.5,2.02
2026-10-01T00:12:28.964236+02:00,36577730,Segunda Division,Venezuela,CD Lara,REAL FRONTERA FC,2026-09-30T23:00:00+00:00,47.5173,soccer.asian_handicap,period=ft,away,handicap=-2.5,1.66
2026-10-01T00:12:28.964236+02:00,36577730,Segunda Division,Venezuela,CD Lara,REAL FRONTERA FC,2026-09-30T23:00:00+00:00,47.5173,soccer.asian_handicap,period=ft,home,handicap=-2,1.57
2026-10-01T00:12:28.964236+02:00,36577730,Segunda Division,Venezuela,CD Lara,REAL FRONTERA FC,2026-09-30T23:00:00+00:00,47.5173,soccer.asian_handicap,period=ft,away,handicap=-2,2.17
2026-10-01T00:12:28.964236+02:00,36577730,Segunda Division,Venezuela,CD Lara,REAL FRONTERA FC,2026-09-30T23:00:00+00:00,47.5173,soccer.asian_handicap,period=ft,home,handicap=-1.75,1.44
2026-10-01T00:12:28.964236+02:00,36577730,Segunda Division,Venezuela,CD Lara,REAL FRONTERA FC,2026-09-30T23:00:00+00:00,47.5173,soccer.asian_handicap,period=ft,away,handicap=-1.75,2.4
2026-10-01T00:12:28.964236+02:00,36577730,Segunda Division,Venezuela,CD Lara,REAL FRONTERA FC,2026-09-30T23:00:00+00:00,47.5173,soccer.asian_handicap,period=ft,home,handicap=-1.5,1.35
2026-10-01T00:12:28.964236+02:00,36577730,Segunda Division,Venezuela,CD Lara,REAL FRONTERA FC,2026-09-30T23:00:00+00:00,47.5173,soccer.asian_handicap,period=ft,away,handicap=-1.5,2.7
2026-10-01T00:12:28.964236+02:00,36577730,Segunda Division,Venezuela,CD Lara,REAL FRONTERA FC,2026-09-30T23:00:00+00:00,47.5173,soccer.double_chance,period=ft,draw_away,,5.0
2026-10-01T00:12:28.964236+02:00,36577730,Segunda Division,Venezuela,CD Lara,REAL FRONTERA FC,2026-09-30T23:00:00+00:00,47.5173,soccer.double_chance,period=ft,home_away,,1.07
2026-10-01T00:12:28.964236+02:00,36577730,Segunda Division,Venezuela,CD Lara,REAL FRONTERA FC,2026-09-30T23:00:00+00:00,47.5173,soccer.double_chance,period=ft,home_draw,,1.04
2026-10-01T00:12:28.964236+02:00,36577730,Segunda Division,Venezuela,CD Lara,REAL FRONTERA FC,2026-09-30T23:00:00+00:00,47.5173,soccer.match_odds,period=ft,home,,1.11
2026-10-01T00:12:28.964236+02:00,36577730,Segunda Division,Venezuela,CD Lara,REAL FRONTERA FC,2026-09-30T23:00:00+00:00,47.5173,soccer.match_odds,period=ft,draw,,8.2
2026-10-01T00:12:28.964236+02:00,36577730,Segunda Division,Venezuela,CD Lara,REAL FRONTERA FC,2026-09-30T23:00:00+00:00,47.5173,soccer.match_odds,period=ft,away,,12.0
2026-10-01T00:12:28.964236+02:00,36577730,Segunda Division,Venezuela,CD Lara,REAL FRONTERA FC,2026-09-30T23:00:00+00:00,47.5173,soccer.total_goals,period=ft,over,total=3.25,1.78
2026-10-01T00:12:28.964236+02:00,36577730,Segunda Division,Venezuela,CD Lara,REAL FRONTERA FC,2026-09-30T23:00:00+00:00,47.5173,soccer.total_goals,period=ft,under,total=3.25,1.9
2026-10-01T00:12:28.964236+02:00,36577730,Segunda Division,Venezuela,CD Lara,REAL FRONTERA FC,2026-09-30T23:00:00+00:00,47.5173,soccer.total_goals,period=ft,over,total=2.5,1.33
2026-10-01T00:12:28.964236+02:00,36577730,Segunda Division,Venezuela,CD Lara,REAL FRONTERA FC,2026-09-30T23:00:00+00:00,47.5173,soccer.total_goals,period=ft,under,total=2.5,2.8
2026-10-01T00:12:28.964236+02:00,36577730,Segunda Division,Venezuela,CD Lara,REAL FRONTERA FC,2026-09-30T23:00:00+00:00,47.5173,soccer.total_goals,period=ft,over,total=2.75,1.41
2026-10-01T00:12:28.964236+02:00,36577730,Segunda Division,Venezuela,CD Lara,REAL FRONTERA FC,2026-09-30T23:00:00+00:00,47.5173,soccer.total_goals,period=ft,under,total=2.75,2.5
2026-10-01T00:12:28.964236+02:00,36577730,Segunda Division,Venezuela,CD Lara,REAL FRONTERA FC,2026-09-30T23:00:00+00:00,47.5173,soccer.total_goals,period=ft,over,total=3,1.54
2026-10-01T00:12:28.964236+02:00,36577730,Segunda Division,Venezuela,CD Lara,REAL FRONTERA FC,2026-09-30T23:00:00+00:00,47.5173,soccer.total_goals,period=ft,under,total=3,2.2
2026-10-01T00:12:28.964236+02:00,36577730,Segunda Division,Venezuela,CD Lara,REAL FRONTERA FC,2026-09-30T23:00:00+00:00,47.5173,soccer.total_goals,period=ft,over,total=3.5,1.99
2026-10-01T00:12:28.964236+02:00,36577730,Segunda Division,Venezuela,CD Lara,REAL FRONTERA FC,2026-09-30T23:00:00+00:00,47.5173,soccer.total_goals,period=ft,under,total=3.5,1.69
2026-10-01T00:12:28.964236+02:00,36577730,Segunda Division,Venezuela,CD Lara,REAL FRONTERA FC,2026-09-30T23:00:00+00:00,47.5173,soccer.total_goals,period=ft,over,total=3.75,2.25
2026-10-01T00:12:28.964236+02:00,36577730,Segunda Division,Venezuela,CD Lara,REAL FRONTERA FC,2026-09-30T23:00:00+00:00,47.5173,soccer.total_goals,period=ft,under,total=3.75,1.51
2026-10-01T00:12:28.964236+02:00,36577730,Segunda Division,Venezuela,CD Lara,REAL FRONTERA FC,2026-09-30T23:00:00+00:00,47.5173,soccer.total_goals,period=ft,over,total=4,2.7
2026-10-01T00:12:28.964236+02:00,36577730,Segunda Division,Venezuela,CD Lara,REAL FRONTERA FC,2026-09-30T23:00:00+00:00,47.5173,soccer.total_goals,period=ft,under,total=4,1.35
2026-10-01T00:12:28.964236+02:00,36577752,Brazil Campeonato Paraibano (PB) Division 2,Brazil,Auto EC (PB),Picuiense PB,2026-09-30T23:15:00+00:00,62.5173,soccer.asian_handicap,period=ft,home,handicap=-1.75,1.75
2026-10-01T00:12:28.964236+02:00,36577752,Brazil Campeonato Paraibano (PB) Division 2,Brazil,Auto EC (PB),Picuiense PB,2026-09-30T23:15:00+00:00,62.5173,soccer.asian_handicap,period=ft,away,handicap=-1.75,1.94
2026-10-01T00:12:28.964236+02:00,36577752,Brazil Campeonato Paraibano (PB) Division 2,Brazil,Auto EC (PB),Picuiense PB,2026-09-30T23:15:00+00:00,62.5173,soccer.asian_handicap,period=ft,home,handicap=-2.5,2.45
2026-10-01T00:12:28.964236+02:00,36577752,Brazil Campeonato Paraibano (PB) Division 2,Brazil,Auto EC (PB),Picuiense PB,2026-09-30T23:15:00+00:00,62.5173,soccer.asian_handicap,period=ft,away,handicap=-2.5,1.42
2026-10-01T00:12:28.964236+02:00,36577752,Brazil Campeonato Paraibano (PB) Division 2,Brazil,Auto EC (PB),Picuiense PB,2026-09-30T23:15:00+00:00,62.5173,soccer.asian_handicap,period=ft,home,handicap=-2.25,2.2
2026-10-01T00:12:28.964236+02:00,36577752,Brazil Campeonato Paraibano (PB) Division 2,Brazil,Auto EC (PB),Picuiense PB,2026-09-30T23:15:00+00:00,62.5173,soccer.asian_handicap,period=ft,away,handicap=-2.25,1.52
2026-10-01T00:12:28.964236+02:00,36577752,Brazil Campeonato Paraibano (PB) Division 2,Brazil,Auto EC (PB),Picuiense PB,2026-09-30T23:15:00+00:00,62.5173,soccer.asian_handicap,period=ft,home,handicap=-2,1.99
2026-10-01T00:12:28.964236+02:00,36577752,Brazil Campeonato Paraibano (PB) Division 2,Brazil,Auto EC (PB),Picuiense PB,2026-09-30T23:15:00+00:00,62.5173,soccer.asian_handicap,period=ft,away,handicap=-2,1.69
2026-10-01T00:12:28.964236+02:00,36577752,Brazil Campeonato Paraibano (PB) Division 2,Brazil,Auto EC (PB),Picuiense PB,2026-09-30T23:15:00+00:00,62.5173,soccer.asian_handicap,period=ft,home,handicap=-1.5,1.59
2026-10-01T00:12:28.964236+02:00,36577752,Brazil Campeonato Paraibano (PB) Division 2,Brazil,Auto EC (PB),Picuiense PB,2026-09-30T23:15:00+00:00,62.5173,soccer.asian_handicap,period=ft,away,handicap=-1.5,2.15
2026-10-01T00:12:28.964236+02:00,36577752,Brazil Campeonato Paraibano (PB) Division 2,Brazil,Auto EC (PB),Picuiense PB,2026-09-30T23:15:00+00:00,62.5173,soccer.asian_handicap,period=ft,home,handicap=-1.25,1.42
2026-10-01T00:12:28.964236+02:00,36577752,Brazil Campeonato Paraibano (PB) Division 2,Brazil,Auto EC (PB),Picuiense PB,2026-09-30T23:15:00+00:00,62.5173,soccer.asian_handicap,period=ft,away,handicap=-1.25,2.45
2026-10-01T00:12:28.964236+02:00,36577752,Brazil Campeonato Paraibano (PB) Division 2,Brazil,Auto EC (PB),Picuiense PB,2026-09-30T23:15:00+00:00,62.5173,soccer.asian_handicap,period=ft,home,handicap=-1,1.27
2026-10-01T00:12:28.964236+02:00,36577752,Brazil Campeonato Paraibano (PB) Division 2,Brazil,Auto EC (PB),Picuiense PB,2026-09-30T23:15:00+00:00,62.5173,soccer.asian_handicap,period=ft,away,handicap=-1,3.1
2026-10-01T00:12:28.964236+02:00,36577752,Brazil Campeonato Paraibano (PB) Division 2,Brazil,Auto EC (PB),Picuiense PB,2026-09-30T23:15:00+00:00,62.5173,soccer.total_goals,period=ft,over,total=3,1.74
2026-10-01T00:12:28.964236+02:00,36577752,Brazil Campeonato Paraibano (PB) Division 2,Brazil,Auto EC (PB),Picuiense PB,2026-09-30T23:15:00+00:00,62.5173,soccer.total_goals,period=ft,under,total=3,1.95
2026-10-01T00:12:28.964236+02:00,36577752,Brazil Campeonato Paraibano (PB) Division 2,Brazil,Auto EC (PB),Picuiense PB,2026-09-30T23:15:00+00:00,62.5173,soccer.total_goals,period=ft,over,total=2.25,1.31
2026-10-01T00:12:28.964236+02:00,36577752,Brazil Campeonato Paraibano (PB) Division 2,Brazil,Auto EC (PB),Picuiense PB,2026-09-30T23:15:00+00:00,62.5173,soccer.total_goals,period=ft,under,total=2.25,2.9
2026-10-01T00:12:28.964236+02:00,36577752,Brazil Campeonato Paraibano (PB) Division 2,Brazil,Auto EC (PB),Picuiense PB,2026-09-30T23:15:00+00:00,62.5173,soccer.total_goals,period=ft,over,total=2.5,1.46
2026-10-01T00:12:28.964236+02:00,36577752,Brazil Campeonato Paraibano (PB) Division 2,Brazil,Auto EC (PB),Picuiense PB,2026-09-30T23:15:00+00:00,62.5173,soccer.total_goals,period=ft,under,total=2.5,2.35
2026-10-01T00:12:28.964236+02:00,36577752,Brazil Campeonato Paraibano (PB) Division 2,Brazil,Auto EC (PB),Picuiense PB,2026-09-30T23:15:00+00:00,62.5173,soccer.total_goals,period=ft,over,total=2.75,1.57
2026-10-01T00:12:28.964236+02:00,36577752,Brazil Campeonato Paraibano (PB) Division 2,Brazil,Auto EC (PB),Picuiense PB,2026-09-30T23:15:00+00:00,62.5173,soccer.total_goals,period=ft,under,total=2.75,2.17
2026-10-01T00:12:28.964236+02:00,36577752,Brazil Campeonato Paraibano (PB) Division 2,Brazil,Auto EC (PB),Picuiense PB,2026-09-30T23:15:00+00:00,62.5173,soccer.total_goals,period=ft,over,total=3.25,1.96
2026-10-01T00:12:28.964236+02:00,36577752,Brazil Campeonato Paraibano (PB) Division 2,Brazil,Auto EC (PB),Picuiense PB,2026-09-30T23:15:00+00:00,62.5173,soccer.total_goals,period=ft,under,total=3.25,1.71
2026-10-01T00:12:28.964236+02:00,36577752,Brazil Campeonato Paraibano (PB) Division 2,Brazil,Auto EC (PB),Picuiense PB,2026-09-30T23:15:00+00:00,62.5173,soccer.total_goals,period=ft,over,total=3.5,2.14
2026-10-01T00:12:28.964236+02:00,36577752,Brazil Campeonato Paraibano (PB) Division 2,Brazil,Auto EC (PB),Picuiense PB,2026-09-30T23:15:00+00:00,62.5173,soccer.total_goals,period=ft,under,total=3.5,1.56
2026-10-01T00:12:28.964236+02:00,36577752,Brazil Campeonato Paraibano (PB) Division 2,Brazil,Auto EC (PB),Picuiense PB,2026-09-30T23:15:00+00:00,62.5173,soccer.total_goals,period=ft,over,total=3.75,2.45
2026-10-01T00:12:28.964236+02:00,36577752,Brazil Campeonato Paraibano (PB) Division 2,Brazil,Auto EC (PB),Picuiense PB,2026-09-30T23:15:00+00:00,62.5173,soccer.total_goals,period=ft,under,total=3.75,1.43
2026-10-01T00:12:28.964236+02:00,36522149,Primera Division,Uruguay,Montevideo City Torque,CA Penarol Montevideo,2026-09-30T23:00:00+00:00,47.5173,soccer.asian_handicap,period=ft,home,handicap=0.25,2.03
2026-10-01T00:12:28.964236+02:00,36522149,Primera Division,Uruguay,Montevideo City Torque,CA Penarol Montevideo,2026-09-30T23:00:00+00:00,47.5173,soccer.asian_handicap,period=ft,away,handicap=0.25,1.8
2026-10-01T00:12:28.964236+02:00,36522149,Primera Division,Uruguay,Montevideo City Torque,CA Penarol Montevideo,2026-09-30T23:00:00+00:00,47.5173,soccer.asian_handicap,period=ft,home,handicap=-0.75,4.4
2026-10-01T00:12:28.964236+02:00,36522149,Primera Division,Uruguay,Montevideo City Torque,CA Penarol Montevideo,2026-09-30T23:00:00+00:00,47.5173,soccer.asian_handicap,period=ft,away,handicap=-0.75,1.2
2026-10-01T00:12:28.964236+02:00,36522149,Primera Division,Uruguay,Montevideo City Torque,CA Penarol Montevideo,2026-09-30T23:00:00+00:00,47.5173,soccer.asian_handicap,period=ft,home,handicap=-0.5,3.4
2026-10-01T00:12:28.964236+02:00,36522149,Primera Division,Uruguay,Montevideo City Torque,CA Penarol Montevideo,2026-09-30T23:00:00+00:00,47.5173,soccer.asian_handicap,period=ft,away,handicap=-0.5,1.31
2026-10-01T00:12:28.964236+02:00,36522149,Primera Division,Uruguay,Montevideo City Torque,CA Penarol Montevideo,2026-09-30T23:00:00+00:00,47.5173,soccer.asian_handicap,period=ft,home,handicap=-0.25,2.95
2026-10-01T00:12:28.964236+02:00,36522149,Primera Division,Uruguay,Montevideo City Torque,CA Penarol Montevideo,2026-09-30T23:00:00+00:00,47.5173,soccer.asian_handicap,period=ft,away,handicap=-0.25,1.39
2026-10-01T00:12:28.964236+02:00,36522149,Primera Division,Uruguay,Montevideo City Torque,CA Penarol Montevideo,2026-09-30T23:00:00+00:00,47.5173,soccer.asian_handicap,period=ft,home,handicap=0,2.5
2026-10-01T00:12:28.964236+02:00,36522149,Primera Division,Uruguay,Montevideo City Torque,CA Penarol Montevideo,2026-09-30T23:00:00+00:00,47.5173,soccer.asian_handicap,period=ft,away,handicap=0,1.52
2026-10-01T00:12:28.964236+02:00,36522149,Primera Division,Uruguay,Montevideo City Torque,CA Penarol Montevideo,2026-09-30T23:00:00+00:00,47.5173,soccer.asian_handicap,period=ft,home,handicap=0.5,1.76
2026-10-01T00:12:28.964236+02:00,36522149,Primera Division,Uruguay,Montevideo City Torque,CA Penarol Montevideo,2026-09-30T23:00:00+00:00,47.5173,soccer.asian_handicap,period=ft,away,handicap=0.5,2.07
2026-10-01T00:12:28.964236+02:00,36522149,Primera Division,Uruguay,Montevideo City Torque,CA Penarol Montevideo,2026-09-30T23:00:00+00:00,47.5173,soccer.asian_handicap,period=ft,home,handicap=0.75,1.55
2026-10-01T00:12:28.964236+02:00,36522149,Primera Division,Uruguay,Montevideo City Torque,CA Penarol Montevideo,2026-09-30T23:00:00+00:00,47.5173,soccer.asian_handicap,period=ft,away,handicap=0.75,2.45
2026-10-01T00:12:28.964236+02:00,36522149,Primera Division,Uruguay,Montevideo City Torque,CA Penarol Montevideo,2026-09-30T23:00:00+00:00,47.5173,soccer.asian_handicap,period=ft,home,handicap=1,1.34
2026-10-01T00:12:28.964236+02:00,36522149,Primera Division,Uruguay,Montevideo City Torque,CA Penarol Montevideo,2026-09-30T23:00:00+00:00,47.5173,soccer.asian_handicap,period=ft,away,handicap=1,3.15
2026-10-01T00:12:28.964236+02:00,36522149,Primera Division,Uruguay,Montevideo City Torque,CA Penarol Montevideo,2026-09-30T23:00:00+00:00,47.5173,soccer.asian_handicap,period=ft,home,handicap=1.25,1.27
2026-10-01T00:12:28.964236+02:00,36522149,Primera Division,Uruguay,Montevideo City Torque,CA Penarol Montevideo,2026-09-30T23:00:00+00:00,47.5173,soccer.asian_handicap,period=ft,away,handicap=1.25,3.65
2026-10-01T00:12:28.964236+02:00,36522149,Primera Division,Uruguay,Montevideo City Torque,CA Penarol Montevideo,2026-09-30T23:00:00+00:00,47.5173,soccer.double_chance,period=ft,draw_away,,1.32
2026-10-01T00:12:28.964236+02:00,36522149,Primera Division,Uruguay,Montevideo City Torque,CA Penarol Montevideo,2026-09-30T23:00:00+00:00,47.5173,soccer.double_chance,period=ft,home_away,,1.27
2026-10-01T00:12:28.964236+02:00,36522149,Primera Division,Uruguay,Montevideo City Torque,CA Penarol Montevideo,2026-09-30T23:00:00+00:00,47.5173,soccer.double_chance,period=ft,home_draw,,1.76
2026-10-01T00:12:28.964236+02:00,36522149,Primera Division,Uruguay,Montevideo City Torque,CA Penarol Montevideo,2026-09-30T23:00:00+00:00,47.5173,soccer.match_odds,period=ft,home,,3.4
2026-10-01T00:12:28.964236+02:00,36522149,Primera Division,Uruguay,Montevideo City Torque,CA Penarol Montevideo,2026-09-30T23:00:00+00:00,47.5173,soccer.match_odds,period=ft,draw,,3.5
2026-10-01T00:12:28.964236+02:00,36522149,Primera Division,Uruguay,Montevideo City Torque,CA Penarol Montevideo,2026-09-30T23:00:00+00:00,47.5173,soccer.match_odds,period=ft,away,,2.07
2026-10-01T00:12:28.964236+02:00,36522149,Primera Division,Uruguay,Montevideo City Torque,CA Penarol Montevideo,2026-09-30T23:00:00+00:00,47.5173,soccer.total_goals,period=ft,over,total=2.5,2.01
2026-10-01T00:12:28.964236+02:00,36522149,Primera Division,Uruguay,Montevideo City Torque,CA Penarol Montevideo,2026-09-30T23:00:00+00:00,47.5173,soccer.total_goals,period=ft,under,total=2.5,1.8
2026-10-01T00:12:28.964236+02:00,36522149,Primera Division,Uruguay,Montevideo City Torque,CA Penarol Montevideo,2026-09-30T23:00:00+00:00,47.5173,soccer.total_goals,period=ft,over,total=1.5,1.3
2026-10-01T00:12:28.964236+02:00,36522149,Primera Division,Uruguay,Montevideo City Torque,CA Penarol Montevideo,2026-09-30T23:00:00+00:00,47.5173,soccer.total_goals,period=ft,under,total=1.5,3.35
2026-10-01T00:12:28.964236+02:00,36522149,Primera Division,Uruguay,Montevideo City Torque,CA Penarol Montevideo,2026-09-30T23:00:00+00:00,47.5173,soccer.total_goals,period=ft,over,total=2,1.5
2026-10-01T00:12:28.964236+02:00,36522149,Primera Division,Uruguay,Montevideo City Torque,CA Penarol Montevideo,2026-09-30T23:00:00+00:00,47.5173,soccer.total_goals,period=ft,under,total=2,2.55
2026-10-01T00:12:28.964236+02:00,36522149,Primera Division,Uruguay,Montevideo City Torque,CA Penarol Montevideo,2026-09-30T23:00:00+00:00,47.5173,soccer.total_goals,period=ft,over,total=2.25,1.75
2026-10-01T00:12:28.964236+02:00,36522149,Primera Division,Uruguay,Montevideo City Torque,CA Penarol Montevideo,2026-09-30T23:00:00+00:00,47.5173,soccer.total_goals,period=ft,under,total=2.25,2.05
2026-10-01T00:12:28.964236+02:00,36522149,Primera Division,Uruguay,Montevideo City Torque,CA Penarol Montevideo,2026-09-30T23:00:00+00:00,47.5173,soccer.total_goals,period=ft,over,total=2.75,2.3
2026-10-01T00:12:28.964236+02:00,36522149,Primera Division,Uruguay,Montevideo City Torque,CA Penarol Montevideo,2026-09-30T23:00:00+00:00,47.5173,soccer.total_goals,period=ft,under,total=2.75,1.6
2026-10-01T00:12:28.964236+02:00,36522149,Primera Division,Uruguay,Montevideo City Torque,CA Penarol Montevideo,2026-09-30T23:00:00+00:00,47.5173,soccer.total_goals,period=ft,over,total=3,2.85
2026-10-01T00:12:28.964236+02:00,36522149,Primera Division,Uruguay,Montevideo City Torque,CA Penarol Montevideo,2026-09-30T23:00:00+00:00,47.5173,soccer.total_goals,period=ft,under,total=3,1.41
2026-10-01T00:12:28.964236+02:00,36522149,Primera Division,Uruguay,Montevideo City Torque,CA Penarol Montevideo,2026-09-30T23:00:00+00:00,47.5173,soccer.total_goals,period=ft,over,total=3.5,3.55
2026-10-01T00:12:28.964236+02:00,36522149,Primera Division,Uruguay,Montevideo City Torque,CA Penarol Montevideo,2026-09-30T23:00:00+00:00,47.5173,soccer.total_goals,period=ft,under,total=3.5,1.28
2026-10-01T00:12:28.964236+02:00,36522149,Primera Division,Uruguay,Montevideo City Torque,CA Penarol Montevideo,2026-09-30T23:00:00+00:00,47.5173,soccer.total_goals,period=ft,over,total=4.5,7.05
2026-10-01T00:12:28.964236+02:00,36522149,Primera Division,Uruguay,Montevideo City Torque,CA Penarol Montevideo,2026-09-30T23:00:00+00:00,47.5173,soccer.total_goals,period=ft,under,total=4.5,1.09
2026-10-01T00:12:28.964236+02:00,36577342,"Gaucho, Serie B",Brazil,SER Cruz Alta (RS),Rio Grande (RS),2026-09-30T22:30:00+00:00,17.5173,soccer.asian_handicap,period=ft,home,handicap=-1,1.89
2026-10-01T00:12:28.964236+02:00,36577342,"Gaucho, Serie B",Brazil,SER Cruz Alta (RS),Rio Grande (RS),2026-09-30T22:30:00+00:00,17.5173,soccer.asian_handicap,period=ft,away,handicap=-1,1.72
2026-10-01T00:12:28.964236+02:00,36577342,"Gaucho, Serie B",Brazil,SER Cruz Alta (RS),Rio Grande (RS),2026-09-30T22:30:00+00:00,17.5173,soccer.asian_handicap,period=ft,home,handicap=-1.5,2.4
2026-10-01T00:12:28.964236+02:00,36577342,"Gaucho, Serie B",Brazil,SER Cruz Alta (RS),Rio Grande (RS),2026-09-30T22:30:00+00:00,17.5173,soccer.asian_handicap,period=ft,away,handicap=-1.5,1.44
2026-10-01T00:12:28.964236+02:00,36577342,"Gaucho, Serie B",Brazil,SER Cruz Alta (RS),Rio Grande (RS),2026-09-30T22:30:00+00:00,17.5173,soccer.asian_handicap,period=ft,home,handicap=-1.25,2.16
2026-10-01T00:12:28.964236+02:00,36577342,"Gaucho, Serie B",Brazil,SER Cruz Alta (RS),Rio Grande (RS),2026-09-30T22:30:00+00:00,17.5173,soccer.asian_handicap,period=ft,away,handicap=-1.25,1.55
2026-10-01T00:12:28.964236+02:00,36577342,"Gaucho, Serie B",Brazil,SER Cruz Alta (RS),Rio Grande (RS),2026-09-30T22:30:00+00:00,17.5173,soccer.asian_handicap,period=ft,home,handicap=-0.75,1.66
2026-10-01T00:12:28.964236+02:00,36577342,"Gaucho, Serie B",Brazil,SER Cruz Alta (RS),Rio Grande (RS),2026-09-30T22:30:00+00:00,17.5173,soccer.asian_handicap,period=ft,away,handicap=-0.75,1.97
2026-10-01T00:12:28.964236+02:00,36577342,"Gaucho, Serie B",Brazil,SER Cruz Alta (RS),Rio Grande (RS),2026-09-30T22:30:00+00:00,17.5173,soccer.asian_handicap,period=ft,home,handicap=-0.5,1.52
2026-10-01T00:12:28.964236+02:00,36577342,"Gaucho, Serie B",Brazil,SER Cruz Alta (RS),Rio Grande (RS),2026-09-30T22:30:00+00:00,17.5173,soccer.asian_handicap,period=ft,away,handicap=-0.5,2.2
2026-10-01T00:12:28.964236+02:00,36577342,"Gaucho, Serie B",Brazil,SER Cruz Alta (RS),Rio Grande (RS),2026-09-30T22:30:00+00:00,17.5173,soccer.double_chance,period=ft,draw_away,,2.08
2026-10-01T00:12:28.964236+02:00,36577342,"Gaucho, Serie B",Brazil,SER Cruz Alta (RS),Rio Grande (RS),2026-09-30T22:30:00+00:00,17.5173,soccer.double_chance,period=ft,home_away,,1.21
2026-10-01T00:12:28.964236+02:00,36577342,"Gaucho, Serie B",Brazil,SER Cruz Alta (RS),Rio Grande (RS),2026-09-30T22:30:00+00:00,17.5173,soccer.double_chance,period=ft,home_draw,,1.15
2026-10-01T00:12:28.964236+02:00,36577342,"Gaucho, Serie B",Brazil,SER Cruz Alta (RS),Rio Grande (RS),2026-09-30T22:30:00+00:00,17.5173,soccer.match_odds,period=ft,home,,1.52
2026-10-01T00:12:28.964236+02:00,36577342,"Gaucho, Serie B",Brazil,SER Cruz Alta (RS),Rio Grande (RS),2026-09-30T22:30:00+00:00,17.5173,soccer.match_odds,period=ft,draw,,3.75
2026-10-01T00:12:28.964236+02:00,36577342,"Gaucho, Serie B",Brazil,SER Cruz Alta (RS),Rio Grande (RS),2026-09-30T22:30:00+00:00,17.5173,soccer.match_odds,period=ft,away,,4.8
2026-10-01T00:12:28.964236+02:00,36577342,"Gaucho, Serie B",Brazil,SER Cruz Alta (RS),Rio Grande (RS),2026-09-30T22:30:00+00:00,17.5173,soccer.total_goals,period=ft,over,total=2.5,1.72
2026-10-01T00:12:28.964236+02:00,36577342,"Gaucho, Serie B",Brazil,SER Cruz Alta (RS),Rio Grande (RS),2026-09-30T22:30:00+00:00,17.5173,soccer.total_goals,period=ft,under,total=2.5,1.89
2026-10-01T00:14:27.653375+02:00,36577730,Segunda Division,Venezuela,CD Lara,REAL FRONTERA FC,2026-09-30T23:00:00+00:00,45.5391,soccer.asian_handicap,period=ft,home,handicap=-2.25,1.82
2026-10-01T00:14:27.653375+02:00,36577730,Segunda Division,Venezuela,CD Lara,REAL FRONTERA FC,2026-09-30T23:00:00+00:00,45.5391,soccer.asian_handicap,period=ft,away,handicap=-2.25,1.86
2026-10-01T00:14:27.653375+02:00,36577730,Segunda Division,Venezuela,CD Lara,REAL FRONTERA FC,2026-09-30T23:00:00+00:00,45.5391,soccer.asian_handicap,period=ft,home,handicap=-3,2.8
2026-10-01T00:14:27.653375+02:00,36577730,Segunda Division,Venezuela,CD Lara,REAL FRONTERA FC,2026-09-30T23:00:00+00:00,45.5391,soccer.asian_handicap,period=ft,away,handicap=-3,1.34
2026-10-01T00:14:27.653375+02:00,36577730,Segunda Division,Venezuela,CD Lara,REAL FRONTERA FC,2026-09-30T23:00:00+00:00,45.5391,soccer.asian_handicap,period=ft,home,handicap=-2.75,2.25
2026-10-01T00:14:27.653375+02:00,36577730,Segunda Division,Venezuela,CD Lara,REAL FRONTERA FC,2026-09-30T23:00:00+00:00,45.5391,soccer.asian_handicap,period=ft,away,handicap=-2.75,1.5
2026-10-01T00:14:27.653375+02:00,36577730,Segunda Division,Venezuela,CD Lara,REAL FRONTERA FC,2026-09-30T23:00:00+00:00,45.5391,soccer.asian_handicap,period=ft,home,handicap=-2.5,2.02
2026-10-01T00:14:27.653375+02:00,36577730,Segunda Division,Venezuela,CD Lara,REAL FRONTERA FC,2026-09-30T23:00:00+00:00,45.5391,soccer.asian_handicap,period=ft,away,handicap=-2.5,1.66
2026-10-01T00:14:27.653375+02:00,36577730,Segunda Division,Venezuela,CD Lara,REAL FRONTERA FC,2026-09-30T23:00:00+00:00,45.5391,soccer.asian_handicap,period=ft,home,handicap=-2,1.57
2026-10-01T00:14:27.653375+02:00,36577730,Segunda Division,Venezuela,CD Lara,REAL FRONTERA FC,2026-09-30T23:00:00+00:00,45.5391,soccer.asian_handicap,period=ft,away,handicap=-2,2.17
2026-10-01T00:14:27.653375+02:00,36577730,Segunda Division,Venezuela,CD Lara,REAL FRONTERA FC,2026-09-30T23:00:00+00:00,45.5391,soccer.asian_handicap,period=ft,home,handicap=-1.75,1.44
2026-10-01T00:14:27.653375+02:00,36577730,Segunda Division,Venezuela,CD Lara,REAL FRONTERA FC,2026-09-30T23:00:00+00:00,45.5391,soccer.asian_handicap,period=ft,away,handicap=-1.75,2.4
2026-10-01T00:14:27.653375+02:00,36577730,Segunda Division,Venezuela,CD Lara,REAL FRONTERA FC,2026-09-30T23:00:00+00:00,45.5391,soccer.asian_handicap,period=ft,home,handicap=-1.5,1.35
2026-10-01T00:14:27.653375+02:00,36577730,Segunda Division,Venezuela,CD Lara,REAL FRONTERA FC,2026-09-30T23:00:00+00:00,45.5391,soccer.asian_handicap,period=ft,away,handicap=-1.5,2.7
2026-10-01T00:14:27.653375+02:00,36577730,Segunda Division,Venezuela,CD Lara,REAL FRONTERA FC,2026-09-30T23:00:00+00:00,45.5391,soccer.double_chance,period=ft,draw_away,,5.0
2026-10-01T00:14:27.653375+02:00,36577730,Segunda Division,Venezuela,CD Lara,REAL FRONTERA FC,2026-09-30T23:00:00+00:00,45.5391,soccer.double_chance,period=ft,home_away,,1.07
2026-10-01T00:14:27.653375+02:00,36577730,Segunda Division,Venezuela,CD Lara,REAL FRONTERA FC,2026-09-30T23:00:00+00:00,45.5391,soccer.double_chance,period=ft,home_draw,,1.04
2026-10-01T00:14:27.653375+02:00,36577730,Segunda Division,Venezuela,CD Lara,REAL FRONTERA FC,2026-09-30T23:00:00+00:00,45.5391,soccer.match_odds,period=ft,home,,1.11
2026-10-01T00:14:27.653375+02:00,36577730,Segunda Division,Venezuela,CD Lara,REAL FRONTERA FC,2026-09-30T23:00:00+00:00,45.5391,soccer.match_odds,period=ft,draw,,8.2
2026-10-01T00:14:27.653375+02:00,36577730,Segunda Division,Venezuela,CD Lara,REAL FRONTERA FC,2026-09-30T23:00:00+00:00,45.5391,soccer.match_odds,period=ft,away,,12.0
2026-10-01T00:14:27.653375+02:00,36577730,Segunda Division,Venezuela,CD Lara,REAL FRONTERA FC,2026-09-30T23:00:00+00:00,45.5391,soccer.total_goals,period=ft,over,total=3.25,1.78
2026-10-01T00:14:27.653375+02:00,36577730,Segunda Division,Venezuela,CD Lara,REAL FRONTERA FC,2026-09-30T23:00:00+00:00,45.5391,soccer.total_goals,period=ft,under,total=3.25,1.9
2026-10-01T00:14:27.653375+02:00,36577730,Segunda Division,Venezuela,CD Lara,REAL FRONTERA FC,2026-09-30T23:00:00+00:00,45.5391,soccer.total_goals,period=ft,over,total=2.5,1.33
2026-10-01T00:14:27.653375+02:00,36577730,Segunda Division,Venezuela,CD Lara,REAL FRONTERA FC,2026-09-30T23:00:00+00:00,45.5391,soccer.total_goals,period=ft,under,total=2.5,2.8
2026-10-01T00:14:27.653375+02:00,36577730,Segunda Division,Venezuela,CD Lara,REAL FRONTERA FC,2026-09-30T23:00:00+00:00,45.5391,soccer.total_goals,period=ft,over,total=2.75,1.41
2026-10-01T00:14:27.653375+02:00,36577730,Segunda Division,Venezuela,CD Lara,REAL FRONTERA FC,2026-09-30T23:00:00+00:00,45.5391,soccer.total_goals,period=ft,under,total=2.75,2.5
2026-10-01T00:14:27.653375+02:00,36577730,Segunda Division,Venezuela,CD Lara,REAL FRONTERA FC,2026-09-30T23:00:00+00:00,45.5391,soccer.total_goals,period=ft,over,total=3,1.54
2026-10-01T00:14:27.653375+02:00,36577730,Segunda Division,Venezuela,CD Lara,REAL FRONTERA FC,2026-09-30T23:00:00+00:00,45.5391,soccer.total_goals,period=ft,under,total=3,2.2
2026-10-01T00:14:27.653375+02:00,36577730,Segunda Division,Venezuela,CD Lara,REAL FRONTERA FC,2026-09-30T23:00:00+00:00,45.5391,soccer.total_goals,period=ft,over,total=3.5,1.99
2026-10-01T00:14:27.653375+02:00,36577730,Segunda Division,Venezuela,CD Lara,REAL FRONTERA FC,2026-09-30T23:00:00+00:00,45.5391,soccer.total_goals,period=ft,under,total=3.5,1.69
2026-10-01T00:14:27.653375+02:00,36577730,Segunda Division,Venezuela,CD Lara,REAL FRONTERA FC,2026-09-30T23:00:00+00:00,45.5391,soccer.total_goals,period=ft,over,total=3.75,2.25
2026-10-01T00:14:27.653375+02:00,36577730,Segunda Division,Venezuela,CD Lara,REAL FRONTERA FC,2026-09-30T23:00:00+00:00,45.5391,soccer.total_goals,period=ft,under,total=3.75,1.51
2026-10-01T00:14:27.653375+02:00,36577730,Segunda Division,Venezuela,CD Lara,REAL FRONTERA FC,2026-09-30T23:00:00+00:00,45.5391,soccer.total_goals,period=ft,over,total=4,2.7
2026-10-01T00:14:27.653375+02:00,36577730,Segunda Division,Venezuela,CD Lara,REAL FRONTERA FC,2026-09-30T23:00:00+00:00,45.5391,soccer.total_goals,period=ft,under,total=4,1.35
2026-10-01T00:14:27.653375+02:00,36522149,Primera Division,Uruguay,Montevideo City Torque,CA Penarol Montevideo,2026-09-30T23:00:00+00:00,45.5391,soccer.asian_handicap,period=ft,home,handicap=0.25,2.03
2026-10-01T00:14:27.653375+02:00,36522149,Primera Division,Uruguay,Montevideo City Torque,CA Penarol Montevideo,2026-09-30T23:00:00+00:00,45.5391,soccer.asian_handicap,period=ft,away,handicap=0.25,1.8
2026-10-01T00:14:27.653375+02:00,36522149,Primera Division,Uruguay,Montevideo City Torque,CA Penarol Montevideo,2026-09-30T23:00:00+00:00,45.5391,soccer.asian_handicap,period=ft,home,handicap=-0.75,4.4
2026-10-01T00:14:27.653375+02:00,36522149,Primera Division,Uruguay,Montevideo City Torque,CA Penarol Montevideo,2026-09-30T23:00:00+00:00,45.5391,soccer.asian_handicap,period=ft,away,handicap=-0.75,1.2
2026-10-01T00:14:27.653375+02:00,36522149,Primera Division,Uruguay,Montevideo City Torque,CA Penarol Montevideo,2026-09-30T23:00:00+00:00,45.5391,soccer.asian_handicap,period=ft,home,handicap=-0.5,3.4
2026-10-01T00:14:27.653375+02:00,36522149,Primera Division,Uruguay,Montevideo City Torque,CA Penarol Montevideo,2026-09-30T23:00:00+00:00,45.5391,soccer.asian_handicap,period=ft,away,handicap=-0.5,1.31
2026-10-01T00:14:27.653375+02:00,36522149,Primera Division,Uruguay,Montevideo City Torque,CA Penarol Montevideo,2026-09-30T23:00:00+00:00,45.5391,soccer.asian_handicap,period=ft,home,handicap=-0.25,2.95
2026-10-01T00:14:27.653375+02:00,36522149,Primera Division,Uruguay,Montevideo City Torque,CA Penarol Montevideo,2026-09-30T23:00:00+00:00,45.5391,soccer.asian_handicap,period=ft,away,handicap=-0.25,1.39
2026-10-01T00:14:27.653375+02:00,36522149,Primera Division,Uruguay,Montevideo City Torque,CA Penarol Montevideo,2026-09-30T23:00:00+00:00,45.5391,soccer.asian_handicap,period=ft,home,handicap=0,2.5
2026-10-01T00:14:27.653375+02:00,36522149,Primera Division,Uruguay,Montevideo City Torque,CA Penarol Montevideo,2026-09-30T23:00:00+00:00,45.5391,soccer.asian_handicap,period=ft,away,handicap=0,1.52
2026-10-01T00:14:27.653375+02:00,36522149,Primera Division,Uruguay,Montevideo City Torque,CA Penarol Montevideo,2026-09-30T23:00:00+00:00,45.5391,soccer.asian_handicap,period=ft,home,handicap=0.5,1.76
2026-10-01T00:14:27.653375+02:00,36522149,Primera Division,Uruguay,Montevideo City Torque,CA Penarol Montevideo,2026-09-30T23:00:00+00:00,45.5391,soccer.asian_handicap,period=ft,away,handicap=0.5,2.07
2026-10-01T00:14:27.653375+02:00,36522149,Primera Division,Uruguay,Montevideo City Torque,CA Penarol Montevideo,2026-09-30T23:00:00+00:00,45.5391,soccer.asian_handicap,period=ft,home,handicap=0.75,1.55
2026-10-01T00:14:27.653375+02:00,36522149,Primera Division,Uruguay,Montevideo City Torque,CA Penarol Montevideo,2026-09-30T23:00:00+00:00,45.5391,soccer.asian_handicap,period=ft,away,handicap=0.75,2.45
2026-10-01T00:14:27.653375+02:00,36522149,Primera Division,Uruguay,Montevideo City Torque,CA Penarol Montevideo,2026-09-30T23:00:00+00:00,45.5391,soccer.asian_handicap,period=ft,home,handicap=1,1.34
2026-10-01T00:14:27.653375+02:00,36522149,Primera Division,Uruguay,Montevideo City Torque,CA Penarol Montevideo,2026-09-30T23:00:00+00:00,45.5391,soccer.asian_handicap,period=ft,away,handicap=1,3.15
2026-10-01T00:14:27.653375+02:00,36522149,Primera Division,Uruguay,Montevideo City Torque,CA Penarol Montevideo,2026-09-30T23:00:00+00:00,45.5391,soccer.asian_handicap,period=ft,home,handicap=1.25,1.27
2026-10-01T00:14:27.653375+02:00,36522149,Primera Division,Uruguay,Montevideo City Torque,CA Penarol Montevideo,2026-09-30T23:00:00+00:00,45.5391,soccer.asian_handicap,period=ft,away,handicap=1.25,3.65
2026-10-01T00:14:27.653375+02:00,36522149,Primera Division,Uruguay,Montevideo City Torque,CA Penarol Montevideo,2026-09-30T23:00:00+00:00,45.5391,soccer.double_chance,period=ft,draw_away,,1.32
2026-10-01T00:14:27.653375+02:00,36522149,Primera Division,Uruguay,Montevideo City Torque,CA Penarol Montevideo,2026-09-30T23:00:00+00:00,45.5391,soccer.double_chance,period=ft,home_away,,1.27
2026-10-01T00:14:27.653375+02:00,36522149,Primera Division,Uruguay,Montevideo City Torque,CA Penarol Montevideo,2026-09-30T23:00:00+00:00,45.5391,soccer.double_chance,period=ft,home_draw,,1.76
2026-10-01T00:14:27.653375+02:00,36522149,Primera Division,Uruguay,Montevideo City Torque,CA Penarol Montevideo,2026-09-30T23:00:00+00:00,45.5391,soccer.match_odds,period=ft,home,,3.4
2026-10-01T00:14:27.653375+02:00,36522149,Primera Division,Uruguay,Montevideo City Torque,CA Penarol Montevideo,2026-09-30T23:00:00+00:00,45.5391,soccer.match_odds,period=ft,draw,,3.5
2026-10-01T00:14:27.653375+02:00,36522149,Primera Division,Uruguay,Montevideo City Torque,CA Penarol Montevideo,2026-09-30T23:00:00+00:00,45.5391,soccer.match_odds,period=ft,away,,2.07
2026-10-01T00:14:27.653375+02:00,36522149,Primera Division,Uruguay,Montevideo City Torque,CA Penarol Montevideo,2026-09-30T23:00:00+00:00,45.5391,soccer.total_goals,period=ft,over,total=2.5,2.01
2026-10-01T00:14:27.653375+02:00,36522149,Primera Division,Uruguay,Montevideo City Torque,CA Penarol Montevideo,2026-09-30T23:00:00+00:00,45.5391,soccer.total_goals,period=ft,under,total=2.5,1.8
2026-10-01T00:14:27.653375+02:00,36522149,Primera Division,Uruguay,Montevideo City Torque,CA Penarol Montevideo,2026-09-30T23:00:00+00:00,45.5391,soccer.total_goals,period=ft,over,total=1.5,1.3
2026-10-01T00:14:27.653375+02:00,36522149,Primera Division,Uruguay,Montevideo City Torque,CA Penarol Montevideo,2026-09-30T23:00:00+00:00,45.5391,soccer.total_goals,period=ft,under,total=1.5,3.35
2026-10-01T00:14:27.653375+02:00,36522149,Primera Division,Uruguay,Montevideo City Torque,CA Penarol Montevideo,2026-09-30T23:00:00+00:00,45.5391,soccer.total_goals,period=ft,over,total=2,1.5
2026-10-01T00:14:27.653375+02:00,36522149,Primera Division,Uruguay,Montevideo City Torque,CA Penarol Montevideo,2026-09-30T23:00:00+00:00,45.5391,soccer.total_goals,period=ft,under,total=2,2.55
2026-10-01T00:14:27.653375+02:00,36522149,Primera Division,Uruguay,Montevideo City Torque,CA Penarol Montevideo,2026-09-30T23:00:00+00:00,45.5391,soccer.total_goals,period=ft,over,total=2.25,1.75
2026-10-01T00:14:27.653375+02:00,36522149,Primera Division,Uruguay,Montevideo City Torque,CA Penarol Montevideo,2026-09-30T23:00:00+00:00,45.5391,soccer.total_goals,period=ft,under,total=2.25,2.05
2026-10-01T00:14:27.653375+02:00,36522149,Primera Division,Uruguay,Montevideo City Torque,CA Penarol Montevideo,2026-09-30T23:00:00+00:00,45.5391,soccer.total_goals,period=ft,over,total=2.75,2.3
2026-10-01T00:14:27.653375+02:00,36522149,Primera Division,Uruguay,Montevideo City Torque,CA Penarol Montevideo,2026-09-30T23:00:00+00:00,45.5391,soccer.total_goals,period=ft,under,total=2.75,1.6
2026-10-01T00:14:27.653375+02:00,36522149,Primera Division,Uruguay,Montevideo City Torque,CA Penarol Montevideo,2026-09-30T23:00:00+00:00,45.5391,soccer.total_goals,period=ft,over,total=3,2.85
2026-10-01T00:14:27.653375+02:00,36522149,Primera Division,Uruguay,Montevideo City Torque,CA Penarol Montevideo,2026-09-30T23:00:00+00:00,45.5391,soccer.total_goals,period=ft,under,total=3,1.41
2026-10-01T00:14:27.653375+02:00,36522149,Primera Division,Uruguay,Montevideo City Torque,CA Penarol Montevideo,2026-09-30T23:00:00+00:00,45.5391,soccer.total_goals,period=ft,over,total=3.5,3.55
2026-10-01T00:14:27.653375+02:00,36522149,Primera Division,Uruguay,Montevideo City Torque,CA Penarol Montevideo,2026-09-30T23:00:00+00:00,45.5391,soccer.total_goals,period=ft,under,total=3.5,1.28
2026-10-01T00:14:27.653375+02:00,36522149,Primera Division,Uruguay,Montevideo City Torque,CA Penarol Montevideo,2026-09-30T23:00:00+00:00,45.5391,soccer.total_goals,period=ft,over,total=4.5,7.05
2026-10-01T00:14:27.653375+02:00,36522149,Primera Division,Uruguay,Montevideo City Torque,CA Penarol Montevideo,2026-09-30T23:00:00+00:00,45.5391,soccer.total_goals,period=ft,under,total=4.5,1.09
2026-10-01T00:14:27.653375+02:00,36577752,Brazil Campeonato Paraibano (PB) Division 2,Brazil,Auto EC (PB),Picuiense PB,2026-09-30T23:15:00+00:00,60.5391,soccer.asian_handicap,period=ft,home,handicap=-1.75,1.75
2026-10-01T00:14:27.653375+02:00,36577752,Brazil Campeonato Paraibano (PB) Division 2,Brazil,Auto EC (PB),Picuiense PB,2026-09-30T23:15:00+00:00,60.5391,soccer.asian_handicap,period=ft,away,handicap=-1.75,1.94
2026-10-01T00:14:27.653375+02:00,36577752,Brazil Campeonato Paraibano (PB) Division 2,Brazil,Auto EC (PB),Picuiense PB,2026-09-30T23:15:00+00:00,60.5391,soccer.asian_handicap,period=ft,home,handicap=-2.5,2.45
2026-10-01T00:14:27.653375+02:00,36577752,Brazil Campeonato Paraibano (PB) Division 2,Brazil,Auto EC (PB),Picuiense PB,2026-09-30T23:15:00+00:00,60.5391,soccer.asian_handicap,period=ft,away,handicap=-2.5,1.42
2026-10-01T00:14:27.653375+02:00,36577752,Brazil Campeonato Paraibano (PB) Division 2,Brazil,Auto EC (PB),Picuiense PB,2026-09-30T23:15:00+00:00,60.5391,soccer.asian_handicap,period=ft,home,handicap=-2.25,2.2
2026-10-01T00:14:27.653375+02:00,36577752,Brazil Campeonato Paraibano (PB) Division 2,Brazil,Auto EC (PB),Picuiense PB,2026-09-30T23:15:00+00:00,60.5391,soccer.asian_handicap,period=ft,away,handicap=-2.25,1.52
2026-10-01T00:14:27.653375+02:00,36577752,Brazil Campeonato Paraibano (PB) Division 2,Brazil,Auto EC (PB),Picuiense PB,2026-09-30T23:15:00+00:00,60.5391,soccer.asian_handicap,period=ft,home,handicap=-2,1.99
2026-10-01T00:14:27.653375+02:00,36577752,Brazil Campeonato Paraibano (PB) Division 2,Brazil,Auto EC (PB),Picuiense PB,2026-09-30T23:15:00+00:00,60.5391,soccer.asian_handicap,period=ft,away,handicap=-2,1.69
2026-10-01T00:14:27.653375+02:00,36577752,Brazil Campeonato Paraibano (PB) Division 2,Brazil,Auto EC (PB),Picuiense PB,2026-09-30T23:15:00+00:00,60.5391,soccer.asian_handicap,period=ft,home,handicap=-1.5,1.59
2026-10-01T00:14:27.653375+02:00,36577752,Brazil Campeonato Paraibano (PB) Division 2,Brazil,Auto EC (PB),Picuiense PB,2026-09-30T23:15:00+00:00,60.5391,soccer.asian_handicap,period=ft,away,handicap=-1.5,2.15
2026-10-01T00:14:27.653375+02:00,36577752,Brazil Campeonato Paraibano (PB) Division 2,Brazil,Auto EC (PB),Picuiense PB,2026-09-30T23:15:00+00:00,60.5391,soccer.asian_handicap,period=ft,home,handicap=-1.25,1.42
2026-10-01T00:14:27.653375+02:00,36577752,Brazil Campeonato Paraibano (PB) Division 2,Brazil,Auto EC (PB),Picuiense PB,2026-09-30T23:15:00+00:00,60.5391,soccer.asian_handicap,period=ft,away,handicap=-1.25,2.45
2026-10-01T00:14:27.653375+02:00,36577752,Brazil Campeonato Paraibano (PB) Division 2,Brazil,Auto EC (PB),Picuiense PB,2026-09-30T23:15:00+00:00,60.5391,soccer.asian_handicap,period=ft,home,handicap=-1,1.27
2026-10-01T00:14:27.653375+02:00,36577752,Brazil Campeonato Paraibano (PB) Division 2,Brazil,Auto EC (PB),Picuiense PB,2026-09-30T23:15:00+00:00,60.5391,soccer.asian_handicap,period=ft,away,handicap=-1,3.1
2026-10-01T00:14:27.653375+02:00,36577752,Brazil Campeonato Paraibano (PB) Division 2,Brazil,Auto EC (PB),Picuiense PB,2026-09-30T23:15:00+00:00,60.5391,soccer.total_goals,period=ft,over,total=3,1.74
2026-10-01T00:14:27.653375+02:00,36577752,Brazil Campeonato Paraibano (PB) Division 2,Brazil,Auto EC (PB),Picuiense PB,2026-09-30T23:15:00+00:00,60.5391,soccer.total_goals,period=ft,under,total=3,1.95
2026-10-01T00:14:27.653375+02:00,36577752,Brazil Campeonato Paraibano (PB) Division 2,Brazil,Auto EC (PB),Picuiense PB,2026-09-30T23:15:00+00:00,60.5391,soccer.total_goals,period=ft,over,total=2.25,1.31
2026-10-01T00:14:27.653375+02:00,36577752,Brazil Campeonato Paraibano (PB) Division 2,Brazil,Auto EC (PB),Picuiense PB,2026-09-30T23:15:00+00:00,60.5391,soccer.total_goals,period=ft,under,total=2.25,2.9
2026-10-01T00:14:27.653375+02:00,36577752,Brazil Campeonato Paraibano (PB) Division 2,Brazil,Auto EC (PB),Picuiense PB,2026-09-30T23:15:00+00:00,60.5391,soccer.total_goals,period=ft,over,total=2.5,1.46
2026-10-01T00:14:27.653375+02:00,36577752,Brazil Campeonato Paraibano (PB) Division 2,Brazil,Auto EC (PB),Picuiense PB,2026-09-30T23:15:00+00:00,60.5391,soccer.total_goals,period=ft,under,total=2.5,2.35
2026-10-01T00:14:27.653375+02:00,36577752,Brazil Campeonato Paraibano (PB) Division 2,Brazil,Auto EC (PB),Picuiense PB,2026-09-30T23:15:00+00:00,60.5391,soccer.total_goals,period=ft,over,total=2.75,1.57
2026-10-01T00:14:27.653375+02:00,36577752,Brazil Campeonato Paraibano (PB) Division 2,Brazil,Auto EC (PB),Picuiense PB,2026-09-30T23:15:00+00:00,60.5391,soccer.total_goals,period=ft,under,total=2.75,2.17
2026-10-01T00:14:27.653375+02:00,36577752,Brazil Campeonato Paraibano (PB) Division 2,Brazil,Auto EC (PB),Picuiense PB,2026-09-30T23:15:00+00:00,60.5391,soccer.total_goals,period=ft,over,total=3.25,1.96
2026-10-01T00:14:27.653375+02:00,36577752,Brazil Campeonato Paraibano (PB) Division 2,Brazil,Auto EC (PB),Picuiense PB,2026-09-30T23:15:00+00:00,60.5391,soccer.total_goals,period=ft,under,total=3.25,1.71
2026-10-01T00:14:27.653375+02:00,36577752,Brazil Campeonato Paraibano (PB) Division 2,Brazil,Auto EC (PB),Picuiense PB,2026-09-30T23:15:00+00:00,60.5391,soccer.total_goals,period=ft,over,total=3.5,2.14
2026-10-01T00:14:27.653375+02:00,36577752,Brazil Campeonato Paraibano (PB) Division 2,Brazil,Auto EC (PB),Picuiense PB,2026-09-30T23:15:00+00:00,60.5391,soccer.total_goals,period=ft,under,total=3.5,1.56
2026-10-01T00:14:27.653375+02:00,36577752,Brazil Campeonato Paraibano (PB) Division 2,Brazil,Auto EC (PB),Picuiense PB,2026-09-30T23:15:00+00:00,60.5391,soccer.total_goals,period=ft,over,total=3.75,2.45
2026-10-01T00:14:27.653375+02:00,36577752,Brazil Campeonato Paraibano (PB) Division 2,Brazil,Auto EC (PB),Picuiense PB,2026-09-30T23:15:00+00:00,60.5391,soccer.total_goals,period=ft,under,total=3.75,1.43
2026-10-01T00:14:27.653375+02:00,36573249,Copa Division Profesional,Bolivia,CD Real Tomayapo,CA Nacional Potosi,2026-09-30T22:30:00+00:00,15.5391,soccer.asian_handicap,period=ft,home,handicap=0,1.91
2026-10-01T00:14:27.653375+02:00,36573249,Copa Division Profesional,Bolivia,CD Real Tomayapo,CA Nacional Potosi,2026-09-30T22:30:00+00:00,15.5391,soccer.asian_handicap,period=ft,away,handicap=0,1.79
2026-10-01T00:14:27.653375+02:00,36573249,Copa Division Profesional,Bolivia,CD Real Tomayapo,CA Nacional Potosi,2026-09-30T22:30:00+00:00,15.5391,soccer.asian_handicap,period=ft,home,handicap=-0.75,2.8
2026-10-01T00:14:27.653375+02:00,36573249,Copa Division Profesional,Bolivia,CD Real Tomayapo,CA Nacional Potosi,2026-09-30T22:30:00+00:00,15.5391,soccer.asian_handicap,period=ft,away,handicap=-0.75,1.34
2026-10-01T00:14:27.653375+02:00,36573249,Copa Division Profesional,Bolivia,CD Real Tomayapo,CA Nacional Potosi,2026-09-30T22:30:00+00:00,15.5391,soccer.asian_handicap,period=ft,home,handicap=-0.5,2.35
2026-10-01T00:14:27.653375+02:00,36573249,Copa Division Profesional,Bolivia,CD Real Tomayapo,CA Nacional Potosi,2026-09-30T22:30:00+00:00,15.5391,soccer.asian_handicap,period=ft,away,handicap=-0.5,1.47
2026-10-01T00:14:27.653375+02:00,36573249,Copa Division Profesional,Bolivia,CD Real Tomayapo,CA Nacional Potosi,2026-09-30T22:30:00+00:00,15.5391,soccer.asian_handicap,period=ft,home,handicap=-0.25,2.15
2026-10-01T00:14:27.653375+02:00,36573249,Copa Division Profesional,Bolivia,CD Real Tomayapo,CA Nacional Potosi,2026-09-30T22:30:00+00:00,15.5391,soccer.asian_handicap,period=ft,away,handicap=-0.25,1.6
2026-10-01T00:14:27.653375+02:00,36573249,Copa Division Profesional,Bolivia,CD Real Tomayapo,CA Nacional Potosi,2026-09-30T22:30:00+00:00,15.5391,soccer.asian_handicap,period=ft,home,handicap=0.25,1.67
2026-10-01T00:14:27.653375+02:00,36573249,Copa Division Profesional,Bolivia,CD Real Tomayapo,CA Nacional Potosi,2026-09-30T22:30:00+00:00,15.5391,soccer.asian_handicap,period=ft,away,handicap=0.25,2.02
2026-10-01T00:14:27.653375+02:00,36573249,Copa Division Profesional,Bolivia,CD Real Tomayapo,CA Nacional Potosi,2026-09-30T22:30:00+00:00,15.5391,soccer.asian_handicap,period=ft,home,handicap=0.5,1.53
2026-10-01T00:14:27.653375+02:00,36573249,Copa Division Profesional,Bolivia,CD Real Tomayapo,CA Nacional Potosi,2026-09-30T22:30:00+00:00,15.5391,soccer.asian_handicap,period=ft,away,handicap=0.5,2.2
2026-10-01T00:14:27.653375+02:00,36573249,Copa Division Profesional,Bolivia,CD Real Tomayapo,CA Nacional Potosi,2026-09-30T22:30:00+00:00,15.5391,soccer.asian_handicap,period=ft,home,handicap=0.75,1.38
2026-10-01T00:14:27.653375+02:00,36573249,Copa Division Profesional,Bolivia,CD Real Tomayapo,CA Nacional Potosi,2026-09-30T22:30:00+00:00,15.5391,soccer.asian_handicap,period=ft,away,handicap=0.75,2.65
2026-10-01T00:14:27.653375+02:00,36573249,Copa Division Profesional,Bolivia,CD Real Tomayapo,CA Nacional Potosi,2026-09-30T22:30:00+00:00,15.5391,soccer.match_odds,period=ft,home,,2.4
2026-10-01T00:14:27.653375+02:00,36573249,Copa Division Profesional,Bolivia,CD Real Tomayapo,CA Nacional Potosi,2026-09-30T22:30:00+00:00,15.5391,soccer.match_odds,period=ft,draw,,3.65
2026-10-01T00:14:27.653375+02:00,36573249,Copa Division Profesional,Bolivia,CD Real Tomayapo,CA Nacional Potosi,2026-09-30T22:30:00+00:00,15.5391,soccer.match_odds,period=ft,away,,2.25
2026-10-01T00:14:27.653375+02:00,36573249,Copa Division Profesional,Bolivia,CD Real Tomayapo,CA Nacional Potosi,2026-09-30T22:30:00+00:00,15.5391,soccer.total_goals,period=ft,over,total=2.75,1.78
2026-10-01T00:14:27.653375+02:00,36573249,Copa Division Profesional,Bolivia,CD Real Tomayapo,CA Nacional Potosi,2026-09-30T22:30:00+00:00,15.5391,soccer.total_goals,period=ft,under,total=2.75,1.91
2026-10-01T00:14:27.653375+02:00,36573249,Copa Division Profesional,Bolivia,CD Real Tomayapo,CA Nacional Potosi,2026-09-30T22:30:00+00:00,15.5391,soccer.total_goals,period=ft,over,total=2,1.26
2026-10-01T00:14:27.653375+02:00,36573249,Copa Division Profesional,Bolivia,CD Real Tomayapo,CA Nacional Potosi,2026-09-30T22:30:00+00:00,15.5391,soccer.total_goals,period=ft,under,total=2,3.2
2026-10-01T00:14:27.653375+02:00,36573249,Copa Division Profesional,Bolivia,CD Real Tomayapo,CA Nacional Potosi,2026-09-30T22:30:00+00:00,15.5391,soccer.total_goals,period=ft,over,total=2.25,1.43
2026-10-01T00:14:27.653375+02:00,36573249,Copa Division Profesional,Bolivia,CD Real Tomayapo,CA Nacional Potosi,2026-09-30T22:30:00+00:00,15.5391,soccer.total_goals,period=ft,under,total=2.25,2.45
2026-10-01T00:14:27.653375+02:00,36573249,Copa Division Profesional,Bolivia,CD Real Tomayapo,CA Nacional Potosi,2026-09-30T22:30:00+00:00,15.5391,soccer.total_goals,period=ft,over,total=2.5,1.62
2026-10-01T00:14:27.653375+02:00,36573249,Copa Division Profesional,Bolivia,CD Real Tomayapo,CA Nacional Potosi,2026-09-30T22:30:00+00:00,15.5391,soccer.total_goals,period=ft,under,total=2.5,2.11
2026-10-01T00:14:27.653375+02:00,36573249,Copa Division Profesional,Bolivia,CD Real Tomayapo,CA Nacional Potosi,2026-09-30T22:30:00+00:00,15.5391,soccer.total_goals,period=ft,over,total=3,2.03
2026-10-01T00:14:27.653375+02:00,36573249,Copa Division Profesional,Bolivia,CD Real Tomayapo,CA Nacional Potosi,2026-09-30T22:30:00+00:00,15.5391,soccer.total_goals,period=ft,under,total=3,1.67
2026-10-01T00:14:27.653375+02:00,36573249,Copa Division Profesional,Bolivia,CD Real Tomayapo,CA Nacional Potosi,2026-09-30T22:30:00+00:00,15.5391,soccer.total_goals,period=ft,over,total=3.25,2.25
2026-10-01T00:14:27.653375+02:00,36573249,Copa Division Profesional,Bolivia,CD Real Tomayapo,CA Nacional Potosi,2026-09-30T22:30:00+00:00,15.5391,soccer.total_goals,period=ft,under,total=3.25,1.51
2026-10-01T00:14:27.653375+02:00,36573249,Copa Division Profesional,Bolivia,CD Real Tomayapo,CA Nacional Potosi,2026-09-30T22:30:00+00:00,15.5391,soccer.total_goals,period=ft,over,total=3.5,2.5
2026-10-01T00:14:27.653375+02:00,36573249,Copa Division Profesional,Bolivia,CD Real Tomayapo,CA Nacional Potosi,2026-09-30T22:30:00+00:00,15.5391,soccer.total_goals,period=ft,under,total=3.5,1.42
2026-10-01T00:14:27.653375+02:00,36577342,"Gaucho, Serie B",Brazil,SER Cruz Alta (RS),Rio Grande (RS),2026-09-30T22:30:00+00:00,15.5391,soccer.asian_handicap,period=ft,home,handicap=-1,1.89
2026-10-01T00:14:27.653375+02:00,36577342,"Gaucho, Serie B",Brazil,SER Cruz Alta (RS),Rio Grande (RS),2026-09-30T22:30:00+00:00,15.5391,soccer.asian_handicap,period=ft,away,handicap=-1,1.72
2026-10-01T00:14:27.653375+02:00,36577342,"Gaucho, Serie B",Brazil,SER Cruz Alta (RS),Rio Grande (RS),2026-09-30T22:30:00+00:00,15.5391,soccer.asian_handicap,period=ft,home,handicap=-1.5,2.4
2026-10-01T00:14:27.653375+02:00,36577342,"Gaucho, Serie B",Brazil,SER Cruz Alta (RS),Rio Grande (RS),2026-09-30T22:30:00+00:00,15.5391,soccer.asian_handicap,period=ft,away,handicap=-1.5,1.44
2026-10-01T00:14:27.653375+02:00,36577342,"Gaucho, Serie B",Brazil,SER Cruz Alta (RS),Rio Grande (RS),2026-09-30T22:30:00+00:00,15.5391,soccer.asian_handicap,period=ft,home,handicap=-1.25,2.16
2026-10-01T00:14:27.653375+02:00,36577342,"Gaucho, Serie B",Brazil,SER Cruz Alta (RS),Rio Grande (RS),2026-09-30T22:30:00+00:00,15.5391,soccer.asian_handicap,period=ft,away,handicap=-1.25,1.55
2026-10-01T00:14:27.653375+02:00,36577342,"Gaucho, Serie B",Brazil,SER Cruz Alta (RS),Rio Grande (RS),2026-09-30T22:30:00+00:00,15.5391,soccer.asian_handicap,period=ft,home,handicap=-0.75,1.66
2026-10-01T00:14:27.653375+02:00,36577342,"Gaucho, Serie B",Brazil,SER Cruz Alta (RS),Rio Grande (RS),2026-09-30T22:30:00+00:00,15.5391,soccer.asian_handicap,period=ft,away,handicap=-0.75,1.97
2026-10-01T00:14:27.653375+02:00,36577342,"Gaucho, Serie B",Brazil,SER Cruz Alta (RS),Rio Grande (RS),2026-09-30T22:30:00+00:00,15.5391,soccer.asian_handicap,period=ft,home,handicap=-0.5,1.52
2026-10-01T00:14:27.653375+02:00,36577342,"Gaucho, Serie B",Brazil,SER Cruz Alta (RS),Rio Grande (RS),2026-09-30T22:30:00+00:00,15.5391,soccer.asian_handicap,period=ft,away,handicap=-0.5,2.2
2026-10-01T00:14:27.653375+02:00,36577342,"Gaucho, Serie B",Brazil,SER Cruz Alta (RS),Rio Grande (RS),2026-09-30T22:30:00+00:00,15.5391,soccer.double_chance,period=ft,draw_away,,2.08
2026-10-01T00:14:27.653375+02:00,36577342,"Gaucho, Serie B",Brazil,SER Cruz Alta (RS),Rio Grande (RS),2026-09-30T22:30:00+00:00,15.5391,soccer.double_chance,period=ft,home_away,,1.21
2026-10-01T00:14:27.653375+02:00,36577342,"Gaucho, Serie B",Brazil,SER Cruz Alta (RS),Rio Grande (RS),2026-09-30T22:30:00+00:00,15.5391,soccer.double_chance,period=ft,home_draw,,1.15
2026-10-01T00:14:27.653375+02:00,36577342,"Gaucho, Serie B",Brazil,SER Cruz Alta (RS),Rio Grande (RS),2026-09-30T22:30:00+00:00,15.5391,soccer.match_odds,period=ft,home,,1.52
2026-10-01T00:14:27.653375+02:00,36577342,"Gaucho, Serie B",Brazil,SER Cruz Alta (RS),Rio Grande (RS),2026-09-30T22:30:00+00:00,15.5391,soccer.match_odds,period=ft,draw,,3.75
2026-10-01T00:14:27.653375+02:00,36577342,"Gaucho, Serie B",Brazil,SER Cruz Alta (RS),Rio Grande (RS),2026-09-30T22:30:00+00:00,15.5391,soccer.match_odds,period=ft,away,,4.8
2026-10-01T00:14:27.653375+02:00,36577342,"Gaucho, Serie B",Brazil,SER Cruz Alta (RS),Rio Grande (RS),2026-09-30T22:30:00+00:00,15.5391,soccer.total_goals,period=ft,over,total=2.5,1.72
2026-10-01T00:14:27.653375+02:00,36577342,"Gaucho, Serie B",Brazil,SER Cruz Alta (RS),Rio Grande (RS),2026-09-30T22:30:00+00:00,15.5391,soccer.total_goals,period=ft,under,total=2.5,1.89
2026-10-01T00:14:27.653375+02:00,36561004,Copa Paraguay,Paraguay,Cerro Porteno,Rubio Nu,2026-09-30T22:30:00+00:00,15.5391,soccer.asian_handicap,period=ft,home,handicap=-1,1.79
2026-10-01T00:14:27.653375+02:00,36561004,Copa Paraguay,Paraguay,Cerro Porteno,Rubio Nu,2026-09-30T22:30:00+00:00,15.5391,soccer.asian_handicap,period=ft,away,handicap=-1,1.9
2026-10-01T00:14:27.653375+02:00,36561004,Copa Paraguay,Paraguay,Cerro Porteno,Rubio Nu,2026-09-30T22:30:00+00:00,15.5391,soccer.asian_handicap,period=ft,home,handicap=-1.75,2.85
2026-10-01T00:14:27.653375+02:00,36561004,Copa Paraguay,Paraguay,Cerro Porteno,Rubio Nu,2026-09-30T22:30:00+00:00,15.5391,soccer.asian_handicap,period=ft,away,handicap=-1.75,1.33
2026-10-01T00:14:27.653375+02:00,36561004,Copa Paraguay,Paraguay,Cerro Porteno,Rubio Nu,2026-09-30T22:30:00+00:00,15.5391,soccer.asian_handicap,period=ft,home,handicap=-1.5,2.35
2026-10-01T00:14:27.653375+02:00,36561004,Copa Paraguay,Paraguay,Cerro Porteno,Rubio Nu,2026-09-30T22:30:00+00:00,15.5391,soccer.asian_handicap,period=ft,away,handicap=-1.5,1.48
2026-10-01T00:14:27.653375+02:00,36561004,Copa Paraguay,Paraguay,Cerro Porteno,Rubio Nu,2026-09-30T22:30:00+00:00,15.5391,soccer.asian_handicap,period=ft,home,handicap=-1.25,2.08
2026-10-01T00:14:27.653375+02:00,36561004,Copa Paraguay,Paraguay,Cerro Porteno,Rubio Nu,2026-09-30T22:30:00+00:00,15.5391,soccer.asian_handicap,period=ft,away,handicap=-1.25,1.64
2026-10-01T00:14:27.653375+02:00,36561004,Copa Paraguay,Paraguay,Cerro Porteno,Rubio Nu,2026-09-30T22:30:00+00:00,15.5391,soccer.asian_handicap,period=ft,home,handicap=-0.75,1.56
2026-10-01T00:14:27.653375+02:00,36561004,Copa Paraguay,Paraguay,Cerro Porteno,Rubio Nu,2026-09-30T22:30:00+00:00,15.5391,soccer.asian_handicap,period=ft,away,handicap=-0.75,2.2
2026-10-01T00:14:27.653375+02:00,36561004,Copa Paraguay,Paraguay,Cerro Porteno,Rubio Nu,2026-09-30T22:30:00+00:00,15.5391,soccer.asian_handicap,period=ft,home,handicap=-0.5,1.43
2026-10-01T00:14:27.653375+02:00,36561004,Copa Paraguay,Paraguay,Cerro Porteno,Rubio Nu,2026-09-30T22:30:00+00:00,15.5391,soccer.asian_handicap,period=ft,away,handicap=-0.5,2.45
2026-10-01T00:14:27.653375+02:00,36561004,Copa Paraguay,Paraguay,Cerro Porteno,Rubio Nu,2026-09-30T22:30:00+00:00,15.5391,soccer.asian_handicap,period=ft,home,handicap=-0.25,1.27
2026-10-01T00:14:27.653375+02:00,36561004,Copa Paraguay,Paraguay,Cerro Porteno,Rubio Nu,2026-09-30T22:30:00+00:00,15.5391,soccer.asian_handicap,period=ft,away,handicap=-0.25,3.15
2026-10-01T00:14:27.653375+02:00,36561004,Copa Paraguay,Paraguay,Cerro Porteno,Rubio Nu,2026-09-30T22:30:00+00:00,15.5391,soccer.double_chance,period=ft,draw_away,,2.45
2026-10-01T00:14:27.653375+02:00,36561004,Copa Paraguay,Paraguay,Cerro Porteno,Rubio Nu,2026-09-30T22:30:00+00:00,15.5391,soccer.double_chance,period=ft,home_away,,1.24
2026-10-01T00:14:27.653375+02:00,36561004,Copa Paraguay,Paraguay,Cerro Porteno,Rubio Nu,2026-09-30T22:30:00+00:00,15.5391,soccer.double_chance,period=ft,home_draw,,1.13
2026-10-01T00:14:27.653375+02:00,36561004,Copa Paraguay,Paraguay,Cerro Porteno,Rubio Nu,2026-09-30T22:30:00+00:00,15.5391,soccer.match_odds,period=ft,home,,1.44
2026-10-01T00:14:27.653375+02:00,36561004,Copa Paraguay,Paraguay,Cerro Porteno,Rubio Nu,2026-09-30T22:30:00+00:00,15.5391,soccer.match_odds,period=ft,draw,,3.7
2026-10-01T00:14:27.653375+02:00,36561004,Copa Paraguay,Paraguay,Cerro Porteno,Rubio Nu,2026-09-30T22:30:00+00:00,15.5391,soccer.match_odds,period=ft,away,,6.1
2026-10-01T00:14:27.653375+02:00,36561004,Copa Paraguay,Paraguay,Cerro Porteno,Rubio Nu,2026-09-30T22:30:00+00:00,15.5391,soccer.total_goals,period=ft,over,total=2.25,1.76
2026-10-01T00:14:27.653375+02:00,36561004,Copa Paraguay,Paraguay,Cerro Porteno,Rubio Nu,2026-09-30T22:30:00+00:00,15.5391,soccer.total_goals,period=ft,under,total=2.25,1.94
2026-10-01T00:14:27.653375+02:00,36561004,Copa Paraguay,Paraguay,Cerro Porteno,Rubio Nu,2026-09-30T22:30:00+00:00,15.5391,soccer.total_goals,period=ft,over,total=1.5,1.29
2026-10-01T00:14:27.653375+02:00,36561004,Copa Paraguay,Paraguay,Cerro Porteno,Rubio Nu,2026-09-30T22:30:00+00:00,15.5391,soccer.total_goals,period=ft,under,total=1.5,3.05
2026-10-01T00:14:27.653375+02:00,36561004,Copa Paraguay,Paraguay,Cerro Porteno,Rubio Nu,2026-09-30T22:30:00+00:00,15.5391,soccer.total_goals,period=ft,over,total=1.75,1.36
2026-10-01T00:14:27.653375+02:00,36561004,Copa Paraguay,Paraguay,Cerro Porteno,Rubio Nu,2026-09-30T22:30:00+00:00,15.5391,soccer.total_goals,period=ft,under,total=1.75,2.7
2026-10-01T00:14:27.653375+02:00,36561004,Copa Paraguay,Paraguay,Cerro Porteno,Rubio Nu,2026-09-30T22:30:00+00:00,15.5391,soccer.total_goals,period=ft,over,total=2,1.49
2026-10-01T00:14:27.653375+02:00,36561004,Copa Paraguay,Paraguay,Cerro Porteno,Rubio Nu,2026-09-30T22:30:00+00:00,15.5391,soccer.total_goals,period=ft,under,total=2,2.35
2026-10-01T00:14:27.653375+02:00,36561004,Copa Paraguay,Paraguay,Cerro Porteno,Rubio Nu,2026-09-30T22:30:00+00:00,15.5391,soccer.total_goals,period=ft,over,total=2.5,2.0
2026-10-01T00:14:27.653375+02:00,36561004,Copa Paraguay,Paraguay,Cerro Porteno,Rubio Nu,2026-09-30T22:30:00+00:00,15.5391,soccer.total_goals,period=ft,under,total=2.5,1.69
2026-10-01T00:14:27.653375+02:00,36561004,Copa Paraguay,Paraguay,Cerro Porteno,Rubio Nu,2026-09-30T22:30:00+00:00,15.5391,soccer.total_goals,period=ft,over,total=2.75,2.25
2026-10-01T00:14:27.653375+02:00,36561004,Copa Paraguay,Paraguay,Cerro Porteno,Rubio Nu,2026-09-30T22:30:00+00:00,15.5391,soccer.total_goals,period=ft,under,total=2.75,1.51
2026-10-01T00:14:27.653375+02:00,36561004,Copa Paraguay,Paraguay,Cerro Porteno,Rubio Nu,2026-09-30T22:30:00+00:00,15.5391,soccer.total_goals,period=ft,over,total=3,2.8
2026-10-01T00:14:27.653375+02:00,36561004,Copa Paraguay,Paraguay,Cerro Porteno,Rubio Nu,2026-09-30T22:30:00+00:00,15.5391,soccer.total_goals,period=ft,under,total=3,1.34
2026-10-01T00:14:27.653375+02:00,36521470,USL Championship,USA,LIU Brooklyn,Detroit City FC,2026-09-30T23:00:00+00:00,45.5391,soccer.asian_handicap,period=ft,home,handicap=0.25,1.91
2026-10-01T00:14:27.653375+02:00,36521470,USL Championship,USA,LIU Brooklyn,Detroit City FC,2026-09-30T23:00:00+00:00,45.5391,soccer.asian_handicap,period=ft,away,handicap=0.25,1.89
2026-10-01T00:14:27.653375+02:00,36521470,USL Championship,USA,LIU Brooklyn,Detroit City FC,2026-09-30T23:00:00+00:00,45.5391,soccer.asian_handicap,period=ft,home,handicap=-0.75,4.15
2026-10-01T00:14:27.653375+02:00,36521470,USL Championship,USA,LIU Brooklyn,Detroit City FC,2026-09-30T23:00:00+00:00,45.5391,soccer.asian_handicap,period=ft,away,handicap=-0.75,1.21
2026-10-01T00:14:27.653375+02:00,36521470,USL Championship,USA,LIU Brooklyn,Detroit City FC,2026-09-30T23:00:00+00:00,45.5391,soccer.asian_handicap,period=ft,home,handicap=-0.5,3.2
2026-10-01T00:14:27.653375+02:00,36521470,USL Championship,USA,LIU Brooklyn,Detroit City FC,2026-09-30T23:00:00+00:00,45.5391,soccer.asian_handicap,period=ft,away,handicap=-0.5,1.33
2026-10-01T00:14:27.653375+02:00,36521470,USL Championship,USA,LIU Brooklyn,Detroit City FC,2026-09-30T23:00:00+00:00,45.5391,soccer.asian_handicap,period=ft,home,handicap=-0.25,2.8
2026-10-01T00:14:27.653375+02:00,36521470,USL Championship,USA,LIU Brooklyn,Detroit City FC,2026-09-30T23:00:00+00:00,45.5391,soccer.asian_handicap,period=ft,away,handicap=-0.25,1.42
2026-10-01T00:14:27.653375+02:00,36521470,USL Championship,USA,LIU Brooklyn,Detroit City FC,2026-09-30T23:00:00+00:00,45.5391,soccer.asian_handicap,period=ft,home,handicap=0,2.35
2026-10-01T00:14:27.653375+02:00,36521470,USL Championship,USA,LIU Brooklyn,Detroit City FC,2026-09-30T23:00:00+00:00,45.5391,soccer.asian_handicap,period=ft,away,handicap=0,1.58
2026-10-01T00:14:27.653375+02:00,36521470,USL Championship,USA,LIU Brooklyn,Detroit City FC,2026-09-30T23:00:00+00:00,45.5391,soccer.asian_handicap,period=ft,home,handicap=0.5,1.66
2026-10-01T00:14:27.653375+02:00,36521470,USL Championship,USA,LIU Brooklyn,Detroit City FC,2026-09-30T23:00:00+00:00,45.5391,soccer.asian_handicap,period=ft,away,handicap=0.5,2.19
2026-10-01T00:14:27.653375+02:00,36521470,USL Championship,USA,LIU Brooklyn,Detroit City FC,2026-09-30T23:00:00+00:00,45.5391,soccer.asian_handicap,period=ft,home,handicap=0.75,1.48
2026-10-01T00:14:27.653375+02:00,36521470,USL Championship,USA,LIU Brooklyn,Detroit City FC,2026-09-30T23:00:00+00:00,45.5391,soccer.asian_handicap,period=ft,away,handicap=0.75,2.6
2026-10-01T00:14:27.653375+02:00,36521470,USL Championship,USA,LIU Brooklyn,Detroit City FC,2026-09-30T23:00:00+00:00,45.5391,soccer.asian_handicap,period=ft,home,handicap=1,1.3
2026-10-01T00:14:27.653375+02:00,36521470,USL Championship,USA,LIU Brooklyn,Detroit City FC,2026-09-30T23:00:00+00:00,45.5391,soccer.asian_handicap,period=ft,away,handicap=1,3.35
2026-10-01T00:14:27.653375+02:00,36521470,USL Championship,USA,LIU Brooklyn,Detroit City FC,2026-09-30T23:00:00+00:00,45.5391,soccer.asian_handicap,period=ft,home,handicap=1.25,1.25
2026-10-01T00:14:27.653375+02:00,36521470,USL Championship,USA,LIU Brooklyn,Detroit City FC,2026-09-30T23:00:00+00:00,45.5391,soccer.asian_handicap,period=ft,away,handicap=1.25,3.8
2026-10-01T00:14:27.653375+02:00,36521470,USL Championship,USA,LIU Brooklyn,Detroit City FC,2026-09-30T23:00:00+00:00,45.5391,soccer.double_chance,period=ft,draw_away,,1.3
2026-10-01T00:14:27.653375+02:00,36521470,USL Championship,USA,LIU Brooklyn,Detroit City FC,2026-09-30T23:00:00+00:00,45.5391,soccer.double_chance,period=ft,home_away,,1.3
2026-10-01T00:14:27.653375+02:00,36521470,USL Championship,USA,LIU Brooklyn,Detroit City FC,2026-09-30T23:00:00+00:00,45.5391,soccer.double_chance,period=ft,home_draw,,1.55
2026-10-01T00:14:27.653375+02:00,36521470,USL Championship,USA,LIU Brooklyn,Detroit City FC,2026-09-30T23:00:00+00:00,45.5391,soccer.match_odds,period=ft,home,,3.25
2026-10-01T00:14:27.653375+02:00,36521470,USL Championship,USA,LIU Brooklyn,Detroit City FC,2026-09-30T23:00:00+00:00,45.5391,soccer.match_odds,period=ft,draw,,3.3
2026-10-01T00:14:27.653375+02:00,36521470,USL Championship,USA,LIU Brooklyn,Detroit City FC,2026-09-30T23:00:00+00:00,45.5391,soccer.match_odds,period=ft,away,,2.19
2026-10-01T00:14:27.653375+02:00,36521470,USL Championship,USA,LIU Brooklyn,Detroit City FC,2026-09-30T23:00:00+00:00,45.5391,soccer.total_goals,period=ft,over,total=2.25,1.83
2026-10-01T00:14:27.653375+02:00,36521470,USL Championship,USA,LIU Brooklyn,Detroit City FC,2026-09-30T23:00:00+00:00,45.5391,soccer.total_goals,period=ft,under,total=2.25,1.96
2026-10-01T00:14:27.653375+02:00,36521470,USL Championship,USA,LIU Brooklyn,Detroit City FC,2026-09-30T23:00:00+00:00,45.5391,soccer.total_goals,period=ft,over,total=1.5,1.33
2026-10-01T00:14:27.653375+02:00,36521470,USL Championship,USA,LIU Brooklyn,Detroit City FC,2026-09-30T23:00:00+00:00,45.5391,soccer.total_goals,period=ft,under,total=1.5,3.1
2026-10-01T00:14:27.653375+02:00,36521470,USL Championship,USA,LIU Brooklyn,Detroit City FC,2026-09-30T23:00:00+00:00,45.5391,soccer.total_goals,period=ft,over,total=1.75,1.42
2026-10-01T00:14:27.653375+02:00,36521470,USL Championship,USA,LIU Brooklyn,Detroit City FC,2026-09-30T23:00:00+00:00,45.5391,soccer.total_goals,period=ft,under,total=1.75,2.75
2026-10-01T00:14:27.653375+02:00,36521470,USL Championship,USA,LIU Brooklyn,Detroit City FC,2026-09-30T23:00:00+00:00,45.5391,soccer.total_goals,period=ft,over,total=2,1.56
2026-10-01T00:14:27.653375+02:00,36521470,USL Championship,USA,LIU Brooklyn,Detroit City FC,2026-09-30T23:00:00+00:00,45.5391,soccer.total_goals,period=ft,under,total=2,2.35
2026-10-01T00:14:27.653375+02:00,36521470,USL Championship,USA,LIU Brooklyn,Detroit City FC,2026-09-30T23:00:00+00:00,45.5391,soccer.total_goals,period=ft,over,total=2.5,2.09
2026-10-01T00:14:27.653375+02:00,36521470,USL Championship,USA,LIU Brooklyn,Detroit City FC,2026-09-30T23:00:00+00:00,45.5391,soccer.total_goals,period=ft,under,total=2.5,1.72
2026-10-01T00:14:27.653375+02:00,36521470,USL Championship,USA,LIU Brooklyn,Detroit City FC,2026-09-30T23:00:00+00:00,45.5391,soccer.total_goals,period=ft,over,total=2.75,2.4
2026-10-01T00:14:27.653375+02:00,36521470,USL Championship,USA,LIU Brooklyn,Detroit City FC,2026-09-30T23:00:00+00:00,45.5391,soccer.total_goals,period=ft,under,total=2.75,1.54
2026-10-01T00:14:27.653375+02:00,36521470,USL Championship,USA,LIU Brooklyn,Detroit City FC,2026-09-30T23:00:00+00:00,45.5391,soccer.total_goals,period=ft,over,total=3.5,3.65
2026-10-01T00:14:27.653375+02:00,36521470,USL Championship,USA,LIU Brooklyn,Detroit City FC,2026-09-30T23:00:00+00:00,45.5391,soccer.total_goals,period=ft,under,total=3.5,1.26
2026-10-01T00:14:27.653375+02:00,36521466,USL Championship,USA,Miami FC,Sporting Jax,2026-09-30T23:00:00+00:00,45.5391,soccer.asian_handicap,period=ft,home,handicap=-1.25,2.0
2026-10-01T00:14:27.653375+02:00,36521466,USL Championship,USA,Miami FC,Sporting Jax,2026-09-30T23:00:00+00:00,45.5391,soccer.asian_handicap,period=ft,away,handicap=-1.25,1.82
2026-10-01T00:14:27.653375+02:00,36521466,USL Championship,USA,Miami FC,Sporting Jax,2026-09-30T23:00:00+00:00,45.5391,soccer.asian_handicap,period=ft,home,handicap=-2.25,3.65
2026-10-01T00:14:27.653375+02:00,36521466,USL Championship,USA,Miami FC,Sporting Jax,2026-09-30T23:00:00+00:00,45.5391,soccer.asian_handicap,period=ft,away,handicap=-2.25,1.27
2026-10-01T00:14:27.653375+02:00,36521466,USL Championship,USA,Miami FC,Sporting Jax,2026-09-30T23:00:00+00:00,45.5391,soccer.asian_handicap,period=ft,home,handicap=-2,3.25
2026-10-01T00:14:27.653375+02:00,36521466,USL Championship,USA,Miami FC,Sporting Jax,2026-09-30T23:00:00+00:00,45.5391,soccer.asian_handicap,period=ft,away,handicap=-2,1.32
2026-10-01T00:14:27.653375+02:00,36521466,USL Championship,USA,Miami FC,Sporting Jax,2026-09-30T23:00:00+00:00,45.5391,soccer.asian_handicap,period=ft,home,handicap=-1.75,2.6
2026-10-01T00:14:27.653375+02:00,36521466,USL Championship,USA,Miami FC,Sporting Jax,2026-09-30T23:00:00+00:00,45.5391,soccer.asian_handicap,period=ft,away,handicap=-1.75,1.49
2026-10-01T00:14:27.653375+02:00,36521466,USL Championship,USA,Miami FC,Sporting Jax,2026-09-30T23:00:00+00:00,45.5391,soccer.asian_handicap,period=ft,home,handicap=-1.5,2.2
2026-10-01T00:14:27.653375+02:00,36521466,USL Championship,USA,Miami FC,Sporting Jax,2026-09-30T23:00:00+00:00,45.5391,soccer.asian_handicap,period=ft,away,handicap=-1.5,1.65
2026-10-01T00:14:27.653375+02:00,36521466,USL Championship,USA,Miami FC,Sporting Jax,2026-09-30T23:00:00+00:00,45.5391,soccer.asian_handicap,period=ft,home,handicap=-1,1.74
2026-10-01T00:14:27.653375+02:00,36521466,USL Championship,USA,Miami FC,Sporting Jax,2026-09-30T23:00:00+00:00,45.5391,soccer.asian_handicap,period=ft,away,handicap=-1,2.07
2026-10-01T00:14:27.653375+02:00,36521466,USL Championship,USA,Miami FC,Sporting Jax,2026-09-30T23:00:00+00:00,45.5391,soccer.asian_handicap,period=ft,home,handicap=-0.75,1.58
2026-10-01T00:14:27.653375+02:00,36521466,USL Championship,USA,Miami FC,Sporting Jax,2026-09-30T23:00:00+00:00,45.5391,soccer.asian_handicap,period=ft,away,handicap=-0.75,2.3
2026-10-01T00:14:27.653375+02:00,36521466,USL Championship,USA,Miami FC,Sporting Jax,2026-09-30T23:00:00+00:00,45.5391,soccer.asian_handicap,period=ft,home,handicap=-0.5,1.47
2026-10-01T00:14:27.653375+02:00,36521466,USL Championship,USA,Miami FC,Sporting Jax,2026-09-30T23:00:00+00:00,45.5391,soccer.asian_handicap,period=ft,away,handicap=-0.5,2.6
2026-10-01T00:14:27.653375+02:00,36521466,USL Championship,USA,Miami FC,Sporting Jax,2026-09-30T23:00:00+00:00,45.5391,soccer.asian_handicap,period=ft,home,handicap=-0.25,1.32
2026-10-01T00:14:27.653375+02:00,36521466,USL Championship,USA,Miami FC,Sporting Jax,2026-09-30T23:00:00+00:00,45.5391,soccer.asian_handicap,period=ft,away,handicap=-0.25,3.25
2026-10-01T00:14:27.653375+02:00,36521466,USL Championship,USA,Miami FC,Sporting Jax,2026-09-30T23:00:00+00:00,45.5391,soccer.double_chance,period=ft,draw_away,,2.2
2026-10-01T00:14:27.653375+02:00,36521466,USL Championship,USA,Miami FC,Sporting Jax,2026-09-30T23:00:00+00:00,45.5391,soccer.double_chance,period=ft,home_away,,1.17
2026-10-01T00:14:27.653375+02:00,36521466,USL Championship,USA,Miami FC,Sporting Jax,2026-09-30T23:00:00+00:00,45.5391,soccer.double_chance,period=ft,home_draw,,1.14
2026-10-01T00:14:27.653375+02:00,36521466,USL Championship,USA,Miami FC,Sporting Jax,2026-09-30T23:00:00+00:00,45.5391,soccer.match_odds,period=ft,home,,1.48
2026-10-01T00:14:27.653375+02:00,36521466,USL Championship,USA,Miami FC,Sporting Jax,2026-09-30T23:00:00+00:00,45.5391,soccer.match_odds,period=ft,draw,,4.35
2026-10-01T00:14:27.653375+02:00,36521466,USL Championship,USA,Miami FC,Sporting Jax,2026-09-30T23:00:00+00:00,45.5391,soccer.match_odds,period=ft,away,,6.0
2026-10-01T00:14:27.653375+02:00,36521466,USL Championship,USA,Miami FC,Sporting Jax,2026-09-30T23:00:00+00:00,45.5391,soccer.total_goals,period=ft,over,total=3.5,2.0
2026-10-01T00:14:27.653375+02:00,36521466,USL Championship,USA,Miami FC,Sporting Jax,2026-09-30T23:00:00+00:00,45.5391,soccer.total_goals,period=ft,under,total=3.5,1.8
2026-10-01T00:14:27.653375+02:00,36521466,USL Championship,USA,Miami FC,Sporting Jax,2026-09-30T23:00:00+00:00,45.5391,soccer.total_goals,period=ft,over,total=1.5,1.1
2026-10-01T00:14:27.653375+02:00,36521466,USL Championship,USA,Miami FC,Sporting Jax,2026-09-30T23:00:00+00:00,45.5391,soccer.total_goals,period=ft,under,total=1.5,6.3
2026-10-01T00:14:27.653375+02:00,36521466,USL Championship,USA,Miami FC,Sporting Jax,2026-09-30T23:00:00+00:00,45.5391,soccer.total_goals,period=ft,over,total=2.5,1.39
2026-10-01T00:14:27.653375+02:00,36521466,USL Championship,USA,Miami FC,Sporting Jax,2026-09-30T23:00:00+00:00,45.5391,soccer.total_goals,period=ft,under,total=2.5,2.85
2026-10-01T00:14:27.653375+02:00,36521466,USL Championship,USA,Miami FC,Sporting Jax,2026-09-30T23:00:00+00:00,45.5391,soccer.total_goals,period=ft,over,total=3,1.59
2026-10-01T00:14:27.653375+02:00,36521466,USL Championship,USA,Miami FC,Sporting Jax,2026-09-30T23:00:00+00:00,45.5391,soccer.total_goals,period=ft,under,total=3,2.3
2026-10-01T00:14:27.653375+02:00,36521466,USL Championship,USA,Miami FC,Sporting Jax,2026-09-30T23:00:00+00:00,45.5391,soccer.total_goals,period=ft,over,total=3.25,1.79
2026-10-01T00:14:27.653375+02:00,36521466,USL Championship,USA,Miami FC,Sporting Jax,2026-09-30T23:00:00+00:00,45.5391,soccer.total_goals,period=ft,under,total=3.25,2.0
2026-10-01T00:14:27.653375+02:00,36521466,USL Championship,USA,Miami FC,Sporting Jax,2026-09-30T23:00:00+00:00,45.5391,soccer.total_goals,period=ft,over,total=3.75,2.25
2026-10-01T00:14:27.653375+02:00,36521466,USL Championship,USA,Miami FC,Sporting Jax,2026-09-30T23:00:00+00:00,45.5391,soccer.total_goals,period=ft,under,total=3.75,1.62
2026-10-01T00:14:27.653375+02:00,36521466,USL Championship,USA,Miami FC,Sporting Jax,2026-09-30T23:00:00+00:00,45.5391,soccer.total_goals,period=ft,over,total=4,2.7
2026-10-01T00:14:27.653375+02:00,36521466,USL Championship,USA,Miami FC,Sporting Jax,2026-09-30T23:00:00+00:00,45.5391,soccer.total_goals,period=ft,under,total=4,1.44
2026-10-01T00:14:27.653375+02:00,36521466,USL Championship,USA,Miami FC,Sporting Jax,2026-09-30T23:00:00+00:00,45.5391,soccer.total_goals,period=ft,over,total=4.5,3.3
2026-10-01T00:14:27.653375+02:00,36521466,USL Championship,USA,Miami FC,Sporting Jax,2026-09-30T23:00:00+00:00,45.5391,soccer.total_goals,period=ft,under,total=4.5,1.3
2026-10-01T00:14:27.653375+02:00,36521466,USL Championship,USA,Miami FC,Sporting Jax,2026-09-30T23:00:00+00:00,45.5391,soccer.total_goals,period=ft,over,total=5.5,5.95
2026-10-01T00:14:27.653375+02:00,36521466,USL Championship,USA,Miami FC,Sporting Jax,2026-09-30T23:00:00+00:00,45.5391,soccer.total_goals,period=ft,under,total=5.5,1.11
2026-10-01T00:14:27.653375+02:00,36521471,USL Championship,USA,Rhode Island FC,Indy Eleven,2026-09-30T23:30:00+00:00,75.5391,soccer.asian_handicap,period=ft,home,handicap=-0.5,1.85
2026-10-01T00:14:27.653375+02:00,36521471,USL Championship,USA,Rhode Island FC,Indy Eleven,2026-09-30T23:30:00+00:00,75.5391,soccer.asian_handicap,period=ft,away,handicap=-0.5,1.96
2026-10-01T00:14:27.653375+02:00,36521471,USL Championship,USA,Rhode Island FC,Indy Eleven,2026-09-30T23:30:00+00:00,75.5391,soccer.asian_handicap,period=ft,home,handicap=-1.5,3.2
2026-10-01T00:14:27.653375+02:00,36521471,USL Championship,USA,Rhode Island FC,Indy Eleven,2026-09-30T23:30:00+00:00,75.5391,soccer.asian_handicap,period=ft,away,handicap=-1.5,1.33
2026-10-01T00:14:27.653375+02:00,36521471,USL Championship,USA,Rhode Island FC,Indy Eleven,2026-09-30T23:30:00+00:00,75.5391,soccer.asian_handicap,period=ft,home,handicap=-1.25,2.85
2026-10-01T00:14:27.653375+02:00,36521471,USL Championship,USA,Rhode Island FC,Indy Eleven,2026-09-30T23:30:00+00:00,75.5391,soccer.asian_handicap,period=ft,away,handicap=-1.25,1.4
2026-10-01T00:14:27.653375+02:00,36521471,USL Championship,USA,Rhode Island FC,Indy Eleven,2026-09-30T23:30:00+00:00,75.5391,soccer.asian_handicap,period=ft,home,handicap=-1,2.5
2026-10-01T00:14:27.653375+02:00,36521471,USL Championship,USA,Rhode Island FC,Indy Eleven,2026-09-30T23:30:00+00:00,75.5391,soccer.asian_handicap,period=ft,away,handicap=-1,1.51
2026-10-01T00:14:27.653375+02:00,36521471,USL Championship,USA,Rhode Island FC,Indy Eleven,2026-09-30T23:30:00+00:00,75.5391,soccer.asian_handicap,period=ft,home,handicap=-0.75,2.09
2026-10-01T00:14:27.653375+02:00,36521471,USL Championship,USA,Rhode Island FC,Indy Eleven,2026-09-30T23:30:00+00:00,75.5391,soccer.asian_handicap,period=ft,away,handicap=-0.75,1.73
2026-10-01T00:14:27.653375+02:00,36521471,USL Championship,USA,Rhode Island FC,Indy Eleven,2026-09-30T23:30:00+00:00,75.5391,soccer.asian_handicap,period=ft,home,handicap=-0.25,1.63
2026-10-01T00:14:27.653375+02:00,36521471,USL Championship,USA,Rhode Island FC,Indy Eleven,2026-09-30T23:30:00+00:00,75.5391,soccer.asian_handicap,period=ft,away,handicap=-0.25,2.25
2026-10-01T00:14:27.653375+02:00,36521471,USL Championship,USA,Rhode Island FC,Indy Eleven,2026-09-30T23:30:00+00:00,75.5391,soccer.asian_handicap,period=ft,home,handicap=0,1.43
2026-10-01T00:14:27.653375+02:00,36521471,USL Championship,USA,Rhode Island FC,Indy Eleven,2026-09-30T23:30:00+00:00,75.5391,soccer.asian_handicap,period=ft,away,handicap=0,2.8
2026-10-01T00:14:27.653375+02:00,36521471,USL Championship,USA,Rhode Island FC,Indy Eleven,2026-09-30T23:30:00+00:00,75.5391,soccer.asian_handicap,period=ft,home,handicap=0.25,1.34
2026-10-01T00:14:27.653375+02:00,36521471,USL Championship,USA,Rhode Island FC,Indy Eleven,2026-09-30T23:30:00+00:00,75.5391,soccer.asian_handicap,period=ft,away,handicap=0.25,3.15
2026-10-01T00:14:27.653375+02:00,36521471,USL Championship,USA,Rhode Island FC,Indy Eleven,2026-09-30T23:30:00+00:00,75.5391,soccer.asian_handicap,period=ft,home,handicap=0.5,1.28
2026-10-01T00:14:27.653375+02:00,36521471,USL Championship,USA,Rhode Island FC,Indy Eleven,2026-09-30T23:30:00+00:00,75.5391,soccer.asian_handicap,period=ft,away,handicap=0.5,3.55
2026-10-01T00:14:27.653375+02:00,36521471,USL Championship,USA,Rhode Island FC,Indy Eleven,2026-09-30T23:30:00+00:00,75.5391,soccer.double_chance,period=ft,draw_away,,1.72
2026-10-01T00:14:27.653375+02:00,36521471,USL Championship,USA,Rhode Island FC,Indy Eleven,2026-09-30T23:30:00+00:00,75.5391,soccer.double_chance,period=ft,home_away,,1.23
2026-10-01T00:14:27.653375+02:00,36521471,USL Championship,USA,Rhode Island FC,Indy Eleven,2026-09-30T23:30:00+00:00,75.5391,soccer.double_chance,period=ft,home_draw,,1.24
2026-10-01T00:14:27.653375+02:00,36521471,USL Championship,USA,Rhode Island FC,Indy Eleven,2026-09-30T23:30:00+00:00,75.5391,soccer.match_odds,period=ft,home,,1.84
2026-10-01T00:14:27.653375+02:00,36521471,USL Championship,USA,Rhode Island FC,Indy Eleven,2026-09-30T23:30:00+00:00,75.5391,soccer.match_odds,period=ft,draw,,4.1
2026-10-01T00:14:27.653375+02:00,36521471,USL Championship,USA,Rhode Island FC,Indy Eleven,2026-09-30T23:30:00+00:00,75.5391,soccer.match_odds,period=ft,away,,3.55
2026-10-01T00:14:27.653375+02:00,36521471,USL Championship,USA,Rhode Island FC,Indy Eleven,2026-09-30T23:30:00+00:00,75.5391,soccer.total_goals,period=ft,over,total=2.75,1.8
2026-10-01T00:14:27.653375+02:00,36521471,USL Championship,USA,Rhode Island FC,Indy Eleven,2026-09-30T23:30:00+00:00,75.5391,soccer.total_goals,period=ft,under,total=2.75,2.0
2026-10-01T00:14:27.653375+02:00,36521471,USL Championship,USA,Rhode Island FC,Indy Eleven,2026-09-30T23:30:00+00:00,75.5391,soccer.total_goals,period=ft,over,total=1.5,1.19
2026-10-01T00:14:27.653375+02:00,36521471,USL Championship,USA,Rhode Island FC,Indy Eleven,2026-09-30T23:30:00+00:00,75.5391,soccer.total_goals,period=ft,under,total=1.5,4.35
2026-10-01T00:14:27.653375+02:00,36521471,USL Championship,USA,Rhode Island FC,Indy Eleven,2026-09-30T23:30:00+00:00,75.5391,soccer.total_goals,period=ft,over,total=2.25,1.46
2026-10-01T00:14:27.653375+02:00,36521471,USL Championship,USA,Rhode Island FC,Indy Eleven,2026-09-30T23:30:00+00:00,75.5391,soccer.total_goals,period=ft,under,total=2.25,2.65
2026-10-01T00:14:27.653375+02:00,36521471,USL Championship,USA,Rhode Island FC,Indy Eleven,2026-09-30T23:30:00+00:00,75.5391,soccer.total_goals,period=ft,over,total=2.5,1.64
2026-10-01T00:14:27.653375+02:00,36521471,USL Championship,USA,Rhode Island FC,Indy Eleven,2026-09-30T23:30:00+00:00,75.5391,soccer.total_goals,period=ft,under,total=2.5,2.2
2026-10-01T00:14:27.653375+02:00,36521471,USL Championship,USA,Rhode Island FC,Indy Eleven,2026-09-30T23:30:00+00:00,75.5391,soccer.total_goals,period=ft,over,total=3,2.06
2026-10-01T00:14:27.653375+02:00,36521471,USL Championship,USA,Rhode Island FC,Indy Eleven,2026-09-30T23:30:00+00:00,75.5391,soccer.total_goals,period=ft,under,total=3,1.74
2026-10-01T00:14:27.653375+02:00,36521471,USL Championship,USA,Rhode Island FC,Indy Eleven,2026-09-30T23:30:00+00:00,75.5391,soccer.total_goals,period=ft,over,total=3.25,2.35
2026-10-01T00:14:27.653375+02:00,36521471,USL Championship,USA,Rhode Island FC,Indy Eleven,2026-09-30T23:30:00+00:00,75.5391,soccer.total_goals,period=ft,under,total=3.25,1.57
2026-10-01T00:14:27.653375+02:00,36521471,USL Championship,USA,Rhode Island FC,Indy Eleven,2026-09-30T23:30:00+00:00,75.5391,soccer.total_goals,period=ft,over,total=3.5,2.6
2026-10-01T00:14:27.653375+02:00,36521471,USL Championship,USA,Rhode Island FC,Indy Eleven,2026-09-30T23:30:00+00:00,75.5391,soccer.total_goals,period=ft,under,total=3.5,1.46
2026-10-01T00:14:27.653375+02:00,36521471,USL Championship,USA,Rhode Island FC,Indy Eleven,2026-09-30T23:30:00+00:00,75.5391,soccer.total_goals,period=ft,over,total=4.5,4.8
2026-10-01T00:14:27.653375+02:00,36521471,USL Championship,USA,Rhode Island FC,Indy Eleven,2026-09-30T23:30:00+00:00,75.5391,soccer.total_goals,period=ft,under,total=4.5,1.16
2026-10-01T00:16:25.221988+02:00,36577342,"Gaucho, Serie B",Brazil,SER Cruz Alta (RS),Rio Grande (RS),2026-09-30T22:30:00+00:00,13.5796,soccer.asian_handicap,period=ft,home,handicap=-1,1.89
2026-10-01T00:16:25.221988+02:00,36577342,"Gaucho, Serie B",Brazil,SER Cruz Alta (RS),Rio Grande (RS),2026-09-30T22:30:00+00:00,13.5796,soccer.asian_handicap,period=ft,away,handicap=-1,1.72
2026-10-01T00:16:25.221988+02:00,36577342,"Gaucho, Serie B",Brazil,SER Cruz Alta (RS),Rio Grande (RS),2026-09-30T22:30:00+00:00,13.5796,soccer.asian_handicap,period=ft,home,handicap=-1.5,2.4
2026-10-01T00:16:25.221988+02:00,36577342,"Gaucho, Serie B",Brazil,SER Cruz Alta (RS),Rio Grande (RS),2026-09-30T22:30:00+00:00,13.5796,soccer.asian_handicap,period=ft,away,handicap=-1.5,1.44
2026-10-01T00:16:25.221988+02:00,36577342,"Gaucho, Serie B",Brazil,SER Cruz Alta (RS),Rio Grande (RS),2026-09-30T22:30:00+00:00,13.5796,soccer.asian_handicap,period=ft,home,handicap=-1.25,2.16
2026-10-01T00:16:25.221988+02:00,36577342,"Gaucho, Serie B",Brazil,SER Cruz Alta (RS),Rio Grande (RS),2026-09-30T22:30:00+00:00,13.5796,soccer.asian_handicap,period=ft,away,handicap=-1.25,1.55
2026-10-01T00:16:25.221988+02:00,36577342,"Gaucho, Serie B",Brazil,SER Cruz Alta (RS),Rio Grande (RS),2026-09-30T22:30:00+00:00,13.5796,soccer.asian_handicap,period=ft,home,handicap=-0.75,1.66
2026-10-01T00:16:25.221988+02:00,36577342,"Gaucho, Serie B",Brazil,SER Cruz Alta (RS),Rio Grande (RS),2026-09-30T22:30:00+00:00,13.5796,soccer.asian_handicap,period=ft,away,handicap=-0.75,1.97
2026-10-01T00:16:25.221988+02:00,36577342,"Gaucho, Serie B",Brazil,SER Cruz Alta (RS),Rio Grande (RS),2026-09-30T22:30:00+00:00,13.5796,soccer.asian_handicap,period=ft,home,handicap=-0.5,1.52
2026-10-01T00:16:25.221988+02:00,36577342,"Gaucho, Serie B",Brazil,SER Cruz Alta (RS),Rio Grande (RS),2026-09-30T22:30:00+00:00,13.5796,soccer.asian_handicap,period=ft,away,handicap=-0.5,2.2
2026-10-01T00:16:25.221988+02:00,36577342,"Gaucho, Serie B",Brazil,SER Cruz Alta (RS),Rio Grande (RS),2026-09-30T22:30:00+00:00,13.5796,soccer.double_chance,period=ft,draw_away,,2.08
2026-10-01T00:16:25.221988+02:00,36577342,"Gaucho, Serie B",Brazil,SER Cruz Alta (RS),Rio Grande (RS),2026-09-30T22:30:00+00:00,13.5796,soccer.double_chance,period=ft,home_away,,1.21
2026-10-01T00:16:25.221988+02:00,36577342,"Gaucho, Serie B",Brazil,SER Cruz Alta (RS),Rio Grande (RS),2026-09-30T22:30:00+00:00,13.5796,soccer.double_chance,period=ft,home_draw,,1.15
2026-10-01T00:16:25.221988+02:00,36577342,"Gaucho, Serie B",Brazil,SER Cruz Alta (RS),Rio Grande (RS),2026-09-30T22:30:00+00:00,13.5796,soccer.match_odds,period=ft,home,,1.52
2026-10-01T00:16:25.221988+02:00,36577342,"Gaucho, Serie B",Brazil,SER Cruz Alta (RS),Rio Grande (RS),2026-09-30T22:30:00+00:00,13.5796,soccer.match_odds,period=ft,draw,,3.75
2026-10-01T00:16:25.221988+02:00,36577342,"Gaucho, Serie B",Brazil,SER Cruz Alta (RS),Rio Grande (RS),2026-09-30T22:30:00+00:00,13.5796,soccer.match_odds,period=ft,away,,4.8
2026-10-01T00:16:25.221988+02:00,36577342,"Gaucho, Serie B",Brazil,SER Cruz Alta (RS),Rio Grande (RS),2026-09-30T22:30:00+00:00,13.5796,soccer.total_goals,period=ft,over,total=2.5,1.72
2026-10-01T00:16:25.221988+02:00,36577342,"Gaucho, Serie B",Brazil,SER Cruz Alta (RS),Rio Grande (RS),2026-09-30T22:30:00+00:00,13.5796,soccer.total_goals,period=ft,under,total=2.5,1.89
2026-10-01T00:16:25.221988+02:00,36522149,Primera Division,Uruguay,Montevideo City Torque,CA Penarol Montevideo,2026-09-30T23:00:00+00:00,43.5796,soccer.asian_handicap,period=ft,home,handicap=0.25,2.03
2026-10-01T00:16:25.221988+02:00,36522149,Primera Division,Uruguay,Montevideo City Torque,CA Penarol Montevideo,2026-09-30T23:00:00+00:00,43.5796,soccer.asian_handicap,period=ft,away,handicap=0.25,1.8
2026-10-01T00:16:25.221988+02:00,36522149,Primera Division,Uruguay,Montevideo City Torque,CA Penarol Montevideo,2026-09-30T23:00:00+00:00,43.5796,soccer.asian_handicap,period=ft,home,handicap=-0.75,4.4
2026-10-01T00:16:25.221988+02:00,36522149,Primera Division,Uruguay,Montevideo City Torque,CA Penarol Montevideo,2026-09-30T23:00:00+00:00,43.5796,soccer.asian_handicap,period=ft,away,handicap=-0.75,1.2
2026-10-01T00:16:25.221988+02:00,36522149,Primera Division,Uruguay,Montevideo City Torque,CA Penarol Montevideo,2026-09-30T23:00:00+00:00,43.5796,soccer.asian_handicap,period=ft,home,handicap=-0.5,3.4
2026-10-01T00:16:25.221988+02:00,36522149,Primera Division,Uruguay,Montevideo City Torque,CA Penarol Montevideo,2026-09-30T23:00:00+00:00,43.5796,soccer.asian_handicap,period=ft,away,handicap=-0.5,1.31
2026-10-01T00:16:25.221988+02:00,36522149,Primera Division,Uruguay,Montevideo City Torque,CA Penarol Montevideo,2026-09-30T23:00:00+00:00,43.5796,soccer.asian_handicap,period=ft,home,handicap=-0.25,2.95
2026-10-01T00:16:25.221988+02:00,36522149,Primera Division,Uruguay,Montevideo City Torque,CA Penarol Montevideo,2026-09-30T23:00:00+00:00,43.5796,soccer.asian_handicap,period=ft,away,handicap=-0.25,1.39
2026-10-01T00:16:25.221988+02:00,36522149,Primera Division,Uruguay,Montevideo City Torque,CA Penarol Montevideo,2026-09-30T23:00:00+00:00,43.5796,soccer.asian_handicap,period=ft,home,handicap=0,2.5
2026-10-01T00:16:25.221988+02:00,36522149,Primera Division,Uruguay,Montevideo City Torque,CA Penarol Montevideo,2026-09-30T23:00:00+00:00,43.5796,soccer.asian_handicap,period=ft,away,handicap=0,1.52
2026-10-01T00:16:25.221988+02:00,36522149,Primera Division,Uruguay,Montevideo City Torque,CA Penarol Montevideo,2026-09-30T23:00:00+00:00,43.5796,soccer.asian_handicap,period=ft,home,handicap=0.5,1.76
2026-10-01T00:16:25.221988+02:00,36522149,Primera Division,Uruguay,Montevideo City Torque,CA Penarol Montevideo,2026-09-30T23:00:00+00:00,43.5796,soccer.asian_handicap,period=ft,away,handicap=0.5,2.07
2026-10-01T00:16:25.221988+02:00,36522149,Primera Division,Uruguay,Montevideo City Torque,CA Penarol Montevideo,2026-09-30T23:00:00+00:00,43.5796,soccer.asian_handicap,period=ft,home,handicap=0.75,1.55
2026-10-01T00:16:25.221988+02:00,36522149,Primera Division,Uruguay,Montevideo City Torque,CA Penarol Montevideo,2026-09-30T23:00:00+00:00,43.5796,soccer.asian_handicap,period=ft,away,handicap=0.75,2.45
2026-10-01T00:16:25.221988+02:00,36522149,Primera Division,Uruguay,Montevideo City Torque,CA Penarol Montevideo,2026-09-30T23:00:00+00:00,43.5796,soccer.asian_handicap,period=ft,home,handicap=1,1.34
2026-10-01T00:16:25.221988+02:00,36522149,Primera Division,Uruguay,Montevideo City Torque,CA Penarol Montevideo,2026-09-30T23:00:00+00:00,43.5796,soccer.asian_handicap,period=ft,away,handicap=1,3.15
2026-10-01T00:16:25.221988+02:00,36522149,Primera Division,Uruguay,Montevideo City Torque,CA Penarol Montevideo,2026-09-30T23:00:00+00:00,43.5796,soccer.asian_handicap,period=ft,home,handicap=1.25,1.27
2026-10-01T00:16:25.221988+02:00,36522149,Primera Division,Uruguay,Montevideo City Torque,CA Penarol Montevideo,2026-09-30T23:00:00+00:00,43.5796,soccer.asian_handicap,period=ft,away,handicap=1.25,3.65
2026-10-01T00:16:25.221988+02:00,36522149,Primera Division,Uruguay,Montevideo City Torque,CA Penarol Montevideo,2026-09-30T23:00:00+00:00,43.5796,soccer.double_chance,period=ft,draw_away,,1.32
2026-10-01T00:16:25.221988+02:00,36522149,Primera Division,Uruguay,Montevideo City Torque,CA Penarol Montevideo,2026-09-30T23:00:00+00:00,43.5796,soccer.double_chance,period=ft,home_away,,1.27
2026-10-01T00:16:25.221988+02:00,36522149,Primera Division,Uruguay,Montevideo City Torque,CA Penarol Montevideo,2026-09-30T23:00:00+00:00,43.5796,soccer.double_chance,period=ft,home_draw,,1.76
2026-10-01T00:16:25.221988+02:00,36522149,Primera Division,Uruguay,Montevideo City Torque,CA Penarol Montevideo,2026-09-30T23:00:00+00:00,43.5796,soccer.match_odds,period=ft,home,,3.4
2026-10-01T00:16:25.221988+02:00,36522149,Primera Division,Uruguay,Montevideo City Torque,CA Penarol Montevideo,2026-09-30T23:00:00+00:00,43.5796,soccer.match_odds,period=ft,draw,,3.5
2026-10-01T00:16:25.221988+02:00,36522149,Primera Division,Uruguay,Montevideo City Torque,CA Penarol Montevideo,2026-09-30T23:00:00+00:00,43.5796,soccer.match_odds,period=ft,away,,2.07
2026-10-01T00:16:25.221988+02:00,36522149,Primera Division,Uruguay,Montevideo City Torque,CA Penarol Montevideo,2026-09-30T23:00:00+00:00,43.5796,soccer.total_goals,period=ft,over,total=2.5,2.01
2026-10-01T00:16:25.221988+02:00,36522149,Primera Division,Uruguay,Montevideo City Torque,CA Penarol Montevideo,2026-09-30T23:00:00+00:00,43.5796,soccer.total_goals,period=ft,under,total=2.5,1.8
2026-10-01T00:16:25.221988+02:00,36522149,Primera Division,Uruguay,Montevideo City Torque,CA Penarol Montevideo,2026-09-30T23:00:00+00:00,43.5796,soccer.total_goals,period=ft,over,total=1.5,1.3
2026-10-01T00:16:25.221988+02:00,36522149,Primera Division,Uruguay,Montevideo City Torque,CA Penarol Montevideo,2026-09-30T23:00:00+00:00,43.5796,soccer.total_goals,period=ft,under,total=1.5,3.35
2026-10-01T00:16:25.221988+02:00,36522149,Primera Division,Uruguay,Montevideo City Torque,CA Penarol Montevideo,2026-09-30T23:00:00+00:00,43.5796,soccer.total_goals,period=ft,over,total=2,1.5
2026-10-01T00:16:25.221988+02:00,36522149,Primera Division,Uruguay,Montevideo City Torque,CA Penarol Montevideo,2026-09-30T23:00:00+00:00,43.5796,soccer.total_goals,period=ft,under,total=2,2.55
2026-10-01T00:16:25.221988+02:00,36522149,Primera Division,Uruguay,Montevideo City Torque,CA Penarol Montevideo,2026-09-30T23:00:00+00:00,43.5796,soccer.total_goals,period=ft,over,total=2.25,1.75
2026-10-01T00:16:25.221988+02:00,36522149,Primera Division,Uruguay,Montevideo City Torque,CA Penarol Montevideo,2026-09-30T23:00:00+00:00,43.5796,soccer.total_goals,period=ft,under,total=2.25,2.05
2026-10-01T00:16:25.221988+02:00,36522149,Primera Division,Uruguay,Montevideo City Torque,CA Penarol Montevideo,2026-09-30T23:00:00+00:00,43.5796,soccer.total_goals,period=ft,over,total=2.75,2.3
2026-10-01T00:16:25.221988+02:00,36522149,Primera Division,Uruguay,Montevideo City Torque,CA Penarol Montevideo,2026-09-30T23:00:00+00:00,43.5796,soccer.total_goals,period=ft,under,total=2.75,1.6
2026-10-01T00:16:25.221988+02:00,36522149,Primera Division,Uruguay,Montevideo City Torque,CA Penarol Montevideo,2026-09-30T23:00:00+00:00,43.5796,soccer.total_goals,period=ft,over,total=3,2.85
2026-10-01T00:16:25.221988+02:00,36522149,Primera Division,Uruguay,Montevideo City Torque,CA Penarol Montevideo,2026-09-30T23:00:00+00:00,43.5796,soccer.total_goals,period=ft,under,total=3,1.41
2026-10-01T00:16:25.221988+02:00,36522149,Primera Division,Uruguay,Montevideo City Torque,CA Penarol Montevideo,2026-09-30T23:00:00+00:00,43.5796,soccer.total_goals,period=ft,over,total=3.5,3.55
2026-10-01T00:16:25.221988+02:00,36522149,Primera Division,Uruguay,Montevideo City Torque,CA Penarol Montevideo,2026-09-30T23:00:00+00:00,43.5796,soccer.total_goals,period=ft,under,total=3.5,1.28
2026-10-01T00:16:25.221988+02:00,36522149,Primera Division,Uruguay,Montevideo City Torque,CA Penarol Montevideo,2026-09-30T23:00:00+00:00,43.5796,soccer.total_goals,period=ft,over,total=4.5,7.05
2026-10-01T00:16:25.221988+02:00,36522149,Primera Division,Uruguay,Montevideo City Torque,CA Penarol Montevideo,2026-09-30T23:00:00+00:00,43.5796,soccer.total_goals,period=ft,under,total=4.5,1.09
2026-10-01T00:16:25.221988+02:00,36577752,Brazil Campeonato Paraibano (PB) Division 2,Brazil,Auto EC (PB),Picuiense PB,2026-09-30T23:15:00+00:00,58.5796,soccer.asian_handicap,period=ft,home,handicap=-1.75,1.75
2026-10-01T00:16:25.221988+02:00,36577752,Brazil Campeonato Paraibano (PB) Division 2,Brazil,Auto EC (PB),Picuiense PB,2026-09-30T23:15:00+00:00,58.5796,soccer.asian_handicap,period=ft,away,handicap=-1.75,1.94
2026-10-01T00:16:25.221988+02:00,36577752,Brazil Campeonato Paraibano (PB) Division 2,Brazil,Auto EC (PB),Picuiense PB,2026-09-30T23:15:00+00:00,58.5796,soccer.asian_handicap,period=ft,home,handicap=-2.5,2.45
2026-10-01T00:16:25.221988+02:00,36577752,Brazil Campeonato Paraibano (PB) Division 2,Brazil,Auto EC (PB),Picuiense PB,2026-09-30T23:15:00+00:00,58.5796,soccer.asian_handicap,period=ft,away,handicap=-2.5,1.42
2026-10-01T00:16:25.221988+02:00,36577752,Brazil Campeonato Paraibano (PB) Division 2,Brazil,Auto EC (PB),Picuiense PB,2026-09-30T23:15:00+00:00,58.5796,soccer.asian_handicap,period=ft,home,handicap=-2.25,2.2
2026-10-01T00:16:25.221988+02:00,36577752,Brazil Campeonato Paraibano (PB) Division 2,Brazil,Auto EC (PB),Picuiense PB,2026-09-30T23:15:00+00:00,58.5796,soccer.asian_handicap,period=ft,away,handicap=-2.25,1.52
2026-10-01T00:16:25.221988+02:00,36577752,Brazil Campeonato Paraibano (PB) Division 2,Brazil,Auto EC (PB),Picuiense PB,2026-09-30T23:15:00+00:00,58.5796,soccer.asian_handicap,period=ft,home,handicap=-2,1.99
2026-10-01T00:16:25.221988+02:00,36577752,Brazil Campeonato Paraibano (PB) Division 2,Brazil,Auto EC (PB),Picuiense PB,2026-09-30T23:15:00+00:00,58.5796,soccer.asian_handicap,period=ft,away,handicap=-2,1.69
2026-10-01T00:16:25.221988+02:00,36577752,Brazil Campeonato Paraibano (PB) Division 2,Brazil,Auto EC (PB),Picuiense PB,2026-09-30T23:15:00+00:00,58.5796,soccer.asian_handicap,period=ft,home,handicap=-1.5,1.59
2026-10-01T00:16:25.221988+02:00,36577752,Brazil Campeonato Paraibano (PB) Division 2,Brazil,Auto EC (PB),Picuiense PB,2026-09-30T23:15:00+00:00,58.5796,soccer.asian_handicap,period=ft,away,handicap=-1.5,2.15
2026-10-01T00:16:25.221988+02:00,36577752,Brazil Campeonato Paraibano (PB) Division 2,Brazil,Auto EC (PB),Picuiense PB,2026-09-30T23:15:00+00:00,58.5796,soccer.asian_handicap,period=ft,home,handicap=-1.25,1.42
2026-10-01T00:16:25.221988+02:00,36577752,Brazil Campeonato Paraibano (PB) Division 2,Brazil,Auto EC (PB),Picuiense PB,2026-09-30T23:15:00+00:00,58.5796,soccer.asian_handicap,period=ft,away,handicap=-1.25,2.45
2026-10-01T00:16:25.221988+02:00,36577752,Brazil Campeonato Paraibano (PB) Division 2,Brazil,Auto EC (PB),Picuiense PB,2026-09-30T23:15:00+00:00,58.5796,soccer.asian_handicap,period=ft,home,handicap=-1,1.27
2026-10-01T00:16:25.221988+02:00,36577752,Brazil Campeonato Paraibano (PB) Division 2,Brazil,Auto EC (PB),Picuiense PB,2026-09-30T23:15:00+00:00,58.5796,soccer.asian_handicap,period=ft,away,handicap=-1,3.1
2026-10-01T00:16:25.221988+02:00,36577752,Brazil Campeonato Paraibano (PB) Division 2,Brazil,Auto EC (PB),Picuiense PB,2026-09-30T23:15:00+00:00,58.5796,soccer.total_goals,period=ft,over,total=3,1.74
2026-10-01T00:16:25.221988+02:00,36577752,Brazil Campeonato Paraibano (PB) Division 2,Brazil,Auto EC (PB),Picuiense PB,2026-09-30T23:15:00+00:00,58.5796,soccer.total_goals,period=ft,under,total=3,1.95
2026-10-01T00:16:25.221988+02:00,36577752,Brazil Campeonato Paraibano (PB) Division 2,Brazil,Auto EC (PB),Picuiense PB,2026-09-30T23:15:00+00:00,58.5796,soccer.total_goals,period=ft,over,total=2.25,1.31
2026-10-01T00:16:25.221988+02:00,36577752,Brazil Campeonato Paraibano (PB) Division 2,Brazil,Auto EC (PB),Picuiense PB,2026-09-30T23:15:00+00:00,58.5796,soccer.total_goals,period=ft,under,total=2.25,2.9
2026-10-01T00:16:25.221988+02:00,36577752,Brazil Campeonato Paraibano (PB) Division 2,Brazil,Auto EC (PB),Picuiense PB,2026-09-30T23:15:00+00:00,58.5796,soccer.total_goals,period=ft,over,total=2.5,1.46
2026-10-01T00:16:25.221988+02:00,36577752,Brazil Campeonato Paraibano (PB) Division 2,Brazil,Auto EC (PB),Picuiense PB,2026-09-30T23:15:00+00:00,58.5796,soccer.total_goals,period=ft,under,total=2.5,2.35
2026-10-01T00:16:25.221988+02:00,36577752,Brazil Campeonato Paraibano (PB) Division 2,Brazil,Auto EC (PB),Picuiense PB,2026-09-30T23:15:00+00:00,58.5796,soccer.total_goals,period=ft,over,total=2.75,1.57
2026-10-01T00:16:25.221988+02:00,36577752,Brazil Campeonato Paraibano (PB) Division 2,Brazil,Auto EC (PB),Picuiense PB,2026-09-30T23:15:00+00:00,58.5796,soccer.total_goals,period=ft,under,total=2.75,2.17
2026-10-01T00:16:25.221988+02:00,36577752,Brazil Campeonato Paraibano (PB) Division 2,Brazil,Auto EC (PB),Picuiense PB,2026-09-30T23:15:00+00:00,58.5796,soccer.total_goals,period=ft,over,total=3.25,1.96
2026-10-01T00:16:25.221988+02:00,36577752,Brazil Campeonato Paraibano (PB) Division 2,Brazil,Auto EC (PB),Picuiense PB,2026-09-30T23:15:00+00:00,58.5796,soccer.total_goals,period=ft,under,total=3.25,1.71
2026-10-01T00:16:25.221988+02:00,36577752,Brazil Campeonato Paraibano (PB) Division 2,Brazil,Auto EC (PB),Picuiense PB,2026-09-30T23:15:00+00:00,58.5796,soccer.total_goals,period=ft,over,total=3.5,2.14
2026-10-01T00:16:25.221988+02:00,36577752,Brazil Campeonato Paraibano (PB) Division 2,Brazil,Auto EC (PB),Picuiense PB,2026-09-30T23:15:00+00:00,58.5796,soccer.total_goals,period=ft,under,total=3.5,1.56
2026-10-01T00:16:25.221988+02:00,36577752,Brazil Campeonato Paraibano (PB) Division 2,Brazil,Auto EC (PB),Picuiense PB,2026-09-30T23:15:00+00:00,58.5796,soccer.total_goals,period=ft,over,total=3.75,2.45
2026-10-01T00:16:25.221988+02:00,36577752,Brazil Campeonato Paraibano (PB) Division 2,Brazil,Auto EC (PB),Picuiense PB,2026-09-30T23:15:00+00:00,58.5796,soccer.total_goals,period=ft,under,total=3.75,1.43
2026-10-01T00:16:25.221988+02:00,36577730,Segunda Division,Venezuela,CD Lara,REAL FRONTERA FC,2026-09-30T23:00:00+00:00,43.5796,soccer.asian_handicap,period=ft,home,handicap=-2.25,1.82
2026-10-01T00:16:25.221988+02:00,36577730,Segunda Division,Venezuela,CD Lara,REAL FRONTERA FC,2026-09-30T23:00:00+00:00,43.5796,soccer.asian_handicap,period=ft,away,handicap=-2.25,1.86
2026-10-01T00:16:25.221988+02:00,36577730,Segunda Division,Venezuela,CD Lara,REAL FRONTERA FC,2026-09-30T23:00:00+00:00,43.5796,soccer.asian_handicap,period=ft,home,handicap=-3,2.8
2026-10-01T00:16:25.221988+02:00,36577730,Segunda Division,Venezuela,CD Lara,REAL FRONTERA FC,2026-09-30T23:00:00+00:00,43.5796,soccer.asian_handicap,period=ft,away,handicap=-3,1.34
2026-10-01T00:16:25.221988+02:00,36577730,Segunda Division,Venezuela,CD Lara,REAL FRONTERA FC,2026-09-30T23:00:00+00:00,43.5796,soccer.asian_handicap,period=ft,home,handicap=-2.75,2.25
2026-10-01T00:16:25.221988+02:00,36577730,Segunda Division,Venezuela,CD Lara,REAL FRONTERA FC,2026-09-30T23:00:00+00:00,43.5796,soccer.asian_handicap,period=ft,away,handicap=-2.75,1.5
2026-10-01T00:16:25.221988+02:00,36577730,Segunda Division,Venezuela,CD Lara,REAL FRONTERA FC,2026-09-30T23:00:00+00:00,43.5796,soccer.asian_handicap,period=ft,home,handicap=-2.5,2.02
2026-10-01T00:16:25.221988+02:00,36577730,Segunda Division,Venezuela,CD Lara,REAL FRONTERA FC,2026-09-30T23:00:00+00:00,43.5796,soccer.asian_handicap,period=ft,away,handicap=-2.5,1.66
2026-10-01T00:16:25.221988+02:00,36577730,Segunda Division,Venezuela,CD Lara,REAL FRONTERA FC,2026-09-30T23:00:00+00:00,43.5796,soccer.asian_handicap,period=ft,home,handicap=-2,1.57
2026-10-01T00:16:25.221988+02:00,36577730,Segunda Division,Venezuela,CD Lara,REAL FRONTERA FC,2026-09-30T23:00:00+00:00,43.5796,soccer.asian_handicap,period=ft,away,handicap=-2,2.17
2026-10-01T00:16:25.221988+02:00,36577730,Segunda Division,Venezuela,CD Lara,REAL FRONTERA FC,2026-09-30T23:00:00+00:00,43.5796,soccer.asian_handicap,period=ft,home,handicap=-1.75,1.44
2026-10-01T00:16:25.221988+02:00,36577730,Segunda Division,Venezuela,CD Lara,REAL FRONTERA FC,2026-09-30T23:00:00+00:00,43.5796,soccer.asian_handicap,period=ft,away,handicap=-1.75,2.4
2026-10-01T00:16:25.221988+02:00,36577730,Segunda Division,Venezuela,CD Lara,REAL FRONTERA FC,2026-09-30T23:00:00+00:00,43.5796,soccer.asian_handicap,period=ft,home,handicap=-1.5,1.35
2026-10-01T00:16:25.221988+02:00,36577730,Segunda Division,Venezuela,CD Lara,REAL FRONTERA FC,2026-09-30T23:00:00+00:00,43.5796,soccer.asian_handicap,period=ft,away,handicap=-1.5,2.7
2026-10-01T00:16:25.221988+02:00,36577730,Segunda Division,Venezuela,CD Lara,REAL FRONTERA FC,2026-09-30T23:00:00+00:00,43.5796,soccer.double_chance,period=ft,draw_away,,5.0
2026-10-01T00:16:25.221988+02:00,36577730,Segunda Division,Venezuela,CD Lara,REAL FRONTERA FC,2026-09-30T23:00:00+00:00,43.5796,soccer.double_chance,period=ft,home_away,,1.07
2026-10-01T00:16:25.221988+02:00,36577730,Segunda Division,Venezuela,CD Lara,REAL FRONTERA FC,2026-09-30T23:00:00+00:00,43.5796,soccer.double_chance,period=ft,home_draw,,1.04
2026-10-01T00:16:25.221988+02:00,36577730,Segunda Division,Venezuela,CD Lara,REAL FRONTERA FC,2026-09-30T23:00:00+00:00,43.5796,soccer.match_odds,period=ft,home,,1.11
2026-10-01T00:16:25.221988+02:00,36577730,Segunda Division,Venezuela,CD Lara,REAL FRONTERA FC,2026-09-30T23:00:00+00:00,43.5796,soccer.match_odds,period=ft,draw,,8.2
2026-10-01T00:16:25.221988+02:00,36577730,Segunda Division,Venezuela,CD Lara,REAL FRONTERA FC,2026-09-30T23:00:00+00:00,43.5796,soccer.match_odds,period=ft,away,,12.0
2026-10-01T00:16:25.221988+02:00,36577730,Segunda Division,Venezuela,CD Lara,REAL FRONTERA FC,2026-09-30T23:00:00+00:00,43.5796,soccer.total_goals,period=ft,over,total=3.25,1.78
2026-10-01T00:16:25.221988+02:00,36577730,Segunda Division,Venezuela,CD Lara,REAL FRONTERA FC,2026-09-30T23:00:00+00:00,43.5796,soccer.total_goals,period=ft,under,total=3.25,1.9
2026-10-01T00:16:25.221988+02:00,36577730,Segunda Division,Venezuela,CD Lara,REAL FRONTERA FC,2026-09-30T23:00:00+00:00,43.5796,soccer.total_goals,period=ft,over,total=2.5,1.33
2026-10-01T00:16:25.221988+02:00,36577730,Segunda Division,Venezuela,CD Lara,REAL FRONTERA FC,2026-09-30T23:00:00+00:00,43.5796,soccer.total_goals,period=ft,under,total=2.5,2.8
2026-10-01T00:16:25.221988+02:00,36577730,Segunda Division,Venezuela,CD Lara,REAL FRONTERA FC,2026-09-30T23:00:00+00:00,43.5796,soccer.total_goals,period=ft,over,total=2.75,1.41
2026-10-01T00:16:25.221988+02:00,36577730,Segunda Division,Venezuela,CD Lara,REAL FRONTERA FC,2026-09-30T23:00:00+00:00,43.5796,soccer.total_goals,period=ft,under,total=2.75,2.5
2026-10-01T00:16:25.221988+02:00,36577730,Segunda Division,Venezuela,CD Lara,REAL FRONTERA FC,2026-09-30T23:00:00+00:00,43.5796,soccer.total_goals,period=ft,over,total=3,1.54
2026-10-01T00:16:25.221988+02:00,36577730,Segunda Division,Venezuela,CD Lara,REAL FRONTERA FC,2026-09-30T23:00:00+00:00,43.5796,soccer.total_goals,period=ft,under,total=3,2.2
2026-10-01T00:16:25.221988+02:00,36577730,Segunda Division,Venezuela,CD Lara,REAL FRONTERA FC,2026-09-30T23:00:00+00:00,43.5796,soccer.total_goals,period=ft,over,total=3.5,1.99
2026-10-01T00:16:25.221988+02:00,36577730,Segunda Division,Venezuela,CD Lara,REAL FRONTERA FC,2026-09-30T23:00:00+00:00,43.5796,soccer.total_goals,period=ft,under,total=3.5,1.69
2026-10-01T00:16:25.221988+02:00,36577730,Segunda Division,Venezuela,CD Lara,REAL FRONTERA FC,2026-09-30T23:00:00+00:00,43.5796,soccer.total_goals,period=ft,over,total=3.75,2.25
2026-10-01T00:16:25.221988+02:00,36577730,Segunda Division,Venezuela,CD Lara,REAL FRONTERA FC,2026-09-30T23:00:00+00:00,43.5796,soccer.total_goals,period=ft,under,total=3.75,1.51
2026-10-01T00:16:25.221988+02:00,36577730,Segunda Division,Venezuela,CD Lara,REAL FRONTERA FC,2026-09-30T23:00:00+00:00,43.5796,soccer.total_goals,period=ft,over,total=4,2.7
2026-10-01T00:16:25.221988+02:00,36577730,Segunda Division,Venezuela,CD Lara,REAL FRONTERA FC,2026-09-30T23:00:00+00:00,43.5796,soccer.total_goals,period=ft,under,total=4,1.35
2026-10-01T00:16:25.221988+02:00,36573249,Copa Division Profesional,Bolivia,CD Real Tomayapo,CA Nacional Potosi,2026-09-30T22:30:00+00:00,13.5796,soccer.asian_handicap,period=ft,home,handicap=0,1.91
2026-10-01T00:16:25.221988+02:00,36573249,Copa Division Profesional,Bolivia,CD Real Tomayapo,CA Nacional Potosi,2026-09-30T22:30:00+00:00,13.5796,soccer.asian_handicap,period=ft,away,handicap=0,1.79
2026-10-01T00:16:25.221988+02:00,36573249,Copa Division Profesional,Bolivia,CD Real Tomayapo,CA Nacional Potosi,2026-09-30T22:30:00+00:00,13.5796,soccer.asian_handicap,period=ft,home,handicap=-0.75,2.8
2026-10-01T00:16:25.221988+02:00,36573249,Copa Division Profesional,Bolivia,CD Real Tomayapo,CA Nacional Potosi,2026-09-30T22:30:00+00:00,13.5796,soccer.asian_handicap,period=ft,away,handicap=-0.75,1.33
2026-10-01T00:16:25.221988+02:00,36573249,Copa Division Profesional,Bolivia,CD Real Tomayapo,CA Nacional Potosi,2026-09-30T22:30:00+00:00,13.5796,soccer.asian_handicap,period=ft,home,handicap=-0.5,2.35
2026-10-01T00:16:25.221988+02:00,36573249,Copa Division Profesional,Bolivia,CD Real Tomayapo,CA Nacional Potosi,2026-09-30T22:30:00+00:00,13.5796,soccer.asian_handicap,period=ft,away,handicap=-0.5,1.47
2026-10-01T00:16:25.221988+02:00,36573249,Copa Division Profesional,Bolivia,CD Real Tomayapo,CA Nacional Potosi,2026-09-30T22:30:00+00:00,13.5796,soccer.asian_handicap,period=ft,home,handicap=-0.25,2.15
2026-10-01T00:16:25.221988+02:00,36573249,Copa Division Profesional,Bolivia,CD Real Tomayapo,CA Nacional Potosi,2026-09-30T22:30:00+00:00,13.5796,soccer.asian_handicap,period=ft,away,handicap=-0.25,1.59
2026-10-01T00:16:25.221988+02:00,36573249,Copa Division Profesional,Bolivia,CD Real Tomayapo,CA Nacional Potosi,2026-09-30T22:30:00+00:00,13.5796,soccer.asian_handicap,period=ft,home,handicap=0.25,1.67
2026-10-01T00:16:25.221988+02:00,36573249,Copa Division Profesional,Bolivia,CD Real Tomayapo,CA Nacional Potosi,2026-09-30T22:30:00+00:00,13.5796,soccer.asian_handicap,period=ft,away,handicap=0.25,2.02
2026-10-01T00:16:25.221988+02:00,36573249,Copa Division Profesional,Bolivia,CD Real Tomayapo,CA Nacional Potosi,2026-09-30T22:30:00+00:00,13.5796,soccer.asian_handicap,period=ft,home,handicap=0.5,1.52
2026-10-01T00:16:25.221988+02:00,36573249,Copa Division Profesional,Bolivia,CD Real Tomayapo,CA Nacional Potosi,2026-09-30T22:30:00+00:00,13.5796,soccer.asian_handicap,period=ft,away,handicap=0.5,2.25
2026-10-01T00:16:25.221988+02:00,36573249,Copa Division Profesional,Bolivia,CD Real Tomayapo,CA Nacional Potosi,2026-09-30T22:30:00+00:00,13.5796,soccer.asian_handicap,period=ft,home,handicap=0.75,1.38
2026-10-01T00:16:25.221988+02:00,36573249,Copa Division Profesional,Bolivia,CD Real Tomayapo,CA Nacional Potosi,2026-09-30T22:30:00+00:00,13.5796,soccer.asian_handicap,period=ft,away,handicap=0.75,2.65
2026-10-01T00:16:25.221988+02:00,36573249,Copa Division Profesional,Bolivia,CD Real Tomayapo,CA Nacional Potosi,2026-09-30T22:30:00+00:00,13.5796,soccer.match_odds,period=ft,home,,2.4
2026-10-01T00:16:25.221988+02:00,36573249,Copa Division Profesional,Bolivia,CD Real Tomayapo,CA Nacional Potosi,2026-09-30T22:30:00+00:00,13.5796,soccer.match_odds,period=ft,draw,,3.6
2026-10-01T00:16:25.221988+02:00,36573249,Copa Division Profesional,Bolivia,CD Real Tomayapo,CA Nacional Potosi,2026-09-30T22:30:00+00:00,13.5796,soccer.match_odds,period=ft,away,,2.25
2026-10-01T00:16:25.221988+02:00,36573249,Copa Division Profesional,Bolivia,CD Real Tomayapo,CA Nacional Potosi,2026-09-30T22:30:00+00:00,13.5796,soccer.total_goals,period=ft,over,total=2.75,1.82
2026-10-01T00:16:25.221988+02:00,36573249,Copa Division Profesional,Bolivia,CD Real Tomayapo,CA Nacional Potosi,2026-09-30T22:30:00+00:00,13.5796,soccer.total_goals,period=ft,under,total=2.75,1.87
2026-10-01T00:16:25.221988+02:00,36573249,Copa Division Profesional,Bolivia,CD Real Tomayapo,CA Nacional Potosi,2026-09-30T22:30:00+00:00,13.5796,soccer.total_goals,period=ft,over,total=2,1.28
2026-10-01T00:16:25.221988+02:00,36573249,Copa Division Profesional,Bolivia,CD Real Tomayapo,CA Nacional Potosi,2026-09-30T22:30:00+00:00,13.5796,soccer.total_goals,period=ft,under,total=2,3.1
2026-10-01T00:16:25.221988+02:00,36573249,Copa Division Profesional,Bolivia,CD Real Tomayapo,CA Nacional Potosi,2026-09-30T22:30:00+00:00,13.5796,soccer.total_goals,period=ft,over,total=2.25,1.46
2026-10-01T00:16:25.221988+02:00,36573249,Copa Division Profesional,Bolivia,CD Real Tomayapo,CA Nacional Potosi,2026-09-30T22:30:00+00:00,13.5796,soccer.total_goals,period=ft,under,total=2.25,2.4
2026-10-01T00:16:25.221988+02:00,36573249,Copa Division Profesional,Bolivia,CD Real Tomayapo,CA Nacional Potosi,2026-09-30T22:30:00+00:00,13.5796,soccer.total_goals,period=ft,over,total=2.5,1.65
2026-10-01T00:16:25.221988+02:00,36573249,Copa Division Profesional,Bolivia,CD Real Tomayapo,CA Nacional Potosi,2026-09-30T22:30:00+00:00,13.5796,soccer.total_goals,period=ft,under,total=2.5,2.06
2026-10-01T00:16:25.221988+02:00,36573249,Copa Division Profesional,Bolivia,CD Real Tomayapo,CA Nacional Potosi,2026-09-30T22:30:00+00:00,13.5796,soccer.total_goals,period=ft,over,total=3,2.08
2026-10-01T00:16:25.221988+02:00,36573249,Copa Division Profesional,Bolivia,CD Real Tomayapo,CA Nacional Potosi,2026-09-30T22:30:00+00:00,13.5796,soccer.total_goals,period=ft,under,total=3,1.63
2026-10-01T00:16:25.221988+02:00,36573249,Copa Division Profesional,Bolivia,CD Real Tomayapo,CA Nacional Potosi,2026-09-30T22:30:00+00:00,13.5796,soccer.total_goals,period=ft,over,total=3.25,2.3
2026-10-01T00:16:25.221988+02:00,36573249,Copa Division Profesional,Bolivia,CD Real Tomayapo,CA Nacional Potosi,2026-09-30T22:30:00+00:00,13.5796,soccer.total_goals,period=ft,under,total=3.25,1.49
2026-10-01T00:16:25.221988+02:00,36573249,Copa Division Profesional,Bolivia,CD Real Tomayapo,CA Nacional Potosi,2026-09-30T22:30:00+00:00,13.5796,soccer.total_goals,period=ft,over,total=3.5,2.6
2026-10-01T00:16:25.221988+02:00,36573249,Copa Division Profesional,Bolivia,CD Real Tomayapo,CA Nacional Potosi,2026-09-30T22:30:00+00:00,13.5796,soccer.total_goals,period=ft,under,total=3.5,1.4
2026-10-01T00:16:25.221988+02:00,36561004,Copa Paraguay,Paraguay,Cerro Porteno,Rubio Nu,2026-09-30T22:30:00+00:00,13.5796,soccer.asian_handicap,period=ft,home,handicap=-1,1.8
2026-10-01T00:16:25.221988+02:00,36561004,Copa Paraguay,Paraguay,Cerro Porteno,Rubio Nu,2026-09-30T22:30:00+00:00,13.5796,soccer.asian_handicap,period=ft,away,handicap=-1,1.89
2026-10-01T00:16:25.221988+02:00,36561004,Copa Paraguay,Paraguay,Cerro Porteno,Rubio Nu,2026-09-30T22:30:00+00:00,13.5796,soccer.asian_handicap,period=ft,home,handicap=-1.75,2.85
2026-10-01T00:16:25.221988+02:00,36561004,Copa Paraguay,Paraguay,Cerro Porteno,Rubio Nu,2026-09-30T22:30:00+00:00,13.5796,soccer.asian_handicap,period=ft,away,handicap=-1.75,1.33
2026-10-01T00:16:25.221988+02:00,36561004,Copa Paraguay,Paraguay,Cerro Porteno,Rubio Nu,2026-09-30T22:30:00+00:00,13.5796,soccer.asian_handicap,period=ft,home,handicap=-1.5,2.35
2026-10-01T00:16:25.221988+02:00,36561004,Copa Paraguay,Paraguay,Cerro Porteno,Rubio Nu,2026-09-30T22:30:00+00:00,13.5796,soccer.asian_handicap,period=ft,away,handicap=-1.5,1.48
2026-10-01T00:16:25.221988+02:00,36561004,Copa Paraguay,Paraguay,Cerro Porteno,Rubio Nu,2026-09-30T22:30:00+00:00,13.5796,soccer.asian_handicap,period=ft,home,handicap=-1.25,2.09
2026-10-01T00:16:25.221988+02:00,36561004,Copa Paraguay,Paraguay,Cerro Porteno,Rubio Nu,2026-09-30T22:30:00+00:00,13.5796,soccer.asian_handicap,period=ft,away,handicap=-1.25,1.63
2026-10-01T00:16:25.221988+02:00,36561004,Copa Paraguay,Paraguay,Cerro Porteno,Rubio Nu,2026-09-30T22:30:00+00:00,13.5796,soccer.asian_handicap,period=ft,home,handicap=-0.75,1.57
2026-10-01T00:16:25.221988+02:00,36561004,Copa Paraguay,Paraguay,Cerro Porteno,Rubio Nu,2026-09-30T22:30:00+00:00,13.5796,soccer.asian_handicap,period=ft,away,handicap=-0.75,2.19
2026-10-01T00:16:25.221988+02:00,36561004,Copa Paraguay,Paraguay,Cerro Porteno,Rubio Nu,2026-09-30T22:30:00+00:00,13.5796,soccer.asian_handicap,period=ft,home,handicap=-0.5,1.44
2026-10-01T00:16:25.221988+02:00,36561004,Copa Paraguay,Paraguay,Cerro Porteno,Rubio Nu,2026-09-30T22:30:00+00:00,13.5796,soccer.asian_handicap,period=ft,away,handicap=-0.5,2.45
2026-10-01T00:16:25.221988+02:00,36561004,Copa Paraguay,Paraguay,Cerro Porteno,Rubio Nu,2026-09-30T22:30:00+00:00,13.5796,soccer.asian_handicap,period=ft,home,handicap=-0.25,1.28
2026-10-01T00:16:25.221988+02:00,36561004,Copa Paraguay,Paraguay,Cerro Porteno,Rubio Nu,2026-09-30T22:30:00+00:00,13.5796,soccer.asian_handicap,period=ft,away,handicap=-0.25,3.1
2026-10-01T00:16:25.221988+02:00,36561004,Copa Paraguay,Paraguay,Cerro Porteno,Rubio Nu,2026-09-30T22:30:00+00:00,13.5796,soccer.double_chance,period=ft,draw_away,,2.2
2026-10-01T00:16:25.221988+02:00,36561004,Copa Paraguay,Paraguay,Cerro Porteno,Rubio Nu,2026-09-30T22:30:00+00:00,13.5796,soccer.double_chance,period=ft,home_away,,1.15
2026-10-01T00:16:25.221988+02:00,36561004,Copa Paraguay,Paraguay,Cerro Porteno,Rubio Nu,2026-09-30T22:30:00+00:00,13.5796,soccer.double_chance,period=ft,home_draw,,1.03
2026-10-01T00:16:25.221988+02:00,36561004,Copa Paraguay,Paraguay,Cerro Porteno,Rubio Nu,2026-09-30T22:30:00+00:00,13.5796,soccer.match_odds,period=ft,home,,1.45
2026-10-01T00:16:25.221988+02:00,36561004,Copa Paraguay,Paraguay,Cerro Porteno,Rubio Nu,2026-09-30T22:30:00+00:00,13.5796,soccer.match_odds,period=ft,draw,,3.65
2026-10-01T00:16:25.221988+02:00,36561004,Copa Paraguay,Paraguay,Cerro Porteno,Rubio Nu,2026-09-30T22:30:00+00:00,13.5796,soccer.match_odds,period=ft,away,,6.05
2026-10-01T00:16:25.221988+02:00,36561004,Copa Paraguay,Paraguay,Cerro Porteno,Rubio Nu,2026-09-30T22:30:00+00:00,13.5796,soccer.total_goals,period=ft,over,total=2.25,1.76
2026-10-01T00:16:25.221988+02:00,36561004,Copa Paraguay,Paraguay,Cerro Porteno,Rubio Nu,2026-09-30T22:30:00+00:00,13.5796,soccer.total_goals,period=ft,under,total=2.25,1.94
2026-10-01T00:16:25.221988+02:00,36561004,Copa Paraguay,Paraguay,Cerro Porteno,Rubio Nu,2026-09-30T22:30:00+00:00,13.5796,soccer.total_goals,period=ft,over,total=1.5,1.29
2026-10-01T00:16:25.221988+02:00,36561004,Copa Paraguay,Paraguay,Cerro Porteno,Rubio Nu,2026-09-30T22:30:00+00:00,13.5796,soccer.total_goals,period=ft,under,total=1.5,3.05
2026-10-01T00:16:25.221988+02:00,36561004,Copa Paraguay,Paraguay,Cerro Porteno,Rubio Nu,2026-09-30T22:30:00+00:00,13.5796,soccer.total_goals,period=ft,over,total=1.75,1.36
2026-10-01T00:16:25.221988+02:00,36561004,Copa Paraguay,Paraguay,Cerro Porteno,Rubio Nu,2026-09-30T22:30:00+00:00,13.5796,soccer.total_goals,period=ft,under,total=1.75,2.7
2026-10-01T00:16:25.221988+02:00,36561004,Copa Paraguay,Paraguay,Cerro Porteno,Rubio Nu,2026-09-30T22:30:00+00:00,13.5796,soccer.total_goals,period=ft,over,total=2,1.49
2026-10-01T00:16:25.221988+02:00,36561004,Copa Paraguay,Paraguay,Cerro Porteno,Rubio Nu,2026-09-30T22:30:00+00:00,13.5796,soccer.total_goals,period=ft,under,total=2,2.35
2026-10-01T00:16:25.221988+02:00,36561004,Copa Paraguay,Paraguay,Cerro Porteno,Rubio Nu,2026-09-30T22:30:00+00:00,13.5796,soccer.total_goals,period=ft,over,total=2.5,2.01
2026-10-01T00:16:25.221988+02:00,36561004,Copa Paraguay,Paraguay,Cerro Porteno,Rubio Nu,2026-09-30T22:30:00+00:00,13.5796,soccer.total_goals,period=ft,under,total=2.5,1.69
2026-10-01T00:16:25.221988+02:00,36561004,Copa Paraguay,Paraguay,Cerro Porteno,Rubio Nu,2026-09-30T22:30:00+00:00,13.5796,soccer.total_goals,period=ft,over,total=2.75,2.25
2026-10-01T00:16:25.221988+02:00,36561004,Copa Paraguay,Paraguay,Cerro Porteno,Rubio Nu,2026-09-30T22:30:00+00:00,13.5796,soccer.total_goals,period=ft,under,total=2.75,1.51
2026-10-01T00:16:25.221988+02:00,36561004,Copa Paraguay,Paraguay,Cerro Porteno,Rubio Nu,2026-09-30T22:30:00+00:00,13.5796,soccer.total_goals,period=ft,over,total=3,2.8
2026-10-01T00:16:25.221988+02:00,36561004,Copa Paraguay,Paraguay,Cerro Porteno,Rubio Nu,2026-09-30T22:30:00+00:00,13.5796,soccer.total_goals,period=ft,under,total=3,1.34
2026-10-01T00:16:25.221988+02:00,36521470,USL Championship,USA,LIU Brooklyn,Detroit City FC,2026-09-30T23:00:00+00:00,43.5796,soccer.asian_handicap,period=ft,home,handicap=0.25,1.93
2026-10-01T00:16:25.221988+02:00,36521470,USL Championship,USA,LIU Brooklyn,Detroit City FC,2026-09-30T23:00:00+00:00,43.5796,soccer.asian_handicap,period=ft,away,handicap=0.25,1.88
2026-10-01T00:16:25.221988+02:00,36521470,USL Championship,USA,LIU Brooklyn,Detroit City FC,2026-09-30T23:00:00+00:00,43.5796,soccer.asian_handicap,period=ft,home,handicap=-0.75,4.25
2026-10-01T00:16:25.221988+02:00,36521470,USL Championship,USA,LIU Brooklyn,Detroit City FC,2026-09-30T23:00:00+00:00,43.5796,soccer.asian_handicap,period=ft,away,handicap=-0.75,1.21
2026-10-01T00:16:25.221988+02:00,36521470,USL Championship,USA,LIU Brooklyn,Detroit City FC,2026-09-30T23:00:00+00:00,43.5796,soccer.asian_handicap,period=ft,home,handicap=-0.5,3.25
2026-10-01T00:16:25.221988+02:00,36521470,USL Championship,USA,LIU Brooklyn,Detroit City FC,2026-09-30T23:00:00+00:00,43.5796,soccer.asian_handicap,period=ft,away,handicap=-0.5,1.32
2026-10-01T00:16:25.221988+02:00,36521470,USL Championship,USA,LIU Brooklyn,Detroit City FC,2026-09-30T23:00:00+00:00,43.5796,soccer.asian_handicap,period=ft,home,handicap=-0.25,2.85
2026-10-01T00:16:25.221988+02:00,36521470,USL Championship,USA,LIU Brooklyn,Detroit City FC,2026-09-30T23:00:00+00:00,43.5796,soccer.asian_handicap,period=ft,away,handicap=-0.25,1.41
2026-10-01T00:16:25.221988+02:00,36521470,USL Championship,USA,LIU Brooklyn,Detroit City FC,2026-09-30T23:00:00+00:00,43.5796,soccer.asian_handicap,period=ft,home,handicap=0,2.4
2026-10-01T00:16:25.221988+02:00,36521470,USL Championship,USA,LIU Brooklyn,Detroit City FC,2026-09-30T23:00:00+00:00,43.5796,soccer.asian_handicap,period=ft,away,handicap=0,1.56
2026-10-01T00:16:25.221988+02:00,36521470,USL Championship,USA,LIU Brooklyn,Detroit City FC,2026-09-30T23:00:00+00:00,43.5796,soccer.asian_handicap,period=ft,home,handicap=0.5,1.68
2026-10-01T00:16:25.221988+02:00,36521470,USL Championship,USA,LIU Brooklyn,Detroit City FC,2026-09-30T23:00:00+00:00,43.5796,soccer.asian_handicap,period=ft,away,handicap=0.5,2.17
2026-10-01T00:16:25.221988+02:00,36521470,USL Championship,USA,LIU Brooklyn,Detroit City FC,2026-09-30T23:00:00+00:00,43.5796,soccer.asian_handicap,period=ft,home,handicap=0.75,1.49
2026-10-01T00:16:25.221988+02:00,36521470,USL Championship,USA,LIU Brooklyn,Detroit City FC,2026-09-30T23:00:00+00:00,43.5796,soccer.asian_handicap,period=ft,away,handicap=0.75,2.55
2026-10-01T00:16:25.221988+02:00,36521470,USL Championship,USA,LIU Brooklyn,Detroit City FC,2026-09-30T23:00:00+00:00,43.5796,soccer.asian_handicap,period=ft,home,handicap=1,1.31
2026-10-01T00:16:25.221988+02:00,36521470,USL Championship,USA,LIU Brooklyn,Detroit City FC,2026-09-30T23:00:00+00:00,43.5796,soccer.asian_handicap,period=ft,away,handicap=1,3.3
2026-10-01T00:16:25.221988+02:00,36521470,USL Championship,USA,LIU Brooklyn,Detroit City FC,2026-09-30T23:00:00+00:00,43.5796,soccer.asian_handicap,period=ft,home,handicap=1.25,1.25
2026-10-01T00:16:25.221988+02:00,36521470,USL Championship,USA,LIU Brooklyn,Detroit City FC,2026-09-30T23:00:00+00:00,43.5796,soccer.asian_handicap,period=ft,away,handicap=1.25,3.75
2026-10-01T00:16:25.221988+02:00,36521470,USL Championship,USA,LIU Brooklyn,Detroit City FC,2026-09-30T23:00:00+00:00,43.5796,soccer.double_chance,period=ft,draw_away,,1.3
2026-10-01T00:16:25.221988+02:00,36521470,USL Championship,USA,LIU Brooklyn,Detroit City FC,2026-09-30T23:00:00+00:00,43.5796,soccer.double_chance,period=ft,home_away,,1.3
2026-10-01T00:16:25.221988+02:00,36521470,USL Championship,USA,LIU Brooklyn,Detroit City FC,2026-09-30T23:00:00+00:00,43.5796,soccer.double_chance,period=ft,home_draw,,1.55
2026-10-01T00:16:25.221988+02:00,36521470,USL Championship,USA,LIU Brooklyn,Detroit City FC,2026-09-30T23:00:00+00:00,43.5796,soccer.match_odds,period=ft,home,,3.3
2026-10-01T00:16:25.221988+02:00,36521470,USL Championship,USA,LIU Brooklyn,Detroit City FC,2026-09-30T23:00:00+00:00,43.5796,soccer.match_odds,period=ft,draw,,3.3
2026-10-01T00:16:25.221988+02:00,36521470,USL Championship,USA,LIU Brooklyn,Detroit City FC,2026-09-30T23:00:00+00:00,43.5796,soccer.match_odds,period=ft,away,,2.17
2026-10-01T00:16:25.221988+02:00,36521470,USL Championship,USA,LIU Brooklyn,Detroit City FC,2026-09-30T23:00:00+00:00,43.5796,soccer.total_goals,period=ft,over,total=2.25,1.83
2026-10-01T00:16:25.221988+02:00,36521470,USL Championship,USA,LIU Brooklyn,Detroit City FC,2026-09-30T23:00:00+00:00,43.5796,soccer.total_goals,period=ft,under,total=2.25,1.96
2026-10-01T00:16:25.221988+02:00,36521470,USL Championship,USA,LIU Brooklyn,Detroit City FC,2026-09-30T23:00:00+00:00,43.5796,soccer.total_goals,period=ft,over,total=1.5,1.33
2026-10-01T00:16:25.221988+02:00,36521470,USL Championship,USA,LIU Brooklyn,Detroit City FC,2026-09-30T23:00:00+00:00,43.5796,soccer.total_goals,period=ft,under,total=1.5,3.1
2026-10-01T00:16:25.221988+02:00,36521470,USL Championship,USA,LIU Brooklyn,Detroit City FC,2026-09-30T23:00:00+00:00,43.5796,soccer.total_goals,period=ft,over,total=1.75,1.42
2026-10-01T00:16:25.221988+02:00,36521470,USL Championship,USA,LIU Brooklyn,Detroit City FC,2026-09-30T23:00:00+00:00,43.5796,soccer.total_goals,period=ft,under,total=1.75,2.75
2026-10-01T00:16:25.221988+02:00,36521470,USL Championship,USA,LIU Brooklyn,Detroit City FC,2026-09-30T23:00:00+00:00,43.5796,soccer.total_goals,period=ft,over,total=2,1.56
2026-10-01T00:16:25.221988+02:00,36521470,USL Championship,USA,LIU Brooklyn,Detroit City FC,2026-09-30T23:00:00+00:00,43.5796,soccer.total_goals,period=ft,under,total=2,2.35
2026-10-01T00:16:25.221988+02:00,36521470,USL Championship,USA,LIU Brooklyn,Detroit City FC,2026-09-30T23:00:00+00:00,43.5796,soccer.total_goals,period=ft,over,total=2.5,2.09
2026-10-01T00:16:25.221988+02:00,36521470,USL Championship,USA,LIU Brooklyn,Detroit City FC,2026-09-30T23:00:00+00:00,43.5796,soccer.total_goals,period=ft,under,total=2.5,1.72
2026-10-01T00:16:25.221988+02:00,36521470,USL Championship,USA,LIU Brooklyn,Detroit City FC,2026-09-30T23:00:00+00:00,43.5796,soccer.total_goals,period=ft,over,total=2.75,2.4
2026-10-01T00:16:25.221988+02:00,36521470,USL Championship,USA,LIU Brooklyn,Detroit City FC,2026-09-30T23:00:00+00:00,43.5796,soccer.total_goals,period=ft,under,total=2.75,1.54
2026-10-01T00:16:25.221988+02:00,36521470,USL Championship,USA,LIU Brooklyn,Detroit City FC,2026-09-30T23:00:00+00:00,43.5796,soccer.total_goals,period=ft,over,total=3.5,3.6
2026-10-01T00:16:25.221988+02:00,36521470,USL Championship,USA,LIU Brooklyn,Detroit City FC,2026-09-30T23:00:00+00:00,43.5796,soccer.total_goals,period=ft,under,total=3.5,1.26
2026-10-01T00:16:25.221988+02:00,36521466,USL Championship,USA,Miami FC,Sporting Jax,2026-09-30T23:00:00+00:00,43.5796,soccer.asian_handicap,period=ft,home,handicap=-1.25,2.0
2026-10-01T00:16:25.221988+02:00,36521466,USL Championship,USA,Miami FC,Sporting Jax,2026-09-30T23:00:00+00:00,43.5796,soccer.asian_handicap,period=ft,away,handicap=-1.25,1.82
2026-10-01T00:16:25.221988+02:00,36521466,USL Championship,USA,Miami FC,Sporting Jax,2026-09-30T23:00:00+00:00,43.5796,soccer.asian_handicap,period=ft,home,handicap=-2.25,3.65
2026-10-01T00:16:25.221988+02:00,36521466,USL Championship,USA,Miami FC,Sporting Jax,2026-09-30T23:00:00+00:00,43.5796,soccer.asian_handicap,period=ft,away,handicap=-2.25,1.27
2026-10-01T00:16:25.221988+02:00,36521466,USL Championship,USA,Miami FC,Sporting Jax,2026-09-30T23:00:00+00:00,43.5796,soccer.asian_handicap,period=ft,home,handicap=-2,3.25
2026-10-01T00:16:25.221988+02:00,36521466,USL Championship,USA,Miami FC,Sporting Jax,2026-09-30T23:00:00+00:00,43.5796,soccer.asian_handicap,period=ft,away,handicap=-2,1.32
2026-10-01T00:16:25.221988+02:00,36521466,USL Championship,USA,Miami FC,Sporting Jax,2026-09-30T23:00:00+00:00,43.5796,soccer.asian_handicap,period=ft,home,handicap=-1.75,2.6
2026-10-01T00:16:25.221988+02:00,36521466,USL Championship,USA,Miami FC,Sporting Jax,2026-09-30T23:00:00+00:00,43.5796,soccer.asian_handicap,period=ft,away,handicap=-1.75,1.49
2026-10-01T00:16:25.221988+02:00,36521466,USL Championship,USA,Miami FC,Sporting Jax,2026-09-30T23:00:00+00:00,43.5796,soccer.asian_handicap,period=ft,home,handicap=-1.5,2.2
2026-10-01T00:16:25.221988+02:00,36521466,USL Championship,USA,Miami FC,Sporting Jax,2026-09-30T23:00:00+00:00,43.5796,soccer.asian_handicap,period=ft,away,handicap=-1.5,1.65
2026-10-01T00:16:25.221988+02:00,36521466,USL Championship,USA,Miami FC,Sporting Jax,2026-09-30T23:00:00+00:00,43.5796,soccer.asian_handicap,period=ft,home,handicap=-1,1.74
2026-10-01T00:16:25.221988+02:00,36521466,USL Championship,USA,Miami FC,Sporting Jax,2026-09-30T23:00:00+00:00,43.5796,soccer.asian_handicap,period=ft,away,handicap=-1,2.07
2026-10-01T00:16:25.221988+02:00,36521466,USL Championship,USA,Miami FC,Sporting Jax,2026-09-30T23:00:00+00:00,43.5796,soccer.asian_handicap,period=ft,home,handicap=-0.75,1.58
2026-10-01T00:16:25.221988+02:00,36521466,USL Championship,USA,Miami FC,Sporting Jax,2026-09-30T23:00:00+00:00,43.5796,soccer.asian_handicap,period=ft,away,handicap=-0.75,2.3
2026-10-01T00:16:25.221988+02:00,36521466,USL Championship,USA,Miami FC,Sporting Jax,2026-09-30T23:00:00+00:00,43.5796,soccer.asian_handicap,period=ft,home,handicap=-0.5,1.47
2026-10-01T00:16:25.221988+02:00,36521466,USL Championship,USA,Miami FC,Sporting Jax,2026-09-30T23:00:00+00:00,43.5796,soccer.asian_handicap,period=ft,away,handicap=-0.5,2.6
2026-10-01T00:16:25.221988+02:00,36521466,USL Championship,USA,Miami FC,Sporting Jax,2026-09-30T23:00:00+00:00,43.5796,soccer.asian_handicap,period=ft,home,handicap=-0.25,1.32
2026-10-01T00:16:25.221988+02:00,36521466,USL Championship,USA,Miami FC,Sporting Jax,2026-09-30T23:00:00+00:00,43.5796,soccer.asian_handicap,period=ft,away,handicap=-0.25,3.25
2026-10-01T00:16:25.221988+02:00,36521466,USL Championship,USA,Miami FC,Sporting Jax,2026-09-30T23:00:00+00:00,43.5796,soccer.double_chance,period=ft,draw_away,,2.2
2026-10-01T00:16:25.221988+02:00,36521466,USL Championship,USA,Miami FC,Sporting Jax,2026-09-30T23:00:00+00:00,43.5796,soccer.double_chance,period=ft,home_away,,1.17
2026-10-01T00:16:25.221988+02:00,36521466,USL Championship,USA,Miami FC,Sporting Jax,2026-09-30T23:00:00+00:00,43.5796,soccer.double_chance,period=ft,home_draw,,1.14
2026-10-01T00:16:25.221988+02:00,36521466,USL Championship,USA,Miami FC,Sporting Jax,2026-09-30T23:00:00+00:00,43.5796,soccer.match_odds,period=ft,home,,1.48
2026-10-01T00:16:25.221988+02:00,36521466,USL Championship,USA,Miami FC,Sporting Jax,2026-09-30T23:00:00+00:00,43.5796,soccer.match_odds,period=ft,draw,,4.35
2026-10-01T00:16:25.221988+02:00,36521466,USL Championship,USA,Miami FC,Sporting Jax,2026-09-30T23:00:00+00:00,43.5796,soccer.match_odds,period=ft,away,,6.0
2026-10-01T00:16:25.221988+02:00,36521466,USL Championship,USA,Miami FC,Sporting Jax,2026-09-30T23:00:00+00:00,43.5796,soccer.total_goals,period=ft,over,total=3.5,2.0
2026-10-01T00:16:25.221988+02:00,36521466,USL Championship,USA,Miami FC,Sporting Jax,2026-09-30T23:00:00+00:00,43.5796,soccer.total_goals,period=ft,under,total=3.5,1.8
2026-10-01T00:16:25.221988+02:00,36521466,USL Championship,USA,Miami FC,Sporting Jax,2026-09-30T23:00:00+00:00,43.5796,soccer.total_goals,period=ft,over,total=1.5,1.1
2026-10-01T00:16:25.221988+02:00,36521466,USL Championship,USA,Miami FC,Sporting Jax,2026-09-30T23:00:00+00:00,43.5796,soccer.total_goals,period=ft,under,total=1.5,6.3
2026-10-01T00:16:25.221988+02:00,36521466,USL Championship,USA,Miami FC,Sporting Jax,2026-09-30T23:00:00+00:00,43.5796,soccer.total_goals,period=ft,over,total=2.5,1.39
2026-10-01T00:16:25.221988+02:00,36521466,USL Championship,USA,Miami FC,Sporting Jax,2026-09-30T23:00:00+00:00,43.5796,soccer.total_goals,period=ft,under,total=2.5,2.85
2026-10-01T00:16:25.221988+02:00,36521466,USL Championship,USA,Miami FC,Sporting Jax,2026-09-30T23:00:00+00:00,43.5796,soccer.total_goals,period=ft,over,total=3,1.59
2026-10-01T00:16:25.221988+02:00,36521466,USL Championship,USA,Miami FC,Sporting Jax,2026-09-30T23:00:00+00:00,43.5796,soccer.total_goals,period=ft,under,total=3,2.3
2026-10-01T00:16:25.221988+02:00,36521466,USL Championship,USA,Miami FC,Sporting Jax,2026-09-30T23:00:00+00:00,43.5796,soccer.total_goals,period=ft,over,total=3.25,1.79
2026-10-01T00:16:25.221988+02:00,36521466,USL Championship,USA,Miami FC,Sporting Jax,2026-09-30T23:00:00+00:00,43.5796,soccer.total_goals,period=ft,under,total=3.25,2.0
2026-10-01T00:16:25.221988+02:00,36521466,USL Championship,USA,Miami FC,Sporting Jax,2026-09-30T23:00:00+00:00,43.5796,soccer.total_goals,period=ft,over,total=3.75,2.25
2026-10-01T00:16:25.221988+02:00,36521466,USL Championship,USA,Miami FC,Sporting Jax,2026-09-30T23:00:00+00:00,43.5796,soccer.total_goals,period=ft,under,total=3.75,1.62
2026-10-01T00:16:25.221988+02:00,36521466,USL Championship,USA,Miami FC,Sporting Jax,2026-09-30T23:00:00+00:00,43.5796,soccer.total_goals,period=ft,over,total=4,2.7
2026-10-01T00:16:25.221988+02:00,36521466,USL Championship,USA,Miami FC,Sporting Jax,2026-09-30T23:00:00+00:00,43.5796,soccer.total_goals,period=ft,under,total=4,1.44
2026-10-01T00:16:25.221988+02:00,36521466,USL Championship,USA,Miami FC,Sporting Jax,2026-09-30T23:00:00+00:00,43.5796,soccer.total_goals,period=ft,over,total=4.5,3.3
2026-10-01T00:16:25.221988+02:00,36521466,USL Championship,USA,Miami FC,Sporting Jax,2026-09-30T23:00:00+00:00,43.5796,soccer.total_goals,period=ft,under,total=4.5,1.3
2026-10-01T00:16:25.221988+02:00,36521466,USL Championship,USA,Miami FC,Sporting Jax,2026-09-30T23:00:00+00:00,43.5796,soccer.total_goals,period=ft,over,total=5.5,5.95
2026-10-01T00:16:25.221988+02:00,36521466,USL Championship,USA,Miami FC,Sporting Jax,2026-09-30T23:00:00+00:00,43.5796,soccer.total_goals,period=ft,under,total=5.5,1.11
2026-10-01T00:16:25.221988+02:00,36521471,USL Championship,USA,Rhode Island FC,Indy Eleven,2026-09-30T23:30:00+00:00,73.5796,soccer.asian_handicap,period=ft,home,handicap=-0.5,1.85
2026-10-01T00:16:25.221988+02:00,36521471,USL Championship,USA,Rhode Island FC,Indy Eleven,2026-09-30T23:30:00+00:00,73.5796,soccer.asian_handicap,period=ft,away,handicap=-0.5,1.96
2026-10-01T00:16:25.221988+02:00,36521471,USL Championship,USA,Rhode Island FC,Indy Eleven,2026-09-30T23:30:00+00:00,73.5796,soccer.asian_handicap,period=ft,home,handicap=-1.5,3.2
2026-10-01T00:16:25.221988+02:00,36521471,USL Championship,USA,Rhode Island FC,Indy Eleven,2026-09-30T23:30:00+00:00,73.5796,soccer.asian_handicap,period=ft,away,handicap=-1.5,1.33
2026-10-01T00:16:25.221988+02:00,36521471,USL Championship,USA,Rhode Island FC,Indy Eleven,2026-09-30T23:30:00+00:00,73.5796,soccer.asian_handicap,period=ft,home,handicap=-1.25,2.85
2026-10-01T00:16:25.221988+02:00,36521471,USL Championship,USA,Rhode Island FC,Indy Eleven,2026-09-30T23:30:00+00:00,73.5796,soccer.asian_handicap,period=ft,away,handicap=-1.25,1.4
2026-10-01T00:16:25.221988+02:00,36521471,USL Championship,USA,Rhode Island FC,Indy Eleven,2026-09-30T23:30:00+00:00,73.5796,soccer.asian_handicap,period=ft,home,handicap=-1,2.5
2026-10-01T00:16:25.221988+02:00,36521471,USL Championship,USA,Rhode Island FC,Indy Eleven,2026-09-30T23:30:00+00:00,73.5796,soccer.asian_handicap,period=ft,away,handicap=-1,1.51
2026-10-01T00:16:25.221988+02:00,36521471,USL Championship,USA,Rhode Island FC,Indy Eleven,2026-09-30T23:30:00+00:00,73.5796,soccer.asian_handicap,period=ft,home,handicap=-0.75,2.09
2026-10-01T00:16:25.221988+02:00,36521471,USL Championship,USA,Rhode Island FC,Indy Eleven,2026-09-30T23:30:00+00:00,73.5796,soccer.asian_handicap,period=ft,away,handicap=-0.75,1.73
2026-10-01T00:16:25.221988+02:00,36521471,USL Championship,USA,Rhode Island FC,Indy Eleven,2026-09-30T23:30:00+00:00,73.5796,soccer.asian_handicap,period=ft,home,handicap=-0.25,1.63
2026-10-01T00:16:25.221988+02:00,36521471,USL Championship,USA,Rhode Island FC,Indy Eleven,2026-09-30T23:30:00+00:00,73.5796,soccer.asian_handicap,period=ft,away,handicap=-0.25,2.25
2026-10-01T00:16:25.221988+02:00,36521471,USL Championship,USA,Rhode Island FC,Indy Eleven,2026-09-30T23:30:00+00:00,73.5796,soccer.asian_handicap,period=ft,home,handicap=0,1.43
2026-10-01T00:16:25.221988+02:00,36521471,USL Championship,USA,Rhode Island FC,Indy Eleven,2026-09-30T23:30:00+00:00,73.5796,soccer.asian_handicap,period=ft,away,handicap=0,2.8
2026-10-01T00:16:25.221988+02:00,36521471,USL Championship,USA,Rhode Island FC,Indy Eleven,2026-09-30T23:30:00+00:00,73.5796,soccer.asian_handicap,period=ft,home,handicap=0.25,1.34
2026-10-01T00:16:25.221988+02:00,36521471,USL Championship,USA,Rhode Island FC,Indy Eleven,2026-09-30T23:30:00+00:00,73.5796,soccer.asian_handicap,period=ft,away,handicap=0.25,3.15
2026-10-01T00:16:25.221988+02:00,36521471,USL Championship,USA,Rhode Island FC,Indy Eleven,2026-09-30T23:30:00+00:00,73.5796,soccer.asian_handicap,period=ft,home,handicap=0.5,1.28
2026-10-01T00:16:25.221988+02:00,36521471,USL Championship,USA,Rhode Island FC,Indy Eleven,2026-09-30T23:30:00+00:00,73.5796,soccer.asian_handicap,period=ft,away,handicap=0.5,3.55
2026-10-01T00:16:25.221988+02:00,36521471,USL Championship,USA,Rhode Island FC,Indy Eleven,2026-09-30T23:30:00+00:00,73.5796,soccer.double_chance,period=ft,draw_away,,1.72
2026-10-01T00:16:25.221988+02:00,36521471,USL Championship,USA,Rhode Island FC,Indy Eleven,2026-09-30T23:30:00+00:00,73.5796,soccer.double_chance,period=ft,home_away,,1.23
2026-10-01T00:16:25.221988+02:00,36521471,USL Championship,USA,Rhode Island FC,Indy Eleven,2026-09-30T23:30:00+00:00,73.5796,soccer.double_chance,period=ft,home_draw,,1.24
2026-10-01T00:16:25.221988+02:00,36521471,USL Championship,USA,Rhode Island FC,Indy Eleven,2026-09-30T23:30:00+00:00,73.5796,soccer.match_odds,period=ft,home,,1.84
2026-10-01T00:16:25.221988+02:00,36521471,USL Championship,USA,Rhode Island FC,Indy Eleven,2026-09-30T23:30:00+00:00,73.5796,soccer.match_odds,period=ft,draw,,4.1
2026-10-01T00:16:25.221988+02:00,36521471,USL Championship,USA,Rhode Island FC,Indy Eleven,2026-09-30T23:30:00+00:00,73.5796,soccer.match_odds,period=ft,away,,3.55
2026-10-01T00:16:25.221988+02:00,36521471,USL Championship,USA,Rhode Island FC,Indy Eleven,2026-09-30T23:30:00+00:00,73.5796,soccer.total_goals,period=ft,over,total=2.75,1.8
2026-10-01T00:16:25.221988+02:00,36521471,USL Championship,USA,Rhode Island FC,Indy Eleven,2026-09-30T23:30:00+00:00,73.5796,soccer.total_goals,period=ft,under,total=2.75,2.0
2026-10-01T00:16:25.221988+02:00,36521471,USL Championship,USA,Rhode Island FC,Indy Eleven,2026-09-30T23:30:00+00:00,73.5796,soccer.total_goals,period=ft,over,total=1.5,1.19
2026-10-01T00:16:25.221988+02:00,36521471,USL Championship,USA,Rhode Island FC,Indy Eleven,2026-09-30T23:30:00+00:00,73.5796,soccer.total_goals,period=ft,under,total=1.5,4.35
2026-10-01T00:16:25.221988+02:00,36521471,USL Championship,USA,Rhode Island FC,Indy Eleven,2026-09-30T23:30:00+00:00,73.5796,soccer.total_goals,period=ft,over,total=2.25,1.46
2026-10-01T00:16:25.221988+02:00,36521471,USL Championship,USA,Rhode Island FC,Indy Eleven,2026-09-30T23:30:00+00:00,73.5796,soccer.total_goals,period=ft,under,total=2.25,2.65
2026-10-01T00:16:25.221988+02:00,36521471,USL Championship,USA,Rhode Island FC,Indy Eleven,2026-09-30T23:30:00+00:00,73.5796,soccer.total_goals,period=ft,over,total=2.5,1.64
2026-10-01T00:16:25.221988+02:00,36521471,USL Championship,USA,Rhode Island FC,Indy Eleven,2026-09-30T23:30:00+00:00,73.5796,soccer.total_goals,period=ft,under,total=2.5,2.2
2026-10-01T00:16:25.221988+02:00,36521471,USL Championship,USA,Rhode Island FC,Indy Eleven,2026-09-30T23:30:00+00:00,73.5796,soccer.total_goals,period=ft,over,total=3,2.06
2026-10-01T00:16:25.221988+02:00,36521471,USL Championship,USA,Rhode Island FC,Indy Eleven,2026-09-30T23:30:00+00:00,73.5796,soccer.total_goals,period=ft,under,total=3,1.74
2026-10-01T00:16:25.221988+02:00,36521471,USL Championship,USA,Rhode Island FC,Indy Eleven,2026-09-30T23:30:00+00:00,73.5796,soccer.total_goals,period=ft,over,total=3.25,2.35
2026-10-01T00:16:25.221988+02:00,36521471,USL Championship,USA,Rhode Island FC,Indy Eleven,2026-09-30T23:30:00+00:00,73.5796,soccer.total_goals,period=ft,under,total=3.25,1.57
2026-10-01T00:16:25.221988+02:00,36521471,USL Championship,USA,Rhode Island FC,Indy Eleven,2026-09-30T23:30:00+00:00,73.5796,soccer.total_goals,period=ft,over,total=3.5,2.6
2026-10-01T00:16:25.221988+02:00,36521471,USL Championship,USA,Rhode Island FC,Indy Eleven,2026-09-30T23:30:00+00:00,73.5796,soccer.total_goals,period=ft,under,total=3.5,1.46
2026-10-01T00:16:25.221988+02:00,36521471,USL Championship,USA,Rhode Island FC,Indy Eleven,2026-09-30T23:30:00+00:00,73.5796,soccer.total_goals,period=ft,over,total=4.5,4.8
2026-10-01T00:16:25.221988+02:00,36521471,USL Championship,USA,Rhode Island FC,Indy Eleven,2026-09-30T23:30:00+00:00,73.5796,soccer.total_goals,period=ft,under,total=4.5,1.16
2026-10-01T00:18:25.993230+02:00,36577730,Segunda Division,Venezuela,CD Lara,REAL FRONTERA FC,2026-09-30T23:00:00+00:00,41.5668,soccer.asian_handicap,period=ft,home,handicap=-2.25,1.82
2026-10-01T00:18:25.993230+02:00,36577730,Segunda Division,Venezuela,CD Lara,REAL FRONTERA FC,2026-09-30T23:00:00+00:00,41.5668,soccer.asian_handicap,period=ft,away,handicap=-2.25,1.86
2026-10-01T00:18:25.993230+02:00,36577730,Segunda Division,Venezuela,CD Lara,REAL FRONTERA FC,2026-09-30T23:00:00+00:00,41.5668,soccer.asian_handicap,period=ft,home,handicap=-3,2.8
2026-10-01T00:18:25.993230+02:00,36577730,Segunda Division,Venezuela,CD Lara,REAL FRONTERA FC,2026-09-30T23:00:00+00:00,41.5668,soccer.asian_handicap,period=ft,away,handicap=-3,1.34
2026-10-01T00:18:25.993230+02:00,36577730,Segunda Division,Venezuela,CD Lara,REAL FRONTERA FC,2026-09-30T23:00:00+00:00,41.5668,soccer.asian_handicap,period=ft,home,handicap=-2.75,2.25
2026-10-01T00:18:25.993230+02:00,36577730,Segunda Division,Venezuela,CD Lara,REAL FRONTERA FC,2026-09-30T23:00:00+00:00,41.5668,soccer.asian_handicap,period=ft,away,handicap=-2.75,1.5
2026-10-01T00:18:25.993230+02:00,36577730,Segunda Division,Venezuela,CD Lara,REAL FRONTERA FC,2026-09-30T23:00:00+00:00,41.5668,soccer.asian_handicap,period=ft,home,handicap=-2.5,2.02
2026-10-01T00:18:25.993230+02:00,36577730,Segunda Division,Venezuela,CD Lara,REAL FRONTERA FC,2026-09-30T23:00:00+00:00,41.5668,soccer.asian_handicap,period=ft,away,handicap=-2.5,1.66
2026-10-01T00:18:25.993230+02:00,36577730,Segunda Division,Venezuela,CD Lara,REAL FRONTERA FC,2026-09-30T23:00:00+00:00,41.5668,soccer.asian_handicap,period=ft,home,handicap=-2,1.57
2026-10-01T00:18:25.993230+02:00,36577730,Segunda Division,Venezuela,CD Lara,REAL FRONTERA FC,2026-09-30T23:00:00+00:00,41.5668,soccer.asian_handicap,period=ft,away,handicap=-2,2.17
2026-10-01T00:18:25.993230+02:00,36577730,Segunda Division,Venezuela,CD Lara,REAL FRONTERA FC,2026-09-30T23:00:00+00:00,41.5668,soccer.asian_handicap,period=ft,home,handicap=-1.75,1.44
2026-10-01T00:18:25.993230+02:00,36577730,Segunda Division,Venezuela,CD Lara,REAL FRONTERA FC,2026-09-30T23:00:00+00:00,41.5668,soccer.asian_handicap,period=ft,away,handicap=-1.75,2.4
2026-10-01T00:18:25.993230+02:00,36577730,Segunda Division,Venezuela,CD Lara,REAL FRONTERA FC,2026-09-30T23:00:00+00:00,41.5668,soccer.asian_handicap,period=ft,home,handicap=-1.5,1.35
2026-10-01T00:18:25.993230+02:00,36577730,Segunda Division,Venezuela,CD Lara,REAL FRONTERA FC,2026-09-30T23:00:00+00:00,41.5668,soccer.asian_handicap,period=ft,away,handicap=-1.5,2.7
2026-10-01T00:18:25.993230+02:00,36577730,Segunda Division,Venezuela,CD Lara,REAL FRONTERA FC,2026-09-30T23:00:00+00:00,41.5668,soccer.double_chance,period=ft,draw_away,,5.0
2026-10-01T00:18:25.993230+02:00,36577730,Segunda Division,Venezuela,CD Lara,REAL FRONTERA FC,2026-09-30T23:00:00+00:00,41.5668,soccer.double_chance,period=ft,home_away,,1.07
2026-10-01T00:18:25.993230+02:00,36577730,Segunda Division,Venezuela,CD Lara,REAL FRONTERA FC,2026-09-30T23:00:00+00:00,41.5668,soccer.double_chance,period=ft,home_draw,,1.04
2026-10-01T00:18:25.993230+02:00,36577730,Segunda Division,Venezuela,CD Lara,REAL FRONTERA FC,2026-09-30T23:00:00+00:00,41.5668,soccer.match_odds,period=ft,home,,1.11
2026-10-01T00:18:25.993230+02:00,36577730,Segunda Division,Venezuela,CD Lara,REAL FRONTERA FC,2026-09-30T23:00:00+00:00,41.5668,soccer.match_odds,period=ft,draw,,8.2
2026-10-01T00:18:25.993230+02:00,36577730,Segunda Division,Venezuela,CD Lara,REAL FRONTERA FC,2026-09-30T23:00:00+00:00,41.5668,soccer.match_odds,period=ft,away,,12.0
2026-10-01T00:18:25.993230+02:00,36577730,Segunda Division,Venezuela,CD Lara,REAL FRONTERA FC,2026-09-30T23:00:00+00:00,41.5668,soccer.total_goals,period=ft,over,total=3.25,1.78
2026-10-01T00:18:25.993230+02:00,36577730,Segunda Division,Venezuela,CD Lara,REAL FRONTERA FC,2026-09-30T23:00:00+00:00,41.5668,soccer.total_goals,period=ft,under,total=3.25,1.9
2026-10-01T00:18:25.993230+02:00,36577730,Segunda Division,Venezuela,CD Lara,REAL FRONTERA FC,2026-09-30T23:00:00+00:00,41.5668,soccer.total_goals,period=ft,over,total=2.5,1.33
2026-10-01T00:18:25.993230+02:00,36577730,Segunda Division,Venezuela,CD Lara,REAL FRONTERA FC,2026-09-30T23:00:00+00:00,41.5668,soccer.total_goals,period=ft,under,total=2.5,2.8
2026-10-01T00:18:25.993230+02:00,36577730,Segunda Division,Venezuela,CD Lara,REAL FRONTERA FC,2026-09-30T23:00:00+00:00,41.5668,soccer.total_goals,period=ft,over,total=2.75,1.41
2026-10-01T00:18:25.993230+02:00,36577730,Segunda Division,Venezuela,CD Lara,REAL FRONTERA FC,2026-09-30T23:00:00+00:00,41.5668,soccer.total_goals,period=ft,under,total=2.75,2.5
2026-10-01T00:18:25.993230+02:00,36577730,Segunda Division,Venezuela,CD Lara,REAL FRONTERA FC,2026-09-30T23:00:00+00:00,41.5668,soccer.total_goals,period=ft,over,total=3,1.54
2026-10-01T00:18:25.993230+02:00,36577730,Segunda Division,Venezuela,CD Lara,REAL FRONTERA FC,2026-09-30T23:00:00+00:00,41.5668,soccer.total_goals,period=ft,under,total=3,2.2
2026-10-01T00:18:25.993230+02:00,36577730,Segunda Division,Venezuela,CD Lara,REAL FRONTERA FC,2026-09-30T23:00:00+00:00,41.5668,soccer.total_goals,period=ft,over,total=3.5,1.99
2026-10-01T00:18:25.993230+02:00,36577730,Segunda Division,Venezuela,CD Lara,REAL FRONTERA FC,2026-09-30T23:00:00+00:00,41.5668,soccer.total_goals,period=ft,under,total=3.5,1.69
2026-10-01T00:18:25.993230+02:00,36577730,Segunda Division,Venezuela,CD Lara,REAL FRONTERA FC,2026-09-30T23:00:00+00:00,41.5668,soccer.total_goals,period=ft,over,total=3.75,2.25
2026-10-01T00:18:25.993230+02:00,36577730,Segunda Division,Venezuela,CD Lara,REAL FRONTERA FC,2026-09-30T23:00:00+00:00,41.5668,soccer.total_goals,period=ft,under,total=3.75,1.51
2026-10-01T00:18:25.993230+02:00,36577730,Segunda Division,Venezuela,CD Lara,REAL FRONTERA FC,2026-09-30T23:00:00+00:00,41.5668,soccer.total_goals,period=ft,over,total=4,2.7
2026-10-01T00:18:25.993230+02:00,36577730,Segunda Division,Venezuela,CD Lara,REAL FRONTERA FC,2026-09-30T23:00:00+00:00,41.5668,soccer.total_goals,period=ft,under,total=4,1.35
2026-10-01T00:18:25.993230+02:00,36577342,"Gaucho, Serie B",Brazil,SER Cruz Alta (RS),Rio Grande (RS),2026-09-30T22:30:00+00:00,11.5668,soccer.asian_handicap,period=ft,home,handicap=-1,1.89
2026-10-01T00:18:25.993230+02:00,36577342,"Gaucho, Serie B",Brazil,SER Cruz Alta (RS),Rio Grande (RS),2026-09-30T22:30:00+00:00,11.5668,soccer.asian_handicap,period=ft,away,handicap=-1,1.72
2026-10-01T00:18:25.993230+02:00,36577342,"Gaucho, Serie B",Brazil,SER Cruz Alta (RS),Rio Grande (RS),2026-09-30T22:30:00+00:00,11.5668,soccer.asian_handicap,period=ft,home,handicap=-1.5,2.4
2026-10-01T00:18:25.993230+02:00,36577342,"Gaucho, Serie B",Brazil,SER Cruz Alta (RS),Rio Grande (RS),2026-09-30T22:30:00+00:00,11.5668,soccer.asian_handicap,period=ft,away,handicap=-1.5,1.44
2026-10-01T00:18:25.993230+02:00,36577342,"Gaucho, Serie B",Brazil,SER Cruz Alta (RS),Rio Grande (RS),2026-09-30T22:30:00+00:00,11.5668,soccer.asian_handicap,period=ft,home,handicap=-1.25,2.16
2026-10-01T00:18:25.993230+02:00,36577342,"Gaucho, Serie B",Brazil,SER Cruz Alta (RS),Rio Grande (RS),2026-09-30T22:30:00+00:00,11.5668,soccer.asian_handicap,period=ft,away,handicap=-1.25,1.55
2026-10-01T00:18:25.993230+02:00,36577342,"Gaucho, Serie B",Brazil,SER Cruz Alta (RS),Rio Grande (RS),2026-09-30T22:30:00+00:00,11.5668,soccer.asian_handicap,period=ft,home,handicap=-0.75,1.66
2026-10-01T00:18:25.993230+02:00,36577342,"Gaucho, Serie B",Brazil,SER Cruz Alta (RS),Rio Grande (RS),2026-09-30T22:30:00+00:00,11.5668,soccer.asian_handicap,period=ft,away,handicap=-0.75,1.97
2026-10-01T00:18:25.993230+02:00,36577342,"Gaucho, Serie B",Brazil,SER Cruz Alta (RS),Rio Grande (RS),2026-09-30T22:30:00+00:00,11.5668,soccer.asian_handicap,period=ft,home,handicap=-0.5,1.52
2026-10-01T00:18:25.993230+02:00,36577342,"Gaucho, Serie B",Brazil,SER Cruz Alta (RS),Rio Grande (RS),2026-09-30T22:30:00+00:00,11.5668,soccer.asian_handicap,period=ft,away,handicap=-0.5,2.2
2026-10-01T00:18:25.993230+02:00,36577342,"Gaucho, Serie B",Brazil,SER Cruz Alta (RS),Rio Grande (RS),2026-09-30T22:30:00+00:00,11.5668,soccer.double_chance,period=ft,draw_away,,2.08
2026-10-01T00:18:25.993230+02:00,36577342,"Gaucho, Serie B",Brazil,SER Cruz Alta (RS),Rio Grande (RS),2026-09-30T22:30:00+00:00,11.5668,soccer.double_chance,period=ft,home_away,,1.21
2026-10-01T00:18:25.993230+02:00,36577342,"Gaucho, Serie B",Brazil,SER Cruz Alta (RS),Rio Grande (RS),2026-09-30T22:30:00+00:00,11.5668,soccer.double_chance,period=ft,home_draw,,1.15
2026-10-01T00:18:25.993230+02:00,36577342,"Gaucho, Serie B",Brazil,SER Cruz Alta (RS),Rio Grande (RS),2026-09-30T22:30:00+00:00,11.5668,soccer.match_odds,period=ft,home,,1.52
2026-10-01T00:18:25.993230+02:00,36577342,"Gaucho, Serie B",Brazil,SER Cruz Alta (RS),Rio Grande (RS),2026-09-30T22:30:00+00:00,11.5668,soccer.match_odds,period=ft,draw,,3.75
2026-10-01T00:18:25.993230+02:00,36577342,"Gaucho, Serie B",Brazil,SER Cruz Alta (RS),Rio Grande (RS),2026-09-30T22:30:00+00:00,11.5668,soccer.match_odds,period=ft,away,,4.8
2026-10-01T00:18:25.993230+02:00,36577342,"Gaucho, Serie B",Brazil,SER Cruz Alta (RS),Rio Grande (RS),2026-09-30T22:30:00+00:00,11.5668,soccer.total_goals,period=ft,over,total=2.5,1.72
2026-10-01T00:18:25.993230+02:00,36577342,"Gaucho, Serie B",Brazil,SER Cruz Alta (RS),Rio Grande (RS),2026-09-30T22:30:00+00:00,11.5668,soccer.total_goals,period=ft,under,total=2.5,1.89
2026-10-01T00:18:25.993230+02:00,36561004,Copa Paraguay,Paraguay,Cerro Porteno,Rubio Nu,2026-09-30T22:30:00+00:00,11.5668,soccer.asian_handicap,period=ft,home,handicap=-1,1.8
2026-10-01T00:18:25.993230+02:00,36561004,Copa Paraguay,Paraguay,Cerro Porteno,Rubio Nu,2026-09-30T22:30:00+00:00,11.5668,soccer.asian_handicap,period=ft,away,handicap=-1,1.89
2026-10-01T00:18:25.993230+02:00,36561004,Copa Paraguay,Paraguay,Cerro Porteno,Rubio Nu,2026-09-30T22:30:00+00:00,11.5668,soccer.asian_handicap,period=ft,home,handicap=-1.75,2.85
2026-10-01T00:18:25.993230+02:00,36561004,Copa Paraguay,Paraguay,Cerro Porteno,Rubio Nu,2026-09-30T22:30:00+00:00,11.5668,soccer.asian_handicap,period=ft,away,handicap=-1.75,1.33
2026-10-01T00:18:25.993230+02:00,36561004,Copa Paraguay,Paraguay,Cerro Porteno,Rubio Nu,2026-09-30T22:30:00+00:00,11.5668,soccer.asian_handicap,period=ft,home,handicap=-1.5,2.35
2026-10-01T00:18:25.993230+02:00,36561004,Copa Paraguay,Paraguay,Cerro Porteno,Rubio Nu,2026-09-30T22:30:00+00:00,11.5668,soccer.asian_handicap,period=ft,away,handicap=-1.5,1.48
2026-10-01T00:18:25.993230+02:00,36561004,Copa Paraguay,Paraguay,Cerro Porteno,Rubio Nu,2026-09-30T22:30:00+00:00,11.5668,soccer.asian_handicap,period=ft,home,handicap=-1.25,2.09
2026-10-01T00:18:25.993230+02:00,36561004,Copa Paraguay,Paraguay,Cerro Porteno,Rubio Nu,2026-09-30T22:30:00+00:00,11.5668,soccer.asian_handicap,period=ft,away,handicap=-1.25,1.63
2026-10-01T00:18:25.993230+02:00,36561004,Copa Paraguay,Paraguay,Cerro Porteno,Rubio Nu,2026-09-30T22:30:00+00:00,11.5668,soccer.asian_handicap,period=ft,home,handicap=-0.75,1.57
2026-10-01T00:18:25.993230+02:00,36561004,Copa Paraguay,Paraguay,Cerro Porteno,Rubio Nu,2026-09-30T22:30:00+00:00,11.5668,soccer.asian_handicap,period=ft,away,handicap=-0.75,2.19
2026-10-01T00:18:25.993230+02:00,36561004,Copa Paraguay,Paraguay,Cerro Porteno,Rubio Nu,2026-09-30T22:30:00+00:00,11.5668,soccer.asian_handicap,period=ft,home,handicap=-0.5,1.44
2026-10-01T00:18:25.993230+02:00,36561004,Copa Paraguay,Paraguay,Cerro Porteno,Rubio Nu,2026-09-30T22:30:00+00:00,11.5668,soccer.asian_handicap,period=ft,away,handicap=-0.5,2.45
2026-10-01T00:18:25.993230+02:00,36561004,Copa Paraguay,Paraguay,Cerro Porteno,Rubio Nu,2026-09-30T22:30:00+00:00,11.5668,soccer.asian_handicap,period=ft,home,handicap=-0.25,1.28
2026-10-01T00:18:25.993230+02:00,36561004,Copa Paraguay,Paraguay,Cerro Porteno,Rubio Nu,2026-09-30T22:30:00+00:00,11.5668,soccer.asian_handicap,period=ft,away,handicap=-0.25,3.1
2026-10-01T00:18:25.993230+02:00,36561004,Copa Paraguay,Paraguay,Cerro Porteno,Rubio Nu,2026-09-30T22:30:00+00:00,11.5668,soccer.double_chance,period=ft,draw_away,,2.15
2026-10-01T00:18:25.993230+02:00,36561004,Copa Paraguay,Paraguay,Cerro Porteno,Rubio Nu,2026-09-30T22:30:00+00:00,11.5668,soccer.double_chance,period=ft,home_away,,1.14
2026-10-01T00:18:25.993230+02:00,36561004,Copa Paraguay,Paraguay,Cerro Porteno,Rubio Nu,2026-09-30T22:30:00+00:00,11.5668,soccer.double_chance,period=ft,home_draw,,1.03
2026-10-01T00:18:25.993230+02:00,36561004,Copa Paraguay,Paraguay,Cerro Porteno,Rubio Nu,2026-09-30T22:30:00+00:00,11.5668,soccer.match_odds,period=ft,home,,1.45
2026-10-01T00:18:25.993230+02:00,36561004,Copa Paraguay,Paraguay,Cerro Porteno,Rubio Nu,2026-09-30T22:30:00+00:00,11.5668,soccer.match_odds,period=ft,draw,,3.65
2026-10-01T00:18:25.993230+02:00,36561004,Copa Paraguay,Paraguay,Cerro Porteno,Rubio Nu,2026-09-30T22:30:00+00:00,11.5668,soccer.match_odds,period=ft,away,,6.05
2026-10-01T00:18:25.993230+02:00,36561004,Copa Paraguay,Paraguay,Cerro Porteno,Rubio Nu,2026-09-30T22:30:00+00:00,11.5668,soccer.total_goals,period=ft,over,total=2.25,1.76
2026-10-01T00:18:25.993230+02:00,36561004,Copa Paraguay,Paraguay,Cerro Porteno,Rubio Nu,2026-09-30T22:30:00+00:00,11.5668,soccer.total_goals,period=ft,under,total=2.25,1.94
2026-10-01T00:18:25.993230+02:00,36561004,Copa Paraguay,Paraguay,Cerro Porteno,Rubio Nu,2026-09-30T22:30:00+00:00,11.5668,soccer.total_goals,period=ft,over,total=1.5,1.29
2026-10-01T00:18:25.993230+02:00,36561004,Copa Paraguay,Paraguay,Cerro Porteno,Rubio Nu,2026-09-30T22:30:00+00:00,11.5668,soccer.total_goals,period=ft,under,total=1.5,3.05
2026-10-01T00:18:25.993230+02:00,36561004,Copa Paraguay,Paraguay,Cerro Porteno,Rubio Nu,2026-09-30T22:30:00+00:00,11.5668,soccer.total_goals,period=ft,over,total=1.75,1.36
2026-10-01T00:18:25.993230+02:00,36561004,Copa Paraguay,Paraguay,Cerro Porteno,Rubio Nu,2026-09-30T22:30:00+00:00,11.5668,soccer.total_goals,period=ft,under,total=1.75,2.7
2026-10-01T00:18:25.993230+02:00,36561004,Copa Paraguay,Paraguay,Cerro Porteno,Rubio Nu,2026-09-30T22:30:00+00:00,11.5668,soccer.total_goals,period=ft,over,total=2,1.49
2026-10-01T00:18:25.993230+02:00,36561004,Copa Paraguay,Paraguay,Cerro Porteno,Rubio Nu,2026-09-30T22:30:00+00:00,11.5668,soccer.total_goals,period=ft,under,total=2,2.35
2026-10-01T00:18:25.993230+02:00,36561004,Copa Paraguay,Paraguay,Cerro Porteno,Rubio Nu,2026-09-30T22:30:00+00:00,11.5668,soccer.total_goals,period=ft,over,total=2.5,2.01
2026-10-01T00:18:25.993230+02:00,36561004,Copa Paraguay,Paraguay,Cerro Porteno,Rubio Nu,2026-09-30T22:30:00+00:00,11.5668,soccer.total_goals,period=ft,under,total=2.5,1.69
2026-10-01T00:18:25.993230+02:00,36561004,Copa Paraguay,Paraguay,Cerro Porteno,Rubio Nu,2026-09-30T22:30:00+00:00,11.5668,soccer.total_goals,period=ft,over,total=2.75,2.25
2026-10-01T00:18:25.993230+02:00,36561004,Copa Paraguay,Paraguay,Cerro Porteno,Rubio Nu,2026-09-30T22:30:00+00:00,11.5668,soccer.total_goals,period=ft,under,total=2.75,1.51
2026-10-01T00:18:25.993230+02:00,36561004,Copa Paraguay,Paraguay,Cerro Porteno,Rubio Nu,2026-09-30T22:30:00+00:00,11.5668,soccer.total_goals,period=ft,over,total=3,2.8
2026-10-01T00:18:25.993230+02:00,36561004,Copa Paraguay,Paraguay,Cerro Porteno,Rubio Nu,2026-09-30T22:30:00+00:00,11.5668,soccer.total_goals,period=ft,under,total=3,1.34
2026-10-01T00:18:25.993230+02:00,36573249,Copa Division Profesional,Bolivia,CD Real Tomayapo,CA Nacional Potosi,2026-09-30T22:30:00+00:00,11.5668,soccer.asian_handicap,period=ft,home,handicap=0,1.91
2026-10-01T00:18:25.993230+02:00,36573249,Copa Division Profesional,Bolivia,CD Real Tomayapo,CA Nacional Potosi,2026-09-30T22:30:00+00:00,11.5668,soccer.asian_handicap,period=ft,away,handicap=0,1.79
2026-10-01T00:18:25.993230+02:00,36573249,Copa Division Profesional,Bolivia,CD Real Tomayapo,CA Nacional Potosi,2026-09-30T22:30:00+00:00,11.5668,soccer.asian_handicap,period=ft,home,handicap=-0.75,2.95
2026-10-01T00:18:25.993230+02:00,36573249,Copa Division Profesional,Bolivia,CD Real Tomayapo,CA Nacional Potosi,2026-09-30T22:30:00+00:00,11.5668,soccer.asian_handicap,period=ft,away,handicap=-0.75,1.3
2026-10-01T00:18:25.993230+02:00,36573249,Copa Division Profesional,Bolivia,CD Real Tomayapo,CA Nacional Potosi,2026-09-30T22:30:00+00:00,11.5668,soccer.asian_handicap,period=ft,home,handicap=-0.5,2.45
2026-10-01T00:18:25.993230+02:00,36573249,Copa Division Profesional,Bolivia,CD Real Tomayapo,CA Nacional Potosi,2026-09-30T22:30:00+00:00,11.5668,soccer.asian_handicap,period=ft,away,handicap=-0.5,1.43
2026-10-01T00:18:25.993230+02:00,36573249,Copa Division Profesional,Bolivia,CD Real Tomayapo,CA Nacional Potosi,2026-09-30T22:30:00+00:00,11.5668,soccer.asian_handicap,period=ft,home,handicap=-0.25,2.2
2026-10-01T00:18:25.993230+02:00,36573249,Copa Division Profesional,Bolivia,CD Real Tomayapo,CA Nacional Potosi,2026-09-30T22:30:00+00:00,11.5668,soccer.asian_handicap,period=ft,away,handicap=-0.25,1.56
2026-10-01T00:18:25.993230+02:00,36573249,Copa Division Profesional,Bolivia,CD Real Tomayapo,CA Nacional Potosi,2026-09-30T22:30:00+00:00,11.5668,soccer.asian_handicap,period=ft,home,handicap=0.25,1.64
2026-10-01T00:18:25.993230+02:00,36573249,Copa Division Profesional,Bolivia,CD Real Tomayapo,CA Nacional Potosi,2026-09-30T22:30:00+00:00,11.5668,soccer.asian_handicap,period=ft,away,handicap=0.25,2.07
2026-10-01T00:18:25.993230+02:00,36573249,Copa Division Profesional,Bolivia,CD Real Tomayapo,CA Nacional Potosi,2026-09-30T22:30:00+00:00,11.5668,soccer.asian_handicap,period=ft,home,handicap=0.5,1.48
2026-10-01T00:18:25.993230+02:00,36573249,Copa Division Profesional,Bolivia,CD Real Tomayapo,CA Nacional Potosi,2026-09-30T22:30:00+00:00,11.5668,soccer.asian_handicap,period=ft,away,handicap=0.5,2.3
2026-10-01T00:18:25.993230+02:00,36573249,Copa Division Profesional,Bolivia,CD Real Tomayapo,CA Nacional Potosi,2026-09-30T22:30:00+00:00,11.5668,soccer.asian_handicap,period=ft,home,handicap=0.75,1.34
2026-10-01T00:18:25.993230+02:00,36573249,Copa Division Profesional,Bolivia,CD Real Tomayapo,CA Nacional Potosi,2026-09-30T22:30:00+00:00,11.5668,soccer.asian_handicap,period=ft,away,handicap=0.75,2.8
2026-10-01T00:18:25.993230+02:00,36573249,Copa Division Profesional,Bolivia,CD Real Tomayapo,CA Nacional Potosi,2026-09-30T22:30:00+00:00,11.5668,soccer.match_odds,period=ft,home,,2.5
2026-10-01T00:18:25.993230+02:00,36573249,Copa Division Profesional,Bolivia,CD Real Tomayapo,CA Nacional Potosi,2026-09-30T22:30:00+00:00,11.5668,soccer.match_odds,period=ft,draw,,3.2
2026-10-01T00:18:25.993230+02:00,36573249,Copa Division Profesional,Bolivia,CD Real Tomayapo,CA Nacional Potosi,2026-09-30T22:30:00+00:00,11.5668,soccer.match_odds,period=ft,away,,2.35
2026-10-01T00:18:25.993230+02:00,36573249,Copa Division Profesional,Bolivia,CD Real Tomayapo,CA Nacional Potosi,2026-09-30T22:30:00+00:00,11.5668,soccer.total_goals,period=ft,over,total=2.75,1.89
2026-10-01T00:18:25.993230+02:00,36573249,Copa Division Profesional,Bolivia,CD Real Tomayapo,CA Nacional Potosi,2026-09-30T22:30:00+00:00,11.5668,soccer.total_goals,period=ft,under,total=2.75,1.81
2026-10-01T00:18:25.993230+02:00,36573249,Copa Division Profesional,Bolivia,CD Real Tomayapo,CA Nacional Potosi,2026-09-30T22:30:00+00:00,11.5668,soccer.total_goals,period=ft,over,total=2,1.3
2026-10-01T00:18:25.993230+02:00,36573249,Copa Division Profesional,Bolivia,CD Real Tomayapo,CA Nacional Potosi,2026-09-30T22:30:00+00:00,11.5668,soccer.total_goals,period=ft,under,total=2,3.0
2026-10-01T00:18:25.993230+02:00,36573249,Copa Division Profesional,Bolivia,CD Real Tomayapo,CA Nacional Potosi,2026-09-30T22:30:00+00:00,11.5668,soccer.total_goals,period=ft,over,total=2.25,1.49
2026-10-01T00:18:25.993230+02:00,36573249,Copa Division Profesional,Bolivia,CD Real Tomayapo,CA Nacional Potosi,2026-09-30T22:30:00+00:00,11.5668,soccer.total_goals,period=ft,under,total=2.25,2.3
2026-10-01T00:18:25.993230+02:00,36573249,Copa Division Profesional,Bolivia,CD Real Tomayapo,CA Nacional Potosi,2026-09-30T22:30:00+00:00,11.5668,soccer.total_goals,period=ft,over,total=2.5,1.69
2026-10-01T00:18:25.993230+02:00,36573249,Copa Division Profesional,Bolivia,CD Real Tomayapo,CA Nacional Potosi,2026-09-30T22:30:00+00:00,11.5668,soccer.total_goals,period=ft,under,total=2.5,2.0
2026-10-01T00:18:25.993230+02:00,36573249,Copa Division Profesional,Bolivia,CD Real Tomayapo,CA Nacional Potosi,2026-09-30T22:30:00+00:00,11.5668,soccer.total_goals,period=ft,over,total=3,2.15
2026-10-01T00:18:25.993230+02:00,36573249,Copa Division Profesional,Bolivia,CD Real Tomayapo,CA Nacional Potosi,2026-09-30T22:30:00+00:00,11.5668,soccer.total_goals,period=ft,under,total=3,1.59
2026-10-01T00:18:25.993230+02:00,36573249,Copa Division Profesional,Bolivia,CD Real Tomayapo,CA Nacional Potosi,2026-09-30T22:30:00+00:00,11.5668,soccer.total_goals,period=ft,over,total=3.25,2.35
2026-10-01T00:18:25.993230+02:00,36573249,Copa Division Profesional,Bolivia,CD Real Tomayapo,CA Nacional Potosi,2026-09-30T22:30:00+00:00,11.5668,soccer.total_goals,period=ft,under,total=3.25,1.46
2026-10-01T00:18:25.993230+02:00,36573249,Copa Division Profesional,Bolivia,CD Real Tomayapo,CA Nacional Potosi,2026-09-30T22:30:00+00:00,11.5668,soccer.total_goals,period=ft,over,total=3.5,2.65
2026-10-01T00:18:25.993230+02:00,36573249,Copa Division Profesional,Bolivia,CD Real Tomayapo,CA Nacional Potosi,2026-09-30T22:30:00+00:00,11.5668,soccer.total_goals,period=ft,under,total=3.5,1.38
2026-10-01T00:18:25.993230+02:00,36521470,USL Championship,USA,LIU Brooklyn,Detroit City FC,2026-09-30T23:00:00+00:00,41.5668,soccer.asian_handicap,period=ft,home,handicap=0.25,1.93
2026-10-01T00:18:25.993230+02:00,36521470,USL Championship,USA,LIU Brooklyn,Detroit City FC,2026-09-30T23:00:00+00:00,41.5668,soccer.asian_handicap,period=ft,away,handicap=0.25,1.88
2026-10-01T00:18:25.993230+02:00,36521470,USL Championship,USA,LIU Brooklyn,Detroit City FC,2026-09-30T23:00:00+00:00,41.5668,soccer.asian_handicap,period=ft,home,handicap=-0.75,4.25
2026-10-01T00:18:25.993230+02:00,36521470,USL Championship,USA,LIU Brooklyn,Detroit City FC,2026-09-30T23:00:00+00:00,41.5668,soccer.asian_handicap,period=ft,away,handicap=-0.75,1.21
2026-10-01T00:18:25.993230+02:00,36521470,USL Championship,USA,LIU Brooklyn,Detroit City FC,2026-09-30T23:00:00+00:00,41.5668,soccer.asian_handicap,period=ft,home,handicap=-0.5,3.25
2026-10-01T00:18:25.993230+02:00,36521470,USL Championship,USA,LIU Brooklyn,Detroit City FC,2026-09-30T23:00:00+00:00,41.5668,soccer.asian_handicap,period=ft,away,handicap=-0.5,1.32
2026-10-01T00:18:25.993230+02:00,36521470,USL Championship,USA,LIU Brooklyn,Detroit City FC,2026-09-30T23:00:00+00:00,41.5668,soccer.asian_handicap,period=ft,home,handicap=-0.25,2.85
2026-10-01T00:18:25.993230+02:00,36521470,USL Championship,USA,LIU Brooklyn,Detroit City FC,2026-09-30T23:00:00+00:00,41.5668,soccer.asian_handicap,period=ft,away,handicap=-0.25,1.41
2026-10-01T00:18:25.993230+02:00,36521470,USL Championship,USA,LIU Brooklyn,Detroit City FC,2026-09-30T23:00:00+00:00,41.5668,soccer.asian_handicap,period=ft,home,handicap=0,2.4
2026-10-01T00:18:25.993230+02:00,36521470,USL Championship,USA,LIU Brooklyn,Detroit City FC,2026-09-30T23:00:00+00:00,41.5668,soccer.asian_handicap,period=ft,away,handicap=0,1.56
2026-10-01T00:18:25.993230+02:00,36521470,USL Championship,USA,LIU Brooklyn,Detroit City FC,2026-09-30T23:00:00+00:00,41.5668,soccer.asian_handicap,period=ft,home,handicap=0.5,1.68
2026-10-01T00:18:25.993230+02:00,36521470,USL Championship,USA,LIU Brooklyn,Detroit City FC,2026-09-30T23:00:00+00:00,41.5668,soccer.asian_handicap,period=ft,away,handicap=0.5,2.17
2026-10-01T00:18:25.993230+02:00,36521470,USL Championship,USA,LIU Brooklyn,Detroit City FC,2026-09-30T23:00:00+00:00,41.5668,soccer.asian_handicap,period=ft,home,handicap=0.75,1.49
2026-10-01T00:18:25.993230+02:00,36521470,USL Championship,USA,LIU Brooklyn,Detroit City FC,2026-09-30T23:00:00+00:00,41.5668,soccer.asian_handicap,period=ft,away,handicap=0.75,2.55
2026-10-01T00:18:25.993230+02:00,36521470,USL Championship,USA,LIU Brooklyn,Detroit City FC,2026-09-30T23:00:00+00:00,41.5668,soccer.asian_handicap,period=ft,home,handicap=1,1.31
2026-10-01T00:18:25.993230+02:00,36521470,USL Championship,USA,LIU Brooklyn,Detroit City FC,2026-09-30T23:00:00+00:00,41.5668,soccer.asian_handicap,period=ft,away,handicap=1,3.3
2026-10-01T00:18:25.993230+02:00,36521470,USL Championship,USA,LIU Brooklyn,Detroit City FC,2026-09-30T23:00:00+00:00,41.5668,soccer.asian_handicap,period=ft,home,handicap=1.25,1.25
2026-10-01T00:18:25.993230+02:00,36521470,USL Championship,USA,LIU Brooklyn,Detroit City FC,2026-09-30T23:00:00+00:00,41.5668,soccer.asian_handicap,period=ft,away,handicap=1.25,3.75
2026-10-01T00:18:25.993230+02:00,36521470,USL Championship,USA,LIU Brooklyn,Detroit City FC,2026-09-30T23:00:00+00:00,41.5668,soccer.double_chance,period=ft,draw_away,,1.31
2026-10-01T00:18:25.993230+02:00,36521470,USL Championship,USA,LIU Brooklyn,Detroit City FC,2026-09-30T23:00:00+00:00,41.5668,soccer.double_chance,period=ft,home_away,,1.31
2026-10-01T00:18:25.993230+02:00,36521470,USL Championship,USA,LIU Brooklyn,Detroit City FC,2026-09-30T23:00:00+00:00,41.5668,soccer.double_chance,period=ft,home_draw,,1.53
2026-10-01T00:18:25.993230+02:00,36521470,USL Championship,USA,LIU Brooklyn,Detroit City FC,2026-09-30T23:00:00+00:00,41.5668,soccer.match_odds,period=ft,home,,3.3
2026-10-01T00:18:25.993230+02:00,36521470,USL Championship,USA,LIU Brooklyn,Detroit City FC,2026-09-30T23:00:00+00:00,41.5668,soccer.match_odds,period=ft,draw,,3.3
2026-10-01T00:18:25.993230+02:00,36521470,USL Championship,USA,LIU Brooklyn,Detroit City FC,2026-09-30T23:00:00+00:00,41.5668,soccer.match_odds,period=ft,away,,2.17
2026-10-01T00:18:25.993230+02:00,36521470,USL Championship,USA,LIU Brooklyn,Detroit City FC,2026-09-30T23:00:00+00:00,41.5668,soccer.total_goals,period=ft,over,total=2.25,1.83
2026-10-01T00:18:25.993230+02:00,36521470,USL Championship,USA,LIU Brooklyn,Detroit City FC,2026-09-30T23:00:00+00:00,41.5668,soccer.total_goals,period=ft,under,total=2.25,1.96
2026-10-01T00:18:25.993230+02:00,36521470,USL Championship,USA,LIU Brooklyn,Detroit City FC,2026-09-30T23:00:00+00:00,41.5668,soccer.total_goals,period=ft,over,total=1.5,1.33
2026-10-01T00:18:25.993230+02:00,36521470,USL Championship,USA,LIU Brooklyn,Detroit City FC,2026-09-30T23:00:00+00:00,41.5668,soccer.total_goals,period=ft,under,total=1.5,3.1
2026-10-01T00:18:25.993230+02:00,36521470,USL Championship,USA,LIU Brooklyn,Detroit City FC,2026-09-30T23:00:00+00:00,41.5668,soccer.total_goals,period=ft,over,total=1.75,1.42
2026-10-01T00:18:25.993230+02:00,36521470,USL Championship,USA,LIU Brooklyn,Detroit City FC,2026-09-30T23:00:00+00:00,41.5668,soccer.total_goals,period=ft,under,total=1.75,2.75
2026-10-01T00:18:25.993230+02:00,36521470,USL Championship,USA,LIU Brooklyn,Detroit City FC,2026-09-30T23:00:00+00:00,41.5668,soccer.total_goals,period=ft,over,total=2,1.56
2026-10-01T00:18:25.993230+02:00,36521470,USL Championship,USA,LIU Brooklyn,Detroit City FC,2026-09-30T23:00:00+00:00,41.5668,soccer.total_goals,period=ft,under,total=2,2.35
2026-10-01T00:18:25.993230+02:00,36521470,USL Championship,USA,LIU Brooklyn,Detroit City FC,2026-09-30T23:00:00+00:00,41.5668,soccer.total_goals,period=ft,over,total=2.5,2.09
2026-10-01T00:18:25.993230+02:00,36521470,USL Championship,USA,LIU Brooklyn,Detroit City FC,2026-09-30T23:00:00+00:00,41.5668,soccer.total_goals,period=ft,under,total=2.5,1.72
2026-10-01T00:18:25.993230+02:00,36521470,USL Championship,USA,LIU Brooklyn,Detroit City FC,2026-09-30T23:00:00+00:00,41.5668,soccer.total_goals,period=ft,over,total=2.75,2.4
2026-10-01T00:18:25.993230+02:00,36521470,USL Championship,USA,LIU Brooklyn,Detroit City FC,2026-09-30T23:00:00+00:00,41.5668,soccer.total_goals,period=ft,under,total=2.75,1.54
2026-10-01T00:18:25.993230+02:00,36521470,USL Championship,USA,LIU Brooklyn,Detroit City FC,2026-09-30T23:00:00+00:00,41.5668,soccer.total_goals,period=ft,over,total=3.5,3.6
2026-10-01T00:18:25.993230+02:00,36521470,USL Championship,USA,LIU Brooklyn,Detroit City FC,2026-09-30T23:00:00+00:00,41.5668,soccer.total_goals,period=ft,under,total=3.5,1.26
2026-10-01T00:18:25.993230+02:00,36521466,USL Championship,USA,Miami FC,Sporting Jax,2026-09-30T23:00:00+00:00,41.5668,soccer.asian_handicap,period=ft,home,handicap=-1.25,2.0
2026-10-01T00:18:25.993230+02:00,36521466,USL Championship,USA,Miami FC,Sporting Jax,2026-09-30T23:00:00+00:00,41.5668,soccer.asian_handicap,period=ft,away,handicap=-1.25,1.82
2026-10-01T00:18:25.993230+02:00,36521466,USL Championship,USA,Miami FC,Sporting Jax,2026-09-30T23:00:00+00:00,41.5668,soccer.asian_handicap,period=ft,home,handicap=-2.25,3.65
2026-10-01T00:18:25.993230+02:00,36521466,USL Championship,USA,Miami FC,Sporting Jax,2026-09-30T23:00:00+00:00,41.5668,soccer.asian_handicap,period=ft,away,handicap=-2.25,1.27
2026-10-01T00:18:25.993230+02:00,36521466,USL Championship,USA,Miami FC,Sporting Jax,2026-09-30T23:00:00+00:00,41.5668,soccer.asian_handicap,period=ft,home,handicap=-2,3.25
2026-10-01T00:18:25.993230+02:00,36521466,USL Championship,USA,Miami FC,Sporting Jax,2026-09-30T23:00:00+00:00,41.5668,soccer.asian_handicap,period=ft,away,handicap=-2,1.32
2026-10-01T00:18:25.993230+02:00,36521466,USL Championship,USA,Miami FC,Sporting Jax,2026-09-30T23:00:00+00:00,41.5668,soccer.asian_handicap,period=ft,home,handicap=-1.75,2.6
2026-10-01T00:18:25.993230+02:00,36521466,USL Championship,USA,Miami FC,Sporting Jax,2026-09-30T23:00:00+00:00,41.5668,soccer.asian_handicap,period=ft,away,handicap=-1.75,1.49
2026-10-01T00:18:25.993230+02:00,36521466,USL Championship,USA,Miami FC,Sporting Jax,2026-09-30T23:00:00+00:00,41.5668,soccer.asian_handicap,period=ft,home,handicap=-1.5,2.2
2026-10-01T00:18:25.993230+02:00,36521466,USL Championship,USA,Miami FC,Sporting Jax,2026-09-30T23:00:00+00:00,41.5668,soccer.asian_handicap,period=ft,away,handicap=-1.5,1.65
2026-10-01T00:18:25.993230+02:00,36521466,USL Championship,USA,Miami FC,Sporting Jax,2026-09-30T23:00:00+00:00,41.5668,soccer.asian_handicap,period=ft,home,handicap=-1,1.74
2026-10-01T00:18:25.993230+02:00,36521466,USL Championship,USA,Miami FC,Sporting Jax,2026-09-30T23:00:00+00:00,41.5668,soccer.asian_handicap,period=ft,away,handicap=-1,2.07
2026-10-01T00:18:25.993230+02:00,36521466,USL Championship,USA,Miami FC,Sporting Jax,2026-09-30T23:00:00+00:00,41.5668,soccer.asian_handicap,period=ft,home,handicap=-0.75,1.58
2026-10-01T00:18:25.993230+02:00,36521466,USL Championship,USA,Miami FC,Sporting Jax,2026-09-30T23:00:00+00:00,41.5668,soccer.asian_handicap,period=ft,away,handicap=-0.75,2.3
2026-10-01T00:18:25.993230+02:00,36521466,USL Championship,USA,Miami FC,Sporting Jax,2026-09-30T23:00:00+00:00,41.5668,soccer.asian_handicap,period=ft,home,handicap=-0.5,1.47
2026-10-01T00:18:25.993230+02:00,36521466,USL Championship,USA,Miami FC,Sporting Jax,2026-09-30T23:00:00+00:00,41.5668,soccer.asian_handicap,period=ft,away,handicap=-0.5,2.6
2026-10-01T00:18:25.993230+02:00,36521466,USL Championship,USA,Miami FC,Sporting Jax,2026-09-30T23:00:00+00:00,41.5668,soccer.asian_handicap,period=ft,home,handicap=-0.25,1.32
2026-10-01T00:18:25.993230+02:00,36521466,USL Championship,USA,Miami FC,Sporting Jax,2026-09-30T23:00:00+00:00,41.5668,soccer.asian_handicap,period=ft,away,handicap=-0.25,3.25
2026-10-01T00:18:25.993230+02:00,36521466,USL Championship,USA,Miami FC,Sporting Jax,2026-09-30T23:00:00+00:00,41.5668,soccer.double_chance,period=ft,draw_away,,2.2
2026-10-01T00:18:25.993230+02:00,36521466,USL Championship,USA,Miami FC,Sporting Jax,2026-09-30T23:00:00+00:00,41.5668,soccer.double_chance,period=ft,home_away,,1.17
2026-10-01T00:18:25.993230+02:00,36521466,USL Championship,USA,Miami FC,Sporting Jax,2026-09-30T23:00:00+00:00,41.5668,soccer.double_chance,period=ft,home_draw,,1.14
2026-10-01T00:18:25.993230+02:00,36521466,USL Championship,USA,Miami FC,Sporting Jax,2026-09-30T23:00:00+00:00,41.5668,soccer.match_odds,period=ft,home,,1.48
2026-10-01T00:18:25.993230+02:00,36521466,USL Championship,USA,Miami FC,Sporting Jax,2026-09-30T23:00:00+00:00,41.5668,soccer.match_odds,period=ft,draw,,4.35
2026-10-01T00:18:25.993230+02:00,36521466,USL Championship,USA,Miami FC,Sporting Jax,2026-09-30T23:00:00+00:00,41.5668,soccer.match_odds,period=ft,away,,6.0
2026-10-01T00:18:25.993230+02:00,36521466,USL Championship,USA,Miami FC,Sporting Jax,2026-09-30T23:00:00+00:00,41.5668,soccer.total_goals,period=ft,over,total=3.5,2.0
2026-10-01T00:18:25.993230+02:00,36521466,USL Championship,USA,Miami FC,Sporting Jax,2026-09-30T23:00:00+00:00,41.5668,soccer.total_goals,period=ft,under,total=3.5,1.8
2026-10-01T00:18:25.993230+02:00,36521466,USL Championship,USA,Miami FC,Sporting Jax,2026-09-30T23:00:00+00:00,41.5668,soccer.total_goals,period=ft,over,total=1.5,1.1
2026-10-01T00:18:25.993230+02:00,36521466,USL Championship,USA,Miami FC,Sporting Jax,2026-09-30T23:00:00+00:00,41.5668,soccer.total_goals,period=ft,under,total=1.5,6.3
2026-10-01T00:18:25.993230+02:00,36521466,USL Championship,USA,Miami FC,Sporting Jax,2026-09-30T23:00:00+00:00,41.5668,soccer.total_goals,period=ft,over,total=2.5,1.39
2026-10-01T00:18:25.993230+02:00,36521466,USL Championship,USA,Miami FC,Sporting Jax,2026-09-30T23:00:00+00:00,41.5668,soccer.total_goals,period=ft,under,total=2.5,2.85
2026-10-01T00:18:25.993230+02:00,36521466,USL Championship,USA,Miami FC,Sporting Jax,2026-09-30T23:00:00+00:00,41.5668,soccer.total_goals,period=ft,over,total=3,1.59
2026-10-01T00:18:25.993230+02:00,36521466,USL Championship,USA,Miami FC,Sporting Jax,2026-09-30T23:00:00+00:00,41.5668,soccer.total_goals,period=ft,under,total=3,2.3
2026-10-01T00:18:25.993230+02:00,36521466,USL Championship,USA,Miami FC,Sporting Jax,2026-09-30T23:00:00+00:00,41.5668,soccer.total_goals,period=ft,over,total=3.25,1.79
2026-10-01T00:18:25.993230+02:00,36521466,USL Championship,USA,Miami FC,Sporting Jax,2026-09-30T23:00:00+00:00,41.5668,soccer.total_goals,period=ft,under,total=3.25,2.0
2026-10-01T00:18:25.993230+02:00,36521466,USL Championship,USA,Miami FC,Sporting Jax,2026-09-30T23:00:00+00:00,41.5668,soccer.total_goals,period=ft,over,total=3.75,2.25
2026-10-01T00:18:25.993230+02:00,36521466,USL Championship,USA,Miami FC,Sporting Jax,2026-09-30T23:00:00+00:00,41.5668,soccer.total_goals,period=ft,under,total=3.75,1.62
2026-10-01T00:18:25.993230+02:00,36521466,USL Championship,USA,Miami FC,Sporting Jax,2026-09-30T23:00:00+00:00,41.5668,soccer.total_goals,period=ft,over,total=4,2.7
2026-10-01T00:18:25.993230+02:00,36521466,USL Championship,USA,Miami FC,Sporting Jax,2026-09-30T23:00:00+00:00,41.5668,soccer.total_goals,period=ft,under,total=4,1.44
2026-10-01T00:18:25.993230+02:00,36521466,USL Championship,USA,Miami FC,Sporting Jax,2026-09-30T23:00:00+00:00,41.5668,soccer.total_goals,period=ft,over,total=4.5,3.3
2026-10-01T00:18:25.993230+02:00,36521466,USL Championship,USA,Miami FC,Sporting Jax,2026-09-30T23:00:00+00:00,41.5668,soccer.total_goals,period=ft,under,total=4.5,1.3
2026-10-01T00:18:25.993230+02:00,36521466,USL Championship,USA,Miami FC,Sporting Jax,2026-09-30T23:00:00+00:00,41.5668,soccer.total_goals,period=ft,over,total=5.5,5.95
2026-10-01T00:18:25.993230+02:00,36521466,USL Championship,USA,Miami FC,Sporting Jax,2026-09-30T23:00:00+00:00,41.5668,soccer.total_goals,period=ft,under,total=5.5,1.11
2026-10-01T00:18:25.993230+02:00,36521471,USL Championship,USA,Rhode Island FC,Indy Eleven,2026-09-30T23:30:00+00:00,71.5668,soccer.asian_handicap,period=ft,home,handicap=-0.5,1.85
2026-10-01T00:18:25.993230+02:00,36521471,USL Championship,USA,Rhode Island FC,Indy Eleven,2026-09-30T23:30:00+00:00,71.5668,soccer.asian_handicap,period=ft,away,handicap=-0.5,1.96
2026-10-01T00:18:25.993230+02:00,36521471,USL Championship,USA,Rhode Island FC,Indy Eleven,2026-09-30T23:30:00+00:00,71.5668,soccer.asian_handicap,period=ft,home,handicap=-1.5,3.2
2026-10-01T00:18:25.993230+02:00,36521471,USL Championship,USA,Rhode Island FC,Indy Eleven,2026-09-30T23:30:00+00:00,71.5668,soccer.asian_handicap,period=ft,away,handicap=-1.5,1.33
2026-10-01T00:18:25.993230+02:00,36521471,USL Championship,USA,Rhode Island FC,Indy Eleven,2026-09-30T23:30:00+00:00,71.5668,soccer.asian_handicap,period=ft,home,handicap=-1.25,2.85
2026-10-01T00:18:25.993230+02:00,36521471,USL Championship,USA,Rhode Island FC,Indy Eleven,2026-09-30T23:30:00+00:00,71.5668,soccer.asian_handicap,period=ft,away,handicap=-1.25,1.4
2026-10-01T00:18:25.993230+02:00,36521471,USL Championship,USA,Rhode Island FC,Indy Eleven,2026-09-30T23:30:00+00:00,71.5668,soccer.asian_handicap,period=ft,home,handicap=-1,2.5
2026-10-01T00:18:25.993230+02:00,36521471,USL Championship,USA,Rhode Island FC,Indy Eleven,2026-09-30T23:30:00+00:00,71.5668,soccer.asian_handicap,period=ft,away,handicap=-1,1.51
2026-10-01T00:18:25.993230+02:00,36521471,USL Championship,USA,Rhode Island FC,Indy Eleven,2026-09-30T23:30:00+00:00,71.5668,soccer.asian_handicap,period=ft,home,handicap=-0.75,2.09
2026-10-01T00:18:25.993230+02:00,36521471,USL Championship,USA,Rhode Island FC,Indy Eleven,2026-09-30T23:30:00+00:00,71.5668,soccer.asian_handicap,period=ft,away,handicap=-0.75,1.73
2026-10-01T00:18:25.993230+02:00,36521471,USL Championship,USA,Rhode Island FC,Indy Eleven,2026-09-30T23:30:00+00:00,71.5668,soccer.asian_handicap,period=ft,home,handicap=-0.25,1.63
2026-10-01T00:18:25.993230+02:00,36521471,USL Championship,USA,Rhode Island FC,Indy Eleven,2026-09-30T23:30:00+00:00,71.5668,soccer.asian_handicap,period=ft,away,handicap=-0.25,2.25
2026-10-01T00:18:25.993230+02:00,36521471,USL Championship,USA,Rhode Island FC,Indy Eleven,2026-09-30T23:30:00+00:00,71.5668,soccer.asian_handicap,period=ft,home,handicap=0,1.43
2026-10-01T00:18:25.993230+02:00,36521471,USL Championship,USA,Rhode Island FC,Indy Eleven,2026-09-30T23:30:00+00:00,71.5668,soccer.asian_handicap,period=ft,away,handicap=0,2.8
2026-10-01T00:18:25.993230+02:00,36521471,USL Championship,USA,Rhode Island FC,Indy Eleven,2026-09-30T23:30:00+00:00,71.5668,soccer.asian_handicap,period=ft,home,handicap=0.25,1.34
2026-10-01T00:18:25.993230+02:00,36521471,USL Championship,USA,Rhode Island FC,Indy Eleven,2026-09-30T23:30:00+00:00,71.5668,soccer.asian_handicap,period=ft,away,handicap=0.25,3.15
2026-10-01T00:18:25.993230+02:00,36521471,USL Championship,USA,Rhode Island FC,Indy Eleven,2026-09-30T23:30:00+00:00,71.5668,soccer.asian_handicap,period=ft,home,handicap=0.5,1.28
2026-10-01T00:18:25.993230+02:00,36521471,USL Championship,USA,Rhode Island FC,Indy Eleven,2026-09-30T23:30:00+00:00,71.5668,soccer.asian_handicap,period=ft,away,handicap=0.5,3.55
2026-10-01T00:18:25.993230+02:00,36521471,USL Championship,USA,Rhode Island FC,Indy Eleven,2026-09-30T23:30:00+00:00,71.5668,soccer.double_chance,period=ft,draw_away,,1.72
2026-10-01T00:18:25.993230+02:00,36521471,USL Championship,USA,Rhode Island FC,Indy Eleven,2026-09-30T23:30:00+00:00,71.5668,soccer.double_chance,period=ft,home_away,,1.23
2026-10-01T00:18:25.993230+02:00,36521471,USL Championship,USA,Rhode Island FC,Indy Eleven,2026-09-30T23:30:00+00:00,71.5668,soccer.double_chance,period=ft,home_draw,,1.24
2026-10-01T00:18:25.993230+02:00,36521471,USL Championship,USA,Rhode Island FC,Indy Eleven,2026-09-30T23:30:00+00:00,71.5668,soccer.match_odds,period=ft,home,,1.84
2026-10-01T00:18:25.993230+02:00,36521471,USL Championship,USA,Rhode Island FC,Indy Eleven,2026-09-30T23:30:00+00:00,71.5668,soccer.match_odds,period=ft,draw,,4.1
2026-10-01T00:18:25.993230+02:00,36521471,USL Championship,USA,Rhode Island FC,Indy Eleven,2026-09-30T23:30:00+00:00,71.5668,soccer.match_odds,period=ft,away,,3.55
2026-10-01T00:18:25.993230+02:00,36521471,USL Championship,USA,Rhode Island FC,Indy Eleven,2026-09-30T23:30:00+00:00,71.5668,soccer.total_goals,period=ft,over,total=2.75,1.8
2026-10-01T00:18:25.993230+02:00,36521471,USL Championship,USA,Rhode Island FC,Indy Eleven,2026-09-30T23:30:00+00:00,71.5668,soccer.total_goals,period=ft,under,total=2.75,2.0
2026-10-01T00:18:25.993230+02:00,36521471,USL Championship,USA,Rhode Island FC,Indy Eleven,2026-09-30T23:30:00+00:00,71.5668,soccer.total_goals,period=ft,over,total=1.5,1.19
2026-10-01T00:18:25.993230+02:00,36521471,USL Championship,USA,Rhode Island FC,Indy Eleven,2026-09-30T23:30:00+00:00,71.5668,soccer.total_goals,period=ft,under,total=1.5,4.35
2026-10-01T00:18:25.993230+02:00,36521471,USL Championship,USA,Rhode Island FC,Indy Eleven,2026-09-30T23:30:00+00:00,71.5668,soccer.total_goals,period=ft,over,total=2.25,1.46
2026-10-01T00:18:25.993230+02:00,36521471,USL Championship,USA,Rhode Island FC,Indy Eleven,2026-09-30T23:30:00+00:00,71.5668,soccer.total_goals,period=ft,under,total=2.25,2.65
2026-10-01T00:18:25.993230+02:00,36521471,USL Championship,USA,Rhode Island FC,Indy Eleven,2026-09-30T23:30:00+00:00,71.5668,soccer.total_goals,period=ft,over,total=2.5,1.64
2026-10-01T00:18:25.993230+02:00,36521471,USL Championship,USA,Rhode Island FC,Indy Eleven,2026-09-30T23:30:00+00:00,71.5668,soccer.total_goals,period=ft,under,total=2.5,2.2
2026-10-01T00:18:25.993230+02:00,36521471,USL Championship,USA,Rhode Island FC,Indy Eleven,2026-09-30T23:30:00+00:00,71.5668,soccer.total_goals,period=ft,over,total=3,2.06
2026-10-01T00:18:25.993230+02:00,36521471,USL Championship,USA,Rhode Island FC,Indy Eleven,2026-09-30T23:30:00+00:00,71.5668,soccer.total_goals,period=ft,under,total=3,1.74
2026-10-01T00:18:25.993230+02:00,36521471,USL Championship,USA,Rhode Island FC,Indy Eleven,2026-09-30T23:30:00+00:00,71.5668,soccer.total_goals,period=ft,over,total=3.25,2.35
2026-10-01T00:18:25.993230+02:00,36521471,USL Championship,USA,Rhode Island FC,Indy Eleven,2026-09-30T23:30:00+00:00,71.5668,soccer.total_goals,period=ft,under,total=3.25,1.57
2026-10-01T00:18:25.993230+02:00,36521471,USL Championship,USA,Rhode Island FC,Indy Eleven,2026-09-30T23:30:00+00:00,71.5668,soccer.total_goals,period=ft,over,total=3.5,2.6
2026-10-01T00:18:25.993230+02:00,36521471,USL Championship,USA,Rhode Island FC,Indy Eleven,2026-09-30T23:30:00+00:00,71.5668,soccer.total_goals,period=ft,under,total=3.5,1.46
2026-10-01T00:18:25.993230+02:00,36521471,USL Championship,USA,Rhode Island FC,Indy Eleven,2026-09-30T23:30:00+00:00,71.5668,soccer.total_goals,period=ft,over,total=4.5,4.8
2026-10-01T00:18:25.993230+02:00,36521471,USL Championship,USA,Rhode Island FC,Indy Eleven,2026-09-30T23:30:00+00:00,71.5668,soccer.total_goals,period=ft,under,total=4.5,1.16
2026-10-01T00:18:25.993230+02:00,36577752,Brazil Campeonato Paraibano (PB) Division 2,Brazil,Auto EC (PB),Picuiense PB,2026-09-30T23:15:00+00:00,56.5668,soccer.asian_handicap,period=ft,home,handicap=-1.75,1.75
2026-10-01T00:18:25.993230+02:00,36577752,Brazil Campeonato Paraibano (PB) Division 2,Brazil,Auto EC (PB),Picuiense PB,2026-09-30T23:15:00+00:00,56.5668,soccer.asian_handicap,period=ft,away,handicap=-1.75,1.94
2026-10-01T00:18:25.993230+02:00,36577752,Brazil Campeonato Paraibano (PB) Division 2,Brazil,Auto EC (PB),Picuiense PB,2026-09-30T23:15:00+00:00,56.5668,soccer.asian_handicap,period=ft,home,handicap=-2.5,2.45
2026-10-01T00:18:25.993230+02:00,36577752,Brazil Campeonato Paraibano (PB) Division 2,Brazil,Auto EC (PB),Picuiense PB,2026-09-30T23:15:00+00:00,56.5668,soccer.asian_handicap,period=ft,away,handicap=-2.5,1.42
2026-10-01T00:18:25.993230+02:00,36577752,Brazil Campeonato Paraibano (PB) Division 2,Brazil,Auto EC (PB),Picuiense PB,2026-09-30T23:15:00+00:00,56.5668,soccer.asian_handicap,period=ft,home,handicap=-2.25,2.2
2026-10-01T00:18:25.993230+02:00,36577752,Brazil Campeonato Paraibano (PB) Division 2,Brazil,Auto EC (PB),Picuiense PB,2026-09-30T23:15:00+00:00,56.5668,soccer.asian_handicap,period=ft,away,handicap=-2.25,1.52
2026-10-01T00:18:25.993230+02:00,36577752,Brazil Campeonato Paraibano (PB) Division 2,Brazil,Auto EC (PB),Picuiense PB,2026-09-30T23:15:00+00:00,56.5668,soccer.asian_handicap,period=ft,home,handicap=-2,1.99
2026-10-01T00:18:25.993230+02:00,36577752,Brazil Campeonato Paraibano (PB) Division 2,Brazil,Auto EC (PB),Picuiense PB,2026-09-30T23:15:00+00:00,56.5668,soccer.asian_handicap,period=ft,away,handicap=-2,1.69
2026-10-01T00:18:25.993230+02:00,36577752,Brazil Campeonato Paraibano (PB) Division 2,Brazil,Auto EC (PB),Picuiense PB,2026-09-30T23:15:00+00:00,56.5668,soccer.asian_handicap,period=ft,home,handicap=-1.5,1.59
2026-10-01T00:18:25.993230+02:00,36577752,Brazil Campeonato Paraibano (PB) Division 2,Brazil,Auto EC (PB),Picuiense PB,2026-09-30T23:15:00+00:00,56.5668,soccer.asian_handicap,period=ft,away,handicap=-1.5,2.15
2026-10-01T00:18:25.993230+02:00,36577752,Brazil Campeonato Paraibano (PB) Division 2,Brazil,Auto EC (PB),Picuiense PB,2026-09-30T23:15:00+00:00,56.5668,soccer.asian_handicap,period=ft,home,handicap=-1.25,1.42
2026-10-01T00:18:25.993230+02:00,36577752,Brazil Campeonato Paraibano (PB) Division 2,Brazil,Auto EC (PB),Picuiense PB,2026-09-30T23:15:00+00:00,56.5668,soccer.asian_handicap,period=ft,away,handicap=-1.25,2.45
2026-10-01T00:18:25.993230+02:00,36577752,Brazil Campeonato Paraibano (PB) Division 2,Brazil,Auto EC (PB),Picuiense PB,2026-09-30T23:15:00+00:00,56.5668,soccer.asian_handicap,period=ft,home,handicap=-1,1.27
2026-10-01T00:18:25.993230+02:00,36577752,Brazil Campeonato Paraibano (PB) Division 2,Brazil,Auto EC (PB),Picuiense PB,2026-09-30T23:15:00+00:00,56.5668,soccer.asian_handicap,period=ft,away,handicap=-1,3.1
2026-10-01T00:18:25.993230+02:00,36577752,Brazil Campeonato Paraibano (PB) Division 2,Brazil,Auto EC (PB),Picuiense PB,2026-09-30T23:15:00+00:00,56.5668,soccer.total_goals,period=ft,over,total=3,1.74
2026-10-01T00:18:25.993230+02:00,36577752,Brazil Campeonato Paraibano (PB) Division 2,Brazil,Auto EC (PB),Picuiense PB,2026-09-30T23:15:00+00:00,56.5668,soccer.total_goals,period=ft,under,total=3,1.95
2026-10-01T00:18:25.993230+02:00,36577752,Brazil Campeonato Paraibano (PB) Division 2,Brazil,Auto EC (PB),Picuiense PB,2026-09-30T23:15:00+00:00,56.5668,soccer.total_goals,period=ft,over,total=2.25,1.31
2026-10-01T00:18:25.993230+02:00,36577752,Brazil Campeonato Paraibano (PB) Division 2,Brazil,Auto EC (PB),Picuiense PB,2026-09-30T23:15:00+00:00,56.5668,soccer.total_goals,period=ft,under,total=2.25,2.9
2026-10-01T00:18:25.993230+02:00,36577752,Brazil Campeonato Paraibano (PB) Division 2,Brazil,Auto EC (PB),Picuiense PB,2026-09-30T23:15:00+00:00,56.5668,soccer.total_goals,period=ft,over,total=2.5,1.46
2026-10-01T00:18:25.993230+02:00,36577752,Brazil Campeonato Paraibano (PB) Division 2,Brazil,Auto EC (PB),Picuiense PB,2026-09-30T23:15:00+00:00,56.5668,soccer.total_goals,period=ft,under,total=2.5,2.35
2026-10-01T00:18:25.993230+02:00,36577752,Brazil Campeonato Paraibano (PB) Division 2,Brazil,Auto EC (PB),Picuiense PB,2026-09-30T23:15:00+00:00,56.5668,soccer.total_goals,period=ft,over,total=2.75,1.57
2026-10-01T00:18:25.993230+02:00,36577752,Brazil Campeonato Paraibano (PB) Division 2,Brazil,Auto EC (PB),Picuiense PB,2026-09-30T23:15:00+00:00,56.5668,soccer.total_goals,period=ft,under,total=2.75,2.17
2026-10-01T00:18:25.993230+02:00,36577752,Brazil Campeonato Paraibano (PB) Division 2,Brazil,Auto EC (PB),Picuiense PB,2026-09-30T23:15:00+00:00,56.5668,soccer.total_goals,period=ft,over,total=3.25,1.96
2026-10-01T00:18:25.993230+02:00,36577752,Brazil Campeonato Paraibano (PB) Division 2,Brazil,Auto EC (PB),Picuiense PB,2026-09-30T23:15:00+00:00,56.5668,soccer.total_goals,period=ft,under,total=3.25,1.71
2026-10-01T00:18:25.993230+02:00,36577752,Brazil Campeonato Paraibano (PB) Division 2,Brazil,Auto EC (PB),Picuiense PB,2026-09-30T23:15:00+00:00,56.5668,soccer.total_goals,period=ft,over,total=3.5,2.14
2026-10-01T00:18:25.993230+02:00,36577752,Brazil Campeonato Paraibano (PB) Division 2,Brazil,Auto EC (PB),Picuiense PB,2026-09-30T23:15:00+00:00,56.5668,soccer.total_goals,period=ft,under,total=3.5,1.56
2026-10-01T00:18:25.993230+02:00,36577752,Brazil Campeonato Paraibano (PB) Division 2,Brazil,Auto EC (PB),Picuiense PB,2026-09-30T23:15:00+00:00,56.5668,soccer.total_goals,period=ft,over,total=3.75,2.45
2026-10-01T00:18:25.993230+02:00,36577752,Brazil Campeonato Paraibano (PB) Division 2,Brazil,Auto EC (PB),Picuiense PB,2026-09-30T23:15:00+00:00,56.5668,soccer.total_goals,period=ft,under,total=3.75,1.43
2026-10-01T00:18:25.993230+02:00,36522149,Primera Division,Uruguay,Montevideo City Torque,CA Penarol Montevideo,2026-09-30T23:00:00+00:00,41.5668,soccer.asian_handicap,period=ft,home,handicap=0.25,2.03
2026-10-01T00:18:25.993230+02:00,36522149,Primera Division,Uruguay,Montevideo City Torque,CA Penarol Montevideo,2026-09-30T23:00:00+00:00,41.5668,soccer.asian_handicap,period=ft,away,handicap=0.25,1.8
2026-10-01T00:18:25.993230+02:00,36522149,Primera Division,Uruguay,Montevideo City Torque,CA Penarol Montevideo,2026-09-30T23:00:00+00:00,41.5668,soccer.asian_handicap,period=ft,home,handicap=-0.75,4.4
2026-10-01T00:18:25.993230+02:00,36522149,Primera Division,Uruguay,Montevideo City Torque,CA Penarol Montevideo,2026-09-30T23:00:00+00:00,41.5668,soccer.asian_handicap,period=ft,away,handicap=-0.75,1.2
2026-10-01T00:18:25.993230+02:00,36522149,Primera Division,Uruguay,Montevideo City Torque,CA Penarol Montevideo,2026-09-30T23:00:00+00:00,41.5668,soccer.asian_handicap,period=ft,home,handicap=-0.5,3.4
2026-10-01T00:18:25.993230+02:00,36522149,Primera Division,Uruguay,Montevideo City Torque,CA Penarol Montevideo,2026-09-30T23:00:00+00:00,41.5668,soccer.asian_handicap,period=ft,away,handicap=-0.5,1.31
2026-10-01T00:18:25.993230+02:00,36522149,Primera Division,Uruguay,Montevideo City Torque,CA Penarol Montevideo,2026-09-30T23:00:00+00:00,41.5668,soccer.asian_handicap,period=ft,home,handicap=-0.25,2.95
2026-10-01T00:18:25.993230+02:00,36522149,Primera Division,Uruguay,Montevideo City Torque,CA Penarol Montevideo,2026-09-30T23:00:00+00:00,41.5668,soccer.asian_handicap,period=ft,away,handicap=-0.25,1.39
2026-10-01T00:18:25.993230+02:00,36522149,Primera Division,Uruguay,Montevideo City Torque,CA Penarol Montevideo,2026-09-30T23:00:00+00:00,41.5668,soccer.asian_handicap,period=ft,home,handicap=0,2.5
2026-10-01T00:18:25.993230+02:00,36522149,Primera Division,Uruguay,Montevideo City Torque,CA Penarol Montevideo,2026-09-30T23:00:00+00:00,41.5668,soccer.asian_handicap,period=ft,away,handicap=0,1.52
2026-10-01T00:18:25.993230+02:00,36522149,Primera Division,Uruguay,Montevideo City Torque,CA Penarol Montevideo,2026-09-30T23:00:00+00:00,41.5668,soccer.asian_handicap,period=ft,home,handicap=0.5,1.76
2026-10-01T00:18:25.993230+02:00,36522149,Primera Division,Uruguay,Montevideo City Torque,CA Penarol Montevideo,2026-09-30T23:00:00+00:00,41.5668,soccer.asian_handicap,period=ft,away,handicap=0.5,2.07
2026-10-01T00:18:25.993230+02:00,36522149,Primera Division,Uruguay,Montevideo City Torque,CA Penarol Montevideo,2026-09-30T23:00:00+00:00,41.5668,soccer.asian_handicap,period=ft,home,handicap=0.75,1.55
2026-10-01T00:18:25.993230+02:00,36522149,Primera Division,Uruguay,Montevideo City Torque,CA Penarol Montevideo,2026-09-30T23:00:00+00:00,41.5668,soccer.asian_handicap,period=ft,away,handicap=0.75,2.45
2026-10-01T00:18:25.993230+02:00,36522149,Primera Division,Uruguay,Montevideo City Torque,CA Penarol Montevideo,2026-09-30T23:00:00+00:00,41.5668,soccer.asian_handicap,period=ft,home,handicap=1,1.34
2026-10-01T00:18:25.993230+02:00,36522149,Primera Division,Uruguay,Montevideo City Torque,CA Penarol Montevideo,2026-09-30T23:00:00+00:00,41.5668,soccer.asian_handicap,period=ft,away,handicap=1,3.15
2026-10-01T00:18:25.993230+02:00,36522149,Primera Division,Uruguay,Montevideo City Torque,CA Penarol Montevideo,2026-09-30T23:00:00+00:00,41.5668,soccer.asian_handicap,period=ft,home,handicap=1.25,1.27
2026-10-01T00:18:25.993230+02:00,36522149,Primera Division,Uruguay,Montevideo City Torque,CA Penarol Montevideo,2026-09-30T23:00:00+00:00,41.5668,soccer.asian_handicap,period=ft,away,handicap=1.25,3.65
2026-10-01T00:18:25.993230+02:00,36522149,Primera Division,Uruguay,Montevideo City Torque,CA Penarol Montevideo,2026-09-30T23:00:00+00:00,41.5668,soccer.double_chance,period=ft,draw_away,,1.32
2026-10-01T00:18:25.993230+02:00,36522149,Primera Division,Uruguay,Montevideo City Torque,CA Penarol Montevideo,2026-09-30T23:00:00+00:00,41.5668,soccer.double_chance,period=ft,home_away,,1.27
2026-10-01T00:18:25.993230+02:00,36522149,Primera Division,Uruguay,Montevideo City Torque,CA Penarol Montevideo,2026-09-30T23:00:00+00:00,41.5668,soccer.double_chance,period=ft,home_draw,,1.76
2026-10-01T00:18:25.993230+02:00,36522149,Primera Division,Uruguay,Montevideo City Torque,CA Penarol Montevideo,2026-09-30T23:00:00+00:00,41.5668,soccer.match_odds,period=ft,home,,3.4
2026-10-01T00:18:25.993230+02:00,36522149,Primera Division,Uruguay,Montevideo City Torque,CA Penarol Montevideo,2026-09-30T23:00:00+00:00,41.5668,soccer.match_odds,period=ft,draw,,3.5
2026-10-01T00:18:25.993230+02:00,36522149,Primera Division,Uruguay,Montevideo City Torque,CA Penarol Montevideo,2026-09-30T23:00:00+00:00,41.5668,soccer.match_odds,period=ft,away,,2.07
2026-10-01T00:18:25.993230+02:00,36522149,Primera Division,Uruguay,Montevideo City Torque,CA Penarol Montevideo,2026-09-30T23:00:00+00:00,41.5668,soccer.total_goals,period=ft,over,total=2.5,2.01
2026-10-01T00:18:25.993230+02:00,36522149,Primera Division,Uruguay,Montevideo City Torque,CA Penarol Montevideo,2026-09-30T23:00:00+00:00,41.5668,soccer.total_goals,period=ft,under,total=2.5,1.8
2026-10-01T00:18:25.993230+02:00,36522149,Primera Division,Uruguay,Montevideo City Torque,CA Penarol Montevideo,2026-09-30T23:00:00+00:00,41.5668,soccer.total_goals,period=ft,over,total=1.5,1.3
2026-10-01T00:18:25.993230+02:00,36522149,Primera Division,Uruguay,Montevideo City Torque,CA Penarol Montevideo,2026-09-30T23:00:00+00:00,41.5668,soccer.total_goals,period=ft,under,total=1.5,3.35
2026-10-01T00:18:25.993230+02:00,36522149,Primera Division,Uruguay,Montevideo City Torque,CA Penarol Montevideo,2026-09-30T23:00:00+00:00,41.5668,soccer.total_goals,period=ft,over,total=2,1.5
2026-10-01T00:18:25.993230+02:00,36522149,Primera Division,Uruguay,Montevideo City Torque,CA Penarol Montevideo,2026-09-30T23:00:00+00:00,41.5668,soccer.total_goals,period=ft,under,total=2,2.55
2026-10-01T00:18:25.993230+02:00,36522149,Primera Division,Uruguay,Montevideo City Torque,CA Penarol Montevideo,2026-09-30T23:00:00+00:00,41.5668,soccer.total_goals,period=ft,over,total=2.25,1.75
2026-10-01T00:18:25.993230+02:00,36522149,Primera Division,Uruguay,Montevideo City Torque,CA Penarol Montevideo,2026-09-30T23:00:00+00:00,41.5668,soccer.total_goals,period=ft,under,total=2.25,2.05
2026-10-01T00:18:25.993230+02:00,36522149,Primera Division,Uruguay,Montevideo City Torque,CA Penarol Montevideo,2026-09-30T23:00:00+00:00,41.5668,soccer.total_goals,period=ft,over,total=2.75,2.3
2026-10-01T00:18:25.993230+02:00,36522149,Primera Division,Uruguay,Montevideo City Torque,CA Penarol Montevideo,2026-09-30T23:00:00+00:00,41.5668,soccer.total_goals,period=ft,under,total=2.75,1.6
2026-10-01T00:18:25.993230+02:00,36522149,Primera Division,Uruguay,Montevideo City Torque,CA Penarol Montevideo,2026-09-30T23:00:00+00:00,41.5668,soccer.total_goals,period=ft,over,total=3,2.85
2026-10-01T00:18:25.993230+02:00,36522149,Primera Division,Uruguay,Montevideo City Torque,CA Penarol Montevideo,2026-09-30T23:00:00+00:00,41.5668,soccer.total_goals,period=ft,under,total=3,1.41
2026-10-01T00:18:25.993230+02:00,36522149,Primera Division,Uruguay,Montevideo City Torque,CA Penarol Montevideo,2026-09-30T23:00:00+00:00,41.5668,soccer.total_goals,period=ft,over,total=3.5,3.55
2026-10-01T00:18:25.993230+02:00,36522149,Primera Division,Uruguay,Montevideo City Torque,CA Penarol Montevideo,2026-09-30T23:00:00+00:00,41.5668,soccer.total_goals,period=ft,under,total=3.5,1.28
2026-10-01T00:18:25.993230+02:00,36522149,Primera Division,Uruguay,Montevideo City Torque,CA Penarol Montevideo,2026-09-30T23:00:00+00:00,41.5668,soccer.total_goals,period=ft,over,total=4.5,7.05
2026-10-01T00:18:25.993230+02:00,36522149,Primera Division,Uruguay,Montevideo City Torque,CA Penarol Montevideo,2026-09-30T23:00:00+00:00,41.5668,soccer.total_goals,period=ft,under,total=4.5,1.09
2026-10-01T00:20:37.189657+02:00,36577752,Brazil Campeonato Paraibano (PB) Division 2,Brazil,Auto EC (PB),Picuiense PB,2026-09-30T23:15:00+00:00,54.3802,soccer.asian_handicap,period=ft,home,handicap=-1.75,1.75
2026-10-01T00:20:37.189657+02:00,36577752,Brazil Campeonato Paraibano (PB) Division 2,Brazil,Auto EC (PB),Picuiense PB,2026-09-30T23:15:00+00:00,54.3802,soccer.asian_handicap,period=ft,away,handicap=-1.75,1.94
2026-10-01T00:20:37.189657+02:00,36577752,Brazil Campeonato Paraibano (PB) Division 2,Brazil,Auto EC (PB),Picuiense PB,2026-09-30T23:15:00+00:00,54.3802,soccer.asian_handicap,period=ft,home,handicap=-2.5,2.45
2026-10-01T00:20:37.189657+02:00,36577752,Brazil Campeonato Paraibano (PB) Division 2,Brazil,Auto EC (PB),Picuiense PB,2026-09-30T23:15:00+00:00,54.3802,soccer.asian_handicap,period=ft,away,handicap=-2.5,1.42
2026-10-01T00:20:37.189657+02:00,36577752,Brazil Campeonato Paraibano (PB) Division 2,Brazil,Auto EC (PB),Picuiense PB,2026-09-30T23:15:00+00:00,54.3802,soccer.asian_handicap,period=ft,home,handicap=-2.25,2.2
2026-10-01T00:20:37.189657+02:00,36577752,Brazil Campeonato Paraibano (PB) Division 2,Brazil,Auto EC (PB),Picuiense PB,2026-09-30T23:15:00+00:00,54.3802,soccer.asian_handicap,period=ft,away,handicap=-2.25,1.52
2026-10-01T00:20:37.189657+02:00,36577752,Brazil Campeonato Paraibano (PB) Division 2,Brazil,Auto EC (PB),Picuiense PB,2026-09-30T23:15:00+00:00,54.3802,soccer.asian_handicap,period=ft,home,handicap=-2,1.99
2026-10-01T00:20:37.189657+02:00,36577752,Brazil Campeonato Paraibano (PB) Division 2,Brazil,Auto EC (PB),Picuiense PB,2026-09-30T23:15:00+00:00,54.3802,soccer.asian_handicap,period=ft,away,handicap=-2,1.69
2026-10-01T00:20:37.189657+02:00,36577752,Brazil Campeonato Paraibano (PB) Division 2,Brazil,Auto EC (PB),Picuiense PB,2026-09-30T23:15:00+00:00,54.3802,soccer.asian_handicap,period=ft,home,handicap=-1.5,1.59
2026-10-01T00:20:37.189657+02:00,36577752,Brazil Campeonato Paraibano (PB) Division 2,Brazil,Auto EC (PB),Picuiense PB,2026-09-30T23:15:00+00:00,54.3802,soccer.asian_handicap,period=ft,away,handicap=-1.5,2.15
2026-10-01T00:20:37.189657+02:00,36577752,Brazil Campeonato Paraibano (PB) Division 2,Brazil,Auto EC (PB),Picuiense PB,2026-09-30T23:15:00+00:00,54.3802,soccer.asian_handicap,period=ft,home,handicap=-1.25,1.42
2026-10-01T00:20:37.189657+02:00,36577752,Brazil Campeonato Paraibano (PB) Division 2,Brazil,Auto EC (PB),Picuiense PB,2026-09-30T23:15:00+00:00,54.3802,soccer.asian_handicap,period=ft,away,handicap=-1.25,2.45
2026-10-01T00:20:37.189657+02:00,36577752,Brazil Campeonato Paraibano (PB) Division 2,Brazil,Auto EC (PB),Picuiense PB,2026-09-30T23:15:00+00:00,54.3802,soccer.asian_handicap,period=ft,home,handicap=-1,1.27
2026-10-01T00:20:37.189657+02:00,36577752,Brazil Campeonato Paraibano (PB) Division 2,Brazil,Auto EC (PB),Picuiense PB,2026-09-30T23:15:00+00:00,54.3802,soccer.asian_handicap,period=ft,away,handicap=-1,3.1
2026-10-01T00:20:37.189657+02:00,36577752,Brazil Campeonato Paraibano (PB) Division 2,Brazil,Auto EC (PB),Picuiense PB,2026-09-30T23:15:00+00:00,54.3802,soccer.total_goals,period=ft,over,total=3,1.74
2026-10-01T00:20:37.189657+02:00,36577752,Brazil Campeonato Paraibano (PB) Division 2,Brazil,Auto EC (PB),Picuiense PB,2026-09-30T23:15:00+00:00,54.3802,soccer.total_goals,period=ft,under,total=3,1.95
2026-10-01T00:20:37.189657+02:00,36577752,Brazil Campeonato Paraibano (PB) Division 2,Brazil,Auto EC (PB),Picuiense PB,2026-09-30T23:15:00+00:00,54.3802,soccer.total_goals,period=ft,over,total=2.25,1.31
2026-10-01T00:20:37.189657+02:00,36577752,Brazil Campeonato Paraibano (PB) Division 2,Brazil,Auto EC (PB),Picuiense PB,2026-09-30T23:15:00+00:00,54.3802,soccer.total_goals,period=ft,under,total=2.25,2.9
2026-10-01T00:20:37.189657+02:00,36577752,Brazil Campeonato Paraibano (PB) Division 2,Brazil,Auto EC (PB),Picuiense PB,2026-09-30T23:15:00+00:00,54.3802,soccer.total_goals,period=ft,over,total=2.5,1.46
2026-10-01T00:20:37.189657+02:00,36577752,Brazil Campeonato Paraibano (PB) Division 2,Brazil,Auto EC (PB),Picuiense PB,2026-09-30T23:15:00+00:00,54.3802,soccer.total_goals,period=ft,under,total=2.5,2.35
2026-10-01T00:20:37.189657+02:00,36577752,Brazil Campeonato Paraibano (PB) Division 2,Brazil,Auto EC (PB),Picuiense PB,2026-09-30T23:15:00+00:00,54.3802,soccer.total_goals,period=ft,over,total=2.75,1.57
2026-10-01T00:20:37.189657+02:00,36577752,Brazil Campeonato Paraibano (PB) Division 2,Brazil,Auto EC (PB),Picuiense PB,2026-09-30T23:15:00+00:00,54.3802,soccer.total_goals,period=ft,under,total=2.75,2.17
2026-10-01T00:20:37.189657+02:00,36577752,Brazil Campeonato Paraibano (PB) Division 2,Brazil,Auto EC (PB),Picuiense PB,2026-09-30T23:15:00+00:00,54.3802,soccer.total_goals,period=ft,over,total=3.25,1.96
2026-10-01T00:20:37.189657+02:00,36577752,Brazil Campeonato Paraibano (PB) Division 2,Brazil,Auto EC (PB),Picuiense PB,2026-09-30T23:15:00+00:00,54.3802,soccer.total_goals,period=ft,under,total=3.25,1.71
2026-10-01T00:20:37.189657+02:00,36577752,Brazil Campeonato Paraibano (PB) Division 2,Brazil,Auto EC (PB),Picuiense PB,2026-09-30T23:15:00+00:00,54.3802,soccer.total_goals,period=ft,over,total=3.5,2.14
2026-10-01T00:20:37.189657+02:00,36577752,Brazil Campeonato Paraibano (PB) Division 2,Brazil,Auto EC (PB),Picuiense PB,2026-09-30T23:15:00+00:00,54.3802,soccer.total_goals,period=ft,under,total=3.5,1.56
2026-10-01T00:20:37.189657+02:00,36577752,Brazil Campeonato Paraibano (PB) Division 2,Brazil,Auto EC (PB),Picuiense PB,2026-09-30T23:15:00+00:00,54.3802,soccer.total_goals,period=ft,over,total=3.75,2.45
2026-10-01T00:20:37.189657+02:00,36577752,Brazil Campeonato Paraibano (PB) Division 2,Brazil,Auto EC (PB),Picuiense PB,2026-09-30T23:15:00+00:00,54.3802,soccer.total_goals,period=ft,under,total=3.75,1.43
2026-10-01T00:20:37.189657+02:00,36577342,"Gaucho, Serie B",Brazil,SER Cruz Alta (RS),Rio Grande (RS),2026-09-30T22:30:00+00:00,9.3802,soccer.asian_handicap,period=ft,home,handicap=-1,1.89
2026-10-01T00:20:37.189657+02:00,36577342,"Gaucho, Serie B",Brazil,SER Cruz Alta (RS),Rio Grande (RS),2026-09-30T22:30:00+00:00,9.3802,soccer.asian_handicap,period=ft,away,handicap=-1,1.72
2026-10-01T00:20:37.189657+02:00,36577342,"Gaucho, Serie B",Brazil,SER Cruz Alta (RS),Rio Grande (RS),2026-09-30T22:30:00+00:00,9.3802,soccer.asian_handicap,period=ft,home,handicap=-1.5,2.4
2026-10-01T00:20:37.189657+02:00,36577342,"Gaucho, Serie B",Brazil,SER Cruz Alta (RS),Rio Grande (RS),2026-09-30T22:30:00+00:00,9.3802,soccer.asian_handicap,period=ft,away,handicap=-1.5,1.44
2026-10-01T00:20:37.189657+02:00,36577342,"Gaucho, Serie B",Brazil,SER Cruz Alta (RS),Rio Grande (RS),2026-09-30T22:30:00+00:00,9.3802,soccer.asian_handicap,period=ft,home,handicap=-1.25,2.16
2026-10-01T00:20:37.189657+02:00,36577342,"Gaucho, Serie B",Brazil,SER Cruz Alta (RS),Rio Grande (RS),2026-09-30T22:30:00+00:00,9.3802,soccer.asian_handicap,period=ft,away,handicap=-1.25,1.55
2026-10-01T00:20:37.189657+02:00,36577342,"Gaucho, Serie B",Brazil,SER Cruz Alta (RS),Rio Grande (RS),2026-09-30T22:30:00+00:00,9.3802,soccer.asian_handicap,period=ft,home,handicap=-0.75,1.66
2026-10-01T00:20:37.189657+02:00,36577342,"Gaucho, Serie B",Brazil,SER Cruz Alta (RS),Rio Grande (RS),2026-09-30T22:30:00+00:00,9.3802,soccer.asian_handicap,period=ft,away,handicap=-0.75,1.97
2026-10-01T00:20:37.189657+02:00,36577342,"Gaucho, Serie B",Brazil,SER Cruz Alta (RS),Rio Grande (RS),2026-09-30T22:30:00+00:00,9.3802,soccer.asian_handicap,period=ft,home,handicap=-0.5,1.52
2026-10-01T00:20:37.189657+02:00,36577342,"Gaucho, Serie B",Brazil,SER Cruz Alta (RS),Rio Grande (RS),2026-09-30T22:30:00+00:00,9.3802,soccer.asian_handicap,period=ft,away,handicap=-0.5,2.2
2026-10-01T00:20:37.189657+02:00,36577342,"Gaucho, Serie B",Brazil,SER Cruz Alta (RS),Rio Grande (RS),2026-09-30T22:30:00+00:00,9.3802,soccer.double_chance,period=ft,draw_away,,2.08
2026-10-01T00:20:37.189657+02:00,36577342,"Gaucho, Serie B",Brazil,SER Cruz Alta (RS),Rio Grande (RS),2026-09-30T22:30:00+00:00,9.3802,soccer.double_chance,period=ft,home_away,,1.21
2026-10-01T00:20:37.189657+02:00,36577342,"Gaucho, Serie B",Brazil,SER Cruz Alta (RS),Rio Grande (RS),2026-09-30T22:30:00+00:00,9.3802,soccer.double_chance,period=ft,home_draw,,1.15
2026-10-01T00:20:37.189657+02:00,36577342,"Gaucho, Serie B",Brazil,SER Cruz Alta (RS),Rio Grande (RS),2026-09-30T22:30:00+00:00,9.3802,soccer.match_odds,period=ft,home,,1.52
2026-10-01T00:20:37.189657+02:00,36577342,"Gaucho, Serie B",Brazil,SER Cruz Alta (RS),Rio Grande (RS),2026-09-30T22:30:00+00:00,9.3802,soccer.match_odds,period=ft,draw,,3.75
2026-10-01T00:20:37.189657+02:00,36577342,"Gaucho, Serie B",Brazil,SER Cruz Alta (RS),Rio Grande (RS),2026-09-30T22:30:00+00:00,9.3802,soccer.match_odds,period=ft,away,,4.8
2026-10-01T00:20:37.189657+02:00,36577342,"Gaucho, Serie B",Brazil,SER Cruz Alta (RS),Rio Grande (RS),2026-09-30T22:30:00+00:00,9.3802,soccer.total_goals,period=ft,over,total=2.5,1.72
2026-10-01T00:20:37.189657+02:00,36577342,"Gaucho, Serie B",Brazil,SER Cruz Alta (RS),Rio Grande (RS),2026-09-30T22:30:00+00:00,9.3802,soccer.total_goals,period=ft,under,total=2.5,1.89
2026-10-01T00:20:37.189657+02:00,36522149,Primera Division,Uruguay,Montevideo City Torque,CA Penarol Montevideo,2026-09-30T23:00:00+00:00,39.3802,soccer.asian_handicap,period=ft,home,handicap=0.25,2.03
2026-10-01T00:20:37.189657+02:00,36522149,Primera Division,Uruguay,Montevideo City Torque,CA Penarol Montevideo,2026-09-30T23:00:00+00:00,39.3802,soccer.asian_handicap,period=ft,away,handicap=0.25,1.8
2026-10-01T00:20:37.189657+02:00,36522149,Primera Division,Uruguay,Montevideo City Torque,CA Penarol Montevideo,2026-09-30T23:00:00+00:00,39.3802,soccer.asian_handicap,period=ft,home,handicap=-0.75,4.4
2026-10-01T00:20:37.189657+02:00,36522149,Primera Division,Uruguay,Montevideo City Torque,CA Penarol Montevideo,2026-09-30T23:00:00+00:00,39.3802,soccer.asian_handicap,period=ft,away,handicap=-0.75,1.2
2026-10-01T00:20:37.189657+02:00,36522149,Primera Division,Uruguay,Montevideo City Torque,CA Penarol Montevideo,2026-09-30T23:00:00+00:00,39.3802,soccer.asian_handicap,period=ft,home,handicap=-0.5,3.4
2026-10-01T00:20:37.189657+02:00,36522149,Primera Division,Uruguay,Montevideo City Torque,CA Penarol Montevideo,2026-09-30T23:00:00+00:00,39.3802,soccer.asian_handicap,period=ft,away,handicap=-0.5,1.31
2026-10-01T00:20:37.189657+02:00,36522149,Primera Division,Uruguay,Montevideo City Torque,CA Penarol Montevideo,2026-09-30T23:00:00+00:00,39.3802,soccer.asian_handicap,period=ft,home,handicap=-0.25,2.95
2026-10-01T00:20:37.189657+02:00,36522149,Primera Division,Uruguay,Montevideo City Torque,CA Penarol Montevideo,2026-09-30T23:00:00+00:00,39.3802,soccer.asian_handicap,period=ft,away,handicap=-0.25,1.39
2026-10-01T00:20:37.189657+02:00,36522149,Primera Division,Uruguay,Montevideo City Torque,CA Penarol Montevideo,2026-09-30T23:00:00+00:00,39.3802,soccer.asian_handicap,period=ft,home,handicap=0,2.5
2026-10-01T00:20:37.189657+02:00,36522149,Primera Division,Uruguay,Montevideo City Torque,CA Penarol Montevideo,2026-09-30T23:00:00+00:00,39.3802,soccer.asian_handicap,period=ft,away,handicap=0,1.52
2026-10-01T00:20:37.189657+02:00,36522149,Primera Division,Uruguay,Montevideo City Torque,CA Penarol Montevideo,2026-09-30T23:00:00+00:00,39.3802,soccer.asian_handicap,period=ft,home,handicap=0.5,1.76
2026-10-01T00:20:37.189657+02:00,36522149,Primera Division,Uruguay,Montevideo City Torque,CA Penarol Montevideo,2026-09-30T23:00:00+00:00,39.3802,soccer.asian_handicap,period=ft,away,handicap=0.5,2.07
2026-10-01T00:20:37.189657+02:00,36522149,Primera Division,Uruguay,Montevideo City Torque,CA Penarol Montevideo,2026-09-30T23:00:00+00:00,39.3802,soccer.asian_handicap,period=ft,home,handicap=0.75,1.55
2026-10-01T00:20:37.189657+02:00,36522149,Primera Division,Uruguay,Montevideo City Torque,CA Penarol Montevideo,2026-09-30T23:00:00+00:00,39.3802,soccer.asian_handicap,period=ft,away,handicap=0.75,2.45
2026-10-01T00:20:37.189657+02:00,36522149,Primera Division,Uruguay,Montevideo City Torque,CA Penarol Montevideo,2026-09-30T23:00:00+00:00,39.3802,soccer.asian_handicap,period=ft,home,handicap=1,1.34
2026-10-01T00:20:37.189657+02:00,36522149,Primera Division,Uruguay,Montevideo City Torque,CA Penarol Montevideo,2026-09-30T23:00:00+00:00,39.3802,soccer.asian_handicap,period=ft,away,handicap=1,3.15
2026-10-01T00:20:37.189657+02:00,36522149,Primera Division,Uruguay,Montevideo City Torque,CA Penarol Montevideo,2026-09-30T23:00:00+00:00,39.3802,soccer.asian_handicap,period=ft,home,handicap=1.25,1.27
2026-10-01T00:20:37.189657+02:00,36522149,Primera Division,Uruguay,Montevideo City Torque,CA Penarol Montevideo,2026-09-30T23:00:00+00:00,39.3802,soccer.asian_handicap,period=ft,away,handicap=1.25,3.65
2026-10-01T00:20:37.189657+02:00,36522149,Primera Division,Uruguay,Montevideo City Torque,CA Penarol Montevideo,2026-09-30T23:00:00+00:00,39.3802,soccer.double_chance,period=ft,draw_away,,1.32
2026-10-01T00:20:37.189657+02:00,36522149,Primera Division,Uruguay,Montevideo City Torque,CA Penarol Montevideo,2026-09-30T23:00:00+00:00,39.3802,soccer.double_chance,period=ft,home_away,,1.27
2026-10-01T00:20:37.189657+02:00,36522149,Primera Division,Uruguay,Montevideo City Torque,CA Penarol Montevideo,2026-09-30T23:00:00+00:00,39.3802,soccer.double_chance,period=ft,home_draw,,1.76
2026-10-01T00:20:37.189657+02:00,36522149,Primera Division,Uruguay,Montevideo City Torque,CA Penarol Montevideo,2026-09-30T23:00:00+00:00,39.3802,soccer.match_odds,period=ft,home,,3.4
2026-10-01T00:20:37.189657+02:00,36522149,Primera Division,Uruguay,Montevideo City Torque,CA Penarol Montevideo,2026-09-30T23:00:00+00:00,39.3802,soccer.match_odds,period=ft,draw,,3.5
2026-10-01T00:20:37.189657+02:00,36522149,Primera Division,Uruguay,Montevideo City Torque,CA Penarol Montevideo,2026-09-30T23:00:00+00:00,39.3802,soccer.match_odds,period=ft,away,,2.07
2026-10-01T00:20:37.189657+02:00,36522149,Primera Division,Uruguay,Montevideo City Torque,CA Penarol Montevideo,2026-09-30T23:00:00+00:00,39.3802,soccer.total_goals,period=ft,over,total=2.5,2.01
2026-10-01T00:20:37.189657+02:00,36522149,Primera Division,Uruguay,Montevideo City Torque,CA Penarol Montevideo,2026-09-30T23:00:00+00:00,39.3802,soccer.total_goals,period=ft,under,total=2.5,1.8
2026-10-01T00:20:37.189657+02:00,36522149,Primera Division,Uruguay,Montevideo City Torque,CA Penarol Montevideo,2026-09-30T23:00:00+00:00,39.3802,soccer.total_goals,period=ft,over,total=1.5,1.3
2026-10-01T00:20:37.189657+02:00,36522149,Primera Division,Uruguay,Montevideo City Torque,CA Penarol Montevideo,2026-09-30T23:00:00+00:00,39.3802,soccer.total_goals,period=ft,under,total=1.5,3.35
2026-10-01T00:20:37.189657+02:00,36522149,Primera Division,Uruguay,Montevideo City Torque,CA Penarol Montevideo,2026-09-30T23:00:00+00:00,39.3802,soccer.total_goals,period=ft,over,total=2,1.5
2026-10-01T00:20:37.189657+02:00,36522149,Primera Division,Uruguay,Montevideo City Torque,CA Penarol Montevideo,2026-09-30T23:00:00+00:00,39.3802,soccer.total_goals,period=ft,under,total=2,2.55
2026-10-01T00:20:37.189657+02:00,36522149,Primera Division,Uruguay,Montevideo City Torque,CA Penarol Montevideo,2026-09-30T23:00:00+00:00,39.3802,soccer.total_goals,period=ft,over,total=2.25,1.75
2026-10-01T00:20:37.189657+02:00,36522149,Primera Division,Uruguay,Montevideo City Torque,CA Penarol Montevideo,2026-09-30T23:00:00+00:00,39.3802,soccer.total_goals,period=ft,under,total=2.25,2.05
2026-10-01T00:20:37.189657+02:00,36522149,Primera Division,Uruguay,Montevideo City Torque,CA Penarol Montevideo,2026-09-30T23:00:00+00:00,39.3802,soccer.total_goals,period=ft,over,total=2.75,2.3
2026-10-01T00:20:37.189657+02:00,36522149,Primera Division,Uruguay,Montevideo City Torque,CA Penarol Montevideo,2026-09-30T23:00:00+00:00,39.3802,soccer.total_goals,period=ft,under,total=2.75,1.6
2026-10-01T00:20:37.189657+02:00,36522149,Primera Division,Uruguay,Montevideo City Torque,CA Penarol Montevideo,2026-09-30T23:00:00+00:00,39.3802,soccer.total_goals,period=ft,over,total=3,2.85
2026-10-01T00:20:37.189657+02:00,36522149,Primera Division,Uruguay,Montevideo City Torque,CA Penarol Montevideo,2026-09-30T23:00:00+00:00,39.3802,soccer.total_goals,period=ft,under,total=3,1.41
2026-10-01T00:20:37.189657+02:00,36522149,Primera Division,Uruguay,Montevideo City Torque,CA Penarol Montevideo,2026-09-30T23:00:00+00:00,39.3802,soccer.total_goals,period=ft,over,total=3.5,3.55
2026-10-01T00:20:37.189657+02:00,36522149,Primera Division,Uruguay,Montevideo City Torque,CA Penarol Montevideo,2026-09-30T23:00:00+00:00,39.3802,soccer.total_goals,period=ft,under,total=3.5,1.28
2026-10-01T00:20:37.189657+02:00,36522149,Primera Division,Uruguay,Montevideo City Torque,CA Penarol Montevideo,2026-09-30T23:00:00+00:00,39.3802,soccer.total_goals,period=ft,over,total=4.5,7.05
2026-10-01T00:20:37.189657+02:00,36522149,Primera Division,Uruguay,Montevideo City Torque,CA Penarol Montevideo,2026-09-30T23:00:00+00:00,39.3802,soccer.total_goals,period=ft,under,total=4.5,1.09
2026-10-01T00:20:37.189657+02:00,36573249,Copa Division Profesional,Bolivia,CD Real Tomayapo,CA Nacional Potosi,2026-09-30T22:30:00+00:00,9.3802,soccer.asian_handicap,period=ft,home,handicap=0,1.91
2026-10-01T00:20:37.189657+02:00,36573249,Copa Division Profesional,Bolivia,CD Real Tomayapo,CA Nacional Potosi,2026-09-30T22:30:00+00:00,9.3802,soccer.asian_handicap,period=ft,away,handicap=0,1.79
2026-10-01T00:20:37.189657+02:00,36573249,Copa Division Profesional,Bolivia,CD Real Tomayapo,CA Nacional Potosi,2026-09-30T22:30:00+00:00,9.3802,soccer.asian_handicap,period=ft,home,handicap=-0.75,2.95
2026-10-01T00:20:37.189657+02:00,36573249,Copa Division Profesional,Bolivia,CD Real Tomayapo,CA Nacional Potosi,2026-09-30T22:30:00+00:00,9.3802,soccer.asian_handicap,period=ft,away,handicap=-0.75,1.3
2026-10-01T00:20:37.189657+02:00,36573249,Copa Division Profesional,Bolivia,CD Real Tomayapo,CA Nacional Potosi,2026-09-30T22:30:00+00:00,9.3802,soccer.asian_handicap,period=ft,home,handicap=-0.5,2.45
2026-10-01T00:20:37.189657+02:00,36573249,Copa Division Profesional,Bolivia,CD Real Tomayapo,CA Nacional Potosi,2026-09-30T22:30:00+00:00,9.3802,soccer.asian_handicap,period=ft,away,handicap=-0.5,1.43
2026-10-01T00:20:37.189657+02:00,36573249,Copa Division Profesional,Bolivia,CD Real Tomayapo,CA Nacional Potosi,2026-09-30T22:30:00+00:00,9.3802,soccer.asian_handicap,period=ft,home,handicap=-0.25,2.2
2026-10-01T00:20:37.189657+02:00,36573249,Copa Division Profesional,Bolivia,CD Real Tomayapo,CA Nacional Potosi,2026-09-30T22:30:00+00:00,9.3802,soccer.asian_handicap,period=ft,away,handicap=-0.25,1.56
2026-10-01T00:20:37.189657+02:00,36573249,Copa Division Profesional,Bolivia,CD Real Tomayapo,CA Nacional Potosi,2026-09-30T22:30:00+00:00,9.3802,soccer.asian_handicap,period=ft,home,handicap=0.25,1.64
2026-10-01T00:20:37.189657+02:00,36573249,Copa Division Profesional,Bolivia,CD Real Tomayapo,CA Nacional Potosi,2026-09-30T22:30:00+00:00,9.3802,soccer.asian_handicap,period=ft,away,handicap=0.25,2.07
2026-10-01T00:20:37.189657+02:00,36573249,Copa Division Profesional,Bolivia,CD Real Tomayapo,CA Nacional Potosi,2026-09-30T22:30:00+00:00,9.3802,soccer.asian_handicap,period=ft,home,handicap=0.5,1.48
2026-10-01T00:20:37.189657+02:00,36573249,Copa Division Profesional,Bolivia,CD Real Tomayapo,CA Nacional Potosi,2026-09-30T22:30:00+00:00,9.3802,soccer.asian_handicap,period=ft,away,handicap=0.5,2.3
2026-10-01T00:20:37.189657+02:00,36573249,Copa Division Profesional,Bolivia,CD Real Tomayapo,CA Nacional Potosi,2026-09-30T22:30:00+00:00,9.3802,soccer.asian_handicap,period=ft,home,handicap=0.75,1.34
2026-10-01T00:20:37.189657+02:00,36573249,Copa Division Profesional,Bolivia,CD Real Tomayapo,CA Nacional Potosi,2026-09-30T22:30:00+00:00,9.3802,soccer.asian_handicap,period=ft,away,handicap=0.75,2.8
2026-10-01T00:20:37.189657+02:00,36573249,Copa Division Profesional,Bolivia,CD Real Tomayapo,CA Nacional Potosi,2026-09-30T22:30:00+00:00,9.3802,soccer.match_odds,period=ft,home,,2.5
2026-10-01T00:20:37.189657+02:00,36573249,Copa Division Profesional,Bolivia,CD Real Tomayapo,CA Nacional Potosi,2026-09-30T22:30:00+00:00,9.3802,soccer.match_odds,period=ft,draw,,3.2
2026-10-01T00:20:37.189657+02:00,36573249,Copa Division Profesional,Bolivia,CD Real Tomayapo,CA Nacional Potosi,2026-09-30T22:30:00+00:00,9.3802,soccer.match_odds,period=ft,away,,2.35
2026-10-01T00:20:37.189657+02:00,36573249,Copa Division Profesional,Bolivia,CD Real Tomayapo,CA Nacional Potosi,2026-09-30T22:30:00+00:00,9.3802,soccer.total_goals,period=ft,over,total=2.75,1.89
2026-10-01T00:20:37.189657+02:00,36573249,Copa Division Profesional,Bolivia,CD Real Tomayapo,CA Nacional Potosi,2026-09-30T22:30:00+00:00,9.3802,soccer.total_goals,period=ft,under,total=2.75,1.81
2026-10-01T00:20:37.189657+02:00,36573249,Copa Division Profesional,Bolivia,CD Real Tomayapo,CA Nacional Potosi,2026-09-30T22:30:00+00:00,9.3802,soccer.total_goals,period=ft,over,total=2,1.3
2026-10-01T00:20:37.189657+02:00,36573249,Copa Division Profesional,Bolivia,CD Real Tomayapo,CA Nacional Potosi,2026-09-30T22:30:00+00:00,9.3802,soccer.total_goals,period=ft,under,total=2,3.0
2026-10-01T00:20:37.189657+02:00,36573249,Copa Division Profesional,Bolivia,CD Real Tomayapo,CA Nacional Potosi,2026-09-30T22:30:00+00:00,9.3802,soccer.total_goals,period=ft,over,total=2.25,1.49
2026-10-01T00:20:37.189657+02:00,36573249,Copa Division Profesional,Bolivia,CD Real Tomayapo,CA Nacional Potosi,2026-09-30T22:30:00+00:00,9.3802,soccer.total_goals,period=ft,under,total=2.25,2.3
2026-10-01T00:20:37.189657+02:00,36573249,Copa Division Profesional,Bolivia,CD Real Tomayapo,CA Nacional Potosi,2026-09-30T22:30:00+00:00,9.3802,soccer.total_goals,period=ft,over,total=2.5,1.69
2026-10-01T00:20:37.189657+02:00,36573249,Copa Division Profesional,Bolivia,CD Real Tomayapo,CA Nacional Potosi,2026-09-30T22:30:00+00:00,9.3802,soccer.total_goals,period=ft,under,total=2.5,2.0
2026-10-01T00:20:37.189657+02:00,36573249,Copa Division Profesional,Bolivia,CD Real Tomayapo,CA Nacional Potosi,2026-09-30T22:30:00+00:00,9.3802,soccer.total_goals,period=ft,over,total=3,2.15
2026-10-01T00:20:37.189657+02:00,36573249,Copa Division Profesional,Bolivia,CD Real Tomayapo,CA Nacional Potosi,2026-09-30T22:30:00+00:00,9.3802,soccer.total_goals,period=ft,under,total=3,1.59
2026-10-01T00:20:37.189657+02:00,36573249,Copa Division Profesional,Bolivia,CD Real Tomayapo,CA Nacional Potosi,2026-09-30T22:30:00+00:00,9.3802,soccer.total_goals,period=ft,over,total=3.25,2.35
2026-10-01T00:20:37.189657+02:00,36573249,Copa Division Profesional,Bolivia,CD Real Tomayapo,CA Nacional Potosi,2026-09-30T22:30:00+00:00,9.3802,soccer.total_goals,period=ft,under,total=3.25,1.46
2026-10-01T00:20:37.189657+02:00,36573249,Copa Division Profesional,Bolivia,CD Real Tomayapo,CA Nacional Potosi,2026-09-30T22:30:00+00:00,9.3802,soccer.total_goals,period=ft,over,total=3.5,2.65
2026-10-01T00:20:37.189657+02:00,36573249,Copa Division Profesional,Bolivia,CD Real Tomayapo,CA Nacional Potosi,2026-09-30T22:30:00+00:00,9.3802,soccer.total_goals,period=ft,under,total=3.5,1.38
2026-10-01T00:20:37.189657+02:00,36577730,Segunda Division,Venezuela,CD Lara,REAL FRONTERA FC,2026-09-30T23:00:00+00:00,39.3802,soccer.asian_handicap,period=ft,home,handicap=-2.25,1.82
2026-10-01T00:20:37.189657+02:00,36577730,Segunda Division,Venezuela,CD Lara,REAL FRONTERA FC,2026-09-30T23:00:00+00:00,39.3802,soccer.asian_handicap,period=ft,away,handicap=-2.25,1.86
2026-10-01T00:20:37.189657+02:00,36577730,Segunda Division,Venezuela,CD Lara,REAL FRONTERA FC,2026-09-30T23:00:00+00:00,39.3802,soccer.asian_handicap,period=ft,home,handicap=-3,2.8
2026-10-01T00:20:37.189657+02:00,36577730,Segunda Division,Venezuela,CD Lara,REAL FRONTERA FC,2026-09-30T23:00:00+00:00,39.3802,soccer.asian_handicap,period=ft,away,handicap=-3,1.34
2026-10-01T00:20:37.189657+02:00,36577730,Segunda Division,Venezuela,CD Lara,REAL FRONTERA FC,2026-09-30T23:00:00+00:00,39.3802,soccer.asian_handicap,period=ft,home,handicap=-2.75,2.25
2026-10-01T00:20:37.189657+02:00,36577730,Segunda Division,Venezuela,CD Lara,REAL FRONTERA FC,2026-09-30T23:00:00+00:00,39.3802,soccer.asian_handicap,period=ft,away,handicap=-2.75,1.5
2026-10-01T00:20:37.189657+02:00,36577730,Segunda Division,Venezuela,CD Lara,REAL FRONTERA FC,2026-09-30T23:00:00+00:00,39.3802,soccer.asian_handicap,period=ft,home,handicap=-2.5,2.02
2026-10-01T00:20:37.189657+02:00,36577730,Segunda Division,Venezuela,CD Lara,REAL FRONTERA FC,2026-09-30T23:00:00+00:00,39.3802,soccer.asian_handicap,period=ft,away,handicap=-2.5,1.66
2026-10-01T00:20:37.189657+02:00,36577730,Segunda Division,Venezuela,CD Lara,REAL FRONTERA FC,2026-09-30T23:00:00+00:00,39.3802,soccer.asian_handicap,period=ft,home,handicap=-2,1.57
2026-10-01T00:20:37.189657+02:00,36577730,Segunda Division,Venezuela,CD Lara,REAL FRONTERA FC,2026-09-30T23:00:00+00:00,39.3802,soccer.asian_handicap,period=ft,away,handicap=-2,2.17
2026-10-01T00:20:37.189657+02:00,36577730,Segunda Division,Venezuela,CD Lara,REAL FRONTERA FC,2026-09-30T23:00:00+00:00,39.3802,soccer.asian_handicap,period=ft,home,handicap=-1.75,1.44
2026-10-01T00:20:37.189657+02:00,36577730,Segunda Division,Venezuela,CD Lara,REAL FRONTERA FC,2026-09-30T23:00:00+00:00,39.3802,soccer.asian_handicap,period=ft,away,handicap=-1.75,2.4
2026-10-01T00:20:37.189657+02:00,36577730,Segunda Division,Venezuela,CD Lara,REAL FRONTERA FC,2026-09-30T23:00:00+00:00,39.3802,soccer.asian_handicap,period=ft,home,handicap=-1.5,1.35
2026-10-01T00:20:37.189657+02:00,36577730,Segunda Division,Venezuela,CD Lara,REAL FRONTERA FC,2026-09-30T23:00:00+00:00,39.3802,soccer.asian_handicap,period=ft,away,handicap=-1.5,2.7
2026-10-01T00:20:37.189657+02:00,36577730,Segunda Division,Venezuela,CD Lara,REAL FRONTERA FC,2026-09-30T23:00:00+00:00,39.3802,soccer.double_chance,period=ft,draw_away,,5.0
2026-10-01T00:20:37.189657+02:00,36577730,Segunda Division,Venezuela,CD Lara,REAL FRONTERA FC,2026-09-30T23:00:00+00:00,39.3802,soccer.double_chance,period=ft,home_away,,1.07
2026-10-01T00:20:37.189657+02:00,36577730,Segunda Division,Venezuela,CD Lara,REAL FRONTERA FC,2026-09-30T23:00:00+00:00,39.3802,soccer.double_chance,period=ft,home_draw,,1.04
2026-10-01T00:20:37.189657+02:00,36577730,Segunda Division,Venezuela,CD Lara,REAL FRONTERA FC,2026-09-30T23:00:00+00:00,39.3802,soccer.match_odds,period=ft,home,,1.11
2026-10-01T00:20:37.189657+02:00,36577730,Segunda Division,Venezuela,CD Lara,REAL FRONTERA FC,2026-09-30T23:00:00+00:00,39.3802,soccer.match_odds,period=ft,draw,,8.2
2026-10-01T00:20:37.189657+02:00,36577730,Segunda Division,Venezuela,CD Lara,REAL FRONTERA FC,2026-09-30T23:00:00+00:00,39.3802,soccer.match_odds,period=ft,away,,12.0
2026-10-01T00:20:37.189657+02:00,36577730,Segunda Division,Venezuela,CD Lara,REAL FRONTERA FC,2026-09-30T23:00:00+00:00,39.3802,soccer.total_goals,period=ft,over,total=3.25,1.78
2026-10-01T00:20:37.189657+02:00,36577730,Segunda Division,Venezuela,CD Lara,REAL FRONTERA FC,2026-09-30T23:00:00+00:00,39.3802,soccer.total_goals,period=ft,under,total=3.25,1.9
2026-10-01T00:20:37.189657+02:00,36577730,Segunda Division,Venezuela,CD Lara,REAL FRONTERA FC,2026-09-30T23:00:00+00:00,39.3802,soccer.total_goals,period=ft,over,total=2.5,1.33
2026-10-01T00:20:37.189657+02:00,36577730,Segunda Division,Venezuela,CD Lara,REAL FRONTERA FC,2026-09-30T23:00:00+00:00,39.3802,soccer.total_goals,period=ft,under,total=2.5,2.8
2026-10-01T00:20:37.189657+02:00,36577730,Segunda Division,Venezuela,CD Lara,REAL FRONTERA FC,2026-09-30T23:00:00+00:00,39.3802,soccer.total_goals,period=ft,over,total=2.75,1.41
2026-10-01T00:20:37.189657+02:00,36577730,Segunda Division,Venezuela,CD Lara,REAL FRONTERA FC,2026-09-30T23:00:00+00:00,39.3802,soccer.total_goals,period=ft,under,total=2.75,2.5
2026-10-01T00:20:37.189657+02:00,36577730,Segunda Division,Venezuela,CD Lara,REAL FRONTERA FC,2026-09-30T23:00:00+00:00,39.3802,soccer.total_goals,period=ft,over,total=3,1.54
2026-10-01T00:20:37.189657+02:00,36577730,Segunda Division,Venezuela,CD Lara,REAL FRONTERA FC,2026-09-30T23:00:00+00:00,39.3802,soccer.total_goals,period=ft,under,total=3,2.2
2026-10-01T00:20:37.189657+02:00,36577730,Segunda Division,Venezuela,CD Lara,REAL FRONTERA FC,2026-09-30T23:00:00+00:00,39.3802,soccer.total_goals,period=ft,over,total=3.5,1.99
2026-10-01T00:20:37.189657+02:00,36577730,Segunda Division,Venezuela,CD Lara,REAL FRONTERA FC,2026-09-30T23:00:00+00:00,39.3802,soccer.total_goals,period=ft,under,total=3.5,1.69
2026-10-01T00:20:37.189657+02:00,36577730,Segunda Division,Venezuela,CD Lara,REAL FRONTERA FC,2026-09-30T23:00:00+00:00,39.3802,soccer.total_goals,period=ft,over,total=3.75,2.25
2026-10-01T00:20:37.189657+02:00,36577730,Segunda Division,Venezuela,CD Lara,REAL FRONTERA FC,2026-09-30T23:00:00+00:00,39.3802,soccer.total_goals,period=ft,under,total=3.75,1.51
2026-10-01T00:20:37.189657+02:00,36577730,Segunda Division,Venezuela,CD Lara,REAL FRONTERA FC,2026-09-30T23:00:00+00:00,39.3802,soccer.total_goals,period=ft,over,total=4,2.7
2026-10-01T00:20:37.189657+02:00,36577730,Segunda Division,Venezuela,CD Lara,REAL FRONTERA FC,2026-09-30T23:00:00+00:00,39.3802,soccer.total_goals,period=ft,under,total=4,1.35
2026-10-01T00:20:37.189657+02:00,36521470,USL Championship,USA,LIU Brooklyn,Detroit City FC,2026-09-30T23:00:00+00:00,39.3802,soccer.asian_handicap,period=ft,home,handicap=0.25,1.93
2026-10-01T00:20:37.189657+02:00,36521470,USL Championship,USA,LIU Brooklyn,Detroit City FC,2026-09-30T23:00:00+00:00,39.3802,soccer.asian_handicap,period=ft,away,handicap=0.25,1.88
2026-10-01T00:20:37.189657+02:00,36521470,USL Championship,USA,LIU Brooklyn,Detroit City FC,2026-09-30T23:00:00+00:00,39.3802,soccer.asian_handicap,period=ft,home,handicap=-0.75,4.25
2026-10-01T00:20:37.189657+02:00,36521470,USL Championship,USA,LIU Brooklyn,Detroit City FC,2026-09-30T23:00:00+00:00,39.3802,soccer.asian_handicap,period=ft,away,handicap=-0.75,1.21
2026-10-01T00:20:37.189657+02:00,36521470,USL Championship,USA,LIU Brooklyn,Detroit City FC,2026-09-30T23:00:00+00:00,39.3802,soccer.asian_handicap,period=ft,home,handicap=-0.5,3.25
2026-10-01T00:20:37.189657+02:00,36521470,USL Championship,USA,LIU Brooklyn,Detroit City FC,2026-09-30T23:00:00+00:00,39.3802,soccer.asian_handicap,period=ft,away,handicap=-0.5,1.32
2026-10-01T00:20:37.189657+02:00,36521470,USL Championship,USA,LIU Brooklyn,Detroit City FC,2026-09-30T23:00:00+00:00,39.3802,soccer.asian_handicap,period=ft,home,handicap=-0.25,2.85
2026-10-01T00:20:37.189657+02:00,36521470,USL Championship,USA,LIU Brooklyn,Detroit City FC,2026-09-30T23:00:00+00:00,39.3802,soccer.asian_handicap,period=ft,away,handicap=-0.25,1.41
2026-10-01T00:20:37.189657+02:00,36521470,USL Championship,USA,LIU Brooklyn,Detroit City FC,2026-09-30T23:00:00+00:00,39.3802,soccer.asian_handicap,period=ft,home,handicap=0,2.4
2026-10-01T00:20:37.189657+02:00,36521470,USL Championship,USA,LIU Brooklyn,Detroit City FC,2026-09-30T23:00:00+00:00,39.3802,soccer.asian_handicap,period=ft,away,handicap=0,1.56
2026-10-01T00:20:37.189657+02:00,36521470,USL Championship,USA,LIU Brooklyn,Detroit City FC,2026-09-30T23:00:00+00:00,39.3802,soccer.asian_handicap,period=ft,home,handicap=0.5,1.68
2026-10-01T00:20:37.189657+02:00,36521470,USL Championship,USA,LIU Brooklyn,Detroit City FC,2026-09-30T23:00:00+00:00,39.3802,soccer.asian_handicap,period=ft,away,handicap=0.5,2.17
2026-10-01T00:20:37.189657+02:00,36521470,USL Championship,USA,LIU Brooklyn,Detroit City FC,2026-09-30T23:00:00+00:00,39.3802,soccer.asian_handicap,period=ft,home,handicap=0.75,1.49
2026-10-01T00:20:37.189657+02:00,36521470,USL Championship,USA,LIU Brooklyn,Detroit City FC,2026-09-30T23:00:00+00:00,39.3802,soccer.asian_handicap,period=ft,away,handicap=0.75,2.55
2026-10-01T00:20:37.189657+02:00,36521470,USL Championship,USA,LIU Brooklyn,Detroit City FC,2026-09-30T23:00:00+00:00,39.3802,soccer.asian_handicap,period=ft,home,handicap=1,1.31
2026-10-01T00:20:37.189657+02:00,36521470,USL Championship,USA,LIU Brooklyn,Detroit City FC,2026-09-30T23:00:00+00:00,39.3802,soccer.asian_handicap,period=ft,away,handicap=1,3.3
2026-10-01T00:20:37.189657+02:00,36521470,USL Championship,USA,LIU Brooklyn,Detroit City FC,2026-09-30T23:00:00+00:00,39.3802,soccer.asian_handicap,period=ft,home,handicap=1.25,1.25
2026-10-01T00:20:37.189657+02:00,36521470,USL Championship,USA,LIU Brooklyn,Detroit City FC,2026-09-30T23:00:00+00:00,39.3802,soccer.asian_handicap,period=ft,away,handicap=1.25,3.75
2026-10-01T00:20:37.189657+02:00,36521470,USL Championship,USA,LIU Brooklyn,Detroit City FC,2026-09-30T23:00:00+00:00,39.3802,soccer.double_chance,period=ft,draw_away,,1.31
2026-10-01T00:20:37.189657+02:00,36521470,USL Championship,USA,LIU Brooklyn,Detroit City FC,2026-09-30T23:00:00+00:00,39.3802,soccer.double_chance,period=ft,home_away,,1.31
2026-10-01T00:20:37.189657+02:00,36521470,USL Championship,USA,LIU Brooklyn,Detroit City FC,2026-09-30T23:00:00+00:00,39.3802,soccer.double_chance,period=ft,home_draw,,1.53
2026-10-01T00:20:37.189657+02:00,36521470,USL Championship,USA,LIU Brooklyn,Detroit City FC,2026-09-30T23:00:00+00:00,39.3802,soccer.match_odds,period=ft,home,,3.3
2026-10-01T00:20:37.189657+02:00,36521470,USL Championship,USA,LIU Brooklyn,Detroit City FC,2026-09-30T23:00:00+00:00,39.3802,soccer.match_odds,period=ft,draw,,3.3
2026-10-01T00:20:37.189657+02:00,36521470,USL Championship,USA,LIU Brooklyn,Detroit City FC,2026-09-30T23:00:00+00:00,39.3802,soccer.match_odds,period=ft,away,,2.17
2026-10-01T00:20:37.189657+02:00,36521470,USL Championship,USA,LIU Brooklyn,Detroit City FC,2026-09-30T23:00:00+00:00,39.3802,soccer.total_goals,period=ft,over,total=2.25,1.83
2026-10-01T00:20:37.189657+02:00,36521470,USL Championship,USA,LIU Brooklyn,Detroit City FC,2026-09-30T23:00:00+00:00,39.3802,soccer.total_goals,period=ft,under,total=2.25,1.96
2026-10-01T00:20:37.189657+02:00,36521470,USL Championship,USA,LIU Brooklyn,Detroit City FC,2026-09-30T23:00:00+00:00,39.3802,soccer.total_goals,period=ft,over,total=1.5,1.33
2026-10-01T00:20:37.189657+02:00,36521470,USL Championship,USA,LIU Brooklyn,Detroit City FC,2026-09-30T23:00:00+00:00,39.3802,soccer.total_goals,period=ft,under,total=1.5,3.1
2026-10-01T00:20:37.189657+02:00,36521470,USL Championship,USA,LIU Brooklyn,Detroit City FC,2026-09-30T23:00:00+00:00,39.3802,soccer.total_goals,period=ft,over,total=1.75,1.42
2026-10-01T00:20:37.189657+02:00,36521470,USL Championship,USA,LIU Brooklyn,Detroit City FC,2026-09-30T23:00:00+00:00,39.3802,soccer.total_goals,period=ft,under,total=1.75,2.75
2026-10-01T00:20:37.189657+02:00,36521470,USL Championship,USA,LIU Brooklyn,Detroit City FC,2026-09-30T23:00:00+00:00,39.3802,soccer.total_goals,period=ft,over,total=2,1.56
2026-10-01T00:20:37.189657+02:00,36521470,USL Championship,USA,LIU Brooklyn,Detroit City FC,2026-09-30T23:00:00+00:00,39.3802,soccer.total_goals,period=ft,under,total=2,2.35
2026-10-01T00:20:37.189657+02:00,36521470,USL Championship,USA,LIU Brooklyn,Detroit City FC,2026-09-30T23:00:00+00:00,39.3802,soccer.total_goals,period=ft,over,total=2.5,2.09
2026-10-01T00:20:37.189657+02:00,36521470,USL Championship,USA,LIU Brooklyn,Detroit City FC,2026-09-30T23:00:00+00:00,39.3802,soccer.total_goals,period=ft,under,total=2.5,1.72
2026-10-01T00:20:37.189657+02:00,36521470,USL Championship,USA,LIU Brooklyn,Detroit City FC,2026-09-30T23:00:00+00:00,39.3802,soccer.total_goals,period=ft,over,total=2.75,2.4
2026-10-01T00:20:37.189657+02:00,36521470,USL Championship,USA,LIU Brooklyn,Detroit City FC,2026-09-30T23:00:00+00:00,39.3802,soccer.total_goals,period=ft,under,total=2.75,1.54
2026-10-01T00:20:37.189657+02:00,36521470,USL Championship,USA,LIU Brooklyn,Detroit City FC,2026-09-30T23:00:00+00:00,39.3802,soccer.total_goals,period=ft,over,total=3.5,3.6
2026-10-01T00:20:37.189657+02:00,36521470,USL Championship,USA,LIU Brooklyn,Detroit City FC,2026-09-30T23:00:00+00:00,39.3802,soccer.total_goals,period=ft,under,total=3.5,1.26
2026-10-01T00:20:37.189657+02:00,36521466,USL Championship,USA,Miami FC,Sporting Jax,2026-09-30T23:00:00+00:00,39.3802,soccer.asian_handicap,period=ft,home,handicap=-1.25,2.0
2026-10-01T00:20:37.189657+02:00,36521466,USL Championship,USA,Miami FC,Sporting Jax,2026-09-30T23:00:00+00:00,39.3802,soccer.asian_handicap,period=ft,away,handicap=-1.25,1.82
2026-10-01T00:20:37.189657+02:00,36521466,USL Championship,USA,Miami FC,Sporting Jax,2026-09-30T23:00:00+00:00,39.3802,soccer.asian_handicap,period=ft,home,handicap=-2.25,3.65
2026-10-01T00:20:37.189657+02:00,36521466,USL Championship,USA,Miami FC,Sporting Jax,2026-09-30T23:00:00+00:00,39.3802,soccer.asian_handicap,period=ft,away,handicap=-2.25,1.27
2026-10-01T00:20:37.189657+02:00,36521466,USL Championship,USA,Miami FC,Sporting Jax,2026-09-30T23:00:00+00:00,39.3802,soccer.asian_handicap,period=ft,home,handicap=-2,3.25
2026-10-01T00:20:37.189657+02:00,36521466,USL Championship,USA,Miami FC,Sporting Jax,2026-09-30T23:00:00+00:00,39.3802,soccer.asian_handicap,period=ft,away,handicap=-2,1.32
2026-10-01T00:20:37.189657+02:00,36521466,USL Championship,USA,Miami FC,Sporting Jax,2026-09-30T23:00:00+00:00,39.3802,soccer.asian_handicap,period=ft,home,handicap=-1.75,2.6
2026-10-01T00:20:37.189657+02:00,36521466,USL Championship,USA,Miami FC,Sporting Jax,2026-09-30T23:00:00+00:00,39.3802,soccer.asian_handicap,period=ft,away,handicap=-1.75,1.49
2026-10-01T00:20:37.189657+02:00,36521466,USL Championship,USA,Miami FC,Sporting Jax,2026-09-30T23:00:00+00:00,39.3802,soccer.asian_handicap,period=ft,home,handicap=-1.5,2.2
2026-10-01T00:20:37.189657+02:00,36521466,USL Championship,USA,Miami FC,Sporting Jax,2026-09-30T23:00:00+00:00,39.3802,soccer.asian_handicap,period=ft,away,handicap=-1.5,1.65
2026-10-01T00:20:37.189657+02:00,36521466,USL Championship,USA,Miami FC,Sporting Jax,2026-09-30T23:00:00+00:00,39.3802,soccer.asian_handicap,period=ft,home,handicap=-1,1.74
2026-10-01T00:20:37.189657+02:00,36521466,USL Championship,USA,Miami FC,Sporting Jax,2026-09-30T23:00:00+00:00,39.3802,soccer.asian_handicap,period=ft,away,handicap=-1,2.07
2026-10-01T00:20:37.189657+02:00,36521466,USL Championship,USA,Miami FC,Sporting Jax,2026-09-30T23:00:00+00:00,39.3802,soccer.asian_handicap,period=ft,home,handicap=-0.75,1.58
2026-10-01T00:20:37.189657+02:00,36521466,USL Championship,USA,Miami FC,Sporting Jax,2026-09-30T23:00:00+00:00,39.3802,soccer.asian_handicap,period=ft,away,handicap=-0.75,2.3
2026-10-01T00:20:37.189657+02:00,36521466,USL Championship,USA,Miami FC,Sporting Jax,2026-09-30T23:00:00+00:00,39.3802,soccer.asian_handicap,period=ft,home,handicap=-0.5,1.47
2026-10-01T00:20:37.189657+02:00,36521466,USL Championship,USA,Miami FC,Sporting Jax,2026-09-30T23:00:00+00:00,39.3802,soccer.asian_handicap,period=ft,away,handicap=-0.5,2.6
2026-10-01T00:20:37.189657+02:00,36521466,USL Championship,USA,Miami FC,Sporting Jax,2026-09-30T23:00:00+00:00,39.3802,soccer.asian_handicap,period=ft,home,handicap=-0.25,1.32
2026-10-01T00:20:37.189657+02:00,36521466,USL Championship,USA,Miami FC,Sporting Jax,2026-09-30T23:00:00+00:00,39.3802,soccer.asian_handicap,period=ft,away,handicap=-0.25,3.25
2026-10-01T00:20:37.189657+02:00,36521466,USL Championship,USA,Miami FC,Sporting Jax,2026-09-30T23:00:00+00:00,39.3802,soccer.double_chance,period=ft,draw_away,,2.2
2026-10-01T00:20:37.189657+02:00,36521466,USL Championship,USA,Miami FC,Sporting Jax,2026-09-30T23:00:00+00:00,39.3802,soccer.double_chance,period=ft,home_away,,1.17
2026-10-01T00:20:37.189657+02:00,36521466,USL Championship,USA,Miami FC,Sporting Jax,2026-09-30T23:00:00+00:00,39.3802,soccer.double_chance,period=ft,home_draw,,1.14
2026-10-01T00:20:37.189657+02:00,36521466,USL Championship,USA,Miami FC,Sporting Jax,2026-09-30T23:00:00+00:00,39.3802,soccer.match_odds,period=ft,home,,1.48
2026-10-01T00:20:37.189657+02:00,36521466,USL Championship,USA,Miami FC,Sporting Jax,2026-09-30T23:00:00+00:00,39.3802,soccer.match_odds,period=ft,draw,,4.35
2026-10-01T00:20:37.189657+02:00,36521466,USL Championship,USA,Miami FC,Sporting Jax,2026-09-30T23:00:00+00:00,39.3802,soccer.match_odds,period=ft,away,,6.0
2026-10-01T00:20:37.189657+02:00,36521466,USL Championship,USA,Miami FC,Sporting Jax,2026-09-30T23:00:00+00:00,39.3802,soccer.total_goals,period=ft,over,total=3.5,2.0
2026-10-01T00:20:37.189657+02:00,36521466,USL Championship,USA,Miami FC,Sporting Jax,2026-09-30T23:00:00+00:00,39.3802,soccer.total_goals,period=ft,under,total=3.5,1.8
2026-10-01T00:20:37.189657+02:00,36521466,USL Championship,USA,Miami FC,Sporting Jax,2026-09-30T23:00:00+00:00,39.3802,soccer.total_goals,period=ft,over,total=1.5,1.1
2026-10-01T00:20:37.189657+02:00,36521466,USL Championship,USA,Miami FC,Sporting Jax,2026-09-30T23:00:00+00:00,39.3802,soccer.total_goals,period=ft,under,total=1.5,6.3
2026-10-01T00:20:37.189657+02:00,36521466,USL Championship,USA,Miami FC,Sporting Jax,2026-09-30T23:00:00+00:00,39.3802,soccer.total_goals,period=ft,over,total=2.5,1.39
2026-10-01T00:20:37.189657+02:00,36521466,USL Championship,USA,Miami FC,Sporting Jax,2026-09-30T23:00:00+00:00,39.3802,soccer.total_goals,period=ft,under,total=2.5,2.85
2026-10-01T00:20:37.189657+02:00,36521466,USL Championship,USA,Miami FC,Sporting Jax,2026-09-30T23:00:00+00:00,39.3802,soccer.total_goals,period=ft,over,total=3,1.59
2026-10-01T00:20:37.189657+02:00,36521466,USL Championship,USA,Miami FC,Sporting Jax,2026-09-30T23:00:00+00:00,39.3802,soccer.total_goals,period=ft,under,total=3,2.3
2026-10-01T00:20:37.189657+02:00,36521466,USL Championship,USA,Miami FC,Sporting Jax,2026-09-30T23:00:00+00:00,39.3802,soccer.total_goals,period=ft,over,total=3.25,1.79
2026-10-01T00:20:37.189657+02:00,36521466,USL Championship,USA,Miami FC,Sporting Jax,2026-09-30T23:00:00+00:00,39.3802,soccer.total_goals,period=ft,under,total=3.25,2.0
2026-10-01T00:20:37.189657+02:00,36521466,USL Championship,USA,Miami FC,Sporting Jax,2026-09-30T23:00:00+00:00,39.3802,soccer.total_goals,period=ft,over,total=3.75,2.25
2026-10-01T00:20:37.189657+02:00,36521466,USL Championship,USA,Miami FC,Sporting Jax,2026-09-30T23:00:00+00:00,39.3802,soccer.total_goals,period=ft,under,total=3.75,1.62
2026-10-01T00:20:37.189657+02:00,36521466,USL Championship,USA,Miami FC,Sporting Jax,2026-09-30T23:00:00+00:00,39.3802,soccer.total_goals,period=ft,over,total=4,2.7
2026-10-01T00:20:37.189657+02:00,36521466,USL Championship,USA,Miami FC,Sporting Jax,2026-09-30T23:00:00+00:00,39.3802,soccer.total_goals,period=ft,under,total=4,1.44
2026-10-01T00:20:37.189657+02:00,36521466,USL Championship,USA,Miami FC,Sporting Jax,2026-09-30T23:00:00+00:00,39.3802,soccer.total_goals,period=ft,over,total=4.5,3.3
2026-10-01T00:20:37.189657+02:00,36521466,USL Championship,USA,Miami FC,Sporting Jax,2026-09-30T23:00:00+00:00,39.3802,soccer.total_goals,period=ft,under,total=4.5,1.3
2026-10-01T00:20:37.189657+02:00,36521466,USL Championship,USA,Miami FC,Sporting Jax,2026-09-30T23:00:00+00:00,39.3802,soccer.total_goals,period=ft,over,total=5.5,5.95
2026-10-01T00:20:37.189657+02:00,36521466,USL Championship,USA,Miami FC,Sporting Jax,2026-09-30T23:00:00+00:00,39.3802,soccer.total_goals,period=ft,under,total=5.5,1.11
2026-10-01T00:20:37.189657+02:00,36521471,USL Championship,USA,Rhode Island FC,Indy Eleven,2026-09-30T23:30:00+00:00,69.3802,soccer.asian_handicap,period=ft,home,handicap=-0.5,1.85
2026-10-01T00:20:37.189657+02:00,36521471,USL Championship,USA,Rhode Island FC,Indy Eleven,2026-09-30T23:30:00+00:00,69.3802,soccer.asian_handicap,period=ft,away,handicap=-0.5,1.96
2026-10-01T00:20:37.189657+02:00,36521471,USL Championship,USA,Rhode Island FC,Indy Eleven,2026-09-30T23:30:00+00:00,69.3802,soccer.asian_handicap,period=ft,home,handicap=-1.5,3.2
2026-10-01T00:20:37.189657+02:00,36521471,USL Championship,USA,Rhode Island FC,Indy Eleven,2026-09-30T23:30:00+00:00,69.3802,soccer.asian_handicap,period=ft,away,handicap=-1.5,1.33
2026-10-01T00:20:37.189657+02:00,36521471,USL Championship,USA,Rhode Island FC,Indy Eleven,2026-09-30T23:30:00+00:00,69.3802,soccer.asian_handicap,period=ft,home,handicap=-1.25,2.85
2026-10-01T00:20:37.189657+02:00,36521471,USL Championship,USA,Rhode Island FC,Indy Eleven,2026-09-30T23:30:00+00:00,69.3802,soccer.asian_handicap,period=ft,away,handicap=-1.25,1.4
2026-10-01T00:20:37.189657+02:00,36521471,USL Championship,USA,Rhode Island FC,Indy Eleven,2026-09-30T23:30:00+00:00,69.3802,soccer.asian_handicap,period=ft,home,handicap=-1,2.5
2026-10-01T00:20:37.189657+02:00,36521471,USL Championship,USA,Rhode Island FC,Indy Eleven,2026-09-30T23:30:00+00:00,69.3802,soccer.asian_handicap,period=ft,away,handicap=-1,1.51
2026-10-01T00:20:37.189657+02:00,36521471,USL Championship,USA,Rhode Island FC,Indy Eleven,2026-09-30T23:30:00+00:00,69.3802,soccer.asian_handicap,period=ft,home,handicap=-0.75,2.09
2026-10-01T00:20:37.189657+02:00,36521471,USL Championship,USA,Rhode Island FC,Indy Eleven,2026-09-30T23:30:00+00:00,69.3802,soccer.asian_handicap,period=ft,away,handicap=-0.75,1.73
2026-10-01T00:20:37.189657+02:00,36521471,USL Championship,USA,Rhode Island FC,Indy Eleven,2026-09-30T23:30:00+00:00,69.3802,soccer.asian_handicap,period=ft,home,handicap=-0.25,1.63
2026-10-01T00:20:37.189657+02:00,36521471,USL Championship,USA,Rhode Island FC,Indy Eleven,2026-09-30T23:30:00+00:00,69.3802,soccer.asian_handicap,period=ft,away,handicap=-0.25,2.25
2026-10-01T00:20:37.189657+02:00,36521471,USL Championship,USA,Rhode Island FC,Indy Eleven,2026-09-30T23:30:00+00:00,69.3802,soccer.asian_handicap,period=ft,home,handicap=0,1.43
2026-10-01T00:20:37.189657+02:00,36521471,USL Championship,USA,Rhode Island FC,Indy Eleven,2026-09-30T23:30:00+00:00,69.3802,soccer.asian_handicap,period=ft,away,handicap=0,2.8
2026-10-01T00:20:37.189657+02:00,36521471,USL Championship,USA,Rhode Island FC,Indy Eleven,2026-09-30T23:30:00+00:00,69.3802,soccer.asian_handicap,period=ft,home,handicap=0.25,1.34
2026-10-01T00:20:37.189657+02:00,36521471,USL Championship,USA,Rhode Island FC,Indy Eleven,2026-09-30T23:30:00+00:00,69.3802,soccer.asian_handicap,period=ft,away,handicap=0.25,3.15
2026-10-01T00:20:37.189657+02:00,36521471,USL Championship,USA,Rhode Island FC,Indy Eleven,2026-09-30T23:30:00+00:00,69.3802,soccer.asian_handicap,period=ft,home,handicap=0.5,1.28
2026-10-01T00:20:37.189657+02:00,36521471,USL Championship,USA,Rhode Island FC,Indy Eleven,2026-09-30T23:30:00+00:00,69.3802,soccer.asian_handicap,period=ft,away,handicap=0.5,3.55
2026-10-01T00:20:37.189657+02:00,36521471,USL Championship,USA,Rhode Island FC,Indy Eleven,2026-09-30T23:30:00+00:00,69.3802,soccer.double_chance,period=ft,draw_away,,1.72
2026-10-01T00:20:37.189657+02:00,36521471,USL Championship,USA,Rhode Island FC,Indy Eleven,2026-09-30T23:30:00+00:00,69.3802,soccer.double_chance,period=ft,home_away,,1.23
2026-10-01T00:20:37.189657+02:00,36521471,USL Championship,USA,Rhode Island FC,Indy Eleven,2026-09-30T23:30:00+00:00,69.3802,soccer.double_chance,period=ft,home_draw,,1.24
2026-10-01T00:20:37.189657+02:00,36521471,USL Championship,USA,Rhode Island FC,Indy Eleven,2026-09-30T23:30:00+00:00,69.3802,soccer.match_odds,period=ft,home,,1.84
2026-10-01T00:20:37.189657+02:00,36521471,USL Championship,USA,Rhode Island FC,Indy Eleven,2026-09-30T23:30:00+00:00,69.3802,soccer.match_odds,period=ft,draw,,4.1
2026-10-01T00:20:37.189657+02:00,36521471,USL Championship,USA,Rhode Island FC,Indy Eleven,2026-09-30T23:30:00+00:00,69.3802,soccer.match_odds,period=ft,away,,3.55
2026-10-01T00:20:37.189657+02:00,36521471,USL Championship,USA,Rhode Island FC,Indy Eleven,2026-09-30T23:30:00+00:00,69.3802,soccer.total_goals,period=ft,over,total=2.75,1.8
2026-10-01T00:20:37.189657+02:00,36521471,USL Championship,USA,Rhode Island FC,Indy Eleven,2026-09-30T23:30:00+00:00,69.3802,soccer.total_goals,period=ft,under,total=2.75,2.0
2026-10-01T00:20:37.189657+02:00,36521471,USL Championship,USA,Rhode Island FC,Indy Eleven,2026-09-30T23:30:00+00:00,69.3802,soccer.total_goals,period=ft,over,total=1.5,1.19
2026-10-01T00:20:37.189657+02:00,36521471,USL Championship,USA,Rhode Island FC,Indy Eleven,2026-09-30T23:30:00+00:00,69.3802,soccer.total_goals,period=ft,under,total=1.5,4.35
2026-10-01T00:20:37.189657+02:00,36521471,USL Championship,USA,Rhode Island FC,Indy Eleven,2026-09-30T23:30:00+00:00,69.3802,soccer.total_goals,period=ft,over,total=2.25,1.46
2026-10-01T00:20:37.189657+02:00,36521471,USL Championship,USA,Rhode Island FC,Indy Eleven,2026-09-30T23:30:00+00:00,69.3802,soccer.total_goals,period=ft,under,total=2.25,2.65
2026-10-01T00:20:37.189657+02:00,36521471,USL Championship,USA,Rhode Island FC,Indy Eleven,2026-09-30T23:30:00+00:00,69.3802,soccer.total_goals,period=ft,over,total=2.5,1.64
2026-10-01T00:20:37.189657+02:00,36521471,USL Championship,USA,Rhode Island FC,Indy Eleven,2026-09-30T23:30:00+00:00,69.3802,soccer.total_goals,period=ft,under,total=2.5,2.2
2026-10-01T00:20:37.189657+02:00,36521471,USL Championship,USA,Rhode Island FC,Indy Eleven,2026-09-30T23:30:00+00:00,69.3802,soccer.total_goals,period=ft,over,total=3,2.06
2026-10-01T00:20:37.189657+02:00,36521471,USL Championship,USA,Rhode Island FC,Indy Eleven,2026-09-30T23:30:00+00:00,69.3802,soccer.total_goals,period=ft,under,total=3,1.74
2026-10-01T00:20:37.189657+02:00,36521471,USL Championship,USA,Rhode Island FC,Indy Eleven,2026-09-30T23:30:00+00:00,69.3802,soccer.total_goals,period=ft,over,total=3.25,2.35
2026-10-01T00:20:37.189657+02:00,36521471,USL Championship,USA,Rhode Island FC,Indy Eleven,2026-09-30T23:30:00+00:00,69.3802,soccer.total_goals,period=ft,under,total=3.25,1.57
2026-10-01T00:20:37.189657+02:00,36521471,USL Championship,USA,Rhode Island FC,Indy Eleven,2026-09-30T23:30:00+00:00,69.3802,soccer.total_goals,period=ft,over,total=3.5,2.6
2026-10-01T00:20:37.189657+02:00,36521471,USL Championship,USA,Rhode Island FC,Indy Eleven,2026-09-30T23:30:00+00:00,69.3802,soccer.total_goals,period=ft,under,total=3.5,1.46
2026-10-01T00:20:37.189657+02:00,36521471,USL Championship,USA,Rhode Island FC,Indy Eleven,2026-09-30T23:30:00+00:00,69.3802,soccer.total_goals,period=ft,over,total=4.5,4.8
2026-10-01T00:20:37.189657+02:00,36521471,USL Championship,USA,Rhode Island FC,Indy Eleven,2026-09-30T23:30:00+00:00,69.3802,soccer.total_goals,period=ft,under,total=4.5,1.16
2026-10-01T00:20:37.189657+02:00,36561004,Copa Paraguay,Paraguay,Cerro Porteno,Rubio Nu,2026-09-30T22:30:00+00:00,9.3802,soccer.asian_handicap,period=ft,home,handicap=-1,1.8
2026-10-01T00:20:37.189657+02:00,36561004,Copa Paraguay,Paraguay,Cerro Porteno,Rubio Nu,2026-09-30T22:30:00+00:00,9.3802,soccer.asian_handicap,period=ft,away,handicap=-1,1.89
2026-10-01T00:20:37.189657+02:00,36561004,Copa Paraguay,Paraguay,Cerro Porteno,Rubio Nu,2026-09-30T22:30:00+00:00,9.3802,soccer.asian_handicap,period=ft,home,handicap=-1.75,2.85
2026-10-01T00:20:37.189657+02:00,36561004,Copa Paraguay,Paraguay,Cerro Porteno,Rubio Nu,2026-09-30T22:30:00+00:00,9.3802,soccer.asian_handicap,period=ft,away,handicap=-1.75,1.33
2026-10-01T00:20:37.189657+02:00,36561004,Copa Paraguay,Paraguay,Cerro Porteno,Rubio Nu,2026-09-30T22:30:00+00:00,9.3802,soccer.asian_handicap,period=ft,home,handicap=-1.5,2.35
2026-10-01T00:20:37.189657+02:00,36561004,Copa Paraguay,Paraguay,Cerro Porteno,Rubio Nu,2026-09-30T22:30:00+00:00,9.3802,soccer.asian_handicap,period=ft,away,handicap=-1.5,1.48
2026-10-01T00:20:37.189657+02:00,36561004,Copa Paraguay,Paraguay,Cerro Porteno,Rubio Nu,2026-09-30T22:30:00+00:00,9.3802,soccer.asian_handicap,period=ft,home,handicap=-1.25,2.09
2026-10-01T00:20:37.189657+02:00,36561004,Copa Paraguay,Paraguay,Cerro Porteno,Rubio Nu,2026-09-30T22:30:00+00:00,9.3802,soccer.asian_handicap,period=ft,away,handicap=-1.25,1.63
2026-10-01T00:20:37.189657+02:00,36561004,Copa Paraguay,Paraguay,Cerro Porteno,Rubio Nu,2026-09-30T22:30:00+00:00,9.3802,soccer.asian_handicap,period=ft,home,handicap=-0.75,1.57
2026-10-01T00:20:37.189657+02:00,36561004,Copa Paraguay,Paraguay,Cerro Porteno,Rubio Nu,2026-09-30T22:30:00+00:00,9.3802,soccer.asian_handicap,period=ft,away,handicap=-0.75,2.19
2026-10-01T00:20:37.189657+02:00,36561004,Copa Paraguay,Paraguay,Cerro Porteno,Rubio Nu,2026-09-30T22:30:00+00:00,9.3802,soccer.asian_handicap,period=ft,home,handicap=-0.5,1.44
2026-10-01T00:20:37.189657+02:00,36561004,Copa Paraguay,Paraguay,Cerro Porteno,Rubio Nu,2026-09-30T22:30:00+00:00,9.3802,soccer.asian_handicap,period=ft,away,handicap=-0.5,2.45
2026-10-01T00:20:37.189657+02:00,36561004,Copa Paraguay,Paraguay,Cerro Porteno,Rubio Nu,2026-09-30T22:30:00+00:00,9.3802,soccer.asian_handicap,period=ft,home,handicap=-0.25,1.28
2026-10-01T00:20:37.189657+02:00,36561004,Copa Paraguay,Paraguay,Cerro Porteno,Rubio Nu,2026-09-30T22:30:00+00:00,9.3802,soccer.asian_handicap,period=ft,away,handicap=-0.25,3.1
2026-10-01T00:20:37.189657+02:00,36561004,Copa Paraguay,Paraguay,Cerro Porteno,Rubio Nu,2026-09-30T22:30:00+00:00,9.3802,soccer.double_chance,period=ft,draw_away,,2.15
2026-10-01T00:20:37.189657+02:00,36561004,Copa Paraguay,Paraguay,Cerro Porteno,Rubio Nu,2026-09-30T22:30:00+00:00,9.3802,soccer.double_chance,period=ft,home_away,,1.14
2026-10-01T00:20:37.189657+02:00,36561004,Copa Paraguay,Paraguay,Cerro Porteno,Rubio Nu,2026-09-30T22:30:00+00:00,9.3802,soccer.double_chance,period=ft,home_draw,,1.03
2026-10-01T00:20:37.189657+02:00,36561004,Copa Paraguay,Paraguay,Cerro Porteno,Rubio Nu,2026-09-30T22:30:00+00:00,9.3802,soccer.match_odds,period=ft,home,,1.45
2026-10-01T00:20:37.189657+02:00,36561004,Copa Paraguay,Paraguay,Cerro Porteno,Rubio Nu,2026-09-30T22:30:00+00:00,9.3802,soccer.match_odds,period=ft,draw,,3.65
2026-10-01T00:20:37.189657+02:00,36561004,Copa Paraguay,Paraguay,Cerro Porteno,Rubio Nu,2026-09-30T22:30:00+00:00,9.3802,soccer.match_odds,period=ft,away,,6.05
2026-10-01T00:20:37.189657+02:00,36561004,Copa Paraguay,Paraguay,Cerro Porteno,Rubio Nu,2026-09-30T22:30:00+00:00,9.3802,soccer.total_goals,period=ft,over,total=2.25,1.76
2026-10-01T00:20:37.189657+02:00,36561004,Copa Paraguay,Paraguay,Cerro Porteno,Rubio Nu,2026-09-30T22:30:00+00:00,9.3802,soccer.total_goals,period=ft,under,total=2.25,1.94
2026-10-01T00:20:37.189657+02:00,36561004,Copa Paraguay,Paraguay,Cerro Porteno,Rubio Nu,2026-09-30T22:30:00+00:00,9.3802,soccer.total_goals,period=ft,over,total=1.5,1.29
2026-10-01T00:20:37.189657+02:00,36561004,Copa Paraguay,Paraguay,Cerro Porteno,Rubio Nu,2026-09-30T22:30:00+00:00,9.3802,soccer.total_goals,period=ft,under,total=1.5,3.05
2026-10-01T00:20:37.189657+02:00,36561004,Copa Paraguay,Paraguay,Cerro Porteno,Rubio Nu,2026-09-30T22:30:00+00:00,9.3802,soccer.total_goals,period=ft,over,total=1.75,1.36
2026-10-01T00:20:37.189657+02:00,36561004,Copa Paraguay,Paraguay,Cerro Porteno,Rubio Nu,2026-09-30T22:30:00+00:00,9.3802,soccer.total_goals,period=ft,under,total=1.75,2.7
2026-10-01T00:20:37.189657+02:00,36561004,Copa Paraguay,Paraguay,Cerro Porteno,Rubio Nu,2026-09-30T22:30:00+00:00,9.3802,soccer.total_goals,period=ft,over,total=2,1.49
2026-10-01T00:20:37.189657+02:00,36561004,Copa Paraguay,Paraguay,Cerro Porteno,Rubio Nu,2026-09-30T22:30:00+00:00,9.3802,soccer.total_goals,period=ft,under,total=2,2.35
2026-10-01T00:20:37.189657+02:00,36561004,Copa Paraguay,Paraguay,Cerro Porteno,Rubio Nu,2026-09-30T22:30:00+00:00,9.3802,soccer.total_goals,period=ft,over,total=2.5,2.01
2026-10-01T00:20:37.189657+02:00,36561004,Copa Paraguay,Paraguay,Cerro Porteno,Rubio Nu,2026-09-30T22:30:00+00:00,9.3802,soccer.total_goals,period=ft,under,total=2.5,1.69
2026-10-01T00:20:37.189657+02:00,36561004,Copa Paraguay,Paraguay,Cerro Porteno,Rubio Nu,2026-09-30T22:30:00+00:00,9.3802,soccer.total_goals,period=ft,over,total=2.75,2.25
2026-10-01T00:20:37.189657+02:00,36561004,Copa Paraguay,Paraguay,Cerro Porteno,Rubio Nu,2026-09-30T22:30:00+00:00,9.3802,soccer.total_goals,period=ft,under,total=2.75,1.51
2026-10-01T00:20:37.189657+02:00,36561004,Copa Paraguay,Paraguay,Cerro Porteno,Rubio Nu,2026-09-30T22:30:00+00:00,9.3802,soccer.total_goals,period=ft,over,total=3,2.8
2026-10-01T00:20:37.189657+02:00,36561004,Copa Paraguay,Paraguay,Cerro Porteno,Rubio Nu,2026-09-30T22:30:00+00:00,9.3802,soccer.total_goals,period=ft,under,total=3,1.34
2026-10-01T00:22:26.400745+02:00,36573249,Copa Division Profesional,Bolivia,CD Real Tomayapo,CA Nacional Potosi,2026-09-30T22:30:00+00:00,7.56,soccer.asian_handicap,period=ft,home,handicap=0,1.91
2026-10-01T00:22:26.400745+02:00,36573249,Copa Division Profesional,Bolivia,CD Real Tomayapo,CA Nacional Potosi,2026-09-30T22:30:00+00:00,7.56,soccer.asian_handicap,period=ft,away,handicap=0,1.79
2026-10-01T00:22:26.400745+02:00,36573249,Copa Division Profesional,Bolivia,CD Real Tomayapo,CA Nacional Potosi,2026-09-30T22:30:00+00:00,7.56,soccer.asian_handicap,period=ft,home,handicap=-0.75,2.95
2026-10-01T00:22:26.400745+02:00,36573249,Copa Division Profesional,Bolivia,CD Real Tomayapo,CA Nacional Potosi,2026-09-30T22:30:00+00:00,7.56,soccer.asian_handicap,period=ft,away,handicap=-0.75,1.31
2026-10-01T00:22:26.400745+02:00,36573249,Copa Division Profesional,Bolivia,CD Real Tomayapo,CA Nacional Potosi,2026-09-30T22:30:00+00:00,7.56,soccer.asian_handicap,period=ft,home,handicap=-0.5,2.45
2026-10-01T00:22:26.400745+02:00,36573249,Copa Division Profesional,Bolivia,CD Real Tomayapo,CA Nacional Potosi,2026-09-30T22:30:00+00:00,7.56,soccer.asian_handicap,period=ft,away,handicap=-0.5,1.43
2026-10-01T00:22:26.400745+02:00,36573249,Copa Division Profesional,Bolivia,CD Real Tomayapo,CA Nacional Potosi,2026-09-30T22:30:00+00:00,7.56,soccer.asian_handicap,period=ft,home,handicap=-0.25,2.2
2026-10-01T00:22:26.400745+02:00,36573249,Copa Division Profesional,Bolivia,CD Real Tomayapo,CA Nacional Potosi,2026-09-30T22:30:00+00:00,7.56,soccer.asian_handicap,period=ft,away,handicap=-0.25,1.57
2026-10-01T00:22:26.400745+02:00,36573249,Copa Division Profesional,Bolivia,CD Real Tomayapo,CA Nacional Potosi,2026-09-30T22:30:00+00:00,7.56,soccer.asian_handicap,period=ft,home,handicap=0.25,1.64
2026-10-01T00:22:26.400745+02:00,36573249,Copa Division Profesional,Bolivia,CD Real Tomayapo,CA Nacional Potosi,2026-09-30T22:30:00+00:00,7.56,soccer.asian_handicap,period=ft,away,handicap=0.25,2.07
2026-10-01T00:22:26.400745+02:00,36573249,Copa Division Profesional,Bolivia,CD Real Tomayapo,CA Nacional Potosi,2026-09-30T22:30:00+00:00,7.56,soccer.asian_handicap,period=ft,home,handicap=0.5,1.49
2026-10-01T00:22:26.400745+02:00,36573249,Copa Division Profesional,Bolivia,CD Real Tomayapo,CA Nacional Potosi,2026-09-30T22:30:00+00:00,7.56,soccer.asian_handicap,period=ft,away,handicap=0.5,2.3
2026-10-01T00:22:26.400745+02:00,36573249,Copa Division Profesional,Bolivia,CD Real Tomayapo,CA Nacional Potosi,2026-09-30T22:30:00+00:00,7.56,soccer.asian_handicap,period=ft,home,handicap=0.75,1.35
2026-10-01T00:22:26.400745+02:00,36573249,Copa Division Profesional,Bolivia,CD Real Tomayapo,CA Nacional Potosi,2026-09-30T22:30:00+00:00,7.56,soccer.asian_handicap,period=ft,away,handicap=0.75,2.75
2026-10-01T00:22:26.400745+02:00,36573249,Copa Division Profesional,Bolivia,CD Real Tomayapo,CA Nacional Potosi,2026-09-30T22:30:00+00:00,7.56,soccer.match_odds,period=ft,home,,2.5
2026-10-01T00:22:26.400745+02:00,36573249,Copa Division Profesional,Bolivia,CD Real Tomayapo,CA Nacional Potosi,2026-09-30T22:30:00+00:00,7.56,soccer.match_odds,period=ft,draw,,3.25
2026-10-01T00:22:26.400745+02:00,36573249,Copa Division Profesional,Bolivia,CD Real Tomayapo,CA Nacional Potosi,2026-09-30T22:30:00+00:00,7.56,soccer.match_odds,period=ft,away,,2.35
2026-10-01T00:22:26.400745+02:00,36573249,Copa Division Profesional,Bolivia,CD Real Tomayapo,CA Nacional Potosi,2026-09-30T22:30:00+00:00,7.56,soccer.total_goals,period=ft,over,total=2.75,1.84
2026-10-01T00:22:26.400745+02:00,36573249,Copa Division Profesional,Bolivia,CD Real Tomayapo,CA Nacional Potosi,2026-09-30T22:30:00+00:00,7.56,soccer.total_goals,period=ft,under,total=2.75,1.85
2026-10-01T00:22:26.400745+02:00,36573249,Copa Division Profesional,Bolivia,CD Real Tomayapo,CA Nacional Potosi,2026-09-30T22:30:00+00:00,7.56,soccer.total_goals,period=ft,over,total=2,1.28
2026-10-01T00:22:26.400745+02:00,36573249,Copa Division Profesional,Bolivia,CD Real Tomayapo,CA Nacional Potosi,2026-09-30T22:30:00+00:00,7.56,soccer.total_goals,period=ft,under,total=2,3.1
2026-10-01T00:22:26.400745+02:00,36573249,Copa Division Profesional,Bolivia,CD Real Tomayapo,CA Nacional Potosi,2026-09-30T22:30:00+00:00,7.56,soccer.total_goals,period=ft,over,total=2.25,1.46
2026-10-01T00:22:26.400745+02:00,36573249,Copa Division Profesional,Bolivia,CD Real Tomayapo,CA Nacional Potosi,2026-09-30T22:30:00+00:00,7.56,soccer.total_goals,period=ft,under,total=2.25,2.35
2026-10-01T00:22:26.400745+02:00,36573249,Copa Division Profesional,Bolivia,CD Real Tomayapo,CA Nacional Potosi,2026-09-30T22:30:00+00:00,7.56,soccer.total_goals,period=ft,over,total=2.5,1.66
2026-10-01T00:22:26.400745+02:00,36573249,Copa Division Profesional,Bolivia,CD Real Tomayapo,CA Nacional Potosi,2026-09-30T22:30:00+00:00,7.56,soccer.total_goals,period=ft,under,total=2.5,2.04
2026-10-01T00:22:26.400745+02:00,36573249,Copa Division Profesional,Bolivia,CD Real Tomayapo,CA Nacional Potosi,2026-09-30T22:30:00+00:00,7.56,soccer.total_goals,period=ft,over,total=3,2.08
2026-10-01T00:22:26.400745+02:00,36573249,Copa Division Profesional,Bolivia,CD Real Tomayapo,CA Nacional Potosi,2026-09-30T22:30:00+00:00,7.56,soccer.total_goals,period=ft,under,total=3,1.63
2026-10-01T00:22:26.400745+02:00,36573249,Copa Division Profesional,Bolivia,CD Real Tomayapo,CA Nacional Potosi,2026-09-30T22:30:00+00:00,7.56,soccer.total_goals,period=ft,over,total=3.25,2.3
2026-10-01T00:22:26.400745+02:00,36573249,Copa Division Profesional,Bolivia,CD Real Tomayapo,CA Nacional Potosi,2026-09-30T22:30:00+00:00,7.56,soccer.total_goals,period=ft,under,total=3.25,1.49
2026-10-01T00:22:26.400745+02:00,36573249,Copa Division Profesional,Bolivia,CD Real Tomayapo,CA Nacional Potosi,2026-09-30T22:30:00+00:00,7.56,soccer.total_goals,period=ft,over,total=3.5,2.55
2026-10-01T00:22:26.400745+02:00,36573249,Copa Division Profesional,Bolivia,CD Real Tomayapo,CA Nacional Potosi,2026-09-30T22:30:00+00:00,7.56,soccer.total_goals,period=ft,under,total=3.5,1.4
2026-10-01T00:22:26.400745+02:00,36577342,"Gaucho, Serie B",Brazil,SER Cruz Alta (RS),Rio Grande (RS),2026-09-30T22:30:00+00:00,7.56,soccer.asian_handicap,period=ft,home,handicap=-1,1.89
2026-10-01T00:22:26.400745+02:00,36577342,"Gaucho, Serie B",Brazil,SER Cruz Alta (RS),Rio Grande (RS),2026-09-30T22:30:00+00:00,7.56,soccer.asian_handicap,period=ft,away,handicap=-1,1.72
2026-10-01T00:22:26.400745+02:00,36577342,"Gaucho, Serie B",Brazil,SER Cruz Alta (RS),Rio Grande (RS),2026-09-30T22:30:00+00:00,7.56,soccer.asian_handicap,period=ft,home,handicap=-1.5,2.4
2026-10-01T00:22:26.400745+02:00,36577342,"Gaucho, Serie B",Brazil,SER Cruz Alta (RS),Rio Grande (RS),2026-09-30T22:30:00+00:00,7.56,soccer.asian_handicap,period=ft,away,handicap=-1.5,1.44
2026-10-01T00:22:26.400745+02:00,36577342,"Gaucho, Serie B",Brazil,SER Cruz Alta (RS),Rio Grande (RS),2026-09-30T22:30:00+00:00,7.56,soccer.asian_handicap,period=ft,home,handicap=-1.25,2.16
2026-10-01T00:22:26.400745+02:00,36577342,"Gaucho, Serie B",Brazil,SER Cruz Alta (RS),Rio Grande (RS),2026-09-30T22:30:00+00:00,7.56,soccer.asian_handicap,period=ft,away,handicap=-1.25,1.55
2026-10-01T00:22:26.400745+02:00,36577342,"Gaucho, Serie B",Brazil,SER Cruz Alta (RS),Rio Grande (RS),2026-09-30T22:30:00+00:00,7.56,soccer.asian_handicap,period=ft,home,handicap=-0.75,1.66
2026-10-01T00:22:26.400745+02:00,36577342,"Gaucho, Serie B",Brazil,SER Cruz Alta (RS),Rio Grande (RS),2026-09-30T22:30:00+00:00,7.56,soccer.asian_handicap,period=ft,away,handicap=-0.75,1.97
2026-10-01T00:22:26.400745+02:00,36577342,"Gaucho, Serie B",Brazil,SER Cruz Alta (RS),Rio Grande (RS),2026-09-30T22:30:00+00:00,7.56,soccer.asian_handicap,period=ft,home,handicap=-0.5,1.52
2026-10-01T00:22:26.400745+02:00,36577342,"Gaucho, Serie B",Brazil,SER Cruz Alta (RS),Rio Grande (RS),2026-09-30T22:30:00+00:00,7.56,soccer.asian_handicap,period=ft,away,handicap=-0.5,2.2
2026-10-01T00:22:26.400745+02:00,36577342,"Gaucho, Serie B",Brazil,SER Cruz Alta (RS),Rio Grande (RS),2026-09-30T22:30:00+00:00,7.56,soccer.double_chance,period=ft,draw_away,,2.08
2026-10-01T00:22:26.400745+02:00,36577342,"Gaucho, Serie B",Brazil,SER Cruz Alta (RS),Rio Grande (RS),2026-09-30T22:30:00+00:00,7.56,soccer.double_chance,period=ft,home_away,,1.21
2026-10-01T00:22:26.400745+02:00,36577342,"Gaucho, Serie B",Brazil,SER Cruz Alta (RS),Rio Grande (RS),2026-09-30T22:30:00+00:00,7.56,soccer.double_chance,period=ft,home_draw,,1.15
2026-10-01T00:22:26.400745+02:00,36577342,"Gaucho, Serie B",Brazil,SER Cruz Alta (RS),Rio Grande (RS),2026-09-30T22:30:00+00:00,7.56,soccer.match_odds,period=ft,home,,1.52
2026-10-01T00:22:26.400745+02:00,36577342,"Gaucho, Serie B",Brazil,SER Cruz Alta (RS),Rio Grande (RS),2026-09-30T22:30:00+00:00,7.56,soccer.match_odds,period=ft,draw,,3.75
2026-10-01T00:22:26.400745+02:00,36577342,"Gaucho, Serie B",Brazil,SER Cruz Alta (RS),Rio Grande (RS),2026-09-30T22:30:00+00:00,7.56,soccer.match_odds,period=ft,away,,4.8
2026-10-01T00:22:26.400745+02:00,36577342,"Gaucho, Serie B",Brazil,SER Cruz Alta (RS),Rio Grande (RS),2026-09-30T22:30:00+00:00,7.56,soccer.total_goals,period=ft,over,total=2.5,1.72
2026-10-01T00:22:26.400745+02:00,36577342,"Gaucho, Serie B",Brazil,SER Cruz Alta (RS),Rio Grande (RS),2026-09-30T22:30:00+00:00,7.56,soccer.total_goals,period=ft,under,total=2.5,1.89
2026-10-01T00:22:26.400745+02:00,36521470,USL Championship,USA,LIU Brooklyn,Detroit City FC,2026-09-30T23:00:00+00:00,37.56,soccer.asian_handicap,period=ft,home,handicap=0.25,1.93
2026-10-01T00:22:26.400745+02:00,36521470,USL Championship,USA,LIU Brooklyn,Detroit City FC,2026-09-30T23:00:00+00:00,37.56,soccer.asian_handicap,period=ft,away,handicap=0.25,1.88
2026-10-01T00:22:26.400745+02:00,36521470,USL Championship,USA,LIU Brooklyn,Detroit City FC,2026-09-30T23:00:00+00:00,37.56,soccer.asian_handicap,period=ft,home,handicap=-0.75,4.25
2026-10-01T00:22:26.400745+02:00,36521470,USL Championship,USA,LIU Brooklyn,Detroit City FC,2026-09-30T23:00:00+00:00,37.56,soccer.asian_handicap,period=ft,away,handicap=-0.75,1.21
2026-10-01T00:22:26.400745+02:00,36521470,USL Championship,USA,LIU Brooklyn,Detroit City FC,2026-09-30T23:00:00+00:00,37.56,soccer.asian_handicap,period=ft,home,handicap=-0.5,3.25
2026-10-01T00:22:26.400745+02:00,36521470,USL Championship,USA,LIU Brooklyn,Detroit City FC,2026-09-30T23:00:00+00:00,37.56,soccer.asian_handicap,period=ft,away,handicap=-0.5,1.32
2026-10-01T00:22:26.400745+02:00,36521470,USL Championship,USA,LIU Brooklyn,Detroit City FC,2026-09-30T23:00:00+00:00,37.56,soccer.asian_handicap,period=ft,home,handicap=-0.25,2.85
2026-10-01T00:22:26.400745+02:00,36521470,USL Championship,USA,LIU Brooklyn,Detroit City FC,2026-09-30T23:00:00+00:00,37.56,soccer.asian_handicap,period=ft,away,handicap=-0.25,1.41
2026-10-01T00:22:26.400745+02:00,36521470,USL Championship,USA,LIU Brooklyn,Detroit City FC,2026-09-30T23:00:00+00:00,37.56,soccer.asian_handicap,period=ft,home,handicap=0,2.4
2026-10-01T00:22:26.400745+02:00,36521470,USL Championship,USA,LIU Brooklyn,Detroit City FC,2026-09-30T23:00:00+00:00,37.56,soccer.asian_handicap,period=ft,away,handicap=0,1.56
2026-10-01T00:22:26.400745+02:00,36521470,USL Championship,USA,LIU Brooklyn,Detroit City FC,2026-09-30T23:00:00+00:00,37.56,soccer.asian_handicap,period=ft,home,handicap=0.5,1.68
2026-10-01T00:22:26.400745+02:00,36521470,USL Championship,USA,LIU Brooklyn,Detroit City FC,2026-09-30T23:00:00+00:00,37.56,soccer.asian_handicap,period=ft,away,handicap=0.5,2.17
2026-10-01T00:22:26.400745+02:00,36521470,USL Championship,USA,LIU Brooklyn,Detroit City FC,2026-09-30T23:00:00+00:00,37.56,soccer.asian_handicap,period=ft,home,handicap=0.75,1.49
2026-10-01T00:22:26.400745+02:00,36521470,USL Championship,USA,LIU Brooklyn,Detroit City FC,2026-09-30T23:00:00+00:00,37.56,soccer.asian_handicap,period=ft,away,handicap=0.75,2.55
2026-10-01T00:22:26.400745+02:00,36521470,USL Championship,USA,LIU Brooklyn,Detroit City FC,2026-09-30T23:00:00+00:00,37.56,soccer.asian_handicap,period=ft,home,handicap=1,1.31
2026-10-01T00:22:26.400745+02:00,36521470,USL Championship,USA,LIU Brooklyn,Detroit City FC,2026-09-30T23:00:00+00:00,37.56,soccer.asian_handicap,period=ft,away,handicap=1,3.3
2026-10-01T00:22:26.400745+02:00,36521470,USL Championship,USA,LIU Brooklyn,Detroit City FC,2026-09-30T23:00:00+00:00,37.56,soccer.asian_handicap,period=ft,home,handicap=1.25,1.25
2026-10-01T00:22:26.400745+02:00,36521470,USL Championship,USA,LIU Brooklyn,Detroit City FC,2026-09-30T23:00:00+00:00,37.56,soccer.asian_handicap,period=ft,away,handicap=1.25,3.75
2026-10-01T00:22:26.400745+02:00,36521470,USL Championship,USA,LIU Brooklyn,Detroit City FC,2026-09-30T23:00:00+00:00,37.56,soccer.double_chance,period=ft,draw_away,,1.31
2026-10-01T00:22:26.400745+02:00,36521470,USL Championship,USA,LIU Brooklyn,Detroit City FC,2026-09-30T23:00:00+00:00,37.56,soccer.double_chance,period=ft,home_away,,1.31
2026-10-01T00:22:26.400745+02:00,36521470,USL Championship,USA,LIU Brooklyn,Detroit City FC,2026-09-30T23:00:00+00:00,37.56,soccer.double_chance,period=ft,home_draw,,1.53
2026-10-01T00:22:26.400745+02:00,36521470,USL Championship,USA,LIU Brooklyn,Detroit City FC,2026-09-30T23:00:00+00:00,37.56,soccer.match_odds,period=ft,home,,3.3
2026-10-01T00:22:26.400745+02:00,36521470,USL Championship,USA,LIU Brooklyn,Detroit City FC,2026-09-30T23:00:00+00:00,37.56,soccer.match_odds,period=ft,draw,,3.3
2026-10-01T00:22:26.400745+02:00,36521470,USL Championship,USA,LIU Brooklyn,Detroit City FC,2026-09-30T23:00:00+00:00,37.56,soccer.match_odds,period=ft,away,,2.17
2026-10-01T00:22:26.400745+02:00,36521470,USL Championship,USA,LIU Brooklyn,Detroit City FC,2026-09-30T23:00:00+00:00,37.56,soccer.total_goals,period=ft,over,total=2.25,1.83
2026-10-01T00:22:26.400745+02:00,36521470,USL Championship,USA,LIU Brooklyn,Detroit City FC,2026-09-30T23:00:00+00:00,37.56,soccer.total_goals,period=ft,under,total=2.25,1.96
2026-10-01T00:22:26.400745+02:00,36521470,USL Championship,USA,LIU Brooklyn,Detroit City FC,2026-09-30T23:00:00+00:00,37.56,soccer.total_goals,period=ft,over,total=1.5,1.33
2026-10-01T00:22:26.400745+02:00,36521470,USL Championship,USA,LIU Brooklyn,Detroit City FC,2026-09-30T23:00:00+00:00,37.56,soccer.total_goals,period=ft,under,total=1.5,3.1
2026-10-01T00:22:26.400745+02:00,36521470,USL Championship,USA,LIU Brooklyn,Detroit City FC,2026-09-30T23:00:00+00:00,37.56,soccer.total_goals,period=ft,over,total=1.75,1.42
2026-10-01T00:22:26.400745+02:00,36521470,USL Championship,USA,LIU Brooklyn,Detroit City FC,2026-09-30T23:00:00+00:00,37.56,soccer.total_goals,period=ft,under,total=1.75,2.75
2026-10-01T00:22:26.400745+02:00,36521470,USL Championship,USA,LIU Brooklyn,Detroit City FC,2026-09-30T23:00:00+00:00,37.56,soccer.total_goals,period=ft,over,total=2,1.56
2026-10-01T00:22:26.400745+02:00,36521470,USL Championship,USA,LIU Brooklyn,Detroit City FC,2026-09-30T23:00:00+00:00,37.56,soccer.total_goals,period=ft,under,total=2,2.35
2026-10-01T00:22:26.400745+02:00,36521470,USL Championship,USA,LIU Brooklyn,Detroit City FC,2026-09-30T23:00:00+00:00,37.56,soccer.total_goals,period=ft,over,total=2.5,2.09
2026-10-01T00:22:26.400745+02:00,36521470,USL Championship,USA,LIU Brooklyn,Detroit City FC,2026-09-30T23:00:00+00:00,37.56,soccer.total_goals,period=ft,under,total=2.5,1.72
2026-10-01T00:22:26.400745+02:00,36521470,USL Championship,USA,LIU Brooklyn,Detroit City FC,2026-09-30T23:00:00+00:00,37.56,soccer.total_goals,period=ft,over,total=2.75,2.4
2026-10-01T00:22:26.400745+02:00,36521470,USL Championship,USA,LIU Brooklyn,Detroit City FC,2026-09-30T23:00:00+00:00,37.56,soccer.total_goals,period=ft,under,total=2.75,1.54
2026-10-01T00:22:26.400745+02:00,36521470,USL Championship,USA,LIU Brooklyn,Detroit City FC,2026-09-30T23:00:00+00:00,37.56,soccer.total_goals,period=ft,over,total=3.5,3.6
2026-10-01T00:22:26.400745+02:00,36521470,USL Championship,USA,LIU Brooklyn,Detroit City FC,2026-09-30T23:00:00+00:00,37.56,soccer.total_goals,period=ft,under,total=3.5,1.26
2026-10-01T00:22:26.400745+02:00,36521466,USL Championship,USA,Miami FC,Sporting Jax,2026-09-30T23:00:00+00:00,37.56,soccer.asian_handicap,period=ft,home,handicap=-1.25,2.0
2026-10-01T00:22:26.400745+02:00,36521466,USL Championship,USA,Miami FC,Sporting Jax,2026-09-30T23:00:00+00:00,37.56,soccer.asian_handicap,period=ft,away,handicap=-1.25,1.82
2026-10-01T00:22:26.400745+02:00,36521466,USL Championship,USA,Miami FC,Sporting Jax,2026-09-30T23:00:00+00:00,37.56,soccer.asian_handicap,period=ft,home,handicap=-2.25,3.65
2026-10-01T00:22:26.400745+02:00,36521466,USL Championship,USA,Miami FC,Sporting Jax,2026-09-30T23:00:00+00:00,37.56,soccer.asian_handicap,period=ft,away,handicap=-2.25,1.27
2026-10-01T00:22:26.400745+02:00,36521466,USL Championship,USA,Miami FC,Sporting Jax,2026-09-30T23:00:00+00:00,37.56,soccer.asian_handicap,period=ft,home,handicap=-2,3.25
2026-10-01T00:22:26.400745+02:00,36521466,USL Championship,USA,Miami FC,Sporting Jax,2026-09-30T23:00:00+00:00,37.56,soccer.asian_handicap,period=ft,away,handicap=-2,1.32
2026-10-01T00:22:26.400745+02:00,36521466,USL Championship,USA,Miami FC,Sporting Jax,2026-09-30T23:00:00+00:00,37.56,soccer.asian_handicap,period=ft,home,handicap=-1.75,2.6
2026-10-01T00:22:26.400745+02:00,36521466,USL Championship,USA,Miami FC,Sporting Jax,2026-09-30T23:00:00+00:00,37.56,soccer.asian_handicap,period=ft,away,handicap=-1.75,1.49
2026-10-01T00:22:26.400745+02:00,36521466,USL Championship,USA,Miami FC,Sporting Jax,2026-09-30T23:00:00+00:00,37.56,soccer.asian_handicap,period=ft,home,handicap=-1.5,2.2
2026-10-01T00:22:26.400745+02:00,36521466,USL Championship,USA,Miami FC,Sporting Jax,2026-09-30T23:00:00+00:00,37.56,soccer.asian_handicap,period=ft,away,handicap=-1.5,1.65
2026-10-01T00:22:26.400745+02:00,36521466,USL Championship,USA,Miami FC,Sporting Jax,2026-09-30T23:00:00+00:00,37.56,soccer.asian_handicap,period=ft,home,handicap=-1,1.74
2026-10-01T00:22:26.400745+02:00,36521466,USL Championship,USA,Miami FC,Sporting Jax,2026-09-30T23:00:00+00:00,37.56,soccer.asian_handicap,period=ft,away,handicap=-1,2.07
2026-10-01T00:22:26.400745+02:00,36521466,USL Championship,USA,Miami FC,Sporting Jax,2026-09-30T23:00:00+00:00,37.56,soccer.asian_handicap,period=ft,home,handicap=-0.75,1.58
2026-10-01T00:22:26.400745+02:00,36521466,USL Championship,USA,Miami FC,Sporting Jax,2026-09-30T23:00:00+00:00,37.56,soccer.asian_handicap,period=ft,away,handicap=-0.75,2.3
2026-10-01T00:22:26.400745+02:00,36521466,USL Championship,USA,Miami FC,Sporting Jax,2026-09-30T23:00:00+00:00,37.56,soccer.asian_handicap,period=ft,home,handicap=-0.5,1.47
2026-10-01T00:22:26.400745+02:00,36521466,USL Championship,USA,Miami FC,Sporting Jax,2026-09-30T23:00:00+00:00,37.56,soccer.asian_handicap,period=ft,away,handicap=-0.5,2.6
2026-10-01T00:22:26.400745+02:00,36521466,USL Championship,USA,Miami FC,Sporting Jax,2026-09-30T23:00:00+00:00,37.56,soccer.asian_handicap,period=ft,home,handicap=-0.25,1.32
2026-10-01T00:22:26.400745+02:00,36521466,USL Championship,USA,Miami FC,Sporting Jax,2026-09-30T23:00:00+00:00,37.56,soccer.asian_handicap,period=ft,away,handicap=-0.25,3.25
2026-10-01T00:22:26.400745+02:00,36521466,USL Championship,USA,Miami FC,Sporting Jax,2026-09-30T23:00:00+00:00,37.56,soccer.double_chance,period=ft,draw_away,,2.2
2026-10-01T00:22:26.400745+02:00,36521466,USL Championship,USA,Miami FC,Sporting Jax,2026-09-30T23:00:00+00:00,37.56,soccer.double_chance,period=ft,home_away,,1.17
2026-10-01T00:22:26.400745+02:00,36521466,USL Championship,USA,Miami FC,Sporting Jax,2026-09-30T23:00:00+00:00,37.56,soccer.double_chance,period=ft,home_draw,,1.14
2026-10-01T00:22:26.400745+02:00,36521466,USL Championship,USA,Miami FC,Sporting Jax,2026-09-30T23:00:00+00:00,37.56,soccer.match_odds,period=ft,home,,1.48
2026-10-01T00:22:26.400745+02:00,36521466,USL Championship,USA,Miami FC,Sporting Jax,2026-09-30T23:00:00+00:00,37.56,soccer.match_odds,period=ft,draw,,4.35
2026-10-01T00:22:26.400745+02:00,36521466,USL Championship,USA,Miami FC,Sporting Jax,2026-09-30T23:00:00+00:00,37.56,soccer.match_odds,period=ft,away,,6.0
2026-10-01T00:22:26.400745+02:00,36521466,USL Championship,USA,Miami FC,Sporting Jax,2026-09-30T23:00:00+00:00,37.56,soccer.total_goals,period=ft,over,total=3.5,2.0
2026-10-01T00:22:26.400745+02:00,36521466,USL Championship,USA,Miami FC,Sporting Jax,2026-09-30T23:00:00+00:00,37.56,soccer.total_goals,period=ft,under,total=3.5,1.8
2026-10-01T00:22:26.400745+02:00,36521466,USL Championship,USA,Miami FC,Sporting Jax,2026-09-30T23:00:00+00:00,37.56,soccer.total_goals,period=ft,over,total=1.5,1.1
2026-10-01T00:22:26.400745+02:00,36521466,USL Championship,USA,Miami FC,Sporting Jax,2026-09-30T23:00:00+00:00,37.56,soccer.total_goals,period=ft,under,total=1.5,6.3
2026-10-01T00:22:26.400745+02:00,36521466,USL Championship,USA,Miami FC,Sporting Jax,2026-09-30T23:00:00+00:00,37.56,soccer.total_goals,period=ft,over,total=2.5,1.39
2026-10-01T00:22:26.400745+02:00,36521466,USL Championship,USA,Miami FC,Sporting Jax,2026-09-30T23:00:00+00:00,37.56,soccer.total_goals,period=ft,under,total=2.5,2.85
2026-10-01T00:22:26.400745+02:00,36521466,USL Championship,USA,Miami FC,Sporting Jax,2026-09-30T23:00:00+00:00,37.56,soccer.total_goals,period=ft,over,total=3,1.59
2026-10-01T00:22:26.400745+02:00,36521466,USL Championship,USA,Miami FC,Sporting Jax,2026-09-30T23:00:00+00:00,37.56,soccer.total_goals,period=ft,under,total=3,2.3
2026-10-01T00:22:26.400745+02:00,36521466,USL Championship,USA,Miami FC,Sporting Jax,2026-09-30T23:00:00+00:00,37.56,soccer.total_goals,period=ft,over,total=3.25,1.79
2026-10-01T00:22:26.400745+02:00,36521466,USL Championship,USA,Miami FC,Sporting Jax,2026-09-30T23:00:00+00:00,37.56,soccer.total_goals,period=ft,under,total=3.25,2.0
2026-10-01T00:22:26.400745+02:00,36521466,USL Championship,USA,Miami FC,Sporting Jax,2026-09-30T23:00:00+00:00,37.56,soccer.total_goals,period=ft,over,total=3.75,2.25
2026-10-01T00:22:26.400745+02:00,36521466,USL Championship,USA,Miami FC,Sporting Jax,2026-09-30T23:00:00+00:00,37.56,soccer.total_goals,period=ft,under,total=3.75,1.62
2026-10-01T00:22:26.400745+02:00,36521466,USL Championship,USA,Miami FC,Sporting Jax,2026-09-30T23:00:00+00:00,37.56,soccer.total_goals,period=ft,over,total=4,2.7
2026-10-01T00:22:26.400745+02:00,36521466,USL Championship,USA,Miami FC,Sporting Jax,2026-09-30T23:00:00+00:00,37.56,soccer.total_goals,period=ft,under,total=4,1.44
2026-10-01T00:22:26.400745+02:00,36521466,USL Championship,USA,Miami FC,Sporting Jax,2026-09-30T23:00:00+00:00,37.56,soccer.total_goals,period=ft,over,total=4.5,3.3
2026-10-01T00:22:26.400745+02:00,36521466,USL Championship,USA,Miami FC,Sporting Jax,2026-09-30T23:00:00+00:00,37.56,soccer.total_goals,period=ft,under,total=4.5,1.3
2026-10-01T00:22:26.400745+02:00,36521466,USL Championship,USA,Miami FC,Sporting Jax,2026-09-30T23:00:00+00:00,37.56,soccer.total_goals,period=ft,over,total=5.5,5.95
2026-10-01T00:22:26.400745+02:00,36521466,USL Championship,USA,Miami FC,Sporting Jax,2026-09-30T23:00:00+00:00,37.56,soccer.total_goals,period=ft,under,total=5.5,1.11
2026-10-01T00:22:26.400745+02:00,36521471,USL Championship,USA,Rhode Island FC,Indy Eleven,2026-09-30T23:30:00+00:00,67.56,soccer.asian_handicap,period=ft,home,handicap=-0.5,1.85
2026-10-01T00:22:26.400745+02:00,36521471,USL Championship,USA,Rhode Island FC,Indy Eleven,2026-09-30T23:30:00+00:00,67.56,soccer.asian_handicap,period=ft,away,handicap=-0.5,1.96
2026-10-01T00:22:26.400745+02:00,36521471,USL Championship,USA,Rhode Island FC,Indy Eleven,2026-09-30T23:30:00+00:00,67.56,soccer.asian_handicap,period=ft,home,handicap=-1.5,3.2
2026-10-01T00:22:26.400745+02:00,36521471,USL Championship,USA,Rhode Island FC,Indy Eleven,2026-09-30T23:30:00+00:00,67.56,soccer.asian_handicap,period=ft,away,handicap=-1.5,1.33
2026-10-01T00:22:26.400745+02:00,36521471,USL Championship,USA,Rhode Island FC,Indy Eleven,2026-09-30T23:30:00+00:00,67.56,soccer.asian_handicap,period=ft,home,handicap=-1.25,2.85
2026-10-01T00:22:26.400745+02:00,36521471,USL Championship,USA,Rhode Island FC,Indy Eleven,2026-09-30T23:30:00+00:00,67.56,soccer.asian_handicap,period=ft,away,handicap=-1.25,1.4
2026-10-01T00:22:26.400745+02:00,36521471,USL Championship,USA,Rhode Island FC,Indy Eleven,2026-09-30T23:30:00+00:00,67.56,soccer.asian_handicap,period=ft,home,handicap=-1,2.5
2026-10-01T00:22:26.400745+02:00,36521471,USL Championship,USA,Rhode Island FC,Indy Eleven,2026-09-30T23:30:00+00:00,67.56,soccer.asian_handicap,period=ft,away,handicap=-1,1.51
2026-10-01T00:22:26.400745+02:00,36521471,USL Championship,USA,Rhode Island FC,Indy Eleven,2026-09-30T23:30:00+00:00,67.56,soccer.asian_handicap,period=ft,home,handicap=-0.75,2.09
2026-10-01T00:22:26.400745+02:00,36521471,USL Championship,USA,Rhode Island FC,Indy Eleven,2026-09-30T23:30:00+00:00,67.56,soccer.asian_handicap,period=ft,away,handicap=-0.75,1.73
2026-10-01T00:22:26.400745+02:00,36521471,USL Championship,USA,Rhode Island FC,Indy Eleven,2026-09-30T23:30:00+00:00,67.56,soccer.asian_handicap,period=ft,home,handicap=-0.25,1.63
2026-10-01T00:22:26.400745+02:00,36521471,USL Championship,USA,Rhode Island FC,Indy Eleven,2026-09-30T23:30:00+00:00,67.56,soccer.asian_handicap,period=ft,away,handicap=-0.25,2.25
2026-10-01T00:22:26.400745+02:00,36521471,USL Championship,USA,Rhode Island FC,Indy Eleven,2026-09-30T23:30:00+00:00,67.56,soccer.asian_handicap,period=ft,home,handicap=0,1.43
2026-10-01T00:22:26.400745+02:00,36521471,USL Championship,USA,Rhode Island FC,Indy Eleven,2026-09-30T23:30:00+00:00,67.56,soccer.asian_handicap,period=ft,away,handicap=0,2.8
2026-10-01T00:22:26.400745+02:00,36521471,USL Championship,USA,Rhode Island FC,Indy Eleven,2026-09-30T23:30:00+00:00,67.56,soccer.asian_handicap,period=ft,home,handicap=0.25,1.34
2026-10-01T00:22:26.400745+02:00,36521471,USL Championship,USA,Rhode Island FC,Indy Eleven,2026-09-30T23:30:00+00:00,67.56,soccer.asian_handicap,period=ft,away,handicap=0.25,3.15
2026-10-01T00:22:26.400745+02:00,36521471,USL Championship,USA,Rhode Island FC,Indy Eleven,2026-09-30T23:30:00+00:00,67.56,soccer.asian_handicap,period=ft,home,handicap=0.5,1.28
2026-10-01T00:22:26.400745+02:00,36521471,USL Championship,USA,Rhode Island FC,Indy Eleven,2026-09-30T23:30:00+00:00,67.56,soccer.asian_handicap,period=ft,away,handicap=0.5,3.55
2026-10-01T00:22:26.400745+02:00,36521471,USL Championship,USA,Rhode Island FC,Indy Eleven,2026-09-30T23:30:00+00:00,67.56,soccer.double_chance,period=ft,draw_away,,1.72
2026-10-01T00:22:26.400745+02:00,36521471,USL Championship,USA,Rhode Island FC,Indy Eleven,2026-09-30T23:30:00+00:00,67.56,soccer.double_chance,period=ft,home_away,,1.23
2026-10-01T00:22:26.400745+02:00,36521471,USL Championship,USA,Rhode Island FC,Indy Eleven,2026-09-30T23:30:00+00:00,67.56,soccer.double_chance,period=ft,home_draw,,1.24
2026-10-01T00:22:26.400745+02:00,36521471,USL Championship,USA,Rhode Island FC,Indy Eleven,2026-09-30T23:30:00+00:00,67.56,soccer.match_odds,period=ft,home,,1.84
2026-10-01T00:22:26.400745+02:00,36521471,USL Championship,USA,Rhode Island FC,Indy Eleven,2026-09-30T23:30:00+00:00,67.56,soccer.match_odds,period=ft,draw,,4.1
2026-10-01T00:22:26.400745+02:00,36521471,USL Championship,USA,Rhode Island FC,Indy Eleven,2026-09-30T23:30:00+00:00,67.56,soccer.match_odds,period=ft,away,,3.55
2026-10-01T00:22:26.400745+02:00,36521471,USL Championship,USA,Rhode Island FC,Indy Eleven,2026-09-30T23:30:00+00:00,67.56,soccer.total_goals,period=ft,over,total=2.75,1.8
2026-10-01T00:22:26.400745+02:00,36521471,USL Championship,USA,Rhode Island FC,Indy Eleven,2026-09-30T23:30:00+00:00,67.56,soccer.total_goals,period=ft,under,total=2.75,2.0
2026-10-01T00:22:26.400745+02:00,36521471,USL Championship,USA,Rhode Island FC,Indy Eleven,2026-09-30T23:30:00+00:00,67.56,soccer.total_goals,period=ft,over,total=1.5,1.19
2026-10-01T00:22:26.400745+02:00,36521471,USL Championship,USA,Rhode Island FC,Indy Eleven,2026-09-30T23:30:00+00:00,67.56,soccer.total_goals,period=ft,under,total=1.5,4.35
2026-10-01T00:22:26.400745+02:00,36521471,USL Championship,USA,Rhode Island FC,Indy Eleven,2026-09-30T23:30:00+00:00,67.56,soccer.total_goals,period=ft,over,total=2.25,1.46
2026-10-01T00:22:26.400745+02:00,36521471,USL Championship,USA,Rhode Island FC,Indy Eleven,2026-09-30T23:30:00+00:00,67.56,soccer.total_goals,period=ft,under,total=2.25,2.65
2026-10-01T00:22:26.400745+02:00,36521471,USL Championship,USA,Rhode Island FC,Indy Eleven,2026-09-30T23:30:00+00:00,67.56,soccer.total_goals,period=ft,over,total=2.5,1.64
2026-10-01T00:22:26.400745+02:00,36521471,USL Championship,USA,Rhode Island FC,Indy Eleven,2026-09-30T23:30:00+00:00,67.56,soccer.total_goals,period=ft,under,total=2.5,2.2
2026-10-01T00:22:26.400745+02:00,36521471,USL Championship,USA,Rhode Island FC,Indy Eleven,2026-09-30T23:30:00+00:00,67.56,soccer.total_goals,period=ft,over,total=3,2.06
2026-10-01T00:22:26.400745+02:00,36521471,USL Championship,USA,Rhode Island FC,Indy Eleven,2026-09-30T23:30:00+00:00,67.56,soccer.total_goals,period=ft,under,total=3,1.74
2026-10-01T00:22:26.400745+02:00,36521471,USL Championship,USA,Rhode Island FC,Indy Eleven,2026-09-30T23:30:00+00:00,67.56,soccer.total_goals,period=ft,over,total=3.25,2.35
2026-10-01T00:22:26.400745+02:00,36521471,USL Championship,USA,Rhode Island FC,Indy Eleven,2026-09-30T23:30:00+00:00,67.56,soccer.total_goals,period=ft,under,total=3.25,1.57
2026-10-01T00:22:26.400745+02:00,36521471,USL Championship,USA,Rhode Island FC,Indy Eleven,2026-09-30T23:30:00+00:00,67.56,soccer.total_goals,period=ft,over,total=3.5,2.6
2026-10-01T00:22:26.400745+02:00,36521471,USL Championship,USA,Rhode Island FC,Indy Eleven,2026-09-30T23:30:00+00:00,67.56,soccer.total_goals,period=ft,under,total=3.5,1.46
2026-10-01T00:22:26.400745+02:00,36521471,USL Championship,USA,Rhode Island FC,Indy Eleven,2026-09-30T23:30:00+00:00,67.56,soccer.total_goals,period=ft,over,total=4.5,4.8
2026-10-01T00:22:26.400745+02:00,36521471,USL Championship,USA,Rhode Island FC,Indy Eleven,2026-09-30T23:30:00+00:00,67.56,soccer.total_goals,period=ft,under,total=4.5,1.16
2026-10-01T00:22:26.400745+02:00,36577730,Segunda Division,Venezuela,CD Lara,REAL FRONTERA FC,2026-09-30T23:00:00+00:00,37.56,soccer.asian_handicap,period=ft,home,handicap=-2.25,1.82
2026-10-01T00:22:26.400745+02:00,36577730,Segunda Division,Venezuela,CD Lara,REAL FRONTERA FC,2026-09-30T23:00:00+00:00,37.56,soccer.asian_handicap,period=ft,away,handicap=-2.25,1.86
2026-10-01T00:22:26.400745+02:00,36577730,Segunda Division,Venezuela,CD Lara,REAL FRONTERA FC,2026-09-30T23:00:00+00:00,37.56,soccer.asian_handicap,period=ft,home,handicap=-3,2.8
2026-10-01T00:22:26.400745+02:00,36577730,Segunda Division,Venezuela,CD Lara,REAL FRONTERA FC,2026-09-30T23:00:00+00:00,37.56,soccer.asian_handicap,period=ft,away,handicap=-3,1.34
2026-10-01T00:22:26.400745+02:00,36577730,Segunda Division,Venezuela,CD Lara,REAL FRONTERA FC,2026-09-30T23:00:00+00:00,37.56,soccer.asian_handicap,period=ft,home,handicap=-2.75,2.25
2026-10-01T00:22:26.400745+02:00,36577730,Segunda Division,Venezuela,CD Lara,REAL FRONTERA FC,2026-09-30T23:00:00+00:00,37.56,soccer.asian_handicap,period=ft,away,handicap=-2.75,1.5
2026-10-01T00:22:26.400745+02:00,36577730,Segunda Division,Venezuela,CD Lara,REAL FRONTERA FC,2026-09-30T23:00:00+00:00,37.56,soccer.asian_handicap,period=ft,home,handicap=-2.5,2.02
2026-10-01T00:22:26.400745+02:00,36577730,Segunda Division,Venezuela,CD Lara,REAL FRONTERA FC,2026-09-30T23:00:00+00:00,37.56,soccer.asian_handicap,period=ft,away,handicap=-2.5,1.66
2026-10-01T00:22:26.400745+02:00,36577730,Segunda Division,Venezuela,CD Lara,REAL FRONTERA FC,2026-09-30T23:00:00+00:00,37.56,soccer.asian_handicap,period=ft,home,handicap=-2,1.57
2026-10-01T00:22:26.400745+02:00,36577730,Segunda Division,Venezuela,CD Lara,REAL FRONTERA FC,2026-09-30T23:00:00+00:00,37.56,soccer.asian_handicap,period=ft,away,handicap=-2,2.17
2026-10-01T00:22:26.400745+02:00,36577730,Segunda Division,Venezuela,CD Lara,REAL FRONTERA FC,2026-09-30T23:00:00+00:00,37.56,soccer.asian_handicap,period=ft,home,handicap=-1.75,1.44
2026-10-01T00:22:26.400745+02:00,36577730,Segunda Division,Venezuela,CD Lara,REAL FRONTERA FC,2026-09-30T23:00:00+00:00,37.56,soccer.asian_handicap,period=ft,away,handicap=-1.75,2.4
2026-10-01T00:22:26.400745+02:00,36577730,Segunda Division,Venezuela,CD Lara,REAL FRONTERA FC,2026-09-30T23:00:00+00:00,37.56,soccer.asian_handicap,period=ft,home,handicap=-1.5,1.35
2026-10-01T00:22:26.400745+02:00,36577730,Segunda Division,Venezuela,CD Lara,REAL FRONTERA FC,2026-09-30T23:00:00+00:00,37.56,soccer.asian_handicap,period=ft,away,handicap=-1.5,2.7
2026-10-01T00:22:26.400745+02:00,36577730,Segunda Division,Venezuela,CD Lara,REAL FRONTERA FC,2026-09-30T23:00:00+00:00,37.56,soccer.double_chance,period=ft,draw_away,,5.0
2026-10-01T00:22:26.400745+02:00,36577730,Segunda Division,Venezuela,CD Lara,REAL FRONTERA FC,2026-09-30T23:00:00+00:00,37.56,soccer.double_chance,period=ft,home_away,,1.07
2026-10-01T00:22:26.400745+02:00,36577730,Segunda Division,Venezuela,CD Lara,REAL FRONTERA FC,2026-09-30T23:00:00+00:00,37.56,soccer.double_chance,period=ft,home_draw,,1.04
2026-10-01T00:22:26.400745+02:00,36577730,Segunda Division,Venezuela,CD Lara,REAL FRONTERA FC,2026-09-30T23:00:00+00:00,37.56,soccer.match_odds,period=ft,home,,1.11
2026-10-01T00:22:26.400745+02:00,36577730,Segunda Division,Venezuela,CD Lara,REAL FRONTERA FC,2026-09-30T23:00:00+00:00,37.56,soccer.match_odds,period=ft,draw,,8.2
2026-10-01T00:22:26.400745+02:00,36577730,Segunda Division,Venezuela,CD Lara,REAL FRONTERA FC,2026-09-30T23:00:00+00:00,37.56,soccer.match_odds,period=ft,away,,12.0
2026-10-01T00:22:26.400745+02:00,36577730,Segunda Division,Venezuela,CD Lara,REAL FRONTERA FC,2026-09-30T23:00:00+00:00,37.56,soccer.total_goals,period=ft,over,total=3.25,1.78
2026-10-01T00:22:26.400745+02:00,36577730,Segunda Division,Venezuela,CD Lara,REAL FRONTERA FC,2026-09-30T23:00:00+00:00,37.56,soccer.total_goals,period=ft,under,total=3.25,1.9
2026-10-01T00:22:26.400745+02:00,36577730,Segunda Division,Venezuela,CD Lara,REAL FRONTERA FC,2026-09-30T23:00:00+00:00,37.56,soccer.total_goals,period=ft,over,total=2.5,1.33
2026-10-01T00:22:26.400745+02:00,36577730,Segunda Division,Venezuela,CD Lara,REAL FRONTERA FC,2026-09-30T23:00:00+00:00,37.56,soccer.total_goals,period=ft,under,total=2.5,2.8
2026-10-01T00:22:26.400745+02:00,36577730,Segunda Division,Venezuela,CD Lara,REAL FRONTERA FC,2026-09-30T23:00:00+00:00,37.56,soccer.total_goals,period=ft,over,total=2.75,1.41
2026-10-01T00:22:26.400745+02:00,36577730,Segunda Division,Venezuela,CD Lara,REAL FRONTERA FC,2026-09-30T23:00:00+00:00,37.56,soccer.total_goals,period=ft,under,total=2.75,2.5
2026-10-01T00:22:26.400745+02:00,36577730,Segunda Division,Venezuela,CD Lara,REAL FRONTERA FC,2026-09-30T23:00:00+00:00,37.56,soccer.total_goals,period=ft,over,total=3,1.54
2026-10-01T00:22:26.400745+02:00,36577730,Segunda Division,Venezuela,CD Lara,REAL FRONTERA FC,2026-09-30T23:00:00+00:00,37.56,soccer.total_goals,period=ft,under,total=3,2.2
2026-10-01T00:22:26.400745+02:00,36577730,Segunda Division,Venezuela,CD Lara,REAL FRONTERA FC,2026-09-30T23:00:00+00:00,37.56,soccer.total_goals,period=ft,over,total=3.5,1.99
2026-10-01T00:22:26.400745+02:00,36577730,Segunda Division,Venezuela,CD Lara,REAL FRONTERA FC,2026-09-30T23:00:00+00:00,37.56,soccer.total_goals,period=ft,under,total=3.5,1.69
2026-10-01T00:22:26.400745+02:00,36577730,Segunda Division,Venezuela,CD Lara,REAL FRONTERA FC,2026-09-30T23:00:00+00:00,37.56,soccer.total_goals,period=ft,over,total=3.75,2.25
2026-10-01T00:22:26.400745+02:00,36577730,Segunda Division,Venezuela,CD Lara,REAL FRONTERA FC,2026-09-30T23:00:00+00:00,37.56,soccer.total_goals,period=ft,under,total=3.75,1.51
2026-10-01T00:22:26.400745+02:00,36577730,Segunda Division,Venezuela,CD Lara,REAL FRONTERA FC,2026-09-30T23:00:00+00:00,37.56,soccer.total_goals,period=ft,over,total=4,2.7
2026-10-01T00:22:26.400745+02:00,36577730,Segunda Division,Venezuela,CD Lara,REAL FRONTERA FC,2026-09-30T23:00:00+00:00,37.56,soccer.total_goals,period=ft,under,total=4,1.35
2026-10-01T00:22:26.400745+02:00,36522149,Primera Division,Uruguay,Montevideo City Torque,CA Penarol Montevideo,2026-09-30T23:00:00+00:00,37.56,soccer.asian_handicap,period=ft,home,handicap=0.25,2.03
2026-10-01T00:22:26.400745+02:00,36522149,Primera Division,Uruguay,Montevideo City Torque,CA Penarol Montevideo,2026-09-30T23:00:00+00:00,37.56,soccer.asian_handicap,period=ft,away,handicap=0.25,1.8
2026-10-01T00:22:26.400745+02:00,36522149,Primera Division,Uruguay,Montevideo City Torque,CA Penarol Montevideo,2026-09-30T23:00:00+00:00,37.56,soccer.asian_handicap,period=ft,home,handicap=-0.75,4.4
2026-10-01T00:22:26.400745+02:00,36522149,Primera Division,Uruguay,Montevideo City Torque,CA Penarol Montevideo,2026-09-30T23:00:00+00:00,37.56,soccer.asian_handicap,period=ft,away,handicap=-0.75,1.2
2026-10-01T00:22:26.400745+02:00,36522149,Primera Division,Uruguay,Montevideo City Torque,CA Penarol Montevideo,2026-09-30T23:00:00+00:00,37.56,soccer.asian_handicap,period=ft,home,handicap=-0.5,3.4
2026-10-01T00:22:26.400745+02:00,36522149,Primera Division,Uruguay,Montevideo City Torque,CA Penarol Montevideo,2026-09-30T23:00:00+00:00,37.56,soccer.asian_handicap,period=ft,away,handicap=-0.5,1.31
2026-10-01T00:22:26.400745+02:00,36522149,Primera Division,Uruguay,Montevideo City Torque,CA Penarol Montevideo,2026-09-30T23:00:00+00:00,37.56,soccer.asian_handicap,period=ft,home,handicap=-0.25,2.95
2026-10-01T00:22:26.400745+02:00,36522149,Primera Division,Uruguay,Montevideo City Torque,CA Penarol Montevideo,2026-09-30T23:00:00+00:00,37.56,soccer.asian_handicap,period=ft,away,handicap=-0.25,1.39
2026-10-01T00:22:26.400745+02:00,36522149,Primera Division,Uruguay,Montevideo City Torque,CA Penarol Montevideo,2026-09-30T23:00:00+00:00,37.56,soccer.asian_handicap,period=ft,home,handicap=0,2.5
2026-10-01T00:22:26.400745+02:00,36522149,Primera Division,Uruguay,Montevideo City Torque,CA Penarol Montevideo,2026-09-30T23:00:00+00:00,37.56,soccer.asian_handicap,period=ft,away,handicap=0,1.52
2026-10-01T00:22:26.400745+02:00,36522149,Primera Division,Uruguay,Montevideo City Torque,CA Penarol Montevideo,2026-09-30T23:00:00+00:00,37.56,soccer.asian_handicap,period=ft,home,handicap=0.5,1.76
2026-10-01T00:22:26.400745+02:00,36522149,Primera Division,Uruguay,Montevideo City Torque,CA Penarol Montevideo,2026-09-30T23:00:00+00:00,37.56,soccer.asian_handicap,period=ft,away,handicap=0.5,2.07
2026-10-01T00:22:26.400745+02:00,36522149,Primera Division,Uruguay,Montevideo City Torque,CA Penarol Montevideo,2026-09-30T23:00:00+00:00,37.56,soccer.asian_handicap,period=ft,home,handicap=0.75,1.55
2026-10-01T00:22:26.400745+02:00,36522149,Primera Division,Uruguay,Montevideo City Torque,CA Penarol Montevideo,2026-09-30T23:00:00+00:00,37.56,soccer.asian_handicap,period=ft,away,handicap=0.75,2.45
2026-10-01T00:22:26.400745+02:00,36522149,Primera Division,Uruguay,Montevideo City Torque,CA Penarol Montevideo,2026-09-30T23:00:00+00:00,37.56,soccer.asian_handicap,period=ft,home,handicap=1,1.34
2026-10-01T00:22:26.400745+02:00,36522149,Primera Division,Uruguay,Montevideo City Torque,CA Penarol Montevideo,2026-09-30T23:00:00+00:00,37.56,soccer.asian_handicap,period=ft,away,handicap=1,3.15
2026-10-01T00:22:26.400745+02:00,36522149,Primera Division,Uruguay,Montevideo City Torque,CA Penarol Montevideo,2026-09-30T23:00:00+00:00,37.56,soccer.asian_handicap,period=ft,home,handicap=1.25,1.27
2026-10-01T00:22:26.400745+02:00,36522149,Primera Division,Uruguay,Montevideo City Torque,CA Penarol Montevideo,2026-09-30T23:00:00+00:00,37.56,soccer.asian_handicap,period=ft,away,handicap=1.25,3.65
2026-10-01T00:22:26.400745+02:00,36522149,Primera Division,Uruguay,Montevideo City Torque,CA Penarol Montevideo,2026-09-30T23:00:00+00:00,37.56,soccer.double_chance,period=ft,draw_away,,1.32
2026-10-01T00:22:26.400745+02:00,36522149,Primera Division,Uruguay,Montevideo City Torque,CA Penarol Montevideo,2026-09-30T23:00:00+00:00,37.56,soccer.double_chance,period=ft,home_away,,1.27
2026-10-01T00:22:26.400745+02:00,36522149,Primera Division,Uruguay,Montevideo City Torque,CA Penarol Montevideo,2026-09-30T23:00:00+00:00,37.56,soccer.double_chance,period=ft,home_draw,,1.76
2026-10-01T00:22:26.400745+02:00,36522149,Primera Division,Uruguay,Montevideo City Torque,CA Penarol Montevideo,2026-09-30T23:00:00+00:00,37.56,soccer.match_odds,period=ft,home,,3.4
2026-10-01T00:22:26.400745+02:00,36522149,Primera Division,Uruguay,Montevideo City Torque,CA Penarol Montevideo,2026-09-30T23:00:00+00:00,37.56,soccer.match_odds,period=ft,draw,,3.5
2026-10-01T00:22:26.400745+02:00,36522149,Primera Division,Uruguay,Montevideo City Torque,CA Penarol Montevideo,2026-09-30T23:00:00+00:00,37.56,soccer.match_odds,period=ft,away,,2.07
2026-10-01T00:22:26.400745+02:00,36522149,Primera Division,Uruguay,Montevideo City Torque,CA Penarol Montevideo,2026-09-30T23:00:00+00:00,37.56,soccer.total_goals,period=ft,over,total=2.5,2.01
2026-10-01T00:22:26.400745+02:00,36522149,Primera Division,Uruguay,Montevideo City Torque,CA Penarol Montevideo,2026-09-30T23:00:00+00:00,37.56,soccer.total_goals,period=ft,under,total=2.5,1.8
2026-10-01T00:22:26.400745+02:00,36522149,Primera Division,Uruguay,Montevideo City Torque,CA Penarol Montevideo,2026-09-30T23:00:00+00:00,37.56,soccer.total_goals,period=ft,over,total=1.5,1.3
2026-10-01T00:22:26.400745+02:00,36522149,Primera Division,Uruguay,Montevideo City Torque,CA Penarol Montevideo,2026-09-30T23:00:00+00:00,37.56,soccer.total_goals,period=ft,under,total=1.5,3.35
2026-10-01T00:22:26.400745+02:00,36522149,Primera Division,Uruguay,Montevideo City Torque,CA Penarol Montevideo,2026-09-30T23:00:00+00:00,37.56,soccer.total_goals,period=ft,over,total=2,1.5
2026-10-01T00:22:26.400745+02:00,36522149,Primera Division,Uruguay,Montevideo City Torque,CA Penarol Montevideo,2026-09-30T23:00:00+00:00,37.56,soccer.total_goals,period=ft,under,total=2,2.55
2026-10-01T00:22:26.400745+02:00,36522149,Primera Division,Uruguay,Montevideo City Torque,CA Penarol Montevideo,2026-09-30T23:00:00+00:00,37.56,soccer.total_goals,period=ft,over,total=2.25,1.75
2026-10-01T00:22:26.400745+02:00,36522149,Primera Division,Uruguay,Montevideo City Torque,CA Penarol Montevideo,2026-09-30T23:00:00+00:00,37.56,soccer.total_goals,period=ft,under,total=2.25,2.05
2026-10-01T00:22:26.400745+02:00,36522149,Primera Division,Uruguay,Montevideo City Torque,CA Penarol Montevideo,2026-09-30T23:00:00+00:00,37.56,soccer.total_goals,period=ft,over,total=2.75,2.3
2026-10-01T00:22:26.400745+02:00,36522149,Primera Division,Uruguay,Montevideo City Torque,CA Penarol Montevideo,2026-09-30T23:00:00+00:00,37.56,soccer.total_goals,period=ft,under,total=2.75,1.6
2026-10-01T00:22:26.400745+02:00,36522149,Primera Division,Uruguay,Montevideo City Torque,CA Penarol Montevideo,2026-09-30T23:00:00+00:00,37.56,soccer.total_goals,period=ft,over,total=3,2.85
2026-10-01T00:22:26.400745+02:00,36522149,Primera Division,Uruguay,Montevideo City Torque,CA Penarol Montevideo,2026-09-30T23:00:00+00:00,37.56,soccer.total_goals,period=ft,under,total=3,1.41
2026-10-01T00:22:26.400745+02:00,36522149,Primera Division,Uruguay,Montevideo City Torque,CA Penarol Montevideo,2026-09-30T23:00:00+00:00,37.56,soccer.total_goals,period=ft,over,total=3.5,3.55
2026-10-01T00:22:26.400745+02:00,36522149,Primera Division,Uruguay,Montevideo City Torque,CA Penarol Montevideo,2026-09-30T23:00:00+00:00,37.56,soccer.total_goals,period=ft,under,total=3.5,1.28
2026-10-01T00:22:26.400745+02:00,36522149,Primera Division,Uruguay,Montevideo City Torque,CA Penarol Montevideo,2026-09-30T23:00:00+00:00,37.56,soccer.total_goals,period=ft,over,total=4.5,7.05
2026-10-01T00:22:26.400745+02:00,36522149,Primera Division,Uruguay,Montevideo City Torque,CA Penarol Montevideo,2026-09-30T23:00:00+00:00,37.56,soccer.total_goals,period=ft,under,total=4.5,1.09
2026-10-01T00:22:26.400745+02:00,36577752,Brazil Campeonato Paraibano (PB) Division 2,Brazil,Auto EC (PB),Picuiense PB,2026-09-30T23:15:00+00:00,52.56,soccer.asian_handicap,period=ft,home,handicap=-1.75,1.75
2026-10-01T00:22:26.400745+02:00,36577752,Brazil Campeonato Paraibano (PB) Division 2,Brazil,Auto EC (PB),Picuiense PB,2026-09-30T23:15:00+00:00,52.56,soccer.asian_handicap,period=ft,away,handicap=-1.75,1.94
2026-10-01T00:22:26.400745+02:00,36577752,Brazil Campeonato Paraibano (PB) Division 2,Brazil,Auto EC (PB),Picuiense PB,2026-09-30T23:15:00+00:00,52.56,soccer.asian_handicap,period=ft,home,handicap=-2.5,2.45
2026-10-01T00:22:26.400745+02:00,36577752,Brazil Campeonato Paraibano (PB) Division 2,Brazil,Auto EC (PB),Picuiense PB,2026-09-30T23:15:00+00:00,52.56,soccer.asian_handicap,period=ft,away,handicap=-2.5,1.42
2026-10-01T00:22:26.400745+02:00,36577752,Brazil Campeonato Paraibano (PB) Division 2,Brazil,Auto EC (PB),Picuiense PB,2026-09-30T23:15:00+00:00,52.56,soccer.asian_handicap,period=ft,home,handicap=-2.25,2.2
2026-10-01T00:22:26.400745+02:00,36577752,Brazil Campeonato Paraibano (PB) Division 2,Brazil,Auto EC (PB),Picuiense PB,2026-09-30T23:15:00+00:00,52.56,soccer.asian_handicap,period=ft,away,handicap=-2.25,1.52
2026-10-01T00:22:26.400745+02:00,36577752,Brazil Campeonato Paraibano (PB) Division 2,Brazil,Auto EC (PB),Picuiense PB,2026-09-30T23:15:00+00:00,52.56,soccer.asian_handicap,period=ft,home,handicap=-2,1.99
2026-10-01T00:22:26.400745+02:00,36577752,Brazil Campeonato Paraibano (PB) Division 2,Brazil,Auto EC (PB),Picuiense PB,2026-09-30T23:15:00+00:00,52.56,soccer.asian_handicap,period=ft,away,handicap=-2,1.69
2026-10-01T00:22:26.400745+02:00,36577752,Brazil Campeonato Paraibano (PB) Division 2,Brazil,Auto EC (PB),Picuiense PB,2026-09-30T23:15:00+00:00,52.56,soccer.asian_handicap,period=ft,home,handicap=-1.5,1.59
2026-10-01T00:22:26.400745+02:00,36577752,Brazil Campeonato Paraibano (PB) Division 2,Brazil,Auto EC (PB),Picuiense PB,2026-09-30T23:15:00+00:00,52.56,soccer.asian_handicap,period=ft,away,handicap=-1.5,2.15
2026-10-01T00:22:26.400745+02:00,36577752,Brazil Campeonato Paraibano (PB) Division 2,Brazil,Auto EC (PB),Picuiense PB,2026-09-30T23:15:00+00:00,52.56,soccer.asian_handicap,period=ft,home,handicap=-1.25,1.42
2026-10-01T00:22:26.400745+02:00,36577752,Brazil Campeonato Paraibano (PB) Division 2,Brazil,Auto EC (PB),Picuiense PB,2026-09-30T23:15:00+00:00,52.56,soccer.asian_handicap,period=ft,away,handicap=-1.25,2.45
2026-10-01T00:22:26.400745+02:00,36577752,Brazil Campeonato Paraibano (PB) Division 2,Brazil,Auto EC (PB),Picuiense PB,2026-09-30T23:15:00+00:00,52.56,soccer.asian_handicap,period=ft,home,handicap=-1,1.27
2026-10-01T00:22:26.400745+02:00,36577752,Brazil Campeonato Paraibano (PB) Division 2,Brazil,Auto EC (PB),Picuiense PB,2026-09-30T23:15:00+00:00,52.56,soccer.asian_handicap,period=ft,away,handicap=-1,3.1
2026-10-01T00:22:26.400745+02:00,36577752,Brazil Campeonato Paraibano (PB) Division 2,Brazil,Auto EC (PB),Picuiense PB,2026-09-30T23:15:00+00:00,52.56,soccer.total_goals,period=ft,over,total=3,1.74
2026-10-01T00:22:26.400745+02:00,36577752,Brazil Campeonato Paraibano (PB) Division 2,Brazil,Auto EC (PB),Picuiense PB,2026-09-30T23:15:00+00:00,52.56,soccer.total_goals,period=ft,under,total=3,1.95
2026-10-01T00:22:26.400745+02:00,36577752,Brazil Campeonato Paraibano (PB) Division 2,Brazil,Auto EC (PB),Picuiense PB,2026-09-30T23:15:00+00:00,52.56,soccer.total_goals,period=ft,over,total=2.25,1.31
2026-10-01T00:22:26.400745+02:00,36577752,Brazil Campeonato Paraibano (PB) Division 2,Brazil,Auto EC (PB),Picuiense PB,2026-09-30T23:15:00+00:00,52.56,soccer.total_goals,period=ft,under,total=2.25,2.9
2026-10-01T00:22:26.400745+02:00,36577752,Brazil Campeonato Paraibano (PB) Division 2,Brazil,Auto EC (PB),Picuiense PB,2026-09-30T23:15:00+00:00,52.56,soccer.total_goals,period=ft,over,total=2.5,1.46
2026-10-01T00:22:26.400745+02:00,36577752,Brazil Campeonato Paraibano (PB) Division 2,Brazil,Auto EC (PB),Picuiense PB,2026-09-30T23:15:00+00:00,52.56,soccer.total_goals,period=ft,under,total=2.5,2.35
2026-10-01T00:22:26.400745+02:00,36577752,Brazil Campeonato Paraibano (PB) Division 2,Brazil,Auto EC (PB),Picuiense PB,2026-09-30T23:15:00+00:00,52.56,soccer.total_goals,period=ft,over,total=2.75,1.57
2026-10-01T00:22:26.400745+02:00,36577752,Brazil Campeonato Paraibano (PB) Division 2,Brazil,Auto EC (PB),Picuiense PB,2026-09-30T23:15:00+00:00,52.56,soccer.total_goals,period=ft,under,total=2.75,2.17
2026-10-01T00:22:26.400745+02:00,36577752,Brazil Campeonato Paraibano (PB) Division 2,Brazil,Auto EC (PB),Picuiense PB,2026-09-30T23:15:00+00:00,52.56,soccer.total_goals,period=ft,over,total=3.25,1.96
2026-10-01T00:22:26.400745+02:00,36577752,Brazil Campeonato Paraibano (PB) Division 2,Brazil,Auto EC (PB),Picuiense PB,2026-09-30T23:15:00+00:00,52.56,soccer.total_goals,period=ft,under,total=3.25,1.71
2026-10-01T00:22:26.400745+02:00,36577752,Brazil Campeonato Paraibano (PB) Division 2,Brazil,Auto EC (PB),Picuiense PB,2026-09-30T23:15:00+00:00,52.56,soccer.total_goals,period=ft,over,total=3.5,2.14
2026-10-01T00:22:26.400745+02:00,36577752,Brazil Campeonato Paraibano (PB) Division 2,Brazil,Auto EC (PB),Picuiense PB,2026-09-30T23:15:00+00:00,52.56,soccer.total_goals,period=ft,under,total=3.5,1.56
2026-10-01T00:22:26.400745+02:00,36577752,Brazil Campeonato Paraibano (PB) Division 2,Brazil,Auto EC (PB),Picuiense PB,2026-09-30T23:15:00+00:00,52.56,soccer.total_goals,period=ft,over,total=3.75,2.45
2026-10-01T00:22:26.400745+02:00,36577752,Brazil Campeonato Paraibano (PB) Division 2,Brazil,Auto EC (PB),Picuiense PB,2026-09-30T23:15:00+00:00,52.56,soccer.total_goals,period=ft,under,total=3.75,1.43
2026-10-01T00:22:26.400745+02:00,36561004,Copa Paraguay,Paraguay,Cerro Porteno,Rubio Nu,2026-09-30T22:30:00+00:00,7.56,soccer.asian_handicap,period=ft,home,handicap=-1,1.8
2026-10-01T00:22:26.400745+02:00,36561004,Copa Paraguay,Paraguay,Cerro Porteno,Rubio Nu,2026-09-30T22:30:00+00:00,7.56,soccer.asian_handicap,period=ft,away,handicap=-1,1.89
2026-10-01T00:22:26.400745+02:00,36561004,Copa Paraguay,Paraguay,Cerro Porteno,Rubio Nu,2026-09-30T22:30:00+00:00,7.56,soccer.asian_handicap,period=ft,home,handicap=-1.75,2.85
2026-10-01T00:22:26.400745+02:00,36561004,Copa Paraguay,Paraguay,Cerro Porteno,Rubio Nu,2026-09-30T22:30:00+00:00,7.56,soccer.asian_handicap,period=ft,away,handicap=-1.75,1.33
2026-10-01T00:22:26.400745+02:00,36561004,Copa Paraguay,Paraguay,Cerro Porteno,Rubio Nu,2026-09-30T22:30:00+00:00,7.56,soccer.asian_handicap,period=ft,home,handicap=-1.5,2.35
2026-10-01T00:22:26.400745+02:00,36561004,Copa Paraguay,Paraguay,Cerro Porteno,Rubio Nu,2026-09-30T22:30:00+00:00,7.56,soccer.asian_handicap,period=ft,away,handicap=-1.5,1.48
2026-10-01T00:22:26.400745+02:00,36561004,Copa Paraguay,Paraguay,Cerro Porteno,Rubio Nu,2026-09-30T22:30:00+00:00,7.56,soccer.asian_handicap,period=ft,home,handicap=-1.25,2.09
2026-10-01T00:22:26.400745+02:00,36561004,Copa Paraguay,Paraguay,Cerro Porteno,Rubio Nu,2026-09-30T22:30:00+00:00,7.56,soccer.asian_handicap,period=ft,away,handicap=-1.25,1.63
2026-10-01T00:22:26.400745+02:00,36561004,Copa Paraguay,Paraguay,Cerro Porteno,Rubio Nu,2026-09-30T22:30:00+00:00,7.56,soccer.asian_handicap,period=ft,home,handicap=-0.75,1.57
2026-10-01T00:22:26.400745+02:00,36561004,Copa Paraguay,Paraguay,Cerro Porteno,Rubio Nu,2026-09-30T22:30:00+00:00,7.56,soccer.asian_handicap,period=ft,away,handicap=-0.75,2.19
2026-10-01T00:22:26.400745+02:00,36561004,Copa Paraguay,Paraguay,Cerro Porteno,Rubio Nu,2026-09-30T22:30:00+00:00,7.56,soccer.asian_handicap,period=ft,home,handicap=-0.5,1.44
2026-10-01T00:22:26.400745+02:00,36561004,Copa Paraguay,Paraguay,Cerro Porteno,Rubio Nu,2026-09-30T22:30:00+00:00,7.56,soccer.asian_handicap,period=ft,away,handicap=-0.5,2.45
2026-10-01T00:22:26.400745+02:00,36561004,Copa Paraguay,Paraguay,Cerro Porteno,Rubio Nu,2026-09-30T22:30:00+00:00,7.56,soccer.asian_handicap,period=ft,home,handicap=-0.25,1.28
2026-10-01T00:22:26.400745+02:00,36561004,Copa Paraguay,Paraguay,Cerro Porteno,Rubio Nu,2026-09-30T22:30:00+00:00,7.56,soccer.asian_handicap,period=ft,away,handicap=-0.25,3.1
2026-10-01T00:22:26.400745+02:00,36561004,Copa Paraguay,Paraguay,Cerro Porteno,Rubio Nu,2026-09-30T22:30:00+00:00,7.56,soccer.double_chance,period=ft,draw_away,,2.15
2026-10-01T00:22:26.400745+02:00,36561004,Copa Paraguay,Paraguay,Cerro Porteno,Rubio Nu,2026-09-30T22:30:00+00:00,7.56,soccer.double_chance,period=ft,home_away,,1.16
2026-10-01T00:22:26.400745+02:00,36561004,Copa Paraguay,Paraguay,Cerro Porteno,Rubio Nu,2026-09-30T22:30:00+00:00,7.56,soccer.double_chance,period=ft,home_draw,,1.04
2026-10-01T00:22:26.400745+02:00,36561004,Copa Paraguay,Paraguay,Cerro Porteno,Rubio Nu,2026-09-30T22:30:00+00:00,7.56,soccer.match_odds,period=ft,home,,1.45
2026-10-01T00:22:26.400745+02:00,36561004,Copa Paraguay,Paraguay,Cerro Porteno,Rubio Nu,2026-09-30T22:30:00+00:00,7.56,soccer.match_odds,period=ft,draw,,3.65
2026-10-01T00:22:26.400745+02:00,36561004,Copa Paraguay,Paraguay,Cerro Porteno,Rubio Nu,2026-09-30T22:30:00+00:00,7.56,soccer.match_odds,period=ft,away,,6.05
2026-10-01T00:22:26.400745+02:00,36561004,Copa Paraguay,Paraguay,Cerro Porteno,Rubio Nu,2026-09-30T22:30:00+00:00,7.56,soccer.total_goals,period=ft,over,total=2.25,1.76
2026-10-01T00:22:26.400745+02:00,36561004,Copa Paraguay,Paraguay,Cerro Porteno,Rubio Nu,2026-09-30T22:30:00+00:00,7.56,soccer.total_goals,period=ft,under,total=2.25,1.94
2026-10-01T00:22:26.400745+02:00,36561004,Copa Paraguay,Paraguay,Cerro Porteno,Rubio Nu,2026-09-30T22:30:00+00:00,7.56,soccer.total_goals,period=ft,over,total=1.5,1.29
2026-10-01T00:22:26.400745+02:00,36561004,Copa Paraguay,Paraguay,Cerro Porteno,Rubio Nu,2026-09-30T22:30:00+00:00,7.56,soccer.total_goals,period=ft,under,total=1.5,3.05
2026-10-01T00:22:26.400745+02:00,36561004,Copa Paraguay,Paraguay,Cerro Porteno,Rubio Nu,2026-09-30T22:30:00+00:00,7.56,soccer.total_goals,period=ft,over,total=1.75,1.36
2026-10-01T00:22:26.400745+02:00,36561004,Copa Paraguay,Paraguay,Cerro Porteno,Rubio Nu,2026-09-30T22:30:00+00:00,7.56,soccer.total_goals,period=ft,under,total=1.75,2.7
2026-10-01T00:22:26.400745+02:00,36561004,Copa Paraguay,Paraguay,Cerro Porteno,Rubio Nu,2026-09-30T22:30:00+00:00,7.56,soccer.total_goals,period=ft,over,total=2,1.49
2026-10-01T00:22:26.400745+02:00,36561004,Copa Paraguay,Paraguay,Cerro Porteno,Rubio Nu,2026-09-30T22:30:00+00:00,7.56,soccer.total_goals,period=ft,under,total=2,2.35
2026-10-01T00:22:26.400745+02:00,36561004,Copa Paraguay,Paraguay,Cerro Porteno,Rubio Nu,2026-09-30T22:30:00+00:00,7.56,soccer.total_goals,period=ft,over,total=2.5,2.01
2026-10-01T00:22:26.400745+02:00,36561004,Copa Paraguay,Paraguay,Cerro Porteno,Rubio Nu,2026-09-30T22:30:00+00:00,7.56,soccer.total_goals,period=ft,under,total=2.5,1.69
2026-10-01T00:22:26.400745+02:00,36561004,Copa Paraguay,Paraguay,Cerro Porteno,Rubio Nu,2026-09-30T22:30:00+00:00,7.56,soccer.total_goals,period=ft,over,total=2.75,2.25
2026-10-01T00:22:26.400745+02:00,36561004,Copa Paraguay,Paraguay,Cerro Porteno,Rubio Nu,2026-09-30T22:30:00+00:00,7.56,soccer.total_goals,period=ft,under,total=2.75,1.51
2026-10-01T00:22:26.400745+02:00,36561004,Copa Paraguay,Paraguay,Cerro Porteno,Rubio Nu,2026-09-30T22:30:00+00:00,7.56,soccer.total_goals,period=ft,over,total=3,2.8
2026-10-01T00:22:26.400745+02:00,36561004,Copa Paraguay,Paraguay,Cerro Porteno,Rubio Nu,2026-09-30T22:30:00+00:00,7.56,soccer.total_goals,period=ft,under,total=3,1.34
2026-10-01T00:24:27.521384+02:00,36577342,"Gaucho, Serie B",Brazil,SER Cruz Alta (RS),Rio Grande (RS),2026-09-30T22:30:00+00:00,5.5413,soccer.asian_handicap,period=ft,home,handicap=-1,1.89
2026-10-01T00:24:27.521384+02:00,36577342,"Gaucho, Serie B",Brazil,SER Cruz Alta (RS),Rio Grande (RS),2026-09-30T22:30:00+00:00,5.5413,soccer.asian_handicap,period=ft,away,handicap=-1,1.72
2026-10-01T00:24:27.521384+02:00,36577342,"Gaucho, Serie B",Brazil,SER Cruz Alta (RS),Rio Grande (RS),2026-09-30T22:30:00+00:00,5.5413,soccer.asian_handicap,period=ft,home,handicap=-1.5,2.4
2026-10-01T00:24:27.521384+02:00,36577342,"Gaucho, Serie B",Brazil,SER Cruz Alta (RS),Rio Grande (RS),2026-09-30T22:30:00+00:00,5.5413,soccer.asian_handicap,period=ft,away,handicap=-1.5,1.44
2026-10-01T00:24:27.521384+02:00,36577342,"Gaucho, Serie B",Brazil,SER Cruz Alta (RS),Rio Grande (RS),2026-09-30T22:30:00+00:00,5.5413,soccer.asian_handicap,period=ft,home,handicap=-1.25,2.16
2026-10-01T00:24:27.521384+02:00,36577342,"Gaucho, Serie B",Brazil,SER Cruz Alta (RS),Rio Grande (RS),2026-09-30T22:30:00+00:00,5.5413,soccer.asian_handicap,period=ft,away,handicap=-1.25,1.55
2026-10-01T00:24:27.521384+02:00,36577342,"Gaucho, Serie B",Brazil,SER Cruz Alta (RS),Rio Grande (RS),2026-09-30T22:30:00+00:00,5.5413,soccer.asian_handicap,period=ft,home,handicap=-0.75,1.66
2026-10-01T00:24:27.521384+02:00,36577342,"Gaucho, Serie B",Brazil,SER Cruz Alta (RS),Rio Grande (RS),2026-09-30T22:30:00+00:00,5.5413,soccer.asian_handicap,period=ft,away,handicap=-0.75,1.97
2026-10-01T00:24:27.521384+02:00,36577342,"Gaucho, Serie B",Brazil,SER Cruz Alta (RS),Rio Grande (RS),2026-09-30T22:30:00+00:00,5.5413,soccer.asian_handicap,period=ft,home,handicap=-0.5,1.52
2026-10-01T00:24:27.521384+02:00,36577342,"Gaucho, Serie B",Brazil,SER Cruz Alta (RS),Rio Grande (RS),2026-09-30T22:30:00+00:00,5.5413,soccer.asian_handicap,period=ft,away,handicap=-0.5,2.2
2026-10-01T00:24:27.521384+02:00,36577342,"Gaucho, Serie B",Brazil,SER Cruz Alta (RS),Rio Grande (RS),2026-09-30T22:30:00+00:00,5.5413,soccer.double_chance,period=ft,draw_away,,2.08
2026-10-01T00:24:27.521384+02:00,36577342,"Gaucho, Serie B",Brazil,SER Cruz Alta (RS),Rio Grande (RS),2026-09-30T22:30:00+00:00,5.5413,soccer.double_chance,period=ft,home_away,,1.21
2026-10-01T00:24:27.521384+02:00,36577342,"Gaucho, Serie B",Brazil,SER Cruz Alta (RS),Rio Grande (RS),2026-09-30T22:30:00+00:00,5.5413,soccer.double_chance,period=ft,home_draw,,1.15
2026-10-01T00:24:27.521384+02:00,36577342,"Gaucho, Serie B",Brazil,SER Cruz Alta (RS),Rio Grande (RS),2026-09-30T22:30:00+00:00,5.5413,soccer.match_odds,period=ft,home,,1.52
2026-10-01T00:24:27.521384+02:00,36577342,"Gaucho, Serie B",Brazil,SER Cruz Alta (RS),Rio Grande (RS),2026-09-30T22:30:00+00:00,5.5413,soccer.match_odds,period=ft,draw,,3.75
2026-10-01T00:24:27.521384+02:00,36577342,"Gaucho, Serie B",Brazil,SER Cruz Alta (RS),Rio Grande (RS),2026-09-30T22:30:00+00:00,5.5413,soccer.match_odds,period=ft,away,,4.8
2026-10-01T00:24:27.521384+02:00,36577342,"Gaucho, Serie B",Brazil,SER Cruz Alta (RS),Rio Grande (RS),2026-09-30T22:30:00+00:00,5.5413,soccer.total_goals,period=ft,over,total=2.5,1.72
2026-10-01T00:24:27.521384+02:00,36577342,"Gaucho, Serie B",Brazil,SER Cruz Alta (RS),Rio Grande (RS),2026-09-30T22:30:00+00:00,5.5413,soccer.total_goals,period=ft,under,total=2.5,1.89
2026-10-01T00:24:27.521384+02:00,36577730,Segunda Division,Venezuela,CD Lara,REAL FRONTERA FC,2026-09-30T23:00:00+00:00,35.5413,soccer.asian_handicap,period=ft,home,handicap=-2.25,1.82
2026-10-01T00:24:27.521384+02:00,36577730,Segunda Division,Venezuela,CD Lara,REAL FRONTERA FC,2026-09-30T23:00:00+00:00,35.5413,soccer.asian_handicap,period=ft,away,handicap=-2.25,1.86
2026-10-01T00:24:27.521384+02:00,36577730,Segunda Division,Venezuela,CD Lara,REAL FRONTERA FC,2026-09-30T23:00:00+00:00,35.5413,soccer.asian_handicap,period=ft,home,handicap=-3,2.8
2026-10-01T00:24:27.521384+02:00,36577730,Segunda Division,Venezuela,CD Lara,REAL FRONTERA FC,2026-09-30T23:00:00+00:00,35.5413,soccer.asian_handicap,period=ft,away,handicap=-3,1.34
2026-10-01T00:24:27.521384+02:00,36577730,Segunda Division,Venezuela,CD Lara,REAL FRONTERA FC,2026-09-30T23:00:00+00:00,35.5413,soccer.asian_handicap,period=ft,home,handicap=-2.75,2.25
2026-10-01T00:24:27.521384+02:00,36577730,Segunda Division,Venezuela,CD Lara,REAL FRONTERA FC,2026-09-30T23:00:00+00:00,35.5413,soccer.asian_handicap,period=ft,away,handicap=-2.75,1.5
2026-10-01T00:24:27.521384+02:00,36577730,Segunda Division,Venezuela,CD Lara,REAL FRONTERA FC,2026-09-30T23:00:00+00:00,35.5413,soccer.asian_handicap,period=ft,home,handicap=-2.5,2.02
2026-10-01T00:24:27.521384+02:00,36577730,Segunda Division,Venezuela,CD Lara,REAL FRONTERA FC,2026-09-30T23:00:00+00:00,35.5413,soccer.asian_handicap,period=ft,away,handicap=-2.5,1.66
2026-10-01T00:24:27.521384+02:00,36577730,Segunda Division,Venezuela,CD Lara,REAL FRONTERA FC,2026-09-30T23:00:00+00:00,35.5413,soccer.asian_handicap,period=ft,home,handicap=-2,1.57
2026-10-01T00:24:27.521384+02:00,36577730,Segunda Division,Venezuela,CD Lara,REAL FRONTERA FC,2026-09-30T23:00:00+00:00,35.5413,soccer.asian_handicap,period=ft,away,handicap=-2,2.17
2026-10-01T00:24:27.521384+02:00,36577730,Segunda Division,Venezuela,CD Lara,REAL FRONTERA FC,2026-09-30T23:00:00+00:00,35.5413,soccer.asian_handicap,period=ft,home,handicap=-1.75,1.44
2026-10-01T00:24:27.521384+02:00,36577730,Segunda Division,Venezuela,CD Lara,REAL FRONTERA FC,2026-09-30T23:00:00+00:00,35.5413,soccer.asian_handicap,period=ft,away,handicap=-1.75,2.4
2026-10-01T00:24:27.521384+02:00,36577730,Segunda Division,Venezuela,CD Lara,REAL FRONTERA FC,2026-09-30T23:00:00+00:00,35.5413,soccer.asian_handicap,period=ft,home,handicap=-1.5,1.35
2026-10-01T00:24:27.521384+02:00,36577730,Segunda Division,Venezuela,CD Lara,REAL FRONTERA FC,2026-09-30T23:00:00+00:00,35.5413,soccer.asian_handicap,period=ft,away,handicap=-1.5,2.7
2026-10-01T00:24:27.521384+02:00,36577730,Segunda Division,Venezuela,CD Lara,REAL FRONTERA FC,2026-09-30T23:00:00+00:00,35.5413,soccer.double_chance,period=ft,draw_away,,5.0
2026-10-01T00:24:27.521384+02:00,36577730,Segunda Division,Venezuela,CD Lara,REAL FRONTERA FC,2026-09-30T23:00:00+00:00,35.5413,soccer.double_chance,period=ft,home_away,,1.07
2026-10-01T00:24:27.521384+02:00,36577730,Segunda Division,Venezuela,CD Lara,REAL FRONTERA FC,2026-09-30T23:00:00+00:00,35.5413,soccer.double_chance,period=ft,home_draw,,1.04
2026-10-01T00:24:27.521384+02:00,36577730,Segunda Division,Venezuela,CD Lara,REAL FRONTERA FC,2026-09-30T23:00:00+00:00,35.5413,soccer.match_odds,period=ft,home,,1.11
2026-10-01T00:24:27.521384+02:00,36577730,Segunda Division,Venezuela,CD Lara,REAL FRONTERA FC,2026-09-30T23:00:00+00:00,35.5413,soccer.match_odds,period=ft,draw,,8.2
2026-10-01T00:24:27.521384+02:00,36577730,Segunda Division,Venezuela,CD Lara,REAL FRONTERA FC,2026-09-30T23:00:00+00:00,35.5413,soccer.match_odds,period=ft,away,,12.0
2026-10-01T00:24:27.521384+02:00,36577730,Segunda Division,Venezuela,CD Lara,REAL FRONTERA FC,2026-09-30T23:00:00+00:00,35.5413,soccer.total_goals,period=ft,over,total=3.25,1.78
2026-10-01T00:24:27.521384+02:00,36577730,Segunda Division,Venezuela,CD Lara,REAL FRONTERA FC,2026-09-30T23:00:00+00:00,35.5413,soccer.total_goals,period=ft,under,total=3.25,1.9
2026-10-01T00:24:27.521384+02:00,36577730,Segunda Division,Venezuela,CD Lara,REAL FRONTERA FC,2026-09-30T23:00:00+00:00,35.5413,soccer.total_goals,period=ft,over,total=2.5,1.33
2026-10-01T00:24:27.521384+02:00,36577730,Segunda Division,Venezuela,CD Lara,REAL FRONTERA FC,2026-09-30T23:00:00+00:00,35.5413,soccer.total_goals,period=ft,under,total=2.5,2.8
2026-10-01T00:24:27.521384+02:00,36577730,Segunda Division,Venezuela,CD Lara,REAL FRONTERA FC,2026-09-30T23:00:00+00:00,35.5413,soccer.total_goals,period=ft,over,total=2.75,1.41
2026-10-01T00:24:27.521384+02:00,36577730,Segunda Division,Venezuela,CD Lara,REAL FRONTERA FC,2026-09-30T23:00:00+00:00,35.5413,soccer.total_goals,period=ft,under,total=2.75,2.5
2026-10-01T00:24:27.521384+02:00,36577730,Segunda Division,Venezuela,CD Lara,REAL FRONTERA FC,2026-09-30T23:00:00+00:00,35.5413,soccer.total_goals,period=ft,over,total=3,1.54
2026-10-01T00:24:27.521384+02:00,36577730,Segunda Division,Venezuela,CD Lara,REAL FRONTERA FC,2026-09-30T23:00:00+00:00,35.5413,soccer.total_goals,period=ft,under,total=3,2.2
2026-10-01T00:24:27.521384+02:00,36577730,Segunda Division,Venezuela,CD Lara,REAL FRONTERA FC,2026-09-30T23:00:00+00:00,35.5413,soccer.total_goals,period=ft,over,total=3.5,1.99
2026-10-01T00:24:27.521384+02:00,36577730,Segunda Division,Venezuela,CD Lara,REAL FRONTERA FC,2026-09-30T23:00:00+00:00,35.5413,soccer.total_goals,period=ft,under,total=3.5,1.69
2026-10-01T00:24:27.521384+02:00,36577730,Segunda Division,Venezuela,CD Lara,REAL FRONTERA FC,2026-09-30T23:00:00+00:00,35.5413,soccer.total_goals,period=ft,over,total=3.75,2.25
2026-10-01T00:24:27.521384+02:00,36577730,Segunda Division,Venezuela,CD Lara,REAL FRONTERA FC,2026-09-30T23:00:00+00:00,35.5413,soccer.total_goals,period=ft,under,total=3.75,1.51
2026-10-01T00:24:27.521384+02:00,36577730,Segunda Division,Venezuela,CD Lara,REAL FRONTERA FC,2026-09-30T23:00:00+00:00,35.5413,soccer.total_goals,period=ft,over,total=4,2.7
2026-10-01T00:24:27.521384+02:00,36577730,Segunda Division,Venezuela,CD Lara,REAL FRONTERA FC,2026-09-30T23:00:00+00:00,35.5413,soccer.total_goals,period=ft,under,total=4,1.35
2026-10-01T00:24:27.521384+02:00,36573249,Copa Division Profesional,Bolivia,CD Real Tomayapo,CA Nacional Potosi,2026-09-30T22:30:00+00:00,5.5413,soccer.asian_handicap,period=ft,home,handicap=0,1.91
2026-10-01T00:24:27.521384+02:00,36573249,Copa Division Profesional,Bolivia,CD Real Tomayapo,CA Nacional Potosi,2026-09-30T22:30:00+00:00,5.5413,soccer.asian_handicap,period=ft,away,handicap=0,1.79
2026-10-01T00:24:27.521384+02:00,36573249,Copa Division Profesional,Bolivia,CD Real Tomayapo,CA Nacional Potosi,2026-09-30T22:30:00+00:00,5.5413,soccer.asian_handicap,period=ft,home,handicap=-0.75,2.95
2026-10-01T00:24:27.521384+02:00,36573249,Copa Division Profesional,Bolivia,CD Real Tomayapo,CA Nacional Potosi,2026-09-30T22:30:00+00:00,5.5413,soccer.asian_handicap,period=ft,away,handicap=-0.75,1.31
2026-10-01T00:24:27.521384+02:00,36573249,Copa Division Profesional,Bolivia,CD Real Tomayapo,CA Nacional Potosi,2026-09-30T22:30:00+00:00,5.5413,soccer.asian_handicap,period=ft,home,handicap=-0.5,2.45
2026-10-01T00:24:27.521384+02:00,36573249,Copa Division Profesional,Bolivia,CD Real Tomayapo,CA Nacional Potosi,2026-09-30T22:30:00+00:00,5.5413,soccer.asian_handicap,period=ft,away,handicap=-0.5,1.43
2026-10-01T00:24:27.521384+02:00,36573249,Copa Division Profesional,Bolivia,CD Real Tomayapo,CA Nacional Potosi,2026-09-30T22:30:00+00:00,5.5413,soccer.asian_handicap,period=ft,home,handicap=-0.25,2.2
2026-10-01T00:24:27.521384+02:00,36573249,Copa Division Profesional,Bolivia,CD Real Tomayapo,CA Nacional Potosi,2026-09-30T22:30:00+00:00,5.5413,soccer.asian_handicap,period=ft,away,handicap=-0.25,1.57
2026-10-01T00:24:27.521384+02:00,36573249,Copa Division Profesional,Bolivia,CD Real Tomayapo,CA Nacional Potosi,2026-09-30T22:30:00+00:00,5.5413,soccer.asian_handicap,period=ft,home,handicap=0.25,1.64
2026-10-01T00:24:27.521384+02:00,36573249,Copa Division Profesional,Bolivia,CD Real Tomayapo,CA Nacional Potosi,2026-09-30T22:30:00+00:00,5.5413,soccer.asian_handicap,period=ft,away,handicap=0.25,2.07
2026-10-01T00:24:27.521384+02:00,36573249,Copa Division Profesional,Bolivia,CD Real Tomayapo,CA Nacional Potosi,2026-09-30T22:30:00+00:00,5.5413,soccer.asian_handicap,period=ft,home,handicap=0.5,1.49
2026-10-01T00:24:27.521384+02:00,36573249,Copa Division Profesional,Bolivia,CD Real Tomayapo,CA Nacional Potosi,2026-09-30T22:30:00+00:00,5.5413,soccer.asian_handicap,period=ft,away,handicap=0.5,2.3
2026-10-01T00:24:27.521384+02:00,36573249,Copa Division Profesional,Bolivia,CD Real Tomayapo,CA Nacional Potosi,2026-09-30T22:30:00+00:00,5.5413,soccer.asian_handicap,period=ft,home,handicap=0.75,1.35
2026-10-01T00:24:27.521384+02:00,36573249,Copa Division Profesional,Bolivia,CD Real Tomayapo,CA Nacional Potosi,2026-09-30T22:30:00+00:00,5.5413,soccer.asian_handicap,period=ft,away,handicap=0.75,2.75
2026-10-01T00:24:27.521384+02:00,36573249,Copa Division Profesional,Bolivia,CD Real Tomayapo,CA Nacional Potosi,2026-09-30T22:30:00+00:00,5.5413,soccer.match_odds,period=ft,home,,2.5
2026-10-01T00:24:27.521384+02:00,36573249,Copa Division Profesional,Bolivia,CD Real Tomayapo,CA Nacional Potosi,2026-09-30T22:30:00+00:00,5.5413,soccer.match_odds,period=ft,draw,,3.25
2026-10-01T00:24:27.521384+02:00,36573249,Copa Division Profesional,Bolivia,CD Real Tomayapo,CA Nacional Potosi,2026-09-30T22:30:00+00:00,5.5413,soccer.match_odds,period=ft,away,,2.35
2026-10-01T00:24:27.521384+02:00,36573249,Copa Division Profesional,Bolivia,CD Real Tomayapo,CA Nacional Potosi,2026-09-30T22:30:00+00:00,5.5413,soccer.total_goals,period=ft,over,total=2.75,1.84
2026-10-01T00:24:27.521384+02:00,36573249,Copa Division Profesional,Bolivia,CD Real Tomayapo,CA Nacional Potosi,2026-09-30T22:30:00+00:00,5.5413,soccer.total_goals,period=ft,under,total=2.75,1.85
2026-10-01T00:24:27.521384+02:00,36573249,Copa Division Profesional,Bolivia,CD Real Tomayapo,CA Nacional Potosi,2026-09-30T22:30:00+00:00,5.5413,soccer.total_goals,period=ft,over,total=2,1.28
2026-10-01T00:24:27.521384+02:00,36573249,Copa Division Profesional,Bolivia,CD Real Tomayapo,CA Nacional Potosi,2026-09-30T22:30:00+00:00,5.5413,soccer.total_goals,period=ft,under,total=2,3.1
2026-10-01T00:24:27.521384+02:00,36573249,Copa Division Profesional,Bolivia,CD Real Tomayapo,CA Nacional Potosi,2026-09-30T22:30:00+00:00,5.5413,soccer.total_goals,period=ft,over,total=2.25,1.46
2026-10-01T00:24:27.521384+02:00,36573249,Copa Division Profesional,Bolivia,CD Real Tomayapo,CA Nacional Potosi,2026-09-30T22:30:00+00:00,5.5413,soccer.total_goals,period=ft,under,total=2.25,2.35
2026-10-01T00:24:27.521384+02:00,36573249,Copa Division Profesional,Bolivia,CD Real Tomayapo,CA Nacional Potosi,2026-09-30T22:30:00+00:00,5.5413,soccer.total_goals,period=ft,over,total=2.5,1.66
2026-10-01T00:24:27.521384+02:00,36573249,Copa Division Profesional,Bolivia,CD Real Tomayapo,CA Nacional Potosi,2026-09-30T22:30:00+00:00,5.5413,soccer.total_goals,period=ft,under,total=2.5,2.04
2026-10-01T00:24:27.521384+02:00,36573249,Copa Division Profesional,Bolivia,CD Real Tomayapo,CA Nacional Potosi,2026-09-30T22:30:00+00:00,5.5413,soccer.total_goals,period=ft,over,total=3,2.08
2026-10-01T00:24:27.521384+02:00,36573249,Copa Division Profesional,Bolivia,CD Real Tomayapo,CA Nacional Potosi,2026-09-30T22:30:00+00:00,5.5413,soccer.total_goals,period=ft,under,total=3,1.63
2026-10-01T00:24:27.521384+02:00,36573249,Copa Division Profesional,Bolivia,CD Real Tomayapo,CA Nacional Potosi,2026-09-30T22:30:00+00:00,5.5413,soccer.total_goals,period=ft,over,total=3.25,2.3
2026-10-01T00:24:27.521384+02:00,36573249,Copa Division Profesional,Bolivia,CD Real Tomayapo,CA Nacional Potosi,2026-09-30T22:30:00+00:00,5.5413,soccer.total_goals,period=ft,under,total=3.25,1.49
2026-10-01T00:24:27.521384+02:00,36573249,Copa Division Profesional,Bolivia,CD Real Tomayapo,CA Nacional Potosi,2026-09-30T22:30:00+00:00,5.5413,soccer.total_goals,period=ft,over,total=3.5,2.55
2026-10-01T00:24:27.521384+02:00,36573249,Copa Division Profesional,Bolivia,CD Real Tomayapo,CA Nacional Potosi,2026-09-30T22:30:00+00:00,5.5413,soccer.total_goals,period=ft,under,total=3.5,1.4
2026-10-01T00:24:27.521384+02:00,36522149,Primera Division,Uruguay,Montevideo City Torque,CA Penarol Montevideo,2026-09-30T23:00:00+00:00,35.5413,soccer.asian_handicap,period=ft,home,handicap=0.25,2.03
2026-10-01T00:24:27.521384+02:00,36522149,Primera Division,Uruguay,Montevideo City Torque,CA Penarol Montevideo,2026-09-30T23:00:00+00:00,35.5413,soccer.asian_handicap,period=ft,away,handicap=0.25,1.8
2026-10-01T00:24:27.521384+02:00,36522149,Primera Division,Uruguay,Montevideo City Torque,CA Penarol Montevideo,2026-09-30T23:00:00+00:00,35.5413,soccer.asian_handicap,period=ft,home,handicap=-0.75,4.4
2026-10-01T00:24:27.521384+02:00,36522149,Primera Division,Uruguay,Montevideo City Torque,CA Penarol Montevideo,2026-09-30T23:00:00+00:00,35.5413,soccer.asian_handicap,period=ft,away,handicap=-0.75,1.2
2026-10-01T00:24:27.521384+02:00,36522149,Primera Division,Uruguay,Montevideo City Torque,CA Penarol Montevideo,2026-09-30T23:00:00+00:00,35.5413,soccer.asian_handicap,period=ft,home,handicap=-0.5,3.4
2026-10-01T00:24:27.521384+02:00,36522149,Primera Division,Uruguay,Montevideo City Torque,CA Penarol Montevideo,2026-09-30T23:00:00+00:00,35.5413,soccer.asian_handicap,period=ft,away,handicap=-0.5,1.31
2026-10-01T00:24:27.521384+02:00,36522149,Primera Division,Uruguay,Montevideo City Torque,CA Penarol Montevideo,2026-09-30T23:00:00+00:00,35.5413,soccer.asian_handicap,period=ft,home,handicap=-0.25,2.95
2026-10-01T00:24:27.521384+02:00,36522149,Primera Division,Uruguay,Montevideo City Torque,CA Penarol Montevideo,2026-09-30T23:00:00+00:00,35.5413,soccer.asian_handicap,period=ft,away,handicap=-0.25,1.39
2026-10-01T00:24:27.521384+02:00,36522149,Primera Division,Uruguay,Montevideo City Torque,CA Penarol Montevideo,2026-09-30T23:00:00+00:00,35.5413,soccer.asian_handicap,period=ft,home,handicap=0,2.5
2026-10-01T00:24:27.521384+02:00,36522149,Primera Division,Uruguay,Montevideo City Torque,CA Penarol Montevideo,2026-09-30T23:00:00+00:00,35.5413,soccer.asian_handicap,period=ft,away,handicap=0,1.52
2026-10-01T00:24:27.521384+02:00,36522149,Primera Division,Uruguay,Montevideo City Torque,CA Penarol Montevideo,2026-09-30T23:00:00+00:00,35.5413,soccer.asian_handicap,period=ft,home,handicap=0.5,1.76
2026-10-01T00:24:27.521384+02:00,36522149,Primera Division,Uruguay,Montevideo City Torque,CA Penarol Montevideo,2026-09-30T23:00:00+00:00,35.5413,soccer.asian_handicap,period=ft,away,handicap=0.5,2.07
2026-10-01T00:24:27.521384+02:00,36522149,Primera Division,Uruguay,Montevideo City Torque,CA Penarol Montevideo,2026-09-30T23:00:00+00:00,35.5413,soccer.asian_handicap,period=ft,home,handicap=0.75,1.55
2026-10-01T00:24:27.521384+02:00,36522149,Primera Division,Uruguay,Montevideo City Torque,CA Penarol Montevideo,2026-09-30T23:00:00+00:00,35.5413,soccer.asian_handicap,period=ft,away,handicap=0.75,2.45
2026-10-01T00:24:27.521384+02:00,36522149,Primera Division,Uruguay,Montevideo City Torque,CA Penarol Montevideo,2026-09-30T23:00:00+00:00,35.5413,soccer.asian_handicap,period=ft,home,handicap=1,1.34
2026-10-01T00:24:27.521384+02:00,36522149,Primera Division,Uruguay,Montevideo City Torque,CA Penarol Montevideo,2026-09-30T23:00:00+00:00,35.5413,soccer.asian_handicap,period=ft,away,handicap=1,3.15
2026-10-01T00:24:27.521384+02:00,36522149,Primera Division,Uruguay,Montevideo City Torque,CA Penarol Montevideo,2026-09-30T23:00:00+00:00,35.5413,soccer.asian_handicap,period=ft,home,handicap=1.25,1.27
2026-10-01T00:24:27.521384+02:00,36522149,Primera Division,Uruguay,Montevideo City Torque,CA Penarol Montevideo,2026-09-30T23:00:00+00:00,35.5413,soccer.asian_handicap,period=ft,away,handicap=1.25,3.65
2026-10-01T00:24:27.521384+02:00,36522149,Primera Division,Uruguay,Montevideo City Torque,CA Penarol Montevideo,2026-09-30T23:00:00+00:00,35.5413,soccer.double_chance,period=ft,draw_away,,1.32
2026-10-01T00:24:27.521384+02:00,36522149,Primera Division,Uruguay,Montevideo City Torque,CA Penarol Montevideo,2026-09-30T23:00:00+00:00,35.5413,soccer.double_chance,period=ft,home_away,,1.27
2026-10-01T00:24:27.521384+02:00,36522149,Primera Division,Uruguay,Montevideo City Torque,CA Penarol Montevideo,2026-09-30T23:00:00+00:00,35.5413,soccer.double_chance,period=ft,home_draw,,1.76
2026-10-01T00:24:27.521384+02:00,36522149,Primera Division,Uruguay,Montevideo City Torque,CA Penarol Montevideo,2026-09-30T23:00:00+00:00,35.5413,soccer.match_odds,period=ft,home,,3.4
2026-10-01T00:24:27.521384+02:00,36522149,Primera Division,Uruguay,Montevideo City Torque,CA Penarol Montevideo,2026-09-30T23:00:00+00:00,35.5413,soccer.match_odds,period=ft,draw,,3.5
2026-10-01T00:24:27.521384+02:00,36522149,Primera Division,Uruguay,Montevideo City Torque,CA Penarol Montevideo,2026-09-30T23:00:00+00:00,35.5413,soccer.match_odds,period=ft,away,,2.07
2026-10-01T00:24:27.521384+02:00,36522149,Primera Division,Uruguay,Montevideo City Torque,CA Penarol Montevideo,2026-09-30T23:00:00+00:00,35.5413,soccer.total_goals,period=ft,over,total=2.5,2.01
2026-10-01T00:24:27.521384+02:00,36522149,Primera Division,Uruguay,Montevideo City Torque,CA Penarol Montevideo,2026-09-30T23:00:00+00:00,35.5413,soccer.total_goals,period=ft,under,total=2.5,1.8
2026-10-01T00:24:27.521384+02:00,36522149,Primera Division,Uruguay,Montevideo City Torque,CA Penarol Montevideo,2026-09-30T23:00:00+00:00,35.5413,soccer.total_goals,period=ft,over,total=1.5,1.3
2026-10-01T00:24:27.521384+02:00,36522149,Primera Division,Uruguay,Montevideo City Torque,CA Penarol Montevideo,2026-09-30T23:00:00+00:00,35.5413,soccer.total_goals,period=ft,under,total=1.5,3.35
2026-10-01T00:24:27.521384+02:00,36522149,Primera Division,Uruguay,Montevideo City Torque,CA Penarol Montevideo,2026-09-30T23:00:00+00:00,35.5413,soccer.total_goals,period=ft,over,total=2,1.5
2026-10-01T00:24:27.521384+02:00,36522149,Primera Division,Uruguay,Montevideo City Torque,CA Penarol Montevideo,2026-09-30T23:00:00+00:00,35.5413,soccer.total_goals,period=ft,under,total=2,2.55
2026-10-01T00:24:27.521384+02:00,36522149,Primera Division,Uruguay,Montevideo City Torque,CA Penarol Montevideo,2026-09-30T23:00:00+00:00,35.5413,soccer.total_goals,period=ft,over,total=2.25,1.75
2026-10-01T00:24:27.521384+02:00,36522149,Primera Division,Uruguay,Montevideo City Torque,CA Penarol Montevideo,2026-09-30T23:00:00+00:00,35.5413,soccer.total_goals,period=ft,under,total=2.25,2.05
2026-10-01T00:24:27.521384+02:00,36522149,Primera Division,Uruguay,Montevideo City Torque,CA Penarol Montevideo,2026-09-30T23:00:00+00:00,35.5413,soccer.total_goals,period=ft,over,total=2.75,2.3
2026-10-01T00:24:27.521384+02:00,36522149,Primera Division,Uruguay,Montevideo City Torque,CA Penarol Montevideo,2026-09-30T23:00:00+00:00,35.5413,soccer.total_goals,period=ft,under,total=2.75,1.6
2026-10-01T00:24:27.521384+02:00,36522149,Primera Division,Uruguay,Montevideo City Torque,CA Penarol Montevideo,2026-09-30T23:00:00+00:00,35.5413,soccer.total_goals,period=ft,over,total=3,2.85
2026-10-01T00:24:27.521384+02:00,36522149,Primera Division,Uruguay,Montevideo City Torque,CA Penarol Montevideo,2026-09-30T23:00:00+00:00,35.5413,soccer.total_goals,period=ft,under,total=3,1.41
2026-10-01T00:24:27.521384+02:00,36522149,Primera Division,Uruguay,Montevideo City Torque,CA Penarol Montevideo,2026-09-30T23:00:00+00:00,35.5413,soccer.total_goals,period=ft,over,total=3.5,3.55
2026-10-01T00:24:27.521384+02:00,36522149,Primera Division,Uruguay,Montevideo City Torque,CA Penarol Montevideo,2026-09-30T23:00:00+00:00,35.5413,soccer.total_goals,period=ft,under,total=3.5,1.28
2026-10-01T00:24:27.521384+02:00,36522149,Primera Division,Uruguay,Montevideo City Torque,CA Penarol Montevideo,2026-09-30T23:00:00+00:00,35.5413,soccer.total_goals,period=ft,over,total=4.5,7.05
2026-10-01T00:24:27.521384+02:00,36522149,Primera Division,Uruguay,Montevideo City Torque,CA Penarol Montevideo,2026-09-30T23:00:00+00:00,35.5413,soccer.total_goals,period=ft,under,total=4.5,1.09
2026-10-01T00:24:27.521384+02:00,36521470,USL Championship,USA,LIU Brooklyn,Detroit City FC,2026-09-30T23:00:00+00:00,35.5413,soccer.asian_handicap,period=ft,home,handicap=0.25,1.86
2026-10-01T00:24:27.521384+02:00,36521470,USL Championship,USA,LIU Brooklyn,Detroit City FC,2026-09-30T23:00:00+00:00,35.5413,soccer.asian_handicap,period=ft,away,handicap=0.25,1.95
2026-10-01T00:24:27.521384+02:00,36521470,USL Championship,USA,LIU Brooklyn,Detroit City FC,2026-09-30T23:00:00+00:00,35.5413,soccer.asian_handicap,period=ft,home,handicap=-0.75,4.05
2026-10-01T00:24:27.521384+02:00,36521470,USL Championship,USA,LIU Brooklyn,Detroit City FC,2026-09-30T23:00:00+00:00,35.5413,soccer.asian_handicap,period=ft,away,handicap=-0.75,1.22
2026-10-01T00:24:27.521384+02:00,36521470,USL Championship,USA,LIU Brooklyn,Detroit City FC,2026-09-30T23:00:00+00:00,35.5413,soccer.asian_handicap,period=ft,home,handicap=-0.5,3.1
2026-10-01T00:24:27.521384+02:00,36521470,USL Championship,USA,LIU Brooklyn,Detroit City FC,2026-09-30T23:00:00+00:00,35.5413,soccer.asian_handicap,period=ft,away,handicap=-0.5,1.34
2026-10-01T00:24:27.521384+02:00,36521470,USL Championship,USA,LIU Brooklyn,Detroit City FC,2026-09-30T23:00:00+00:00,35.5413,soccer.asian_handicap,period=ft,home,handicap=-0.25,2.7
2026-10-01T00:24:27.521384+02:00,36521470,USL Championship,USA,LIU Brooklyn,Detroit City FC,2026-09-30T23:00:00+00:00,35.5413,soccer.asian_handicap,period=ft,away,handicap=-0.25,1.44
2026-10-01T00:24:27.521384+02:00,36521470,USL Championship,USA,LIU Brooklyn,Detroit City FC,2026-09-30T23:00:00+00:00,35.5413,soccer.asian_handicap,period=ft,home,handicap=0,2.25
2026-10-01T00:24:27.521384+02:00,36521470,USL Championship,USA,LIU Brooklyn,Detroit City FC,2026-09-30T23:00:00+00:00,35.5413,soccer.asian_handicap,period=ft,away,handicap=0,1.62
2026-10-01T00:24:27.521384+02:00,36521470,USL Championship,USA,LIU Brooklyn,Detroit City FC,2026-09-30T23:00:00+00:00,35.5413,soccer.asian_handicap,period=ft,home,handicap=0.5,1.63
2026-10-01T00:24:27.521384+02:00,36521470,USL Championship,USA,LIU Brooklyn,Detroit City FC,2026-09-30T23:00:00+00:00,35.5413,soccer.asian_handicap,period=ft,away,handicap=0.5,2.25
2026-10-01T00:24:27.521384+02:00,36521470,USL Championship,USA,LIU Brooklyn,Detroit City FC,2026-09-30T23:00:00+00:00,35.5413,soccer.asian_handicap,period=ft,home,handicap=0.75,1.46
2026-10-01T00:24:27.521384+02:00,36521470,USL Championship,USA,LIU Brooklyn,Detroit City FC,2026-09-30T23:00:00+00:00,35.5413,soccer.asian_handicap,period=ft,away,handicap=0.75,2.65
2026-10-01T00:24:27.521384+02:00,36521470,USL Championship,USA,LIU Brooklyn,Detroit City FC,2026-09-30T23:00:00+00:00,35.5413,soccer.asian_handicap,period=ft,home,handicap=1,1.28
2026-10-01T00:24:27.521384+02:00,36521470,USL Championship,USA,LIU Brooklyn,Detroit City FC,2026-09-30T23:00:00+00:00,35.5413,soccer.asian_handicap,period=ft,away,handicap=1,3.5
2026-10-01T00:24:27.521384+02:00,36521470,USL Championship,USA,LIU Brooklyn,Detroit City FC,2026-09-30T23:00:00+00:00,35.5413,soccer.asian_handicap,period=ft,home,handicap=1.25,1.23
2026-10-01T00:24:27.521384+02:00,36521470,USL Championship,USA,LIU Brooklyn,Detroit City FC,2026-09-30T23:00:00+00:00,35.5413,soccer.asian_handicap,period=ft,away,handicap=1.25,3.95
2026-10-01T00:24:27.521384+02:00,36521470,USL Championship,USA,LIU Brooklyn,Detroit City FC,2026-09-30T23:00:00+00:00,35.5413,soccer.double_chance,period=ft,draw_away,,1.31
2026-10-01T00:24:27.521384+02:00,36521470,USL Championship,USA,LIU Brooklyn,Detroit City FC,2026-09-30T23:00:00+00:00,35.5413,soccer.double_chance,period=ft,home_away,,1.31
2026-10-01T00:24:27.521384+02:00,36521470,USL Championship,USA,LIU Brooklyn,Detroit City FC,2026-09-30T23:00:00+00:00,35.5413,soccer.double_chance,period=ft,home_draw,,1.53
2026-10-01T00:24:27.521384+02:00,36521470,USL Championship,USA,LIU Brooklyn,Detroit City FC,2026-09-30T23:00:00+00:00,35.5413,soccer.match_odds,period=ft,home,,3.15
2026-10-01T00:24:27.521384+02:00,36521470,USL Championship,USA,LIU Brooklyn,Detroit City FC,2026-09-30T23:00:00+00:00,35.5413,soccer.match_odds,period=ft,draw,,3.25
2026-10-01T00:24:27.521384+02:00,36521470,USL Championship,USA,LIU Brooklyn,Detroit City FC,2026-09-30T23:00:00+00:00,35.5413,soccer.match_odds,period=ft,away,,2.25
2026-10-01T00:24:27.521384+02:00,36521470,USL Championship,USA,LIU Brooklyn,Detroit City FC,2026-09-30T23:00:00+00:00,35.5413,soccer.total_goals,period=ft,over,total=2.25,1.84
2026-10-01T00:24:27.521384+02:00,36521470,USL Championship,USA,LIU Brooklyn,Detroit City FC,2026-09-30T23:00:00+00:00,35.5413,soccer.total_goals,period=ft,under,total=2.25,1.95
2026-10-01T00:24:27.521384+02:00,36521470,USL Championship,USA,LIU Brooklyn,Detroit City FC,2026-09-30T23:00:00+00:00,35.5413,soccer.total_goals,period=ft,over,total=1.5,1.34
2026-10-01T00:24:27.521384+02:00,36521470,USL Championship,USA,LIU Brooklyn,Detroit City FC,2026-09-30T23:00:00+00:00,35.5413,soccer.total_goals,period=ft,under,total=1.5,3.1
2026-10-01T00:24:27.521384+02:00,36521470,USL Championship,USA,LIU Brooklyn,Detroit City FC,2026-09-30T23:00:00+00:00,35.5413,soccer.total_goals,period=ft,over,total=1.75,1.43
2026-10-01T00:24:27.521384+02:00,36521470,USL Championship,USA,LIU Brooklyn,Detroit City FC,2026-09-30T23:00:00+00:00,35.5413,soccer.total_goals,period=ft,under,total=1.75,2.75
2026-10-01T00:24:27.521384+02:00,36521470,USL Championship,USA,LIU Brooklyn,Detroit City FC,2026-09-30T23:00:00+00:00,35.5413,soccer.total_goals,period=ft,over,total=2,1.56
2026-10-01T00:24:27.521384+02:00,36521470,USL Championship,USA,LIU Brooklyn,Detroit City FC,2026-09-30T23:00:00+00:00,35.5413,soccer.total_goals,period=ft,under,total=2,2.35
2026-10-01T00:24:27.521384+02:00,36521470,USL Championship,USA,LIU Brooklyn,Detroit City FC,2026-09-30T23:00:00+00:00,35.5413,soccer.total_goals,period=ft,over,total=2.5,2.1
2026-10-01T00:24:27.521384+02:00,36521470,USL Championship,USA,LIU Brooklyn,Detroit City FC,2026-09-30T23:00:00+00:00,35.5413,soccer.total_goals,period=ft,under,total=2.5,1.71
2026-10-01T00:24:27.521384+02:00,36521470,USL Championship,USA,LIU Brooklyn,Detroit City FC,2026-09-30T23:00:00+00:00,35.5413,soccer.total_goals,period=ft,over,total=2.75,2.4
2026-10-01T00:24:27.521384+02:00,36521470,USL Championship,USA,LIU Brooklyn,Detroit City FC,2026-09-30T23:00:00+00:00,35.5413,soccer.total_goals,period=ft,under,total=2.75,1.54
2026-10-01T00:24:27.521384+02:00,36521470,USL Championship,USA,LIU Brooklyn,Detroit City FC,2026-09-30T23:00:00+00:00,35.5413,soccer.total_goals,period=ft,over,total=3.5,3.65
2026-10-01T00:24:27.521384+02:00,36521470,USL Championship,USA,LIU Brooklyn,Detroit City FC,2026-09-30T23:00:00+00:00,35.5413,soccer.total_goals,period=ft,under,total=3.5,1.26
2026-10-01T00:24:27.521384+02:00,36521466,USL Championship,USA,Miami FC,Sporting Jax,2026-09-30T23:00:00+00:00,35.5413,soccer.asian_handicap,period=ft,home,handicap=-1.25,2.0
2026-10-01T00:24:27.521384+02:00,36521466,USL Championship,USA,Miami FC,Sporting Jax,2026-09-30T23:00:00+00:00,35.5413,soccer.asian_handicap,period=ft,away,handicap=-1.25,1.82
2026-10-01T00:24:27.521384+02:00,36521466,USL Championship,USA,Miami FC,Sporting Jax,2026-09-30T23:00:00+00:00,35.5413,soccer.asian_handicap,period=ft,home,handicap=-2.25,3.65
2026-10-01T00:24:27.521384+02:00,36521466,USL Championship,USA,Miami FC,Sporting Jax,2026-09-30T23:00:00+00:00,35.5413,soccer.asian_handicap,period=ft,away,handicap=-2.25,1.27
2026-10-01T00:24:27.521384+02:00,36521466,USL Championship,USA,Miami FC,Sporting Jax,2026-09-30T23:00:00+00:00,35.5413,soccer.asian_handicap,period=ft,home,handicap=-2,3.25
2026-10-01T00:24:27.521384+02:00,36521466,USL Championship,USA,Miami FC,Sporting Jax,2026-09-30T23:00:00+00:00,35.5413,soccer.asian_handicap,period=ft,away,handicap=-2,1.32
2026-10-01T00:24:27.521384+02:00,36521466,USL Championship,USA,Miami FC,Sporting Jax,2026-09-30T23:00:00+00:00,35.5413,soccer.asian_handicap,period=ft,home,handicap=-1.75,2.6
2026-10-01T00:24:27.521384+02:00,36521466,USL Championship,USA,Miami FC,Sporting Jax,2026-09-30T23:00:00+00:00,35.5413,soccer.asian_handicap,period=ft,away,handicap=-1.75,1.49
2026-10-01T00:24:27.521384+02:00,36521466,USL Championship,USA,Miami FC,Sporting Jax,2026-09-30T23:00:00+00:00,35.5413,soccer.asian_handicap,period=ft,home,handicap=-1.5,2.2
2026-10-01T00:24:27.521384+02:00,36521466,USL Championship,USA,Miami FC,Sporting Jax,2026-09-30T23:00:00+00:00,35.5413,soccer.asian_handicap,period=ft,away,handicap=-1.5,1.65
2026-10-01T00:24:27.521384+02:00,36521466,USL Championship,USA,Miami FC,Sporting Jax,2026-09-30T23:00:00+00:00,35.5413,soccer.asian_handicap,period=ft,home,handicap=-1,1.74
2026-10-01T00:24:27.521384+02:00,36521466,USL Championship,USA,Miami FC,Sporting Jax,2026-09-30T23:00:00+00:00,35.5413,soccer.asian_handicap,period=ft,away,handicap=-1,2.07
2026-10-01T00:24:27.521384+02:00,36521466,USL Championship,USA,Miami FC,Sporting Jax,2026-09-30T23:00:00+00:00,35.5413,soccer.asian_handicap,period=ft,home,handicap=-0.75,1.58
2026-10-01T00:24:27.521384+02:00,36521466,USL Championship,USA,Miami FC,Sporting Jax,2026-09-30T23:00:00+00:00,35.5413,soccer.asian_handicap,period=ft,away,handicap=-0.75,2.3
2026-10-01T00:24:27.521384+02:00,36521466,USL Championship,USA,Miami FC,Sporting Jax,2026-09-30T23:00:00+00:00,35.5413,soccer.asian_handicap,period=ft,home,handicap=-0.5,1.47
2026-10-01T00:24:27.521384+02:00,36521466,USL Championship,USA,Miami FC,Sporting Jax,2026-09-30T23:00:00+00:00,35.5413,soccer.asian_handicap,period=ft,away,handicap=-0.5,2.6
2026-10-01T00:24:27.521384+02:00,36521466,USL Championship,USA,Miami FC,Sporting Jax,2026-09-30T23:00:00+00:00,35.5413,soccer.asian_handicap,period=ft,home,handicap=-0.25,1.32
2026-10-01T00:24:27.521384+02:00,36521466,USL Championship,USA,Miami FC,Sporting Jax,2026-09-30T23:00:00+00:00,35.5413,soccer.asian_handicap,period=ft,away,handicap=-0.25,3.25
2026-10-01T00:24:27.521384+02:00,36521466,USL Championship,USA,Miami FC,Sporting Jax,2026-09-30T23:00:00+00:00,35.5413,soccer.double_chance,period=ft,draw_away,,2.2
2026-10-01T00:24:27.521384+02:00,36521466,USL Championship,USA,Miami FC,Sporting Jax,2026-09-30T23:00:00+00:00,35.5413,soccer.double_chance,period=ft,home_away,,1.17
2026-10-01T00:24:27.521384+02:00,36521466,USL Championship,USA,Miami FC,Sporting Jax,2026-09-30T23:00:00+00:00,35.5413,soccer.double_chance,period=ft,home_draw,,1.14
2026-10-01T00:24:27.521384+02:00,36521466,USL Championship,USA,Miami FC,Sporting Jax,2026-09-30T23:00:00+00:00,35.5413,soccer.match_odds,period=ft,home,,1.48
2026-10-01T00:24:27.521384+02:00,36521466,USL Championship,USA,Miami FC,Sporting Jax,2026-09-30T23:00:00+00:00,35.5413,soccer.match_odds,period=ft,draw,,4.35
2026-10-01T00:24:27.521384+02:00,36521466,USL Championship,USA,Miami FC,Sporting Jax,2026-09-30T23:00:00+00:00,35.5413,soccer.match_odds,period=ft,away,,6.0
2026-10-01T00:24:27.521384+02:00,36521466,USL Championship,USA,Miami FC,Sporting Jax,2026-09-30T23:00:00+00:00,35.5413,soccer.total_goals,period=ft,over,total=3.5,2.0
2026-10-01T00:24:27.521384+02:00,36521466,USL Championship,USA,Miami FC,Sporting Jax,2026-09-30T23:00:00+00:00,35.5413,soccer.total_goals,period=ft,under,total=3.5,1.8
2026-10-01T00:24:27.521384+02:00,36521466,USL Championship,USA,Miami FC,Sporting Jax,2026-09-30T23:00:00+00:00,35.5413,soccer.total_goals,period=ft,over,total=1.5,1.1
2026-10-01T00:24:27.521384+02:00,36521466,USL Championship,USA,Miami FC,Sporting Jax,2026-09-30T23:00:00+00:00,35.5413,soccer.total_goals,period=ft,under,total=1.5,6.3
2026-10-01T00:24:27.521384+02:00,36521466,USL Championship,USA,Miami FC,Sporting Jax,2026-09-30T23:00:00+00:00,35.5413,soccer.total_goals,period=ft,over,total=2.5,1.39
2026-10-01T00:24:27.521384+02:00,36521466,USL Championship,USA,Miami FC,Sporting Jax,2026-09-30T23:00:00+00:00,35.5413,soccer.total_goals,period=ft,under,total=2.5,2.85
2026-10-01T00:24:27.521384+02:00,36521466,USL Championship,USA,Miami FC,Sporting Jax,2026-09-30T23:00:00+00:00,35.5413,soccer.total_goals,period=ft,over,total=3,1.59
2026-10-01T00:24:27.521384+02:00,36521466,USL Championship,USA,Miami FC,Sporting Jax,2026-09-30T23:00:00+00:00,35.5413,soccer.total_goals,period=ft,under,total=3,2.3
2026-10-01T00:24:27.521384+02:00,36521466,USL Championship,USA,Miami FC,Sporting Jax,2026-09-30T23:00:00+00:00,35.5413,soccer.total_goals,period=ft,over,total=3.25,1.79
2026-10-01T00:24:27.521384+02:00,36521466,USL Championship,USA,Miami FC,Sporting Jax,2026-09-30T23:00:00+00:00,35.5413,soccer.total_goals,period=ft,under,total=3.25,2.0
2026-10-01T00:24:27.521384+02:00,36521466,USL Championship,USA,Miami FC,Sporting Jax,2026-09-30T23:00:00+00:00,35.5413,soccer.total_goals,period=ft,over,total=3.75,2.25
2026-10-01T00:24:27.521384+02:00,36521466,USL Championship,USA,Miami FC,Sporting Jax,2026-09-30T23:00:00+00:00,35.5413,soccer.total_goals,period=ft,under,total=3.75,1.62
2026-10-01T00:24:27.521384+02:00,36521466,USL Championship,USA,Miami FC,Sporting Jax,2026-09-30T23:00:00+00:00,35.5413,soccer.total_goals,period=ft,over,total=4,2.7
2026-10-01T00:24:27.521384+02:00,36521466,USL Championship,USA,Miami FC,Sporting Jax,2026-09-30T23:00:00+00:00,35.5413,soccer.total_goals,period=ft,under,total=4,1.44
2026-10-01T00:24:27.521384+02:00,36521466,USL Championship,USA,Miami FC,Sporting Jax,2026-09-30T23:00:00+00:00,35.5413,soccer.total_goals,period=ft,over,total=4.5,3.3
2026-10-01T00:24:27.521384+02:00,36521466,USL Championship,USA,Miami FC,Sporting Jax,2026-09-30T23:00:00+00:00,35.5413,soccer.total_goals,period=ft,under,total=4.5,1.3
2026-10-01T00:24:27.521384+02:00,36521466,USL Championship,USA,Miami FC,Sporting Jax,2026-09-30T23:00:00+00:00,35.5413,soccer.total_goals,period=ft,over,total=5.5,5.95
2026-10-01T00:24:27.521384+02:00,36521466,USL Championship,USA,Miami FC,Sporting Jax,2026-09-30T23:00:00+00:00,35.5413,soccer.total_goals,period=ft,under,total=5.5,1.11
2026-10-01T00:24:27.521384+02:00,36521471,USL Championship,USA,Rhode Island FC,Indy Eleven,2026-09-30T23:30:00+00:00,65.5413,soccer.asian_handicap,period=ft,home,handicap=-0.5,1.85
2026-10-01T00:24:27.521384+02:00,36521471,USL Championship,USA,Rhode Island FC,Indy Eleven,2026-09-30T23:30:00+00:00,65.5413,soccer.asian_handicap,period=ft,away,handicap=-0.5,1.96
2026-10-01T00:24:27.521384+02:00,36521471,USL Championship,USA,Rhode Island FC,Indy Eleven,2026-09-30T23:30:00+00:00,65.5413,soccer.asian_handicap,period=ft,home,handicap=-1.5,3.2
2026-10-01T00:24:27.521384+02:00,36521471,USL Championship,USA,Rhode Island FC,Indy Eleven,2026-09-30T23:30:00+00:00,65.5413,soccer.asian_handicap,period=ft,away,handicap=-1.5,1.33
2026-10-01T00:24:27.521384+02:00,36521471,USL Championship,USA,Rhode Island FC,Indy Eleven,2026-09-30T23:30:00+00:00,65.5413,soccer.asian_handicap,period=ft,home,handicap=-1.25,2.85
2026-10-01T00:24:27.521384+02:00,36521471,USL Championship,USA,Rhode Island FC,Indy Eleven,2026-09-30T23:30:00+00:00,65.5413,soccer.asian_handicap,period=ft,away,handicap=-1.25,1.4
2026-10-01T00:24:27.521384+02:00,36521471,USL Championship,USA,Rhode Island FC,Indy Eleven,2026-09-30T23:30:00+00:00,65.5413,soccer.asian_handicap,period=ft,home,handicap=-1,2.5
2026-10-01T00:24:27.521384+02:00,36521471,USL Championship,USA,Rhode Island FC,Indy Eleven,2026-09-30T23:30:00+00:00,65.5413,soccer.asian_handicap,period=ft,away,handicap=-1,1.51
2026-10-01T00:24:27.521384+02:00,36521471,USL Championship,USA,Rhode Island FC,Indy Eleven,2026-09-30T23:30:00+00:00,65.5413,soccer.asian_handicap,period=ft,home,handicap=-0.75,2.09
2026-10-01T00:24:27.521384+02:00,36521471,USL Championship,USA,Rhode Island FC,Indy Eleven,2026-09-30T23:30:00+00:00,65.5413,soccer.asian_handicap,period=ft,away,handicap=-0.75,1.73
2026-10-01T00:24:27.521384+02:00,36521471,USL Championship,USA,Rhode Island FC,Indy Eleven,2026-09-30T23:30:00+00:00,65.5413,soccer.asian_handicap,period=ft,home,handicap=-0.25,1.63
2026-10-01T00:24:27.521384+02:00,36521471,USL Championship,USA,Rhode Island FC,Indy Eleven,2026-09-30T23:30:00+00:00,65.5413,soccer.asian_handicap,period=ft,away,handicap=-0.25,2.25
2026-10-01T00:24:27.521384+02:00,36521471,USL Championship,USA,Rhode Island FC,Indy Eleven,2026-09-30T23:30:00+00:00,65.5413,soccer.asian_handicap,period=ft,home,handicap=0,1.43
2026-10-01T00:24:27.521384+02:00,36521471,USL Championship,USA,Rhode Island FC,Indy Eleven,2026-09-30T23:30:00+00:00,65.5413,soccer.asian_handicap,period=ft,away,handicap=0,2.8
2026-10-01T00:24:27.521384+02:00,36521471,USL Championship,USA,Rhode Island FC,Indy Eleven,2026-09-30T23:30:00+00:00,65.5413,soccer.asian_handicap,period=ft,home,handicap=0.25,1.34
2026-10-01T00:24:27.521384+02:00,36521471,USL Championship,USA,Rhode Island FC,Indy Eleven,2026-09-30T23:30:00+00:00,65.5413,soccer.asian_handicap,period=ft,away,handicap=0.25,3.15
2026-10-01T00:24:27.521384+02:00,36521471,USL Championship,USA,Rhode Island FC,Indy Eleven,2026-09-30T23:30:00+00:00,65.5413,soccer.asian_handicap,period=ft,home,handicap=0.5,1.28
2026-10-01T00:24:27.521384+02:00,36521471,USL Championship,USA,Rhode Island FC,Indy Eleven,2026-09-30T23:30:00+00:00,65.5413,soccer.asian_handicap,period=ft,away,handicap=0.5,3.55
2026-10-01T00:24:27.521384+02:00,36521471,USL Championship,USA,Rhode Island FC,Indy Eleven,2026-09-30T23:30:00+00:00,65.5413,soccer.double_chance,period=ft,draw_away,,1.72
2026-10-01T00:24:27.521384+02:00,36521471,USL Championship,USA,Rhode Island FC,Indy Eleven,2026-09-30T23:30:00+00:00,65.5413,soccer.double_chance,period=ft,home_away,,1.23
2026-10-01T00:24:27.521384+02:00,36521471,USL Championship,USA,Rhode Island FC,Indy Eleven,2026-09-30T23:30:00+00:00,65.5413,soccer.double_chance,period=ft,home_draw,,1.24
2026-10-01T00:24:27.521384+02:00,36521471,USL Championship,USA,Rhode Island FC,Indy Eleven,2026-09-30T23:30:00+00:00,65.5413,soccer.match_odds,period=ft,home,,1.84
2026-10-01T00:24:27.521384+02:00,36521471,USL Championship,USA,Rhode Island FC,Indy Eleven,2026-09-30T23:30:00+00:00,65.5413,soccer.match_odds,period=ft,draw,,4.1
2026-10-01T00:24:27.521384+02:00,36521471,USL Championship,USA,Rhode Island FC,Indy Eleven,2026-09-30T23:30:00+00:00,65.5413,soccer.match_odds,period=ft,away,,3.55
2026-10-01T00:24:27.521384+02:00,36521471,USL Championship,USA,Rhode Island FC,Indy Eleven,2026-09-30T23:30:00+00:00,65.5413,soccer.total_goals,period=ft,over,total=2.75,1.8
2026-10-01T00:24:27.521384+02:00,36521471,USL Championship,USA,Rhode Island FC,Indy Eleven,2026-09-30T23:30:00+00:00,65.5413,soccer.total_goals,period=ft,under,total=2.75,2.0
2026-10-01T00:24:27.521384+02:00,36521471,USL Championship,USA,Rhode Island FC,Indy Eleven,2026-09-30T23:30:00+00:00,65.5413,soccer.total_goals,period=ft,over,total=1.5,1.19
2026-10-01T00:24:27.521384+02:00,36521471,USL Championship,USA,Rhode Island FC,Indy Eleven,2026-09-30T23:30:00+00:00,65.5413,soccer.total_goals,period=ft,under,total=1.5,4.35
2026-10-01T00:24:27.521384+02:00,36521471,USL Championship,USA,Rhode Island FC,Indy Eleven,2026-09-30T23:30:00+00:00,65.5413,soccer.total_goals,period=ft,over,total=2.25,1.46
2026-10-01T00:24:27.521384+02:00,36521471,USL Championship,USA,Rhode Island FC,Indy Eleven,2026-09-30T23:30:00+00:00,65.5413,soccer.total_goals,period=ft,under,total=2.25,2.65
2026-10-01T00:24:27.521384+02:00,36521471,USL Championship,USA,Rhode Island FC,Indy Eleven,2026-09-30T23:30:00+00:00,65.5413,soccer.total_goals,period=ft,over,total=2.5,1.64
2026-10-01T00:24:27.521384+02:00,36521471,USL Championship,USA,Rhode Island FC,Indy Eleven,2026-09-30T23:30:00+00:00,65.5413,soccer.total_goals,period=ft,under,total=2.5,2.2
2026-10-01T00:24:27.521384+02:00,36521471,USL Championship,USA,Rhode Island FC,Indy Eleven,2026-09-30T23:30:00+00:00,65.5413,soccer.total_goals,period=ft,over,total=3,2.06
2026-10-01T00:24:27.521384+02:00,36521471,USL Championship,USA,Rhode Island FC,Indy Eleven,2026-09-30T23:30:00+00:00,65.5413,soccer.total_goals,period=ft,under,total=3,1.74
2026-10-01T00:24:27.521384+02:00,36521471,USL Championship,USA,Rhode Island FC,Indy Eleven,2026-09-30T23:30:00+00:00,65.5413,soccer.total_goals,period=ft,over,total=3.25,2.35
2026-10-01T00:24:27.521384+02:00,36521471,USL Championship,USA,Rhode Island FC,Indy Eleven,2026-09-30T23:30:00+00:00,65.5413,soccer.total_goals,period=ft,under,total=3.25,1.57
2026-10-01T00:24:27.521384+02:00,36521471,USL Championship,USA,Rhode Island FC,Indy Eleven,2026-09-30T23:30:00+00:00,65.5413,soccer.total_goals,period=ft,over,total=3.5,2.6
2026-10-01T00:24:27.521384+02:00,36521471,USL Championship,USA,Rhode Island FC,Indy Eleven,2026-09-30T23:30:00+00:00,65.5413,soccer.total_goals,period=ft,under,total=3.5,1.46
2026-10-01T00:24:27.521384+02:00,36521471,USL Championship,USA,Rhode Island FC,Indy Eleven,2026-09-30T23:30:00+00:00,65.5413,soccer.total_goals,period=ft,over,total=4.5,4.8
2026-10-01T00:24:27.521384+02:00,36521471,USL Championship,USA,Rhode Island FC,Indy Eleven,2026-09-30T23:30:00+00:00,65.5413,soccer.total_goals,period=ft,under,total=4.5,1.16
2026-10-01T00:24:27.521384+02:00,36561004,Copa Paraguay,Paraguay,Cerro Porteno,Rubio Nu,2026-09-30T22:30:00+00:00,5.5413,soccer.asian_handicap,period=ft,home,handicap=-1,1.8
2026-10-01T00:24:27.521384+02:00,36561004,Copa Paraguay,Paraguay,Cerro Porteno,Rubio Nu,2026-09-30T22:30:00+00:00,5.5413,soccer.asian_handicap,period=ft,away,handicap=-1,1.89
2026-10-01T00:24:27.521384+02:00,36561004,Copa Paraguay,Paraguay,Cerro Porteno,Rubio Nu,2026-09-30T22:30:00+00:00,5.5413,soccer.asian_handicap,period=ft,home,handicap=-1.75,2.85
2026-10-01T00:24:27.521384+02:00,36561004,Copa Paraguay,Paraguay,Cerro Porteno,Rubio Nu,2026-09-30T22:30:00+00:00,5.5413,soccer.asian_handicap,period=ft,away,handicap=-1.75,1.33
2026-10-01T00:24:27.521384+02:00,36561004,Copa Paraguay,Paraguay,Cerro Porteno,Rubio Nu,2026-09-30T22:30:00+00:00,5.5413,soccer.asian_handicap,period=ft,home,handicap=-1.5,2.35
2026-10-01T00:24:27.521384+02:00,36561004,Copa Paraguay,Paraguay,Cerro Porteno,Rubio Nu,2026-09-30T22:30:00+00:00,5.5413,soccer.asian_handicap,period=ft,away,handicap=-1.5,1.48
2026-10-01T00:24:27.521384+02:00,36561004,Copa Paraguay,Paraguay,Cerro Porteno,Rubio Nu,2026-09-30T22:30:00+00:00,5.5413,soccer.asian_handicap,period=ft,home,handicap=-1.25,2.09
2026-10-01T00:24:27.521384+02:00,36561004,Copa Paraguay,Paraguay,Cerro Porteno,Rubio Nu,2026-09-30T22:30:00+00:00,5.5413,soccer.asian_handicap,period=ft,away,handicap=-1.25,1.63
2026-10-01T00:24:27.521384+02:00,36561004,Copa Paraguay,Paraguay,Cerro Porteno,Rubio Nu,2026-09-30T22:30:00+00:00,5.5413,soccer.asian_handicap,period=ft,home,handicap=-0.75,1.57
2026-10-01T00:24:27.521384+02:00,36561004,Copa Paraguay,Paraguay,Cerro Porteno,Rubio Nu,2026-09-30T22:30:00+00:00,5.5413,soccer.asian_handicap,period=ft,away,handicap=-0.75,2.19
2026-10-01T00:24:27.521384+02:00,36561004,Copa Paraguay,Paraguay,Cerro Porteno,Rubio Nu,2026-09-30T22:30:00+00:00,5.5413,soccer.asian_handicap,period=ft,home,handicap=-0.5,1.44
2026-10-01T00:24:27.521384+02:00,36561004,Copa Paraguay,Paraguay,Cerro Porteno,Rubio Nu,2026-09-30T22:30:00+00:00,5.5413,soccer.asian_handicap,period=ft,away,handicap=-0.5,2.45
2026-10-01T00:24:27.521384+02:00,36561004,Copa Paraguay,Paraguay,Cerro Porteno,Rubio Nu,2026-09-30T22:30:00+00:00,5.5413,soccer.asian_handicap,period=ft,home,handicap=-0.25,1.28
2026-10-01T00:24:27.521384+02:00,36561004,Copa Paraguay,Paraguay,Cerro Porteno,Rubio Nu,2026-09-30T22:30:00+00:00,5.5413,soccer.asian_handicap,period=ft,away,handicap=-0.25,3.1
2026-10-01T00:24:27.521384+02:00,36561004,Copa Paraguay,Paraguay,Cerro Porteno,Rubio Nu,2026-09-30T22:30:00+00:00,5.5413,soccer.double_chance,period=ft,draw_away,,2.15
2026-10-01T00:24:27.521384+02:00,36561004,Copa Paraguay,Paraguay,Cerro Porteno,Rubio Nu,2026-09-30T22:30:00+00:00,5.5413,soccer.double_chance,period=ft,home_away,,1.16
2026-10-01T00:24:27.521384+02:00,36561004,Copa Paraguay,Paraguay,Cerro Porteno,Rubio Nu,2026-09-30T22:30:00+00:00,5.5413,soccer.double_chance,period=ft,home_draw,,1.04
2026-10-01T00:24:27.521384+02:00,36561004,Copa Paraguay,Paraguay,Cerro Porteno,Rubio Nu,2026-09-30T22:30:00+00:00,5.5413,soccer.match_odds,period=ft,home,,1.45
2026-10-01T00:24:27.521384+02:00,36561004,Copa Paraguay,Paraguay,Cerro Porteno,Rubio Nu,2026-09-30T22:30:00+00:00,5.5413,soccer.match_odds,period=ft,draw,,3.65
2026-10-01T00:24:27.521384+02:00,36561004,Copa Paraguay,Paraguay,Cerro Porteno,Rubio Nu,2026-09-30T22:30:00+00:00,5.5413,soccer.match_odds,period=ft,away,,6.05
2026-10-01T00:24:27.521384+02:00,36561004,Copa Paraguay,Paraguay,Cerro Porteno,Rubio Nu,2026-09-30T22:30:00+00:00,5.5413,soccer.total_goals,period=ft,over,total=2.25,1.76
2026-10-01T00:24:27.521384+02:00,36561004,Copa Paraguay,Paraguay,Cerro Porteno,Rubio Nu,2026-09-30T22:30:00+00:00,5.5413,soccer.total_goals,period=ft,under,total=2.25,1.94
2026-10-01T00:24:27.521384+02:00,36561004,Copa Paraguay,Paraguay,Cerro Porteno,Rubio Nu,2026-09-30T22:30:00+00:00,5.5413,soccer.total_goals,period=ft,over,total=1.5,1.29
2026-10-01T00:24:27.521384+02:00,36561004,Copa Paraguay,Paraguay,Cerro Porteno,Rubio Nu,2026-09-30T22:30:00+00:00,5.5413,soccer.total_goals,period=ft,under,total=1.5,3.05
2026-10-01T00:24:27.521384+02:00,36561004,Copa Paraguay,Paraguay,Cerro Porteno,Rubio Nu,2026-09-30T22:30:00+00:00,5.5413,soccer.total_goals,period=ft,over,total=1.75,1.36
2026-10-01T00:24:27.521384+02:00,36561004,Copa Paraguay,Paraguay,Cerro Porteno,Rubio Nu,2026-09-30T22:30:00+00:00,5.5413,soccer.total_goals,period=ft,under,total=1.75,2.7
2026-10-01T00:24:27.521384+02:00,36561004,Copa Paraguay,Paraguay,Cerro Porteno,Rubio Nu,2026-09-30T22:30:00+00:00,5.5413,soccer.total_goals,period=ft,over,total=2,1.49
2026-10-01T00:24:27.521384+02:00,36561004,Copa Paraguay,Paraguay,Cerro Porteno,Rubio Nu,2026-09-30T22:30:00+00:00,5.5413,soccer.total_goals,period=ft,under,total=2,2.35
2026-10-01T00:24:27.521384+02:00,36561004,Copa Paraguay,Paraguay,Cerro Porteno,Rubio Nu,2026-09-30T22:30:00+00:00,5.5413,soccer.total_goals,period=ft,over,total=2.5,2.01
2026-10-01T00:24:27.521384+02:00,36561004,Copa Paraguay,Paraguay,Cerro Porteno,Rubio Nu,2026-09-30T22:30:00+00:00,5.5413,soccer.total_goals,period=ft,under,total=2.5,1.69
2026-10-01T00:24:27.521384+02:00,36561004,Copa Paraguay,Paraguay,Cerro Porteno,Rubio Nu,2026-09-30T22:30:00+00:00,5.5413,soccer.total_goals,period=ft,over,total=2.75,2.25
2026-10-01T00:24:27.521384+02:00,36561004,Copa Paraguay,Paraguay,Cerro Porteno,Rubio Nu,2026-09-30T22:30:00+00:00,5.5413,soccer.total_goals,period=ft,under,total=2.75,1.51
2026-10-01T00:24:27.521384+02:00,36561004,Copa Paraguay,Paraguay,Cerro Porteno,Rubio Nu,2026-09-30T22:30:00+00:00,5.5413,soccer.total_goals,period=ft,over,total=3,2.8
2026-10-01T00:24:27.521384+02:00,36561004,Copa Paraguay,Paraguay,Cerro Porteno,Rubio Nu,2026-09-30T22:30:00+00:00,5.5413,soccer.total_goals,period=ft,under,total=3,1.34
2026-10-01T00:24:27.521384+02:00,36577752,Brazil Campeonato Paraibano (PB) Division 2,Brazil,Auto EC (PB),Picuiense PB,2026-09-30T23:15:00+00:00,50.5413,soccer.asian_handicap,period=ft,home,handicap=-1.75,1.75
2026-10-01T00:24:27.521384+02:00,36577752,Brazil Campeonato Paraibano (PB) Division 2,Brazil,Auto EC (PB),Picuiense PB,2026-09-30T23:15:00+00:00,50.5413,soccer.asian_handicap,period=ft,away,handicap=-1.75,1.94
2026-10-01T00:24:27.521384+02:00,36577752,Brazil Campeonato Paraibano (PB) Division 2,Brazil,Auto EC (PB),Picuiense PB,2026-09-30T23:15:00+00:00,50.5413,soccer.asian_handicap,period=ft,home,handicap=-2.5,2.45
2026-10-01T00:24:27.521384+02:00,36577752,Brazil Campeonato Paraibano (PB) Division 2,Brazil,Auto EC (PB),Picuiense PB,2026-09-30T23:15:00+00:00,50.5413,soccer.asian_handicap,period=ft,away,handicap=-2.5,1.42
2026-10-01T00:24:27.521384+02:00,36577752,Brazil Campeonato Paraibano (PB) Division 2,Brazil,Auto EC (PB),Picuiense PB,2026-09-30T23:15:00+00:00,50.5413,soccer.asian_handicap,period=ft,home,handicap=-2.25,2.2
2026-10-01T00:24:27.521384+02:00,36577752,Brazil Campeonato Paraibano (PB) Division 2,Brazil,Auto EC (PB),Picuiense PB,2026-09-30T23:15:00+00:00,50.5413,soccer.asian_handicap,period=ft,away,handicap=-2.25,1.52
2026-10-01T00:24:27.521384+02:00,36577752,Brazil Campeonato Paraibano (PB) Division 2,Brazil,Auto EC (PB),Picuiense PB,2026-09-30T23:15:00+00:00,50.5413,soccer.asian_handicap,period=ft,home,handicap=-2,1.99
2026-10-01T00:24:27.521384+02:00,36577752,Brazil Campeonato Paraibano (PB) Division 2,Brazil,Auto EC (PB),Picuiense PB,2026-09-30T23:15:00+00:00,50.5413,soccer.asian_handicap,period=ft,away,handicap=-2,1.69
2026-10-01T00:24:27.521384+02:00,36577752,Brazil Campeonato Paraibano (PB) Division 2,Brazil,Auto EC (PB),Picuiense PB,2026-09-30T23:15:00+00:00,50.5413,soccer.asian_handicap,period=ft,home,handicap=-1.5,1.59
2026-10-01T00:24:27.521384+02:00,36577752,Brazil Campeonato Paraibano (PB) Division 2,Brazil,Auto EC (PB),Picuiense PB,2026-09-30T23:15:00+00:00,50.5413,soccer.asian_handicap,period=ft,away,handicap=-1.5,2.15
2026-10-01T00:24:27.521384+02:00,36577752,Brazil Campeonato Paraibano (PB) Division 2,Brazil,Auto EC (PB),Picuiense PB,2026-09-30T23:15:00+00:00,50.5413,soccer.asian_handicap,period=ft,home,handicap=-1.25,1.42
2026-10-01T00:24:27.521384+02:00,36577752,Brazil Campeonato Paraibano (PB) Division 2,Brazil,Auto EC (PB),Picuiense PB,2026-09-30T23:15:00+00:00,50.5413,soccer.asian_handicap,period=ft,away,handicap=-1.25,2.45
2026-10-01T00:24:27.521384+02:00,36577752,Brazil Campeonato Paraibano (PB) Division 2,Brazil,Auto EC (PB),Picuiense PB,2026-09-30T23:15:00+00:00,50.5413,soccer.asian_handicap,period=ft,home,handicap=-1,1.27
2026-10-01T00:24:27.521384+02:00,36577752,Brazil Campeonato Paraibano (PB) Division 2,Brazil,Auto EC (PB),Picuiense PB,2026-09-30T23:15:00+00:00,50.5413,soccer.asian_handicap,period=ft,away,handicap=-1,3.1
2026-10-01T00:24:27.521384+02:00,36577752,Brazil Campeonato Paraibano (PB) Division 2,Brazil,Auto EC (PB),Picuiense PB,2026-09-30T23:15:00+00:00,50.5413,soccer.total_goals,period=ft,over,total=3,1.74
2026-10-01T00:24:27.521384+02:00,36577752,Brazil Campeonato Paraibano (PB) Division 2,Brazil,Auto EC (PB),Picuiense PB,2026-09-30T23:15:00+00:00,50.5413,soccer.total_goals,period=ft,under,total=3,1.95
2026-10-01T00:24:27.521384+02:00,36577752,Brazil Campeonato Paraibano (PB) Division 2,Brazil,Auto EC (PB),Picuiense PB,2026-09-30T23:15:00+00:00,50.5413,soccer.total_goals,period=ft,over,total=2.25,1.31
2026-10-01T00:24:27.521384+02:00,36577752,Brazil Campeonato Paraibano (PB) Division 2,Brazil,Auto EC (PB),Picuiense PB,2026-09-30T23:15:00+00:00,50.5413,soccer.total_goals,period=ft,under,total=2.25,2.9
2026-10-01T00:24:27.521384+02:00,36577752,Brazil Campeonato Paraibano (PB) Division 2,Brazil,Auto EC (PB),Picuiense PB,2026-09-30T23:15:00+00:00,50.5413,soccer.total_goals,period=ft,over,total=2.5,1.46
2026-10-01T00:24:27.521384+02:00,36577752,Brazil Campeonato Paraibano (PB) Division 2,Brazil,Auto EC (PB),Picuiense PB,2026-09-30T23:15:00+00:00,50.5413,soccer.total_goals,period=ft,under,total=2.5,2.35
2026-10-01T00:24:27.521384+02:00,36577752,Brazil Campeonato Paraibano (PB) Division 2,Brazil,Auto EC (PB),Picuiense PB,2026-09-30T23:15:00+00:00,50.5413,soccer.total_goals,period=ft,over,total=2.75,1.57
2026-10-01T00:24:27.521384+02:00,36577752,Brazil Campeonato Paraibano (PB) Division 2,Brazil,Auto EC (PB),Picuiense PB,2026-09-30T23:15:00+00:00,50.5413,soccer.total_goals,period=ft,under,total=2.75,2.17
2026-10-01T00:24:27.521384+02:00,36577752,Brazil Campeonato Paraibano (PB) Division 2,Brazil,Auto EC (PB),Picuiense PB,2026-09-30T23:15:00+00:00,50.5413,soccer.total_goals,period=ft,over,total=3.25,1.96
2026-10-01T00:24:27.521384+02:00,36577752,Brazil Campeonato Paraibano (PB) Division 2,Brazil,Auto EC (PB),Picuiense PB,2026-09-30T23:15:00+00:00,50.5413,soccer.total_goals,period=ft,under,total=3.25,1.71
2026-10-01T00:24:27.521384+02:00,36577752,Brazil Campeonato Paraibano (PB) Division 2,Brazil,Auto EC (PB),Picuiense PB,2026-09-30T23:15:00+00:00,50.5413,soccer.total_goals,period=ft,over,total=3.5,2.14
2026-10-01T00:24:27.521384+02:00,36577752,Brazil Campeonato Paraibano (PB) Division 2,Brazil,Auto EC (PB),Picuiense PB,2026-09-30T23:15:00+00:00,50.5413,soccer.total_goals,period=ft,under,total=3.5,1.56
2026-10-01T00:24:27.521384+02:00,36577752,Brazil Campeonato Paraibano (PB) Division 2,Brazil,Auto EC (PB),Picuiense PB,2026-09-30T23:15:00+00:00,50.5413,soccer.total_goals,period=ft,over,total=3.75,2.45
2026-10-01T00:24:27.521384+02:00,36577752,Brazil Campeonato Paraibano (PB) Division 2,Brazil,Auto EC (PB),Picuiense PB,2026-09-30T23:15:00+00:00,50.5413,soccer.total_goals,period=ft,under,total=3.75,1.43
2026-10-01T00:26:23.371652+02:00,36577730,Segunda Division,Venezuela,CD Lara,REAL FRONTERA FC,2026-09-30T23:00:00+00:00,33.6105,soccer.asian_handicap,period=ft,home,handicap=-2.25,1.82
2026-10-01T00:26:23.371652+02:00,36577730,Segunda Division,Venezuela,CD Lara,REAL FRONTERA FC,2026-09-30T23:00:00+00:00,33.6105,soccer.asian_handicap,period=ft,away,handicap=-2.25,1.86
2026-10-01T00:26:23.371652+02:00,36577730,Segunda Division,Venezuela,CD Lara,REAL FRONTERA FC,2026-09-30T23:00:00+00:00,33.6105,soccer.asian_handicap,period=ft,home,handicap=-3,2.8
2026-10-01T00:26:23.371652+02:00,36577730,Segunda Division,Venezuela,CD Lara,REAL FRONTERA FC,2026-09-30T23:00:00+00:00,33.6105,soccer.asian_handicap,period=ft,away,handicap=-3,1.34
2026-10-01T00:26:23.371652+02:00,36577730,Segunda Division,Venezuela,CD Lara,REAL FRONTERA FC,2026-09-30T23:00:00+00:00,33.6105,soccer.asian_handicap,period=ft,home,handicap=-2.75,2.25
2026-10-01T00:26:23.371652+02:00,36577730,Segunda Division,Venezuela,CD Lara,REAL FRONTERA FC,2026-09-30T23:00:00+00:00,33.6105,soccer.asian_handicap,period=ft,away,handicap=-2.75,1.5
2026-10-01T00:26:23.371652+02:00,36577730,Segunda Division,Venezuela,CD Lara,REAL FRONTERA FC,2026-09-30T23:00:00+00:00,33.6105,soccer.asian_handicap,period=ft,home,handicap=-2.5,2.02
2026-10-01T00:26:23.371652+02:00,36577730,Segunda Division,Venezuela,CD Lara,REAL FRONTERA FC,2026-09-30T23:00:00+00:00,33.6105,soccer.asian_handicap,period=ft,away,handicap=-2.5,1.66
2026-10-01T00:26:23.371652+02:00,36577730,Segunda Division,Venezuela,CD Lara,REAL FRONTERA FC,2026-09-30T23:00:00+00:00,33.6105,soccer.asian_handicap,period=ft,home,handicap=-2,1.57
2026-10-01T00:26:23.371652+02:00,36577730,Segunda Division,Venezuela,CD Lara,REAL FRONTERA FC,2026-09-30T23:00:00+00:00,33.6105,soccer.asian_handicap,period=ft,away,handicap=-2,2.17
2026-10-01T00:26:23.371652+02:00,36577730,Segunda Division,Venezuela,CD Lara,REAL FRONTERA FC,2026-09-30T23:00:00+00:00,33.6105,soccer.asian_handicap,period=ft,home,handicap=-1.75,1.44
2026-10-01T00:26:23.371652+02:00,36577730,Segunda Division,Venezuela,CD Lara,REAL FRONTERA FC,2026-09-30T23:00:00+00:00,33.6105,soccer.asian_handicap,period=ft,away,handicap=-1.75,2.4
2026-10-01T00:26:23.371652+02:00,36577730,Segunda Division,Venezuela,CD Lara,REAL FRONTERA FC,2026-09-30T23:00:00+00:00,33.6105,soccer.asian_handicap,period=ft,home,handicap=-1.5,1.35
2026-10-01T00:26:23.371652+02:00,36577730,Segunda Division,Venezuela,CD Lara,REAL FRONTERA FC,2026-09-30T23:00:00+00:00,33.6105,soccer.asian_handicap,period=ft,away,handicap=-1.5,2.7
2026-10-01T00:26:23.371652+02:00,36577730,Segunda Division,Venezuela,CD Lara,REAL FRONTERA FC,2026-09-30T23:00:00+00:00,33.6105,soccer.double_chance,period=ft,draw_away,,5.0
2026-10-01T00:26:23.371652+02:00,36577730,Segunda Division,Venezuela,CD Lara,REAL FRONTERA FC,2026-09-30T23:00:00+00:00,33.6105,soccer.double_chance,period=ft,home_away,,1.07
2026-10-01T00:26:23.371652+02:00,36577730,Segunda Division,Venezuela,CD Lara,REAL FRONTERA FC,2026-09-30T23:00:00+00:00,33.6105,soccer.double_chance,period=ft,home_draw,,1.04
2026-10-01T00:26:23.371652+02:00,36577730,Segunda Division,Venezuela,CD Lara,REAL FRONTERA FC,2026-09-30T23:00:00+00:00,33.6105,soccer.match_odds,period=ft,home,,1.11
2026-10-01T00:26:23.371652+02:00,36577730,Segunda Division,Venezuela,CD Lara,REAL FRONTERA FC,2026-09-30T23:00:00+00:00,33.6105,soccer.match_odds,period=ft,draw,,8.2
2026-10-01T00:26:23.371652+02:00,36577730,Segunda Division,Venezuela,CD Lara,REAL FRONTERA FC,2026-09-30T23:00:00+00:00,33.6105,soccer.match_odds,period=ft,away,,12.0
2026-10-01T00:26:23.371652+02:00,36577730,Segunda Division,Venezuela,CD Lara,REAL FRONTERA FC,2026-09-30T23:00:00+00:00,33.6105,soccer.total_goals,period=ft,over,total=3.25,1.78
2026-10-01T00:26:23.371652+02:00,36577730,Segunda Division,Venezuela,CD Lara,REAL FRONTERA FC,2026-09-30T23:00:00+00:00,33.6105,soccer.total_goals,period=ft,under,total=3.25,1.9
2026-10-01T00:26:23.371652+02:00,36577730,Segunda Division,Venezuela,CD Lara,REAL FRONTERA FC,2026-09-30T23:00:00+00:00,33.6105,soccer.total_goals,period=ft,over,total=2.5,1.33
2026-10-01T00:26:23.371652+02:00,36577730,Segunda Division,Venezuela,CD Lara,REAL FRONTERA FC,2026-09-30T23:00:00+00:00,33.6105,soccer.total_goals,period=ft,under,total=2.5,2.8
2026-10-01T00:26:23.371652+02:00,36577730,Segunda Division,Venezuela,CD Lara,REAL FRONTERA FC,2026-09-30T23:00:00+00:00,33.6105,soccer.total_goals,period=ft,over,total=2.75,1.41
2026-10-01T00:26:23.371652+02:00,36577730,Segunda Division,Venezuela,CD Lara,REAL FRONTERA FC,2026-09-30T23:00:00+00:00,33.6105,soccer.total_goals,period=ft,under,total=2.75,2.5
2026-10-01T00:26:23.371652+02:00,36577730,Segunda Division,Venezuela,CD Lara,REAL FRONTERA FC,2026-09-30T23:00:00+00:00,33.6105,soccer.total_goals,period=ft,over,total=3,1.54
2026-10-01T00:26:23.371652+02:00,36577730,Segunda Division,Venezuela,CD Lara,REAL FRONTERA FC,2026-09-30T23:00:00+00:00,33.6105,soccer.total_goals,period=ft,under,total=3,2.2
2026-10-01T00:26:23.371652+02:00,36577730,Segunda Division,Venezuela,CD Lara,REAL FRONTERA FC,2026-09-30T23:00:00+00:00,33.6105,soccer.total_goals,period=ft,over,total=3.5,1.99
2026-10-01T00:26:23.371652+02:00,36577730,Segunda Division,Venezuela,CD Lara,REAL FRONTERA FC,2026-09-30T23:00:00+00:00,33.6105,soccer.total_goals,period=ft,under,total=3.5,1.69
2026-10-01T00:26:23.371652+02:00,36577730,Segunda Division,Venezuela,CD Lara,REAL FRONTERA FC,2026-09-30T23:00:00+00:00,33.6105,soccer.total_goals,period=ft,over,total=3.75,2.25
2026-10-01T00:26:23.371652+02:00,36577730,Segunda Division,Venezuela,CD Lara,REAL FRONTERA FC,2026-09-30T23:00:00+00:00,33.6105,soccer.total_goals,period=ft,under,total=3.75,1.51
2026-10-01T00:26:23.371652+02:00,36577730,Segunda Division,Venezuela,CD Lara,REAL FRONTERA FC,2026-09-30T23:00:00+00:00,33.6105,soccer.total_goals,period=ft,over,total=4,2.7
2026-10-01T00:26:23.371652+02:00,36577730,Segunda Division,Venezuela,CD Lara,REAL FRONTERA FC,2026-09-30T23:00:00+00:00,33.6105,soccer.total_goals,period=ft,under,total=4,1.35
2026-10-01T00:26:23.371652+02:00,36577342,"Gaucho, Serie B",Brazil,SER Cruz Alta (RS),Rio Grande (RS),2026-09-30T22:30:00+00:00,3.6105,soccer.asian_handicap,period=ft,home,handicap=-1,1.89
2026-10-01T00:26:23.371652+02:00,36577342,"Gaucho, Serie B",Brazil,SER Cruz Alta (RS),Rio Grande (RS),2026-09-30T22:30:00+00:00,3.6105,soccer.asian_handicap,period=ft,away,handicap=-1,1.72
2026-10-01T00:26:23.371652+02:00,36577342,"Gaucho, Serie B",Brazil,SER Cruz Alta (RS),Rio Grande (RS),2026-09-30T22:30:00+00:00,3.6105,soccer.asian_handicap,period=ft,home,handicap=-1.5,2.4
2026-10-01T00:26:23.371652+02:00,36577342,"Gaucho, Serie B",Brazil,SER Cruz Alta (RS),Rio Grande (RS),2026-09-30T22:30:00+00:00,3.6105,soccer.asian_handicap,period=ft,away,handicap=-1.5,1.44
2026-10-01T00:26:23.371652+02:00,36577342,"Gaucho, Serie B",Brazil,SER Cruz Alta (RS),Rio Grande (RS),2026-09-30T22:30:00+00:00,3.6105,soccer.asian_handicap,period=ft,home,handicap=-1.25,2.16
2026-10-01T00:26:23.371652+02:00,36577342,"Gaucho, Serie B",Brazil,SER Cruz Alta (RS),Rio Grande (RS),2026-09-30T22:30:00+00:00,3.6105,soccer.asian_handicap,period=ft,away,handicap=-1.25,1.55
2026-10-01T00:26:23.371652+02:00,36577342,"Gaucho, Serie B",Brazil,SER Cruz Alta (RS),Rio Grande (RS),2026-09-30T22:30:00+00:00,3.6105,soccer.asian_handicap,period=ft,home,handicap=-0.75,1.66
2026-10-01T00:26:23.371652+02:00,36577342,"Gaucho, Serie B",Brazil,SER Cruz Alta (RS),Rio Grande (RS),2026-09-30T22:30:00+00:00,3.6105,soccer.asian_handicap,period=ft,away,handicap=-0.75,1.97
2026-10-01T00:26:23.371652+02:00,36577342,"Gaucho, Serie B",Brazil,SER Cruz Alta (RS),Rio Grande (RS),2026-09-30T22:30:00+00:00,3.6105,soccer.asian_handicap,period=ft,home,handicap=-0.5,1.52
2026-10-01T00:26:23.371652+02:00,36577342,"Gaucho, Serie B",Brazil,SER Cruz Alta (RS),Rio Grande (RS),2026-09-30T22:30:00+00:00,3.6105,soccer.asian_handicap,period=ft,away,handicap=-0.5,2.2
2026-10-01T00:26:23.371652+02:00,36577342,"Gaucho, Serie B",Brazil,SER Cruz Alta (RS),Rio Grande (RS),2026-09-30T22:30:00+00:00,3.6105,soccer.double_chance,period=ft,draw_away,,2.08
2026-10-01T00:26:23.371652+02:00,36577342,"Gaucho, Serie B",Brazil,SER Cruz Alta (RS),Rio Grande (RS),2026-09-30T22:30:00+00:00,3.6105,soccer.double_chance,period=ft,home_away,,1.21
2026-10-01T00:26:23.371652+02:00,36577342,"Gaucho, Serie B",Brazil,SER Cruz Alta (RS),Rio Grande (RS),2026-09-30T22:30:00+00:00,3.6105,soccer.double_chance,period=ft,home_draw,,1.15
2026-10-01T00:26:23.371652+02:00,36577342,"Gaucho, Serie B",Brazil,SER Cruz Alta (RS),Rio Grande (RS),2026-09-30T22:30:00+00:00,3.6105,soccer.match_odds,period=ft,home,,1.52
2026-10-01T00:26:23.371652+02:00,36577342,"Gaucho, Serie B",Brazil,SER Cruz Alta (RS),Rio Grande (RS),2026-09-30T22:30:00+00:00,3.6105,soccer.match_odds,period=ft,draw,,3.75
2026-10-01T00:26:23.371652+02:00,36577342,"Gaucho, Serie B",Brazil,SER Cruz Alta (RS),Rio Grande (RS),2026-09-30T22:30:00+00:00,3.6105,soccer.match_odds,period=ft,away,,4.8
2026-10-01T00:26:23.371652+02:00,36577342,"Gaucho, Serie B",Brazil,SER Cruz Alta (RS),Rio Grande (RS),2026-09-30T22:30:00+00:00,3.6105,soccer.total_goals,period=ft,over,total=2.5,1.72
2026-10-01T00:26:23.371652+02:00,36577342,"Gaucho, Serie B",Brazil,SER Cruz Alta (RS),Rio Grande (RS),2026-09-30T22:30:00+00:00,3.6105,soccer.total_goals,period=ft,under,total=2.5,1.89
2026-10-01T00:26:23.371652+02:00,36521470,USL Championship,USA,LIU Brooklyn,Detroit City FC,2026-09-30T23:00:00+00:00,33.6105,soccer.asian_handicap,period=ft,home,handicap=0.25,1.86
2026-10-01T00:26:23.371652+02:00,36521470,USL Championship,USA,LIU Brooklyn,Detroit City FC,2026-09-30T23:00:00+00:00,33.6105,soccer.asian_handicap,period=ft,away,handicap=0.25,1.95
2026-10-01T00:26:23.371652+02:00,36521470,USL Championship,USA,LIU Brooklyn,Detroit City FC,2026-09-30T23:00:00+00:00,33.6105,soccer.asian_handicap,period=ft,home,handicap=-0.75,4.05
2026-10-01T00:26:23.371652+02:00,36521470,USL Championship,USA,LIU Brooklyn,Detroit City FC,2026-09-30T23:00:00+00:00,33.6105,soccer.asian_handicap,period=ft,away,handicap=-0.75,1.22
2026-10-01T00:26:23.371652+02:00,36521470,USL Championship,USA,LIU Brooklyn,Detroit City FC,2026-09-30T23:00:00+00:00,33.6105,soccer.asian_handicap,period=ft,home,handicap=-0.5,3.1
2026-10-01T00:26:23.371652+02:00,36521470,USL Championship,USA,LIU Brooklyn,Detroit City FC,2026-09-30T23:00:00+00:00,33.6105,soccer.asian_handicap,period=ft,away,handicap=-0.5,1.34
2026-10-01T00:26:23.371652+02:00,36521470,USL Championship,USA,LIU Brooklyn,Detroit City FC,2026-09-30T23:00:00+00:00,33.6105,soccer.asian_handicap,period=ft,home,handicap=-0.25,2.7
2026-10-01T00:26:23.371652+02:00,36521470,USL Championship,USA,LIU Brooklyn,Detroit City FC,2026-09-30T23:00:00+00:00,33.6105,soccer.asian_handicap,period=ft,away,handicap=-0.25,1.44
2026-10-01T00:26:23.371652+02:00,36521470,USL Championship,USA,LIU Brooklyn,Detroit City FC,2026-09-30T23:00:00+00:00,33.6105,soccer.asian_handicap,period=ft,home,handicap=0,2.25
2026-10-01T00:26:23.371652+02:00,36521470,USL Championship,USA,LIU Brooklyn,Detroit City FC,2026-09-30T23:00:00+00:00,33.6105,soccer.asian_handicap,period=ft,away,handicap=0,1.62
2026-10-01T00:26:23.371652+02:00,36521470,USL Championship,USA,LIU Brooklyn,Detroit City FC,2026-09-30T23:00:00+00:00,33.6105,soccer.asian_handicap,period=ft,home,handicap=0.5,1.63
2026-10-01T00:26:23.371652+02:00,36521470,USL Championship,USA,LIU Brooklyn,Detroit City FC,2026-09-30T23:00:00+00:00,33.6105,soccer.asian_handicap,period=ft,away,handicap=0.5,2.25
2026-10-01T00:26:23.371652+02:00,36521470,USL Championship,USA,LIU Brooklyn,Detroit City FC,2026-09-30T23:00:00+00:00,33.6105,soccer.asian_handicap,period=ft,home,handicap=0.75,1.46
2026-10-01T00:26:23.371652+02:00,36521470,USL Championship,USA,LIU Brooklyn,Detroit City FC,2026-09-30T23:00:00+00:00,33.6105,soccer.asian_handicap,period=ft,away,handicap=0.75,2.65
2026-10-01T00:26:23.371652+02:00,36521470,USL Championship,USA,LIU Brooklyn,Detroit City FC,2026-09-30T23:00:00+00:00,33.6105,soccer.asian_handicap,period=ft,home,handicap=1,1.28
2026-10-01T00:26:23.371652+02:00,36521470,USL Championship,USA,LIU Brooklyn,Detroit City FC,2026-09-30T23:00:00+00:00,33.6105,soccer.asian_handicap,period=ft,away,handicap=1,3.5
2026-10-01T00:26:23.371652+02:00,36521470,USL Championship,USA,LIU Brooklyn,Detroit City FC,2026-09-30T23:00:00+00:00,33.6105,soccer.asian_handicap,period=ft,home,handicap=1.25,1.23
2026-10-01T00:26:23.371652+02:00,36521470,USL Championship,USA,LIU Brooklyn,Detroit City FC,2026-09-30T23:00:00+00:00,33.6105,soccer.asian_handicap,period=ft,away,handicap=1.25,3.95
2026-10-01T00:26:23.371652+02:00,36521470,USL Championship,USA,LIU Brooklyn,Detroit City FC,2026-09-30T23:00:00+00:00,33.6105,soccer.double_chance,period=ft,draw_away,,1.31
2026-10-01T00:26:23.371652+02:00,36521470,USL Championship,USA,LIU Brooklyn,Detroit City FC,2026-09-30T23:00:00+00:00,33.6105,soccer.double_chance,period=ft,home_away,,1.31
2026-10-01T00:26:23.371652+02:00,36521470,USL Championship,USA,LIU Brooklyn,Detroit City FC,2026-09-30T23:00:00+00:00,33.6105,soccer.double_chance,period=ft,home_draw,,1.53
2026-10-01T00:26:23.371652+02:00,36521470,USL Championship,USA,LIU Brooklyn,Detroit City FC,2026-09-30T23:00:00+00:00,33.6105,soccer.match_odds,period=ft,home,,3.15
2026-10-01T00:26:23.371652+02:00,36521470,USL Championship,USA,LIU Brooklyn,Detroit City FC,2026-09-30T23:00:00+00:00,33.6105,soccer.match_odds,period=ft,draw,,3.25
2026-10-01T00:26:23.371652+02:00,36521470,USL Championship,USA,LIU Brooklyn,Detroit City FC,2026-09-30T23:00:00+00:00,33.6105,soccer.match_odds,period=ft,away,,2.25
2026-10-01T00:26:23.371652+02:00,36521470,USL Championship,USA,LIU Brooklyn,Detroit City FC,2026-09-30T23:00:00+00:00,33.6105,soccer.total_goals,period=ft,over,total=2.25,1.84
2026-10-01T00:26:23.371652+02:00,36521470,USL Championship,USA,LIU Brooklyn,Detroit City FC,2026-09-30T23:00:00+00:00,33.6105,soccer.total_goals,period=ft,under,total=2.25,1.95
2026-10-01T00:26:23.371652+02:00,36521470,USL Championship,USA,LIU Brooklyn,Detroit City FC,2026-09-30T23:00:00+00:00,33.6105,soccer.total_goals,period=ft,over,total=1.5,1.34
2026-10-01T00:26:23.371652+02:00,36521470,USL Championship,USA,LIU Brooklyn,Detroit City FC,2026-09-30T23:00:00+00:00,33.6105,soccer.total_goals,period=ft,under,total=1.5,3.1
2026-10-01T00:26:23.371652+02:00,36521470,USL Championship,USA,LIU Brooklyn,Detroit City FC,2026-09-30T23:00:00+00:00,33.6105,soccer.total_goals,period=ft,over,total=1.75,1.43
2026-10-01T00:26:23.371652+02:00,36521470,USL Championship,USA,LIU Brooklyn,Detroit City FC,2026-09-30T23:00:00+00:00,33.6105,soccer.total_goals,period=ft,under,total=1.75,2.75
2026-10-01T00:26:23.371652+02:00,36521470,USL Championship,USA,LIU Brooklyn,Detroit City FC,2026-09-30T23:00:00+00:00,33.6105,soccer.total_goals,period=ft,over,total=2,1.56
2026-10-01T00:26:23.371652+02:00,36521470,USL Championship,USA,LIU Brooklyn,Detroit City FC,2026-09-30T23:00:00+00:00,33.6105,soccer.total_goals,period=ft,under,total=2,2.35
2026-10-01T00:26:23.371652+02:00,36521470,USL Championship,USA,LIU Brooklyn,Detroit City FC,2026-09-30T23:00:00+00:00,33.6105,soccer.total_goals,period=ft,over,total=2.5,2.1
2026-10-01T00:26:23.371652+02:00,36521470,USL Championship,USA,LIU Brooklyn,Detroit City FC,2026-09-30T23:00:00+00:00,33.6105,soccer.total_goals,period=ft,under,total=2.5,1.71
2026-10-01T00:26:23.371652+02:00,36521470,USL Championship,USA,LIU Brooklyn,Detroit City FC,2026-09-30T23:00:00+00:00,33.6105,soccer.total_goals,period=ft,over,total=2.75,2.4
2026-10-01T00:26:23.371652+02:00,36521470,USL Championship,USA,LIU Brooklyn,Detroit City FC,2026-09-30T23:00:00+00:00,33.6105,soccer.total_goals,period=ft,under,total=2.75,1.54
2026-10-01T00:26:23.371652+02:00,36521470,USL Championship,USA,LIU Brooklyn,Detroit City FC,2026-09-30T23:00:00+00:00,33.6105,soccer.total_goals,period=ft,over,total=3.5,3.65
2026-10-01T00:26:23.371652+02:00,36521470,USL Championship,USA,LIU Brooklyn,Detroit City FC,2026-09-30T23:00:00+00:00,33.6105,soccer.total_goals,period=ft,under,total=3.5,1.26
2026-10-01T00:26:23.371652+02:00,36521466,USL Championship,USA,Miami FC,Sporting Jax,2026-09-30T23:00:00+00:00,33.6105,soccer.asian_handicap,period=ft,home,handicap=-1.25,2.0
2026-10-01T00:26:23.371652+02:00,36521466,USL Championship,USA,Miami FC,Sporting Jax,2026-09-30T23:00:00+00:00,33.6105,soccer.asian_handicap,period=ft,away,handicap=-1.25,1.82
2026-10-01T00:26:23.371652+02:00,36521466,USL Championship,USA,Miami FC,Sporting Jax,2026-09-30T23:00:00+00:00,33.6105,soccer.asian_handicap,period=ft,home,handicap=-2.25,3.65
2026-10-01T00:26:23.371652+02:00,36521466,USL Championship,USA,Miami FC,Sporting Jax,2026-09-30T23:00:00+00:00,33.6105,soccer.asian_handicap,period=ft,away,handicap=-2.25,1.27
2026-10-01T00:26:23.371652+02:00,36521466,USL Championship,USA,Miami FC,Sporting Jax,2026-09-30T23:00:00+00:00,33.6105,soccer.asian_handicap,period=ft,home,handicap=-2,3.25
2026-10-01T00:26:23.371652+02:00,36521466,USL Championship,USA,Miami FC,Sporting Jax,2026-09-30T23:00:00+00:00,33.6105,soccer.asian_handicap,period=ft,away,handicap=-2,1.32
2026-10-01T00:26:23.371652+02:00,36521466,USL Championship,USA,Miami FC,Sporting Jax,2026-09-30T23:00:00+00:00,33.6105,soccer.asian_handicap,period=ft,home,handicap=-1.75,2.6
2026-10-01T00:26:23.371652+02:00,36521466,USL Championship,USA,Miami FC,Sporting Jax,2026-09-30T23:00:00+00:00,33.6105,soccer.asian_handicap,period=ft,away,handicap=-1.75,1.49
2026-10-01T00:26:23.371652+02:00,36521466,USL Championship,USA,Miami FC,Sporting Jax,2026-09-30T23:00:00+00:00,33.6105,soccer.asian_handicap,period=ft,home,handicap=-1.5,2.2
2026-10-01T00:26:23.371652+02:00,36521466,USL Championship,USA,Miami FC,Sporting Jax,2026-09-30T23:00:00+00:00,33.6105,soccer.asian_handicap,period=ft,away,handicap=-1.5,1.65
2026-10-01T00:26:23.371652+02:00,36521466,USL Championship,USA,Miami FC,Sporting Jax,2026-09-30T23:00:00+00:00,33.6105,soccer.asian_handicap,period=ft,home,handicap=-1,1.74
2026-10-01T00:26:23.371652+02:00,36521466,USL Championship,USA,Miami FC,Sporting Jax,2026-09-30T23:00:00+00:00,33.6105,soccer.asian_handicap,period=ft,away,handicap=-1,2.07
2026-10-01T00:26:23.371652+02:00,36521466,USL Championship,USA,Miami FC,Sporting Jax,2026-09-30T23:00:00+00:00,33.6105,soccer.asian_handicap,period=ft,home,handicap=-0.75,1.58
2026-10-01T00:26:23.371652+02:00,36521466,USL Championship,USA,Miami FC,Sporting Jax,2026-09-30T23:00:00+00:00,33.6105,soccer.asian_handicap,period=ft,away,handicap=-0.75,2.3
2026-10-01T00:26:23.371652+02:00,36521466,USL Championship,USA,Miami FC,Sporting Jax,2026-09-30T23:00:00+00:00,33.6105,soccer.asian_handicap,period=ft,home,handicap=-0.5,1.47
2026-10-01T00:26:23.371652+02:00,36521466,USL Championship,USA,Miami FC,Sporting Jax,2026-09-30T23:00:00+00:00,33.6105,soccer.asian_handicap,period=ft,away,handicap=-0.5,2.6
2026-10-01T00:26:23.371652+02:00,36521466,USL Championship,USA,Miami FC,Sporting Jax,2026-09-30T23:00:00+00:00,33.6105,soccer.asian_handicap,period=ft,home,handicap=-0.25,1.32
2026-10-01T00:26:23.371652+02:00,36521466,USL Championship,USA,Miami FC,Sporting Jax,2026-09-30T23:00:00+00:00,33.6105,soccer.asian_handicap,period=ft,away,handicap=-0.25,3.25
2026-10-01T00:26:23.371652+02:00,36521466,USL Championship,USA,Miami FC,Sporting Jax,2026-09-30T23:00:00+00:00,33.6105,soccer.double_chance,period=ft,draw_away,,2.2
2026-10-01T00:26:23.371652+02:00,36521466,USL Championship,USA,Miami FC,Sporting Jax,2026-09-30T23:00:00+00:00,33.6105,soccer.double_chance,period=ft,home_away,,1.17
2026-10-01T00:26:23.371652+02:00,36521466,USL Championship,USA,Miami FC,Sporting Jax,2026-09-30T23:00:00+00:00,33.6105,soccer.double_chance,period=ft,home_draw,,1.14
2026-10-01T00:26:23.371652+02:00,36521466,USL Championship,USA,Miami FC,Sporting Jax,2026-09-30T23:00:00+00:00,33.6105,soccer.match_odds,period=ft,home,,1.48
2026-10-01T00:26:23.371652+02:00,36521466,USL Championship,USA,Miami FC,Sporting Jax,2026-09-30T23:00:00+00:00,33.6105,soccer.match_odds,period=ft,draw,,4.35
2026-10-01T00:26:23.371652+02:00,36521466,USL Championship,USA,Miami FC,Sporting Jax,2026-09-30T23:00:00+00:00,33.6105,soccer.match_odds,period=ft,away,,6.0
2026-10-01T00:26:23.371652+02:00,36521466,USL Championship,USA,Miami FC,Sporting Jax,2026-09-30T23:00:00+00:00,33.6105,soccer.total_goals,period=ft,over,total=3.5,2.0
2026-10-01T00:26:23.371652+02:00,36521466,USL Championship,USA,Miami FC,Sporting Jax,2026-09-30T23:00:00+00:00,33.6105,soccer.total_goals,period=ft,under,total=3.5,1.8
2026-10-01T00:26:23.371652+02:00,36521466,USL Championship,USA,Miami FC,Sporting Jax,2026-09-30T23:00:00+00:00,33.6105,soccer.total_goals,period=ft,over,total=1.5,1.1
2026-10-01T00:26:23.371652+02:00,36521466,USL Championship,USA,Miami FC,Sporting Jax,2026-09-30T23:00:00+00:00,33.6105,soccer.total_goals,period=ft,under,total=1.5,6.3
2026-10-01T00:26:23.371652+02:00,36521466,USL Championship,USA,Miami FC,Sporting Jax,2026-09-30T23:00:00+00:00,33.6105,soccer.total_goals,period=ft,over,total=2.5,1.39
2026-10-01T00:26:23.371652+02:00,36521466,USL Championship,USA,Miami FC,Sporting Jax,2026-09-30T23:00:00+00:00,33.6105,soccer.total_goals,period=ft,under,total=2.5,2.85
2026-10-01T00:26:23.371652+02:00,36521466,USL Championship,USA,Miami FC,Sporting Jax,2026-09-30T23:00:00+00:00,33.6105,soccer.total_goals,period=ft,over,total=3,1.59
2026-10-01T00:26:23.371652+02:00,36521466,USL Championship,USA,Miami FC,Sporting Jax,2026-09-30T23:00:00+00:00,33.6105,soccer.total_goals,period=ft,under,total=3,2.3
2026-10-01T00:26:23.371652+02:00,36521466,USL Championship,USA,Miami FC,Sporting Jax,2026-09-30T23:00:00+00:00,33.6105,soccer.total_goals,period=ft,over,total=3.25,1.79
2026-10-01T00:26:23.371652+02:00,36521466,USL Championship,USA,Miami FC,Sporting Jax,2026-09-30T23:00:00+00:00,33.6105,soccer.total_goals,period=ft,under,total=3.25,2.0
2026-10-01T00:26:23.371652+02:00,36521466,USL Championship,USA,Miami FC,Sporting Jax,2026-09-30T23:00:00+00:00,33.6105,soccer.total_goals,period=ft,over,total=3.75,2.25
2026-10-01T00:26:23.371652+02:00,36521466,USL Championship,USA,Miami FC,Sporting Jax,2026-09-30T23:00:00+00:00,33.6105,soccer.total_goals,period=ft,under,total=3.75,1.62
2026-10-01T00:26:23.371652+02:00,36521466,USL Championship,USA,Miami FC,Sporting Jax,2026-09-30T23:00:00+00:00,33.6105,soccer.total_goals,period=ft,over,total=4,2.7
2026-10-01T00:26:23.371652+02:00,36521466,USL Championship,USA,Miami FC,Sporting Jax,2026-09-30T23:00:00+00:00,33.6105,soccer.total_goals,period=ft,under,total=4,1.44
2026-10-01T00:26:23.371652+02:00,36521466,USL Championship,USA,Miami FC,Sporting Jax,2026-09-30T23:00:00+00:00,33.6105,soccer.total_goals,period=ft,over,total=4.5,3.3
2026-10-01T00:26:23.371652+02:00,36521466,USL Championship,USA,Miami FC,Sporting Jax,2026-09-30T23:00:00+00:00,33.6105,soccer.total_goals,period=ft,under,total=4.5,1.3
2026-10-01T00:26:23.371652+02:00,36521466,USL Championship,USA,Miami FC,Sporting Jax,2026-09-30T23:00:00+00:00,33.6105,soccer.total_goals,period=ft,over,total=5.5,5.95
2026-10-01T00:26:23.371652+02:00,36521466,USL Championship,USA,Miami FC,Sporting Jax,2026-09-30T23:00:00+00:00,33.6105,soccer.total_goals,period=ft,under,total=5.5,1.11
2026-10-01T00:26:23.371652+02:00,36521471,USL Championship,USA,Rhode Island FC,Indy Eleven,2026-09-30T23:30:00+00:00,63.6105,soccer.asian_handicap,period=ft,home,handicap=-0.5,1.85
2026-10-01T00:26:23.371652+02:00,36521471,USL Championship,USA,Rhode Island FC,Indy Eleven,2026-09-30T23:30:00+00:00,63.6105,soccer.asian_handicap,period=ft,away,handicap=-0.5,1.96
2026-10-01T00:26:23.371652+02:00,36521471,USL Championship,USA,Rhode Island FC,Indy Eleven,2026-09-30T23:30:00+00:00,63.6105,soccer.asian_handicap,period=ft,home,handicap=-1.5,3.2
2026-10-01T00:26:23.371652+02:00,36521471,USL Championship,USA,Rhode Island FC,Indy Eleven,2026-09-30T23:30:00+00:00,63.6105,soccer.asian_handicap,period=ft,away,handicap=-1.5,1.33
2026-10-01T00:26:23.371652+02:00,36521471,USL Championship,USA,Rhode Island FC,Indy Eleven,2026-09-30T23:30:00+00:00,63.6105,soccer.asian_handicap,period=ft,home,handicap=-1.25,2.85
2026-10-01T00:26:23.371652+02:00,36521471,USL Championship,USA,Rhode Island FC,Indy Eleven,2026-09-30T23:30:00+00:00,63.6105,soccer.asian_handicap,period=ft,away,handicap=-1.25,1.4
2026-10-01T00:26:23.371652+02:00,36521471,USL Championship,USA,Rhode Island FC,Indy Eleven,2026-09-30T23:30:00+00:00,63.6105,soccer.asian_handicap,period=ft,home,handicap=-1,2.5
2026-10-01T00:26:23.371652+02:00,36521471,USL Championship,USA,Rhode Island FC,Indy Eleven,2026-09-30T23:30:00+00:00,63.6105,soccer.asian_handicap,period=ft,away,handicap=-1,1.51
2026-10-01T00:26:23.371652+02:00,36521471,USL Championship,USA,Rhode Island FC,Indy Eleven,2026-09-30T23:30:00+00:00,63.6105,soccer.asian_handicap,period=ft,home,handicap=-0.75,2.09
2026-10-01T00:26:23.371652+02:00,36521471,USL Championship,USA,Rhode Island FC,Indy Eleven,2026-09-30T23:30:00+00:00,63.6105,soccer.asian_handicap,period=ft,away,handicap=-0.75,1.73
2026-10-01T00:26:23.371652+02:00,36521471,USL Championship,USA,Rhode Island FC,Indy Eleven,2026-09-30T23:30:00+00:00,63.6105,soccer.asian_handicap,period=ft,home,handicap=-0.25,1.63
2026-10-01T00:26:23.371652+02:00,36521471,USL Championship,USA,Rhode Island FC,Indy Eleven,2026-09-30T23:30:00+00:00,63.6105,soccer.asian_handicap,period=ft,away,handicap=-0.25,2.25
2026-10-01T00:26:23.371652+02:00,36521471,USL Championship,USA,Rhode Island FC,Indy Eleven,2026-09-30T23:30:00+00:00,63.6105,soccer.asian_handicap,period=ft,home,handicap=0,1.43
2026-10-01T00:26:23.371652+02:00,36521471,USL Championship,USA,Rhode Island FC,Indy Eleven,2026-09-30T23:30:00+00:00,63.6105,soccer.asian_handicap,period=ft,away,handicap=0,2.8
2026-10-01T00:26:23.371652+02:00,36521471,USL Championship,USA,Rhode Island FC,Indy Eleven,2026-09-30T23:30:00+00:00,63.6105,soccer.asian_handicap,period=ft,home,handicap=0.25,1.34
2026-10-01T00:26:23.371652+02:00,36521471,USL Championship,USA,Rhode Island FC,Indy Eleven,2026-09-30T23:30:00+00:00,63.6105,soccer.asian_handicap,period=ft,away,handicap=0.25,3.15
2026-10-01T00:26:23.371652+02:00,36521471,USL Championship,USA,Rhode Island FC,Indy Eleven,2026-09-30T23:30:00+00:00,63.6105,soccer.asian_handicap,period=ft,home,handicap=0.5,1.28
2026-10-01T00:26:23.371652+02:00,36521471,USL Championship,USA,Rhode Island FC,Indy Eleven,2026-09-30T23:30:00+00:00,63.6105,soccer.asian_handicap,period=ft,away,handicap=0.5,3.55
2026-10-01T00:26:23.371652+02:00,36521471,USL Championship,USA,Rhode Island FC,Indy Eleven,2026-09-30T23:30:00+00:00,63.6105,soccer.double_chance,period=ft,draw_away,,1.72
2026-10-01T00:26:23.371652+02:00,36521471,USL Championship,USA,Rhode Island FC,Indy Eleven,2026-09-30T23:30:00+00:00,63.6105,soccer.double_chance,period=ft,home_away,,1.23
2026-10-01T00:26:23.371652+02:00,36521471,USL Championship,USA,Rhode Island FC,Indy Eleven,2026-09-30T23:30:00+00:00,63.6105,soccer.double_chance,period=ft,home_draw,,1.24
2026-10-01T00:26:23.371652+02:00,36521471,USL Championship,USA,Rhode Island FC,Indy Eleven,2026-09-30T23:30:00+00:00,63.6105,soccer.match_odds,period=ft,home,,1.84
2026-10-01T00:26:23.371652+02:00,36521471,USL Championship,USA,Rhode Island FC,Indy Eleven,2026-09-30T23:30:00+00:00,63.6105,soccer.match_odds,period=ft,draw,,4.1
2026-10-01T00:26:23.371652+02:00,36521471,USL Championship,USA,Rhode Island FC,Indy Eleven,2026-09-30T23:30:00+00:00,63.6105,soccer.match_odds,period=ft,away,,3.55
2026-10-01T00:26:23.371652+02:00,36521471,USL Championship,USA,Rhode Island FC,Indy Eleven,2026-09-30T23:30:00+00:00,63.6105,soccer.total_goals,period=ft,over,total=2.75,1.8
2026-10-01T00:26:23.371652+02:00,36521471,USL Championship,USA,Rhode Island FC,Indy Eleven,2026-09-30T23:30:00+00:00,63.6105,soccer.total_goals,period=ft,under,total=2.75,2.0
2026-10-01T00:26:23.371652+02:00,36521471,USL Championship,USA,Rhode Island FC,Indy Eleven,2026-09-30T23:30:00+00:00,63.6105,soccer.total_goals,period=ft,over,total=1.5,1.19
2026-10-01T00:26:23.371652+02:00,36521471,USL Championship,USA,Rhode Island FC,Indy Eleven,2026-09-30T23:30:00+00:00,63.6105,soccer.total_goals,period=ft,under,total=1.5,4.35
2026-10-01T00:26:23.371652+02:00,36521471,USL Championship,USA,Rhode Island FC,Indy Eleven,2026-09-30T23:30:00+00:00,63.6105,soccer.total_goals,period=ft,over,total=2.25,1.46
2026-10-01T00:26:23.371652+02:00,36521471,USL Championship,USA,Rhode Island FC,Indy Eleven,2026-09-30T23:30:00+00:00,63.6105,soccer.total_goals,period=ft,under,total=2.25,2.65
2026-10-01T00:26:23.371652+02:00,36521471,USL Championship,USA,Rhode Island FC,Indy Eleven,2026-09-30T23:30:00+00:00,63.6105,soccer.total_goals,period=ft,over,total=2.5,1.64
2026-10-01T00:26:23.371652+02:00,36521471,USL Championship,USA,Rhode Island FC,Indy Eleven,2026-09-30T23:30:00+00:00,63.6105,soccer.total_goals,period=ft,under,total=2.5,2.2
2026-10-01T00:26:23.371652+02:00,36521471,USL Championship,USA,Rhode Island FC,Indy Eleven,2026-09-30T23:30:00+00:00,63.6105,soccer.total_goals,period=ft,over,total=3,2.06
2026-10-01T00:26:23.371652+02:00,36521471,USL Championship,USA,Rhode Island FC,Indy Eleven,2026-09-30T23:30:00+00:00,63.6105,soccer.total_goals,period=ft,under,total=3,1.74
2026-10-01T00:26:23.371652+02:00,36521471,USL Championship,USA,Rhode Island FC,Indy Eleven,2026-09-30T23:30:00+00:00,63.6105,soccer.total_goals,period=ft,over,total=3.25,2.35
2026-10-01T00:26:23.371652+02:00,36521471,USL Championship,USA,Rhode Island FC,Indy Eleven,2026-09-30T23:30:00+00:00,63.6105,soccer.total_goals,period=ft,under,total=3.25,1.57
2026-10-01T00:26:23.371652+02:00,36521471,USL Championship,USA,Rhode Island FC,Indy Eleven,2026-09-30T23:30:00+00:00,63.6105,soccer.total_goals,period=ft,over,total=3.5,2.6
2026-10-01T00:26:23.371652+02:00,36521471,USL Championship,USA,Rhode Island FC,Indy Eleven,2026-09-30T23:30:00+00:00,63.6105,soccer.total_goals,period=ft,under,total=3.5,1.46
2026-10-01T00:26:23.371652+02:00,36521471,USL Championship,USA,Rhode Island FC,Indy Eleven,2026-09-30T23:30:00+00:00,63.6105,soccer.total_goals,period=ft,over,total=4.5,4.8
2026-10-01T00:26:23.371652+02:00,36521471,USL Championship,USA,Rhode Island FC,Indy Eleven,2026-09-30T23:30:00+00:00,63.6105,soccer.total_goals,period=ft,under,total=4.5,1.16
2026-10-01T00:26:23.371652+02:00,36561004,Copa Paraguay,Paraguay,Cerro Porteno,Rubio Nu,2026-09-30T22:30:00+00:00,3.6105,soccer.asian_handicap,period=ft,home,handicap=-1,1.8
2026-10-01T00:26:23.371652+02:00,36561004,Copa Paraguay,Paraguay,Cerro Porteno,Rubio Nu,2026-09-30T22:30:00+00:00,3.6105,soccer.asian_handicap,period=ft,away,handicap=-1,1.89
2026-10-01T00:26:23.371652+02:00,36561004,Copa Paraguay,Paraguay,Cerro Porteno,Rubio Nu,2026-09-30T22:30:00+00:00,3.6105,soccer.asian_handicap,period=ft,home,handicap=-1.75,2.85
2026-10-01T00:26:23.371652+02:00,36561004,Copa Paraguay,Paraguay,Cerro Porteno,Rubio Nu,2026-09-30T22:30:00+00:00,3.6105,soccer.asian_handicap,period=ft,away,handicap=-1.75,1.33
2026-10-01T00:26:23.371652+02:00,36561004,Copa Paraguay,Paraguay,Cerro Porteno,Rubio Nu,2026-09-30T22:30:00+00:00,3.6105,soccer.asian_handicap,period=ft,home,handicap=-1.5,2.35
2026-10-01T00:26:23.371652+02:00,36561004,Copa Paraguay,Paraguay,Cerro Porteno,Rubio Nu,2026-09-30T22:30:00+00:00,3.6105,soccer.asian_handicap,period=ft,away,handicap=-1.5,1.48
2026-10-01T00:26:23.371652+02:00,36561004,Copa Paraguay,Paraguay,Cerro Porteno,Rubio Nu,2026-09-30T22:30:00+00:00,3.6105,soccer.asian_handicap,period=ft,home,handicap=-1.25,2.09
2026-10-01T00:26:23.371652+02:00,36561004,Copa Paraguay,Paraguay,Cerro Porteno,Rubio Nu,2026-09-30T22:30:00+00:00,3.6105,soccer.asian_handicap,period=ft,away,handicap=-1.25,1.63
2026-10-01T00:26:23.371652+02:00,36561004,Copa Paraguay,Paraguay,Cerro Porteno,Rubio Nu,2026-09-30T22:30:00+00:00,3.6105,soccer.asian_handicap,period=ft,home,handicap=-0.75,1.57
2026-10-01T00:26:23.371652+02:00,36561004,Copa Paraguay,Paraguay,Cerro Porteno,Rubio Nu,2026-09-30T22:30:00+00:00,3.6105,soccer.asian_handicap,period=ft,away,handicap=-0.75,2.19
2026-10-01T00:26:23.371652+02:00,36561004,Copa Paraguay,Paraguay,Cerro Porteno,Rubio Nu,2026-09-30T22:30:00+00:00,3.6105,soccer.asian_handicap,period=ft,home,handicap=-0.5,1.44
2026-10-01T00:26:23.371652+02:00,36561004,Copa Paraguay,Paraguay,Cerro Porteno,Rubio Nu,2026-09-30T22:30:00+00:00,3.6105,soccer.asian_handicap,period=ft,away,handicap=-0.5,2.45
2026-10-01T00:26:23.371652+02:00,36561004,Copa Paraguay,Paraguay,Cerro Porteno,Rubio Nu,2026-09-30T22:30:00+00:00,3.6105,soccer.asian_handicap,period=ft,home,handicap=-0.25,1.28
2026-10-01T00:26:23.371652+02:00,36561004,Copa Paraguay,Paraguay,Cerro Porteno,Rubio Nu,2026-09-30T22:30:00+00:00,3.6105,soccer.asian_handicap,period=ft,away,handicap=-0.25,3.1
2026-10-01T00:26:23.371652+02:00,36561004,Copa Paraguay,Paraguay,Cerro Porteno,Rubio Nu,2026-09-30T22:30:00+00:00,3.6105,soccer.double_chance,period=ft,draw_away,,2.2
2026-10-01T00:26:23.371652+02:00,36561004,Copa Paraguay,Paraguay,Cerro Porteno,Rubio Nu,2026-09-30T22:30:00+00:00,3.6105,soccer.double_chance,period=ft,home_away,,1.15
2026-10-01T00:26:23.371652+02:00,36561004,Copa Paraguay,Paraguay,Cerro Porteno,Rubio Nu,2026-09-30T22:30:00+00:00,3.6105,soccer.double_chance,period=ft,home_draw,,1.03
2026-10-01T00:26:23.371652+02:00,36561004,Copa Paraguay,Paraguay,Cerro Porteno,Rubio Nu,2026-09-30T22:30:00+00:00,3.6105,soccer.match_odds,period=ft,home,,1.45
2026-10-01T00:26:23.371652+02:00,36561004,Copa Paraguay,Paraguay,Cerro Porteno,Rubio Nu,2026-09-30T22:30:00+00:00,3.6105,soccer.match_odds,period=ft,draw,,3.65
2026-10-01T00:26:23.371652+02:00,36561004,Copa Paraguay,Paraguay,Cerro Porteno,Rubio Nu,2026-09-30T22:30:00+00:00,3.6105,soccer.match_odds,period=ft,away,,6.05
2026-10-01T00:26:23.371652+02:00,36561004,Copa Paraguay,Paraguay,Cerro Porteno,Rubio Nu,2026-09-30T22:30:00+00:00,3.6105,soccer.total_goals,period=ft,over,total=2.25,1.76
2026-10-01T00:26:23.371652+02:00,36561004,Copa Paraguay,Paraguay,Cerro Porteno,Rubio Nu,2026-09-30T22:30:00+00:00,3.6105,soccer.total_goals,period=ft,under,total=2.25,1.94
2026-10-01T00:26:23.371652+02:00,36561004,Copa Paraguay,Paraguay,Cerro Porteno,Rubio Nu,2026-09-30T22:30:00+00:00,3.6105,soccer.total_goals,period=ft,over,total=1.5,1.29
2026-10-01T00:26:23.371652+02:00,36561004,Copa Paraguay,Paraguay,Cerro Porteno,Rubio Nu,2026-09-30T22:30:00+00:00,3.6105,soccer.total_goals,period=ft,under,total=1.5,3.05
2026-10-01T00:26:23.371652+02:00,36561004,Copa Paraguay,Paraguay,Cerro Porteno,Rubio Nu,2026-09-30T22:30:00+00:00,3.6105,soccer.total_goals,period=ft,over,total=1.75,1.36
2026-10-01T00:26:23.371652+02:00,36561004,Copa Paraguay,Paraguay,Cerro Porteno,Rubio Nu,2026-09-30T22:30:00+00:00,3.6105,soccer.total_goals,period=ft,under,total=1.75,2.7
2026-10-01T00:26:23.371652+02:00,36561004,Copa Paraguay,Paraguay,Cerro Porteno,Rubio Nu,2026-09-30T22:30:00+00:00,3.6105,soccer.total_goals,period=ft,over,total=2,1.49
2026-10-01T00:26:23.371652+02:00,36561004,Copa Paraguay,Paraguay,Cerro Porteno,Rubio Nu,2026-09-30T22:30:00+00:00,3.6105,soccer.total_goals,period=ft,under,total=2,2.35
2026-10-01T00:26:23.371652+02:00,36561004,Copa Paraguay,Paraguay,Cerro Porteno,Rubio Nu,2026-09-30T22:30:00+00:00,3.6105,soccer.total_goals,period=ft,over,total=2.5,2.01
2026-10-01T00:26:23.371652+02:00,36561004,Copa Paraguay,Paraguay,Cerro Porteno,Rubio Nu,2026-09-30T22:30:00+00:00,3.6105,soccer.total_goals,period=ft,under,total=2.5,1.69
2026-10-01T00:26:23.371652+02:00,36561004,Copa Paraguay,Paraguay,Cerro Porteno,Rubio Nu,2026-09-30T22:30:00+00:00,3.6105,soccer.total_goals,period=ft,over,total=2.75,2.25
2026-10-01T00:26:23.371652+02:00,36561004,Copa Paraguay,Paraguay,Cerro Porteno,Rubio Nu,2026-09-30T22:30:00+00:00,3.6105,soccer.total_goals,period=ft,under,total=2.75,1.51
2026-10-01T00:26:23.371652+02:00,36561004,Copa Paraguay,Paraguay,Cerro Porteno,Rubio Nu,2026-09-30T22:30:00+00:00,3.6105,soccer.total_goals,period=ft,over,total=3,2.8
2026-10-01T00:26:23.371652+02:00,36561004,Copa Paraguay,Paraguay,Cerro Porteno,Rubio Nu,2026-09-30T22:30:00+00:00,3.6105,soccer.total_goals,period=ft,under,total=3,1.34
2026-10-01T00:26:23.371652+02:00,36577752,Brazil Campeonato Paraibano (PB) Division 2,Brazil,Auto EC (PB),Picuiense PB,2026-09-30T23:15:00+00:00,48.6105,soccer.asian_handicap,period=ft,home,handicap=-1.75,1.75
2026-10-01T00:26:23.371652+02:00,36577752,Brazil Campeonato Paraibano (PB) Division 2,Brazil,Auto EC (PB),Picuiense PB,2026-09-30T23:15:00+00:00,48.6105,soccer.asian_handicap,period=ft,away,handicap=-1.75,1.94
2026-10-01T00:26:23.371652+02:00,36577752,Brazil Campeonato Paraibano (PB) Division 2,Brazil,Auto EC (PB),Picuiense PB,2026-09-30T23:15:00+00:00,48.6105,soccer.asian_handicap,period=ft,home,handicap=-2.5,2.45
2026-10-01T00:26:23.371652+02:00,36577752,Brazil Campeonato Paraibano (PB) Division 2,Brazil,Auto EC (PB),Picuiense PB,2026-09-30T23:15:00+00:00,48.6105,soccer.asian_handicap,period=ft,away,handicap=-2.5,1.42
2026-10-01T00:26:23.371652+02:00,36577752,Brazil Campeonato Paraibano (PB) Division 2,Brazil,Auto EC (PB),Picuiense PB,2026-09-30T23:15:00+00:00,48.6105,soccer.asian_handicap,period=ft,home,handicap=-2.25,2.2
2026-10-01T00:26:23.371652+02:00,36577752,Brazil Campeonato Paraibano (PB) Division 2,Brazil,Auto EC (PB),Picuiense PB,2026-09-30T23:15:00+00:00,48.6105,soccer.asian_handicap,period=ft,away,handicap=-2.25,1.52
2026-10-01T00:26:23.371652+02:00,36577752,Brazil Campeonato Paraibano (PB) Division 2,Brazil,Auto EC (PB),Picuiense PB,2026-09-30T23:15:00+00:00,48.6105,soccer.asian_handicap,period=ft,home,handicap=-2,1.99
2026-10-01T00:26:23.371652+02:00,36577752,Brazil Campeonato Paraibano (PB) Division 2,Brazil,Auto EC (PB),Picuiense PB,2026-09-30T23:15:00+00:00,48.6105,soccer.asian_handicap,period=ft,away,handicap=-2,1.69
2026-10-01T00:26:23.371652+02:00,36577752,Brazil Campeonato Paraibano (PB) Division 2,Brazil,Auto EC (PB),Picuiense PB,2026-09-30T23:15:00+00:00,48.6105,soccer.asian_handicap,period=ft,home,handicap=-1.5,1.59
2026-10-01T00:26:23.371652+02:00,36577752,Brazil Campeonato Paraibano (PB) Division 2,Brazil,Auto EC (PB),Picuiense PB,2026-09-30T23:15:00+00:00,48.6105,soccer.asian_handicap,period=ft,away,handicap=-1.5,2.15
2026-10-01T00:26:23.371652+02:00,36577752,Brazil Campeonato Paraibano (PB) Division 2,Brazil,Auto EC (PB),Picuiense PB,2026-09-30T23:15:00+00:00,48.6105,soccer.asian_handicap,period=ft,home,handicap=-1.25,1.42
2026-10-01T00:26:23.371652+02:00,36577752,Brazil Campeonato Paraibano (PB) Division 2,Brazil,Auto EC (PB),Picuiense PB,2026-09-30T23:15:00+00:00,48.6105,soccer.asian_handicap,period=ft,away,handicap=-1.25,2.45
2026-10-01T00:26:23.371652+02:00,36577752,Brazil Campeonato Paraibano (PB) Division 2,Brazil,Auto EC (PB),Picuiense PB,2026-09-30T23:15:00+00:00,48.6105,soccer.asian_handicap,period=ft,home,handicap=-1,1.27
2026-10-01T00:26:23.371652+02:00,36577752,Brazil Campeonato Paraibano (PB) Division 2,Brazil,Auto EC (PB),Picuiense PB,2026-09-30T23:15:00+00:00,48.6105,soccer.asian_handicap,period=ft,away,handicap=-1,3.1
2026-10-01T00:26:23.371652+02:00,36577752,Brazil Campeonato Paraibano (PB) Division 2,Brazil,Auto EC (PB),Picuiense PB,2026-09-30T23:15:00+00:00,48.6105,soccer.total_goals,period=ft,over,total=3,1.74
2026-10-01T00:26:23.371652+02:00,36577752,Brazil Campeonato Paraibano (PB) Division 2,Brazil,Auto EC (PB),Picuiense PB,2026-09-30T23:15:00+00:00,48.6105,soccer.total_goals,period=ft,under,total=3,1.95
2026-10-01T00:26:23.371652+02:00,36577752,Brazil Campeonato Paraibano (PB) Division 2,Brazil,Auto EC (PB),Picuiense PB,2026-09-30T23:15:00+00:00,48.6105,soccer.total_goals,period=ft,over,total=2.25,1.31
2026-10-01T00:26:23.371652+02:00,36577752,Brazil Campeonato Paraibano (PB) Division 2,Brazil,Auto EC (PB),Picuiense PB,2026-09-30T23:15:00+00:00,48.6105,soccer.total_goals,period=ft,under,total=2.25,2.9
2026-10-01T00:26:23.371652+02:00,36577752,Brazil Campeonato Paraibano (PB) Division 2,Brazil,Auto EC (PB),Picuiense PB,2026-09-30T23:15:00+00:00,48.6105,soccer.total_goals,period=ft,over,total=2.5,1.46
2026-10-01T00:26:23.371652+02:00,36577752,Brazil Campeonato Paraibano (PB) Division 2,Brazil,Auto EC (PB),Picuiense PB,2026-09-30T23:15:00+00:00,48.6105,soccer.total_goals,period=ft,under,total=2.5,2.35
2026-10-01T00:26:23.371652+02:00,36577752,Brazil Campeonato Paraibano (PB) Division 2,Brazil,Auto EC (PB),Picuiense PB,2026-09-30T23:15:00+00:00,48.6105,soccer.total_goals,period=ft,over,total=2.75,1.57
2026-10-01T00:26:23.371652+02:00,36577752,Brazil Campeonato Paraibano (PB) Division 2,Brazil,Auto EC (PB),Picuiense PB,2026-09-30T23:15:00+00:00,48.6105,soccer.total_goals,period=ft,under,total=2.75,2.17
2026-10-01T00:26:23.371652+02:00,36577752,Brazil Campeonato Paraibano (PB) Division 2,Brazil,Auto EC (PB),Picuiense PB,2026-09-30T23:15:00+00:00,48.6105,soccer.total_goals,period=ft,over,total=3.25,1.96
2026-10-01T00:26:23.371652+02:00,36577752,Brazil Campeonato Paraibano (PB) Division 2,Brazil,Auto EC (PB),Picuiense PB,2026-09-30T23:15:00+00:00,48.6105,soccer.total_goals,period=ft,under,total=3.25,1.71
2026-10-01T00:26:23.371652+02:00,36577752,Brazil Campeonato Paraibano (PB) Division 2,Brazil,Auto EC (PB),Picuiense PB,2026-09-30T23:15:00+00:00,48.6105,soccer.total_goals,period=ft,over,total=3.5,2.14
2026-10-01T00:26:23.371652+02:00,36577752,Brazil Campeonato Paraibano (PB) Division 2,Brazil,Auto EC (PB),Picuiense PB,2026-09-30T23:15:00+00:00,48.6105,soccer.total_goals,period=ft,under,total=3.5,1.56
2026-10-01T00:26:23.371652+02:00,36577752,Brazil Campeonato Paraibano (PB) Division 2,Brazil,Auto EC (PB),Picuiense PB,2026-09-30T23:15:00+00:00,48.6105,soccer.total_goals,period=ft,over,total=3.75,2.45
2026-10-01T00:26:23.371652+02:00,36577752,Brazil Campeonato Paraibano (PB) Division 2,Brazil,Auto EC (PB),Picuiense PB,2026-09-30T23:15:00+00:00,48.6105,soccer.total_goals,period=ft,under,total=3.75,1.43
2026-10-01T00:26:23.371652+02:00,36573249,Copa Division Profesional,Bolivia,CD Real Tomayapo,CA Nacional Potosi,2026-09-30T22:30:00+00:00,3.6105,soccer.asian_handicap,period=ft,home,handicap=0,1.93
2026-10-01T00:26:23.371652+02:00,36573249,Copa Division Profesional,Bolivia,CD Real Tomayapo,CA Nacional Potosi,2026-09-30T22:30:00+00:00,3.6105,soccer.asian_handicap,period=ft,away,handicap=0,1.77
2026-10-01T00:26:23.371652+02:00,36573249,Copa Division Profesional,Bolivia,CD Real Tomayapo,CA Nacional Potosi,2026-09-30T22:30:00+00:00,3.6105,soccer.asian_handicap,period=ft,home,handicap=-0.75,3.0
2026-10-01T00:26:23.371652+02:00,36573249,Copa Division Profesional,Bolivia,CD Real Tomayapo,CA Nacional Potosi,2026-09-30T22:30:00+00:00,3.6105,soccer.asian_handicap,period=ft,away,handicap=-0.75,1.3
2026-10-01T00:26:23.371652+02:00,36573249,Copa Division Profesional,Bolivia,CD Real Tomayapo,CA Nacional Potosi,2026-09-30T22:30:00+00:00,3.6105,soccer.asian_handicap,period=ft,home,handicap=-0.5,2.5
2026-10-01T00:26:23.371652+02:00,36573249,Copa Division Profesional,Bolivia,CD Real Tomayapo,CA Nacional Potosi,2026-09-30T22:30:00+00:00,3.6105,soccer.asian_handicap,period=ft,away,handicap=-0.5,1.43
2026-10-01T00:26:23.371652+02:00,36573249,Copa Division Profesional,Bolivia,CD Real Tomayapo,CA Nacional Potosi,2026-09-30T22:30:00+00:00,3.6105,soccer.asian_handicap,period=ft,home,handicap=-0.25,2.2
2026-10-01T00:26:23.371652+02:00,36573249,Copa Division Profesional,Bolivia,CD Real Tomayapo,CA Nacional Potosi,2026-09-30T22:30:00+00:00,3.6105,soccer.asian_handicap,period=ft,away,handicap=-0.25,1.56
2026-10-01T00:26:23.371652+02:00,36573249,Copa Division Profesional,Bolivia,CD Real Tomayapo,CA Nacional Potosi,2026-09-30T22:30:00+00:00,3.6105,soccer.asian_handicap,period=ft,home,handicap=0.25,1.65
2026-10-01T00:26:23.371652+02:00,36573249,Copa Division Profesional,Bolivia,CD Real Tomayapo,CA Nacional Potosi,2026-09-30T22:30:00+00:00,3.6105,soccer.asian_handicap,period=ft,away,handicap=0.25,2.05
2026-10-01T00:26:23.371652+02:00,36573249,Copa Division Profesional,Bolivia,CD Real Tomayapo,CA Nacional Potosi,2026-09-30T22:30:00+00:00,3.6105,soccer.asian_handicap,period=ft,home,handicap=0.5,1.5
2026-10-01T00:26:23.371652+02:00,36573249,Copa Division Profesional,Bolivia,CD Real Tomayapo,CA Nacional Potosi,2026-09-30T22:30:00+00:00,3.6105,soccer.asian_handicap,period=ft,away,handicap=0.5,2.3
2026-10-01T00:26:23.371652+02:00,36573249,Copa Division Profesional,Bolivia,CD Real Tomayapo,CA Nacional Potosi,2026-09-30T22:30:00+00:00,3.6105,soccer.asian_handicap,period=ft,home,handicap=0.75,1.35
2026-10-01T00:26:23.371652+02:00,36573249,Copa Division Profesional,Bolivia,CD Real Tomayapo,CA Nacional Potosi,2026-09-30T22:30:00+00:00,3.6105,soccer.asian_handicap,period=ft,away,handicap=0.75,2.75
2026-10-01T00:26:23.371652+02:00,36573249,Copa Division Profesional,Bolivia,CD Real Tomayapo,CA Nacional Potosi,2026-09-30T22:30:00+00:00,3.6105,soccer.match_odds,period=ft,home,,2.55
2026-10-01T00:26:23.371652+02:00,36573249,Copa Division Profesional,Bolivia,CD Real Tomayapo,CA Nacional Potosi,2026-09-30T22:30:00+00:00,3.6105,soccer.match_odds,period=ft,draw,,3.25
2026-10-01T00:26:23.371652+02:00,36573249,Copa Division Profesional,Bolivia,CD Real Tomayapo,CA Nacional Potosi,2026-09-30T22:30:00+00:00,3.6105,soccer.match_odds,period=ft,away,,2.35
2026-10-01T00:26:23.371652+02:00,36573249,Copa Division Profesional,Bolivia,CD Real Tomayapo,CA Nacional Potosi,2026-09-30T22:30:00+00:00,3.6105,soccer.total_goals,period=ft,over,total=2.75,1.84
2026-10-01T00:26:23.371652+02:00,36573249,Copa Division Profesional,Bolivia,CD Real Tomayapo,CA Nacional Potosi,2026-09-30T22:30:00+00:00,3.6105,soccer.total_goals,period=ft,under,total=2.75,1.85
2026-10-01T00:26:23.371652+02:00,36573249,Copa Division Profesional,Bolivia,CD Real Tomayapo,CA Nacional Potosi,2026-09-30T22:30:00+00:00,3.6105,soccer.total_goals,period=ft,over,total=2,1.28
2026-10-01T00:26:23.371652+02:00,36573249,Copa Division Profesional,Bolivia,CD Real Tomayapo,CA Nacional Potosi,2026-09-30T22:30:00+00:00,3.6105,soccer.total_goals,period=ft,under,total=2,3.1
2026-10-01T00:26:23.371652+02:00,36573249,Copa Division Profesional,Bolivia,CD Real Tomayapo,CA Nacional Potosi,2026-09-30T22:30:00+00:00,3.6105,soccer.total_goals,period=ft,over,total=2.25,1.46
2026-10-01T00:26:23.371652+02:00,36573249,Copa Division Profesional,Bolivia,CD Real Tomayapo,CA Nacional Potosi,2026-09-30T22:30:00+00:00,3.6105,soccer.total_goals,period=ft,under,total=2.25,2.4
2026-10-01T00:26:23.371652+02:00,36573249,Copa Division Profesional,Bolivia,CD Real Tomayapo,CA Nacional Potosi,2026-09-30T22:30:00+00:00,3.6105,soccer.total_goals,period=ft,over,total=2.5,1.66
2026-10-01T00:26:23.371652+02:00,36573249,Copa Division Profesional,Bolivia,CD Real Tomayapo,CA Nacional Potosi,2026-09-30T22:30:00+00:00,3.6105,soccer.total_goals,period=ft,under,total=2.5,2.04
2026-10-01T00:26:23.371652+02:00,36573249,Copa Division Profesional,Bolivia,CD Real Tomayapo,CA Nacional Potosi,2026-09-30T22:30:00+00:00,3.6105,soccer.total_goals,period=ft,over,total=3,2.08
2026-10-01T00:26:23.371652+02:00,36573249,Copa Division Profesional,Bolivia,CD Real Tomayapo,CA Nacional Potosi,2026-09-30T22:30:00+00:00,3.6105,soccer.total_goals,period=ft,under,total=3,1.63
2026-10-01T00:26:23.371652+02:00,36573249,Copa Division Profesional,Bolivia,CD Real Tomayapo,CA Nacional Potosi,2026-09-30T22:30:00+00:00,3.6105,soccer.total_goals,period=ft,over,total=3.25,2.3
2026-10-01T00:26:23.371652+02:00,36573249,Copa Division Profesional,Bolivia,CD Real Tomayapo,CA Nacional Potosi,2026-09-30T22:30:00+00:00,3.6105,soccer.total_goals,period=ft,under,total=3.25,1.49
2026-10-01T00:26:23.371652+02:00,36573249,Copa Division Profesional,Bolivia,CD Real Tomayapo,CA Nacional Potosi,2026-09-30T22:30:00+00:00,3.6105,soccer.total_goals,period=ft,over,total=3.5,2.55
2026-10-01T00:26:23.371652+02:00,36573249,Copa Division Profesional,Bolivia,CD Real Tomayapo,CA Nacional Potosi,2026-09-30T22:30:00+00:00,3.6105,soccer.total_goals,period=ft,under,total=3.5,1.4
2026-10-01T00:26:23.371652+02:00,36522149,Primera Division,Uruguay,Montevideo City Torque,CA Penarol Montevideo,2026-09-30T23:00:00+00:00,33.6105,soccer.asian_handicap,period=ft,home,handicap=0.25,2.03
2026-10-01T00:26:23.371652+02:00,36522149,Primera Division,Uruguay,Montevideo City Torque,CA Penarol Montevideo,2026-09-30T23:00:00+00:00,33.6105,soccer.asian_handicap,period=ft,away,handicap=0.25,1.8
2026-10-01T00:26:23.371652+02:00,36522149,Primera Division,Uruguay,Montevideo City Torque,CA Penarol Montevideo,2026-09-30T23:00:00+00:00,33.6105,soccer.asian_handicap,period=ft,home,handicap=-0.75,4.4
2026-10-01T00:26:23.371652+02:00,36522149,Primera Division,Uruguay,Montevideo City Torque,CA Penarol Montevideo,2026-09-30T23:00:00+00:00,33.6105,soccer.asian_handicap,period=ft,away,handicap=-0.75,1.2
2026-10-01T00:26:23.371652+02:00,36522149,Primera Division,Uruguay,Montevideo City Torque,CA Penarol Montevideo,2026-09-30T23:00:00+00:00,33.6105,soccer.asian_handicap,period=ft,home,handicap=-0.5,3.4
2026-10-01T00:26:23.371652+02:00,36522149,Primera Division,Uruguay,Montevideo City Torque,CA Penarol Montevideo,2026-09-30T23:00:00+00:00,33.6105,soccer.asian_handicap,period=ft,away,handicap=-0.5,1.31
2026-10-01T00:26:23.371652+02:00,36522149,Primera Division,Uruguay,Montevideo City Torque,CA Penarol Montevideo,2026-09-30T23:00:00+00:00,33.6105,soccer.asian_handicap,period=ft,home,handicap=-0.25,2.95
2026-10-01T00:26:23.371652+02:00,36522149,Primera Division,Uruguay,Montevideo City Torque,CA Penarol Montevideo,2026-09-30T23:00:00+00:00,33.6105,soccer.asian_handicap,period=ft,away,handicap=-0.25,1.39
2026-10-01T00:26:23.371652+02:00,36522149,Primera Division,Uruguay,Montevideo City Torque,CA Penarol Montevideo,2026-09-30T23:00:00+00:00,33.6105,soccer.asian_handicap,period=ft,home,handicap=0,2.5
2026-10-01T00:26:23.371652+02:00,36522149,Primera Division,Uruguay,Montevideo City Torque,CA Penarol Montevideo,2026-09-30T23:00:00+00:00,33.6105,soccer.asian_handicap,period=ft,away,handicap=0,1.52
2026-10-01T00:26:23.371652+02:00,36522149,Primera Division,Uruguay,Montevideo City Torque,CA Penarol Montevideo,2026-09-30T23:00:00+00:00,33.6105,soccer.asian_handicap,period=ft,home,handicap=0.5,1.76
2026-10-01T00:26:23.371652+02:00,36522149,Primera Division,Uruguay,Montevideo City Torque,CA Penarol Montevideo,2026-09-30T23:00:00+00:00,33.6105,soccer.asian_handicap,period=ft,away,handicap=0.5,2.07
2026-10-01T00:26:23.371652+02:00,36522149,Primera Division,Uruguay,Montevideo City Torque,CA Penarol Montevideo,2026-09-30T23:00:00+00:00,33.6105,soccer.asian_handicap,period=ft,home,handicap=0.75,1.55
2026-10-01T00:26:23.371652+02:00,36522149,Primera Division,Uruguay,Montevideo City Torque,CA Penarol Montevideo,2026-09-30T23:00:00+00:00,33.6105,soccer.asian_handicap,period=ft,away,handicap=0.75,2.45
2026-10-01T00:26:23.371652+02:00,36522149,Primera Division,Uruguay,Montevideo City Torque,CA Penarol Montevideo,2026-09-30T23:00:00+00:00,33.6105,soccer.asian_handicap,period=ft,home,handicap=1,1.34
2026-10-01T00:26:23.371652+02:00,36522149,Primera Division,Uruguay,Montevideo City Torque,CA Penarol Montevideo,2026-09-30T23:00:00+00:00,33.6105,soccer.asian_handicap,period=ft,away,handicap=1,3.15
2026-10-01T00:26:23.371652+02:00,36522149,Primera Division,Uruguay,Montevideo City Torque,CA Penarol Montevideo,2026-09-30T23:00:00+00:00,33.6105,soccer.asian_handicap,period=ft,home,handicap=1.25,1.27
2026-10-01T00:26:23.371652+02:00,36522149,Primera Division,Uruguay,Montevideo City Torque,CA Penarol Montevideo,2026-09-30T23:00:00+00:00,33.6105,soccer.asian_handicap,period=ft,away,handicap=1.25,3.65
2026-10-01T00:26:23.371652+02:00,36522149,Primera Division,Uruguay,Montevideo City Torque,CA Penarol Montevideo,2026-09-30T23:00:00+00:00,33.6105,soccer.double_chance,period=ft,draw_away,,1.32
2026-10-01T00:26:23.371652+02:00,36522149,Primera Division,Uruguay,Montevideo City Torque,CA Penarol Montevideo,2026-09-30T23:00:00+00:00,33.6105,soccer.double_chance,period=ft,home_away,,1.27
2026-10-01T00:26:23.371652+02:00,36522149,Primera Division,Uruguay,Montevideo City Torque,CA Penarol Montevideo,2026-09-30T23:00:00+00:00,33.6105,soccer.double_chance,period=ft,home_draw,,1.76
2026-10-01T00:26:23.371652+02:00,36522149,Primera Division,Uruguay,Montevideo City Torque,CA Penarol Montevideo,2026-09-30T23:00:00+00:00,33.6105,soccer.match_odds,period=ft,home,,3.4
2026-10-01T00:26:23.371652+02:00,36522149,Primera Division,Uruguay,Montevideo City Torque,CA Penarol Montevideo,2026-09-30T23:00:00+00:00,33.6105,soccer.match_odds,period=ft,draw,,3.5
2026-10-01T00:26:23.371652+02:00,36522149,Primera Division,Uruguay,Montevideo City Torque,CA Penarol Montevideo,2026-09-30T23:00:00+00:00,33.6105,soccer.match_odds,period=ft,away,,2.07
2026-10-01T00:26:23.371652+02:00,36522149,Primera Division,Uruguay,Montevideo City Torque,CA Penarol Montevideo,2026-09-30T23:00:00+00:00,33.6105,soccer.total_goals,period=ft,over,total=2.5,2.01
2026-10-01T00:26:23.371652+02:00,36522149,Primera Division,Uruguay,Montevideo City Torque,CA Penarol Montevideo,2026-09-30T23:00:00+00:00,33.6105,soccer.total_goals,period=ft,under,total=2.5,1.8
2026-10-01T00:26:23.371652+02:00,36522149,Primera Division,Uruguay,Montevideo City Torque,CA Penarol Montevideo,2026-09-30T23:00:00+00:00,33.6105,soccer.total_goals,period=ft,over,total=1.5,1.3
2026-10-01T00:26:23.371652+02:00,36522149,Primera Division,Uruguay,Montevideo City Torque,CA Penarol Montevideo,2026-09-30T23:00:00+00:00,33.6105,soccer.total_goals,period=ft,under,total=1.5,3.35
2026-10-01T00:26:23.371652+02:00,36522149,Primera Division,Uruguay,Montevideo City Torque,CA Penarol Montevideo,2026-09-30T23:00:00+00:00,33.6105,soccer.total_goals,period=ft,over,total=2,1.5
2026-10-01T00:26:23.371652+02:00,36522149,Primera Division,Uruguay,Montevideo City Torque,CA Penarol Montevideo,2026-09-30T23:00:00+00:00,33.6105,soccer.total_goals,period=ft,under,total=2,2.55
2026-10-01T00:26:23.371652+02:00,36522149,Primera Division,Uruguay,Montevideo City Torque,CA Penarol Montevideo,2026-09-30T23:00:00+00:00,33.6105,soccer.total_goals,period=ft,over,total=2.25,1.75
2026-10-01T00:26:23.371652+02:00,36522149,Primera Division,Uruguay,Montevideo City Torque,CA Penarol Montevideo,2026-09-30T23:00:00+00:00,33.6105,soccer.total_goals,period=ft,under,total=2.25,2.05
2026-10-01T00:26:23.371652+02:00,36522149,Primera Division,Uruguay,Montevideo City Torque,CA Penarol Montevideo,2026-09-30T23:00:00+00:00,33.6105,soccer.total_goals,period=ft,over,total=2.75,2.3
2026-10-01T00:26:23.371652+02:00,36522149,Primera Division,Uruguay,Montevideo City Torque,CA Penarol Montevideo,2026-09-30T23:00:00+00:00,33.6105,soccer.total_goals,period=ft,under,total=2.75,1.6
2026-10-01T00:26:23.371652+02:00,36522149,Primera Division,Uruguay,Montevideo City Torque,CA Penarol Montevideo,2026-09-30T23:00:00+00:00,33.6105,soccer.total_goals,period=ft,over,total=3,2.85
2026-10-01T00:26:23.371652+02:00,36522149,Primera Division,Uruguay,Montevideo City Torque,CA Penarol Montevideo,2026-09-30T23:00:00+00:00,33.6105,soccer.total_goals,period=ft,under,total=3,1.41
2026-10-01T00:26:23.371652+02:00,36522149,Primera Division,Uruguay,Montevideo City Torque,CA Penarol Montevideo,2026-09-30T23:00:00+00:00,33.6105,soccer.total_goals,period=ft,over,total=3.5,3.55
2026-10-01T00:26:23.371652+02:00,36522149,Primera Division,Uruguay,Montevideo City Torque,CA Penarol Montevideo,2026-09-30T23:00:00+00:00,33.6105,soccer.total_goals,period=ft,under,total=3.5,1.28
2026-10-01T00:26:23.371652+02:00,36522149,Primera Division,Uruguay,Montevideo City Torque,CA Penarol Montevideo,2026-09-30T23:00:00+00:00,33.6105,soccer.total_goals,period=ft,over,total=4.5,7.05
2026-10-01T00:26:23.371652+02:00,36522149,Primera Division,Uruguay,Montevideo City Torque,CA Penarol Montevideo,2026-09-30T23:00:00+00:00,33.6105,soccer.total_goals,period=ft,under,total=4.5,1.09
