captured_at_local,event_id,competition,category,home_team,away_team,kickoff_utc,minutes_to_kickoff,market,submarket,outcome,params,price
2026-10-09T00:01:27.659621+02:00,36626420,"Primera A, Clausura",Colombia,Atletico Nacional Medellin,CD Tolima,2026-10-08T23:05:00+00:00,63.539,soccer.asian_handicap,period=ft,home,handicap=-0.75,1.96
2026-10-09T00:01:27.659621+02:00,36626420,"Primera A, Clausura",Colombia,Atletico Nacional Medellin,CD Tolima,2026-10-08T23:05:00+00:00,63.539,soccer.asian_handicap,period=ft,away,handicap=-0.75,1.87
2026-10-09T00:01:27.659621+02:00,36626420,"Primera A, Clausura",Colombia,Atletico Nacional Medellin,CD Tolima,2026-10-08T23:05:00+00:00,63.539,soccer.asian_handicap,period=ft,home,handicap=-1.75,3.85
2026-10-09T00:01:27.659621+02:00,36626420,"Primera A, Clausura",Colombia,Atletico Nacional Medellin,CD Tolima,2026-10-08T23:05:00+00:00,63.539,soccer.asian_handicap,period=ft,away,handicap=-1.75,1.25
2026-10-09T00:01:27.659621+02:00,36626420,"Primera A, Clausura",Colombia,Atletico Nacional Medellin,CD Tolima,2026-10-08T23:05:00+00:00,63.539,soccer.asian_handicap,period=ft,home,handicap=-1.5,3.05
2026-10-09T00:01:27.659621+02:00,36626420,"Primera A, Clausura",Colombia,Atletico Nacional Medellin,CD Tolima,2026-10-08T23:05:00+00:00,63.539,soccer.asian_handicap,period=ft,away,handicap=-1.5,1.36
2026-10-09T00:01:27.659621+02:00,36626420,"Primera A, Clausura",Colombia,Atletico Nacional Medellin,CD Tolima,2026-10-08T23:05:00+00:00,63.539,soccer.asian_handicap,period=ft,home,handicap=-1.25,2.7
2026-10-09T00:01:27.659621+02:00,36626420,"Primera A, Clausura",Colombia,Atletico Nacional Medellin,CD Tolima,2026-10-08T23:05:00+00:00,63.539,soccer.asian_handicap,period=ft,away,handicap=-1.25,1.45
2026-10-09T00:01:27.659621+02:00,36626420,"Primera A, Clausura",Colombia,Atletico Nacional Medellin,CD Tolima,2026-10-08T23:05:00+00:00,63.539,soccer.asian_handicap,period=ft,home,handicap=-1,2.35
2026-10-09T00:01:27.659621+02:00,36626420,"Primera A, Clausura",Colombia,Atletico Nacional Medellin,CD Tolima,2026-10-08T23:05:00+00:00,63.539,soccer.asian_handicap,period=ft,away,handicap=-1,1.6
2026-10-09T00:01:27.659621+02:00,36626420,"Primera A, Clausura",Colombia,Atletico Nacional Medellin,CD Tolima,2026-10-08T23:05:00+00:00,63.539,soccer.asian_handicap,period=ft,home,handicap=-0.5,1.72
2026-10-09T00:01:27.659621+02:00,36626420,"Primera A, Clausura",Colombia,Atletico Nacional Medellin,CD Tolima,2026-10-08T23:05:00+00:00,63.539,soccer.asian_handicap,period=ft,away,handicap=-0.5,2.12
2026-10-09T00:01:27.659621+02:00,36626420,"Primera A, Clausura",Colombia,Atletico Nacional Medellin,CD Tolima,2026-10-08T23:05:00+00:00,63.539,soccer.asian_handicap,period=ft,home,handicap=-0.25,1.5
2026-10-09T00:01:27.659621+02:00,36626420,"Primera A, Clausura",Colombia,Atletico Nacional Medellin,CD Tolima,2026-10-08T23:05:00+00:00,63.539,soccer.asian_handicap,period=ft,away,handicap=-0.25,2.55
2026-10-09T00:01:27.659621+02:00,36626420,"Primera A, Clausura",Colombia,Atletico Nacional Medellin,CD Tolima,2026-10-08T23:05:00+00:00,63.539,soccer.asian_handicap,period=ft,home,handicap=0,1.28
2026-10-09T00:01:27.659621+02:00,36626420,"Primera A, Clausura",Colombia,Atletico Nacional Medellin,CD Tolima,2026-10-08T23:05:00+00:00,63.539,soccer.asian_handicap,period=ft,away,handicap=0,3.55
2026-10-09T00:01:27.659621+02:00,36626420,"Primera A, Clausura",Colombia,Atletico Nacional Medellin,CD Tolima,2026-10-08T23:05:00+00:00,63.539,soccer.asian_handicap,period=ft,home,handicap=0.25,1.22
2026-10-09T00:01:27.659621+02:00,36626420,"Primera A, Clausura",Colombia,Atletico Nacional Medellin,CD Tolima,2026-10-08T23:05:00+00:00,63.539,soccer.asian_handicap,period=ft,away,handicap=0.25,4.1
2026-10-09T00:01:27.659621+02:00,36626420,"Primera A, Clausura",Colombia,Atletico Nacional Medellin,CD Tolima,2026-10-08T23:05:00+00:00,63.539,soccer.double_chance,period=ft,draw_away,,2.04
2026-10-09T00:01:27.659621+02:00,36626420,"Primera A, Clausura",Colombia,Atletico Nacional Medellin,CD Tolima,2026-10-08T23:05:00+00:00,63.539,soccer.double_chance,period=ft,home_away,,1.28
2026-10-09T00:01:27.659621+02:00,36626420,"Primera A, Clausura",Colombia,Atletico Nacional Medellin,CD Tolima,2026-10-08T23:05:00+00:00,63.539,soccer.double_chance,period=ft,home_draw,,1.21
2026-10-09T00:01:27.659621+02:00,36626420,"Primera A, Clausura",Colombia,Atletico Nacional Medellin,CD Tolima,2026-10-08T23:05:00+00:00,63.539,soccer.match_odds,period=ft,home,,1.72
2026-10-09T00:01:27.659621+02:00,36626420,"Primera A, Clausura",Colombia,Atletico Nacional Medellin,CD Tolima,2026-10-08T23:05:00+00:00,63.539,soccer.match_odds,period=ft,draw,,3.7
2026-10-09T00:01:27.659621+02:00,36626420,"Primera A, Clausura",Colombia,Atletico Nacional Medellin,CD Tolima,2026-10-08T23:05:00+00:00,63.539,soccer.match_odds,period=ft,away,,4.75
2026-10-09T00:01:27.659621+02:00,36626420,"Primera A, Clausura",Colombia,Atletico Nacional Medellin,CD Tolima,2026-10-08T23:05:00+00:00,63.539,soccer.total_goals,period=ft,over,total=2.5,1.87
2026-10-09T00:01:27.659621+02:00,36626420,"Primera A, Clausura",Colombia,Atletico Nacional Medellin,CD Tolima,2026-10-08T23:05:00+00:00,63.539,soccer.total_goals,period=ft,under,total=2.5,1.94
2026-10-09T00:01:27.659621+02:00,36626420,"Primera A, Clausura",Colombia,Atletico Nacional Medellin,CD Tolima,2026-10-08T23:05:00+00:00,63.539,soccer.total_goals,period=ft,over,total=1.5,1.27
2026-10-09T00:01:27.659621+02:00,36626420,"Primera A, Clausura",Colombia,Atletico Nacional Medellin,CD Tolima,2026-10-08T23:05:00+00:00,63.539,soccer.total_goals,period=ft,under,total=1.5,3.65
2026-10-09T00:01:27.659621+02:00,36626420,"Primera A, Clausura",Colombia,Atletico Nacional Medellin,CD Tolima,2026-10-08T23:05:00+00:00,63.539,soccer.total_goals,period=ft,over,total=2,1.42
2026-10-09T00:01:27.659621+02:00,36626420,"Primera A, Clausura",Colombia,Atletico Nacional Medellin,CD Tolima,2026-10-08T23:05:00+00:00,63.539,soccer.total_goals,period=ft,under,total=2,2.8
2026-10-09T00:01:27.659621+02:00,36626420,"Primera A, Clausura",Colombia,Atletico Nacional Medellin,CD Tolima,2026-10-08T23:05:00+00:00,63.539,soccer.total_goals,period=ft,over,total=2.25,1.64
2026-10-09T00:01:27.659621+02:00,36626420,"Primera A, Clausura",Colombia,Atletico Nacional Medellin,CD Tolima,2026-10-08T23:05:00+00:00,63.539,soccer.total_goals,period=ft,under,total=2.25,2.2
2026-10-09T00:01:27.659621+02:00,36626420,"Primera A, Clausura",Colombia,Atletico Nacional Medellin,CD Tolima,2026-10-08T23:05:00+00:00,63.539,soccer.total_goals,period=ft,over,total=2.75,2.11
2026-10-09T00:01:27.659621+02:00,36626420,"Primera A, Clausura",Colombia,Atletico Nacional Medellin,CD Tolima,2026-10-08T23:05:00+00:00,63.539,soccer.total_goals,period=ft,under,total=2.75,1.72
2026-10-09T00:01:27.659621+02:00,36626420,"Primera A, Clausura",Colombia,Atletico Nacional Medellin,CD Tolima,2026-10-08T23:05:00+00:00,63.539,soccer.total_goals,period=ft,over,total=3,2.5
2026-10-09T00:01:27.659621+02:00,36626420,"Primera A, Clausura",Colombia,Atletico Nacional Medellin,CD Tolima,2026-10-08T23:05:00+00:00,63.539,soccer.total_goals,period=ft,under,total=3,1.5
2026-10-09T00:01:27.659621+02:00,36626420,"Primera A, Clausura",Colombia,Atletico Nacional Medellin,CD Tolima,2026-10-08T23:05:00+00:00,63.539,soccer.total_goals,period=ft,over,total=3.5,3.2
2026-10-09T00:01:27.659621+02:00,36626420,"Primera A, Clausura",Colombia,Atletico Nacional Medellin,CD Tolima,2026-10-08T23:05:00+00:00,63.539,soccer.total_goals,period=ft,under,total=3.5,1.33
2026-10-09T00:01:27.659621+02:00,36626420,"Primera A, Clausura",Colombia,Atletico Nacional Medellin,CD Tolima,2026-10-08T23:05:00+00:00,63.539,soccer.total_goals,period=ft,over,total=4.5,6.35
2026-10-09T00:01:27.659621+02:00,36626420,"Primera A, Clausura",Colombia,Atletico Nacional Medellin,CD Tolima,2026-10-08T23:05:00+00:00,63.539,soccer.total_goals,period=ft,under,total=4.5,1.1
2026-10-09T00:01:27.659621+02:00,36609426,Brasileiro Serie B,Brazil,Ceara SC CE,Criciuma EC SC,2026-10-08T22:30:00+00:00,28.539,soccer.asian_handicap,period=ft,home,handicap=0,1.89
2026-10-09T00:01:27.659621+02:00,36609426,Brasileiro Serie B,Brazil,Ceara SC CE,Criciuma EC SC,2026-10-08T22:30:00+00:00,28.539,soccer.asian_handicap,period=ft,away,handicap=0,1.95
2026-10-09T00:01:27.659621+02:00,36609426,Brasileiro Serie B,Brazil,Ceara SC CE,Criciuma EC SC,2026-10-08T22:30:00+00:00,28.539,soccer.asian_handicap,period=ft,home,handicap=-1,4.75
2026-10-09T00:01:27.659621+02:00,36609426,Brasileiro Serie B,Brazil,Ceara SC CE,Criciuma EC SC,2026-10-08T22:30:00+00:00,28.539,soccer.asian_handicap,period=ft,away,handicap=-1,1.19
2026-10-09T00:01:27.659621+02:00,36609426,Brasileiro Serie B,Brazil,Ceara SC CE,Criciuma EC SC,2026-10-08T22:30:00+00:00,28.539,soccer.asian_handicap,period=ft,home,handicap=-0.75,3.25
2026-10-09T00:01:27.659621+02:00,36609426,Brasileiro Serie B,Brazil,Ceara SC CE,Criciuma EC SC,2026-10-08T22:30:00+00:00,28.539,soccer.asian_handicap,period=ft,away,handicap=-0.75,1.33
2026-10-09T00:01:27.659621+02:00,36609426,Brasileiro Serie B,Brazil,Ceara SC CE,Criciuma EC SC,2026-10-08T22:30:00+00:00,28.539,soccer.asian_handicap,period=ft,home,handicap=-0.5,2.65
2026-10-09T00:01:27.659621+02:00,36609426,Brasileiro Serie B,Brazil,Ceara SC CE,Criciuma EC SC,2026-10-08T22:30:00+00:00,28.539,soccer.asian_handicap,period=ft,away,handicap=-0.5,1.49
2026-10-09T00:01:27.659621+02:00,36609426,Brasileiro Serie B,Brazil,Ceara SC CE,Criciuma EC SC,2026-10-08T22:30:00+00:00,28.539,soccer.asian_handicap,period=ft,home,handicap=-0.25,2.25
2026-10-09T00:01:27.659621+02:00,36609426,Brasileiro Serie B,Brazil,Ceara SC CE,Criciuma EC SC,2026-10-08T22:30:00+00:00,28.539,soccer.asian_handicap,period=ft,away,handicap=-0.25,1.65
2026-10-09T00:01:27.659621+02:00,36609426,Brasileiro Serie B,Brazil,Ceara SC CE,Criciuma EC SC,2026-10-08T22:30:00+00:00,28.539,soccer.asian_handicap,period=ft,home,handicap=0.25,1.62
2026-10-09T00:01:27.659621+02:00,36609426,Brasileiro Serie B,Brazil,Ceara SC CE,Criciuma EC SC,2026-10-08T22:30:00+00:00,28.539,soccer.asian_handicap,period=ft,away,handicap=0.25,2.3
2026-10-09T00:01:27.659621+02:00,36609426,Brasileiro Serie B,Brazil,Ceara SC CE,Criciuma EC SC,2026-10-08T22:30:00+00:00,28.539,soccer.asian_handicap,period=ft,home,handicap=0.5,1.47
2026-10-09T00:01:27.659621+02:00,36609426,Brasileiro Serie B,Brazil,Ceara SC CE,Criciuma EC SC,2026-10-08T22:30:00+00:00,28.539,soccer.asian_handicap,period=ft,away,handicap=0.5,2.7
2026-10-09T00:01:27.659621+02:00,36609426,Brasileiro Serie B,Brazil,Ceara SC CE,Criciuma EC SC,2026-10-08T22:30:00+00:00,28.539,soccer.asian_handicap,period=ft,home,handicap=0.75,1.31
2026-10-09T00:01:27.659621+02:00,36609426,Brasileiro Serie B,Brazil,Ceara SC CE,Criciuma EC SC,2026-10-08T22:30:00+00:00,28.539,soccer.asian_handicap,period=ft,away,handicap=0.75,3.4
2026-10-09T00:01:27.659621+02:00,36609426,Brasileiro Serie B,Brazil,Ceara SC CE,Criciuma EC SC,2026-10-08T22:30:00+00:00,28.539,soccer.asian_handicap,period=ft,home,handicap=1,1.17
2026-10-09T00:01:27.659621+02:00,36609426,Brasileiro Serie B,Brazil,Ceara SC CE,Criciuma EC SC,2026-10-08T22:30:00+00:00,28.539,soccer.asian_handicap,period=ft,away,handicap=1,5.0
2026-10-09T00:01:27.659621+02:00,36609426,Brasileiro Serie B,Brazil,Ceara SC CE,Criciuma EC SC,2026-10-08T22:30:00+00:00,28.539,soccer.double_chance,period=ft,draw_away,,1.47
2026-10-09T00:01:27.659621+02:00,36609426,Brasileiro Serie B,Brazil,Ceara SC CE,Criciuma EC SC,2026-10-08T22:30:00+00:00,28.539,soccer.double_chance,period=ft,home_away,,1.35
2026-10-09T00:01:27.659621+02:00,36609426,Brasileiro Serie B,Brazil,Ceara SC CE,Criciuma EC SC,2026-10-08T22:30:00+00:00,28.539,soccer.double_chance,period=ft,home_draw,,1.46
2026-10-09T00:01:27.659621+02:00,36609426,Brasileiro Serie B,Brazil,Ceara SC CE,Criciuma EC SC,2026-10-08T22:30:00+00:00,28.539,soccer.match_odds,period=ft,home,,2.65
2026-10-09T00:01:27.659621+02:00,36609426,Brasileiro Serie B,Brazil,Ceara SC CE,Criciuma EC SC,2026-10-08T22:30:00+00:00,28.539,soccer.match_odds,period=ft,draw,,3.2
2026-10-09T00:01:27.659621+02:00,36609426,Brasileiro Serie B,Brazil,Ceara SC CE,Criciuma EC SC,2026-10-08T22:30:00+00:00,28.539,soccer.match_odds,period=ft,away,,2.7
2026-10-09T00:01:27.659621+02:00,36609426,Brasileiro Serie B,Brazil,Ceara SC CE,Criciuma EC SC,2026-10-08T22:30:00+00:00,28.539,soccer.total_goals,period=ft,over,total=2.25,2.02
2026-10-09T00:01:27.659621+02:00,36609426,Brasileiro Serie B,Brazil,Ceara SC CE,Criciuma EC SC,2026-10-08T22:30:00+00:00,28.539,soccer.total_goals,period=ft,under,total=2.25,1.81
2026-10-09T00:01:27.659621+02:00,36609426,Brasileiro Serie B,Brazil,Ceara SC CE,Criciuma EC SC,2026-10-08T22:30:00+00:00,28.539,soccer.total_goals,period=ft,over,total=1.5,1.4
2026-10-09T00:01:27.659621+02:00,36609426,Brasileiro Serie B,Brazil,Ceara SC CE,Criciuma EC SC,2026-10-08T22:30:00+00:00,28.539,soccer.total_goals,period=ft,under,total=1.5,2.9
2026-10-09T00:01:27.659621+02:00,36609426,Brasileiro Serie B,Brazil,Ceara SC CE,Criciuma EC SC,2026-10-08T22:30:00+00:00,28.539,soccer.total_goals,period=ft,over,total=1.75,1.52
2026-10-09T00:01:27.659621+02:00,36609426,Brasileiro Serie B,Brazil,Ceara SC CE,Criciuma EC SC,2026-10-08T22:30:00+00:00,28.539,soccer.total_goals,period=ft,under,total=1.75,2.5
2026-10-09T00:01:27.659621+02:00,36609426,Brasileiro Serie B,Brazil,Ceara SC CE,Criciuma EC SC,2026-10-08T22:30:00+00:00,28.539,soccer.total_goals,period=ft,over,total=2,1.7
2026-10-09T00:01:27.659621+02:00,36609426,Brasileiro Serie B,Brazil,Ceara SC CE,Criciuma EC SC,2026-10-08T22:30:00+00:00,28.539,soccer.total_goals,period=ft,under,total=2,2.15
2026-10-09T00:01:27.659621+02:00,36609426,Brasileiro Serie B,Brazil,Ceara SC CE,Criciuma EC SC,2026-10-08T22:30:00+00:00,28.539,soccer.total_goals,period=ft,over,total=2.5,2.3
2026-10-09T00:01:27.659621+02:00,36609426,Brasileiro Serie B,Brazil,Ceara SC CE,Criciuma EC SC,2026-10-08T22:30:00+00:00,28.539,soccer.total_goals,period=ft,under,total=2.5,1.61
2026-10-09T00:01:27.659621+02:00,36609426,Brasileiro Serie B,Brazil,Ceara SC CE,Criciuma EC SC,2026-10-08T22:30:00+00:00,28.539,soccer.total_goals,period=ft,over,total=2.75,2.75
2026-10-09T00:01:27.659621+02:00,36609426,Brasileiro Serie B,Brazil,Ceara SC CE,Criciuma EC SC,2026-10-08T22:30:00+00:00,28.539,soccer.total_goals,period=ft,under,total=2.75,1.45
2026-10-09T00:01:27.659621+02:00,36609426,Brasileiro Serie B,Brazil,Ceara SC CE,Criciuma EC SC,2026-10-08T22:30:00+00:00,28.539,soccer.total_goals,period=ft,over,total=3.5,4.4
2026-10-09T00:01:27.659621+02:00,36609426,Brasileiro Serie B,Brazil,Ceara SC CE,Criciuma EC SC,2026-10-08T22:30:00+00:00,28.539,soccer.total_goals,period=ft,under,total=3.5,1.2
2026-10-09T00:01:27.659621+02:00,36609429,Brasileiro Serie B,Brazil,Nautico PE,Gremio Novorizontino SP,2026-10-08T22:30:00+00:00,28.539,soccer.asian_handicap,period=ft,home,handicap=0.75,1.87
2026-10-09T00:01:27.659621+02:00,36609429,Brasileiro Serie B,Brazil,Nautico PE,Gremio Novorizontino SP,2026-10-08T22:30:00+00:00,28.539,soccer.asian_handicap,period=ft,away,handicap=0.75,1.98
2026-10-09T00:01:27.659621+02:00,36609429,Brasileiro Serie B,Brazil,Nautico PE,Gremio Novorizontino SP,2026-10-08T22:30:00+00:00,28.539,soccer.asian_handicap,period=ft,home,handicap=-0.25,3.85
2026-10-09T00:01:27.659621+02:00,36609429,Brasileiro Serie B,Brazil,Nautico PE,Gremio Novorizontino SP,2026-10-08T22:30:00+00:00,28.539,soccer.asian_handicap,period=ft,away,handicap=-0.25,1.26
2026-10-09T00:01:27.659621+02:00,36609429,Brasileiro Serie B,Brazil,Nautico PE,Gremio Novorizontino SP,2026-10-08T22:30:00+00:00,28.539,soccer.asian_handicap,period=ft,home,handicap=0,3.35
2026-10-09T00:01:27.659621+02:00,36609429,Brasileiro Serie B,Brazil,Nautico PE,Gremio Novorizontino SP,2026-10-08T22:30:00+00:00,28.539,soccer.asian_handicap,period=ft,away,handicap=0,1.32
2026-10-09T00:01:27.659621+02:00,36609429,Brasileiro Serie B,Brazil,Nautico PE,Gremio Novorizontino SP,2026-10-08T22:30:00+00:00,28.539,soccer.asian_handicap,period=ft,home,handicap=0.25,2.5
2026-10-09T00:01:27.659621+02:00,36609429,Brasileiro Serie B,Brazil,Nautico PE,Gremio Novorizontino SP,2026-10-08T22:30:00+00:00,28.539,soccer.asian_handicap,period=ft,away,handicap=0.25,1.53
2026-10-09T00:01:27.659621+02:00,36609429,Brasileiro Serie B,Brazil,Nautico PE,Gremio Novorizontino SP,2026-10-08T22:30:00+00:00,28.539,soccer.asian_handicap,period=ft,home,handicap=0.5,2.11
2026-10-09T00:01:27.659621+02:00,36609429,Brasileiro Serie B,Brazil,Nautico PE,Gremio Novorizontino SP,2026-10-08T22:30:00+00:00,28.539,soccer.asian_handicap,period=ft,away,handicap=0.5,1.75
2026-10-09T00:01:27.659621+02:00,36609429,Brasileiro Serie B,Brazil,Nautico PE,Gremio Novorizontino SP,2026-10-08T22:30:00+00:00,28.539,soccer.asian_handicap,period=ft,home,handicap=1,1.61
2026-10-09T00:01:27.659621+02:00,36609429,Brasileiro Serie B,Brazil,Nautico PE,Gremio Novorizontino SP,2026-10-08T22:30:00+00:00,28.539,soccer.asian_handicap,period=ft,away,handicap=1,2.3
2026-10-09T00:01:27.659621+02:00,36609429,Brasileiro Serie B,Brazil,Nautico PE,Gremio Novorizontino SP,2026-10-08T22:30:00+00:00,28.539,soccer.asian_handicap,period=ft,home,handicap=1.25,1.48
2026-10-09T00:01:27.659621+02:00,36609429,Brasileiro Serie B,Brazil,Nautico PE,Gremio Novorizontino SP,2026-10-08T22:30:00+00:00,28.539,soccer.asian_handicap,period=ft,away,handicap=1.25,2.65
2026-10-09T00:01:27.659621+02:00,36609429,Brasileiro Serie B,Brazil,Nautico PE,Gremio Novorizontino SP,2026-10-08T22:30:00+00:00,28.539,soccer.asian_handicap,period=ft,home,handicap=1.5,1.38
2026-10-09T00:01:27.659621+02:00,36609429,Brasileiro Serie B,Brazil,Nautico PE,Gremio Novorizontino SP,2026-10-08T22:30:00+00:00,28.539,soccer.asian_handicap,period=ft,away,handicap=1.5,3.0
2026-10-09T00:01:27.659621+02:00,36609429,Brasileiro Serie B,Brazil,Nautico PE,Gremio Novorizontino SP,2026-10-08T22:30:00+00:00,28.539,soccer.asian_handicap,period=ft,home,handicap=1.75,1.27
2026-10-09T00:01:27.659621+02:00,36609429,Brasileiro Serie B,Brazil,Nautico PE,Gremio Novorizontino SP,2026-10-08T22:30:00+00:00,28.539,soccer.asian_handicap,period=ft,away,handicap=1.75,3.75
2026-10-09T00:01:27.659621+02:00,36609429,Brasileiro Serie B,Brazil,Nautico PE,Gremio Novorizontino SP,2026-10-08T22:30:00+00:00,28.539,soccer.double_chance,period=ft,draw_away,,1.21
2026-10-09T00:01:27.659621+02:00,36609429,Brasileiro Serie B,Brazil,Nautico PE,Gremio Novorizontino SP,2026-10-08T22:30:00+00:00,28.539,soccer.double_chance,period=ft,home_away,,1.25
2026-10-09T00:01:27.659621+02:00,36609429,Brasileiro Serie B,Brazil,Nautico PE,Gremio Novorizontino SP,2026-10-08T22:30:00+00:00,28.539,soccer.double_chance,period=ft,home_draw,,2.08
2026-10-09T00:01:27.659621+02:00,36609429,Brasileiro Serie B,Brazil,Nautico PE,Gremio Novorizontino SP,2026-10-08T22:30:00+00:00,28.539,soccer.match_odds,period=ft,home,,4.4
2026-10-09T00:01:27.659621+02:00,36609429,Brasileiro Serie B,Brazil,Nautico PE,Gremio Novorizontino SP,2026-10-08T22:30:00+00:00,28.539,soccer.match_odds,period=ft,draw,,3.9
2026-10-09T00:01:27.659621+02:00,36609429,Brasileiro Serie B,Brazil,Nautico PE,Gremio Novorizontino SP,2026-10-08T22:30:00+00:00,28.539,soccer.match_odds,period=ft,away,,1.75
2026-10-09T00:01:27.659621+02:00,36609429,Brasileiro Serie B,Brazil,Nautico PE,Gremio Novorizontino SP,2026-10-08T22:30:00+00:00,28.539,soccer.total_goals,period=ft,over,total=2.75,2.0
2026-10-09T00:01:27.659621+02:00,36609429,Brasileiro Serie B,Brazil,Nautico PE,Gremio Novorizontino SP,2026-10-08T22:30:00+00:00,28.539,soccer.total_goals,period=ft,under,total=2.75,1.83
2026-10-09T00:01:27.659621+02:00,36609429,Brasileiro Serie B,Brazil,Nautico PE,Gremio Novorizontino SP,2026-10-08T22:30:00+00:00,28.539,soccer.total_goals,period=ft,over,total=1.5,1.23
2026-10-09T00:01:27.659621+02:00,36609429,Brasileiro Serie B,Brazil,Nautico PE,Gremio Novorizontino SP,2026-10-08T22:30:00+00:00,28.539,soccer.total_goals,period=ft,under,total=1.5,4.0
2026-10-09T00:01:27.659621+02:00,36609429,Brasileiro Serie B,Brazil,Nautico PE,Gremio Novorizontino SP,2026-10-08T22:30:00+00:00,28.539,soccer.total_goals,period=ft,over,total=2.25,1.57
2026-10-09T00:01:27.659621+02:00,36609429,Brasileiro Serie B,Brazil,Nautico PE,Gremio Novorizontino SP,2026-10-08T22:30:00+00:00,28.539,soccer.total_goals,period=ft,under,total=2.25,2.4
2026-10-09T00:01:27.659621+02:00,36609429,Brasileiro Serie B,Brazil,Nautico PE,Gremio Novorizontino SP,2026-10-08T22:30:00+00:00,28.539,soccer.total_goals,period=ft,over,total=2.5,1.78
2026-10-09T00:01:27.659621+02:00,36609429,Brasileiro Serie B,Brazil,Nautico PE,Gremio Novorizontino SP,2026-10-08T22:30:00+00:00,28.539,soccer.total_goals,period=ft,under,total=2.5,2.04
2026-10-09T00:01:27.659621+02:00,36609429,Brasileiro Serie B,Brazil,Nautico PE,Gremio Novorizontino SP,2026-10-08T22:30:00+00:00,28.539,soccer.total_goals,period=ft,over,total=3,2.3
2026-10-09T00:01:27.659621+02:00,36609429,Brasileiro Serie B,Brazil,Nautico PE,Gremio Novorizontino SP,2026-10-08T22:30:00+00:00,28.539,soccer.total_goals,period=ft,under,total=3,1.6
2026-10-09T00:01:27.659621+02:00,36609429,Brasileiro Serie B,Brazil,Nautico PE,Gremio Novorizontino SP,2026-10-08T22:30:00+00:00,28.539,soccer.total_goals,period=ft,over,total=3.25,2.6
2026-10-09T00:01:27.659621+02:00,36609429,Brasileiro Serie B,Brazil,Nautico PE,Gremio Novorizontino SP,2026-10-08T22:30:00+00:00,28.539,soccer.total_goals,period=ft,under,total=3.25,1.48
2026-10-09T00:01:27.659621+02:00,36609429,Brasileiro Serie B,Brazil,Nautico PE,Gremio Novorizontino SP,2026-10-08T22:30:00+00:00,28.539,soccer.total_goals,period=ft,over,total=3.5,2.9
2026-10-09T00:01:27.659621+02:00,36609429,Brasileiro Serie B,Brazil,Nautico PE,Gremio Novorizontino SP,2026-10-08T22:30:00+00:00,28.539,soccer.total_goals,period=ft,under,total=3.5,1.39
2026-10-09T00:01:27.659621+02:00,36609429,Brasileiro Serie B,Brazil,Nautico PE,Gremio Novorizontino SP,2026-10-08T22:30:00+00:00,28.539,soccer.total_goals,period=ft,over,total=4.5,5.6
2026-10-09T00:01:27.659621+02:00,36609429,Brasileiro Serie B,Brazil,Nautico PE,Gremio Novorizontino SP,2026-10-08T22:30:00+00:00,28.539,soccer.total_goals,period=ft,under,total=4.5,1.14
2026-10-09T00:01:27.659621+02:00,36435234,Brasileiro Serie A,Brazil,Santos FC SP,CR Flamengo RJ,2026-10-08T22:30:00+00:00,28.539,soccer.asian_handicap,period=ft,home,handicap=0.75,1.85
2026-10-09T00:01:27.659621+02:00,36435234,Brasileiro Serie A,Brazil,Santos FC SP,CR Flamengo RJ,2026-10-08T22:30:00+00:00,28.539,soccer.asian_handicap,period=ft,away,handicap=0.75,2.03
2026-10-09T00:01:27.659621+02:00,36435234,Brasileiro Serie A,Brazil,Santos FC SP,CR Flamengo RJ,2026-10-08T22:30:00+00:00,28.539,soccer.asian_handicap,period=ft,home,handicap=-0.25,3.7
2026-10-09T00:01:27.659621+02:00,36435234,Brasileiro Serie A,Brazil,Santos FC SP,CR Flamengo RJ,2026-10-08T22:30:00+00:00,28.539,soccer.asian_handicap,period=ft,away,handicap=-0.25,1.29
2026-10-09T00:01:27.659621+02:00,36435234,Brasileiro Serie A,Brazil,Santos FC SP,CR Flamengo RJ,2026-10-08T22:30:00+00:00,28.539,soccer.asian_handicap,period=ft,home,handicap=0,3.2
2026-10-09T00:01:27.659621+02:00,36435234,Brasileiro Serie A,Brazil,Santos FC SP,CR Flamengo RJ,2026-10-08T22:30:00+00:00,28.539,soccer.asian_handicap,period=ft,away,handicap=0,1.36
2026-10-09T00:01:27.659621+02:00,36435234,Brasileiro Serie A,Brazil,Santos FC SP,CR Flamengo RJ,2026-10-08T22:30:00+00:00,28.539,soccer.asian_handicap,period=ft,home,handicap=0.25,2.45
2026-10-09T00:01:27.659621+02:00,36435234,Brasileiro Serie A,Brazil,Santos FC SP,CR Flamengo RJ,2026-10-08T22:30:00+00:00,28.539,soccer.asian_handicap,period=ft,away,handicap=0.25,1.57
2026-10-09T00:01:27.659621+02:00,36435234,Brasileiro Serie A,Brazil,Santos FC SP,CR Flamengo RJ,2026-10-08T22:30:00+00:00,28.539,soccer.asian_handicap,period=ft,home,handicap=0.5,2.07
2026-10-09T00:01:27.659621+02:00,36435234,Brasileiro Serie A,Brazil,Santos FC SP,CR Flamengo RJ,2026-10-08T22:30:00+00:00,28.539,soccer.asian_handicap,period=ft,away,handicap=0.5,1.79
2026-10-09T00:01:27.659621+02:00,36435234,Brasileiro Serie A,Brazil,Santos FC SP,CR Flamengo RJ,2026-10-08T22:30:00+00:00,28.539,soccer.asian_handicap,period=ft,home,handicap=1,1.59
2026-10-09T00:01:27.659621+02:00,36435234,Brasileiro Serie A,Brazil,Santos FC SP,CR Flamengo RJ,2026-10-08T22:30:00+00:00,28.539,soccer.asian_handicap,period=ft,away,handicap=1,2.4
2026-10-09T00:01:27.659621+02:00,36435234,Brasileiro Serie A,Brazil,Santos FC SP,CR Flamengo RJ,2026-10-08T22:30:00+00:00,28.539,soccer.asian_handicap,period=ft,home,handicap=1.25,1.46
2026-10-09T00:01:27.659621+02:00,36435234,Brasileiro Serie A,Brazil,Santos FC SP,CR Flamengo RJ,2026-10-08T22:30:00+00:00,28.539,soccer.asian_handicap,period=ft,away,handicap=1.25,2.75
2026-10-09T00:01:27.659621+02:00,36435234,Brasileiro Serie A,Brazil,Santos FC SP,CR Flamengo RJ,2026-10-08T22:30:00+00:00,28.539,soccer.asian_handicap,period=ft,home,handicap=1.5,1.38
2026-10-09T00:01:27.659621+02:00,36435234,Brasileiro Serie A,Brazil,Santos FC SP,CR Flamengo RJ,2026-10-08T22:30:00+00:00,28.539,soccer.asian_handicap,period=ft,away,handicap=1.5,3.1
2026-10-09T00:01:27.659621+02:00,36435234,Brasileiro Serie A,Brazil,Santos FC SP,CR Flamengo RJ,2026-10-08T22:30:00+00:00,28.539,soccer.asian_handicap,period=ft,home,handicap=1.75,1.27
2026-10-09T00:01:27.659621+02:00,36435234,Brasileiro Serie A,Brazil,Santos FC SP,CR Flamengo RJ,2026-10-08T22:30:00+00:00,28.539,soccer.asian_handicap,period=ft,away,handicap=1.75,3.85
2026-10-09T00:01:27.659621+02:00,36435234,Brasileiro Serie A,Brazil,Santos FC SP,CR Flamengo RJ,2026-10-08T22:30:00+00:00,28.539,soccer.double_chance,period=ft,draw_away,,1.24
2026-10-09T00:01:27.659621+02:00,36435234,Brasileiro Serie A,Brazil,Santos FC SP,CR Flamengo RJ,2026-10-08T22:30:00+00:00,28.539,soccer.double_chance,period=ft,home_away,,1.26
2026-10-09T00:01:27.659621+02:00,36435234,Brasileiro Serie A,Brazil,Santos FC SP,CR Flamengo RJ,2026-10-08T22:30:00+00:00,28.539,soccer.double_chance,period=ft,home_draw,,2.06
2026-10-09T00:01:27.659621+02:00,36435234,Brasileiro Serie A,Brazil,Santos FC SP,CR Flamengo RJ,2026-10-08T22:30:00+00:00,28.539,soccer.match_odds,period=ft,home,,4.2
2026-10-09T00:01:27.659621+02:00,36435234,Brasileiro Serie A,Brazil,Santos FC SP,CR Flamengo RJ,2026-10-08T22:30:00+00:00,28.539,soccer.match_odds,period=ft,draw,,4.0
2026-10-09T00:01:27.659621+02:00,36435234,Brasileiro Serie A,Brazil,Santos FC SP,CR Flamengo RJ,2026-10-08T22:30:00+00:00,28.539,soccer.match_odds,period=ft,away,,1.8
2026-10-09T00:01:27.659621+02:00,36435234,Brasileiro Serie A,Brazil,Santos FC SP,CR Flamengo RJ,2026-10-08T22:30:00+00:00,28.539,soccer.total_goals,period=ft,over,total=3,2.01
2026-10-09T00:01:27.659621+02:00,36435234,Brasileiro Serie A,Brazil,Santos FC SP,CR Flamengo RJ,2026-10-08T22:30:00+00:00,28.539,soccer.total_goals,period=ft,under,total=3,1.86
2026-10-09T00:01:27.659621+02:00,36435234,Brasileiro Serie A,Brazil,Santos FC SP,CR Flamengo RJ,2026-10-08T22:30:00+00:00,28.539,soccer.total_goals,period=ft,over,total=1.5,1.18
2026-10-09T00:01:27.659621+02:00,36435234,Brasileiro Serie A,Brazil,Santos FC SP,CR Flamengo RJ,2026-10-08T22:30:00+00:00,28.539,soccer.total_goals,period=ft,under,total=1.5,4.85
2026-10-09T00:01:27.659621+02:00,36435234,Brasileiro Serie A,Brazil,Santos FC SP,CR Flamengo RJ,2026-10-08T22:30:00+00:00,28.539,soccer.total_goals,period=ft,over,total=2.5,1.6
2026-10-09T00:01:27.659621+02:00,36435234,Brasileiro Serie A,Brazil,Santos FC SP,CR Flamengo RJ,2026-10-08T22:30:00+00:00,28.539,soccer.total_goals,period=ft,under,total=2.5,2.35
2026-10-09T00:01:27.659621+02:00,36435234,Brasileiro Serie A,Brazil,Santos FC SP,CR Flamengo RJ,2026-10-08T22:30:00+00:00,28.539,soccer.total_goals,period=ft,over,total=2.75,1.74
2026-10-09T00:01:27.659621+02:00,36435234,Brasileiro Serie A,Brazil,Santos FC SP,CR Flamengo RJ,2026-10-08T22:30:00+00:00,28.539,soccer.total_goals,period=ft,under,total=2.75,2.11
2026-10-09T00:01:27.659621+02:00,36435234,Brasileiro Serie A,Brazil,Santos FC SP,CR Flamengo RJ,2026-10-08T22:30:00+00:00,28.539,soccer.total_goals,period=ft,over,total=3.25,2.25
2026-10-09T00:01:27.659621+02:00,36435234,Brasileiro Serie A,Brazil,Santos FC SP,CR Flamengo RJ,2026-10-08T22:30:00+00:00,28.539,soccer.total_goals,period=ft,under,total=3.25,1.65
2026-10-09T00:01:27.659621+02:00,36435234,Brasileiro Serie A,Brazil,Santos FC SP,CR Flamengo RJ,2026-10-08T22:30:00+00:00,28.539,soccer.total_goals,period=ft,over,total=3.5,2.55
2026-10-09T00:01:27.659621+02:00,36435234,Brasileiro Serie A,Brazil,Santos FC SP,CR Flamengo RJ,2026-10-08T22:30:00+00:00,28.539,soccer.total_goals,period=ft,under,total=3.5,1.52
2026-10-09T00:01:27.659621+02:00,36435234,Brasileiro Serie A,Brazil,Santos FC SP,CR Flamengo RJ,2026-10-08T22:30:00+00:00,28.539,soccer.total_goals,period=ft,over,total=4.5,4.8
2026-10-09T00:01:27.659621+02:00,36435234,Brasileiro Serie A,Brazil,Santos FC SP,CR Flamengo RJ,2026-10-08T22:30:00+00:00,28.539,soccer.total_goals,period=ft,under,total=4.5,1.18
2026-10-09T00:01:27.659621+02:00,36435235,Brasileiro Serie A,Brazil,CA Paranaense PR,Atletico Mineiro MG,2026-10-08T23:00:00+00:00,58.539,soccer.asian_handicap,period=ft,home,handicap=-0.25,1.82
2026-10-09T00:01:27.659621+02:00,36435235,Brasileiro Serie A,Brazil,CA Paranaense PR,Atletico Mineiro MG,2026-10-08T23:00:00+00:00,58.539,soccer.asian_handicap,period=ft,away,handicap=-0.25,2.07
2026-10-09T00:01:27.659621+02:00,36435235,Brasileiro Serie A,Brazil,CA Paranaense PR,Atletico Mineiro MG,2026-10-08T23:00:00+00:00,58.539,soccer.asian_handicap,period=ft,home,handicap=-1.25,3.65
2026-10-09T00:01:27.659621+02:00,36435235,Brasileiro Serie A,Brazil,CA Paranaense PR,Atletico Mineiro MG,2026-10-08T23:00:00+00:00,58.539,soccer.asian_handicap,period=ft,away,handicap=-1.25,1.29
2026-10-09T00:01:27.659621+02:00,36435235,Brasileiro Serie A,Brazil,CA Paranaense PR,Atletico Mineiro MG,2026-10-08T23:00:00+00:00,58.539,soccer.asian_handicap,period=ft,home,handicap=-1,3.2
2026-10-09T00:01:27.659621+02:00,36435235,Brasileiro Serie A,Brazil,CA Paranaense PR,Atletico Mineiro MG,2026-10-08T23:00:00+00:00,58.539,soccer.asian_handicap,period=ft,away,handicap=-1,1.36
2026-10-09T00:01:27.659621+02:00,36435235,Brasileiro Serie A,Brazil,CA Paranaense PR,Atletico Mineiro MG,2026-10-08T23:00:00+00:00,58.539,soccer.asian_handicap,period=ft,home,handicap=-0.75,2.5
2026-10-09T00:01:27.659621+02:00,36435235,Brasileiro Serie A,Brazil,CA Paranaense PR,Atletico Mineiro MG,2026-10-08T23:00:00+00:00,58.539,soccer.asian_handicap,period=ft,away,handicap=-0.75,1.56
2026-10-09T00:01:27.659621+02:00,36435235,Brasileiro Serie A,Brazil,CA Paranaense PR,Atletico Mineiro MG,2026-10-08T23:00:00+00:00,58.539,soccer.asian_handicap,period=ft,home,handicap=-0.5,2.11
2026-10-09T00:01:27.659621+02:00,36435235,Brasileiro Serie A,Brazil,CA Paranaense PR,Atletico Mineiro MG,2026-10-08T23:00:00+00:00,58.539,soccer.asian_handicap,period=ft,away,handicap=-0.5,1.75
2026-10-09T00:01:27.659621+02:00,36435235,Brasileiro Serie A,Brazil,CA Paranaense PR,Atletico Mineiro MG,2026-10-08T23:00:00+00:00,58.539,soccer.asian_handicap,period=ft,home,handicap=0,1.49
2026-10-09T00:01:27.659621+02:00,36435235,Brasileiro Serie A,Brazil,CA Paranaense PR,Atletico Mineiro MG,2026-10-08T23:00:00+00:00,58.539,soccer.asian_handicap,period=ft,away,handicap=0,2.65
2026-10-09T00:01:27.659621+02:00,36435235,Brasileiro Serie A,Brazil,CA Paranaense PR,Atletico Mineiro MG,2026-10-08T23:00:00+00:00,58.539,soccer.asian_handicap,period=ft,home,handicap=0.25,1.36
2026-10-09T00:01:27.659621+02:00,36435235,Brasileiro Serie A,Brazil,CA Paranaense PR,Atletico Mineiro MG,2026-10-08T23:00:00+00:00,58.539,soccer.asian_handicap,period=ft,away,handicap=0.25,3.2
2026-10-09T00:01:27.659621+02:00,36435235,Brasileiro Serie A,Brazil,CA Paranaense PR,Atletico Mineiro MG,2026-10-08T23:00:00+00:00,58.539,soccer.asian_handicap,period=ft,home,handicap=0.5,1.28
2026-10-09T00:01:27.659621+02:00,36435235,Brasileiro Serie A,Brazil,CA Paranaense PR,Atletico Mineiro MG,2026-10-08T23:00:00+00:00,58.539,soccer.asian_handicap,period=ft,away,handicap=0.5,3.75
2026-10-09T00:01:27.659621+02:00,36435235,Brasileiro Serie A,Brazil,CA Paranaense PR,Atletico Mineiro MG,2026-10-08T23:00:00+00:00,58.539,soccer.asian_handicap,period=ft,home,handicap=0.75,1.18
2026-10-09T00:01:27.659621+02:00,36435235,Brasileiro Serie A,Brazil,CA Paranaense PR,Atletico Mineiro MG,2026-10-08T23:00:00+00:00,58.539,soccer.asian_handicap,period=ft,away,handicap=0.75,5.0
2026-10-09T00:01:27.659621+02:00,36435235,Brasileiro Serie A,Brazil,CA Paranaense PR,Atletico Mineiro MG,2026-10-08T23:00:00+00:00,58.539,soccer.double_chance,period=ft,draw_away,,1.74
2026-10-09T00:01:27.659621+02:00,36435235,Brasileiro Serie A,Brazil,CA Paranaense PR,Atletico Mineiro MG,2026-10-08T23:00:00+00:00,58.539,soccer.double_chance,period=ft,home_away,,1.36
2026-10-09T00:01:27.659621+02:00,36435235,Brasileiro Serie A,Brazil,CA Paranaense PR,Atletico Mineiro MG,2026-10-08T23:00:00+00:00,58.539,soccer.double_chance,period=ft,home_draw,,1.28
2026-10-09T00:01:27.659621+02:00,36435235,Brasileiro Serie A,Brazil,CA Paranaense PR,Atletico Mineiro MG,2026-10-08T23:00:00+00:00,58.539,soccer.match_odds,period=ft,home,,2.12
2026-10-09T00:01:27.659621+02:00,36435235,Brasileiro Serie A,Brazil,CA Paranaense PR,Atletico Mineiro MG,2026-10-08T23:00:00+00:00,58.539,soccer.match_odds,period=ft,draw,,3.2
2026-10-09T00:01:27.659621+02:00,36435235,Brasileiro Serie A,Brazil,CA Paranaense PR,Atletico Mineiro MG,2026-10-08T23:00:00+00:00,58.539,soccer.match_odds,period=ft,away,,3.8
2026-10-09T00:01:27.659621+02:00,36435235,Brasileiro Serie A,Brazil,CA Paranaense PR,Atletico Mineiro MG,2026-10-08T23:00:00+00:00,58.539,soccer.total_goals,period=ft,over,total=2.5,2.05
2026-10-09T00:01:27.659621+02:00,36435235,Brasileiro Serie A,Brazil,CA Paranaense PR,Atletico Mineiro MG,2026-10-08T23:00:00+00:00,58.539,soccer.total_goals,period=ft,under,total=2.5,1.82
2026-10-09T00:01:27.659621+02:00,36435235,Brasileiro Serie A,Brazil,CA Paranaense PR,Atletico Mineiro MG,2026-10-08T23:00:00+00:00,58.539,soccer.total_goals,period=ft,over,total=1.5,1.31
2026-10-09T00:01:27.659621+02:00,36435235,Brasileiro Serie A,Brazil,CA Paranaense PR,Atletico Mineiro MG,2026-10-08T23:00:00+00:00,58.539,soccer.total_goals,period=ft,under,total=1.5,3.45
2026-10-09T00:01:27.659621+02:00,36435235,Brasileiro Serie A,Brazil,CA Paranaense PR,Atletico Mineiro MG,2026-10-08T23:00:00+00:00,58.539,soccer.total_goals,period=ft,over,total=2,1.51
2026-10-09T00:01:27.659621+02:00,36435235,Brasileiro Serie A,Brazil,CA Paranaense PR,Atletico Mineiro MG,2026-10-08T23:00:00+00:00,58.539,soccer.total_goals,period=ft,under,total=2,2.6
2026-10-09T00:01:27.659621+02:00,36435235,Brasileiro Serie A,Brazil,CA Paranaense PR,Atletico Mineiro MG,2026-10-08T23:00:00+00:00,58.539,soccer.total_goals,period=ft,over,total=2.25,1.77
2026-10-09T00:01:27.659621+02:00,36435235,Brasileiro Serie A,Brazil,CA Paranaense PR,Atletico Mineiro MG,2026-10-08T23:00:00+00:00,58.539,soccer.total_goals,period=ft,under,total=2.25,2.07
2026-10-09T00:01:27.659621+02:00,36435235,Brasileiro Serie A,Brazil,CA Paranaense PR,Atletico Mineiro MG,2026-10-08T23:00:00+00:00,58.539,soccer.total_goals,period=ft,over,total=2.75,2.3
2026-10-09T00:01:27.659621+02:00,36435235,Brasileiro Serie A,Brazil,CA Paranaense PR,Atletico Mineiro MG,2026-10-08T23:00:00+00:00,58.539,soccer.total_goals,period=ft,under,total=2.75,1.62
2026-10-09T00:01:27.659621+02:00,36435235,Brasileiro Serie A,Brazil,CA Paranaense PR,Atletico Mineiro MG,2026-10-08T23:00:00+00:00,58.539,soccer.total_goals,period=ft,over,total=3,2.85
2026-10-09T00:01:27.659621+02:00,36435235,Brasileiro Serie A,Brazil,CA Paranaense PR,Atletico Mineiro MG,2026-10-08T23:00:00+00:00,58.539,soccer.total_goals,period=ft,under,total=3,1.43
2026-10-09T00:01:27.659621+02:00,36435235,Brasileiro Serie A,Brazil,CA Paranaense PR,Atletico Mineiro MG,2026-10-08T23:00:00+00:00,58.539,soccer.total_goals,period=ft,over,total=3.5,3.5
2026-10-09T00:01:27.659621+02:00,36435235,Brasileiro Serie A,Brazil,CA Paranaense PR,Atletico Mineiro MG,2026-10-08T23:00:00+00:00,58.539,soccer.total_goals,period=ft,under,total=3.5,1.3
2026-10-09T00:01:27.659621+02:00,36435235,Brasileiro Serie A,Brazil,CA Paranaense PR,Atletico Mineiro MG,2026-10-08T23:00:00+00:00,58.539,soccer.total_goals,period=ft,over,total=4.5,7.25
2026-10-09T00:01:27.659621+02:00,36435235,Brasileiro Serie A,Brazil,CA Paranaense PR,Atletico Mineiro MG,2026-10-08T23:00:00+00:00,58.539,soccer.total_goals,period=ft,under,total=4.5,1.1
2026-10-09T00:01:27.659621+02:00,36698652,Brazil Campeonato Paraibano (PB) Division 2,Brazil,AD Guarabira,Auto EC (PB),2026-10-08T22:30:00+00:00,28.539,soccer.asian_handicap,period=ft,home,handicap=0,1.76
2026-10-09T00:01:27.659621+02:00,36698652,Brazil Campeonato Paraibano (PB) Division 2,Brazil,AD Guarabira,Auto EC (PB),2026-10-08T22:30:00+00:00,28.539,soccer.asian_handicap,period=ft,away,handicap=0,1.95
2026-10-09T00:01:27.659621+02:00,36698652,Brazil Campeonato Paraibano (PB) Division 2,Brazil,AD Guarabira,Auto EC (PB),2026-10-08T22:30:00+00:00,28.539,soccer.asian_handicap,period=ft,home,handicap=-0.75,2.85
2026-10-09T00:01:27.659621+02:00,36698652,Brazil Campeonato Paraibano (PB) Division 2,Brazil,AD Guarabira,Auto EC (PB),2026-10-08T22:30:00+00:00,28.539,soccer.asian_handicap,period=ft,away,handicap=-0.75,1.33
2026-10-09T00:01:27.659621+02:00,36698652,Brazil Campeonato Paraibano (PB) Division 2,Brazil,AD Guarabira,Auto EC (PB),2026-10-08T22:30:00+00:00,28.539,soccer.asian_handicap,period=ft,home,handicap=-0.5,2.35
2026-10-09T00:01:27.659621+02:00,36698652,Brazil Campeonato Paraibano (PB) Division 2,Brazil,AD Guarabira,Auto EC (PB),2026-10-08T22:30:00+00:00,28.539,soccer.asian_handicap,period=ft,away,handicap=-0.5,1.47
2026-10-09T00:01:27.659621+02:00,36698652,Brazil Campeonato Paraibano (PB) Division 2,Brazil,AD Guarabira,Auto EC (PB),2026-10-08T22:30:00+00:00,28.539,soccer.asian_handicap,period=ft,home,handicap=-0.25,2.07
2026-10-09T00:01:27.659621+02:00,36698652,Brazil Campeonato Paraibano (PB) Division 2,Brazil,AD Guarabira,Auto EC (PB),2026-10-08T22:30:00+00:00,28.539,soccer.asian_handicap,period=ft,away,handicap=-0.25,1.64
2026-10-09T00:01:27.659621+02:00,36698652,Brazil Campeonato Paraibano (PB) Division 2,Brazil,AD Guarabira,Auto EC (PB),2026-10-08T22:30:00+00:00,28.539,soccer.asian_handicap,period=ft,home,handicap=0.25,1.53
2026-10-09T00:01:27.659621+02:00,36698652,Brazil Campeonato Paraibano (PB) Division 2,Brazil,AD Guarabira,Auto EC (PB),2026-10-08T22:30:00+00:00,28.539,soccer.asian_handicap,period=ft,away,handicap=0.25,2.25
2026-10-09T00:01:27.659621+02:00,36698652,Brazil Campeonato Paraibano (PB) Division 2,Brazil,AD Guarabira,Auto EC (PB),2026-10-08T22:30:00+00:00,28.539,soccer.asian_handicap,period=ft,home,handicap=0.5,1.39
2026-10-09T00:01:27.659621+02:00,36698652,Brazil Campeonato Paraibano (PB) Division 2,Brazil,AD Guarabira,Auto EC (PB),2026-10-08T22:30:00+00:00,28.539,soccer.asian_handicap,period=ft,away,handicap=0.5,2.6
2026-10-09T00:01:27.659621+02:00,36698652,Brazil Campeonato Paraibano (PB) Division 2,Brazil,AD Guarabira,Auto EC (PB),2026-10-08T22:30:00+00:00,28.539,soccer.asian_handicap,period=ft,home,handicap=0.75,1.27
2026-10-09T00:01:27.659621+02:00,36698652,Brazil Campeonato Paraibano (PB) Division 2,Brazil,AD Guarabira,Auto EC (PB),2026-10-08T22:30:00+00:00,28.539,soccer.asian_handicap,period=ft,away,handicap=0.75,3.15
2026-10-09T00:01:27.659621+02:00,36698652,Brazil Campeonato Paraibano (PB) Division 2,Brazil,AD Guarabira,Auto EC (PB),2026-10-08T22:30:00+00:00,28.539,soccer.total_goals,period=ft,over,total=2.5,1.91
2026-10-09T00:01:27.659621+02:00,36698652,Brazil Campeonato Paraibano (PB) Division 2,Brazil,AD Guarabira,Auto EC (PB),2026-10-08T22:30:00+00:00,28.539,soccer.total_goals,period=ft,under,total=2.5,1.79
2026-10-09T00:01:27.659621+02:00,36698652,Brazil Campeonato Paraibano (PB) Division 2,Brazil,AD Guarabira,Auto EC (PB),2026-10-08T22:30:00+00:00,28.539,soccer.total_goals,period=ft,over,total=1.75,1.32
2026-10-09T00:01:27.659621+02:00,36698652,Brazil Campeonato Paraibano (PB) Division 2,Brazil,AD Guarabira,Auto EC (PB),2026-10-08T22:30:00+00:00,28.539,soccer.total_goals,period=ft,under,total=1.75,2.9
2026-10-09T00:01:27.659621+02:00,36698652,Brazil Campeonato Paraibano (PB) Division 2,Brazil,AD Guarabira,Auto EC (PB),2026-10-08T22:30:00+00:00,28.539,soccer.total_goals,period=ft,over,total=2,1.42
2026-10-09T00:01:27.659621+02:00,36698652,Brazil Campeonato Paraibano (PB) Division 2,Brazil,AD Guarabira,Auto EC (PB),2026-10-08T22:30:00+00:00,28.539,soccer.total_goals,period=ft,under,total=2,2.5
2026-10-09T00:01:27.659621+02:00,36698652,Brazil Campeonato Paraibano (PB) Division 2,Brazil,AD Guarabira,Auto EC (PB),2026-10-08T22:30:00+00:00,28.539,soccer.total_goals,period=ft,over,total=2.25,1.66
2026-10-09T00:01:27.659621+02:00,36698652,Brazil Campeonato Paraibano (PB) Division 2,Brazil,AD Guarabira,Auto EC (PB),2026-10-08T22:30:00+00:00,28.539,soccer.total_goals,period=ft,under,total=2.25,2.04
2026-10-09T00:01:27.659621+02:00,36698652,Brazil Campeonato Paraibano (PB) Division 2,Brazil,AD Guarabira,Auto EC (PB),2026-10-08T22:30:00+00:00,28.539,soccer.total_goals,period=ft,over,total=2.75,2.15
2026-10-09T00:01:27.659621+02:00,36698652,Brazil Campeonato Paraibano (PB) Division 2,Brazil,AD Guarabira,Auto EC (PB),2026-10-08T22:30:00+00:00,28.539,soccer.total_goals,period=ft,under,total=2.75,1.6
2026-10-09T00:01:27.659621+02:00,36698652,Brazil Campeonato Paraibano (PB) Division 2,Brazil,AD Guarabira,Auto EC (PB),2026-10-08T22:30:00+00:00,28.539,soccer.total_goals,period=ft,over,total=3,2.55
2026-10-09T00:01:27.659621+02:00,36698652,Brazil Campeonato Paraibano (PB) Division 2,Brazil,AD Guarabira,Auto EC (PB),2026-10-08T22:30:00+00:00,28.539,soccer.total_goals,period=ft,under,total=3,1.41
2026-10-09T00:01:27.659621+02:00,36698652,Brazil Campeonato Paraibano (PB) Division 2,Brazil,AD Guarabira,Auto EC (PB),2026-10-08T22:30:00+00:00,28.539,soccer.total_goals,period=ft,over,total=3.25,2.85
2026-10-09T00:01:27.659621+02:00,36698652,Brazil Campeonato Paraibano (PB) Division 2,Brazil,AD Guarabira,Auto EC (PB),2026-10-08T22:30:00+00:00,28.539,soccer.total_goals,period=ft,under,total=3.25,1.33
2026-10-09T00:02:43.975014+02:00,36609426,Brasileiro Serie B,Brazil,Ceara SC CE,Criciuma EC SC,2026-10-08T22:30:00+00:00,27.2671,soccer.asian_handicap,period=ft,home,handicap=0,1.89
2026-10-09T00:02:43.975014+02:00,36609426,Brasileiro Serie B,Brazil,Ceara SC CE,Criciuma EC SC,2026-10-08T22:30:00+00:00,27.2671,soccer.asian_handicap,period=ft,away,handicap=0,1.95
2026-10-09T00:02:43.975014+02:00,36609426,Brasileiro Serie B,Brazil,Ceara SC CE,Criciuma EC SC,2026-10-08T22:30:00+00:00,27.2671,soccer.asian_handicap,period=ft,home,handicap=-1,4.75
2026-10-09T00:02:43.975014+02:00,36609426,Brasileiro Serie B,Brazil,Ceara SC CE,Criciuma EC SC,2026-10-08T22:30:00+00:00,27.2671,soccer.asian_handicap,period=ft,away,handicap=-1,1.18
2026-10-09T00:02:43.975014+02:00,36609426,Brasileiro Serie B,Brazil,Ceara SC CE,Criciuma EC SC,2026-10-08T22:30:00+00:00,27.2671,soccer.asian_handicap,period=ft,home,handicap=-0.75,3.3
2026-10-09T00:02:43.975014+02:00,36609426,Brasileiro Serie B,Brazil,Ceara SC CE,Criciuma EC SC,2026-10-08T22:30:00+00:00,27.2671,soccer.asian_handicap,period=ft,away,handicap=-0.75,1.33
2026-10-09T00:02:43.975014+02:00,36609426,Brasileiro Serie B,Brazil,Ceara SC CE,Criciuma EC SC,2026-10-08T22:30:00+00:00,27.2671,soccer.asian_handicap,period=ft,home,handicap=-0.5,2.65
2026-10-09T00:02:43.975014+02:00,36609426,Brasileiro Serie B,Brazil,Ceara SC CE,Criciuma EC SC,2026-10-08T22:30:00+00:00,27.2671,soccer.asian_handicap,period=ft,away,handicap=-0.5,1.48
2026-10-09T00:02:43.975014+02:00,36609426,Brasileiro Serie B,Brazil,Ceara SC CE,Criciuma EC SC,2026-10-08T22:30:00+00:00,27.2671,soccer.asian_handicap,period=ft,home,handicap=-0.25,2.25
2026-10-09T00:02:43.975014+02:00,36609426,Brasileiro Serie B,Brazil,Ceara SC CE,Criciuma EC SC,2026-10-08T22:30:00+00:00,27.2671,soccer.asian_handicap,period=ft,away,handicap=-0.25,1.64
2026-10-09T00:02:43.975014+02:00,36609426,Brasileiro Serie B,Brazil,Ceara SC CE,Criciuma EC SC,2026-10-08T22:30:00+00:00,27.2671,soccer.asian_handicap,period=ft,home,handicap=0.25,1.61
2026-10-09T00:02:43.975014+02:00,36609426,Brasileiro Serie B,Brazil,Ceara SC CE,Criciuma EC SC,2026-10-08T22:30:00+00:00,27.2671,soccer.asian_handicap,period=ft,away,handicap=0.25,2.3
2026-10-09T00:02:43.975014+02:00,36609426,Brasileiro Serie B,Brazil,Ceara SC CE,Criciuma EC SC,2026-10-08T22:30:00+00:00,27.2671,soccer.asian_handicap,period=ft,home,handicap=0.5,1.46
2026-10-09T00:02:43.975014+02:00,36609426,Brasileiro Serie B,Brazil,Ceara SC CE,Criciuma EC SC,2026-10-08T22:30:00+00:00,27.2671,soccer.asian_handicap,period=ft,away,handicap=0.5,2.7
2026-10-09T00:02:43.975014+02:00,36609426,Brasileiro Serie B,Brazil,Ceara SC CE,Criciuma EC SC,2026-10-08T22:30:00+00:00,27.2671,soccer.asian_handicap,period=ft,home,handicap=0.75,1.31
2026-10-09T00:02:43.975014+02:00,36609426,Brasileiro Serie B,Brazil,Ceara SC CE,Criciuma EC SC,2026-10-08T22:30:00+00:00,27.2671,soccer.asian_handicap,period=ft,away,handicap=0.75,3.4
2026-10-09T00:02:43.975014+02:00,36609426,Brasileiro Serie B,Brazil,Ceara SC CE,Criciuma EC SC,2026-10-08T22:30:00+00:00,27.2671,soccer.asian_handicap,period=ft,home,handicap=1,1.17
2026-10-09T00:02:43.975014+02:00,36609426,Brasileiro Serie B,Brazil,Ceara SC CE,Criciuma EC SC,2026-10-08T22:30:00+00:00,27.2671,soccer.asian_handicap,period=ft,away,handicap=1,5.05
2026-10-09T00:02:43.975014+02:00,36609426,Brasileiro Serie B,Brazil,Ceara SC CE,Criciuma EC SC,2026-10-08T22:30:00+00:00,27.2671,soccer.double_chance,period=ft,draw_away,,1.47
2026-10-09T00:02:43.975014+02:00,36609426,Brasileiro Serie B,Brazil,Ceara SC CE,Criciuma EC SC,2026-10-08T22:30:00+00:00,27.2671,soccer.double_chance,period=ft,home_away,,1.35
2026-10-09T00:02:43.975014+02:00,36609426,Brasileiro Serie B,Brazil,Ceara SC CE,Criciuma EC SC,2026-10-08T22:30:00+00:00,27.2671,soccer.double_chance,period=ft,home_draw,,1.45
2026-10-09T00:02:43.975014+02:00,36609426,Brasileiro Serie B,Brazil,Ceara SC CE,Criciuma EC SC,2026-10-08T22:30:00+00:00,27.2671,soccer.match_odds,period=ft,home,,2.65
2026-10-09T00:02:43.975014+02:00,36609426,Brasileiro Serie B,Brazil,Ceara SC CE,Criciuma EC SC,2026-10-08T22:30:00+00:00,27.2671,soccer.match_odds,period=ft,draw,,3.15
2026-10-09T00:02:43.975014+02:00,36609426,Brasileiro Serie B,Brazil,Ceara SC CE,Criciuma EC SC,2026-10-08T22:30:00+00:00,27.2671,soccer.match_odds,period=ft,away,,2.75
2026-10-09T00:02:43.975014+02:00,36609426,Brasileiro Serie B,Brazil,Ceara SC CE,Criciuma EC SC,2026-10-08T22:30:00+00:00,27.2671,soccer.total_goals,period=ft,over,total=2.25,2.03
2026-10-09T00:02:43.975014+02:00,36609426,Brasileiro Serie B,Brazil,Ceara SC CE,Criciuma EC SC,2026-10-08T22:30:00+00:00,27.2671,soccer.total_goals,period=ft,under,total=2.25,1.8
2026-10-09T00:02:43.975014+02:00,36609426,Brasileiro Serie B,Brazil,Ceara SC CE,Criciuma EC SC,2026-10-08T22:30:00+00:00,27.2671,soccer.total_goals,period=ft,over,total=1.5,1.4
2026-10-09T00:02:43.975014+02:00,36609426,Brasileiro Serie B,Brazil,Ceara SC CE,Criciuma EC SC,2026-10-08T22:30:00+00:00,27.2671,soccer.total_goals,period=ft,under,total=1.5,2.9
2026-10-09T00:02:43.975014+02:00,36609426,Brasileiro Serie B,Brazil,Ceara SC CE,Criciuma EC SC,2026-10-08T22:30:00+00:00,27.2671,soccer.total_goals,period=ft,over,total=1.75,1.52
2026-10-09T00:02:43.975014+02:00,36609426,Brasileiro Serie B,Brazil,Ceara SC CE,Criciuma EC SC,2026-10-08T22:30:00+00:00,27.2671,soccer.total_goals,period=ft,under,total=1.75,2.5
2026-10-09T00:02:43.975014+02:00,36609426,Brasileiro Serie B,Brazil,Ceara SC CE,Criciuma EC SC,2026-10-08T22:30:00+00:00,27.2671,soccer.total_goals,period=ft,over,total=2,1.71
2026-10-09T00:02:43.975014+02:00,36609426,Brasileiro Serie B,Brazil,Ceara SC CE,Criciuma EC SC,2026-10-08T22:30:00+00:00,27.2671,soccer.total_goals,period=ft,under,total=2,2.14
2026-10-09T00:02:43.975014+02:00,36609426,Brasileiro Serie B,Brazil,Ceara SC CE,Criciuma EC SC,2026-10-08T22:30:00+00:00,27.2671,soccer.total_goals,period=ft,over,total=2.5,2.3
2026-10-09T00:02:43.975014+02:00,36609426,Brasileiro Serie B,Brazil,Ceara SC CE,Criciuma EC SC,2026-10-08T22:30:00+00:00,27.2671,soccer.total_goals,period=ft,under,total=2.5,1.6
2026-10-09T00:02:43.975014+02:00,36609426,Brasileiro Serie B,Brazil,Ceara SC CE,Criciuma EC SC,2026-10-08T22:30:00+00:00,27.2671,soccer.total_goals,period=ft,over,total=2.75,2.75
2026-10-09T00:02:43.975014+02:00,36609426,Brasileiro Serie B,Brazil,Ceara SC CE,Criciuma EC SC,2026-10-08T22:30:00+00:00,27.2671,soccer.total_goals,period=ft,under,total=2.75,1.44
2026-10-09T00:02:43.975014+02:00,36609426,Brasileiro Serie B,Brazil,Ceara SC CE,Criciuma EC SC,2026-10-08T22:30:00+00:00,27.2671,soccer.total_goals,period=ft,over,total=3.5,4.4
2026-10-09T00:02:43.975014+02:00,36609426,Brasileiro Serie B,Brazil,Ceara SC CE,Criciuma EC SC,2026-10-08T22:30:00+00:00,27.2671,soccer.total_goals,period=ft,under,total=3.5,1.2
2026-10-09T00:02:43.975014+02:00,36609429,Brasileiro Serie B,Brazil,Nautico PE,Gremio Novorizontino SP,2026-10-08T22:30:00+00:00,27.2671,soccer.asian_handicap,period=ft,home,handicap=0.75,1.87
2026-10-09T00:02:43.975014+02:00,36609429,Brasileiro Serie B,Brazil,Nautico PE,Gremio Novorizontino SP,2026-10-08T22:30:00+00:00,27.2671,soccer.asian_handicap,period=ft,away,handicap=0.75,1.98
2026-10-09T00:02:43.975014+02:00,36609429,Brasileiro Serie B,Brazil,Nautico PE,Gremio Novorizontino SP,2026-10-08T22:30:00+00:00,27.2671,soccer.asian_handicap,period=ft,home,handicap=-0.25,3.85
2026-10-09T00:02:43.975014+02:00,36609429,Brasileiro Serie B,Brazil,Nautico PE,Gremio Novorizontino SP,2026-10-08T22:30:00+00:00,27.2671,soccer.asian_handicap,period=ft,away,handicap=-0.25,1.26
2026-10-09T00:02:43.975014+02:00,36609429,Brasileiro Serie B,Brazil,Nautico PE,Gremio Novorizontino SP,2026-10-08T22:30:00+00:00,27.2671,soccer.asian_handicap,period=ft,home,handicap=0,3.35
2026-10-09T00:02:43.975014+02:00,36609429,Brasileiro Serie B,Brazil,Nautico PE,Gremio Novorizontino SP,2026-10-08T22:30:00+00:00,27.2671,soccer.asian_handicap,period=ft,away,handicap=0,1.32
2026-10-09T00:02:43.975014+02:00,36609429,Brasileiro Serie B,Brazil,Nautico PE,Gremio Novorizontino SP,2026-10-08T22:30:00+00:00,27.2671,soccer.asian_handicap,period=ft,home,handicap=0.25,2.5
2026-10-09T00:02:43.975014+02:00,36609429,Brasileiro Serie B,Brazil,Nautico PE,Gremio Novorizontino SP,2026-10-08T22:30:00+00:00,27.2671,soccer.asian_handicap,period=ft,away,handicap=0.25,1.53
2026-10-09T00:02:43.975014+02:00,36609429,Brasileiro Serie B,Brazil,Nautico PE,Gremio Novorizontino SP,2026-10-08T22:30:00+00:00,27.2671,soccer.asian_handicap,period=ft,home,handicap=0.5,2.11
2026-10-09T00:02:43.975014+02:00,36609429,Brasileiro Serie B,Brazil,Nautico PE,Gremio Novorizontino SP,2026-10-08T22:30:00+00:00,27.2671,soccer.asian_handicap,period=ft,away,handicap=0.5,1.75
2026-10-09T00:02:43.975014+02:00,36609429,Brasileiro Serie B,Brazil,Nautico PE,Gremio Novorizontino SP,2026-10-08T22:30:00+00:00,27.2671,soccer.asian_handicap,period=ft,home,handicap=1,1.61
2026-10-09T00:02:43.975014+02:00,36609429,Brasileiro Serie B,Brazil,Nautico PE,Gremio Novorizontino SP,2026-10-08T22:30:00+00:00,27.2671,soccer.asian_handicap,period=ft,away,handicap=1,2.3
2026-10-09T00:02:43.975014+02:00,36609429,Brasileiro Serie B,Brazil,Nautico PE,Gremio Novorizontino SP,2026-10-08T22:30:00+00:00,27.2671,soccer.asian_handicap,period=ft,home,handicap=1.25,1.48
2026-10-09T00:02:43.975014+02:00,36609429,Brasileiro Serie B,Brazil,Nautico PE,Gremio Novorizontino SP,2026-10-08T22:30:00+00:00,27.2671,soccer.asian_handicap,period=ft,away,handicap=1.25,2.65
2026-10-09T00:02:43.975014+02:00,36609429,Brasileiro Serie B,Brazil,Nautico PE,Gremio Novorizontino SP,2026-10-08T22:30:00+00:00,27.2671,soccer.asian_handicap,period=ft,home,handicap=1.5,1.38
2026-10-09T00:02:43.975014+02:00,36609429,Brasileiro Serie B,Brazil,Nautico PE,Gremio Novorizontino SP,2026-10-08T22:30:00+00:00,27.2671,soccer.asian_handicap,period=ft,away,handicap=1.5,3.0
2026-10-09T00:02:43.975014+02:00,36609429,Brasileiro Serie B,Brazil,Nautico PE,Gremio Novorizontino SP,2026-10-08T22:30:00+00:00,27.2671,soccer.asian_handicap,period=ft,home,handicap=1.75,1.27
2026-10-09T00:02:43.975014+02:00,36609429,Brasileiro Serie B,Brazil,Nautico PE,Gremio Novorizontino SP,2026-10-08T22:30:00+00:00,27.2671,soccer.asian_handicap,period=ft,away,handicap=1.75,3.75
2026-10-09T00:02:43.975014+02:00,36609429,Brasileiro Serie B,Brazil,Nautico PE,Gremio Novorizontino SP,2026-10-08T22:30:00+00:00,27.2671,soccer.double_chance,period=ft,draw_away,,1.21
2026-10-09T00:02:43.975014+02:00,36609429,Brasileiro Serie B,Brazil,Nautico PE,Gremio Novorizontino SP,2026-10-08T22:30:00+00:00,27.2671,soccer.double_chance,period=ft,home_away,,1.25
2026-10-09T00:02:43.975014+02:00,36609429,Brasileiro Serie B,Brazil,Nautico PE,Gremio Novorizontino SP,2026-10-08T22:30:00+00:00,27.2671,soccer.double_chance,period=ft,home_draw,,2.08
2026-10-09T00:02:43.975014+02:00,36609429,Brasileiro Serie B,Brazil,Nautico PE,Gremio Novorizontino SP,2026-10-08T22:30:00+00:00,27.2671,soccer.match_odds,period=ft,home,,4.4
2026-10-09T00:02:43.975014+02:00,36609429,Brasileiro Serie B,Brazil,Nautico PE,Gremio Novorizontino SP,2026-10-08T22:30:00+00:00,27.2671,soccer.match_odds,period=ft,draw,,3.9
2026-10-09T00:02:43.975014+02:00,36609429,Brasileiro Serie B,Brazil,Nautico PE,Gremio Novorizontino SP,2026-10-08T22:30:00+00:00,27.2671,soccer.match_odds,period=ft,away,,1.75
2026-10-09T00:02:43.975014+02:00,36609429,Brasileiro Serie B,Brazil,Nautico PE,Gremio Novorizontino SP,2026-10-08T22:30:00+00:00,27.2671,soccer.total_goals,period=ft,over,total=2.75,2.0
2026-10-09T00:02:43.975014+02:00,36609429,Brasileiro Serie B,Brazil,Nautico PE,Gremio Novorizontino SP,2026-10-08T22:30:00+00:00,27.2671,soccer.total_goals,period=ft,under,total=2.75,1.83
2026-10-09T00:02:43.975014+02:00,36609429,Brasileiro Serie B,Brazil,Nautico PE,Gremio Novorizontino SP,2026-10-08T22:30:00+00:00,27.2671,soccer.total_goals,period=ft,over,total=1.5,1.23
2026-10-09T00:02:43.975014+02:00,36609429,Brasileiro Serie B,Brazil,Nautico PE,Gremio Novorizontino SP,2026-10-08T22:30:00+00:00,27.2671,soccer.total_goals,period=ft,under,total=1.5,4.0
2026-10-09T00:02:43.975014+02:00,36609429,Brasileiro Serie B,Brazil,Nautico PE,Gremio Novorizontino SP,2026-10-08T22:30:00+00:00,27.2671,soccer.total_goals,period=ft,over,total=2.25,1.57
2026-10-09T00:02:43.975014+02:00,36609429,Brasileiro Serie B,Brazil,Nautico PE,Gremio Novorizontino SP,2026-10-08T22:30:00+00:00,27.2671,soccer.total_goals,period=ft,under,total=2.25,2.4
2026-10-09T00:02:43.975014+02:00,36609429,Brasileiro Serie B,Brazil,Nautico PE,Gremio Novorizontino SP,2026-10-08T22:30:00+00:00,27.2671,soccer.total_goals,period=ft,over,total=2.5,1.78
2026-10-09T00:02:43.975014+02:00,36609429,Brasileiro Serie B,Brazil,Nautico PE,Gremio Novorizontino SP,2026-10-08T22:30:00+00:00,27.2671,soccer.total_goals,period=ft,under,total=2.5,2.04
2026-10-09T00:02:43.975014+02:00,36609429,Brasileiro Serie B,Brazil,Nautico PE,Gremio Novorizontino SP,2026-10-08T22:30:00+00:00,27.2671,soccer.total_goals,period=ft,over,total=3,2.3
2026-10-09T00:02:43.975014+02:00,36609429,Brasileiro Serie B,Brazil,Nautico PE,Gremio Novorizontino SP,2026-10-08T22:30:00+00:00,27.2671,soccer.total_goals,period=ft,under,total=3,1.6
2026-10-09T00:02:43.975014+02:00,36609429,Brasileiro Serie B,Brazil,Nautico PE,Gremio Novorizontino SP,2026-10-08T22:30:00+00:00,27.2671,soccer.total_goals,period=ft,over,total=3.25,2.6
2026-10-09T00:02:43.975014+02:00,36609429,Brasileiro Serie B,Brazil,Nautico PE,Gremio Novorizontino SP,2026-10-08T22:30:00+00:00,27.2671,soccer.total_goals,period=ft,under,total=3.25,1.48
2026-10-09T00:02:43.975014+02:00,36609429,Brasileiro Serie B,Brazil,Nautico PE,Gremio Novorizontino SP,2026-10-08T22:30:00+00:00,27.2671,soccer.total_goals,period=ft,over,total=3.5,2.9
2026-10-09T00:02:43.975014+02:00,36609429,Brasileiro Serie B,Brazil,Nautico PE,Gremio Novorizontino SP,2026-10-08T22:30:00+00:00,27.2671,soccer.total_goals,period=ft,under,total=3.5,1.39
2026-10-09T00:02:43.975014+02:00,36609429,Brasileiro Serie B,Brazil,Nautico PE,Gremio Novorizontino SP,2026-10-08T22:30:00+00:00,27.2671,soccer.total_goals,period=ft,over,total=4.5,5.6
2026-10-09T00:02:43.975014+02:00,36609429,Brasileiro Serie B,Brazil,Nautico PE,Gremio Novorizontino SP,2026-10-08T22:30:00+00:00,27.2671,soccer.total_goals,period=ft,under,total=4.5,1.14
2026-10-09T00:02:43.975014+02:00,36626420,"Primera A, Clausura",Colombia,Atletico Nacional Medellin,CD Tolima,2026-10-08T23:05:00+00:00,62.2671,soccer.asian_handicap,period=ft,home,handicap=-0.75,1.96
2026-10-09T00:02:43.975014+02:00,36626420,"Primera A, Clausura",Colombia,Atletico Nacional Medellin,CD Tolima,2026-10-08T23:05:00+00:00,62.2671,soccer.asian_handicap,period=ft,away,handicap=-0.75,1.87
2026-10-09T00:02:43.975014+02:00,36626420,"Primera A, Clausura",Colombia,Atletico Nacional Medellin,CD Tolima,2026-10-08T23:05:00+00:00,62.2671,soccer.asian_handicap,period=ft,home,handicap=-1.75,3.85
2026-10-09T00:02:43.975014+02:00,36626420,"Primera A, Clausura",Colombia,Atletico Nacional Medellin,CD Tolima,2026-10-08T23:05:00+00:00,62.2671,soccer.asian_handicap,period=ft,away,handicap=-1.75,1.25
2026-10-09T00:02:43.975014+02:00,36626420,"Primera A, Clausura",Colombia,Atletico Nacional Medellin,CD Tolima,2026-10-08T23:05:00+00:00,62.2671,soccer.asian_handicap,period=ft,home,handicap=-1.5,3.05
2026-10-09T00:02:43.975014+02:00,36626420,"Primera A, Clausura",Colombia,Atletico Nacional Medellin,CD Tolima,2026-10-08T23:05:00+00:00,62.2671,soccer.asian_handicap,period=ft,away,handicap=-1.5,1.36
2026-10-09T00:02:43.975014+02:00,36626420,"Primera A, Clausura",Colombia,Atletico Nacional Medellin,CD Tolima,2026-10-08T23:05:00+00:00,62.2671,soccer.asian_handicap,period=ft,home,handicap=-1.25,2.7
2026-10-09T00:02:43.975014+02:00,36626420,"Primera A, Clausura",Colombia,Atletico Nacional Medellin,CD Tolima,2026-10-08T23:05:00+00:00,62.2671,soccer.asian_handicap,period=ft,away,handicap=-1.25,1.45
2026-10-09T00:02:43.975014+02:00,36626420,"Primera A, Clausura",Colombia,Atletico Nacional Medellin,CD Tolima,2026-10-08T23:05:00+00:00,62.2671,soccer.asian_handicap,period=ft,home,handicap=-1,2.35
2026-10-09T00:02:43.975014+02:00,36626420,"Primera A, Clausura",Colombia,Atletico Nacional Medellin,CD Tolima,2026-10-08T23:05:00+00:00,62.2671,soccer.asian_handicap,period=ft,away,handicap=-1,1.6
2026-10-09T00:02:43.975014+02:00,36626420,"Primera A, Clausura",Colombia,Atletico Nacional Medellin,CD Tolima,2026-10-08T23:05:00+00:00,62.2671,soccer.asian_handicap,period=ft,home,handicap=-0.5,1.72
2026-10-09T00:02:43.975014+02:00,36626420,"Primera A, Clausura",Colombia,Atletico Nacional Medellin,CD Tolima,2026-10-08T23:05:00+00:00,62.2671,soccer.asian_handicap,period=ft,away,handicap=-0.5,2.12
2026-10-09T00:02:43.975014+02:00,36626420,"Primera A, Clausura",Colombia,Atletico Nacional Medellin,CD Tolima,2026-10-08T23:05:00+00:00,62.2671,soccer.asian_handicap,period=ft,home,handicap=-0.25,1.5
2026-10-09T00:02:43.975014+02:00,36626420,"Primera A, Clausura",Colombia,Atletico Nacional Medellin,CD Tolima,2026-10-08T23:05:00+00:00,62.2671,soccer.asian_handicap,period=ft,away,handicap=-0.25,2.55
2026-10-09T00:02:43.975014+02:00,36626420,"Primera A, Clausura",Colombia,Atletico Nacional Medellin,CD Tolima,2026-10-08T23:05:00+00:00,62.2671,soccer.asian_handicap,period=ft,home,handicap=0,1.28
2026-10-09T00:02:43.975014+02:00,36626420,"Primera A, Clausura",Colombia,Atletico Nacional Medellin,CD Tolima,2026-10-08T23:05:00+00:00,62.2671,soccer.asian_handicap,period=ft,away,handicap=0,3.55
2026-10-09T00:02:43.975014+02:00,36626420,"Primera A, Clausura",Colombia,Atletico Nacional Medellin,CD Tolima,2026-10-08T23:05:00+00:00,62.2671,soccer.asian_handicap,period=ft,home,handicap=0.25,1.22
2026-10-09T00:02:43.975014+02:00,36626420,"Primera A, Clausura",Colombia,Atletico Nacional Medellin,CD Tolima,2026-10-08T23:05:00+00:00,62.2671,soccer.asian_handicap,period=ft,away,handicap=0.25,4.1
2026-10-09T00:02:43.975014+02:00,36626420,"Primera A, Clausura",Colombia,Atletico Nacional Medellin,CD Tolima,2026-10-08T23:05:00+00:00,62.2671,soccer.double_chance,period=ft,draw_away,,2.04
2026-10-09T00:02:43.975014+02:00,36626420,"Primera A, Clausura",Colombia,Atletico Nacional Medellin,CD Tolima,2026-10-08T23:05:00+00:00,62.2671,soccer.double_chance,period=ft,home_away,,1.28
2026-10-09T00:02:43.975014+02:00,36626420,"Primera A, Clausura",Colombia,Atletico Nacional Medellin,CD Tolima,2026-10-08T23:05:00+00:00,62.2671,soccer.double_chance,period=ft,home_draw,,1.21
2026-10-09T00:02:43.975014+02:00,36626420,"Primera A, Clausura",Colombia,Atletico Nacional Medellin,CD Tolima,2026-10-08T23:05:00+00:00,62.2671,soccer.match_odds,period=ft,home,,1.72
2026-10-09T00:02:43.975014+02:00,36626420,"Primera A, Clausura",Colombia,Atletico Nacional Medellin,CD Tolima,2026-10-08T23:05:00+00:00,62.2671,soccer.match_odds,period=ft,draw,,3.7
2026-10-09T00:02:43.975014+02:00,36626420,"Primera A, Clausura",Colombia,Atletico Nacional Medellin,CD Tolima,2026-10-08T23:05:00+00:00,62.2671,soccer.match_odds,period=ft,away,,4.75
2026-10-09T00:02:43.975014+02:00,36626420,"Primera A, Clausura",Colombia,Atletico Nacional Medellin,CD Tolima,2026-10-08T23:05:00+00:00,62.2671,soccer.total_goals,period=ft,over,total=2.5,1.87
2026-10-09T00:02:43.975014+02:00,36626420,"Primera A, Clausura",Colombia,Atletico Nacional Medellin,CD Tolima,2026-10-08T23:05:00+00:00,62.2671,soccer.total_goals,period=ft,under,total=2.5,1.94
2026-10-09T00:02:43.975014+02:00,36626420,"Primera A, Clausura",Colombia,Atletico Nacional Medellin,CD Tolima,2026-10-08T23:05:00+00:00,62.2671,soccer.total_goals,period=ft,over,total=1.5,1.27
2026-10-09T00:02:43.975014+02:00,36626420,"Primera A, Clausura",Colombia,Atletico Nacional Medellin,CD Tolima,2026-10-08T23:05:00+00:00,62.2671,soccer.total_goals,period=ft,under,total=1.5,3.65
2026-10-09T00:02:43.975014+02:00,36626420,"Primera A, Clausura",Colombia,Atletico Nacional Medellin,CD Tolima,2026-10-08T23:05:00+00:00,62.2671,soccer.total_goals,period=ft,over,total=2,1.42
2026-10-09T00:02:43.975014+02:00,36626420,"Primera A, Clausura",Colombia,Atletico Nacional Medellin,CD Tolima,2026-10-08T23:05:00+00:00,62.2671,soccer.total_goals,period=ft,under,total=2,2.8
2026-10-09T00:02:43.975014+02:00,36626420,"Primera A, Clausura",Colombia,Atletico Nacional Medellin,CD Tolima,2026-10-08T23:05:00+00:00,62.2671,soccer.total_goals,period=ft,over,total=2.25,1.64
2026-10-09T00:02:43.975014+02:00,36626420,"Primera A, Clausura",Colombia,Atletico Nacional Medellin,CD Tolima,2026-10-08T23:05:00+00:00,62.2671,soccer.total_goals,period=ft,under,total=2.25,2.2
2026-10-09T00:02:43.975014+02:00,36626420,"Primera A, Clausura",Colombia,Atletico Nacional Medellin,CD Tolima,2026-10-08T23:05:00+00:00,62.2671,soccer.total_goals,period=ft,over,total=2.75,2.11
2026-10-09T00:02:43.975014+02:00,36626420,"Primera A, Clausura",Colombia,Atletico Nacional Medellin,CD Tolima,2026-10-08T23:05:00+00:00,62.2671,soccer.total_goals,period=ft,under,total=2.75,1.72
2026-10-09T00:02:43.975014+02:00,36626420,"Primera A, Clausura",Colombia,Atletico Nacional Medellin,CD Tolima,2026-10-08T23:05:00+00:00,62.2671,soccer.total_goals,period=ft,over,total=3,2.5
2026-10-09T00:02:43.975014+02:00,36626420,"Primera A, Clausura",Colombia,Atletico Nacional Medellin,CD Tolima,2026-10-08T23:05:00+00:00,62.2671,soccer.total_goals,period=ft,under,total=3,1.5
2026-10-09T00:02:43.975014+02:00,36626420,"Primera A, Clausura",Colombia,Atletico Nacional Medellin,CD Tolima,2026-10-08T23:05:00+00:00,62.2671,soccer.total_goals,period=ft,over,total=3.5,3.2
2026-10-09T00:02:43.975014+02:00,36626420,"Primera A, Clausura",Colombia,Atletico Nacional Medellin,CD Tolima,2026-10-08T23:05:00+00:00,62.2671,soccer.total_goals,period=ft,under,total=3.5,1.33
2026-10-09T00:02:43.975014+02:00,36626420,"Primera A, Clausura",Colombia,Atletico Nacional Medellin,CD Tolima,2026-10-08T23:05:00+00:00,62.2671,soccer.total_goals,period=ft,over,total=4.5,6.35
2026-10-09T00:02:43.975014+02:00,36626420,"Primera A, Clausura",Colombia,Atletico Nacional Medellin,CD Tolima,2026-10-08T23:05:00+00:00,62.2671,soccer.total_goals,period=ft,under,total=4.5,1.1
2026-10-09T00:02:43.975014+02:00,36435234,Brasileiro Serie A,Brazil,Santos FC SP,CR Flamengo RJ,2026-10-08T22:30:00+00:00,27.2671,soccer.asian_handicap,period=ft,home,handicap=0.75,1.85
2026-10-09T00:02:43.975014+02:00,36435234,Brasileiro Serie A,Brazil,Santos FC SP,CR Flamengo RJ,2026-10-08T22:30:00+00:00,27.2671,soccer.asian_handicap,period=ft,away,handicap=0.75,2.03
2026-10-09T00:02:43.975014+02:00,36435234,Brasileiro Serie A,Brazil,Santos FC SP,CR Flamengo RJ,2026-10-08T22:30:00+00:00,27.2671,soccer.asian_handicap,period=ft,home,handicap=-0.25,3.7
2026-10-09T00:02:43.975014+02:00,36435234,Brasileiro Serie A,Brazil,Santos FC SP,CR Flamengo RJ,2026-10-08T22:30:00+00:00,27.2671,soccer.asian_handicap,period=ft,away,handicap=-0.25,1.29
2026-10-09T00:02:43.975014+02:00,36435234,Brasileiro Serie A,Brazil,Santos FC SP,CR Flamengo RJ,2026-10-08T22:30:00+00:00,27.2671,soccer.asian_handicap,period=ft,home,handicap=0,3.2
2026-10-09T00:02:43.975014+02:00,36435234,Brasileiro Serie A,Brazil,Santos FC SP,CR Flamengo RJ,2026-10-08T22:30:00+00:00,27.2671,soccer.asian_handicap,period=ft,away,handicap=0,1.36
2026-10-09T00:02:43.975014+02:00,36435234,Brasileiro Serie A,Brazil,Santos FC SP,CR Flamengo RJ,2026-10-08T22:30:00+00:00,27.2671,soccer.asian_handicap,period=ft,home,handicap=0.25,2.45
2026-10-09T00:02:43.975014+02:00,36435234,Brasileiro Serie A,Brazil,Santos FC SP,CR Flamengo RJ,2026-10-08T22:30:00+00:00,27.2671,soccer.asian_handicap,period=ft,away,handicap=0.25,1.57
2026-10-09T00:02:43.975014+02:00,36435234,Brasileiro Serie A,Brazil,Santos FC SP,CR Flamengo RJ,2026-10-08T22:30:00+00:00,27.2671,soccer.asian_handicap,period=ft,home,handicap=0.5,2.07
2026-10-09T00:02:43.975014+02:00,36435234,Brasileiro Serie A,Brazil,Santos FC SP,CR Flamengo RJ,2026-10-08T22:30:00+00:00,27.2671,soccer.asian_handicap,period=ft,away,handicap=0.5,1.79
2026-10-09T00:02:43.975014+02:00,36435234,Brasileiro Serie A,Brazil,Santos FC SP,CR Flamengo RJ,2026-10-08T22:30:00+00:00,27.2671,soccer.asian_handicap,period=ft,home,handicap=1,1.59
2026-10-09T00:02:43.975014+02:00,36435234,Brasileiro Serie A,Brazil,Santos FC SP,CR Flamengo RJ,2026-10-08T22:30:00+00:00,27.2671,soccer.asian_handicap,period=ft,away,handicap=1,2.4
2026-10-09T00:02:43.975014+02:00,36435234,Brasileiro Serie A,Brazil,Santos FC SP,CR Flamengo RJ,2026-10-08T22:30:00+00:00,27.2671,soccer.asian_handicap,period=ft,home,handicap=1.25,1.46
2026-10-09T00:02:43.975014+02:00,36435234,Brasileiro Serie A,Brazil,Santos FC SP,CR Flamengo RJ,2026-10-08T22:30:00+00:00,27.2671,soccer.asian_handicap,period=ft,away,handicap=1.25,2.75
2026-10-09T00:02:43.975014+02:00,36435234,Brasileiro Serie A,Brazil,Santos FC SP,CR Flamengo RJ,2026-10-08T22:30:00+00:00,27.2671,soccer.asian_handicap,period=ft,home,handicap=1.5,1.38
2026-10-09T00:02:43.975014+02:00,36435234,Brasileiro Serie A,Brazil,Santos FC SP,CR Flamengo RJ,2026-10-08T22:30:00+00:00,27.2671,soccer.asian_handicap,period=ft,away,handicap=1.5,3.1
2026-10-09T00:02:43.975014+02:00,36435234,Brasileiro Serie A,Brazil,Santos FC SP,CR Flamengo RJ,2026-10-08T22:30:00+00:00,27.2671,soccer.asian_handicap,period=ft,home,handicap=1.75,1.27
2026-10-09T00:02:43.975014+02:00,36435234,Brasileiro Serie A,Brazil,Santos FC SP,CR Flamengo RJ,2026-10-08T22:30:00+00:00,27.2671,soccer.asian_handicap,period=ft,away,handicap=1.75,3.85
2026-10-09T00:02:43.975014+02:00,36435234,Brasileiro Serie A,Brazil,Santos FC SP,CR Flamengo RJ,2026-10-08T22:30:00+00:00,27.2671,soccer.double_chance,period=ft,draw_away,,1.24
2026-10-09T00:02:43.975014+02:00,36435234,Brasileiro Serie A,Brazil,Santos FC SP,CR Flamengo RJ,2026-10-08T22:30:00+00:00,27.2671,soccer.double_chance,period=ft,home_away,,1.26
2026-10-09T00:02:43.975014+02:00,36435234,Brasileiro Serie A,Brazil,Santos FC SP,CR Flamengo RJ,2026-10-08T22:30:00+00:00,27.2671,soccer.double_chance,period=ft,home_draw,,2.06
2026-10-09T00:02:43.975014+02:00,36435234,Brasileiro Serie A,Brazil,Santos FC SP,CR Flamengo RJ,2026-10-08T22:30:00+00:00,27.2671,soccer.match_odds,period=ft,home,,4.2
2026-10-09T00:02:43.975014+02:00,36435234,Brasileiro Serie A,Brazil,Santos FC SP,CR Flamengo RJ,2026-10-08T22:30:00+00:00,27.2671,soccer.match_odds,period=ft,draw,,4.0
2026-10-09T00:02:43.975014+02:00,36435234,Brasileiro Serie A,Brazil,Santos FC SP,CR Flamengo RJ,2026-10-08T22:30:00+00:00,27.2671,soccer.match_odds,period=ft,away,,1.8
2026-10-09T00:02:43.975014+02:00,36435234,Brasileiro Serie A,Brazil,Santos FC SP,CR Flamengo RJ,2026-10-08T22:30:00+00:00,27.2671,soccer.total_goals,period=ft,over,total=3,2.01
2026-10-09T00:02:43.975014+02:00,36435234,Brasileiro Serie A,Brazil,Santos FC SP,CR Flamengo RJ,2026-10-08T22:30:00+00:00,27.2671,soccer.total_goals,period=ft,under,total=3,1.86
2026-10-09T00:02:43.975014+02:00,36435234,Brasileiro Serie A,Brazil,Santos FC SP,CR Flamengo RJ,2026-10-08T22:30:00+00:00,27.2671,soccer.total_goals,period=ft,over,total=1.5,1.18
2026-10-09T00:02:43.975014+02:00,36435234,Brasileiro Serie A,Brazil,Santos FC SP,CR Flamengo RJ,2026-10-08T22:30:00+00:00,27.2671,soccer.total_goals,period=ft,under,total=1.5,4.85
2026-10-09T00:02:43.975014+02:00,36435234,Brasileiro Serie A,Brazil,Santos FC SP,CR Flamengo RJ,2026-10-08T22:30:00+00:00,27.2671,soccer.total_goals,period=ft,over,total=2.5,1.6
2026-10-09T00:02:43.975014+02:00,36435234,Brasileiro Serie A,Brazil,Santos FC SP,CR Flamengo RJ,2026-10-08T22:30:00+00:00,27.2671,soccer.total_goals,period=ft,under,total=2.5,2.35
2026-10-09T00:02:43.975014+02:00,36435234,Brasileiro Serie A,Brazil,Santos FC SP,CR Flamengo RJ,2026-10-08T22:30:00+00:00,27.2671,soccer.total_goals,period=ft,over,total=2.75,1.74
2026-10-09T00:02:43.975014+02:00,36435234,Brasileiro Serie A,Brazil,Santos FC SP,CR Flamengo RJ,2026-10-08T22:30:00+00:00,27.2671,soccer.total_goals,period=ft,under,total=2.75,2.11
2026-10-09T00:02:43.975014+02:00,36435234,Brasileiro Serie A,Brazil,Santos FC SP,CR Flamengo RJ,2026-10-08T22:30:00+00:00,27.2671,soccer.total_goals,period=ft,over,total=3.25,2.25
2026-10-09T00:02:43.975014+02:00,36435234,Brasileiro Serie A,Brazil,Santos FC SP,CR Flamengo RJ,2026-10-08T22:30:00+00:00,27.2671,soccer.total_goals,period=ft,under,total=3.25,1.65
2026-10-09T00:02:43.975014+02:00,36435234,Brasileiro Serie A,Brazil,Santos FC SP,CR Flamengo RJ,2026-10-08T22:30:00+00:00,27.2671,soccer.total_goals,period=ft,over,total=3.5,2.55
2026-10-09T00:02:43.975014+02:00,36435234,Brasileiro Serie A,Brazil,Santos FC SP,CR Flamengo RJ,2026-10-08T22:30:00+00:00,27.2671,soccer.total_goals,period=ft,under,total=3.5,1.52
2026-10-09T00:02:43.975014+02:00,36435234,Brasileiro Serie A,Brazil,Santos FC SP,CR Flamengo RJ,2026-10-08T22:30:00+00:00,27.2671,soccer.total_goals,period=ft,over,total=4.5,4.8
2026-10-09T00:02:43.975014+02:00,36435234,Brasileiro Serie A,Brazil,Santos FC SP,CR Flamengo RJ,2026-10-08T22:30:00+00:00,27.2671,soccer.total_goals,period=ft,under,total=4.5,1.18
2026-10-09T00:02:43.975014+02:00,36435235,Brasileiro Serie A,Brazil,CA Paranaense PR,Atletico Mineiro MG,2026-10-08T23:00:00+00:00,57.2671,soccer.asian_handicap,period=ft,home,handicap=-0.25,1.82
2026-10-09T00:02:43.975014+02:00,36435235,Brasileiro Serie A,Brazil,CA Paranaense PR,Atletico Mineiro MG,2026-10-08T23:00:00+00:00,57.2671,soccer.asian_handicap,period=ft,away,handicap=-0.25,2.07
2026-10-09T00:02:43.975014+02:00,36435235,Brasileiro Serie A,Brazil,CA Paranaense PR,Atletico Mineiro MG,2026-10-08T23:00:00+00:00,57.2671,soccer.asian_handicap,period=ft,home,handicap=-1.25,3.65
2026-10-09T00:02:43.975014+02:00,36435235,Brasileiro Serie A,Brazil,CA Paranaense PR,Atletico Mineiro MG,2026-10-08T23:00:00+00:00,57.2671,soccer.asian_handicap,period=ft,away,handicap=-1.25,1.29
2026-10-09T00:02:43.975014+02:00,36435235,Brasileiro Serie A,Brazil,CA Paranaense PR,Atletico Mineiro MG,2026-10-08T23:00:00+00:00,57.2671,soccer.asian_handicap,period=ft,home,handicap=-1,3.2
2026-10-09T00:02:43.975014+02:00,36435235,Brasileiro Serie A,Brazil,CA Paranaense PR,Atletico Mineiro MG,2026-10-08T23:00:00+00:00,57.2671,soccer.asian_handicap,period=ft,away,handicap=-1,1.36
2026-10-09T00:02:43.975014+02:00,36435235,Brasileiro Serie A,Brazil,CA Paranaense PR,Atletico Mineiro MG,2026-10-08T23:00:00+00:00,57.2671,soccer.asian_handicap,period=ft,home,handicap=-0.75,2.5
2026-10-09T00:02:43.975014+02:00,36435235,Brasileiro Serie A,Brazil,CA Paranaense PR,Atletico Mineiro MG,2026-10-08T23:00:00+00:00,57.2671,soccer.asian_handicap,period=ft,away,handicap=-0.75,1.56
2026-10-09T00:02:43.975014+02:00,36435235,Brasileiro Serie A,Brazil,CA Paranaense PR,Atletico Mineiro MG,2026-10-08T23:00:00+00:00,57.2671,soccer.asian_handicap,period=ft,home,handicap=-0.5,2.11
2026-10-09T00:02:43.975014+02:00,36435235,Brasileiro Serie A,Brazil,CA Paranaense PR,Atletico Mineiro MG,2026-10-08T23:00:00+00:00,57.2671,soccer.asian_handicap,period=ft,away,handicap=-0.5,1.75
2026-10-09T00:02:43.975014+02:00,36435235,Brasileiro Serie A,Brazil,CA Paranaense PR,Atletico Mineiro MG,2026-10-08T23:00:00+00:00,57.2671,soccer.asian_handicap,period=ft,home,handicap=0,1.49
2026-10-09T00:02:43.975014+02:00,36435235,Brasileiro Serie A,Brazil,CA Paranaense PR,Atletico Mineiro MG,2026-10-08T23:00:00+00:00,57.2671,soccer.asian_handicap,period=ft,away,handicap=0,2.65
2026-10-09T00:02:43.975014+02:00,36435235,Brasileiro Serie A,Brazil,CA Paranaense PR,Atletico Mineiro MG,2026-10-08T23:00:00+00:00,57.2671,soccer.asian_handicap,period=ft,home,handicap=0.25,1.36
2026-10-09T00:02:43.975014+02:00,36435235,Brasileiro Serie A,Brazil,CA Paranaense PR,Atletico Mineiro MG,2026-10-08T23:00:00+00:00,57.2671,soccer.asian_handicap,period=ft,away,handicap=0.25,3.2
2026-10-09T00:02:43.975014+02:00,36435235,Brasileiro Serie A,Brazil,CA Paranaense PR,Atletico Mineiro MG,2026-10-08T23:00:00+00:00,57.2671,soccer.asian_handicap,period=ft,home,handicap=0.5,1.28
2026-10-09T00:02:43.975014+02:00,36435235,Brasileiro Serie A,Brazil,CA Paranaense PR,Atletico Mineiro MG,2026-10-08T23:00:00+00:00,57.2671,soccer.asian_handicap,period=ft,away,handicap=0.5,3.75
2026-10-09T00:02:43.975014+02:00,36435235,Brasileiro Serie A,Brazil,CA Paranaense PR,Atletico Mineiro MG,2026-10-08T23:00:00+00:00,57.2671,soccer.asian_handicap,period=ft,home,handicap=0.75,1.18
2026-10-09T00:02:43.975014+02:00,36435235,Brasileiro Serie A,Brazil,CA Paranaense PR,Atletico Mineiro MG,2026-10-08T23:00:00+00:00,57.2671,soccer.asian_handicap,period=ft,away,handicap=0.75,5.0
2026-10-09T00:02:43.975014+02:00,36435235,Brasileiro Serie A,Brazil,CA Paranaense PR,Atletico Mineiro MG,2026-10-08T23:00:00+00:00,57.2671,soccer.double_chance,period=ft,draw_away,,1.74
2026-10-09T00:02:43.975014+02:00,36435235,Brasileiro Serie A,Brazil,CA Paranaense PR,Atletico Mineiro MG,2026-10-08T23:00:00+00:00,57.2671,soccer.double_chance,period=ft,home_away,,1.36
2026-10-09T00:02:43.975014+02:00,36435235,Brasileiro Serie A,Brazil,CA Paranaense PR,Atletico Mineiro MG,2026-10-08T23:00:00+00:00,57.2671,soccer.double_chance,period=ft,home_draw,,1.28
2026-10-09T00:02:43.975014+02:00,36435235,Brasileiro Serie A,Brazil,CA Paranaense PR,Atletico Mineiro MG,2026-10-08T23:00:00+00:00,57.2671,soccer.match_odds,period=ft,home,,2.12
2026-10-09T00:02:43.975014+02:00,36435235,Brasileiro Serie A,Brazil,CA Paranaense PR,Atletico Mineiro MG,2026-10-08T23:00:00+00:00,57.2671,soccer.match_odds,period=ft,draw,,3.2
2026-10-09T00:02:43.975014+02:00,36435235,Brasileiro Serie A,Brazil,CA Paranaense PR,Atletico Mineiro MG,2026-10-08T23:00:00+00:00,57.2671,soccer.match_odds,period=ft,away,,3.8
2026-10-09T00:02:43.975014+02:00,36435235,Brasileiro Serie A,Brazil,CA Paranaense PR,Atletico Mineiro MG,2026-10-08T23:00:00+00:00,57.2671,soccer.total_goals,period=ft,over,total=2.5,2.05
2026-10-09T00:02:43.975014+02:00,36435235,Brasileiro Serie A,Brazil,CA Paranaense PR,Atletico Mineiro MG,2026-10-08T23:00:00+00:00,57.2671,soccer.total_goals,period=ft,under,total=2.5,1.82
2026-10-09T00:02:43.975014+02:00,36435235,Brasileiro Serie A,Brazil,CA Paranaense PR,Atletico Mineiro MG,2026-10-08T23:00:00+00:00,57.2671,soccer.total_goals,period=ft,over,total=1.5,1.31
2026-10-09T00:02:43.975014+02:00,36435235,Brasileiro Serie A,Brazil,CA Paranaense PR,Atletico Mineiro MG,2026-10-08T23:00:00+00:00,57.2671,soccer.total_goals,period=ft,under,total=1.5,3.45
2026-10-09T00:02:43.975014+02:00,36435235,Brasileiro Serie A,Brazil,CA Paranaense PR,Atletico Mineiro MG,2026-10-08T23:00:00+00:00,57.2671,soccer.total_goals,period=ft,over,total=2,1.51
2026-10-09T00:02:43.975014+02:00,36435235,Brasileiro Serie A,Brazil,CA Paranaense PR,Atletico Mineiro MG,2026-10-08T23:00:00+00:00,57.2671,soccer.total_goals,period=ft,under,total=2,2.6
2026-10-09T00:02:43.975014+02:00,36435235,Brasileiro Serie A,Brazil,CA Paranaense PR,Atletico Mineiro MG,2026-10-08T23:00:00+00:00,57.2671,soccer.total_goals,period=ft,over,total=2.25,1.77
2026-10-09T00:02:43.975014+02:00,36435235,Brasileiro Serie A,Brazil,CA Paranaense PR,Atletico Mineiro MG,2026-10-08T23:00:00+00:00,57.2671,soccer.total_goals,period=ft,under,total=2.25,2.07
2026-10-09T00:02:43.975014+02:00,36435235,Brasileiro Serie A,Brazil,CA Paranaense PR,Atletico Mineiro MG,2026-10-08T23:00:00+00:00,57.2671,soccer.total_goals,period=ft,over,total=2.75,2.3
2026-10-09T00:02:43.975014+02:00,36435235,Brasileiro Serie A,Brazil,CA Paranaense PR,Atletico Mineiro MG,2026-10-08T23:00:00+00:00,57.2671,soccer.total_goals,period=ft,under,total=2.75,1.62
2026-10-09T00:02:43.975014+02:00,36435235,Brasileiro Serie A,Brazil,CA Paranaense PR,Atletico Mineiro MG,2026-10-08T23:00:00+00:00,57.2671,soccer.total_goals,period=ft,over,total=3,2.85
2026-10-09T00:02:43.975014+02:00,36435235,Brasileiro Serie A,Brazil,CA Paranaense PR,Atletico Mineiro MG,2026-10-08T23:00:00+00:00,57.2671,soccer.total_goals,period=ft,under,total=3,1.43
2026-10-09T00:02:43.975014+02:00,36435235,Brasileiro Serie A,Brazil,CA Paranaense PR,Atletico Mineiro MG,2026-10-08T23:00:00+00:00,57.2671,soccer.total_goals,period=ft,over,total=3.5,3.5
2026-10-09T00:02:43.975014+02:00,36435235,Brasileiro Serie A,Brazil,CA Paranaense PR,Atletico Mineiro MG,2026-10-08T23:00:00+00:00,57.2671,soccer.total_goals,period=ft,under,total=3.5,1.3
2026-10-09T00:02:43.975014+02:00,36435235,Brasileiro Serie A,Brazil,CA Paranaense PR,Atletico Mineiro MG,2026-10-08T23:00:00+00:00,57.2671,soccer.total_goals,period=ft,over,total=4.5,7.25
2026-10-09T00:02:43.975014+02:00,36435235,Brasileiro Serie A,Brazil,CA Paranaense PR,Atletico Mineiro MG,2026-10-08T23:00:00+00:00,57.2671,soccer.total_goals,period=ft,under,total=4.5,1.1
2026-10-09T00:02:43.975014+02:00,36698652,Brazil Campeonato Paraibano (PB) Division 2,Brazil,AD Guarabira,Auto EC (PB),2026-10-08T22:30:00+00:00,27.2671,soccer.asian_handicap,period=ft,home,handicap=0,1.76
2026-10-09T00:02:43.975014+02:00,36698652,Brazil Campeonato Paraibano (PB) Division 2,Brazil,AD Guarabira,Auto EC (PB),2026-10-08T22:30:00+00:00,27.2671,soccer.asian_handicap,period=ft,away,handicap=0,1.95
2026-10-09T00:02:43.975014+02:00,36698652,Brazil Campeonato Paraibano (PB) Division 2,Brazil,AD Guarabira,Auto EC (PB),2026-10-08T22:30:00+00:00,27.2671,soccer.asian_handicap,period=ft,home,handicap=-0.75,2.85
2026-10-09T00:02:43.975014+02:00,36698652,Brazil Campeonato Paraibano (PB) Division 2,Brazil,AD Guarabira,Auto EC (PB),2026-10-08T22:30:00+00:00,27.2671,soccer.asian_handicap,period=ft,away,handicap=-0.75,1.33
2026-10-09T00:02:43.975014+02:00,36698652,Brazil Campeonato Paraibano (PB) Division 2,Brazil,AD Guarabira,Auto EC (PB),2026-10-08T22:30:00+00:00,27.2671,soccer.asian_handicap,period=ft,home,handicap=-0.5,2.35
2026-10-09T00:02:43.975014+02:00,36698652,Brazil Campeonato Paraibano (PB) Division 2,Brazil,AD Guarabira,Auto EC (PB),2026-10-08T22:30:00+00:00,27.2671,soccer.asian_handicap,period=ft,away,handicap=-0.5,1.47
2026-10-09T00:02:43.975014+02:00,36698652,Brazil Campeonato Paraibano (PB) Division 2,Brazil,AD Guarabira,Auto EC (PB),2026-10-08T22:30:00+00:00,27.2671,soccer.asian_handicap,period=ft,home,handicap=-0.25,2.07
2026-10-09T00:02:43.975014+02:00,36698652,Brazil Campeonato Paraibano (PB) Division 2,Brazil,AD Guarabira,Auto EC (PB),2026-10-08T22:30:00+00:00,27.2671,soccer.asian_handicap,period=ft,away,handicap=-0.25,1.64
2026-10-09T00:02:43.975014+02:00,36698652,Brazil Campeonato Paraibano (PB) Division 2,Brazil,AD Guarabira,Auto EC (PB),2026-10-08T22:30:00+00:00,27.2671,soccer.asian_handicap,period=ft,home,handicap=0.25,1.53
2026-10-09T00:02:43.975014+02:00,36698652,Brazil Campeonato Paraibano (PB) Division 2,Brazil,AD Guarabira,Auto EC (PB),2026-10-08T22:30:00+00:00,27.2671,soccer.asian_handicap,period=ft,away,handicap=0.25,2.25
2026-10-09T00:02:43.975014+02:00,36698652,Brazil Campeonato Paraibano (PB) Division 2,Brazil,AD Guarabira,Auto EC (PB),2026-10-08T22:30:00+00:00,27.2671,soccer.asian_handicap,period=ft,home,handicap=0.5,1.39
2026-10-09T00:02:43.975014+02:00,36698652,Brazil Campeonato Paraibano (PB) Division 2,Brazil,AD Guarabira,Auto EC (PB),2026-10-08T22:30:00+00:00,27.2671,soccer.asian_handicap,period=ft,away,handicap=0.5,2.6
2026-10-09T00:02:43.975014+02:00,36698652,Brazil Campeonato Paraibano (PB) Division 2,Brazil,AD Guarabira,Auto EC (PB),2026-10-08T22:30:00+00:00,27.2671,soccer.asian_handicap,period=ft,home,handicap=0.75,1.27
2026-10-09T00:02:43.975014+02:00,36698652,Brazil Campeonato Paraibano (PB) Division 2,Brazil,AD Guarabira,Auto EC (PB),2026-10-08T22:30:00+00:00,27.2671,soccer.asian_handicap,period=ft,away,handicap=0.75,3.15
2026-10-09T00:02:43.975014+02:00,36698652,Brazil Campeonato Paraibano (PB) Division 2,Brazil,AD Guarabira,Auto EC (PB),2026-10-08T22:30:00+00:00,27.2671,soccer.total_goals,period=ft,over,total=2.5,1.91
2026-10-09T00:02:43.975014+02:00,36698652,Brazil Campeonato Paraibano (PB) Division 2,Brazil,AD Guarabira,Auto EC (PB),2026-10-08T22:30:00+00:00,27.2671,soccer.total_goals,period=ft,under,total=2.5,1.79
2026-10-09T00:02:43.975014+02:00,36698652,Brazil Campeonato Paraibano (PB) Division 2,Brazil,AD Guarabira,Auto EC (PB),2026-10-08T22:30:00+00:00,27.2671,soccer.total_goals,period=ft,over,total=1.75,1.32
2026-10-09T00:02:43.975014+02:00,36698652,Brazil Campeonato Paraibano (PB) Division 2,Brazil,AD Guarabira,Auto EC (PB),2026-10-08T22:30:00+00:00,27.2671,soccer.total_goals,period=ft,under,total=1.75,2.9
2026-10-09T00:02:43.975014+02:00,36698652,Brazil Campeonato Paraibano (PB) Division 2,Brazil,AD Guarabira,Auto EC (PB),2026-10-08T22:30:00+00:00,27.2671,soccer.total_goals,period=ft,over,total=2,1.42
2026-10-09T00:02:43.975014+02:00,36698652,Brazil Campeonato Paraibano (PB) Division 2,Brazil,AD Guarabira,Auto EC (PB),2026-10-08T22:30:00+00:00,27.2671,soccer.total_goals,period=ft,under,total=2,2.5
2026-10-09T00:02:43.975014+02:00,36698652,Brazil Campeonato Paraibano (PB) Division 2,Brazil,AD Guarabira,Auto EC (PB),2026-10-08T22:30:00+00:00,27.2671,soccer.total_goals,period=ft,over,total=2.25,1.66
2026-10-09T00:02:43.975014+02:00,36698652,Brazil Campeonato Paraibano (PB) Division 2,Brazil,AD Guarabira,Auto EC (PB),2026-10-08T22:30:00+00:00,27.2671,soccer.total_goals,period=ft,under,total=2.25,2.04
2026-10-09T00:02:43.975014+02:00,36698652,Brazil Campeonato Paraibano (PB) Division 2,Brazil,AD Guarabira,Auto EC (PB),2026-10-08T22:30:00+00:00,27.2671,soccer.total_goals,period=ft,over,total=2.75,2.15
2026-10-09T00:02:43.975014+02:00,36698652,Brazil Campeonato Paraibano (PB) Division 2,Brazil,AD Guarabira,Auto EC (PB),2026-10-08T22:30:00+00:00,27.2671,soccer.total_goals,period=ft,under,total=2.75,1.6
2026-10-09T00:02:43.975014+02:00,36698652,Brazil Campeonato Paraibano (PB) Division 2,Brazil,AD Guarabira,Auto EC (PB),2026-10-08T22:30:00+00:00,27.2671,soccer.total_goals,period=ft,over,total=3,2.55
2026-10-09T00:02:43.975014+02:00,36698652,Brazil Campeonato Paraibano (PB) Division 2,Brazil,AD Guarabira,Auto EC (PB),2026-10-08T22:30:00+00:00,27.2671,soccer.total_goals,period=ft,under,total=3,1.41
2026-10-09T00:02:43.975014+02:00,36698652,Brazil Campeonato Paraibano (PB) Division 2,Brazil,AD Guarabira,Auto EC (PB),2026-10-08T22:30:00+00:00,27.2671,soccer.total_goals,period=ft,over,total=3.25,2.85
2026-10-09T00:02:43.975014+02:00,36698652,Brazil Campeonato Paraibano (PB) Division 2,Brazil,AD Guarabira,Auto EC (PB),2026-10-08T22:30:00+00:00,27.2671,soccer.total_goals,period=ft,under,total=3.25,1.33
2026-10-09T00:04:41.070738+02:00,36626420,"Primera A, Clausura",Colombia,Atletico Nacional Medellin,CD Tolima,2026-10-08T23:05:00+00:00,60.3155,soccer.asian_handicap,period=ft,home,handicap=-0.75,1.96
2026-10-09T00:04:41.070738+02:00,36626420,"Primera A, Clausura",Colombia,Atletico Nacional Medellin,CD Tolima,2026-10-08T23:05:00+00:00,60.3155,soccer.asian_handicap,period=ft,away,handicap=-0.75,1.87
2026-10-09T00:04:41.070738+02:00,36626420,"Primera A, Clausura",Colombia,Atletico Nacional Medellin,CD Tolima,2026-10-08T23:05:00+00:00,60.3155,soccer.asian_handicap,period=ft,home,handicap=-1.75,3.85
2026-10-09T00:04:41.070738+02:00,36626420,"Primera A, Clausura",Colombia,Atletico Nacional Medellin,CD Tolima,2026-10-08T23:05:00+00:00,60.3155,soccer.asian_handicap,period=ft,away,handicap=-1.75,1.25
2026-10-09T00:04:41.070738+02:00,36626420,"Primera A, Clausura",Colombia,Atletico Nacional Medellin,CD Tolima,2026-10-08T23:05:00+00:00,60.3155,soccer.asian_handicap,period=ft,home,handicap=-1.5,3.05
2026-10-09T00:04:41.070738+02:00,36626420,"Primera A, Clausura",Colombia,Atletico Nacional Medellin,CD Tolima,2026-10-08T23:05:00+00:00,60.3155,soccer.asian_handicap,period=ft,away,handicap=-1.5,1.36
2026-10-09T00:04:41.070738+02:00,36626420,"Primera A, Clausura",Colombia,Atletico Nacional Medellin,CD Tolima,2026-10-08T23:05:00+00:00,60.3155,soccer.asian_handicap,period=ft,home,handicap=-1.25,2.7
2026-10-09T00:04:41.070738+02:00,36626420,"Primera A, Clausura",Colombia,Atletico Nacional Medellin,CD Tolima,2026-10-08T23:05:00+00:00,60.3155,soccer.asian_handicap,period=ft,away,handicap=-1.25,1.45
2026-10-09T00:04:41.070738+02:00,36626420,"Primera A, Clausura",Colombia,Atletico Nacional Medellin,CD Tolima,2026-10-08T23:05:00+00:00,60.3155,soccer.asian_handicap,period=ft,home,handicap=-1,2.35
2026-10-09T00:04:41.070738+02:00,36626420,"Primera A, Clausura",Colombia,Atletico Nacional Medellin,CD Tolima,2026-10-08T23:05:00+00:00,60.3155,soccer.asian_handicap,period=ft,away,handicap=-1,1.6
2026-10-09T00:04:41.070738+02:00,36626420,"Primera A, Clausura",Colombia,Atletico Nacional Medellin,CD Tolima,2026-10-08T23:05:00+00:00,60.3155,soccer.asian_handicap,period=ft,home,handicap=-0.5,1.72
2026-10-09T00:04:41.070738+02:00,36626420,"Primera A, Clausura",Colombia,Atletico Nacional Medellin,CD Tolima,2026-10-08T23:05:00+00:00,60.3155,soccer.asian_handicap,period=ft,away,handicap=-0.5,2.12
2026-10-09T00:04:41.070738+02:00,36626420,"Primera A, Clausura",Colombia,Atletico Nacional Medellin,CD Tolima,2026-10-08T23:05:00+00:00,60.3155,soccer.asian_handicap,period=ft,home,handicap=-0.25,1.5
2026-10-09T00:04:41.070738+02:00,36626420,"Primera A, Clausura",Colombia,Atletico Nacional Medellin,CD Tolima,2026-10-08T23:05:00+00:00,60.3155,soccer.asian_handicap,period=ft,away,handicap=-0.25,2.55
2026-10-09T00:04:41.070738+02:00,36626420,"Primera A, Clausura",Colombia,Atletico Nacional Medellin,CD Tolima,2026-10-08T23:05:00+00:00,60.3155,soccer.asian_handicap,period=ft,home,handicap=0,1.28
2026-10-09T00:04:41.070738+02:00,36626420,"Primera A, Clausura",Colombia,Atletico Nacional Medellin,CD Tolima,2026-10-08T23:05:00+00:00,60.3155,soccer.asian_handicap,period=ft,away,handicap=0,3.55
2026-10-09T00:04:41.070738+02:00,36626420,"Primera A, Clausura",Colombia,Atletico Nacional Medellin,CD Tolima,2026-10-08T23:05:00+00:00,60.3155,soccer.asian_handicap,period=ft,home,handicap=0.25,1.22
2026-10-09T00:04:41.070738+02:00,36626420,"Primera A, Clausura",Colombia,Atletico Nacional Medellin,CD Tolima,2026-10-08T23:05:00+00:00,60.3155,soccer.asian_handicap,period=ft,away,handicap=0.25,4.1
2026-10-09T00:04:41.070738+02:00,36626420,"Primera A, Clausura",Colombia,Atletico Nacional Medellin,CD Tolima,2026-10-08T23:05:00+00:00,60.3155,soccer.double_chance,period=ft,draw_away,,2.04
2026-10-09T00:04:41.070738+02:00,36626420,"Primera A, Clausura",Colombia,Atletico Nacional Medellin,CD Tolima,2026-10-08T23:05:00+00:00,60.3155,soccer.double_chance,period=ft,home_away,,1.28
2026-10-09T00:04:41.070738+02:00,36626420,"Primera A, Clausura",Colombia,Atletico Nacional Medellin,CD Tolima,2026-10-08T23:05:00+00:00,60.3155,soccer.double_chance,period=ft,home_draw,,1.21
2026-10-09T00:04:41.070738+02:00,36626420,"Primera A, Clausura",Colombia,Atletico Nacional Medellin,CD Tolima,2026-10-08T23:05:00+00:00,60.3155,soccer.match_odds,period=ft,home,,1.72
2026-10-09T00:04:41.070738+02:00,36626420,"Primera A, Clausura",Colombia,Atletico Nacional Medellin,CD Tolima,2026-10-08T23:05:00+00:00,60.3155,soccer.match_odds,period=ft,draw,,3.7
2026-10-09T00:04:41.070738+02:00,36626420,"Primera A, Clausura",Colombia,Atletico Nacional Medellin,CD Tolima,2026-10-08T23:05:00+00:00,60.3155,soccer.match_odds,period=ft,away,,4.75
2026-10-09T00:04:41.070738+02:00,36626420,"Primera A, Clausura",Colombia,Atletico Nacional Medellin,CD Tolima,2026-10-08T23:05:00+00:00,60.3155,soccer.total_goals,period=ft,over,total=2.5,1.87
2026-10-09T00:04:41.070738+02:00,36626420,"Primera A, Clausura",Colombia,Atletico Nacional Medellin,CD Tolima,2026-10-08T23:05:00+00:00,60.3155,soccer.total_goals,period=ft,under,total=2.5,1.94
2026-10-09T00:04:41.070738+02:00,36626420,"Primera A, Clausura",Colombia,Atletico Nacional Medellin,CD Tolima,2026-10-08T23:05:00+00:00,60.3155,soccer.total_goals,period=ft,over,total=1.5,1.27
2026-10-09T00:04:41.070738+02:00,36626420,"Primera A, Clausura",Colombia,Atletico Nacional Medellin,CD Tolima,2026-10-08T23:05:00+00:00,60.3155,soccer.total_goals,period=ft,under,total=1.5,3.65
2026-10-09T00:04:41.070738+02:00,36626420,"Primera A, Clausura",Colombia,Atletico Nacional Medellin,CD Tolima,2026-10-08T23:05:00+00:00,60.3155,soccer.total_goals,period=ft,over,total=2,1.42
2026-10-09T00:04:41.070738+02:00,36626420,"Primera A, Clausura",Colombia,Atletico Nacional Medellin,CD Tolima,2026-10-08T23:05:00+00:00,60.3155,soccer.total_goals,period=ft,under,total=2,2.8
2026-10-09T00:04:41.070738+02:00,36626420,"Primera A, Clausura",Colombia,Atletico Nacional Medellin,CD Tolima,2026-10-08T23:05:00+00:00,60.3155,soccer.total_goals,period=ft,over,total=2.25,1.64
2026-10-09T00:04:41.070738+02:00,36626420,"Primera A, Clausura",Colombia,Atletico Nacional Medellin,CD Tolima,2026-10-08T23:05:00+00:00,60.3155,soccer.total_goals,period=ft,under,total=2.25,2.2
2026-10-09T00:04:41.070738+02:00,36626420,"Primera A, Clausura",Colombia,Atletico Nacional Medellin,CD Tolima,2026-10-08T23:05:00+00:00,60.3155,soccer.total_goals,period=ft,over,total=2.75,2.11
2026-10-09T00:04:41.070738+02:00,36626420,"Primera A, Clausura",Colombia,Atletico Nacional Medellin,CD Tolima,2026-10-08T23:05:00+00:00,60.3155,soccer.total_goals,period=ft,under,total=2.75,1.72
2026-10-09T00:04:41.070738+02:00,36626420,"Primera A, Clausura",Colombia,Atletico Nacional Medellin,CD Tolima,2026-10-08T23:05:00+00:00,60.3155,soccer.total_goals,period=ft,over,total=3,2.5
2026-10-09T00:04:41.070738+02:00,36626420,"Primera A, Clausura",Colombia,Atletico Nacional Medellin,CD Tolima,2026-10-08T23:05:00+00:00,60.3155,soccer.total_goals,period=ft,under,total=3,1.5
2026-10-09T00:04:41.070738+02:00,36626420,"Primera A, Clausura",Colombia,Atletico Nacional Medellin,CD Tolima,2026-10-08T23:05:00+00:00,60.3155,soccer.total_goals,period=ft,over,total=3.5,3.2
2026-10-09T00:04:41.070738+02:00,36626420,"Primera A, Clausura",Colombia,Atletico Nacional Medellin,CD Tolima,2026-10-08T23:05:00+00:00,60.3155,soccer.total_goals,period=ft,under,total=3.5,1.33
2026-10-09T00:04:41.070738+02:00,36626420,"Primera A, Clausura",Colombia,Atletico Nacional Medellin,CD Tolima,2026-10-08T23:05:00+00:00,60.3155,soccer.total_goals,period=ft,over,total=4.5,6.35
2026-10-09T00:04:41.070738+02:00,36626420,"Primera A, Clausura",Colombia,Atletico Nacional Medellin,CD Tolima,2026-10-08T23:05:00+00:00,60.3155,soccer.total_goals,period=ft,under,total=4.5,1.1
2026-10-09T00:04:41.070738+02:00,36698652,Brazil Campeonato Paraibano (PB) Division 2,Brazil,AD Guarabira,Auto EC (PB),2026-10-08T22:30:00+00:00,25.3155,soccer.asian_handicap,period=ft,home,handicap=0,1.76
2026-10-09T00:04:41.070738+02:00,36698652,Brazil Campeonato Paraibano (PB) Division 2,Brazil,AD Guarabira,Auto EC (PB),2026-10-08T22:30:00+00:00,25.3155,soccer.asian_handicap,period=ft,away,handicap=0,1.95
2026-10-09T00:04:41.070738+02:00,36698652,Brazil Campeonato Paraibano (PB) Division 2,Brazil,AD Guarabira,Auto EC (PB),2026-10-08T22:30:00+00:00,25.3155,soccer.asian_handicap,period=ft,home,handicap=-0.75,2.85
2026-10-09T00:04:41.070738+02:00,36698652,Brazil Campeonato Paraibano (PB) Division 2,Brazil,AD Guarabira,Auto EC (PB),2026-10-08T22:30:00+00:00,25.3155,soccer.asian_handicap,period=ft,away,handicap=-0.75,1.33
2026-10-09T00:04:41.070738+02:00,36698652,Brazil Campeonato Paraibano (PB) Division 2,Brazil,AD Guarabira,Auto EC (PB),2026-10-08T22:30:00+00:00,25.3155,soccer.asian_handicap,period=ft,home,handicap=-0.5,2.35
2026-10-09T00:04:41.070738+02:00,36698652,Brazil Campeonato Paraibano (PB) Division 2,Brazil,AD Guarabira,Auto EC (PB),2026-10-08T22:30:00+00:00,25.3155,soccer.asian_handicap,period=ft,away,handicap=-0.5,1.47
2026-10-09T00:04:41.070738+02:00,36698652,Brazil Campeonato Paraibano (PB) Division 2,Brazil,AD Guarabira,Auto EC (PB),2026-10-08T22:30:00+00:00,25.3155,soccer.asian_handicap,period=ft,home,handicap=-0.25,2.07
2026-10-09T00:04:41.070738+02:00,36698652,Brazil Campeonato Paraibano (PB) Division 2,Brazil,AD Guarabira,Auto EC (PB),2026-10-08T22:30:00+00:00,25.3155,soccer.asian_handicap,period=ft,away,handicap=-0.25,1.64
2026-10-09T00:04:41.070738+02:00,36698652,Brazil Campeonato Paraibano (PB) Division 2,Brazil,AD Guarabira,Auto EC (PB),2026-10-08T22:30:00+00:00,25.3155,soccer.asian_handicap,period=ft,home,handicap=0.25,1.53
2026-10-09T00:04:41.070738+02:00,36698652,Brazil Campeonato Paraibano (PB) Division 2,Brazil,AD Guarabira,Auto EC (PB),2026-10-08T22:30:00+00:00,25.3155,soccer.asian_handicap,period=ft,away,handicap=0.25,2.25
2026-10-09T00:04:41.070738+02:00,36698652,Brazil Campeonato Paraibano (PB) Division 2,Brazil,AD Guarabira,Auto EC (PB),2026-10-08T22:30:00+00:00,25.3155,soccer.asian_handicap,period=ft,home,handicap=0.5,1.39
2026-10-09T00:04:41.070738+02:00,36698652,Brazil Campeonato Paraibano (PB) Division 2,Brazil,AD Guarabira,Auto EC (PB),2026-10-08T22:30:00+00:00,25.3155,soccer.asian_handicap,period=ft,away,handicap=0.5,2.6
2026-10-09T00:04:41.070738+02:00,36698652,Brazil Campeonato Paraibano (PB) Division 2,Brazil,AD Guarabira,Auto EC (PB),2026-10-08T22:30:00+00:00,25.3155,soccer.asian_handicap,period=ft,home,handicap=0.75,1.27
2026-10-09T00:04:41.070738+02:00,36698652,Brazil Campeonato Paraibano (PB) Division 2,Brazil,AD Guarabira,Auto EC (PB),2026-10-08T22:30:00+00:00,25.3155,soccer.asian_handicap,period=ft,away,handicap=0.75,3.15
2026-10-09T00:04:41.070738+02:00,36698652,Brazil Campeonato Paraibano (PB) Division 2,Brazil,AD Guarabira,Auto EC (PB),2026-10-08T22:30:00+00:00,25.3155,soccer.total_goals,period=ft,over,total=2.5,1.91
2026-10-09T00:04:41.070738+02:00,36698652,Brazil Campeonato Paraibano (PB) Division 2,Brazil,AD Guarabira,Auto EC (PB),2026-10-08T22:30:00+00:00,25.3155,soccer.total_goals,period=ft,under,total=2.5,1.79
2026-10-09T00:04:41.070738+02:00,36698652,Brazil Campeonato Paraibano (PB) Division 2,Brazil,AD Guarabira,Auto EC (PB),2026-10-08T22:30:00+00:00,25.3155,soccer.total_goals,period=ft,over,total=1.75,1.32
2026-10-09T00:04:41.070738+02:00,36698652,Brazil Campeonato Paraibano (PB) Division 2,Brazil,AD Guarabira,Auto EC (PB),2026-10-08T22:30:00+00:00,25.3155,soccer.total_goals,period=ft,under,total=1.75,2.9
2026-10-09T00:04:41.070738+02:00,36698652,Brazil Campeonato Paraibano (PB) Division 2,Brazil,AD Guarabira,Auto EC (PB),2026-10-08T22:30:00+00:00,25.3155,soccer.total_goals,period=ft,over,total=2,1.42
2026-10-09T00:04:41.070738+02:00,36698652,Brazil Campeonato Paraibano (PB) Division 2,Brazil,AD Guarabira,Auto EC (PB),2026-10-08T22:30:00+00:00,25.3155,soccer.total_goals,period=ft,under,total=2,2.5
2026-10-09T00:04:41.070738+02:00,36698652,Brazil Campeonato Paraibano (PB) Division 2,Brazil,AD Guarabira,Auto EC (PB),2026-10-08T22:30:00+00:00,25.3155,soccer.total_goals,period=ft,over,total=2.25,1.66
2026-10-09T00:04:41.070738+02:00,36698652,Brazil Campeonato Paraibano (PB) Division 2,Brazil,AD Guarabira,Auto EC (PB),2026-10-08T22:30:00+00:00,25.3155,soccer.total_goals,period=ft,under,total=2.25,2.04
2026-10-09T00:04:41.070738+02:00,36698652,Brazil Campeonato Paraibano (PB) Division 2,Brazil,AD Guarabira,Auto EC (PB),2026-10-08T22:30:00+00:00,25.3155,soccer.total_goals,period=ft,over,total=2.75,2.15
2026-10-09T00:04:41.070738+02:00,36698652,Brazil Campeonato Paraibano (PB) Division 2,Brazil,AD Guarabira,Auto EC (PB),2026-10-08T22:30:00+00:00,25.3155,soccer.total_goals,period=ft,under,total=2.75,1.6
2026-10-09T00:04:41.070738+02:00,36698652,Brazil Campeonato Paraibano (PB) Division 2,Brazil,AD Guarabira,Auto EC (PB),2026-10-08T22:30:00+00:00,25.3155,soccer.total_goals,period=ft,over,total=3,2.55
2026-10-09T00:04:41.070738+02:00,36698652,Brazil Campeonato Paraibano (PB) Division 2,Brazil,AD Guarabira,Auto EC (PB),2026-10-08T22:30:00+00:00,25.3155,soccer.total_goals,period=ft,under,total=3,1.41
2026-10-09T00:04:41.070738+02:00,36698652,Brazil Campeonato Paraibano (PB) Division 2,Brazil,AD Guarabira,Auto EC (PB),2026-10-08T22:30:00+00:00,25.3155,soccer.total_goals,period=ft,over,total=3.25,2.85
2026-10-09T00:04:41.070738+02:00,36698652,Brazil Campeonato Paraibano (PB) Division 2,Brazil,AD Guarabira,Auto EC (PB),2026-10-08T22:30:00+00:00,25.3155,soccer.total_goals,period=ft,under,total=3.25,1.33
2026-10-09T00:04:41.070738+02:00,36435234,Brasileiro Serie A,Brazil,Santos FC SP,CR Flamengo RJ,2026-10-08T22:30:00+00:00,25.3155,soccer.asian_handicap,period=ft,home,handicap=0.75,1.86
2026-10-09T00:04:41.070738+02:00,36435234,Brasileiro Serie A,Brazil,Santos FC SP,CR Flamengo RJ,2026-10-08T22:30:00+00:00,25.3155,soccer.asian_handicap,period=ft,away,handicap=0.75,2.02
2026-10-09T00:04:41.070738+02:00,36435234,Brasileiro Serie A,Brazil,Santos FC SP,CR Flamengo RJ,2026-10-08T22:30:00+00:00,25.3155,soccer.asian_handicap,period=ft,home,handicap=-0.25,3.7
2026-10-09T00:04:41.070738+02:00,36435234,Brasileiro Serie A,Brazil,Santos FC SP,CR Flamengo RJ,2026-10-08T22:30:00+00:00,25.3155,soccer.asian_handicap,period=ft,away,handicap=-0.25,1.28
2026-10-09T00:04:41.070738+02:00,36435234,Brasileiro Serie A,Brazil,Santos FC SP,CR Flamengo RJ,2026-10-08T22:30:00+00:00,25.3155,soccer.asian_handicap,period=ft,home,handicap=0,3.25
2026-10-09T00:04:41.070738+02:00,36435234,Brasileiro Serie A,Brazil,Santos FC SP,CR Flamengo RJ,2026-10-08T22:30:00+00:00,25.3155,soccer.asian_handicap,period=ft,away,handicap=0,1.35
2026-10-09T00:04:41.070738+02:00,36435234,Brasileiro Serie A,Brazil,Santos FC SP,CR Flamengo RJ,2026-10-08T22:30:00+00:00,25.3155,soccer.asian_handicap,period=ft,home,handicap=0.25,2.45
2026-10-09T00:04:41.070738+02:00,36435234,Brasileiro Serie A,Brazil,Santos FC SP,CR Flamengo RJ,2026-10-08T22:30:00+00:00,25.3155,soccer.asian_handicap,period=ft,away,handicap=0.25,1.57
2026-10-09T00:04:41.070738+02:00,36435234,Brasileiro Serie A,Brazil,Santos FC SP,CR Flamengo RJ,2026-10-08T22:30:00+00:00,25.3155,soccer.asian_handicap,period=ft,home,handicap=0.5,2.08
2026-10-09T00:04:41.070738+02:00,36435234,Brasileiro Serie A,Brazil,Santos FC SP,CR Flamengo RJ,2026-10-08T22:30:00+00:00,25.3155,soccer.asian_handicap,period=ft,away,handicap=0.5,1.78
2026-10-09T00:04:41.070738+02:00,36435234,Brasileiro Serie A,Brazil,Santos FC SP,CR Flamengo RJ,2026-10-08T22:30:00+00:00,25.3155,soccer.asian_handicap,period=ft,home,handicap=1,1.6
2026-10-09T00:04:41.070738+02:00,36435234,Brasileiro Serie A,Brazil,Santos FC SP,CR Flamengo RJ,2026-10-08T22:30:00+00:00,25.3155,soccer.asian_handicap,period=ft,away,handicap=1,2.4
2026-10-09T00:04:41.070738+02:00,36435234,Brasileiro Serie A,Brazil,Santos FC SP,CR Flamengo RJ,2026-10-08T22:30:00+00:00,25.3155,soccer.asian_handicap,period=ft,home,handicap=1.25,1.47
2026-10-09T00:04:41.070738+02:00,36435234,Brasileiro Serie A,Brazil,Santos FC SP,CR Flamengo RJ,2026-10-08T22:30:00+00:00,25.3155,soccer.asian_handicap,period=ft,away,handicap=1.25,2.75
2026-10-09T00:04:41.070738+02:00,36435234,Brasileiro Serie A,Brazil,Santos FC SP,CR Flamengo RJ,2026-10-08T22:30:00+00:00,25.3155,soccer.asian_handicap,period=ft,home,handicap=1.5,1.38
2026-10-09T00:04:41.070738+02:00,36435234,Brasileiro Serie A,Brazil,Santos FC SP,CR Flamengo RJ,2026-10-08T22:30:00+00:00,25.3155,soccer.asian_handicap,period=ft,away,handicap=1.5,3.05
2026-10-09T00:04:41.070738+02:00,36435234,Brasileiro Serie A,Brazil,Santos FC SP,CR Flamengo RJ,2026-10-08T22:30:00+00:00,25.3155,soccer.asian_handicap,period=ft,home,handicap=1.75,1.27
2026-10-09T00:04:41.070738+02:00,36435234,Brasileiro Serie A,Brazil,Santos FC SP,CR Flamengo RJ,2026-10-08T22:30:00+00:00,25.3155,soccer.asian_handicap,period=ft,away,handicap=1.75,3.85
2026-10-09T00:04:41.070738+02:00,36435234,Brasileiro Serie A,Brazil,Santos FC SP,CR Flamengo RJ,2026-10-08T22:30:00+00:00,25.3155,soccer.double_chance,period=ft,draw_away,,1.23
2026-10-09T00:04:41.070738+02:00,36435234,Brasileiro Serie A,Brazil,Santos FC SP,CR Flamengo RJ,2026-10-08T22:30:00+00:00,25.3155,soccer.double_chance,period=ft,home_away,,1.26
2026-10-09T00:04:41.070738+02:00,36435234,Brasileiro Serie A,Brazil,Santos FC SP,CR Flamengo RJ,2026-10-08T22:30:00+00:00,25.3155,soccer.double_chance,period=ft,home_draw,,2.07
2026-10-09T00:04:41.070738+02:00,36435234,Brasileiro Serie A,Brazil,Santos FC SP,CR Flamengo RJ,2026-10-08T22:30:00+00:00,25.3155,soccer.match_odds,period=ft,home,,4.25
2026-10-09T00:04:41.070738+02:00,36435234,Brasileiro Serie A,Brazil,Santos FC SP,CR Flamengo RJ,2026-10-08T22:30:00+00:00,25.3155,soccer.match_odds,period=ft,draw,,4.0
2026-10-09T00:04:41.070738+02:00,36435234,Brasileiro Serie A,Brazil,Santos FC SP,CR Flamengo RJ,2026-10-08T22:30:00+00:00,25.3155,soccer.match_odds,period=ft,away,,1.78
2026-10-09T00:04:41.070738+02:00,36435234,Brasileiro Serie A,Brazil,Santos FC SP,CR Flamengo RJ,2026-10-08T22:30:00+00:00,25.3155,soccer.total_goals,period=ft,over,total=3,2.0
2026-10-09T00:04:41.070738+02:00,36435234,Brasileiro Serie A,Brazil,Santos FC SP,CR Flamengo RJ,2026-10-08T22:30:00+00:00,25.3155,soccer.total_goals,period=ft,under,total=3,1.86
2026-10-09T00:04:41.070738+02:00,36435234,Brasileiro Serie A,Brazil,Santos FC SP,CR Flamengo RJ,2026-10-08T22:30:00+00:00,25.3155,soccer.total_goals,period=ft,over,total=1.5,1.18
2026-10-09T00:04:41.070738+02:00,36435234,Brasileiro Serie A,Brazil,Santos FC SP,CR Flamengo RJ,2026-10-08T22:30:00+00:00,25.3155,soccer.total_goals,period=ft,under,total=1.5,4.85
2026-10-09T00:04:41.070738+02:00,36435234,Brasileiro Serie A,Brazil,Santos FC SP,CR Flamengo RJ,2026-10-08T22:30:00+00:00,25.3155,soccer.total_goals,period=ft,over,total=2.5,1.6
2026-10-09T00:04:41.070738+02:00,36435234,Brasileiro Serie A,Brazil,Santos FC SP,CR Flamengo RJ,2026-10-08T22:30:00+00:00,25.3155,soccer.total_goals,period=ft,under,total=2.5,2.35
2026-10-09T00:04:41.070738+02:00,36435234,Brasileiro Serie A,Brazil,Santos FC SP,CR Flamengo RJ,2026-10-08T22:30:00+00:00,25.3155,soccer.total_goals,period=ft,over,total=2.75,1.74
2026-10-09T00:04:41.070738+02:00,36435234,Brasileiro Serie A,Brazil,Santos FC SP,CR Flamengo RJ,2026-10-08T22:30:00+00:00,25.3155,soccer.total_goals,period=ft,under,total=2.75,2.11
2026-10-09T00:04:41.070738+02:00,36435234,Brasileiro Serie A,Brazil,Santos FC SP,CR Flamengo RJ,2026-10-08T22:30:00+00:00,25.3155,soccer.total_goals,period=ft,over,total=3.25,2.25
2026-10-09T00:04:41.070738+02:00,36435234,Brasileiro Serie A,Brazil,Santos FC SP,CR Flamengo RJ,2026-10-08T22:30:00+00:00,25.3155,soccer.total_goals,period=ft,under,total=3.25,1.65
2026-10-09T00:04:41.070738+02:00,36435234,Brasileiro Serie A,Brazil,Santos FC SP,CR Flamengo RJ,2026-10-08T22:30:00+00:00,25.3155,soccer.total_goals,period=ft,over,total=3.5,2.55
2026-10-09T00:04:41.070738+02:00,36435234,Brasileiro Serie A,Brazil,Santos FC SP,CR Flamengo RJ,2026-10-08T22:30:00+00:00,25.3155,soccer.total_goals,period=ft,under,total=3.5,1.53
2026-10-09T00:04:41.070738+02:00,36435234,Brasileiro Serie A,Brazil,Santos FC SP,CR Flamengo RJ,2026-10-08T22:30:00+00:00,25.3155,soccer.total_goals,period=ft,over,total=4.5,4.8
2026-10-09T00:04:41.070738+02:00,36435234,Brasileiro Serie A,Brazil,Santos FC SP,CR Flamengo RJ,2026-10-08T22:30:00+00:00,25.3155,soccer.total_goals,period=ft,under,total=4.5,1.18
2026-10-09T00:04:41.070738+02:00,36435235,Brasileiro Serie A,Brazil,CA Paranaense PR,Atletico Mineiro MG,2026-10-08T23:00:00+00:00,55.3155,soccer.asian_handicap,period=ft,home,handicap=-0.5,2.09
2026-10-09T00:04:41.070738+02:00,36435235,Brasileiro Serie A,Brazil,CA Paranaense PR,Atletico Mineiro MG,2026-10-08T23:00:00+00:00,55.3155,soccer.asian_handicap,period=ft,away,handicap=-0.5,1.8
2026-10-09T00:04:41.070738+02:00,36435235,Brasileiro Serie A,Brazil,CA Paranaense PR,Atletico Mineiro MG,2026-10-08T23:00:00+00:00,55.3155,soccer.asian_handicap,period=ft,home,handicap=-1.5,4.0
2026-10-09T00:04:41.070738+02:00,36435235,Brasileiro Serie A,Brazil,CA Paranaense PR,Atletico Mineiro MG,2026-10-08T23:00:00+00:00,55.3155,soccer.asian_handicap,period=ft,away,handicap=-1.5,1.25
2026-10-09T00:04:41.070738+02:00,36435235,Brasileiro Serie A,Brazil,CA Paranaense PR,Atletico Mineiro MG,2026-10-08T23:00:00+00:00,55.3155,soccer.asian_handicap,period=ft,home,handicap=-1.25,3.55
2026-10-09T00:04:41.070738+02:00,36435235,Brasileiro Serie A,Brazil,CA Paranaense PR,Atletico Mineiro MG,2026-10-08T23:00:00+00:00,55.3155,soccer.asian_handicap,period=ft,away,handicap=-1.25,1.3
2026-10-09T00:04:41.070738+02:00,36435235,Brasileiro Serie A,Brazil,CA Paranaense PR,Atletico Mineiro MG,2026-10-08T23:00:00+00:00,55.3155,soccer.asian_handicap,period=ft,home,handicap=-1,3.1
2026-10-09T00:04:41.070738+02:00,36435235,Brasileiro Serie A,Brazil,CA Paranaense PR,Atletico Mineiro MG,2026-10-08T23:00:00+00:00,55.3155,soccer.asian_handicap,period=ft,away,handicap=-1,1.38
2026-10-09T00:04:41.070738+02:00,36435235,Brasileiro Serie A,Brazil,CA Paranaense PR,Atletico Mineiro MG,2026-10-08T23:00:00+00:00,55.3155,soccer.asian_handicap,period=ft,home,handicap=-0.75,2.4
2026-10-09T00:04:41.070738+02:00,36435235,Brasileiro Serie A,Brazil,CA Paranaense PR,Atletico Mineiro MG,2026-10-08T23:00:00+00:00,55.3155,soccer.asian_handicap,period=ft,away,handicap=-0.75,1.58
2026-10-09T00:04:41.070738+02:00,36435235,Brasileiro Serie A,Brazil,CA Paranaense PR,Atletico Mineiro MG,2026-10-08T23:00:00+00:00,55.3155,soccer.asian_handicap,period=ft,home,handicap=-0.25,1.77
2026-10-09T00:04:41.070738+02:00,36435235,Brasileiro Serie A,Brazil,CA Paranaense PR,Atletico Mineiro MG,2026-10-08T23:00:00+00:00,55.3155,soccer.asian_handicap,period=ft,away,handicap=-0.25,2.09
2026-10-09T00:04:41.070738+02:00,36435235,Brasileiro Serie A,Brazil,CA Paranaense PR,Atletico Mineiro MG,2026-10-08T23:00:00+00:00,55.3155,soccer.asian_handicap,period=ft,home,handicap=0,1.47
2026-10-09T00:04:41.070738+02:00,36435235,Brasileiro Serie A,Brazil,CA Paranaense PR,Atletico Mineiro MG,2026-10-08T23:00:00+00:00,55.3155,soccer.asian_handicap,period=ft,away,handicap=0,2.75
2026-10-09T00:04:41.070738+02:00,36435235,Brasileiro Serie A,Brazil,CA Paranaense PR,Atletico Mineiro MG,2026-10-08T23:00:00+00:00,55.3155,soccer.asian_handicap,period=ft,home,handicap=0.25,1.34
2026-10-09T00:04:41.070738+02:00,36435235,Brasileiro Serie A,Brazil,CA Paranaense PR,Atletico Mineiro MG,2026-10-08T23:00:00+00:00,55.3155,soccer.asian_handicap,period=ft,away,handicap=0.25,3.3
2026-10-09T00:04:41.070738+02:00,36435235,Brasileiro Serie A,Brazil,CA Paranaense PR,Atletico Mineiro MG,2026-10-08T23:00:00+00:00,55.3155,soccer.asian_handicap,period=ft,home,handicap=0.5,1.27
2026-10-09T00:04:41.070738+02:00,36435235,Brasileiro Serie A,Brazil,CA Paranaense PR,Atletico Mineiro MG,2026-10-08T23:00:00+00:00,55.3155,soccer.asian_handicap,period=ft,away,handicap=0.5,3.85
2026-10-09T00:04:41.070738+02:00,36435235,Brasileiro Serie A,Brazil,CA Paranaense PR,Atletico Mineiro MG,2026-10-08T23:00:00+00:00,55.3155,soccer.double_chance,period=ft,draw_away,,1.77
2026-10-09T00:04:41.070738+02:00,36435235,Brasileiro Serie A,Brazil,CA Paranaense PR,Atletico Mineiro MG,2026-10-08T23:00:00+00:00,55.3155,soccer.double_chance,period=ft,home_away,,1.36
2026-10-09T00:04:41.070738+02:00,36435235,Brasileiro Serie A,Brazil,CA Paranaense PR,Atletico Mineiro MG,2026-10-08T23:00:00+00:00,55.3155,soccer.double_chance,period=ft,home_draw,,1.27
2026-10-09T00:04:41.070738+02:00,36435235,Brasileiro Serie A,Brazil,CA Paranaense PR,Atletico Mineiro MG,2026-10-08T23:00:00+00:00,55.3155,soccer.match_odds,period=ft,home,,2.08
2026-10-09T00:04:41.070738+02:00,36435235,Brasileiro Serie A,Brazil,CA Paranaense PR,Atletico Mineiro MG,2026-10-08T23:00:00+00:00,55.3155,soccer.match_odds,period=ft,draw,,3.25
2026-10-09T00:04:41.070738+02:00,36435235,Brasileiro Serie A,Brazil,CA Paranaense PR,Atletico Mineiro MG,2026-10-08T23:00:00+00:00,55.3155,soccer.match_odds,period=ft,away,,3.9
2026-10-09T00:04:41.070738+02:00,36435235,Brasileiro Serie A,Brazil,CA Paranaense PR,Atletico Mineiro MG,2026-10-08T23:00:00+00:00,55.3155,soccer.total_goals,period=ft,over,total=2.5,2.04
2026-10-09T00:04:41.070738+02:00,36435235,Brasileiro Serie A,Brazil,CA Paranaense PR,Atletico Mineiro MG,2026-10-08T23:00:00+00:00,55.3155,soccer.total_goals,period=ft,under,total=2.5,1.82
2026-10-09T00:04:41.070738+02:00,36435235,Brasileiro Serie A,Brazil,CA Paranaense PR,Atletico Mineiro MG,2026-10-08T23:00:00+00:00,55.3155,soccer.total_goals,period=ft,over,total=1.5,1.31
2026-10-09T00:04:41.070738+02:00,36435235,Brasileiro Serie A,Brazil,CA Paranaense PR,Atletico Mineiro MG,2026-10-08T23:00:00+00:00,55.3155,soccer.total_goals,period=ft,under,total=1.5,3.45
2026-10-09T00:04:41.070738+02:00,36435235,Brasileiro Serie A,Brazil,CA Paranaense PR,Atletico Mineiro MG,2026-10-08T23:00:00+00:00,55.3155,soccer.total_goals,period=ft,over,total=2,1.51
2026-10-09T00:04:41.070738+02:00,36435235,Brasileiro Serie A,Brazil,CA Paranaense PR,Atletico Mineiro MG,2026-10-08T23:00:00+00:00,55.3155,soccer.total_goals,period=ft,under,total=2,2.6
2026-10-09T00:04:41.070738+02:00,36435235,Brasileiro Serie A,Brazil,CA Paranaense PR,Atletico Mineiro MG,2026-10-08T23:00:00+00:00,55.3155,soccer.total_goals,period=ft,over,total=2.25,1.76
2026-10-09T00:04:41.070738+02:00,36435235,Brasileiro Serie A,Brazil,CA Paranaense PR,Atletico Mineiro MG,2026-10-08T23:00:00+00:00,55.3155,soccer.total_goals,period=ft,under,total=2.25,2.08
2026-10-09T00:04:41.070738+02:00,36435235,Brasileiro Serie A,Brazil,CA Paranaense PR,Atletico Mineiro MG,2026-10-08T23:00:00+00:00,55.3155,soccer.total_goals,period=ft,over,total=2.75,2.3
2026-10-09T00:04:41.070738+02:00,36435235,Brasileiro Serie A,Brazil,CA Paranaense PR,Atletico Mineiro MG,2026-10-08T23:00:00+00:00,55.3155,soccer.total_goals,period=ft,under,total=2.75,1.62
2026-10-09T00:04:41.070738+02:00,36435235,Brasileiro Serie A,Brazil,CA Paranaense PR,Atletico Mineiro MG,2026-10-08T23:00:00+00:00,55.3155,soccer.total_goals,period=ft,over,total=3,2.85
2026-10-09T00:04:41.070738+02:00,36435235,Brasileiro Serie A,Brazil,CA Paranaense PR,Atletico Mineiro MG,2026-10-08T23:00:00+00:00,55.3155,soccer.total_goals,period=ft,under,total=3,1.44
2026-10-09T00:04:41.070738+02:00,36435235,Brasileiro Serie A,Brazil,CA Paranaense PR,Atletico Mineiro MG,2026-10-08T23:00:00+00:00,55.3155,soccer.total_goals,period=ft,over,total=3.5,3.5
2026-10-09T00:04:41.070738+02:00,36435235,Brasileiro Serie A,Brazil,CA Paranaense PR,Atletico Mineiro MG,2026-10-08T23:00:00+00:00,55.3155,soccer.total_goals,period=ft,under,total=3.5,1.3
2026-10-09T00:04:41.070738+02:00,36435235,Brasileiro Serie A,Brazil,CA Paranaense PR,Atletico Mineiro MG,2026-10-08T23:00:00+00:00,55.3155,soccer.total_goals,period=ft,over,total=4.5,7.2
2026-10-09T00:04:41.070738+02:00,36435235,Brasileiro Serie A,Brazil,CA Paranaense PR,Atletico Mineiro MG,2026-10-08T23:00:00+00:00,55.3155,soccer.total_goals,period=ft,under,total=4.5,1.1
2026-10-09T00:04:41.070738+02:00,36609426,Brasileiro Serie B,Brazil,Ceara SC CE,Criciuma EC SC,2026-10-08T22:30:00+00:00,25.3155,soccer.asian_handicap,period=ft,home,handicap=0,1.89
2026-10-09T00:04:41.070738+02:00,36609426,Brasileiro Serie B,Brazil,Ceara SC CE,Criciuma EC SC,2026-10-08T22:30:00+00:00,25.3155,soccer.asian_handicap,period=ft,away,handicap=0,1.95
2026-10-09T00:04:41.070738+02:00,36609426,Brasileiro Serie B,Brazil,Ceara SC CE,Criciuma EC SC,2026-10-08T22:30:00+00:00,25.3155,soccer.asian_handicap,period=ft,home,handicap=-1,4.75
2026-10-09T00:04:41.070738+02:00,36609426,Brasileiro Serie B,Brazil,Ceara SC CE,Criciuma EC SC,2026-10-08T22:30:00+00:00,25.3155,soccer.asian_handicap,period=ft,away,handicap=-1,1.18
2026-10-09T00:04:41.070738+02:00,36609426,Brasileiro Serie B,Brazil,Ceara SC CE,Criciuma EC SC,2026-10-08T22:30:00+00:00,25.3155,soccer.asian_handicap,period=ft,home,handicap=-0.75,3.3
2026-10-09T00:04:41.070738+02:00,36609426,Brasileiro Serie B,Brazil,Ceara SC CE,Criciuma EC SC,2026-10-08T22:30:00+00:00,25.3155,soccer.asian_handicap,period=ft,away,handicap=-0.75,1.33
2026-10-09T00:04:41.070738+02:00,36609426,Brasileiro Serie B,Brazil,Ceara SC CE,Criciuma EC SC,2026-10-08T22:30:00+00:00,25.3155,soccer.asian_handicap,period=ft,home,handicap=-0.5,2.65
2026-10-09T00:04:41.070738+02:00,36609426,Brasileiro Serie B,Brazil,Ceara SC CE,Criciuma EC SC,2026-10-08T22:30:00+00:00,25.3155,soccer.asian_handicap,period=ft,away,handicap=-0.5,1.48
2026-10-09T00:04:41.070738+02:00,36609426,Brasileiro Serie B,Brazil,Ceara SC CE,Criciuma EC SC,2026-10-08T22:30:00+00:00,25.3155,soccer.asian_handicap,period=ft,home,handicap=-0.25,2.25
2026-10-09T00:04:41.070738+02:00,36609426,Brasileiro Serie B,Brazil,Ceara SC CE,Criciuma EC SC,2026-10-08T22:30:00+00:00,25.3155,soccer.asian_handicap,period=ft,away,handicap=-0.25,1.64
2026-10-09T00:04:41.070738+02:00,36609426,Brasileiro Serie B,Brazil,Ceara SC CE,Criciuma EC SC,2026-10-08T22:30:00+00:00,25.3155,soccer.asian_handicap,period=ft,home,handicap=0.25,1.61
2026-10-09T00:04:41.070738+02:00,36609426,Brasileiro Serie B,Brazil,Ceara SC CE,Criciuma EC SC,2026-10-08T22:30:00+00:00,25.3155,soccer.asian_handicap,period=ft,away,handicap=0.25,2.3
2026-10-09T00:04:41.070738+02:00,36609426,Brasileiro Serie B,Brazil,Ceara SC CE,Criciuma EC SC,2026-10-08T22:30:00+00:00,25.3155,soccer.asian_handicap,period=ft,home,handicap=0.5,1.46
2026-10-09T00:04:41.070738+02:00,36609426,Brasileiro Serie B,Brazil,Ceara SC CE,Criciuma EC SC,2026-10-08T22:30:00+00:00,25.3155,soccer.asian_handicap,period=ft,away,handicap=0.5,2.7
2026-10-09T00:04:41.070738+02:00,36609426,Brasileiro Serie B,Brazil,Ceara SC CE,Criciuma EC SC,2026-10-08T22:30:00+00:00,25.3155,soccer.asian_handicap,period=ft,home,handicap=0.75,1.31
2026-10-09T00:04:41.070738+02:00,36609426,Brasileiro Serie B,Brazil,Ceara SC CE,Criciuma EC SC,2026-10-08T22:30:00+00:00,25.3155,soccer.asian_handicap,period=ft,away,handicap=0.75,3.4
2026-10-09T00:04:41.070738+02:00,36609426,Brasileiro Serie B,Brazil,Ceara SC CE,Criciuma EC SC,2026-10-08T22:30:00+00:00,25.3155,soccer.asian_handicap,period=ft,home,handicap=1,1.17
2026-10-09T00:04:41.070738+02:00,36609426,Brasileiro Serie B,Brazil,Ceara SC CE,Criciuma EC SC,2026-10-08T22:30:00+00:00,25.3155,soccer.asian_handicap,period=ft,away,handicap=1,5.05
2026-10-09T00:04:41.070738+02:00,36609426,Brasileiro Serie B,Brazil,Ceara SC CE,Criciuma EC SC,2026-10-08T22:30:00+00:00,25.3155,soccer.double_chance,period=ft,draw_away,,1.47
2026-10-09T00:04:41.070738+02:00,36609426,Brasileiro Serie B,Brazil,Ceara SC CE,Criciuma EC SC,2026-10-08T22:30:00+00:00,25.3155,soccer.double_chance,period=ft,home_away,,1.35
2026-10-09T00:04:41.070738+02:00,36609426,Brasileiro Serie B,Brazil,Ceara SC CE,Criciuma EC SC,2026-10-08T22:30:00+00:00,25.3155,soccer.double_chance,period=ft,home_draw,,1.45
2026-10-09T00:04:41.070738+02:00,36609426,Brasileiro Serie B,Brazil,Ceara SC CE,Criciuma EC SC,2026-10-08T22:30:00+00:00,25.3155,soccer.match_odds,period=ft,home,,2.65
2026-10-09T00:04:41.070738+02:00,36609426,Brasileiro Serie B,Brazil,Ceara SC CE,Criciuma EC SC,2026-10-08T22:30:00+00:00,25.3155,soccer.match_odds,period=ft,draw,,3.15
2026-10-09T00:04:41.070738+02:00,36609426,Brasileiro Serie B,Brazil,Ceara SC CE,Criciuma EC SC,2026-10-08T22:30:00+00:00,25.3155,soccer.match_odds,period=ft,away,,2.75
2026-10-09T00:04:41.070738+02:00,36609426,Brasileiro Serie B,Brazil,Ceara SC CE,Criciuma EC SC,2026-10-08T22:30:00+00:00,25.3155,soccer.total_goals,period=ft,over,total=2.25,2.03
2026-10-09T00:04:41.070738+02:00,36609426,Brasileiro Serie B,Brazil,Ceara SC CE,Criciuma EC SC,2026-10-08T22:30:00+00:00,25.3155,soccer.total_goals,period=ft,under,total=2.25,1.8
2026-10-09T00:04:41.070738+02:00,36609426,Brasileiro Serie B,Brazil,Ceara SC CE,Criciuma EC SC,2026-10-08T22:30:00+00:00,25.3155,soccer.total_goals,period=ft,over,total=1.5,1.4
2026-10-09T00:04:41.070738+02:00,36609426,Brasileiro Serie B,Brazil,Ceara SC CE,Criciuma EC SC,2026-10-08T22:30:00+00:00,25.3155,soccer.total_goals,period=ft,under,total=1.5,2.9
2026-10-09T00:04:41.070738+02:00,36609426,Brasileiro Serie B,Brazil,Ceara SC CE,Criciuma EC SC,2026-10-08T22:30:00+00:00,25.3155,soccer.total_goals,period=ft,over,total=1.75,1.52
2026-10-09T00:04:41.070738+02:00,36609426,Brasileiro Serie B,Brazil,Ceara SC CE,Criciuma EC SC,2026-10-08T22:30:00+00:00,25.3155,soccer.total_goals,period=ft,under,total=1.75,2.5
2026-10-09T00:04:41.070738+02:00,36609426,Brasileiro Serie B,Brazil,Ceara SC CE,Criciuma EC SC,2026-10-08T22:30:00+00:00,25.3155,soccer.total_goals,period=ft,over,total=2,1.71
2026-10-09T00:04:41.070738+02:00,36609426,Brasileiro Serie B,Brazil,Ceara SC CE,Criciuma EC SC,2026-10-08T22:30:00+00:00,25.3155,soccer.total_goals,period=ft,under,total=2,2.14
2026-10-09T00:04:41.070738+02:00,36609426,Brasileiro Serie B,Brazil,Ceara SC CE,Criciuma EC SC,2026-10-08T22:30:00+00:00,25.3155,soccer.total_goals,period=ft,over,total=2.5,2.3
2026-10-09T00:04:41.070738+02:00,36609426,Brasileiro Serie B,Brazil,Ceara SC CE,Criciuma EC SC,2026-10-08T22:30:00+00:00,25.3155,soccer.total_goals,period=ft,under,total=2.5,1.6
2026-10-09T00:04:41.070738+02:00,36609426,Brasileiro Serie B,Brazil,Ceara SC CE,Criciuma EC SC,2026-10-08T22:30:00+00:00,25.3155,soccer.total_goals,period=ft,over,total=2.75,2.75
2026-10-09T00:04:41.070738+02:00,36609426,Brasileiro Serie B,Brazil,Ceara SC CE,Criciuma EC SC,2026-10-08T22:30:00+00:00,25.3155,soccer.total_goals,period=ft,under,total=2.75,1.44
2026-10-09T00:04:41.070738+02:00,36609426,Brasileiro Serie B,Brazil,Ceara SC CE,Criciuma EC SC,2026-10-08T22:30:00+00:00,25.3155,soccer.total_goals,period=ft,over,total=3.5,4.4
2026-10-09T00:04:41.070738+02:00,36609426,Brasileiro Serie B,Brazil,Ceara SC CE,Criciuma EC SC,2026-10-08T22:30:00+00:00,25.3155,soccer.total_goals,period=ft,under,total=3.5,1.2
2026-10-09T00:04:41.070738+02:00,36609429,Brasileiro Serie B,Brazil,Nautico PE,Gremio Novorizontino SP,2026-10-08T22:30:00+00:00,25.3155,soccer.asian_handicap,period=ft,home,handicap=0.75,1.89
2026-10-09T00:04:41.070738+02:00,36609429,Brasileiro Serie B,Brazil,Nautico PE,Gremio Novorizontino SP,2026-10-08T22:30:00+00:00,25.3155,soccer.asian_handicap,period=ft,away,handicap=0.75,1.96
2026-10-09T00:04:41.070738+02:00,36609429,Brasileiro Serie B,Brazil,Nautico PE,Gremio Novorizontino SP,2026-10-08T22:30:00+00:00,25.3155,soccer.asian_handicap,period=ft,home,handicap=-0.25,3.9
2026-10-09T00:04:41.070738+02:00,36609429,Brasileiro Serie B,Brazil,Nautico PE,Gremio Novorizontino SP,2026-10-08T22:30:00+00:00,25.3155,soccer.asian_handicap,period=ft,away,handicap=-0.25,1.25
2026-10-09T00:04:41.070738+02:00,36609429,Brasileiro Serie B,Brazil,Nautico PE,Gremio Novorizontino SP,2026-10-08T22:30:00+00:00,25.3155,soccer.asian_handicap,period=ft,home,handicap=0,3.4
2026-10-09T00:04:41.070738+02:00,36609429,Brasileiro Serie B,Brazil,Nautico PE,Gremio Novorizontino SP,2026-10-08T22:30:00+00:00,25.3155,soccer.asian_handicap,period=ft,away,handicap=0,1.31
2026-10-09T00:04:41.070738+02:00,36609429,Brasileiro Serie B,Brazil,Nautico PE,Gremio Novorizontino SP,2026-10-08T22:30:00+00:00,25.3155,soccer.asian_handicap,period=ft,home,handicap=0.25,2.55
2026-10-09T00:04:41.070738+02:00,36609429,Brasileiro Serie B,Brazil,Nautico PE,Gremio Novorizontino SP,2026-10-08T22:30:00+00:00,25.3155,soccer.asian_handicap,period=ft,away,handicap=0.25,1.52
2026-10-09T00:04:41.070738+02:00,36609429,Brasileiro Serie B,Brazil,Nautico PE,Gremio Novorizontino SP,2026-10-08T22:30:00+00:00,25.3155,soccer.asian_handicap,period=ft,home,handicap=0.5,2.13
2026-10-09T00:04:41.070738+02:00,36609429,Brasileiro Serie B,Brazil,Nautico PE,Gremio Novorizontino SP,2026-10-08T22:30:00+00:00,25.3155,soccer.asian_handicap,period=ft,away,handicap=0.5,1.73
2026-10-09T00:04:41.070738+02:00,36609429,Brasileiro Serie B,Brazil,Nautico PE,Gremio Novorizontino SP,2026-10-08T22:30:00+00:00,25.3155,soccer.asian_handicap,period=ft,home,handicap=1,1.63
2026-10-09T00:04:41.070738+02:00,36609429,Brasileiro Serie B,Brazil,Nautico PE,Gremio Novorizontino SP,2026-10-08T22:30:00+00:00,25.3155,soccer.asian_handicap,period=ft,away,handicap=1,2.3
2026-10-09T00:04:41.070738+02:00,36609429,Brasileiro Serie B,Brazil,Nautico PE,Gremio Novorizontino SP,2026-10-08T22:30:00+00:00,25.3155,soccer.asian_handicap,period=ft,home,handicap=1.25,1.49
2026-10-09T00:04:41.070738+02:00,36609429,Brasileiro Serie B,Brazil,Nautico PE,Gremio Novorizontino SP,2026-10-08T22:30:00+00:00,25.3155,soccer.asian_handicap,period=ft,away,handicap=1.25,2.65
2026-10-09T00:04:41.070738+02:00,36609429,Brasileiro Serie B,Brazil,Nautico PE,Gremio Novorizontino SP,2026-10-08T22:30:00+00:00,25.3155,soccer.asian_handicap,period=ft,home,handicap=1.5,1.39
2026-10-09T00:04:41.070738+02:00,36609429,Brasileiro Serie B,Brazil,Nautico PE,Gremio Novorizontino SP,2026-10-08T22:30:00+00:00,25.3155,soccer.asian_handicap,period=ft,away,handicap=1.5,2.95
2026-10-09T00:04:41.070738+02:00,36609429,Brasileiro Serie B,Brazil,Nautico PE,Gremio Novorizontino SP,2026-10-08T22:30:00+00:00,25.3155,soccer.asian_handicap,period=ft,home,handicap=1.75,1.27
2026-10-09T00:04:41.070738+02:00,36609429,Brasileiro Serie B,Brazil,Nautico PE,Gremio Novorizontino SP,2026-10-08T22:30:00+00:00,25.3155,soccer.asian_handicap,period=ft,away,handicap=1.75,3.7
2026-10-09T00:04:41.070738+02:00,36609429,Brasileiro Serie B,Brazil,Nautico PE,Gremio Novorizontino SP,2026-10-08T22:30:00+00:00,25.3155,soccer.double_chance,period=ft,draw_away,,1.21
2026-10-09T00:04:41.070738+02:00,36609429,Brasileiro Serie B,Brazil,Nautico PE,Gremio Novorizontino SP,2026-10-08T22:30:00+00:00,25.3155,soccer.double_chance,period=ft,home_away,,1.25
2026-10-09T00:04:41.070738+02:00,36609429,Brasileiro Serie B,Brazil,Nautico PE,Gremio Novorizontino SP,2026-10-08T22:30:00+00:00,25.3155,soccer.double_chance,period=ft,home_draw,,2.11
2026-10-09T00:04:41.070738+02:00,36609429,Brasileiro Serie B,Brazil,Nautico PE,Gremio Novorizontino SP,2026-10-08T22:30:00+00:00,25.3155,soccer.match_odds,period=ft,home,,4.45
2026-10-09T00:04:41.070738+02:00,36609429,Brasileiro Serie B,Brazil,Nautico PE,Gremio Novorizontino SP,2026-10-08T22:30:00+00:00,25.3155,soccer.match_odds,period=ft,draw,,3.95
2026-10-09T00:04:41.070738+02:00,36609429,Brasileiro Serie B,Brazil,Nautico PE,Gremio Novorizontino SP,2026-10-08T22:30:00+00:00,25.3155,soccer.match_odds,period=ft,away,,1.73
2026-10-09T00:04:41.070738+02:00,36609429,Brasileiro Serie B,Brazil,Nautico PE,Gremio Novorizontino SP,2026-10-08T22:30:00+00:00,25.3155,soccer.total_goals,period=ft,over,total=2.75,1.99
2026-10-09T00:04:41.070738+02:00,36609429,Brasileiro Serie B,Brazil,Nautico PE,Gremio Novorizontino SP,2026-10-08T22:30:00+00:00,25.3155,soccer.total_goals,period=ft,under,total=2.75,1.84
2026-10-09T00:04:41.070738+02:00,36609429,Brasileiro Serie B,Brazil,Nautico PE,Gremio Novorizontino SP,2026-10-08T22:30:00+00:00,25.3155,soccer.total_goals,period=ft,over,total=1.5,1.23
2026-10-09T00:04:41.070738+02:00,36609429,Brasileiro Serie B,Brazil,Nautico PE,Gremio Novorizontino SP,2026-10-08T22:30:00+00:00,25.3155,soccer.total_goals,period=ft,under,total=1.5,4.0
2026-10-09T00:04:41.070738+02:00,36609429,Brasileiro Serie B,Brazil,Nautico PE,Gremio Novorizontino SP,2026-10-08T22:30:00+00:00,25.3155,soccer.total_goals,period=ft,over,total=2.25,1.56
2026-10-09T00:04:41.070738+02:00,36609429,Brasileiro Serie B,Brazil,Nautico PE,Gremio Novorizontino SP,2026-10-08T22:30:00+00:00,25.3155,soccer.total_goals,period=ft,under,total=2.25,2.4
2026-10-09T00:04:41.070738+02:00,36609429,Brasileiro Serie B,Brazil,Nautico PE,Gremio Novorizontino SP,2026-10-08T22:30:00+00:00,25.3155,soccer.total_goals,period=ft,over,total=2.5,1.77
2026-10-09T00:04:41.070738+02:00,36609429,Brasileiro Serie B,Brazil,Nautico PE,Gremio Novorizontino SP,2026-10-08T22:30:00+00:00,25.3155,soccer.total_goals,period=ft,under,total=2.5,2.05
2026-10-09T00:04:41.070738+02:00,36609429,Brasileiro Serie B,Brazil,Nautico PE,Gremio Novorizontino SP,2026-10-08T22:30:00+00:00,25.3155,soccer.total_goals,period=ft,over,total=3,2.3
2026-10-09T00:04:41.070738+02:00,36609429,Brasileiro Serie B,Brazil,Nautico PE,Gremio Novorizontino SP,2026-10-08T22:30:00+00:00,25.3155,soccer.total_goals,period=ft,under,total=3,1.61
2026-10-09T00:04:41.070738+02:00,36609429,Brasileiro Serie B,Brazil,Nautico PE,Gremio Novorizontino SP,2026-10-08T22:30:00+00:00,25.3155,soccer.total_goals,period=ft,over,total=3.25,2.6
2026-10-09T00:04:41.070738+02:00,36609429,Brasileiro Serie B,Brazil,Nautico PE,Gremio Novorizontino SP,2026-10-08T22:30:00+00:00,25.3155,soccer.total_goals,period=ft,under,total=3.25,1.48
2026-10-09T00:04:41.070738+02:00,36609429,Brasileiro Serie B,Brazil,Nautico PE,Gremio Novorizontino SP,2026-10-08T22:30:00+00:00,25.3155,soccer.total_goals,period=ft,over,total=3.5,2.9
2026-10-09T00:04:41.070738+02:00,36609429,Brasileiro Serie B,Brazil,Nautico PE,Gremio Novorizontino SP,2026-10-08T22:30:00+00:00,25.3155,soccer.total_goals,period=ft,under,total=3.5,1.39
2026-10-09T00:04:41.070738+02:00,36609429,Brasileiro Serie B,Brazil,Nautico PE,Gremio Novorizontino SP,2026-10-08T22:30:00+00:00,25.3155,soccer.total_goals,period=ft,over,total=4.5,5.55
2026-10-09T00:04:41.070738+02:00,36609429,Brasileiro Serie B,Brazil,Nautico PE,Gremio Novorizontino SP,2026-10-08T22:30:00+00:00,25.3155,soccer.total_goals,period=ft,under,total=4.5,1.14
2026-10-09T00:06:44.601016+02:00,36698652,Brazil Campeonato Paraibano (PB) Division 2,Brazil,AD Guarabira,Auto EC (PB),2026-10-08T22:30:00+00:00,23.2566,soccer.asian_handicap,period=ft,home,handicap=0,1.76
2026-10-09T00:06:44.601016+02:00,36698652,Brazil Campeonato Paraibano (PB) Division 2,Brazil,AD Guarabira,Auto EC (PB),2026-10-08T22:30:00+00:00,23.2566,soccer.asian_handicap,period=ft,away,handicap=0,1.95
2026-10-09T00:06:44.601016+02:00,36698652,Brazil Campeonato Paraibano (PB) Division 2,Brazil,AD Guarabira,Auto EC (PB),2026-10-08T22:30:00+00:00,23.2566,soccer.asian_handicap,period=ft,home,handicap=-0.75,2.85
2026-10-09T00:06:44.601016+02:00,36698652,Brazil Campeonato Paraibano (PB) Division 2,Brazil,AD Guarabira,Auto EC (PB),2026-10-08T22:30:00+00:00,23.2566,soccer.asian_handicap,period=ft,away,handicap=-0.75,1.33
2026-10-09T00:06:44.601016+02:00,36698652,Brazil Campeonato Paraibano (PB) Division 2,Brazil,AD Guarabira,Auto EC (PB),2026-10-08T22:30:00+00:00,23.2566,soccer.asian_handicap,period=ft,home,handicap=-0.5,2.35
2026-10-09T00:06:44.601016+02:00,36698652,Brazil Campeonato Paraibano (PB) Division 2,Brazil,AD Guarabira,Auto EC (PB),2026-10-08T22:30:00+00:00,23.2566,soccer.asian_handicap,period=ft,away,handicap=-0.5,1.47
2026-10-09T00:06:44.601016+02:00,36698652,Brazil Campeonato Paraibano (PB) Division 2,Brazil,AD Guarabira,Auto EC (PB),2026-10-08T22:30:00+00:00,23.2566,soccer.asian_handicap,period=ft,home,handicap=-0.25,2.07
2026-10-09T00:06:44.601016+02:00,36698652,Brazil Campeonato Paraibano (PB) Division 2,Brazil,AD Guarabira,Auto EC (PB),2026-10-08T22:30:00+00:00,23.2566,soccer.asian_handicap,period=ft,away,handicap=-0.25,1.64
2026-10-09T00:06:44.601016+02:00,36698652,Brazil Campeonato Paraibano (PB) Division 2,Brazil,AD Guarabira,Auto EC (PB),2026-10-08T22:30:00+00:00,23.2566,soccer.asian_handicap,period=ft,home,handicap=0.25,1.53
2026-10-09T00:06:44.601016+02:00,36698652,Brazil Campeonato Paraibano (PB) Division 2,Brazil,AD Guarabira,Auto EC (PB),2026-10-08T22:30:00+00:00,23.2566,soccer.asian_handicap,period=ft,away,handicap=0.25,2.25
2026-10-09T00:06:44.601016+02:00,36698652,Brazil Campeonato Paraibano (PB) Division 2,Brazil,AD Guarabira,Auto EC (PB),2026-10-08T22:30:00+00:00,23.2566,soccer.asian_handicap,period=ft,home,handicap=0.5,1.39
2026-10-09T00:06:44.601016+02:00,36698652,Brazil Campeonato Paraibano (PB) Division 2,Brazil,AD Guarabira,Auto EC (PB),2026-10-08T22:30:00+00:00,23.2566,soccer.asian_handicap,period=ft,away,handicap=0.5,2.6
2026-10-09T00:06:44.601016+02:00,36698652,Brazil Campeonato Paraibano (PB) Division 2,Brazil,AD Guarabira,Auto EC (PB),2026-10-08T22:30:00+00:00,23.2566,soccer.asian_handicap,period=ft,home,handicap=0.75,1.27
2026-10-09T00:06:44.601016+02:00,36698652,Brazil Campeonato Paraibano (PB) Division 2,Brazil,AD Guarabira,Auto EC (PB),2026-10-08T22:30:00+00:00,23.2566,soccer.asian_handicap,period=ft,away,handicap=0.75,3.15
2026-10-09T00:06:44.601016+02:00,36698652,Brazil Campeonato Paraibano (PB) Division 2,Brazil,AD Guarabira,Auto EC (PB),2026-10-08T22:30:00+00:00,23.2566,soccer.total_goals,period=ft,over,total=2.5,1.91
2026-10-09T00:06:44.601016+02:00,36698652,Brazil Campeonato Paraibano (PB) Division 2,Brazil,AD Guarabira,Auto EC (PB),2026-10-08T22:30:00+00:00,23.2566,soccer.total_goals,period=ft,under,total=2.5,1.79
2026-10-09T00:06:44.601016+02:00,36698652,Brazil Campeonato Paraibano (PB) Division 2,Brazil,AD Guarabira,Auto EC (PB),2026-10-08T22:30:00+00:00,23.2566,soccer.total_goals,period=ft,over,total=1.75,1.32
2026-10-09T00:06:44.601016+02:00,36698652,Brazil Campeonato Paraibano (PB) Division 2,Brazil,AD Guarabira,Auto EC (PB),2026-10-08T22:30:00+00:00,23.2566,soccer.total_goals,period=ft,under,total=1.75,2.9
2026-10-09T00:06:44.601016+02:00,36698652,Brazil Campeonato Paraibano (PB) Division 2,Brazil,AD Guarabira,Auto EC (PB),2026-10-08T22:30:00+00:00,23.2566,soccer.total_goals,period=ft,over,total=2,1.42
2026-10-09T00:06:44.601016+02:00,36698652,Brazil Campeonato Paraibano (PB) Division 2,Brazil,AD Guarabira,Auto EC (PB),2026-10-08T22:30:00+00:00,23.2566,soccer.total_goals,period=ft,under,total=2,2.5
2026-10-09T00:06:44.601016+02:00,36698652,Brazil Campeonato Paraibano (PB) Division 2,Brazil,AD Guarabira,Auto EC (PB),2026-10-08T22:30:00+00:00,23.2566,soccer.total_goals,period=ft,over,total=2.25,1.66
2026-10-09T00:06:44.601016+02:00,36698652,Brazil Campeonato Paraibano (PB) Division 2,Brazil,AD Guarabira,Auto EC (PB),2026-10-08T22:30:00+00:00,23.2566,soccer.total_goals,period=ft,under,total=2.25,2.04
2026-10-09T00:06:44.601016+02:00,36698652,Brazil Campeonato Paraibano (PB) Division 2,Brazil,AD Guarabira,Auto EC (PB),2026-10-08T22:30:00+00:00,23.2566,soccer.total_goals,period=ft,over,total=2.75,2.15
2026-10-09T00:06:44.601016+02:00,36698652,Brazil Campeonato Paraibano (PB) Division 2,Brazil,AD Guarabira,Auto EC (PB),2026-10-08T22:30:00+00:00,23.2566,soccer.total_goals,period=ft,under,total=2.75,1.6
2026-10-09T00:06:44.601016+02:00,36698652,Brazil Campeonato Paraibano (PB) Division 2,Brazil,AD Guarabira,Auto EC (PB),2026-10-08T22:30:00+00:00,23.2566,soccer.total_goals,period=ft,over,total=3,2.55
2026-10-09T00:06:44.601016+02:00,36698652,Brazil Campeonato Paraibano (PB) Division 2,Brazil,AD Guarabira,Auto EC (PB),2026-10-08T22:30:00+00:00,23.2566,soccer.total_goals,period=ft,under,total=3,1.41
2026-10-09T00:06:44.601016+02:00,36698652,Brazil Campeonato Paraibano (PB) Division 2,Brazil,AD Guarabira,Auto EC (PB),2026-10-08T22:30:00+00:00,23.2566,soccer.total_goals,period=ft,over,total=3.25,2.85
2026-10-09T00:06:44.601016+02:00,36698652,Brazil Campeonato Paraibano (PB) Division 2,Brazil,AD Guarabira,Auto EC (PB),2026-10-08T22:30:00+00:00,23.2566,soccer.total_goals,period=ft,under,total=3.25,1.33
2026-10-09T00:06:44.601016+02:00,36609426,Brasileiro Serie B,Brazil,Ceara SC CE,Criciuma EC SC,2026-10-08T22:30:00+00:00,23.2566,soccer.asian_handicap,period=ft,home,handicap=0,1.89
2026-10-09T00:06:44.601016+02:00,36609426,Brasileiro Serie B,Brazil,Ceara SC CE,Criciuma EC SC,2026-10-08T22:30:00+00:00,23.2566,soccer.asian_handicap,period=ft,away,handicap=0,1.95
2026-10-09T00:06:44.601016+02:00,36609426,Brasileiro Serie B,Brazil,Ceara SC CE,Criciuma EC SC,2026-10-08T22:30:00+00:00,23.2566,soccer.asian_handicap,period=ft,home,handicap=-1,4.75
2026-10-09T00:06:44.601016+02:00,36609426,Brasileiro Serie B,Brazil,Ceara SC CE,Criciuma EC SC,2026-10-08T22:30:00+00:00,23.2566,soccer.asian_handicap,period=ft,away,handicap=-1,1.18
2026-10-09T00:06:44.601016+02:00,36609426,Brasileiro Serie B,Brazil,Ceara SC CE,Criciuma EC SC,2026-10-08T22:30:00+00:00,23.2566,soccer.asian_handicap,period=ft,home,handicap=-0.75,3.3
2026-10-09T00:06:44.601016+02:00,36609426,Brasileiro Serie B,Brazil,Ceara SC CE,Criciuma EC SC,2026-10-08T22:30:00+00:00,23.2566,soccer.asian_handicap,period=ft,away,handicap=-0.75,1.33
2026-10-09T00:06:44.601016+02:00,36609426,Brasileiro Serie B,Brazil,Ceara SC CE,Criciuma EC SC,2026-10-08T22:30:00+00:00,23.2566,soccer.asian_handicap,period=ft,home,handicap=-0.5,2.65
2026-10-09T00:06:44.601016+02:00,36609426,Brasileiro Serie B,Brazil,Ceara SC CE,Criciuma EC SC,2026-10-08T22:30:00+00:00,23.2566,soccer.asian_handicap,period=ft,away,handicap=-0.5,1.48
2026-10-09T00:06:44.601016+02:00,36609426,Brasileiro Serie B,Brazil,Ceara SC CE,Criciuma EC SC,2026-10-08T22:30:00+00:00,23.2566,soccer.asian_handicap,period=ft,home,handicap=-0.25,2.25
2026-10-09T00:06:44.601016+02:00,36609426,Brasileiro Serie B,Brazil,Ceara SC CE,Criciuma EC SC,2026-10-08T22:30:00+00:00,23.2566,soccer.asian_handicap,period=ft,away,handicap=-0.25,1.64
2026-10-09T00:06:44.601016+02:00,36609426,Brasileiro Serie B,Brazil,Ceara SC CE,Criciuma EC SC,2026-10-08T22:30:00+00:00,23.2566,soccer.asian_handicap,period=ft,home,handicap=0.25,1.61
2026-10-09T00:06:44.601016+02:00,36609426,Brasileiro Serie B,Brazil,Ceara SC CE,Criciuma EC SC,2026-10-08T22:30:00+00:00,23.2566,soccer.asian_handicap,period=ft,away,handicap=0.25,2.3
2026-10-09T00:06:44.601016+02:00,36609426,Brasileiro Serie B,Brazil,Ceara SC CE,Criciuma EC SC,2026-10-08T22:30:00+00:00,23.2566,soccer.asian_handicap,period=ft,home,handicap=0.5,1.46
2026-10-09T00:06:44.601016+02:00,36609426,Brasileiro Serie B,Brazil,Ceara SC CE,Criciuma EC SC,2026-10-08T22:30:00+00:00,23.2566,soccer.asian_handicap,period=ft,away,handicap=0.5,2.7
2026-10-09T00:06:44.601016+02:00,36609426,Brasileiro Serie B,Brazil,Ceara SC CE,Criciuma EC SC,2026-10-08T22:30:00+00:00,23.2566,soccer.asian_handicap,period=ft,home,handicap=0.75,1.31
2026-10-09T00:06:44.601016+02:00,36609426,Brasileiro Serie B,Brazil,Ceara SC CE,Criciuma EC SC,2026-10-08T22:30:00+00:00,23.2566,soccer.asian_handicap,period=ft,away,handicap=0.75,3.4
2026-10-09T00:06:44.601016+02:00,36609426,Brasileiro Serie B,Brazil,Ceara SC CE,Criciuma EC SC,2026-10-08T22:30:00+00:00,23.2566,soccer.asian_handicap,period=ft,home,handicap=1,1.17
2026-10-09T00:06:44.601016+02:00,36609426,Brasileiro Serie B,Brazil,Ceara SC CE,Criciuma EC SC,2026-10-08T22:30:00+00:00,23.2566,soccer.asian_handicap,period=ft,away,handicap=1,5.05
2026-10-09T00:06:44.601016+02:00,36609426,Brasileiro Serie B,Brazil,Ceara SC CE,Criciuma EC SC,2026-10-08T22:30:00+00:00,23.2566,soccer.double_chance,period=ft,draw_away,,1.47
2026-10-09T00:06:44.601016+02:00,36609426,Brasileiro Serie B,Brazil,Ceara SC CE,Criciuma EC SC,2026-10-08T22:30:00+00:00,23.2566,soccer.double_chance,period=ft,home_away,,1.35
2026-10-09T00:06:44.601016+02:00,36609426,Brasileiro Serie B,Brazil,Ceara SC CE,Criciuma EC SC,2026-10-08T22:30:00+00:00,23.2566,soccer.double_chance,period=ft,home_draw,,1.45
2026-10-09T00:06:44.601016+02:00,36609426,Brasileiro Serie B,Brazil,Ceara SC CE,Criciuma EC SC,2026-10-08T22:30:00+00:00,23.2566,soccer.match_odds,period=ft,home,,2.65
2026-10-09T00:06:44.601016+02:00,36609426,Brasileiro Serie B,Brazil,Ceara SC CE,Criciuma EC SC,2026-10-08T22:30:00+00:00,23.2566,soccer.match_odds,period=ft,draw,,3.15
2026-10-09T00:06:44.601016+02:00,36609426,Brasileiro Serie B,Brazil,Ceara SC CE,Criciuma EC SC,2026-10-08T22:30:00+00:00,23.2566,soccer.match_odds,period=ft,away,,2.75
2026-10-09T00:06:44.601016+02:00,36609426,Brasileiro Serie B,Brazil,Ceara SC CE,Criciuma EC SC,2026-10-08T22:30:00+00:00,23.2566,soccer.total_goals,period=ft,over,total=2.25,2.03
2026-10-09T00:06:44.601016+02:00,36609426,Brasileiro Serie B,Brazil,Ceara SC CE,Criciuma EC SC,2026-10-08T22:30:00+00:00,23.2566,soccer.total_goals,period=ft,under,total=2.25,1.8
2026-10-09T00:06:44.601016+02:00,36609426,Brasileiro Serie B,Brazil,Ceara SC CE,Criciuma EC SC,2026-10-08T22:30:00+00:00,23.2566,soccer.total_goals,period=ft,over,total=1.5,1.4
2026-10-09T00:06:44.601016+02:00,36609426,Brasileiro Serie B,Brazil,Ceara SC CE,Criciuma EC SC,2026-10-08T22:30:00+00:00,23.2566,soccer.total_goals,period=ft,under,total=1.5,2.9
2026-10-09T00:06:44.601016+02:00,36609426,Brasileiro Serie B,Brazil,Ceara SC CE,Criciuma EC SC,2026-10-08T22:30:00+00:00,23.2566,soccer.total_goals,period=ft,over,total=1.75,1.52
2026-10-09T00:06:44.601016+02:00,36609426,Brasileiro Serie B,Brazil,Ceara SC CE,Criciuma EC SC,2026-10-08T22:30:00+00:00,23.2566,soccer.total_goals,period=ft,under,total=1.75,2.5
2026-10-09T00:06:44.601016+02:00,36609426,Brasileiro Serie B,Brazil,Ceara SC CE,Criciuma EC SC,2026-10-08T22:30:00+00:00,23.2566,soccer.total_goals,period=ft,over,total=2,1.71
2026-10-09T00:06:44.601016+02:00,36609426,Brasileiro Serie B,Brazil,Ceara SC CE,Criciuma EC SC,2026-10-08T22:30:00+00:00,23.2566,soccer.total_goals,period=ft,under,total=2,2.14
2026-10-09T00:06:44.601016+02:00,36609426,Brasileiro Serie B,Brazil,Ceara SC CE,Criciuma EC SC,2026-10-08T22:30:00+00:00,23.2566,soccer.total_goals,period=ft,over,total=2.5,2.3
2026-10-09T00:06:44.601016+02:00,36609426,Brasileiro Serie B,Brazil,Ceara SC CE,Criciuma EC SC,2026-10-08T22:30:00+00:00,23.2566,soccer.total_goals,period=ft,under,total=2.5,1.6
2026-10-09T00:06:44.601016+02:00,36609426,Brasileiro Serie B,Brazil,Ceara SC CE,Criciuma EC SC,2026-10-08T22:30:00+00:00,23.2566,soccer.total_goals,period=ft,over,total=2.75,2.75
2026-10-09T00:06:44.601016+02:00,36609426,Brasileiro Serie B,Brazil,Ceara SC CE,Criciuma EC SC,2026-10-08T22:30:00+00:00,23.2566,soccer.total_goals,period=ft,under,total=2.75,1.44
2026-10-09T00:06:44.601016+02:00,36609426,Brasileiro Serie B,Brazil,Ceara SC CE,Criciuma EC SC,2026-10-08T22:30:00+00:00,23.2566,soccer.total_goals,period=ft,over,total=3.5,4.4
2026-10-09T00:06:44.601016+02:00,36609426,Brasileiro Serie B,Brazil,Ceara SC CE,Criciuma EC SC,2026-10-08T22:30:00+00:00,23.2566,soccer.total_goals,period=ft,under,total=3.5,1.2
2026-10-09T00:06:44.601016+02:00,36609429,Brasileiro Serie B,Brazil,Nautico PE,Gremio Novorizontino SP,2026-10-08T22:30:00+00:00,23.2566,soccer.asian_handicap,period=ft,home,handicap=0.75,1.89
2026-10-09T00:06:44.601016+02:00,36609429,Brasileiro Serie B,Brazil,Nautico PE,Gremio Novorizontino SP,2026-10-08T22:30:00+00:00,23.2566,soccer.asian_handicap,period=ft,away,handicap=0.75,1.96
2026-10-09T00:06:44.601016+02:00,36609429,Brasileiro Serie B,Brazil,Nautico PE,Gremio Novorizontino SP,2026-10-08T22:30:00+00:00,23.2566,soccer.asian_handicap,period=ft,home,handicap=-0.25,3.9
2026-10-09T00:06:44.601016+02:00,36609429,Brasileiro Serie B,Brazil,Nautico PE,Gremio Novorizontino SP,2026-10-08T22:30:00+00:00,23.2566,soccer.asian_handicap,period=ft,away,handicap=-0.25,1.25
2026-10-09T00:06:44.601016+02:00,36609429,Brasileiro Serie B,Brazil,Nautico PE,Gremio Novorizontino SP,2026-10-08T22:30:00+00:00,23.2566,soccer.asian_handicap,period=ft,home,handicap=0,3.4
2026-10-09T00:06:44.601016+02:00,36609429,Brasileiro Serie B,Brazil,Nautico PE,Gremio Novorizontino SP,2026-10-08T22:30:00+00:00,23.2566,soccer.asian_handicap,period=ft,away,handicap=0,1.31
2026-10-09T00:06:44.601016+02:00,36609429,Brasileiro Serie B,Brazil,Nautico PE,Gremio Novorizontino SP,2026-10-08T22:30:00+00:00,23.2566,soccer.asian_handicap,period=ft,home,handicap=0.25,2.55
2026-10-09T00:06:44.601016+02:00,36609429,Brasileiro Serie B,Brazil,Nautico PE,Gremio Novorizontino SP,2026-10-08T22:30:00+00:00,23.2566,soccer.asian_handicap,period=ft,away,handicap=0.25,1.52
2026-10-09T00:06:44.601016+02:00,36609429,Brasileiro Serie B,Brazil,Nautico PE,Gremio Novorizontino SP,2026-10-08T22:30:00+00:00,23.2566,soccer.asian_handicap,period=ft,home,handicap=0.5,2.13
2026-10-09T00:06:44.601016+02:00,36609429,Brasileiro Serie B,Brazil,Nautico PE,Gremio Novorizontino SP,2026-10-08T22:30:00+00:00,23.2566,soccer.asian_handicap,period=ft,away,handicap=0.5,1.73
2026-10-09T00:06:44.601016+02:00,36609429,Brasileiro Serie B,Brazil,Nautico PE,Gremio Novorizontino SP,2026-10-08T22:30:00+00:00,23.2566,soccer.asian_handicap,period=ft,home,handicap=1,1.63
2026-10-09T00:06:44.601016+02:00,36609429,Brasileiro Serie B,Brazil,Nautico PE,Gremio Novorizontino SP,2026-10-08T22:30:00+00:00,23.2566,soccer.asian_handicap,period=ft,away,handicap=1,2.3
2026-10-09T00:06:44.601016+02:00,36609429,Brasileiro Serie B,Brazil,Nautico PE,Gremio Novorizontino SP,2026-10-08T22:30:00+00:00,23.2566,soccer.asian_handicap,period=ft,home,handicap=1.25,1.49
2026-10-09T00:06:44.601016+02:00,36609429,Brasileiro Serie B,Brazil,Nautico PE,Gremio Novorizontino SP,2026-10-08T22:30:00+00:00,23.2566,soccer.asian_handicap,period=ft,away,handicap=1.25,2.65
2026-10-09T00:06:44.601016+02:00,36609429,Brasileiro Serie B,Brazil,Nautico PE,Gremio Novorizontino SP,2026-10-08T22:30:00+00:00,23.2566,soccer.asian_handicap,period=ft,home,handicap=1.5,1.39
2026-10-09T00:06:44.601016+02:00,36609429,Brasileiro Serie B,Brazil,Nautico PE,Gremio Novorizontino SP,2026-10-08T22:30:00+00:00,23.2566,soccer.asian_handicap,period=ft,away,handicap=1.5,2.95
2026-10-09T00:06:44.601016+02:00,36609429,Brasileiro Serie B,Brazil,Nautico PE,Gremio Novorizontino SP,2026-10-08T22:30:00+00:00,23.2566,soccer.asian_handicap,period=ft,home,handicap=1.75,1.27
2026-10-09T00:06:44.601016+02:00,36609429,Brasileiro Serie B,Brazil,Nautico PE,Gremio Novorizontino SP,2026-10-08T22:30:00+00:00,23.2566,soccer.asian_handicap,period=ft,away,handicap=1.75,3.7
2026-10-09T00:06:44.601016+02:00,36609429,Brasileiro Serie B,Brazil,Nautico PE,Gremio Novorizontino SP,2026-10-08T22:30:00+00:00,23.2566,soccer.double_chance,period=ft,draw_away,,1.21
2026-10-09T00:06:44.601016+02:00,36609429,Brasileiro Serie B,Brazil,Nautico PE,Gremio Novorizontino SP,2026-10-08T22:30:00+00:00,23.2566,soccer.double_chance,period=ft,home_away,,1.25
2026-10-09T00:06:44.601016+02:00,36609429,Brasileiro Serie B,Brazil,Nautico PE,Gremio Novorizontino SP,2026-10-08T22:30:00+00:00,23.2566,soccer.double_chance,period=ft,home_draw,,2.11
2026-10-09T00:06:44.601016+02:00,36609429,Brasileiro Serie B,Brazil,Nautico PE,Gremio Novorizontino SP,2026-10-08T22:30:00+00:00,23.2566,soccer.match_odds,period=ft,home,,4.45
2026-10-09T00:06:44.601016+02:00,36609429,Brasileiro Serie B,Brazil,Nautico PE,Gremio Novorizontino SP,2026-10-08T22:30:00+00:00,23.2566,soccer.match_odds,period=ft,draw,,3.95
2026-10-09T00:06:44.601016+02:00,36609429,Brasileiro Serie B,Brazil,Nautico PE,Gremio Novorizontino SP,2026-10-08T22:30:00+00:00,23.2566,soccer.match_odds,period=ft,away,,1.73
2026-10-09T00:06:44.601016+02:00,36609429,Brasileiro Serie B,Brazil,Nautico PE,Gremio Novorizontino SP,2026-10-08T22:30:00+00:00,23.2566,soccer.total_goals,period=ft,over,total=2.75,1.99
2026-10-09T00:06:44.601016+02:00,36609429,Brasileiro Serie B,Brazil,Nautico PE,Gremio Novorizontino SP,2026-10-08T22:30:00+00:00,23.2566,soccer.total_goals,period=ft,under,total=2.75,1.84
2026-10-09T00:06:44.601016+02:00,36609429,Brasileiro Serie B,Brazil,Nautico PE,Gremio Novorizontino SP,2026-10-08T22:30:00+00:00,23.2566,soccer.total_goals,period=ft,over,total=1.5,1.23
2026-10-09T00:06:44.601016+02:00,36609429,Brasileiro Serie B,Brazil,Nautico PE,Gremio Novorizontino SP,2026-10-08T22:30:00+00:00,23.2566,soccer.total_goals,period=ft,under,total=1.5,4.0
2026-10-09T00:06:44.601016+02:00,36609429,Brasileiro Serie B,Brazil,Nautico PE,Gremio Novorizontino SP,2026-10-08T22:30:00+00:00,23.2566,soccer.total_goals,period=ft,over,total=2.25,1.56
2026-10-09T00:06:44.601016+02:00,36609429,Brasileiro Serie B,Brazil,Nautico PE,Gremio Novorizontino SP,2026-10-08T22:30:00+00:00,23.2566,soccer.total_goals,period=ft,under,total=2.25,2.4
2026-10-09T00:06:44.601016+02:00,36609429,Brasileiro Serie B,Brazil,Nautico PE,Gremio Novorizontino SP,2026-10-08T22:30:00+00:00,23.2566,soccer.total_goals,period=ft,over,total=2.5,1.77
2026-10-09T00:06:44.601016+02:00,36609429,Brasileiro Serie B,Brazil,Nautico PE,Gremio Novorizontino SP,2026-10-08T22:30:00+00:00,23.2566,soccer.total_goals,period=ft,under,total=2.5,2.05
2026-10-09T00:06:44.601016+02:00,36609429,Brasileiro Serie B,Brazil,Nautico PE,Gremio Novorizontino SP,2026-10-08T22:30:00+00:00,23.2566,soccer.total_goals,period=ft,over,total=3,2.3
2026-10-09T00:06:44.601016+02:00,36609429,Brasileiro Serie B,Brazil,Nautico PE,Gremio Novorizontino SP,2026-10-08T22:30:00+00:00,23.2566,soccer.total_goals,period=ft,under,total=3,1.61
2026-10-09T00:06:44.601016+02:00,36609429,Brasileiro Serie B,Brazil,Nautico PE,Gremio Novorizontino SP,2026-10-08T22:30:00+00:00,23.2566,soccer.total_goals,period=ft,over,total=3.25,2.6
2026-10-09T00:06:44.601016+02:00,36609429,Brasileiro Serie B,Brazil,Nautico PE,Gremio Novorizontino SP,2026-10-08T22:30:00+00:00,23.2566,soccer.total_goals,period=ft,under,total=3.25,1.48
2026-10-09T00:06:44.601016+02:00,36609429,Brasileiro Serie B,Brazil,Nautico PE,Gremio Novorizontino SP,2026-10-08T22:30:00+00:00,23.2566,soccer.total_goals,period=ft,over,total=3.5,2.9
2026-10-09T00:06:44.601016+02:00,36609429,Brasileiro Serie B,Brazil,Nautico PE,Gremio Novorizontino SP,2026-10-08T22:30:00+00:00,23.2566,soccer.total_goals,period=ft,under,total=3.5,1.39
2026-10-09T00:06:44.601016+02:00,36609429,Brasileiro Serie B,Brazil,Nautico PE,Gremio Novorizontino SP,2026-10-08T22:30:00+00:00,23.2566,soccer.total_goals,period=ft,over,total=4.5,5.55
2026-10-09T00:06:44.601016+02:00,36609429,Brasileiro Serie B,Brazil,Nautico PE,Gremio Novorizontino SP,2026-10-08T22:30:00+00:00,23.2566,soccer.total_goals,period=ft,under,total=4.5,1.14
2026-10-09T00:06:44.601016+02:00,36626420,"Primera A, Clausura",Colombia,Atletico Nacional Medellin,CD Tolima,2026-10-08T23:05:00+00:00,58.2566,soccer.asian_handicap,period=ft,home,handicap=-0.75,1.96
2026-10-09T00:06:44.601016+02:00,36626420,"Primera A, Clausura",Colombia,Atletico Nacional Medellin,CD Tolima,2026-10-08T23:05:00+00:00,58.2566,soccer.asian_handicap,period=ft,away,handicap=-0.75,1.87
2026-10-09T00:06:44.601016+02:00,36626420,"Primera A, Clausura",Colombia,Atletico Nacional Medellin,CD Tolima,2026-10-08T23:05:00+00:00,58.2566,soccer.asian_handicap,period=ft,home,handicap=-1.75,3.85
2026-10-09T00:06:44.601016+02:00,36626420,"Primera A, Clausura",Colombia,Atletico Nacional Medellin,CD Tolima,2026-10-08T23:05:00+00:00,58.2566,soccer.asian_handicap,period=ft,away,handicap=-1.75,1.25
2026-10-09T00:06:44.601016+02:00,36626420,"Primera A, Clausura",Colombia,Atletico Nacional Medellin,CD Tolima,2026-10-08T23:05:00+00:00,58.2566,soccer.asian_handicap,period=ft,home,handicap=-1.5,3.05
2026-10-09T00:06:44.601016+02:00,36626420,"Primera A, Clausura",Colombia,Atletico Nacional Medellin,CD Tolima,2026-10-08T23:05:00+00:00,58.2566,soccer.asian_handicap,period=ft,away,handicap=-1.5,1.36
2026-10-09T00:06:44.601016+02:00,36626420,"Primera A, Clausura",Colombia,Atletico Nacional Medellin,CD Tolima,2026-10-08T23:05:00+00:00,58.2566,soccer.asian_handicap,period=ft,home,handicap=-1.25,2.7
2026-10-09T00:06:44.601016+02:00,36626420,"Primera A, Clausura",Colombia,Atletico Nacional Medellin,CD Tolima,2026-10-08T23:05:00+00:00,58.2566,soccer.asian_handicap,period=ft,away,handicap=-1.25,1.45
2026-10-09T00:06:44.601016+02:00,36626420,"Primera A, Clausura",Colombia,Atletico Nacional Medellin,CD Tolima,2026-10-08T23:05:00+00:00,58.2566,soccer.asian_handicap,period=ft,home,handicap=-1,2.35
2026-10-09T00:06:44.601016+02:00,36626420,"Primera A, Clausura",Colombia,Atletico Nacional Medellin,CD Tolima,2026-10-08T23:05:00+00:00,58.2566,soccer.asian_handicap,period=ft,away,handicap=-1,1.6
2026-10-09T00:06:44.601016+02:00,36626420,"Primera A, Clausura",Colombia,Atletico Nacional Medellin,CD Tolima,2026-10-08T23:05:00+00:00,58.2566,soccer.asian_handicap,period=ft,home,handicap=-0.5,1.72
2026-10-09T00:06:44.601016+02:00,36626420,"Primera A, Clausura",Colombia,Atletico Nacional Medellin,CD Tolima,2026-10-08T23:05:00+00:00,58.2566,soccer.asian_handicap,period=ft,away,handicap=-0.5,2.12
2026-10-09T00:06:44.601016+02:00,36626420,"Primera A, Clausura",Colombia,Atletico Nacional Medellin,CD Tolima,2026-10-08T23:05:00+00:00,58.2566,soccer.asian_handicap,period=ft,home,handicap=-0.25,1.5
2026-10-09T00:06:44.601016+02:00,36626420,"Primera A, Clausura",Colombia,Atletico Nacional Medellin,CD Tolima,2026-10-08T23:05:00+00:00,58.2566,soccer.asian_handicap,period=ft,away,handicap=-0.25,2.55
2026-10-09T00:06:44.601016+02:00,36626420,"Primera A, Clausura",Colombia,Atletico Nacional Medellin,CD Tolima,2026-10-08T23:05:00+00:00,58.2566,soccer.asian_handicap,period=ft,home,handicap=0,1.28
2026-10-09T00:06:44.601016+02:00,36626420,"Primera A, Clausura",Colombia,Atletico Nacional Medellin,CD Tolima,2026-10-08T23:05:00+00:00,58.2566,soccer.asian_handicap,period=ft,away,handicap=0,3.55
2026-10-09T00:06:44.601016+02:00,36626420,"Primera A, Clausura",Colombia,Atletico Nacional Medellin,CD Tolima,2026-10-08T23:05:00+00:00,58.2566,soccer.asian_handicap,period=ft,home,handicap=0.25,1.22
2026-10-09T00:06:44.601016+02:00,36626420,"Primera A, Clausura",Colombia,Atletico Nacional Medellin,CD Tolima,2026-10-08T23:05:00+00:00,58.2566,soccer.asian_handicap,period=ft,away,handicap=0.25,4.1
2026-10-09T00:06:44.601016+02:00,36626420,"Primera A, Clausura",Colombia,Atletico Nacional Medellin,CD Tolima,2026-10-08T23:05:00+00:00,58.2566,soccer.double_chance,period=ft,draw_away,,2.04
2026-10-09T00:06:44.601016+02:00,36626420,"Primera A, Clausura",Colombia,Atletico Nacional Medellin,CD Tolima,2026-10-08T23:05:00+00:00,58.2566,soccer.double_chance,period=ft,home_away,,1.28
2026-10-09T00:06:44.601016+02:00,36626420,"Primera A, Clausura",Colombia,Atletico Nacional Medellin,CD Tolima,2026-10-08T23:05:00+00:00,58.2566,soccer.double_chance,period=ft,home_draw,,1.21
2026-10-09T00:06:44.601016+02:00,36626420,"Primera A, Clausura",Colombia,Atletico Nacional Medellin,CD Tolima,2026-10-08T23:05:00+00:00,58.2566,soccer.match_odds,period=ft,home,,1.72
2026-10-09T00:06:44.601016+02:00,36626420,"Primera A, Clausura",Colombia,Atletico Nacional Medellin,CD Tolima,2026-10-08T23:05:00+00:00,58.2566,soccer.match_odds,period=ft,draw,,3.7
2026-10-09T00:06:44.601016+02:00,36626420,"Primera A, Clausura",Colombia,Atletico Nacional Medellin,CD Tolima,2026-10-08T23:05:00+00:00,58.2566,soccer.match_odds,period=ft,away,,4.75
2026-10-09T00:06:44.601016+02:00,36626420,"Primera A, Clausura",Colombia,Atletico Nacional Medellin,CD Tolima,2026-10-08T23:05:00+00:00,58.2566,soccer.total_goals,period=ft,over,total=2.5,1.87
2026-10-09T00:06:44.601016+02:00,36626420,"Primera A, Clausura",Colombia,Atletico Nacional Medellin,CD Tolima,2026-10-08T23:05:00+00:00,58.2566,soccer.total_goals,period=ft,under,total=2.5,1.94
2026-10-09T00:06:44.601016+02:00,36626420,"Primera A, Clausura",Colombia,Atletico Nacional Medellin,CD Tolima,2026-10-08T23:05:00+00:00,58.2566,soccer.total_goals,period=ft,over,total=1.5,1.27
2026-10-09T00:06:44.601016+02:00,36626420,"Primera A, Clausura",Colombia,Atletico Nacional Medellin,CD Tolima,2026-10-08T23:05:00+00:00,58.2566,soccer.total_goals,period=ft,under,total=1.5,3.65
2026-10-09T00:06:44.601016+02:00,36626420,"Primera A, Clausura",Colombia,Atletico Nacional Medellin,CD Tolima,2026-10-08T23:05:00+00:00,58.2566,soccer.total_goals,period=ft,over,total=2,1.42
2026-10-09T00:06:44.601016+02:00,36626420,"Primera A, Clausura",Colombia,Atletico Nacional Medellin,CD Tolima,2026-10-08T23:05:00+00:00,58.2566,soccer.total_goals,period=ft,under,total=2,2.8
2026-10-09T00:06:44.601016+02:00,36626420,"Primera A, Clausura",Colombia,Atletico Nacional Medellin,CD Tolima,2026-10-08T23:05:00+00:00,58.2566,soccer.total_goals,period=ft,over,total=2.25,1.64
2026-10-09T00:06:44.601016+02:00,36626420,"Primera A, Clausura",Colombia,Atletico Nacional Medellin,CD Tolima,2026-10-08T23:05:00+00:00,58.2566,soccer.total_goals,period=ft,under,total=2.25,2.2
2026-10-09T00:06:44.601016+02:00,36626420,"Primera A, Clausura",Colombia,Atletico Nacional Medellin,CD Tolima,2026-10-08T23:05:00+00:00,58.2566,soccer.total_goals,period=ft,over,total=2.75,2.11
2026-10-09T00:06:44.601016+02:00,36626420,"Primera A, Clausura",Colombia,Atletico Nacional Medellin,CD Tolima,2026-10-08T23:05:00+00:00,58.2566,soccer.total_goals,period=ft,under,total=2.75,1.72
2026-10-09T00:06:44.601016+02:00,36626420,"Primera A, Clausura",Colombia,Atletico Nacional Medellin,CD Tolima,2026-10-08T23:05:00+00:00,58.2566,soccer.total_goals,period=ft,over,total=3,2.5
2026-10-09T00:06:44.601016+02:00,36626420,"Primera A, Clausura",Colombia,Atletico Nacional Medellin,CD Tolima,2026-10-08T23:05:00+00:00,58.2566,soccer.total_goals,period=ft,under,total=3,1.5
2026-10-09T00:06:44.601016+02:00,36626420,"Primera A, Clausura",Colombia,Atletico Nacional Medellin,CD Tolima,2026-10-08T23:05:00+00:00,58.2566,soccer.total_goals,period=ft,over,total=3.5,3.2
2026-10-09T00:06:44.601016+02:00,36626420,"Primera A, Clausura",Colombia,Atletico Nacional Medellin,CD Tolima,2026-10-08T23:05:00+00:00,58.2566,soccer.total_goals,period=ft,under,total=3.5,1.33
2026-10-09T00:06:44.601016+02:00,36626420,"Primera A, Clausura",Colombia,Atletico Nacional Medellin,CD Tolima,2026-10-08T23:05:00+00:00,58.2566,soccer.total_goals,period=ft,over,total=4.5,6.35
2026-10-09T00:06:44.601016+02:00,36626420,"Primera A, Clausura",Colombia,Atletico Nacional Medellin,CD Tolima,2026-10-08T23:05:00+00:00,58.2566,soccer.total_goals,period=ft,under,total=4.5,1.1
2026-10-09T00:06:44.601016+02:00,36435234,Brasileiro Serie A,Brazil,Santos FC SP,CR Flamengo RJ,2026-10-08T22:30:00+00:00,23.2566,soccer.asian_handicap,period=ft,home,handicap=0.75,1.87
2026-10-09T00:06:44.601016+02:00,36435234,Brasileiro Serie A,Brazil,Santos FC SP,CR Flamengo RJ,2026-10-08T22:30:00+00:00,23.2566,soccer.asian_handicap,period=ft,away,handicap=0.75,2.01
2026-10-09T00:06:44.601016+02:00,36435234,Brasileiro Serie A,Brazil,Santos FC SP,CR Flamengo RJ,2026-10-08T22:30:00+00:00,23.2566,soccer.asian_handicap,period=ft,home,handicap=-0.25,3.75
2026-10-09T00:06:44.601016+02:00,36435234,Brasileiro Serie A,Brazil,Santos FC SP,CR Flamengo RJ,2026-10-08T22:30:00+00:00,23.2566,soccer.asian_handicap,period=ft,away,handicap=-0.25,1.28
2026-10-09T00:06:44.601016+02:00,36435234,Brasileiro Serie A,Brazil,Santos FC SP,CR Flamengo RJ,2026-10-08T22:30:00+00:00,23.2566,soccer.asian_handicap,period=ft,home,handicap=0,3.25
2026-10-09T00:06:44.601016+02:00,36435234,Brasileiro Serie A,Brazil,Santos FC SP,CR Flamengo RJ,2026-10-08T22:30:00+00:00,23.2566,soccer.asian_handicap,period=ft,away,handicap=0,1.35
2026-10-09T00:06:44.601016+02:00,36435234,Brasileiro Serie A,Brazil,Santos FC SP,CR Flamengo RJ,2026-10-08T22:30:00+00:00,23.2566,soccer.asian_handicap,period=ft,home,handicap=0.25,2.45
2026-10-09T00:06:44.601016+02:00,36435234,Brasileiro Serie A,Brazil,Santos FC SP,CR Flamengo RJ,2026-10-08T22:30:00+00:00,23.2566,soccer.asian_handicap,period=ft,away,handicap=0.25,1.56
2026-10-09T00:06:44.601016+02:00,36435234,Brasileiro Serie A,Brazil,Santos FC SP,CR Flamengo RJ,2026-10-08T22:30:00+00:00,23.2566,soccer.asian_handicap,period=ft,home,handicap=0.5,2.09
2026-10-09T00:06:44.601016+02:00,36435234,Brasileiro Serie A,Brazil,Santos FC SP,CR Flamengo RJ,2026-10-08T22:30:00+00:00,23.2566,soccer.asian_handicap,period=ft,away,handicap=0.5,1.77
2026-10-09T00:06:44.601016+02:00,36435234,Brasileiro Serie A,Brazil,Santos FC SP,CR Flamengo RJ,2026-10-08T22:30:00+00:00,23.2566,soccer.asian_handicap,period=ft,home,handicap=1,1.6
2026-10-09T00:06:44.601016+02:00,36435234,Brasileiro Serie A,Brazil,Santos FC SP,CR Flamengo RJ,2026-10-08T22:30:00+00:00,23.2566,soccer.asian_handicap,period=ft,away,handicap=1,2.35
2026-10-09T00:06:44.601016+02:00,36435234,Brasileiro Serie A,Brazil,Santos FC SP,CR Flamengo RJ,2026-10-08T22:30:00+00:00,23.2566,soccer.asian_handicap,period=ft,home,handicap=1.25,1.48
2026-10-09T00:06:44.601016+02:00,36435234,Brasileiro Serie A,Brazil,Santos FC SP,CR Flamengo RJ,2026-10-08T22:30:00+00:00,23.2566,soccer.asian_handicap,period=ft,away,handicap=1.25,2.75
2026-10-09T00:06:44.601016+02:00,36435234,Brasileiro Serie A,Brazil,Santos FC SP,CR Flamengo RJ,2026-10-08T22:30:00+00:00,23.2566,soccer.asian_handicap,period=ft,home,handicap=1.5,1.38
2026-10-09T00:06:44.601016+02:00,36435234,Brasileiro Serie A,Brazil,Santos FC SP,CR Flamengo RJ,2026-10-08T22:30:00+00:00,23.2566,soccer.asian_handicap,period=ft,away,handicap=1.5,3.05
2026-10-09T00:06:44.601016+02:00,36435234,Brasileiro Serie A,Brazil,Santos FC SP,CR Flamengo RJ,2026-10-08T22:30:00+00:00,23.2566,soccer.asian_handicap,period=ft,home,handicap=1.75,1.27
2026-10-09T00:06:44.601016+02:00,36435234,Brasileiro Serie A,Brazil,Santos FC SP,CR Flamengo RJ,2026-10-08T22:30:00+00:00,23.2566,soccer.asian_handicap,period=ft,away,handicap=1.75,3.8
2026-10-09T00:06:44.601016+02:00,36435234,Brasileiro Serie A,Brazil,Santos FC SP,CR Flamengo RJ,2026-10-08T22:30:00+00:00,23.2566,soccer.double_chance,period=ft,draw_away,,1.23
2026-10-09T00:06:44.601016+02:00,36435234,Brasileiro Serie A,Brazil,Santos FC SP,CR Flamengo RJ,2026-10-08T22:30:00+00:00,23.2566,soccer.double_chance,period=ft,home_away,,1.26
2026-10-09T00:06:44.601016+02:00,36435234,Brasileiro Serie A,Brazil,Santos FC SP,CR Flamengo RJ,2026-10-08T22:30:00+00:00,23.2566,soccer.double_chance,period=ft,home_draw,,2.07
2026-10-09T00:06:44.601016+02:00,36435234,Brasileiro Serie A,Brazil,Santos FC SP,CR Flamengo RJ,2026-10-08T22:30:00+00:00,23.2566,soccer.match_odds,period=ft,home,,4.3
2026-10-09T00:06:44.601016+02:00,36435234,Brasileiro Serie A,Brazil,Santos FC SP,CR Flamengo RJ,2026-10-08T22:30:00+00:00,23.2566,soccer.match_odds,period=ft,draw,,4.0
2026-10-09T00:06:44.601016+02:00,36435234,Brasileiro Serie A,Brazil,Santos FC SP,CR Flamengo RJ,2026-10-08T22:30:00+00:00,23.2566,soccer.match_odds,period=ft,away,,1.78
2026-10-09T00:06:44.601016+02:00,36435234,Brasileiro Serie A,Brazil,Santos FC SP,CR Flamengo RJ,2026-10-08T22:30:00+00:00,23.2566,soccer.total_goals,period=ft,over,total=3,2.0
2026-10-09T00:06:44.601016+02:00,36435234,Brasileiro Serie A,Brazil,Santos FC SP,CR Flamengo RJ,2026-10-08T22:30:00+00:00,23.2566,soccer.total_goals,period=ft,under,total=3,1.86
2026-10-09T00:06:44.601016+02:00,36435234,Brasileiro Serie A,Brazil,Santos FC SP,CR Flamengo RJ,2026-10-08T22:30:00+00:00,23.2566,soccer.total_goals,period=ft,over,total=1.5,1.18
2026-10-09T00:06:44.601016+02:00,36435234,Brasileiro Serie A,Brazil,Santos FC SP,CR Flamengo RJ,2026-10-08T22:30:00+00:00,23.2566,soccer.total_goals,period=ft,under,total=1.5,4.85
2026-10-09T00:06:44.601016+02:00,36435234,Brasileiro Serie A,Brazil,Santos FC SP,CR Flamengo RJ,2026-10-08T22:30:00+00:00,23.2566,soccer.total_goals,period=ft,over,total=2.5,1.59
2026-10-09T00:06:44.601016+02:00,36435234,Brasileiro Serie A,Brazil,Santos FC SP,CR Flamengo RJ,2026-10-08T22:30:00+00:00,23.2566,soccer.total_goals,period=ft,under,total=2.5,2.35
2026-10-09T00:06:44.601016+02:00,36435234,Brasileiro Serie A,Brazil,Santos FC SP,CR Flamengo RJ,2026-10-08T22:30:00+00:00,23.2566,soccer.total_goals,period=ft,over,total=2.75,1.74
2026-10-09T00:06:44.601016+02:00,36435234,Brasileiro Serie A,Brazil,Santos FC SP,CR Flamengo RJ,2026-10-08T22:30:00+00:00,23.2566,soccer.total_goals,period=ft,under,total=2.75,2.11
2026-10-09T00:06:44.601016+02:00,36435234,Brasileiro Serie A,Brazil,Santos FC SP,CR Flamengo RJ,2026-10-08T22:30:00+00:00,23.2566,soccer.total_goals,period=ft,over,total=3.25,2.25
2026-10-09T00:06:44.601016+02:00,36435234,Brasileiro Serie A,Brazil,Santos FC SP,CR Flamengo RJ,2026-10-08T22:30:00+00:00,23.2566,soccer.total_goals,period=ft,under,total=3.25,1.65
2026-10-09T00:06:44.601016+02:00,36435234,Brasileiro Serie A,Brazil,Santos FC SP,CR Flamengo RJ,2026-10-08T22:30:00+00:00,23.2566,soccer.total_goals,period=ft,over,total=3.5,2.55
2026-10-09T00:06:44.601016+02:00,36435234,Brasileiro Serie A,Brazil,Santos FC SP,CR Flamengo RJ,2026-10-08T22:30:00+00:00,23.2566,soccer.total_goals,period=ft,under,total=3.5,1.53
2026-10-09T00:06:44.601016+02:00,36435234,Brasileiro Serie A,Brazil,Santos FC SP,CR Flamengo RJ,2026-10-08T22:30:00+00:00,23.2566,soccer.total_goals,period=ft,over,total=4.5,4.8
2026-10-09T00:06:44.601016+02:00,36435234,Brasileiro Serie A,Brazil,Santos FC SP,CR Flamengo RJ,2026-10-08T22:30:00+00:00,23.2566,soccer.total_goals,period=ft,under,total=4.5,1.18
2026-10-09T00:08:42.188544+02:00,36698652,Brazil Campeonato Paraibano (PB) Division 2,Brazil,AD Guarabira,Auto EC (PB),2026-10-08T22:30:00+00:00,21.2969,soccer.asian_handicap,period=ft,home,handicap=0.25,1.76
2026-10-09T00:08:42.188544+02:00,36698652,Brazil Campeonato Paraibano (PB) Division 2,Brazil,AD Guarabira,Auto EC (PB),2026-10-08T22:30:00+00:00,21.2969,soccer.asian_handicap,period=ft,away,handicap=0.25,1.95
2026-10-09T00:08:42.188544+02:00,36698652,Brazil Campeonato Paraibano (PB) Division 2,Brazil,AD Guarabira,Auto EC (PB),2026-10-08T22:30:00+00:00,21.2969,soccer.asian_handicap,period=ft,home,handicap=-0.5,2.8
2026-10-09T00:08:42.188544+02:00,36698652,Brazil Campeonato Paraibano (PB) Division 2,Brazil,AD Guarabira,Auto EC (PB),2026-10-08T22:30:00+00:00,21.2969,soccer.asian_handicap,period=ft,away,handicap=-0.5,1.33
2026-10-09T00:08:42.188544+02:00,36698652,Brazil Campeonato Paraibano (PB) Division 2,Brazil,AD Guarabira,Auto EC (PB),2026-10-08T22:30:00+00:00,21.2969,soccer.asian_handicap,period=ft,home,handicap=-0.25,2.45
2026-10-09T00:08:42.188544+02:00,36698652,Brazil Campeonato Paraibano (PB) Division 2,Brazil,AD Guarabira,Auto EC (PB),2026-10-08T22:30:00+00:00,21.2969,soccer.asian_handicap,period=ft,away,handicap=-0.25,1.44
2026-10-09T00:08:42.188544+02:00,36698652,Brazil Campeonato Paraibano (PB) Division 2,Brazil,AD Guarabira,Auto EC (PB),2026-10-08T22:30:00+00:00,21.2969,soccer.asian_handicap,period=ft,home,handicap=0,2.1
2026-10-09T00:08:42.188544+02:00,36698652,Brazil Campeonato Paraibano (PB) Division 2,Brazil,AD Guarabira,Auto EC (PB),2026-10-08T22:30:00+00:00,21.2969,soccer.asian_handicap,period=ft,away,handicap=0,1.62
2026-10-09T00:08:42.188544+02:00,36698652,Brazil Campeonato Paraibano (PB) Division 2,Brazil,AD Guarabira,Auto EC (PB),2026-10-08T22:30:00+00:00,21.2969,soccer.asian_handicap,period=ft,home,handicap=0.5,1.55
2026-10-09T00:08:42.188544+02:00,36698652,Brazil Campeonato Paraibano (PB) Division 2,Brazil,AD Guarabira,Auto EC (PB),2026-10-08T22:30:00+00:00,21.2969,soccer.asian_handicap,period=ft,away,handicap=0.5,2.2
2026-10-09T00:08:42.188544+02:00,36698652,Brazil Campeonato Paraibano (PB) Division 2,Brazil,AD Guarabira,Auto EC (PB),2026-10-08T22:30:00+00:00,21.2969,soccer.asian_handicap,period=ft,home,handicap=0.75,1.39
2026-10-09T00:08:42.188544+02:00,36698652,Brazil Campeonato Paraibano (PB) Division 2,Brazil,AD Guarabira,Auto EC (PB),2026-10-08T22:30:00+00:00,21.2969,soccer.asian_handicap,period=ft,away,handicap=0.75,2.6
2026-10-09T00:08:42.188544+02:00,36698652,Brazil Campeonato Paraibano (PB) Division 2,Brazil,AD Guarabira,Auto EC (PB),2026-10-08T22:30:00+00:00,21.2969,soccer.asian_handicap,period=ft,home,handicap=1,1.23
2026-10-09T00:08:42.188544+02:00,36698652,Brazil Campeonato Paraibano (PB) Division 2,Brazil,AD Guarabira,Auto EC (PB),2026-10-08T22:30:00+00:00,21.2969,soccer.asian_handicap,period=ft,away,handicap=1,3.4
2026-10-09T00:08:42.188544+02:00,36698652,Brazil Campeonato Paraibano (PB) Division 2,Brazil,AD Guarabira,Auto EC (PB),2026-10-08T22:30:00+00:00,21.2969,soccer.total_goals,period=ft,over,total=2.5,1.91
2026-10-09T00:08:42.188544+02:00,36698652,Brazil Campeonato Paraibano (PB) Division 2,Brazil,AD Guarabira,Auto EC (PB),2026-10-08T22:30:00+00:00,21.2969,soccer.total_goals,period=ft,under,total=2.5,1.79
2026-10-09T00:08:42.188544+02:00,36698652,Brazil Campeonato Paraibano (PB) Division 2,Brazil,AD Guarabira,Auto EC (PB),2026-10-08T22:30:00+00:00,21.2969,soccer.total_goals,period=ft,over,total=1.75,1.32
2026-10-09T00:08:42.188544+02:00,36698652,Brazil Campeonato Paraibano (PB) Division 2,Brazil,AD Guarabira,Auto EC (PB),2026-10-08T22:30:00+00:00,21.2969,soccer.total_goals,period=ft,under,total=1.75,2.9
2026-10-09T00:08:42.188544+02:00,36698652,Brazil Campeonato Paraibano (PB) Division 2,Brazil,AD Guarabira,Auto EC (PB),2026-10-08T22:30:00+00:00,21.2969,soccer.total_goals,period=ft,over,total=2,1.42
2026-10-09T00:08:42.188544+02:00,36698652,Brazil Campeonato Paraibano (PB) Division 2,Brazil,AD Guarabira,Auto EC (PB),2026-10-08T22:30:00+00:00,21.2969,soccer.total_goals,period=ft,under,total=2,2.5
2026-10-09T00:08:42.188544+02:00,36698652,Brazil Campeonato Paraibano (PB) Division 2,Brazil,AD Guarabira,Auto EC (PB),2026-10-08T22:30:00+00:00,21.2969,soccer.total_goals,period=ft,over,total=2.25,1.66
2026-10-09T00:08:42.188544+02:00,36698652,Brazil Campeonato Paraibano (PB) Division 2,Brazil,AD Guarabira,Auto EC (PB),2026-10-08T22:30:00+00:00,21.2969,soccer.total_goals,period=ft,under,total=2.25,2.04
2026-10-09T00:08:42.188544+02:00,36698652,Brazil Campeonato Paraibano (PB) Division 2,Brazil,AD Guarabira,Auto EC (PB),2026-10-08T22:30:00+00:00,21.2969,soccer.total_goals,period=ft,over,total=2.75,2.15
2026-10-09T00:08:42.188544+02:00,36698652,Brazil Campeonato Paraibano (PB) Division 2,Brazil,AD Guarabira,Auto EC (PB),2026-10-08T22:30:00+00:00,21.2969,soccer.total_goals,period=ft,under,total=2.75,1.6
2026-10-09T00:08:42.188544+02:00,36698652,Brazil Campeonato Paraibano (PB) Division 2,Brazil,AD Guarabira,Auto EC (PB),2026-10-08T22:30:00+00:00,21.2969,soccer.total_goals,period=ft,over,total=3,2.55
2026-10-09T00:08:42.188544+02:00,36698652,Brazil Campeonato Paraibano (PB) Division 2,Brazil,AD Guarabira,Auto EC (PB),2026-10-08T22:30:00+00:00,21.2969,soccer.total_goals,period=ft,under,total=3,1.41
2026-10-09T00:08:42.188544+02:00,36698652,Brazil Campeonato Paraibano (PB) Division 2,Brazil,AD Guarabira,Auto EC (PB),2026-10-08T22:30:00+00:00,21.2969,soccer.total_goals,period=ft,over,total=3.25,2.85
2026-10-09T00:08:42.188544+02:00,36698652,Brazil Campeonato Paraibano (PB) Division 2,Brazil,AD Guarabira,Auto EC (PB),2026-10-08T22:30:00+00:00,21.2969,soccer.total_goals,period=ft,under,total=3.25,1.33
2026-10-09T00:08:42.188544+02:00,36626420,"Primera A, Clausura",Colombia,Atletico Nacional Medellin,CD Tolima,2026-10-08T23:05:00+00:00,56.2969,soccer.asian_handicap,period=ft,home,handicap=-0.75,1.83
2026-10-09T00:08:42.188544+02:00,36626420,"Primera A, Clausura",Colombia,Atletico Nacional Medellin,CD Tolima,2026-10-08T23:05:00+00:00,56.2969,soccer.asian_handicap,period=ft,away,handicap=-0.75,2.0
2026-10-09T00:08:42.188544+02:00,36626420,"Primera A, Clausura",Colombia,Atletico Nacional Medellin,CD Tolima,2026-10-08T23:05:00+00:00,56.2969,soccer.asian_handicap,period=ft,home,handicap=-1.75,3.45
2026-10-09T00:08:42.188544+02:00,36626420,"Primera A, Clausura",Colombia,Atletico Nacional Medellin,CD Tolima,2026-10-08T23:05:00+00:00,56.2969,soccer.asian_handicap,period=ft,away,handicap=-1.75,1.3
2026-10-09T00:08:42.188544+02:00,36626420,"Primera A, Clausura",Colombia,Atletico Nacional Medellin,CD Tolima,2026-10-08T23:05:00+00:00,56.2969,soccer.asian_handicap,period=ft,home,handicap=-1.5,2.8
2026-10-09T00:08:42.188544+02:00,36626420,"Primera A, Clausura",Colombia,Atletico Nacional Medellin,CD Tolima,2026-10-08T23:05:00+00:00,56.2969,soccer.asian_handicap,period=ft,away,handicap=-1.5,1.42
2026-10-09T00:08:42.188544+02:00,36626420,"Primera A, Clausura",Colombia,Atletico Nacional Medellin,CD Tolima,2026-10-08T23:05:00+00:00,56.2969,soccer.asian_handicap,period=ft,home,handicap=-1.25,2.45
2026-10-09T00:08:42.188544+02:00,36626420,"Primera A, Clausura",Colombia,Atletico Nacional Medellin,CD Tolima,2026-10-08T23:05:00+00:00,56.2969,soccer.asian_handicap,period=ft,away,handicap=-1.25,1.54
2026-10-09T00:08:42.188544+02:00,36626420,"Primera A, Clausura",Colombia,Atletico Nacional Medellin,CD Tolima,2026-10-08T23:05:00+00:00,56.2969,soccer.asian_handicap,period=ft,home,handicap=-1,2.14
2026-10-09T00:08:42.188544+02:00,36626420,"Primera A, Clausura",Colombia,Atletico Nacional Medellin,CD Tolima,2026-10-08T23:05:00+00:00,56.2969,soccer.asian_handicap,period=ft,away,handicap=-1,1.71
2026-10-09T00:08:42.188544+02:00,36626420,"Primera A, Clausura",Colombia,Atletico Nacional Medellin,CD Tolima,2026-10-08T23:05:00+00:00,56.2969,soccer.asian_handicap,period=ft,home,handicap=-0.5,1.64
2026-10-09T00:08:42.188544+02:00,36626420,"Primera A, Clausura",Colombia,Atletico Nacional Medellin,CD Tolima,2026-10-08T23:05:00+00:00,56.2969,soccer.asian_handicap,period=ft,away,handicap=-0.5,2.25
2026-10-09T00:08:42.188544+02:00,36626420,"Primera A, Clausura",Colombia,Atletico Nacional Medellin,CD Tolima,2026-10-08T23:05:00+00:00,56.2969,soccer.asian_handicap,period=ft,home,handicap=-0.25,1.44
2026-10-09T00:08:42.188544+02:00,36626420,"Primera A, Clausura",Colombia,Atletico Nacional Medellin,CD Tolima,2026-10-08T23:05:00+00:00,56.2969,soccer.asian_handicap,period=ft,away,handicap=-0.25,2.75
2026-10-09T00:08:42.188544+02:00,36626420,"Primera A, Clausura",Colombia,Atletico Nacional Medellin,CD Tolima,2026-10-08T23:05:00+00:00,56.2969,soccer.asian_handicap,period=ft,home,handicap=0,1.24
2026-10-09T00:08:42.188544+02:00,36626420,"Primera A, Clausura",Colombia,Atletico Nacional Medellin,CD Tolima,2026-10-08T23:05:00+00:00,56.2969,soccer.asian_handicap,period=ft,away,handicap=0,3.95
2026-10-09T00:08:42.188544+02:00,36626420,"Primera A, Clausura",Colombia,Atletico Nacional Medellin,CD Tolima,2026-10-08T23:05:00+00:00,56.2969,soccer.asian_handicap,period=ft,home,handicap=0.25,1.19
2026-10-09T00:08:42.188544+02:00,36626420,"Primera A, Clausura",Colombia,Atletico Nacional Medellin,CD Tolima,2026-10-08T23:05:00+00:00,56.2969,soccer.asian_handicap,period=ft,away,handicap=0.25,4.55
2026-10-09T00:08:42.188544+02:00,36626420,"Primera A, Clausura",Colombia,Atletico Nacional Medellin,CD Tolima,2026-10-08T23:05:00+00:00,56.2969,soccer.double_chance,period=ft,draw_away,,2.04
2026-10-09T00:08:42.188544+02:00,36626420,"Primera A, Clausura",Colombia,Atletico Nacional Medellin,CD Tolima,2026-10-08T23:05:00+00:00,56.2969,soccer.double_chance,period=ft,home_away,,1.28
2026-10-09T00:08:42.188544+02:00,36626420,"Primera A, Clausura",Colombia,Atletico Nacional Medellin,CD Tolima,2026-10-08T23:05:00+00:00,56.2969,soccer.double_chance,period=ft,home_draw,,1.21
2026-10-09T00:08:42.188544+02:00,36626420,"Primera A, Clausura",Colombia,Atletico Nacional Medellin,CD Tolima,2026-10-08T23:05:00+00:00,56.2969,soccer.match_odds,period=ft,home,,1.64
2026-10-09T00:08:42.188544+02:00,36626420,"Primera A, Clausura",Colombia,Atletico Nacional Medellin,CD Tolima,2026-10-08T23:05:00+00:00,56.2969,soccer.match_odds,period=ft,draw,,3.85
2026-10-09T00:08:42.188544+02:00,36626420,"Primera A, Clausura",Colombia,Atletico Nacional Medellin,CD Tolima,2026-10-08T23:05:00+00:00,56.2969,soccer.match_odds,period=ft,away,,5.15
2026-10-09T00:08:42.188544+02:00,36626420,"Primera A, Clausura",Colombia,Atletico Nacional Medellin,CD Tolima,2026-10-08T23:05:00+00:00,56.2969,soccer.total_goals,period=ft,over,total=2.5,1.83
2026-10-09T00:08:42.188544+02:00,36626420,"Primera A, Clausura",Colombia,Atletico Nacional Medellin,CD Tolima,2026-10-08T23:05:00+00:00,56.2969,soccer.total_goals,period=ft,under,total=2.5,1.98
2026-10-09T00:08:42.188544+02:00,36626420,"Primera A, Clausura",Colombia,Atletico Nacional Medellin,CD Tolima,2026-10-08T23:05:00+00:00,56.2969,soccer.total_goals,period=ft,over,total=1.5,1.25
2026-10-09T00:08:42.188544+02:00,36626420,"Primera A, Clausura",Colombia,Atletico Nacional Medellin,CD Tolima,2026-10-08T23:05:00+00:00,56.2969,soccer.total_goals,period=ft,under,total=1.5,3.75
2026-10-09T00:08:42.188544+02:00,36626420,"Primera A, Clausura",Colombia,Atletico Nacional Medellin,CD Tolima,2026-10-08T23:05:00+00:00,56.2969,soccer.total_goals,period=ft,over,total=2,1.39
2026-10-09T00:08:42.188544+02:00,36626420,"Primera A, Clausura",Colombia,Atletico Nacional Medellin,CD Tolima,2026-10-08T23:05:00+00:00,56.2969,soccer.total_goals,period=ft,under,total=2,2.95
2026-10-09T00:08:42.188544+02:00,36626420,"Primera A, Clausura",Colombia,Atletico Nacional Medellin,CD Tolima,2026-10-08T23:05:00+00:00,56.2969,soccer.total_goals,period=ft,over,total=2.25,1.61
2026-10-09T00:08:42.188544+02:00,36626420,"Primera A, Clausura",Colombia,Atletico Nacional Medellin,CD Tolima,2026-10-08T23:05:00+00:00,56.2969,soccer.total_goals,period=ft,under,total=2.25,2.3
2026-10-09T00:08:42.188544+02:00,36626420,"Primera A, Clausura",Colombia,Atletico Nacional Medellin,CD Tolima,2026-10-08T23:05:00+00:00,56.2969,soccer.total_goals,period=ft,over,total=2.75,2.05
2026-10-09T00:08:42.188544+02:00,36626420,"Primera A, Clausura",Colombia,Atletico Nacional Medellin,CD Tolima,2026-10-08T23:05:00+00:00,56.2969,soccer.total_goals,period=ft,under,total=2.75,1.75
2026-10-09T00:08:42.188544+02:00,36626420,"Primera A, Clausura",Colombia,Atletico Nacional Medellin,CD Tolima,2026-10-08T23:05:00+00:00,56.2969,soccer.total_goals,period=ft,over,total=3,2.45
2026-10-09T00:08:42.188544+02:00,36626420,"Primera A, Clausura",Colombia,Atletico Nacional Medellin,CD Tolima,2026-10-08T23:05:00+00:00,56.2969,soccer.total_goals,period=ft,under,total=3,1.54
2026-10-09T00:08:42.188544+02:00,36626420,"Primera A, Clausura",Colombia,Atletico Nacional Medellin,CD Tolima,2026-10-08T23:05:00+00:00,56.2969,soccer.total_goals,period=ft,over,total=3.5,3.05
2026-10-09T00:08:42.188544+02:00,36626420,"Primera A, Clausura",Colombia,Atletico Nacional Medellin,CD Tolima,2026-10-08T23:05:00+00:00,56.2969,soccer.total_goals,period=ft,under,total=3.5,1.35
2026-10-09T00:08:42.188544+02:00,36626420,"Primera A, Clausura",Colombia,Atletico Nacional Medellin,CD Tolima,2026-10-08T23:05:00+00:00,56.2969,soccer.total_goals,period=ft,over,total=4.5,6.1
2026-10-09T00:08:42.188544+02:00,36626420,"Primera A, Clausura",Colombia,Atletico Nacional Medellin,CD Tolima,2026-10-08T23:05:00+00:00,56.2969,soccer.total_goals,period=ft,under,total=4.5,1.11
2026-10-09T00:08:42.188544+02:00,36435234,Brasileiro Serie A,Brazil,Santos FC SP,CR Flamengo RJ,2026-10-08T22:30:00+00:00,21.2969,soccer.asian_handicap,period=ft,home,handicap=0.75,1.87
2026-10-09T00:08:42.188544+02:00,36435234,Brasileiro Serie A,Brazil,Santos FC SP,CR Flamengo RJ,2026-10-08T22:30:00+00:00,21.2969,soccer.asian_handicap,period=ft,away,handicap=0.75,2.01
2026-10-09T00:08:42.188544+02:00,36435234,Brasileiro Serie A,Brazil,Santos FC SP,CR Flamengo RJ,2026-10-08T22:30:00+00:00,21.2969,soccer.asian_handicap,period=ft,home,handicap=-0.25,3.75
2026-10-09T00:08:42.188544+02:00,36435234,Brasileiro Serie A,Brazil,Santos FC SP,CR Flamengo RJ,2026-10-08T22:30:00+00:00,21.2969,soccer.asian_handicap,period=ft,away,handicap=-0.25,1.28
2026-10-09T00:08:42.188544+02:00,36435234,Brasileiro Serie A,Brazil,Santos FC SP,CR Flamengo RJ,2026-10-08T22:30:00+00:00,21.2969,soccer.asian_handicap,period=ft,home,handicap=0,3.25
2026-10-09T00:08:42.188544+02:00,36435234,Brasileiro Serie A,Brazil,Santos FC SP,CR Flamengo RJ,2026-10-08T22:30:00+00:00,21.2969,soccer.asian_handicap,period=ft,away,handicap=0,1.35
2026-10-09T00:08:42.188544+02:00,36435234,Brasileiro Serie A,Brazil,Santos FC SP,CR Flamengo RJ,2026-10-08T22:30:00+00:00,21.2969,soccer.asian_handicap,period=ft,home,handicap=0.25,2.45
2026-10-09T00:08:42.188544+02:00,36435234,Brasileiro Serie A,Brazil,Santos FC SP,CR Flamengo RJ,2026-10-08T22:30:00+00:00,21.2969,soccer.asian_handicap,period=ft,away,handicap=0.25,1.56
2026-10-09T00:08:42.188544+02:00,36435234,Brasileiro Serie A,Brazil,Santos FC SP,CR Flamengo RJ,2026-10-08T22:30:00+00:00,21.2969,soccer.asian_handicap,period=ft,home,handicap=0.5,2.09
2026-10-09T00:08:42.188544+02:00,36435234,Brasileiro Serie A,Brazil,Santos FC SP,CR Flamengo RJ,2026-10-08T22:30:00+00:00,21.2969,soccer.asian_handicap,period=ft,away,handicap=0.5,1.77
2026-10-09T00:08:42.188544+02:00,36435234,Brasileiro Serie A,Brazil,Santos FC SP,CR Flamengo RJ,2026-10-08T22:30:00+00:00,21.2969,soccer.asian_handicap,period=ft,home,handicap=1,1.6
2026-10-09T00:08:42.188544+02:00,36435234,Brasileiro Serie A,Brazil,Santos FC SP,CR Flamengo RJ,2026-10-08T22:30:00+00:00,21.2969,soccer.asian_handicap,period=ft,away,handicap=1,2.35
2026-10-09T00:08:42.188544+02:00,36435234,Brasileiro Serie A,Brazil,Santos FC SP,CR Flamengo RJ,2026-10-08T22:30:00+00:00,21.2969,soccer.asian_handicap,period=ft,home,handicap=1.25,1.48
2026-10-09T00:08:42.188544+02:00,36435234,Brasileiro Serie A,Brazil,Santos FC SP,CR Flamengo RJ,2026-10-08T22:30:00+00:00,21.2969,soccer.asian_handicap,period=ft,away,handicap=1.25,2.75
2026-10-09T00:08:42.188544+02:00,36435234,Brasileiro Serie A,Brazil,Santos FC SP,CR Flamengo RJ,2026-10-08T22:30:00+00:00,21.2969,soccer.asian_handicap,period=ft,home,handicap=1.5,1.38
2026-10-09T00:08:42.188544+02:00,36435234,Brasileiro Serie A,Brazil,Santos FC SP,CR Flamengo RJ,2026-10-08T22:30:00+00:00,21.2969,soccer.asian_handicap,period=ft,away,handicap=1.5,3.05
2026-10-09T00:08:42.188544+02:00,36435234,Brasileiro Serie A,Brazil,Santos FC SP,CR Flamengo RJ,2026-10-08T22:30:00+00:00,21.2969,soccer.asian_handicap,period=ft,home,handicap=1.75,1.27
2026-10-09T00:08:42.188544+02:00,36435234,Brasileiro Serie A,Brazil,Santos FC SP,CR Flamengo RJ,2026-10-08T22:30:00+00:00,21.2969,soccer.asian_handicap,period=ft,away,handicap=1.75,3.8
2026-10-09T00:08:42.188544+02:00,36435234,Brasileiro Serie A,Brazil,Santos FC SP,CR Flamengo RJ,2026-10-08T22:30:00+00:00,21.2969,soccer.double_chance,period=ft,draw_away,,1.23
2026-10-09T00:08:42.188544+02:00,36435234,Brasileiro Serie A,Brazil,Santos FC SP,CR Flamengo RJ,2026-10-08T22:30:00+00:00,21.2969,soccer.double_chance,period=ft,home_away,,1.26
2026-10-09T00:08:42.188544+02:00,36435234,Brasileiro Serie A,Brazil,Santos FC SP,CR Flamengo RJ,2026-10-08T22:30:00+00:00,21.2969,soccer.double_chance,period=ft,home_draw,,2.07
2026-10-09T00:08:42.188544+02:00,36435234,Brasileiro Serie A,Brazil,Santos FC SP,CR Flamengo RJ,2026-10-08T22:30:00+00:00,21.2969,soccer.match_odds,period=ft,home,,4.3
2026-10-09T00:08:42.188544+02:00,36435234,Brasileiro Serie A,Brazil,Santos FC SP,CR Flamengo RJ,2026-10-08T22:30:00+00:00,21.2969,soccer.match_odds,period=ft,draw,,4.0
2026-10-09T00:08:42.188544+02:00,36435234,Brasileiro Serie A,Brazil,Santos FC SP,CR Flamengo RJ,2026-10-08T22:30:00+00:00,21.2969,soccer.match_odds,period=ft,away,,1.78
2026-10-09T00:08:42.188544+02:00,36435234,Brasileiro Serie A,Brazil,Santos FC SP,CR Flamengo RJ,2026-10-08T22:30:00+00:00,21.2969,soccer.total_goals,period=ft,over,total=3,2.0
2026-10-09T00:08:42.188544+02:00,36435234,Brasileiro Serie A,Brazil,Santos FC SP,CR Flamengo RJ,2026-10-08T22:30:00+00:00,21.2969,soccer.total_goals,period=ft,under,total=3,1.86
2026-10-09T00:08:42.188544+02:00,36435234,Brasileiro Serie A,Brazil,Santos FC SP,CR Flamengo RJ,2026-10-08T22:30:00+00:00,21.2969,soccer.total_goals,period=ft,over,total=1.5,1.18
2026-10-09T00:08:42.188544+02:00,36435234,Brasileiro Serie A,Brazil,Santos FC SP,CR Flamengo RJ,2026-10-08T22:30:00+00:00,21.2969,soccer.total_goals,period=ft,under,total=1.5,4.85
2026-10-09T00:08:42.188544+02:00,36435234,Brasileiro Serie A,Brazil,Santos FC SP,CR Flamengo RJ,2026-10-08T22:30:00+00:00,21.2969,soccer.total_goals,period=ft,over,total=2.5,1.59
2026-10-09T00:08:42.188544+02:00,36435234,Brasileiro Serie A,Brazil,Santos FC SP,CR Flamengo RJ,2026-10-08T22:30:00+00:00,21.2969,soccer.total_goals,period=ft,under,total=2.5,2.35
2026-10-09T00:08:42.188544+02:00,36435234,Brasileiro Serie A,Brazil,Santos FC SP,CR Flamengo RJ,2026-10-08T22:30:00+00:00,21.2969,soccer.total_goals,period=ft,over,total=2.75,1.74
2026-10-09T00:08:42.188544+02:00,36435234,Brasileiro Serie A,Brazil,Santos FC SP,CR Flamengo RJ,2026-10-08T22:30:00+00:00,21.2969,soccer.total_goals,period=ft,under,total=2.75,2.11
2026-10-09T00:08:42.188544+02:00,36435234,Brasileiro Serie A,Brazil,Santos FC SP,CR Flamengo RJ,2026-10-08T22:30:00+00:00,21.2969,soccer.total_goals,period=ft,over,total=3.25,2.25
2026-10-09T00:08:42.188544+02:00,36435234,Brasileiro Serie A,Brazil,Santos FC SP,CR Flamengo RJ,2026-10-08T22:30:00+00:00,21.2969,soccer.total_goals,period=ft,under,total=3.25,1.65
2026-10-09T00:08:42.188544+02:00,36435234,Brasileiro Serie A,Brazil,Santos FC SP,CR Flamengo RJ,2026-10-08T22:30:00+00:00,21.2969,soccer.total_goals,period=ft,over,total=3.5,2.55
2026-10-09T00:08:42.188544+02:00,36435234,Brasileiro Serie A,Brazil,Santos FC SP,CR Flamengo RJ,2026-10-08T22:30:00+00:00,21.2969,soccer.total_goals,period=ft,under,total=3.5,1.53
2026-10-09T00:08:42.188544+02:00,36435234,Brasileiro Serie A,Brazil,Santos FC SP,CR Flamengo RJ,2026-10-08T22:30:00+00:00,21.2969,soccer.total_goals,period=ft,over,total=4.5,4.8
2026-10-09T00:08:42.188544+02:00,36435234,Brasileiro Serie A,Brazil,Santos FC SP,CR Flamengo RJ,2026-10-08T22:30:00+00:00,21.2969,soccer.total_goals,period=ft,under,total=4.5,1.18
2026-10-09T00:08:42.188544+02:00,36435235,Brasileiro Serie A,Brazil,CA Paranaense PR,Atletico Mineiro MG,2026-10-08T23:00:00+00:00,51.2969,soccer.asian_handicap,period=ft,home,handicap=-0.5,2.06
2026-10-09T00:08:42.188544+02:00,36435235,Brasileiro Serie A,Brazil,CA Paranaense PR,Atletico Mineiro MG,2026-10-08T23:00:00+00:00,51.2969,soccer.asian_handicap,period=ft,away,handicap=-0.5,1.82
2026-10-09T00:08:42.188544+02:00,36435235,Brasileiro Serie A,Brazil,CA Paranaense PR,Atletico Mineiro MG,2026-10-08T23:00:00+00:00,51.2969,soccer.asian_handicap,period=ft,home,handicap=-1.5,3.9
2026-10-09T00:08:42.188544+02:00,36435235,Brasileiro Serie A,Brazil,CA Paranaense PR,Atletico Mineiro MG,2026-10-08T23:00:00+00:00,51.2969,soccer.asian_handicap,period=ft,away,handicap=-1.5,1.26
2026-10-09T00:08:42.188544+02:00,36435235,Brasileiro Serie A,Brazil,CA Paranaense PR,Atletico Mineiro MG,2026-10-08T23:00:00+00:00,51.2969,soccer.asian_handicap,period=ft,home,handicap=-1.25,3.45
2026-10-09T00:08:42.188544+02:00,36435235,Brasileiro Serie A,Brazil,CA Paranaense PR,Atletico Mineiro MG,2026-10-08T23:00:00+00:00,51.2969,soccer.asian_handicap,period=ft,away,handicap=-1.25,1.32
2026-10-09T00:08:42.188544+02:00,36435235,Brasileiro Serie A,Brazil,CA Paranaense PR,Atletico Mineiro MG,2026-10-08T23:00:00+00:00,51.2969,soccer.asian_handicap,period=ft,home,handicap=-1,3.05
2026-10-09T00:08:42.188544+02:00,36435235,Brasileiro Serie A,Brazil,CA Paranaense PR,Atletico Mineiro MG,2026-10-08T23:00:00+00:00,51.2969,soccer.asian_handicap,period=ft,away,handicap=-1,1.4
2026-10-09T00:08:42.188544+02:00,36435235,Brasileiro Serie A,Brazil,CA Paranaense PR,Atletico Mineiro MG,2026-10-08T23:00:00+00:00,51.2969,soccer.asian_handicap,period=ft,home,handicap=-0.75,2.35
2026-10-09T00:08:42.188544+02:00,36435235,Brasileiro Serie A,Brazil,CA Paranaense PR,Atletico Mineiro MG,2026-10-08T23:00:00+00:00,51.2969,soccer.asian_handicap,period=ft,away,handicap=-0.75,1.6
2026-10-09T00:08:42.188544+02:00,36435235,Brasileiro Serie A,Brazil,CA Paranaense PR,Atletico Mineiro MG,2026-10-08T23:00:00+00:00,51.2969,soccer.asian_handicap,period=ft,home,handicap=-0.25,1.75
2026-10-09T00:08:42.188544+02:00,36435235,Brasileiro Serie A,Brazil,CA Paranaense PR,Atletico Mineiro MG,2026-10-08T23:00:00+00:00,51.2969,soccer.asian_handicap,period=ft,away,handicap=-0.25,2.12
2026-10-09T00:08:42.188544+02:00,36435235,Brasileiro Serie A,Brazil,CA Paranaense PR,Atletico Mineiro MG,2026-10-08T23:00:00+00:00,51.2969,soccer.asian_handicap,period=ft,home,handicap=0,1.46
2026-10-09T00:08:42.188544+02:00,36435235,Brasileiro Serie A,Brazil,CA Paranaense PR,Atletico Mineiro MG,2026-10-08T23:00:00+00:00,51.2969,soccer.asian_handicap,period=ft,away,handicap=0,2.8
2026-10-09T00:08:42.188544+02:00,36435235,Brasileiro Serie A,Brazil,CA Paranaense PR,Atletico Mineiro MG,2026-10-08T23:00:00+00:00,51.2969,soccer.asian_handicap,period=ft,home,handicap=0.25,1.34
2026-10-09T00:08:42.188544+02:00,36435235,Brasileiro Serie A,Brazil,CA Paranaense PR,Atletico Mineiro MG,2026-10-08T23:00:00+00:00,51.2969,soccer.asian_handicap,period=ft,away,handicap=0.25,3.3
2026-10-09T00:08:42.188544+02:00,36435235,Brasileiro Serie A,Brazil,CA Paranaense PR,Atletico Mineiro MG,2026-10-08T23:00:00+00:00,51.2969,soccer.asian_handicap,period=ft,home,handicap=0.5,1.27
2026-10-09T00:08:42.188544+02:00,36435235,Brasileiro Serie A,Brazil,CA Paranaense PR,Atletico Mineiro MG,2026-10-08T23:00:00+00:00,51.2969,soccer.asian_handicap,period=ft,away,handicap=0.5,3.85
2026-10-09T00:08:42.188544+02:00,36435235,Brasileiro Serie A,Brazil,CA Paranaense PR,Atletico Mineiro MG,2026-10-08T23:00:00+00:00,51.2969,soccer.double_chance,period=ft,draw_away,,1.79
2026-10-09T00:08:42.188544+02:00,36435235,Brasileiro Serie A,Brazil,CA Paranaense PR,Atletico Mineiro MG,2026-10-08T23:00:00+00:00,51.2969,soccer.double_chance,period=ft,home_away,,1.35
2026-10-09T00:08:42.188544+02:00,36435235,Brasileiro Serie A,Brazil,CA Paranaense PR,Atletico Mineiro MG,2026-10-08T23:00:00+00:00,51.2969,soccer.double_chance,period=ft,home_draw,,1.27
2026-10-09T00:08:42.188544+02:00,36435235,Brasileiro Serie A,Brazil,CA Paranaense PR,Atletico Mineiro MG,2026-10-08T23:00:00+00:00,51.2969,soccer.match_odds,period=ft,home,,2.05
2026-10-09T00:08:42.188544+02:00,36435235,Brasileiro Serie A,Brazil,CA Paranaense PR,Atletico Mineiro MG,2026-10-08T23:00:00+00:00,51.2969,soccer.match_odds,period=ft,draw,,3.3
2026-10-09T00:08:42.188544+02:00,36435235,Brasileiro Serie A,Brazil,CA Paranaense PR,Atletico Mineiro MG,2026-10-08T23:00:00+00:00,51.2969,soccer.match_odds,period=ft,away,,3.9
2026-10-09T00:08:42.188544+02:00,36435235,Brasileiro Serie A,Brazil,CA Paranaense PR,Atletico Mineiro MG,2026-10-08T23:00:00+00:00,51.2969,soccer.total_goals,period=ft,over,total=2.5,1.96
2026-10-09T00:08:42.188544+02:00,36435235,Brasileiro Serie A,Brazil,CA Paranaense PR,Atletico Mineiro MG,2026-10-08T23:00:00+00:00,51.2969,soccer.total_goals,period=ft,under,total=2.5,1.9
2026-10-09T00:08:42.188544+02:00,36435235,Brasileiro Serie A,Brazil,CA Paranaense PR,Atletico Mineiro MG,2026-10-08T23:00:00+00:00,51.2969,soccer.total_goals,period=ft,over,total=1.5,1.29
2026-10-09T00:08:42.188544+02:00,36435235,Brasileiro Serie A,Brazil,CA Paranaense PR,Atletico Mineiro MG,2026-10-08T23:00:00+00:00,51.2969,soccer.total_goals,period=ft,under,total=1.5,3.6
2026-10-09T00:08:42.188544+02:00,36435235,Brasileiro Serie A,Brazil,CA Paranaense PR,Atletico Mineiro MG,2026-10-08T23:00:00+00:00,51.2969,soccer.total_goals,period=ft,over,total=2,1.45
2026-10-09T00:08:42.188544+02:00,36435235,Brasileiro Serie A,Brazil,CA Paranaense PR,Atletico Mineiro MG,2026-10-08T23:00:00+00:00,51.2969,soccer.total_goals,period=ft,under,total=2,2.75
2026-10-09T00:08:42.188544+02:00,36435235,Brasileiro Serie A,Brazil,CA Paranaense PR,Atletico Mineiro MG,2026-10-08T23:00:00+00:00,51.2969,soccer.total_goals,period=ft,over,total=2.25,1.7
2026-10-09T00:08:42.188544+02:00,36435235,Brasileiro Serie A,Brazil,CA Paranaense PR,Atletico Mineiro MG,2026-10-08T23:00:00+00:00,51.2969,soccer.total_goals,period=ft,under,total=2.25,2.18
2026-10-09T00:08:42.188544+02:00,36435235,Brasileiro Serie A,Brazil,CA Paranaense PR,Atletico Mineiro MG,2026-10-08T23:00:00+00:00,51.2969,soccer.total_goals,period=ft,over,total=2.75,2.2
2026-10-09T00:08:42.188544+02:00,36435235,Brasileiro Serie A,Brazil,CA Paranaense PR,Atletico Mineiro MG,2026-10-08T23:00:00+00:00,51.2969,soccer.total_goals,period=ft,under,total=2.75,1.68
2026-10-09T00:08:42.188544+02:00,36435235,Brasileiro Serie A,Brazil,CA Paranaense PR,Atletico Mineiro MG,2026-10-08T23:00:00+00:00,51.2969,soccer.total_goals,period=ft,over,total=3,2.65
2026-10-09T00:08:42.188544+02:00,36435235,Brasileiro Serie A,Brazil,CA Paranaense PR,Atletico Mineiro MG,2026-10-08T23:00:00+00:00,51.2969,soccer.total_goals,period=ft,under,total=3,1.49
2026-10-09T00:08:42.188544+02:00,36435235,Brasileiro Serie A,Brazil,CA Paranaense PR,Atletico Mineiro MG,2026-10-08T23:00:00+00:00,51.2969,soccer.total_goals,period=ft,over,total=3.5,3.3
2026-10-09T00:08:42.188544+02:00,36435235,Brasileiro Serie A,Brazil,CA Paranaense PR,Atletico Mineiro MG,2026-10-08T23:00:00+00:00,51.2969,soccer.total_goals,period=ft,under,total=3.5,1.33
2026-10-09T00:08:42.188544+02:00,36435235,Brasileiro Serie A,Brazil,CA Paranaense PR,Atletico Mineiro MG,2026-10-08T23:00:00+00:00,51.2969,soccer.total_goals,period=ft,over,total=4.5,6.7
2026-10-09T00:08:42.188544+02:00,36435235,Brasileiro Serie A,Brazil,CA Paranaense PR,Atletico Mineiro MG,2026-10-08T23:00:00+00:00,51.2969,soccer.total_goals,period=ft,under,total=4.5,1.11
2026-10-09T00:08:42.188544+02:00,36609426,Brasileiro Serie B,Brazil,Ceara SC CE,Criciuma EC SC,2026-10-08T22:30:00+00:00,21.2969,soccer.asian_handicap,period=ft,home,handicap=0,1.89
2026-10-09T00:08:42.188544+02:00,36609426,Brasileiro Serie B,Brazil,Ceara SC CE,Criciuma EC SC,2026-10-08T22:30:00+00:00,21.2969,soccer.asian_handicap,period=ft,away,handicap=0,1.95
2026-10-09T00:08:42.188544+02:00,36609426,Brasileiro Serie B,Brazil,Ceara SC CE,Criciuma EC SC,2026-10-08T22:30:00+00:00,21.2969,soccer.asian_handicap,period=ft,home,handicap=-1,4.75
2026-10-09T00:08:42.188544+02:00,36609426,Brasileiro Serie B,Brazil,Ceara SC CE,Criciuma EC SC,2026-10-08T22:30:00+00:00,21.2969,soccer.asian_handicap,period=ft,away,handicap=-1,1.18
2026-10-09T00:08:42.188544+02:00,36609426,Brasileiro Serie B,Brazil,Ceara SC CE,Criciuma EC SC,2026-10-08T22:30:00+00:00,21.2969,soccer.asian_handicap,period=ft,home,handicap=-0.75,3.3
2026-10-09T00:08:42.188544+02:00,36609426,Brasileiro Serie B,Brazil,Ceara SC CE,Criciuma EC SC,2026-10-08T22:30:00+00:00,21.2969,soccer.asian_handicap,period=ft,away,handicap=-0.75,1.33
2026-10-09T00:08:42.188544+02:00,36609426,Brasileiro Serie B,Brazil,Ceara SC CE,Criciuma EC SC,2026-10-08T22:30:00+00:00,21.2969,soccer.asian_handicap,period=ft,home,handicap=-0.5,2.65
2026-10-09T00:08:42.188544+02:00,36609426,Brasileiro Serie B,Brazil,Ceara SC CE,Criciuma EC SC,2026-10-08T22:30:00+00:00,21.2969,soccer.asian_handicap,period=ft,away,handicap=-0.5,1.48
2026-10-09T00:08:42.188544+02:00,36609426,Brasileiro Serie B,Brazil,Ceara SC CE,Criciuma EC SC,2026-10-08T22:30:00+00:00,21.2969,soccer.asian_handicap,period=ft,home,handicap=-0.25,2.25
2026-10-09T00:08:42.188544+02:00,36609426,Brasileiro Serie B,Brazil,Ceara SC CE,Criciuma EC SC,2026-10-08T22:30:00+00:00,21.2969,soccer.asian_handicap,period=ft,away,handicap=-0.25,1.64
2026-10-09T00:08:42.188544+02:00,36609426,Brasileiro Serie B,Brazil,Ceara SC CE,Criciuma EC SC,2026-10-08T22:30:00+00:00,21.2969,soccer.asian_handicap,period=ft,home,handicap=0.25,1.61
2026-10-09T00:08:42.188544+02:00,36609426,Brasileiro Serie B,Brazil,Ceara SC CE,Criciuma EC SC,2026-10-08T22:30:00+00:00,21.2969,soccer.asian_handicap,period=ft,away,handicap=0.25,2.3
2026-10-09T00:08:42.188544+02:00,36609426,Brasileiro Serie B,Brazil,Ceara SC CE,Criciuma EC SC,2026-10-08T22:30:00+00:00,21.2969,soccer.asian_handicap,period=ft,home,handicap=0.5,1.46
2026-10-09T00:08:42.188544+02:00,36609426,Brasileiro Serie B,Brazil,Ceara SC CE,Criciuma EC SC,2026-10-08T22:30:00+00:00,21.2969,soccer.asian_handicap,period=ft,away,handicap=0.5,2.7
2026-10-09T00:08:42.188544+02:00,36609426,Brasileiro Serie B,Brazil,Ceara SC CE,Criciuma EC SC,2026-10-08T22:30:00+00:00,21.2969,soccer.asian_handicap,period=ft,home,handicap=0.75,1.31
2026-10-09T00:08:42.188544+02:00,36609426,Brasileiro Serie B,Brazil,Ceara SC CE,Criciuma EC SC,2026-10-08T22:30:00+00:00,21.2969,soccer.asian_handicap,period=ft,away,handicap=0.75,3.4
2026-10-09T00:08:42.188544+02:00,36609426,Brasileiro Serie B,Brazil,Ceara SC CE,Criciuma EC SC,2026-10-08T22:30:00+00:00,21.2969,soccer.asian_handicap,period=ft,home,handicap=1,1.17
2026-10-09T00:08:42.188544+02:00,36609426,Brasileiro Serie B,Brazil,Ceara SC CE,Criciuma EC SC,2026-10-08T22:30:00+00:00,21.2969,soccer.asian_handicap,period=ft,away,handicap=1,5.05
2026-10-09T00:08:42.188544+02:00,36609426,Brasileiro Serie B,Brazil,Ceara SC CE,Criciuma EC SC,2026-10-08T22:30:00+00:00,21.2969,soccer.double_chance,period=ft,draw_away,,1.47
2026-10-09T00:08:42.188544+02:00,36609426,Brasileiro Serie B,Brazil,Ceara SC CE,Criciuma EC SC,2026-10-08T22:30:00+00:00,21.2969,soccer.double_chance,period=ft,home_away,,1.35
2026-10-09T00:08:42.188544+02:00,36609426,Brasileiro Serie B,Brazil,Ceara SC CE,Criciuma EC SC,2026-10-08T22:30:00+00:00,21.2969,soccer.double_chance,period=ft,home_draw,,1.45
2026-10-09T00:08:42.188544+02:00,36609426,Brasileiro Serie B,Brazil,Ceara SC CE,Criciuma EC SC,2026-10-08T22:30:00+00:00,21.2969,soccer.match_odds,period=ft,home,,2.65
2026-10-09T00:08:42.188544+02:00,36609426,Brasileiro Serie B,Brazil,Ceara SC CE,Criciuma EC SC,2026-10-08T22:30:00+00:00,21.2969,soccer.match_odds,period=ft,draw,,3.15
2026-10-09T00:08:42.188544+02:00,36609426,Brasileiro Serie B,Brazil,Ceara SC CE,Criciuma EC SC,2026-10-08T22:30:00+00:00,21.2969,soccer.match_odds,period=ft,away,,2.75
2026-10-09T00:08:42.188544+02:00,36609426,Brasileiro Serie B,Brazil,Ceara SC CE,Criciuma EC SC,2026-10-08T22:30:00+00:00,21.2969,soccer.total_goals,period=ft,over,total=2.25,2.03
2026-10-09T00:08:42.188544+02:00,36609426,Brasileiro Serie B,Brazil,Ceara SC CE,Criciuma EC SC,2026-10-08T22:30:00+00:00,21.2969,soccer.total_goals,period=ft,under,total=2.25,1.8
2026-10-09T00:08:42.188544+02:00,36609426,Brasileiro Serie B,Brazil,Ceara SC CE,Criciuma EC SC,2026-10-08T22:30:00+00:00,21.2969,soccer.total_goals,period=ft,over,total=1.5,1.4
2026-10-09T00:08:42.188544+02:00,36609426,Brasileiro Serie B,Brazil,Ceara SC CE,Criciuma EC SC,2026-10-08T22:30:00+00:00,21.2969,soccer.total_goals,period=ft,under,total=1.5,2.9
2026-10-09T00:08:42.188544+02:00,36609426,Brasileiro Serie B,Brazil,Ceara SC CE,Criciuma EC SC,2026-10-08T22:30:00+00:00,21.2969,soccer.total_goals,period=ft,over,total=1.75,1.52
2026-10-09T00:08:42.188544+02:00,36609426,Brasileiro Serie B,Brazil,Ceara SC CE,Criciuma EC SC,2026-10-08T22:30:00+00:00,21.2969,soccer.total_goals,period=ft,under,total=1.75,2.5
2026-10-09T00:08:42.188544+02:00,36609426,Brasileiro Serie B,Brazil,Ceara SC CE,Criciuma EC SC,2026-10-08T22:30:00+00:00,21.2969,soccer.total_goals,period=ft,over,total=2,1.71
2026-10-09T00:08:42.188544+02:00,36609426,Brasileiro Serie B,Brazil,Ceara SC CE,Criciuma EC SC,2026-10-08T22:30:00+00:00,21.2969,soccer.total_goals,period=ft,under,total=2,2.14
2026-10-09T00:08:42.188544+02:00,36609426,Brasileiro Serie B,Brazil,Ceara SC CE,Criciuma EC SC,2026-10-08T22:30:00+00:00,21.2969,soccer.total_goals,period=ft,over,total=2.5,2.3
2026-10-09T00:08:42.188544+02:00,36609426,Brasileiro Serie B,Brazil,Ceara SC CE,Criciuma EC SC,2026-10-08T22:30:00+00:00,21.2969,soccer.total_goals,period=ft,under,total=2.5,1.6
2026-10-09T00:08:42.188544+02:00,36609426,Brasileiro Serie B,Brazil,Ceara SC CE,Criciuma EC SC,2026-10-08T22:30:00+00:00,21.2969,soccer.total_goals,period=ft,over,total=2.75,2.75
2026-10-09T00:08:42.188544+02:00,36609426,Brasileiro Serie B,Brazil,Ceara SC CE,Criciuma EC SC,2026-10-08T22:30:00+00:00,21.2969,soccer.total_goals,period=ft,under,total=2.75,1.44
2026-10-09T00:08:42.188544+02:00,36609426,Brasileiro Serie B,Brazil,Ceara SC CE,Criciuma EC SC,2026-10-08T22:30:00+00:00,21.2969,soccer.total_goals,period=ft,over,total=3.5,4.4
2026-10-09T00:08:42.188544+02:00,36609426,Brasileiro Serie B,Brazil,Ceara SC CE,Criciuma EC SC,2026-10-08T22:30:00+00:00,21.2969,soccer.total_goals,period=ft,under,total=3.5,1.2
2026-10-09T00:08:42.188544+02:00,36609429,Brasileiro Serie B,Brazil,Nautico PE,Gremio Novorizontino SP,2026-10-08T22:30:00+00:00,21.2969,soccer.asian_handicap,period=ft,home,handicap=0.75,1.89
2026-10-09T00:08:42.188544+02:00,36609429,Brasileiro Serie B,Brazil,Nautico PE,Gremio Novorizontino SP,2026-10-08T22:30:00+00:00,21.2969,soccer.asian_handicap,period=ft,away,handicap=0.75,1.96
2026-10-09T00:08:42.188544+02:00,36609429,Brasileiro Serie B,Brazil,Nautico PE,Gremio Novorizontino SP,2026-10-08T22:30:00+00:00,21.2969,soccer.asian_handicap,period=ft,home,handicap=-0.25,3.9
2026-10-09T00:08:42.188544+02:00,36609429,Brasileiro Serie B,Brazil,Nautico PE,Gremio Novorizontino SP,2026-10-08T22:30:00+00:00,21.2969,soccer.asian_handicap,period=ft,away,handicap=-0.25,1.25
2026-10-09T00:08:42.188544+02:00,36609429,Brasileiro Serie B,Brazil,Nautico PE,Gremio Novorizontino SP,2026-10-08T22:30:00+00:00,21.2969,soccer.asian_handicap,period=ft,home,handicap=0,3.4
2026-10-09T00:08:42.188544+02:00,36609429,Brasileiro Serie B,Brazil,Nautico PE,Gremio Novorizontino SP,2026-10-08T22:30:00+00:00,21.2969,soccer.asian_handicap,period=ft,away,handicap=0,1.31
2026-10-09T00:08:42.188544+02:00,36609429,Brasileiro Serie B,Brazil,Nautico PE,Gremio Novorizontino SP,2026-10-08T22:30:00+00:00,21.2969,soccer.asian_handicap,period=ft,home,handicap=0.25,2.55
2026-10-09T00:08:42.188544+02:00,36609429,Brasileiro Serie B,Brazil,Nautico PE,Gremio Novorizontino SP,2026-10-08T22:30:00+00:00,21.2969,soccer.asian_handicap,period=ft,away,handicap=0.25,1.52
2026-10-09T00:08:42.188544+02:00,36609429,Brasileiro Serie B,Brazil,Nautico PE,Gremio Novorizontino SP,2026-10-08T22:30:00+00:00,21.2969,soccer.asian_handicap,period=ft,home,handicap=0.5,2.13
2026-10-09T00:08:42.188544+02:00,36609429,Brasileiro Serie B,Brazil,Nautico PE,Gremio Novorizontino SP,2026-10-08T22:30:00+00:00,21.2969,soccer.asian_handicap,period=ft,away,handicap=0.5,1.73
2026-10-09T00:08:42.188544+02:00,36609429,Brasileiro Serie B,Brazil,Nautico PE,Gremio Novorizontino SP,2026-10-08T22:30:00+00:00,21.2969,soccer.asian_handicap,period=ft,home,handicap=1,1.63
2026-10-09T00:08:42.188544+02:00,36609429,Brasileiro Serie B,Brazil,Nautico PE,Gremio Novorizontino SP,2026-10-08T22:30:00+00:00,21.2969,soccer.asian_handicap,period=ft,away,handicap=1,2.3
2026-10-09T00:08:42.188544+02:00,36609429,Brasileiro Serie B,Brazil,Nautico PE,Gremio Novorizontino SP,2026-10-08T22:30:00+00:00,21.2969,soccer.asian_handicap,period=ft,home,handicap=1.25,1.49
2026-10-09T00:08:42.188544+02:00,36609429,Brasileiro Serie B,Brazil,Nautico PE,Gremio Novorizontino SP,2026-10-08T22:30:00+00:00,21.2969,soccer.asian_handicap,period=ft,away,handicap=1.25,2.65
2026-10-09T00:08:42.188544+02:00,36609429,Brasileiro Serie B,Brazil,Nautico PE,Gremio Novorizontino SP,2026-10-08T22:30:00+00:00,21.2969,soccer.asian_handicap,period=ft,home,handicap=1.5,1.39
2026-10-09T00:08:42.188544+02:00,36609429,Brasileiro Serie B,Brazil,Nautico PE,Gremio Novorizontino SP,2026-10-08T22:30:00+00:00,21.2969,soccer.asian_handicap,period=ft,away,handicap=1.5,2.95
2026-10-09T00:08:42.188544+02:00,36609429,Brasileiro Serie B,Brazil,Nautico PE,Gremio Novorizontino SP,2026-10-08T22:30:00+00:00,21.2969,soccer.asian_handicap,period=ft,home,handicap=1.75,1.27
2026-10-09T00:08:42.188544+02:00,36609429,Brasileiro Serie B,Brazil,Nautico PE,Gremio Novorizontino SP,2026-10-08T22:30:00+00:00,21.2969,soccer.asian_handicap,period=ft,away,handicap=1.75,3.7
2026-10-09T00:08:42.188544+02:00,36609429,Brasileiro Serie B,Brazil,Nautico PE,Gremio Novorizontino SP,2026-10-08T22:30:00+00:00,21.2969,soccer.double_chance,period=ft,draw_away,,1.21
2026-10-09T00:08:42.188544+02:00,36609429,Brasileiro Serie B,Brazil,Nautico PE,Gremio Novorizontino SP,2026-10-08T22:30:00+00:00,21.2969,soccer.double_chance,period=ft,home_away,,1.25
2026-10-09T00:08:42.188544+02:00,36609429,Brasileiro Serie B,Brazil,Nautico PE,Gremio Novorizontino SP,2026-10-08T22:30:00+00:00,21.2969,soccer.double_chance,period=ft,home_draw,,2.11
2026-10-09T00:08:42.188544+02:00,36609429,Brasileiro Serie B,Brazil,Nautico PE,Gremio Novorizontino SP,2026-10-08T22:30:00+00:00,21.2969,soccer.match_odds,period=ft,home,,4.45
2026-10-09T00:08:42.188544+02:00,36609429,Brasileiro Serie B,Brazil,Nautico PE,Gremio Novorizontino SP,2026-10-08T22:30:00+00:00,21.2969,soccer.match_odds,period=ft,draw,,3.95
2026-10-09T00:08:42.188544+02:00,36609429,Brasileiro Serie B,Brazil,Nautico PE,Gremio Novorizontino SP,2026-10-08T22:30:00+00:00,21.2969,soccer.match_odds,period=ft,away,,1.73
2026-10-09T00:08:42.188544+02:00,36609429,Brasileiro Serie B,Brazil,Nautico PE,Gremio Novorizontino SP,2026-10-08T22:30:00+00:00,21.2969,soccer.total_goals,period=ft,over,total=2.75,1.99
2026-10-09T00:08:42.188544+02:00,36609429,Brasileiro Serie B,Brazil,Nautico PE,Gremio Novorizontino SP,2026-10-08T22:30:00+00:00,21.2969,soccer.total_goals,period=ft,under,total=2.75,1.84
2026-10-09T00:08:42.188544+02:00,36609429,Brasileiro Serie B,Brazil,Nautico PE,Gremio Novorizontino SP,2026-10-08T22:30:00+00:00,21.2969,soccer.total_goals,period=ft,over,total=1.5,1.23
2026-10-09T00:08:42.188544+02:00,36609429,Brasileiro Serie B,Brazil,Nautico PE,Gremio Novorizontino SP,2026-10-08T22:30:00+00:00,21.2969,soccer.total_goals,period=ft,under,total=1.5,4.0
2026-10-09T00:08:42.188544+02:00,36609429,Brasileiro Serie B,Brazil,Nautico PE,Gremio Novorizontino SP,2026-10-08T22:30:00+00:00,21.2969,soccer.total_goals,period=ft,over,total=2.25,1.56
2026-10-09T00:08:42.188544+02:00,36609429,Brasileiro Serie B,Brazil,Nautico PE,Gremio Novorizontino SP,2026-10-08T22:30:00+00:00,21.2969,soccer.total_goals,period=ft,under,total=2.25,2.4
2026-10-09T00:08:42.188544+02:00,36609429,Brasileiro Serie B,Brazil,Nautico PE,Gremio Novorizontino SP,2026-10-08T22:30:00+00:00,21.2969,soccer.total_goals,period=ft,over,total=2.5,1.77
2026-10-09T00:08:42.188544+02:00,36609429,Brasileiro Serie B,Brazil,Nautico PE,Gremio Novorizontino SP,2026-10-08T22:30:00+00:00,21.2969,soccer.total_goals,period=ft,under,total=2.5,2.05
2026-10-09T00:08:42.188544+02:00,36609429,Brasileiro Serie B,Brazil,Nautico PE,Gremio Novorizontino SP,2026-10-08T22:30:00+00:00,21.2969,soccer.total_goals,period=ft,over,total=3,2.3
2026-10-09T00:08:42.188544+02:00,36609429,Brasileiro Serie B,Brazil,Nautico PE,Gremio Novorizontino SP,2026-10-08T22:30:00+00:00,21.2969,soccer.total_goals,period=ft,under,total=3,1.61
2026-10-09T00:08:42.188544+02:00,36609429,Brasileiro Serie B,Brazil,Nautico PE,Gremio Novorizontino SP,2026-10-08T22:30:00+00:00,21.2969,soccer.total_goals,period=ft,over,total=3.25,2.6
2026-10-09T00:08:42.188544+02:00,36609429,Brasileiro Serie B,Brazil,Nautico PE,Gremio Novorizontino SP,2026-10-08T22:30:00+00:00,21.2969,soccer.total_goals,period=ft,under,total=3.25,1.48
2026-10-09T00:08:42.188544+02:00,36609429,Brasileiro Serie B,Brazil,Nautico PE,Gremio Novorizontino SP,2026-10-08T22:30:00+00:00,21.2969,soccer.total_goals,period=ft,over,total=3.5,2.9
2026-10-09T00:08:42.188544+02:00,36609429,Brasileiro Serie B,Brazil,Nautico PE,Gremio Novorizontino SP,2026-10-08T22:30:00+00:00,21.2969,soccer.total_goals,period=ft,under,total=3.5,1.39
2026-10-09T00:08:42.188544+02:00,36609429,Brasileiro Serie B,Brazil,Nautico PE,Gremio Novorizontino SP,2026-10-08T22:30:00+00:00,21.2969,soccer.total_goals,period=ft,over,total=4.5,5.55
2026-10-09T00:08:42.188544+02:00,36609429,Brasileiro Serie B,Brazil,Nautico PE,Gremio Novorizontino SP,2026-10-08T22:30:00+00:00,21.2969,soccer.total_goals,period=ft,under,total=4.5,1.14
2026-10-09T00:11:00.408837+02:00,36626420,"Primera A, Clausura",Colombia,Atletico Nacional Medellin,CD Tolima,2026-10-08T23:05:00+00:00,53.9932,soccer.asian_handicap,period=ft,home,handicap=-0.75,1.85
2026-10-09T00:11:00.408837+02:00,36626420,"Primera A, Clausura",Colombia,Atletico Nacional Medellin,CD Tolima,2026-10-08T23:05:00+00:00,53.9932,soccer.asian_handicap,period=ft,away,handicap=-0.75,1.99
2026-10-09T00:11:00.408837+02:00,36626420,"Primera A, Clausura",Colombia,Atletico Nacional Medellin,CD Tolima,2026-10-08T23:05:00+00:00,53.9932,soccer.asian_handicap,period=ft,home,handicap=-1.75,3.45
2026-10-09T00:11:00.408837+02:00,36626420,"Primera A, Clausura",Colombia,Atletico Nacional Medellin,CD Tolima,2026-10-08T23:05:00+00:00,53.9932,soccer.asian_handicap,period=ft,away,handicap=-1.75,1.3
2026-10-09T00:11:00.408837+02:00,36626420,"Primera A, Clausura",Colombia,Atletico Nacional Medellin,CD Tolima,2026-10-08T23:05:00+00:00,53.9932,soccer.asian_handicap,period=ft,home,handicap=-1.5,2.8
2026-10-09T00:11:00.408837+02:00,36626420,"Primera A, Clausura",Colombia,Atletico Nacional Medellin,CD Tolima,2026-10-08T23:05:00+00:00,53.9932,soccer.asian_handicap,period=ft,away,handicap=-1.5,1.42
2026-10-09T00:11:00.408837+02:00,36626420,"Primera A, Clausura",Colombia,Atletico Nacional Medellin,CD Tolima,2026-10-08T23:05:00+00:00,53.9932,soccer.asian_handicap,period=ft,home,handicap=-1.25,2.45
2026-10-09T00:11:00.408837+02:00,36626420,"Primera A, Clausura",Colombia,Atletico Nacional Medellin,CD Tolima,2026-10-08T23:05:00+00:00,53.9932,soccer.asian_handicap,period=ft,away,handicap=-1.25,1.53
2026-10-09T00:11:00.408837+02:00,36626420,"Primera A, Clausura",Colombia,Atletico Nacional Medellin,CD Tolima,2026-10-08T23:05:00+00:00,53.9932,soccer.asian_handicap,period=ft,home,handicap=-1,2.15
2026-10-09T00:11:00.408837+02:00,36626420,"Primera A, Clausura",Colombia,Atletico Nacional Medellin,CD Tolima,2026-10-08T23:05:00+00:00,53.9932,soccer.asian_handicap,period=ft,away,handicap=-1,1.7
2026-10-09T00:11:00.408837+02:00,36626420,"Primera A, Clausura",Colombia,Atletico Nacional Medellin,CD Tolima,2026-10-08T23:05:00+00:00,53.9932,soccer.asian_handicap,period=ft,home,handicap=-0.5,1.65
2026-10-09T00:11:00.408837+02:00,36626420,"Primera A, Clausura",Colombia,Atletico Nacional Medellin,CD Tolima,2026-10-08T23:05:00+00:00,53.9932,soccer.asian_handicap,period=ft,away,handicap=-0.5,2.2
2026-10-09T00:11:00.408837+02:00,36626420,"Primera A, Clausura",Colombia,Atletico Nacional Medellin,CD Tolima,2026-10-08T23:05:00+00:00,53.9932,soccer.asian_handicap,period=ft,home,handicap=-0.25,1.45
2026-10-09T00:11:00.408837+02:00,36626420,"Primera A, Clausura",Colombia,Atletico Nacional Medellin,CD Tolima,2026-10-08T23:05:00+00:00,53.9932,soccer.asian_handicap,period=ft,away,handicap=-0.25,2.75
2026-10-09T00:11:00.408837+02:00,36626420,"Primera A, Clausura",Colombia,Atletico Nacional Medellin,CD Tolima,2026-10-08T23:05:00+00:00,53.9932,soccer.asian_handicap,period=ft,home,handicap=0,1.25
2026-10-09T00:11:00.408837+02:00,36626420,"Primera A, Clausura",Colombia,Atletico Nacional Medellin,CD Tolima,2026-10-08T23:05:00+00:00,53.9932,soccer.asian_handicap,period=ft,away,handicap=0,3.9
2026-10-09T00:11:00.408837+02:00,36626420,"Primera A, Clausura",Colombia,Atletico Nacional Medellin,CD Tolima,2026-10-08T23:05:00+00:00,53.9932,soccer.asian_handicap,period=ft,home,handicap=0.25,1.2
2026-10-09T00:11:00.408837+02:00,36626420,"Primera A, Clausura",Colombia,Atletico Nacional Medellin,CD Tolima,2026-10-08T23:05:00+00:00,53.9932,soccer.asian_handicap,period=ft,away,handicap=0.25,4.45
2026-10-09T00:11:00.408837+02:00,36626420,"Primera A, Clausura",Colombia,Atletico Nacional Medellin,CD Tolima,2026-10-08T23:05:00+00:00,53.9932,soccer.double_chance,period=ft,draw_away,,2.08
2026-10-09T00:11:00.408837+02:00,36626420,"Primera A, Clausura",Colombia,Atletico Nacional Medellin,CD Tolima,2026-10-08T23:05:00+00:00,53.9932,soccer.double_chance,period=ft,home_away,,1.28
2026-10-09T00:11:00.408837+02:00,36626420,"Primera A, Clausura",Colombia,Atletico Nacional Medellin,CD Tolima,2026-10-08T23:05:00+00:00,53.9932,soccer.double_chance,period=ft,home_draw,,1.2
2026-10-09T00:11:00.408837+02:00,36626420,"Primera A, Clausura",Colombia,Atletico Nacional Medellin,CD Tolima,2026-10-08T23:05:00+00:00,53.9932,soccer.match_odds,period=ft,home,,1.65
2026-10-09T00:11:00.408837+02:00,36626420,"Primera A, Clausura",Colombia,Atletico Nacional Medellin,CD Tolima,2026-10-08T23:05:00+00:00,53.9932,soccer.match_odds,period=ft,draw,,3.8
2026-10-09T00:11:00.408837+02:00,36626420,"Primera A, Clausura",Colombia,Atletico Nacional Medellin,CD Tolima,2026-10-08T23:05:00+00:00,53.9932,soccer.match_odds,period=ft,away,,5.1
2026-10-09T00:11:00.408837+02:00,36626420,"Primera A, Clausura",Colombia,Atletico Nacional Medellin,CD Tolima,2026-10-08T23:05:00+00:00,53.9932,soccer.total_goals,period=ft,over,total=2.5,1.83
2026-10-09T00:11:00.408837+02:00,36626420,"Primera A, Clausura",Colombia,Atletico Nacional Medellin,CD Tolima,2026-10-08T23:05:00+00:00,53.9932,soccer.total_goals,period=ft,under,total=2.5,1.98
2026-10-09T00:11:00.408837+02:00,36626420,"Primera A, Clausura",Colombia,Atletico Nacional Medellin,CD Tolima,2026-10-08T23:05:00+00:00,53.9932,soccer.total_goals,period=ft,over,total=1.5,1.25
2026-10-09T00:11:00.408837+02:00,36626420,"Primera A, Clausura",Colombia,Atletico Nacional Medellin,CD Tolima,2026-10-08T23:05:00+00:00,53.9932,soccer.total_goals,period=ft,under,total=1.5,3.75
2026-10-09T00:11:00.408837+02:00,36626420,"Primera A, Clausura",Colombia,Atletico Nacional Medellin,CD Tolima,2026-10-08T23:05:00+00:00,53.9932,soccer.total_goals,period=ft,over,total=2,1.39
2026-10-09T00:11:00.408837+02:00,36626420,"Primera A, Clausura",Colombia,Atletico Nacional Medellin,CD Tolima,2026-10-08T23:05:00+00:00,53.9932,soccer.total_goals,period=ft,under,total=2,2.9
2026-10-09T00:11:00.408837+02:00,36626420,"Primera A, Clausura",Colombia,Atletico Nacional Medellin,CD Tolima,2026-10-08T23:05:00+00:00,53.9932,soccer.total_goals,period=ft,over,total=2.25,1.61
2026-10-09T00:11:00.408837+02:00,36626420,"Primera A, Clausura",Colombia,Atletico Nacional Medellin,CD Tolima,2026-10-08T23:05:00+00:00,53.9932,soccer.total_goals,period=ft,under,total=2.25,2.3
2026-10-09T00:11:00.408837+02:00,36626420,"Primera A, Clausura",Colombia,Atletico Nacional Medellin,CD Tolima,2026-10-08T23:05:00+00:00,53.9932,soccer.total_goals,period=ft,over,total=2.75,2.05
2026-10-09T00:11:00.408837+02:00,36626420,"Primera A, Clausura",Colombia,Atletico Nacional Medellin,CD Tolima,2026-10-08T23:05:00+00:00,53.9932,soccer.total_goals,period=ft,under,total=2.75,1.75
2026-10-09T00:11:00.408837+02:00,36626420,"Primera A, Clausura",Colombia,Atletico Nacional Medellin,CD Tolima,2026-10-08T23:05:00+00:00,53.9932,soccer.total_goals,period=ft,over,total=3,2.45
2026-10-09T00:11:00.408837+02:00,36626420,"Primera A, Clausura",Colombia,Atletico Nacional Medellin,CD Tolima,2026-10-08T23:05:00+00:00,53.9932,soccer.total_goals,period=ft,under,total=3,1.54
2026-10-09T00:11:00.408837+02:00,36626420,"Primera A, Clausura",Colombia,Atletico Nacional Medellin,CD Tolima,2026-10-08T23:05:00+00:00,53.9932,soccer.total_goals,period=ft,over,total=3.5,3.05
2026-10-09T00:11:00.408837+02:00,36626420,"Primera A, Clausura",Colombia,Atletico Nacional Medellin,CD Tolima,2026-10-08T23:05:00+00:00,53.9932,soccer.total_goals,period=ft,under,total=3.5,1.35
2026-10-09T00:11:00.408837+02:00,36626420,"Primera A, Clausura",Colombia,Atletico Nacional Medellin,CD Tolima,2026-10-08T23:05:00+00:00,53.9932,soccer.total_goals,period=ft,over,total=4.5,6.1
2026-10-09T00:11:00.408837+02:00,36626420,"Primera A, Clausura",Colombia,Atletico Nacional Medellin,CD Tolima,2026-10-08T23:05:00+00:00,53.9932,soccer.total_goals,period=ft,under,total=4.5,1.11
2026-10-09T00:11:00.408837+02:00,36698652,Brazil Campeonato Paraibano (PB) Division 2,Brazil,AD Guarabira,Auto EC (PB),2026-10-08T22:30:00+00:00,18.9932,soccer.asian_handicap,period=ft,home,handicap=0.25,1.76
2026-10-09T00:11:00.408837+02:00,36698652,Brazil Campeonato Paraibano (PB) Division 2,Brazil,AD Guarabira,Auto EC (PB),2026-10-08T22:30:00+00:00,18.9932,soccer.asian_handicap,period=ft,away,handicap=0.25,1.95
2026-10-09T00:11:00.408837+02:00,36698652,Brazil Campeonato Paraibano (PB) Division 2,Brazil,AD Guarabira,Auto EC (PB),2026-10-08T22:30:00+00:00,18.9932,soccer.asian_handicap,period=ft,home,handicap=-0.5,2.8
2026-10-09T00:11:00.408837+02:00,36698652,Brazil Campeonato Paraibano (PB) Division 2,Brazil,AD Guarabira,Auto EC (PB),2026-10-08T22:30:00+00:00,18.9932,soccer.asian_handicap,period=ft,away,handicap=-0.5,1.33
2026-10-09T00:11:00.408837+02:00,36698652,Brazil Campeonato Paraibano (PB) Division 2,Brazil,AD Guarabira,Auto EC (PB),2026-10-08T22:30:00+00:00,18.9932,soccer.asian_handicap,period=ft,home,handicap=-0.25,2.45
2026-10-09T00:11:00.408837+02:00,36698652,Brazil Campeonato Paraibano (PB) Division 2,Brazil,AD Guarabira,Auto EC (PB),2026-10-08T22:30:00+00:00,18.9932,soccer.asian_handicap,period=ft,away,handicap=-0.25,1.44
2026-10-09T00:11:00.408837+02:00,36698652,Brazil Campeonato Paraibano (PB) Division 2,Brazil,AD Guarabira,Auto EC (PB),2026-10-08T22:30:00+00:00,18.9932,soccer.asian_handicap,period=ft,home,handicap=0,2.1
2026-10-09T00:11:00.408837+02:00,36698652,Brazil Campeonato Paraibano (PB) Division 2,Brazil,AD Guarabira,Auto EC (PB),2026-10-08T22:30:00+00:00,18.9932,soccer.asian_handicap,period=ft,away,handicap=0,1.62
2026-10-09T00:11:00.408837+02:00,36698652,Brazil Campeonato Paraibano (PB) Division 2,Brazil,AD Guarabira,Auto EC (PB),2026-10-08T22:30:00+00:00,18.9932,soccer.asian_handicap,period=ft,home,handicap=0.5,1.55
2026-10-09T00:11:00.408837+02:00,36698652,Brazil Campeonato Paraibano (PB) Division 2,Brazil,AD Guarabira,Auto EC (PB),2026-10-08T22:30:00+00:00,18.9932,soccer.asian_handicap,period=ft,away,handicap=0.5,2.2
2026-10-09T00:11:00.408837+02:00,36698652,Brazil Campeonato Paraibano (PB) Division 2,Brazil,AD Guarabira,Auto EC (PB),2026-10-08T22:30:00+00:00,18.9932,soccer.asian_handicap,period=ft,home,handicap=0.75,1.39
2026-10-09T00:11:00.408837+02:00,36698652,Brazil Campeonato Paraibano (PB) Division 2,Brazil,AD Guarabira,Auto EC (PB),2026-10-08T22:30:00+00:00,18.9932,soccer.asian_handicap,period=ft,away,handicap=0.75,2.6
2026-10-09T00:11:00.408837+02:00,36698652,Brazil Campeonato Paraibano (PB) Division 2,Brazil,AD Guarabira,Auto EC (PB),2026-10-08T22:30:00+00:00,18.9932,soccer.asian_handicap,period=ft,home,handicap=1,1.23
2026-10-09T00:11:00.408837+02:00,36698652,Brazil Campeonato Paraibano (PB) Division 2,Brazil,AD Guarabira,Auto EC (PB),2026-10-08T22:30:00+00:00,18.9932,soccer.asian_handicap,period=ft,away,handicap=1,3.4
2026-10-09T00:11:00.408837+02:00,36698652,Brazil Campeonato Paraibano (PB) Division 2,Brazil,AD Guarabira,Auto EC (PB),2026-10-08T22:30:00+00:00,18.9932,soccer.total_goals,period=ft,over,total=2.5,1.91
2026-10-09T00:11:00.408837+02:00,36698652,Brazil Campeonato Paraibano (PB) Division 2,Brazil,AD Guarabira,Auto EC (PB),2026-10-08T22:30:00+00:00,18.9932,soccer.total_goals,period=ft,under,total=2.5,1.79
2026-10-09T00:11:00.408837+02:00,36698652,Brazil Campeonato Paraibano (PB) Division 2,Brazil,AD Guarabira,Auto EC (PB),2026-10-08T22:30:00+00:00,18.9932,soccer.total_goals,period=ft,over,total=1.75,1.32
2026-10-09T00:11:00.408837+02:00,36698652,Brazil Campeonato Paraibano (PB) Division 2,Brazil,AD Guarabira,Auto EC (PB),2026-10-08T22:30:00+00:00,18.9932,soccer.total_goals,period=ft,under,total=1.75,2.9
2026-10-09T00:11:00.408837+02:00,36698652,Brazil Campeonato Paraibano (PB) Division 2,Brazil,AD Guarabira,Auto EC (PB),2026-10-08T22:30:00+00:00,18.9932,soccer.total_goals,period=ft,over,total=2,1.42
2026-10-09T00:11:00.408837+02:00,36698652,Brazil Campeonato Paraibano (PB) Division 2,Brazil,AD Guarabira,Auto EC (PB),2026-10-08T22:30:00+00:00,18.9932,soccer.total_goals,period=ft,under,total=2,2.5
2026-10-09T00:11:00.408837+02:00,36698652,Brazil Campeonato Paraibano (PB) Division 2,Brazil,AD Guarabira,Auto EC (PB),2026-10-08T22:30:00+00:00,18.9932,soccer.total_goals,period=ft,over,total=2.25,1.66
2026-10-09T00:11:00.408837+02:00,36698652,Brazil Campeonato Paraibano (PB) Division 2,Brazil,AD Guarabira,Auto EC (PB),2026-10-08T22:30:00+00:00,18.9932,soccer.total_goals,period=ft,under,total=2.25,2.04
2026-10-09T00:11:00.408837+02:00,36698652,Brazil Campeonato Paraibano (PB) Division 2,Brazil,AD Guarabira,Auto EC (PB),2026-10-08T22:30:00+00:00,18.9932,soccer.total_goals,period=ft,over,total=2.75,2.15
2026-10-09T00:11:00.408837+02:00,36698652,Brazil Campeonato Paraibano (PB) Division 2,Brazil,AD Guarabira,Auto EC (PB),2026-10-08T22:30:00+00:00,18.9932,soccer.total_goals,period=ft,under,total=2.75,1.6
2026-10-09T00:11:00.408837+02:00,36698652,Brazil Campeonato Paraibano (PB) Division 2,Brazil,AD Guarabira,Auto EC (PB),2026-10-08T22:30:00+00:00,18.9932,soccer.total_goals,period=ft,over,total=3,2.55
2026-10-09T00:11:00.408837+02:00,36698652,Brazil Campeonato Paraibano (PB) Division 2,Brazil,AD Guarabira,Auto EC (PB),2026-10-08T22:30:00+00:00,18.9932,soccer.total_goals,period=ft,under,total=3,1.41
2026-10-09T00:11:00.408837+02:00,36698652,Brazil Campeonato Paraibano (PB) Division 2,Brazil,AD Guarabira,Auto EC (PB),2026-10-08T22:30:00+00:00,18.9932,soccer.total_goals,period=ft,over,total=3.25,2.85
2026-10-09T00:11:00.408837+02:00,36698652,Brazil Campeonato Paraibano (PB) Division 2,Brazil,AD Guarabira,Auto EC (PB),2026-10-08T22:30:00+00:00,18.9932,soccer.total_goals,period=ft,under,total=3.25,1.33
2026-10-09T00:11:00.408837+02:00,36609426,Brasileiro Serie B,Brazil,Ceara SC CE,Criciuma EC SC,2026-10-08T22:30:00+00:00,18.9932,soccer.asian_handicap,period=ft,home,handicap=0,1.89
2026-10-09T00:11:00.408837+02:00,36609426,Brasileiro Serie B,Brazil,Ceara SC CE,Criciuma EC SC,2026-10-08T22:30:00+00:00,18.9932,soccer.asian_handicap,period=ft,away,handicap=0,1.95
2026-10-09T00:11:00.408837+02:00,36609426,Brasileiro Serie B,Brazil,Ceara SC CE,Criciuma EC SC,2026-10-08T22:30:00+00:00,18.9932,soccer.asian_handicap,period=ft,home,handicap=-1,4.75
2026-10-09T00:11:00.408837+02:00,36609426,Brasileiro Serie B,Brazil,Ceara SC CE,Criciuma EC SC,2026-10-08T22:30:00+00:00,18.9932,soccer.asian_handicap,period=ft,away,handicap=-1,1.18
2026-10-09T00:11:00.408837+02:00,36609426,Brasileiro Serie B,Brazil,Ceara SC CE,Criciuma EC SC,2026-10-08T22:30:00+00:00,18.9932,soccer.asian_handicap,period=ft,home,handicap=-0.75,3.3
2026-10-09T00:11:00.408837+02:00,36609426,Brasileiro Serie B,Brazil,Ceara SC CE,Criciuma EC SC,2026-10-08T22:30:00+00:00,18.9932,soccer.asian_handicap,period=ft,away,handicap=-0.75,1.33
2026-10-09T00:11:00.408837+02:00,36609426,Brasileiro Serie B,Brazil,Ceara SC CE,Criciuma EC SC,2026-10-08T22:30:00+00:00,18.9932,soccer.asian_handicap,period=ft,home,handicap=-0.5,2.65
2026-10-09T00:11:00.408837+02:00,36609426,Brasileiro Serie B,Brazil,Ceara SC CE,Criciuma EC SC,2026-10-08T22:30:00+00:00,18.9932,soccer.asian_handicap,period=ft,away,handicap=-0.5,1.48
2026-10-09T00:11:00.408837+02:00,36609426,Brasileiro Serie B,Brazil,Ceara SC CE,Criciuma EC SC,2026-10-08T22:30:00+00:00,18.9932,soccer.asian_handicap,period=ft,home,handicap=-0.25,2.25
2026-10-09T00:11:00.408837+02:00,36609426,Brasileiro Serie B,Brazil,Ceara SC CE,Criciuma EC SC,2026-10-08T22:30:00+00:00,18.9932,soccer.asian_handicap,period=ft,away,handicap=-0.25,1.64
2026-10-09T00:11:00.408837+02:00,36609426,Brasileiro Serie B,Brazil,Ceara SC CE,Criciuma EC SC,2026-10-08T22:30:00+00:00,18.9932,soccer.asian_handicap,period=ft,home,handicap=0.25,1.61
2026-10-09T00:11:00.408837+02:00,36609426,Brasileiro Serie B,Brazil,Ceara SC CE,Criciuma EC SC,2026-10-08T22:30:00+00:00,18.9932,soccer.asian_handicap,period=ft,away,handicap=0.25,2.3
2026-10-09T00:11:00.408837+02:00,36609426,Brasileiro Serie B,Brazil,Ceara SC CE,Criciuma EC SC,2026-10-08T22:30:00+00:00,18.9932,soccer.asian_handicap,period=ft,home,handicap=0.5,1.46
2026-10-09T00:11:00.408837+02:00,36609426,Brasileiro Serie B,Brazil,Ceara SC CE,Criciuma EC SC,2026-10-08T22:30:00+00:00,18.9932,soccer.asian_handicap,period=ft,away,handicap=0.5,2.7
2026-10-09T00:11:00.408837+02:00,36609426,Brasileiro Serie B,Brazil,Ceara SC CE,Criciuma EC SC,2026-10-08T22:30:00+00:00,18.9932,soccer.asian_handicap,period=ft,home,handicap=0.75,1.31
2026-10-09T00:11:00.408837+02:00,36609426,Brasileiro Serie B,Brazil,Ceara SC CE,Criciuma EC SC,2026-10-08T22:30:00+00:00,18.9932,soccer.asian_handicap,period=ft,away,handicap=0.75,3.4
2026-10-09T00:11:00.408837+02:00,36609426,Brasileiro Serie B,Brazil,Ceara SC CE,Criciuma EC SC,2026-10-08T22:30:00+00:00,18.9932,soccer.asian_handicap,period=ft,home,handicap=1,1.17
2026-10-09T00:11:00.408837+02:00,36609426,Brasileiro Serie B,Brazil,Ceara SC CE,Criciuma EC SC,2026-10-08T22:30:00+00:00,18.9932,soccer.asian_handicap,period=ft,away,handicap=1,5.05
2026-10-09T00:11:00.408837+02:00,36609426,Brasileiro Serie B,Brazil,Ceara SC CE,Criciuma EC SC,2026-10-08T22:30:00+00:00,18.9932,soccer.double_chance,period=ft,draw_away,,1.47
2026-10-09T00:11:00.408837+02:00,36609426,Brasileiro Serie B,Brazil,Ceara SC CE,Criciuma EC SC,2026-10-08T22:30:00+00:00,18.9932,soccer.double_chance,period=ft,home_away,,1.35
2026-10-09T00:11:00.408837+02:00,36609426,Brasileiro Serie B,Brazil,Ceara SC CE,Criciuma EC SC,2026-10-08T22:30:00+00:00,18.9932,soccer.double_chance,period=ft,home_draw,,1.45
2026-10-09T00:11:00.408837+02:00,36609426,Brasileiro Serie B,Brazil,Ceara SC CE,Criciuma EC SC,2026-10-08T22:30:00+00:00,18.9932,soccer.match_odds,period=ft,home,,2.65
2026-10-09T00:11:00.408837+02:00,36609426,Brasileiro Serie B,Brazil,Ceara SC CE,Criciuma EC SC,2026-10-08T22:30:00+00:00,18.9932,soccer.match_odds,period=ft,draw,,3.15
2026-10-09T00:11:00.408837+02:00,36609426,Brasileiro Serie B,Brazil,Ceara SC CE,Criciuma EC SC,2026-10-08T22:30:00+00:00,18.9932,soccer.match_odds,period=ft,away,,2.75
2026-10-09T00:11:00.408837+02:00,36609426,Brasileiro Serie B,Brazil,Ceara SC CE,Criciuma EC SC,2026-10-08T22:30:00+00:00,18.9932,soccer.total_goals,period=ft,over,total=2.25,2.03
2026-10-09T00:11:00.408837+02:00,36609426,Brasileiro Serie B,Brazil,Ceara SC CE,Criciuma EC SC,2026-10-08T22:30:00+00:00,18.9932,soccer.total_goals,period=ft,under,total=2.25,1.8
2026-10-09T00:11:00.408837+02:00,36609426,Brasileiro Serie B,Brazil,Ceara SC CE,Criciuma EC SC,2026-10-08T22:30:00+00:00,18.9932,soccer.total_goals,period=ft,over,total=1.5,1.4
2026-10-09T00:11:00.408837+02:00,36609426,Brasileiro Serie B,Brazil,Ceara SC CE,Criciuma EC SC,2026-10-08T22:30:00+00:00,18.9932,soccer.total_goals,period=ft,under,total=1.5,2.9
2026-10-09T00:11:00.408837+02:00,36609426,Brasileiro Serie B,Brazil,Ceara SC CE,Criciuma EC SC,2026-10-08T22:30:00+00:00,18.9932,soccer.total_goals,period=ft,over,total=1.75,1.52
2026-10-09T00:11:00.408837+02:00,36609426,Brasileiro Serie B,Brazil,Ceara SC CE,Criciuma EC SC,2026-10-08T22:30:00+00:00,18.9932,soccer.total_goals,period=ft,under,total=1.75,2.5
2026-10-09T00:11:00.408837+02:00,36609426,Brasileiro Serie B,Brazil,Ceara SC CE,Criciuma EC SC,2026-10-08T22:30:00+00:00,18.9932,soccer.total_goals,period=ft,over,total=2,1.71
2026-10-09T00:11:00.408837+02:00,36609426,Brasileiro Serie B,Brazil,Ceara SC CE,Criciuma EC SC,2026-10-08T22:30:00+00:00,18.9932,soccer.total_goals,period=ft,under,total=2,2.14
2026-10-09T00:11:00.408837+02:00,36609426,Brasileiro Serie B,Brazil,Ceara SC CE,Criciuma EC SC,2026-10-08T22:30:00+00:00,18.9932,soccer.total_goals,period=ft,over,total=2.5,2.3
2026-10-09T00:11:00.408837+02:00,36609426,Brasileiro Serie B,Brazil,Ceara SC CE,Criciuma EC SC,2026-10-08T22:30:00+00:00,18.9932,soccer.total_goals,period=ft,under,total=2.5,1.6
2026-10-09T00:11:00.408837+02:00,36609426,Brasileiro Serie B,Brazil,Ceara SC CE,Criciuma EC SC,2026-10-08T22:30:00+00:00,18.9932,soccer.total_goals,period=ft,over,total=2.75,2.75
2026-10-09T00:11:00.408837+02:00,36609426,Brasileiro Serie B,Brazil,Ceara SC CE,Criciuma EC SC,2026-10-08T22:30:00+00:00,18.9932,soccer.total_goals,period=ft,under,total=2.75,1.44
2026-10-09T00:11:00.408837+02:00,36609426,Brasileiro Serie B,Brazil,Ceara SC CE,Criciuma EC SC,2026-10-08T22:30:00+00:00,18.9932,soccer.total_goals,period=ft,over,total=3.5,4.4
2026-10-09T00:11:00.408837+02:00,36609426,Brasileiro Serie B,Brazil,Ceara SC CE,Criciuma EC SC,2026-10-08T22:30:00+00:00,18.9932,soccer.total_goals,period=ft,under,total=3.5,1.2
2026-10-09T00:11:00.408837+02:00,36609429,Brasileiro Serie B,Brazil,Nautico PE,Gremio Novorizontino SP,2026-10-08T22:30:00+00:00,18.9932,soccer.asian_handicap,period=ft,home,handicap=0.75,1.85
2026-10-09T00:11:00.408837+02:00,36609429,Brasileiro Serie B,Brazil,Nautico PE,Gremio Novorizontino SP,2026-10-08T22:30:00+00:00,18.9932,soccer.asian_handicap,period=ft,away,handicap=0.75,2.0
2026-10-09T00:11:00.408837+02:00,36609429,Brasileiro Serie B,Brazil,Nautico PE,Gremio Novorizontino SP,2026-10-08T22:30:00+00:00,18.9932,soccer.asian_handicap,period=ft,home,handicap=-0.25,3.8
2026-10-09T00:11:00.408837+02:00,36609429,Brasileiro Serie B,Brazil,Nautico PE,Gremio Novorizontino SP,2026-10-08T22:30:00+00:00,18.9932,soccer.asian_handicap,period=ft,away,handicap=-0.25,1.26
2026-10-09T00:11:00.408837+02:00,36609429,Brasileiro Serie B,Brazil,Nautico PE,Gremio Novorizontino SP,2026-10-08T22:30:00+00:00,18.9932,soccer.asian_handicap,period=ft,home,handicap=0,3.3
2026-10-09T00:11:00.408837+02:00,36609429,Brasileiro Serie B,Brazil,Nautico PE,Gremio Novorizontino SP,2026-10-08T22:30:00+00:00,18.9932,soccer.asian_handicap,period=ft,away,handicap=0,1.33
2026-10-09T00:11:00.408837+02:00,36609429,Brasileiro Serie B,Brazil,Nautico PE,Gremio Novorizontino SP,2026-10-08T22:30:00+00:00,18.9932,soccer.asian_handicap,period=ft,home,handicap=0.25,2.45
2026-10-09T00:11:00.408837+02:00,36609429,Brasileiro Serie B,Brazil,Nautico PE,Gremio Novorizontino SP,2026-10-08T22:30:00+00:00,18.9932,soccer.asian_handicap,period=ft,away,handicap=0.25,1.55
2026-10-09T00:11:00.408837+02:00,36609429,Brasileiro Serie B,Brazil,Nautico PE,Gremio Novorizontino SP,2026-10-08T22:30:00+00:00,18.9932,soccer.asian_handicap,period=ft,home,handicap=0.5,2.08
2026-10-09T00:11:00.408837+02:00,36609429,Brasileiro Serie B,Brazil,Nautico PE,Gremio Novorizontino SP,2026-10-08T22:30:00+00:00,18.9932,soccer.asian_handicap,period=ft,away,handicap=0.5,1.76
2026-10-09T00:11:00.408837+02:00,36609429,Brasileiro Serie B,Brazil,Nautico PE,Gremio Novorizontino SP,2026-10-08T22:30:00+00:00,18.9932,soccer.asian_handicap,period=ft,home,handicap=1,1.6
2026-10-09T00:11:00.408837+02:00,36609429,Brasileiro Serie B,Brazil,Nautico PE,Gremio Novorizontino SP,2026-10-08T22:30:00+00:00,18.9932,soccer.asian_handicap,period=ft,away,handicap=1,2.35
2026-10-09T00:11:00.408837+02:00,36609429,Brasileiro Serie B,Brazil,Nautico PE,Gremio Novorizontino SP,2026-10-08T22:30:00+00:00,18.9932,soccer.asian_handicap,period=ft,home,handicap=1.25,1.47
2026-10-09T00:11:00.408837+02:00,36609429,Brasileiro Serie B,Brazil,Nautico PE,Gremio Novorizontino SP,2026-10-08T22:30:00+00:00,18.9932,soccer.asian_handicap,period=ft,away,handicap=1.25,2.7
2026-10-09T00:11:00.408837+02:00,36609429,Brasileiro Serie B,Brazil,Nautico PE,Gremio Novorizontino SP,2026-10-08T22:30:00+00:00,18.9932,soccer.asian_handicap,period=ft,home,handicap=1.5,1.38
2026-10-09T00:11:00.408837+02:00,36609429,Brasileiro Serie B,Brazil,Nautico PE,Gremio Novorizontino SP,2026-10-08T22:30:00+00:00,18.9932,soccer.asian_handicap,period=ft,away,handicap=1.5,3.05
2026-10-09T00:11:00.408837+02:00,36609429,Brasileiro Serie B,Brazil,Nautico PE,Gremio Novorizontino SP,2026-10-08T22:30:00+00:00,18.9932,soccer.asian_handicap,period=ft,home,handicap=1.75,1.26
2026-10-09T00:11:00.408837+02:00,36609429,Brasileiro Serie B,Brazil,Nautico PE,Gremio Novorizontino SP,2026-10-08T22:30:00+00:00,18.9932,soccer.asian_handicap,period=ft,away,handicap=1.75,3.8
2026-10-09T00:11:00.408837+02:00,36609429,Brasileiro Serie B,Brazil,Nautico PE,Gremio Novorizontino SP,2026-10-08T22:30:00+00:00,18.9932,soccer.double_chance,period=ft,draw_away,,1.22
2026-10-09T00:11:00.408837+02:00,36609429,Brasileiro Serie B,Brazil,Nautico PE,Gremio Novorizontino SP,2026-10-08T22:30:00+00:00,18.9932,soccer.double_chance,period=ft,home_away,,1.26
2026-10-09T00:11:00.408837+02:00,36609429,Brasileiro Serie B,Brazil,Nautico PE,Gremio Novorizontino SP,2026-10-08T22:30:00+00:00,18.9932,soccer.double_chance,period=ft,home_draw,,2.05
2026-10-09T00:11:00.408837+02:00,36609429,Brasileiro Serie B,Brazil,Nautico PE,Gremio Novorizontino SP,2026-10-08T22:30:00+00:00,18.9932,soccer.match_odds,period=ft,home,,4.3
2026-10-09T00:11:00.408837+02:00,36609429,Brasileiro Serie B,Brazil,Nautico PE,Gremio Novorizontino SP,2026-10-08T22:30:00+00:00,18.9932,soccer.match_odds,period=ft,draw,,3.85
2026-10-09T00:11:00.408837+02:00,36609429,Brasileiro Serie B,Brazil,Nautico PE,Gremio Novorizontino SP,2026-10-08T22:30:00+00:00,18.9932,soccer.match_odds,period=ft,away,,1.76
2026-10-09T00:11:00.408837+02:00,36609429,Brasileiro Serie B,Brazil,Nautico PE,Gremio Novorizontino SP,2026-10-08T22:30:00+00:00,18.9932,soccer.total_goals,period=ft,over,total=2.75,2.0
2026-10-09T00:11:00.408837+02:00,36609429,Brasileiro Serie B,Brazil,Nautico PE,Gremio Novorizontino SP,2026-10-08T22:30:00+00:00,18.9932,soccer.total_goals,period=ft,under,total=2.75,1.83
2026-10-09T00:11:00.408837+02:00,36609429,Brasileiro Serie B,Brazil,Nautico PE,Gremio Novorizontino SP,2026-10-08T22:30:00+00:00,18.9932,soccer.total_goals,period=ft,over,total=1.5,1.23
2026-10-09T00:11:00.408837+02:00,36609429,Brasileiro Serie B,Brazil,Nautico PE,Gremio Novorizontino SP,2026-10-08T22:30:00+00:00,18.9932,soccer.total_goals,period=ft,under,total=1.5,4.0
2026-10-09T00:11:00.408837+02:00,36609429,Brasileiro Serie B,Brazil,Nautico PE,Gremio Novorizontino SP,2026-10-08T22:30:00+00:00,18.9932,soccer.total_goals,period=ft,over,total=2.25,1.57
2026-10-09T00:11:00.408837+02:00,36609429,Brasileiro Serie B,Brazil,Nautico PE,Gremio Novorizontino SP,2026-10-08T22:30:00+00:00,18.9932,soccer.total_goals,period=ft,under,total=2.25,2.4
2026-10-09T00:11:00.408837+02:00,36609429,Brasileiro Serie B,Brazil,Nautico PE,Gremio Novorizontino SP,2026-10-08T22:30:00+00:00,18.9932,soccer.total_goals,period=ft,over,total=2.5,1.78
2026-10-09T00:11:00.408837+02:00,36609429,Brasileiro Serie B,Brazil,Nautico PE,Gremio Novorizontino SP,2026-10-08T22:30:00+00:00,18.9932,soccer.total_goals,period=ft,under,total=2.5,2.04
2026-10-09T00:11:00.408837+02:00,36609429,Brasileiro Serie B,Brazil,Nautico PE,Gremio Novorizontino SP,2026-10-08T22:30:00+00:00,18.9932,soccer.total_goals,period=ft,over,total=3,2.3
2026-10-09T00:11:00.408837+02:00,36609429,Brasileiro Serie B,Brazil,Nautico PE,Gremio Novorizontino SP,2026-10-08T22:30:00+00:00,18.9932,soccer.total_goals,period=ft,under,total=3,1.6
2026-10-09T00:11:00.408837+02:00,36609429,Brasileiro Serie B,Brazil,Nautico PE,Gremio Novorizontino SP,2026-10-08T22:30:00+00:00,18.9932,soccer.total_goals,period=ft,over,total=3.25,2.65
2026-10-09T00:11:00.408837+02:00,36609429,Brasileiro Serie B,Brazil,Nautico PE,Gremio Novorizontino SP,2026-10-08T22:30:00+00:00,18.9932,soccer.total_goals,period=ft,under,total=3.25,1.48
2026-10-09T00:11:00.408837+02:00,36609429,Brasileiro Serie B,Brazil,Nautico PE,Gremio Novorizontino SP,2026-10-08T22:30:00+00:00,18.9932,soccer.total_goals,period=ft,over,total=3.5,2.9
2026-10-09T00:11:00.408837+02:00,36609429,Brasileiro Serie B,Brazil,Nautico PE,Gremio Novorizontino SP,2026-10-08T22:30:00+00:00,18.9932,soccer.total_goals,period=ft,under,total=3.5,1.39
2026-10-09T00:11:00.408837+02:00,36609429,Brasileiro Serie B,Brazil,Nautico PE,Gremio Novorizontino SP,2026-10-08T22:30:00+00:00,18.9932,soccer.total_goals,period=ft,over,total=4.5,5.6
2026-10-09T00:11:00.408837+02:00,36609429,Brasileiro Serie B,Brazil,Nautico PE,Gremio Novorizontino SP,2026-10-08T22:30:00+00:00,18.9932,soccer.total_goals,period=ft,under,total=4.5,1.14
2026-10-09T00:11:00.408837+02:00,36435234,Brasileiro Serie A,Brazil,Santos FC SP,CR Flamengo RJ,2026-10-08T22:30:00+00:00,18.9932,soccer.asian_handicap,period=ft,home,handicap=0.75,1.85
2026-10-09T00:11:00.408837+02:00,36435234,Brasileiro Serie A,Brazil,Santos FC SP,CR Flamengo RJ,2026-10-08T22:30:00+00:00,18.9932,soccer.asian_handicap,period=ft,away,handicap=0.75,2.02
2026-10-09T00:11:00.408837+02:00,36435234,Brasileiro Serie A,Brazil,Santos FC SP,CR Flamengo RJ,2026-10-08T22:30:00+00:00,18.9932,soccer.asian_handicap,period=ft,home,handicap=-0.25,3.75
2026-10-09T00:11:00.408837+02:00,36435234,Brasileiro Serie A,Brazil,Santos FC SP,CR Flamengo RJ,2026-10-08T22:30:00+00:00,18.9932,soccer.asian_handicap,period=ft,away,handicap=-0.25,1.28
2026-10-09T00:11:00.408837+02:00,36435234,Brasileiro Serie A,Brazil,Santos FC SP,CR Flamengo RJ,2026-10-08T22:30:00+00:00,18.9932,soccer.asian_handicap,period=ft,home,handicap=0,3.25
2026-10-09T00:11:00.408837+02:00,36435234,Brasileiro Serie A,Brazil,Santos FC SP,CR Flamengo RJ,2026-10-08T22:30:00+00:00,18.9932,soccer.asian_handicap,period=ft,away,handicap=0,1.35
2026-10-09T00:11:00.408837+02:00,36435234,Brasileiro Serie A,Brazil,Santos FC SP,CR Flamengo RJ,2026-10-08T22:30:00+00:00,18.9932,soccer.asian_handicap,period=ft,home,handicap=0.25,2.45
2026-10-09T00:11:00.408837+02:00,36435234,Brasileiro Serie A,Brazil,Santos FC SP,CR Flamengo RJ,2026-10-08T22:30:00+00:00,18.9932,soccer.asian_handicap,period=ft,away,handicap=0.25,1.56
2026-10-09T00:11:00.408837+02:00,36435234,Brasileiro Serie A,Brazil,Santos FC SP,CR Flamengo RJ,2026-10-08T22:30:00+00:00,18.9932,soccer.asian_handicap,period=ft,home,handicap=0.5,2.08
2026-10-09T00:11:00.408837+02:00,36435234,Brasileiro Serie A,Brazil,Santos FC SP,CR Flamengo RJ,2026-10-08T22:30:00+00:00,18.9932,soccer.asian_handicap,period=ft,away,handicap=0.5,1.78
2026-10-09T00:11:00.408837+02:00,36435234,Brasileiro Serie A,Brazil,Santos FC SP,CR Flamengo RJ,2026-10-08T22:30:00+00:00,18.9932,soccer.asian_handicap,period=ft,home,handicap=1,1.6
2026-10-09T00:11:00.408837+02:00,36435234,Brasileiro Serie A,Brazil,Santos FC SP,CR Flamengo RJ,2026-10-08T22:30:00+00:00,18.9932,soccer.asian_handicap,period=ft,away,handicap=1,2.4
2026-10-09T00:11:00.408837+02:00,36435234,Brasileiro Serie A,Brazil,Santos FC SP,CR Flamengo RJ,2026-10-08T22:30:00+00:00,18.9932,soccer.asian_handicap,period=ft,home,handicap=1.25,1.47
2026-10-09T00:11:00.408837+02:00,36435234,Brasileiro Serie A,Brazil,Santos FC SP,CR Flamengo RJ,2026-10-08T22:30:00+00:00,18.9932,soccer.asian_handicap,period=ft,away,handicap=1.25,2.75
2026-10-09T00:11:00.408837+02:00,36435234,Brasileiro Serie A,Brazil,Santos FC SP,CR Flamengo RJ,2026-10-08T22:30:00+00:00,18.9932,soccer.asian_handicap,period=ft,home,handicap=1.5,1.38
2026-10-09T00:11:00.408837+02:00,36435234,Brasileiro Serie A,Brazil,Santos FC SP,CR Flamengo RJ,2026-10-08T22:30:00+00:00,18.9932,soccer.asian_handicap,period=ft,away,handicap=1.5,3.05
2026-10-09T00:11:00.408837+02:00,36435234,Brasileiro Serie A,Brazil,Santos FC SP,CR Flamengo RJ,2026-10-08T22:30:00+00:00,18.9932,soccer.asian_handicap,period=ft,home,handicap=1.75,1.27
2026-10-09T00:11:00.408837+02:00,36435234,Brasileiro Serie A,Brazil,Santos FC SP,CR Flamengo RJ,2026-10-08T22:30:00+00:00,18.9932,soccer.asian_handicap,period=ft,away,handicap=1.75,3.85
2026-10-09T00:11:00.408837+02:00,36435234,Brasileiro Serie A,Brazil,Santos FC SP,CR Flamengo RJ,2026-10-08T22:30:00+00:00,18.9932,soccer.double_chance,period=ft,draw_away,,1.23
2026-10-09T00:11:00.408837+02:00,36435234,Brasileiro Serie A,Brazil,Santos FC SP,CR Flamengo RJ,2026-10-08T22:30:00+00:00,18.9932,soccer.double_chance,period=ft,home_away,,1.26
2026-10-09T00:11:00.408837+02:00,36435234,Brasileiro Serie A,Brazil,Santos FC SP,CR Flamengo RJ,2026-10-08T22:30:00+00:00,18.9932,soccer.double_chance,period=ft,home_draw,,2.07
2026-10-09T00:11:00.408837+02:00,36435234,Brasileiro Serie A,Brazil,Santos FC SP,CR Flamengo RJ,2026-10-08T22:30:00+00:00,18.9932,soccer.match_odds,period=ft,home,,4.3
2026-10-09T00:11:00.408837+02:00,36435234,Brasileiro Serie A,Brazil,Santos FC SP,CR Flamengo RJ,2026-10-08T22:30:00+00:00,18.9932,soccer.match_odds,period=ft,draw,,3.95
2026-10-09T00:11:00.408837+02:00,36435234,Brasileiro Serie A,Brazil,Santos FC SP,CR Flamengo RJ,2026-10-08T22:30:00+00:00,18.9932,soccer.match_odds,period=ft,away,,1.79
2026-10-09T00:11:00.408837+02:00,36435234,Brasileiro Serie A,Brazil,Santos FC SP,CR Flamengo RJ,2026-10-08T22:30:00+00:00,18.9932,soccer.total_goals,period=ft,over,total=3,2.0
2026-10-09T00:11:00.408837+02:00,36435234,Brasileiro Serie A,Brazil,Santos FC SP,CR Flamengo RJ,2026-10-08T22:30:00+00:00,18.9932,soccer.total_goals,period=ft,under,total=3,1.86
2026-10-09T00:11:00.408837+02:00,36435234,Brasileiro Serie A,Brazil,Santos FC SP,CR Flamengo RJ,2026-10-08T22:30:00+00:00,18.9932,soccer.total_goals,period=ft,over,total=1.5,1.18
2026-10-09T00:11:00.408837+02:00,36435234,Brasileiro Serie A,Brazil,Santos FC SP,CR Flamengo RJ,2026-10-08T22:30:00+00:00,18.9932,soccer.total_goals,period=ft,under,total=1.5,4.85
2026-10-09T00:11:00.408837+02:00,36435234,Brasileiro Serie A,Brazil,Santos FC SP,CR Flamengo RJ,2026-10-08T22:30:00+00:00,18.9932,soccer.total_goals,period=ft,over,total=2.5,1.6
2026-10-09T00:11:00.408837+02:00,36435234,Brasileiro Serie A,Brazil,Santos FC SP,CR Flamengo RJ,2026-10-08T22:30:00+00:00,18.9932,soccer.total_goals,period=ft,under,total=2.5,2.35
2026-10-09T00:11:00.408837+02:00,36435234,Brasileiro Serie A,Brazil,Santos FC SP,CR Flamengo RJ,2026-10-08T22:30:00+00:00,18.9932,soccer.total_goals,period=ft,over,total=2.75,1.74
2026-10-09T00:11:00.408837+02:00,36435234,Brasileiro Serie A,Brazil,Santos FC SP,CR Flamengo RJ,2026-10-08T22:30:00+00:00,18.9932,soccer.total_goals,period=ft,under,total=2.75,2.11
2026-10-09T00:11:00.408837+02:00,36435234,Brasileiro Serie A,Brazil,Santos FC SP,CR Flamengo RJ,2026-10-08T22:30:00+00:00,18.9932,soccer.total_goals,period=ft,over,total=3.25,2.25
2026-10-09T00:11:00.408837+02:00,36435234,Brasileiro Serie A,Brazil,Santos FC SP,CR Flamengo RJ,2026-10-08T22:30:00+00:00,18.9932,soccer.total_goals,period=ft,under,total=3.25,1.65
2026-10-09T00:11:00.408837+02:00,36435234,Brasileiro Serie A,Brazil,Santos FC SP,CR Flamengo RJ,2026-10-08T22:30:00+00:00,18.9932,soccer.total_goals,period=ft,over,total=3.5,2.55
2026-10-09T00:11:00.408837+02:00,36435234,Brasileiro Serie A,Brazil,Santos FC SP,CR Flamengo RJ,2026-10-08T22:30:00+00:00,18.9932,soccer.total_goals,period=ft,under,total=3.5,1.53
2026-10-09T00:11:00.408837+02:00,36435234,Brasileiro Serie A,Brazil,Santos FC SP,CR Flamengo RJ,2026-10-08T22:30:00+00:00,18.9932,soccer.total_goals,period=ft,over,total=4.5,4.8
2026-10-09T00:11:00.408837+02:00,36435234,Brasileiro Serie A,Brazil,Santos FC SP,CR Flamengo RJ,2026-10-08T22:30:00+00:00,18.9932,soccer.total_goals,period=ft,under,total=4.5,1.18
2026-10-09T00:11:00.408837+02:00,36435235,Brasileiro Serie A,Brazil,CA Paranaense PR,Atletico Mineiro MG,2026-10-08T23:00:00+00:00,48.9932,soccer.asian_handicap,period=ft,home,handicap=-0.5,2.05
2026-10-09T00:11:00.408837+02:00,36435235,Brasileiro Serie A,Brazil,CA Paranaense PR,Atletico Mineiro MG,2026-10-08T23:00:00+00:00,48.9932,soccer.asian_handicap,period=ft,away,handicap=-0.5,1.83
2026-10-09T00:11:00.408837+02:00,36435235,Brasileiro Serie A,Brazil,CA Paranaense PR,Atletico Mineiro MG,2026-10-08T23:00:00+00:00,48.9932,soccer.asian_handicap,period=ft,home,handicap=-1.5,3.85
2026-10-09T00:11:00.408837+02:00,36435235,Brasileiro Serie A,Brazil,CA Paranaense PR,Atletico Mineiro MG,2026-10-08T23:00:00+00:00,48.9932,soccer.asian_handicap,period=ft,away,handicap=-1.5,1.27
2026-10-09T00:11:00.408837+02:00,36435235,Brasileiro Serie A,Brazil,CA Paranaense PR,Atletico Mineiro MG,2026-10-08T23:00:00+00:00,48.9932,soccer.asian_handicap,period=ft,home,handicap=-1.25,3.4
2026-10-09T00:11:00.408837+02:00,36435235,Brasileiro Serie A,Brazil,CA Paranaense PR,Atletico Mineiro MG,2026-10-08T23:00:00+00:00,48.9932,soccer.asian_handicap,period=ft,away,handicap=-1.25,1.32
2026-10-09T00:11:00.408837+02:00,36435235,Brasileiro Serie A,Brazil,CA Paranaense PR,Atletico Mineiro MG,2026-10-08T23:00:00+00:00,48.9932,soccer.asian_handicap,period=ft,home,handicap=-1,3.0
2026-10-09T00:11:00.408837+02:00,36435235,Brasileiro Serie A,Brazil,CA Paranaense PR,Atletico Mineiro MG,2026-10-08T23:00:00+00:00,48.9932,soccer.asian_handicap,period=ft,away,handicap=-1,1.4
2026-10-09T00:11:00.408837+02:00,36435235,Brasileiro Serie A,Brazil,CA Paranaense PR,Atletico Mineiro MG,2026-10-08T23:00:00+00:00,48.9932,soccer.asian_handicap,period=ft,home,handicap=-0.75,2.35
2026-10-09T00:11:00.408837+02:00,36435235,Brasileiro Serie A,Brazil,CA Paranaense PR,Atletico Mineiro MG,2026-10-08T23:00:00+00:00,48.9932,soccer.asian_handicap,period=ft,away,handicap=-0.75,1.61
2026-10-09T00:11:00.408837+02:00,36435235,Brasileiro Serie A,Brazil,CA Paranaense PR,Atletico Mineiro MG,2026-10-08T23:00:00+00:00,48.9932,soccer.asian_handicap,period=ft,home,handicap=-0.25,1.75
2026-10-09T00:11:00.408837+02:00,36435235,Brasileiro Serie A,Brazil,CA Paranaense PR,Atletico Mineiro MG,2026-10-08T23:00:00+00:00,48.9932,soccer.asian_handicap,period=ft,away,handicap=-0.25,2.13
2026-10-09T00:11:00.408837+02:00,36435235,Brasileiro Serie A,Brazil,CA Paranaense PR,Atletico Mineiro MG,2026-10-08T23:00:00+00:00,48.9932,soccer.asian_handicap,period=ft,home,handicap=0,1.46
2026-10-09T00:11:00.408837+02:00,36435235,Brasileiro Serie A,Brazil,CA Paranaense PR,Atletico Mineiro MG,2026-10-08T23:00:00+00:00,48.9932,soccer.asian_handicap,period=ft,away,handicap=0,2.8
2026-10-09T00:11:00.408837+02:00,36435235,Brasileiro Serie A,Brazil,CA Paranaense PR,Atletico Mineiro MG,2026-10-08T23:00:00+00:00,48.9932,soccer.asian_handicap,period=ft,home,handicap=0.25,1.34
2026-10-09T00:11:00.408837+02:00,36435235,Brasileiro Serie A,Brazil,CA Paranaense PR,Atletico Mineiro MG,2026-10-08T23:00:00+00:00,48.9932,soccer.asian_handicap,period=ft,away,handicap=0.25,3.3
2026-10-09T00:11:00.408837+02:00,36435235,Brasileiro Serie A,Brazil,CA Paranaense PR,Atletico Mineiro MG,2026-10-08T23:00:00+00:00,48.9932,soccer.asian_handicap,period=ft,home,handicap=0.5,1.27
2026-10-09T00:11:00.408837+02:00,36435235,Brasileiro Serie A,Brazil,CA Paranaense PR,Atletico Mineiro MG,2026-10-08T23:00:00+00:00,48.9932,soccer.asian_handicap,period=ft,away,handicap=0.5,3.85
2026-10-09T00:11:00.408837+02:00,36435235,Brasileiro Serie A,Brazil,CA Paranaense PR,Atletico Mineiro MG,2026-10-08T23:00:00+00:00,48.9932,soccer.double_chance,period=ft,draw_away,,1.8
2026-10-09T00:11:00.408837+02:00,36435235,Brasileiro Serie A,Brazil,CA Paranaense PR,Atletico Mineiro MG,2026-10-08T23:00:00+00:00,48.9932,soccer.double_chance,period=ft,home_away,,1.34
2026-10-09T00:11:00.408837+02:00,36435235,Brasileiro Serie A,Brazil,CA Paranaense PR,Atletico Mineiro MG,2026-10-08T23:00:00+00:00,48.9932,soccer.double_chance,period=ft,home_draw,,1.27
2026-10-09T00:11:00.408837+02:00,36435235,Brasileiro Serie A,Brazil,CA Paranaense PR,Atletico Mineiro MG,2026-10-08T23:00:00+00:00,48.9932,soccer.match_odds,period=ft,home,,2.04
2026-10-09T00:11:00.408837+02:00,36435235,Brasileiro Serie A,Brazil,CA Paranaense PR,Atletico Mineiro MG,2026-10-08T23:00:00+00:00,48.9932,soccer.match_odds,period=ft,draw,,3.35
2026-10-09T00:11:00.408837+02:00,36435235,Brasileiro Serie A,Brazil,CA Paranaense PR,Atletico Mineiro MG,2026-10-08T23:00:00+00:00,48.9932,soccer.match_odds,period=ft,away,,3.9
2026-10-09T00:11:00.408837+02:00,36435235,Brasileiro Serie A,Brazil,CA Paranaense PR,Atletico Mineiro MG,2026-10-08T23:00:00+00:00,48.9932,soccer.total_goals,period=ft,over,total=2.5,1.91
2026-10-09T00:11:00.408837+02:00,36435235,Brasileiro Serie A,Brazil,CA Paranaense PR,Atletico Mineiro MG,2026-10-08T23:00:00+00:00,48.9932,soccer.total_goals,period=ft,under,total=2.5,1.95
2026-10-09T00:11:00.408837+02:00,36435235,Brasileiro Serie A,Brazil,CA Paranaense PR,Atletico Mineiro MG,2026-10-08T23:00:00+00:00,48.9932,soccer.total_goals,period=ft,over,total=1.5,1.27
2026-10-09T00:11:00.408837+02:00,36435235,Brasileiro Serie A,Brazil,CA Paranaense PR,Atletico Mineiro MG,2026-10-08T23:00:00+00:00,48.9932,soccer.total_goals,period=ft,under,total=1.5,3.75
2026-10-09T00:11:00.408837+02:00,36435235,Brasileiro Serie A,Brazil,CA Paranaense PR,Atletico Mineiro MG,2026-10-08T23:00:00+00:00,48.9932,soccer.total_goals,period=ft,over,total=2,1.43
2026-10-09T00:11:00.408837+02:00,36435235,Brasileiro Serie A,Brazil,CA Paranaense PR,Atletico Mineiro MG,2026-10-08T23:00:00+00:00,48.9932,soccer.total_goals,period=ft,under,total=2,2.85
2026-10-09T00:11:00.408837+02:00,36435235,Brasileiro Serie A,Brazil,CA Paranaense PR,Atletico Mineiro MG,2026-10-08T23:00:00+00:00,48.9932,soccer.total_goals,period=ft,over,total=2.25,1.66
2026-10-09T00:11:00.408837+02:00,36435235,Brasileiro Serie A,Brazil,CA Paranaense PR,Atletico Mineiro MG,2026-10-08T23:00:00+00:00,48.9932,soccer.total_goals,period=ft,under,total=2.25,2.2
2026-10-09T00:11:00.408837+02:00,36435235,Brasileiro Serie A,Brazil,CA Paranaense PR,Atletico Mineiro MG,2026-10-08T23:00:00+00:00,48.9932,soccer.total_goals,period=ft,over,total=2.75,2.14
2026-10-09T00:11:00.408837+02:00,36435235,Brasileiro Serie A,Brazil,CA Paranaense PR,Atletico Mineiro MG,2026-10-08T23:00:00+00:00,48.9932,soccer.total_goals,period=ft,under,total=2.75,1.72
2026-10-09T00:11:00.408837+02:00,36435235,Brasileiro Serie A,Brazil,CA Paranaense PR,Atletico Mineiro MG,2026-10-08T23:00:00+00:00,48.9932,soccer.total_goals,period=ft,over,total=3,2.55
2026-10-09T00:11:00.408837+02:00,36435235,Brasileiro Serie A,Brazil,CA Paranaense PR,Atletico Mineiro MG,2026-10-08T23:00:00+00:00,48.9932,soccer.total_goals,period=ft,under,total=3,1.51
2026-10-09T00:11:00.408837+02:00,36435235,Brasileiro Serie A,Brazil,CA Paranaense PR,Atletico Mineiro MG,2026-10-08T23:00:00+00:00,48.9932,soccer.total_goals,period=ft,over,total=3.5,3.2
2026-10-09T00:11:00.408837+02:00,36435235,Brasileiro Serie A,Brazil,CA Paranaense PR,Atletico Mineiro MG,2026-10-08T23:00:00+00:00,48.9932,soccer.total_goals,period=ft,under,total=3.5,1.34
2026-10-09T00:11:00.408837+02:00,36435235,Brasileiro Serie A,Brazil,CA Paranaense PR,Atletico Mineiro MG,2026-10-08T23:00:00+00:00,48.9932,soccer.total_goals,period=ft,over,total=4.5,6.45
2026-10-09T00:11:00.408837+02:00,36435235,Brasileiro Serie A,Brazil,CA Paranaense PR,Atletico Mineiro MG,2026-10-08T23:00:00+00:00,48.9932,soccer.total_goals,period=ft,under,total=4.5,1.12
2026-10-09T00:12:43.758870+02:00,36698652,Brazil Campeonato Paraibano (PB) Division 2,Brazil,AD Guarabira,Auto EC (PB),2026-10-08T22:30:00+00:00,17.2707,soccer.asian_handicap,period=ft,home,handicap=0.25,1.76
2026-10-09T00:12:43.758870+02:00,36698652,Brazil Campeonato Paraibano (PB) Division 2,Brazil,AD Guarabira,Auto EC (PB),2026-10-08T22:30:00+00:00,17.2707,soccer.asian_handicap,period=ft,away,handicap=0.25,1.95
2026-10-09T00:12:43.758870+02:00,36698652,Brazil Campeonato Paraibano (PB) Division 2,Brazil,AD Guarabira,Auto EC (PB),2026-10-08T22:30:00+00:00,17.2707,soccer.asian_handicap,period=ft,home,handicap=-0.5,2.8
2026-10-09T00:12:43.758870+02:00,36698652,Brazil Campeonato Paraibano (PB) Division 2,Brazil,AD Guarabira,Auto EC (PB),2026-10-08T22:30:00+00:00,17.2707,soccer.asian_handicap,period=ft,away,handicap=-0.5,1.33
2026-10-09T00:12:43.758870+02:00,36698652,Brazil Campeonato Paraibano (PB) Division 2,Brazil,AD Guarabira,Auto EC (PB),2026-10-08T22:30:00+00:00,17.2707,soccer.asian_handicap,period=ft,home,handicap=-0.25,2.45
2026-10-09T00:12:43.758870+02:00,36698652,Brazil Campeonato Paraibano (PB) Division 2,Brazil,AD Guarabira,Auto EC (PB),2026-10-08T22:30:00+00:00,17.2707,soccer.asian_handicap,period=ft,away,handicap=-0.25,1.44
2026-10-09T00:12:43.758870+02:00,36698652,Brazil Campeonato Paraibano (PB) Division 2,Brazil,AD Guarabira,Auto EC (PB),2026-10-08T22:30:00+00:00,17.2707,soccer.asian_handicap,period=ft,home,handicap=0,2.1
2026-10-09T00:12:43.758870+02:00,36698652,Brazil Campeonato Paraibano (PB) Division 2,Brazil,AD Guarabira,Auto EC (PB),2026-10-08T22:30:00+00:00,17.2707,soccer.asian_handicap,period=ft,away,handicap=0,1.62
2026-10-09T00:12:43.758870+02:00,36698652,Brazil Campeonato Paraibano (PB) Division 2,Brazil,AD Guarabira,Auto EC (PB),2026-10-08T22:30:00+00:00,17.2707,soccer.asian_handicap,period=ft,home,handicap=0.5,1.55
2026-10-09T00:12:43.758870+02:00,36698652,Brazil Campeonato Paraibano (PB) Division 2,Brazil,AD Guarabira,Auto EC (PB),2026-10-08T22:30:00+00:00,17.2707,soccer.asian_handicap,period=ft,away,handicap=0.5,2.2
2026-10-09T00:12:43.758870+02:00,36698652,Brazil Campeonato Paraibano (PB) Division 2,Brazil,AD Guarabira,Auto EC (PB),2026-10-08T22:30:00+00:00,17.2707,soccer.asian_handicap,period=ft,home,handicap=0.75,1.39
2026-10-09T00:12:43.758870+02:00,36698652,Brazil Campeonato Paraibano (PB) Division 2,Brazil,AD Guarabira,Auto EC (PB),2026-10-08T22:30:00+00:00,17.2707,soccer.asian_handicap,period=ft,away,handicap=0.75,2.6
2026-10-09T00:12:43.758870+02:00,36698652,Brazil Campeonato Paraibano (PB) Division 2,Brazil,AD Guarabira,Auto EC (PB),2026-10-08T22:30:00+00:00,17.2707,soccer.asian_handicap,period=ft,home,handicap=1,1.23
2026-10-09T00:12:43.758870+02:00,36698652,Brazil Campeonato Paraibano (PB) Division 2,Brazil,AD Guarabira,Auto EC (PB),2026-10-08T22:30:00+00:00,17.2707,soccer.asian_handicap,period=ft,away,handicap=1,3.4
2026-10-09T00:12:43.758870+02:00,36698652,Brazil Campeonato Paraibano (PB) Division 2,Brazil,AD Guarabira,Auto EC (PB),2026-10-08T22:30:00+00:00,17.2707,soccer.total_goals,period=ft,over,total=2.5,1.91
2026-10-09T00:12:43.758870+02:00,36698652,Brazil Campeonato Paraibano (PB) Division 2,Brazil,AD Guarabira,Auto EC (PB),2026-10-08T22:30:00+00:00,17.2707,soccer.total_goals,period=ft,under,total=2.5,1.79
2026-10-09T00:12:43.758870+02:00,36698652,Brazil Campeonato Paraibano (PB) Division 2,Brazil,AD Guarabira,Auto EC (PB),2026-10-08T22:30:00+00:00,17.2707,soccer.total_goals,period=ft,over,total=1.75,1.32
2026-10-09T00:12:43.758870+02:00,36698652,Brazil Campeonato Paraibano (PB) Division 2,Brazil,AD Guarabira,Auto EC (PB),2026-10-08T22:30:00+00:00,17.2707,soccer.total_goals,period=ft,under,total=1.75,2.9
2026-10-09T00:12:43.758870+02:00,36698652,Brazil Campeonato Paraibano (PB) Division 2,Brazil,AD Guarabira,Auto EC (PB),2026-10-08T22:30:00+00:00,17.2707,soccer.total_goals,period=ft,over,total=2,1.42
2026-10-09T00:12:43.758870+02:00,36698652,Brazil Campeonato Paraibano (PB) Division 2,Brazil,AD Guarabira,Auto EC (PB),2026-10-08T22:30:00+00:00,17.2707,soccer.total_goals,period=ft,under,total=2,2.5
2026-10-09T00:12:43.758870+02:00,36698652,Brazil Campeonato Paraibano (PB) Division 2,Brazil,AD Guarabira,Auto EC (PB),2026-10-08T22:30:00+00:00,17.2707,soccer.total_goals,period=ft,over,total=2.25,1.66
2026-10-09T00:12:43.758870+02:00,36698652,Brazil Campeonato Paraibano (PB) Division 2,Brazil,AD Guarabira,Auto EC (PB),2026-10-08T22:30:00+00:00,17.2707,soccer.total_goals,period=ft,under,total=2.25,2.04
2026-10-09T00:12:43.758870+02:00,36698652,Brazil Campeonato Paraibano (PB) Division 2,Brazil,AD Guarabira,Auto EC (PB),2026-10-08T22:30:00+00:00,17.2707,soccer.total_goals,period=ft,over,total=2.75,2.15
2026-10-09T00:12:43.758870+02:00,36698652,Brazil Campeonato Paraibano (PB) Division 2,Brazil,AD Guarabira,Auto EC (PB),2026-10-08T22:30:00+00:00,17.2707,soccer.total_goals,period=ft,under,total=2.75,1.6
2026-10-09T00:12:43.758870+02:00,36698652,Brazil Campeonato Paraibano (PB) Division 2,Brazil,AD Guarabira,Auto EC (PB),2026-10-08T22:30:00+00:00,17.2707,soccer.total_goals,period=ft,over,total=3,2.55
2026-10-09T00:12:43.758870+02:00,36698652,Brazil Campeonato Paraibano (PB) Division 2,Brazil,AD Guarabira,Auto EC (PB),2026-10-08T22:30:00+00:00,17.2707,soccer.total_goals,period=ft,under,total=3,1.41
2026-10-09T00:12:43.758870+02:00,36698652,Brazil Campeonato Paraibano (PB) Division 2,Brazil,AD Guarabira,Auto EC (PB),2026-10-08T22:30:00+00:00,17.2707,soccer.total_goals,period=ft,over,total=3.25,2.85
2026-10-09T00:12:43.758870+02:00,36698652,Brazil Campeonato Paraibano (PB) Division 2,Brazil,AD Guarabira,Auto EC (PB),2026-10-08T22:30:00+00:00,17.2707,soccer.total_goals,period=ft,under,total=3.25,1.33
2026-10-09T00:12:43.758870+02:00,36626420,"Primera A, Clausura",Colombia,Atletico Nacional Medellin,CD Tolima,2026-10-08T23:05:00+00:00,52.2707,soccer.asian_handicap,period=ft,home,handicap=-0.75,1.85
2026-10-09T00:12:43.758870+02:00,36626420,"Primera A, Clausura",Colombia,Atletico Nacional Medellin,CD Tolima,2026-10-08T23:05:00+00:00,52.2707,soccer.asian_handicap,period=ft,away,handicap=-0.75,1.99
2026-10-09T00:12:43.758870+02:00,36626420,"Primera A, Clausura",Colombia,Atletico Nacional Medellin,CD Tolima,2026-10-08T23:05:00+00:00,52.2707,soccer.asian_handicap,period=ft,home,handicap=-1.75,3.45
2026-10-09T00:12:43.758870+02:00,36626420,"Primera A, Clausura",Colombia,Atletico Nacional Medellin,CD Tolima,2026-10-08T23:05:00+00:00,52.2707,soccer.asian_handicap,period=ft,away,handicap=-1.75,1.3
2026-10-09T00:12:43.758870+02:00,36626420,"Primera A, Clausura",Colombia,Atletico Nacional Medellin,CD Tolima,2026-10-08T23:05:00+00:00,52.2707,soccer.asian_handicap,period=ft,home,handicap=-1.5,2.8
2026-10-09T00:12:43.758870+02:00,36626420,"Primera A, Clausura",Colombia,Atletico Nacional Medellin,CD Tolima,2026-10-08T23:05:00+00:00,52.2707,soccer.asian_handicap,period=ft,away,handicap=-1.5,1.42
2026-10-09T00:12:43.758870+02:00,36626420,"Primera A, Clausura",Colombia,Atletico Nacional Medellin,CD Tolima,2026-10-08T23:05:00+00:00,52.2707,soccer.asian_handicap,period=ft,home,handicap=-1.25,2.45
2026-10-09T00:12:43.758870+02:00,36626420,"Primera A, Clausura",Colombia,Atletico Nacional Medellin,CD Tolima,2026-10-08T23:05:00+00:00,52.2707,soccer.asian_handicap,period=ft,away,handicap=-1.25,1.53
2026-10-09T00:12:43.758870+02:00,36626420,"Primera A, Clausura",Colombia,Atletico Nacional Medellin,CD Tolima,2026-10-08T23:05:00+00:00,52.2707,soccer.asian_handicap,period=ft,home,handicap=-1,2.15
2026-10-09T00:12:43.758870+02:00,36626420,"Primera A, Clausura",Colombia,Atletico Nacional Medellin,CD Tolima,2026-10-08T23:05:00+00:00,52.2707,soccer.asian_handicap,period=ft,away,handicap=-1,1.7
2026-10-09T00:12:43.758870+02:00,36626420,"Primera A, Clausura",Colombia,Atletico Nacional Medellin,CD Tolima,2026-10-08T23:05:00+00:00,52.2707,soccer.asian_handicap,period=ft,home,handicap=-0.5,1.65
2026-10-09T00:12:43.758870+02:00,36626420,"Primera A, Clausura",Colombia,Atletico Nacional Medellin,CD Tolima,2026-10-08T23:05:00+00:00,52.2707,soccer.asian_handicap,period=ft,away,handicap=-0.5,2.2
2026-10-09T00:12:43.758870+02:00,36626420,"Primera A, Clausura",Colombia,Atletico Nacional Medellin,CD Tolima,2026-10-08T23:05:00+00:00,52.2707,soccer.asian_handicap,period=ft,home,handicap=-0.25,1.45
2026-10-09T00:12:43.758870+02:00,36626420,"Primera A, Clausura",Colombia,Atletico Nacional Medellin,CD Tolima,2026-10-08T23:05:00+00:00,52.2707,soccer.asian_handicap,period=ft,away,handicap=-0.25,2.75
2026-10-09T00:12:43.758870+02:00,36626420,"Primera A, Clausura",Colombia,Atletico Nacional Medellin,CD Tolima,2026-10-08T23:05:00+00:00,52.2707,soccer.asian_handicap,period=ft,home,handicap=0,1.25
2026-10-09T00:12:43.758870+02:00,36626420,"Primera A, Clausura",Colombia,Atletico Nacional Medellin,CD Tolima,2026-10-08T23:05:00+00:00,52.2707,soccer.asian_handicap,period=ft,away,handicap=0,3.9
2026-10-09T00:12:43.758870+02:00,36626420,"Primera A, Clausura",Colombia,Atletico Nacional Medellin,CD Tolima,2026-10-08T23:05:00+00:00,52.2707,soccer.asian_handicap,period=ft,home,handicap=0.25,1.2
2026-10-09T00:12:43.758870+02:00,36626420,"Primera A, Clausura",Colombia,Atletico Nacional Medellin,CD Tolima,2026-10-08T23:05:00+00:00,52.2707,soccer.asian_handicap,period=ft,away,handicap=0.25,4.45
2026-10-09T00:12:43.758870+02:00,36626420,"Primera A, Clausura",Colombia,Atletico Nacional Medellin,CD Tolima,2026-10-08T23:05:00+00:00,52.2707,soccer.double_chance,period=ft,draw_away,,2.08
2026-10-09T00:12:43.758870+02:00,36626420,"Primera A, Clausura",Colombia,Atletico Nacional Medellin,CD Tolima,2026-10-08T23:05:00+00:00,52.2707,soccer.double_chance,period=ft,home_away,,1.28
2026-10-09T00:12:43.758870+02:00,36626420,"Primera A, Clausura",Colombia,Atletico Nacional Medellin,CD Tolima,2026-10-08T23:05:00+00:00,52.2707,soccer.double_chance,period=ft,home_draw,,1.2
2026-10-09T00:12:43.758870+02:00,36626420,"Primera A, Clausura",Colombia,Atletico Nacional Medellin,CD Tolima,2026-10-08T23:05:00+00:00,52.2707,soccer.match_odds,period=ft,home,,1.65
2026-10-09T00:12:43.758870+02:00,36626420,"Primera A, Clausura",Colombia,Atletico Nacional Medellin,CD Tolima,2026-10-08T23:05:00+00:00,52.2707,soccer.match_odds,period=ft,draw,,3.8
2026-10-09T00:12:43.758870+02:00,36626420,"Primera A, Clausura",Colombia,Atletico Nacional Medellin,CD Tolima,2026-10-08T23:05:00+00:00,52.2707,soccer.match_odds,period=ft,away,,5.1
2026-10-09T00:12:43.758870+02:00,36626420,"Primera A, Clausura",Colombia,Atletico Nacional Medellin,CD Tolima,2026-10-08T23:05:00+00:00,52.2707,soccer.total_goals,period=ft,over,total=2.5,1.83
2026-10-09T00:12:43.758870+02:00,36626420,"Primera A, Clausura",Colombia,Atletico Nacional Medellin,CD Tolima,2026-10-08T23:05:00+00:00,52.2707,soccer.total_goals,period=ft,under,total=2.5,1.98
2026-10-09T00:12:43.758870+02:00,36626420,"Primera A, Clausura",Colombia,Atletico Nacional Medellin,CD Tolima,2026-10-08T23:05:00+00:00,52.2707,soccer.total_goals,period=ft,over,total=1.5,1.25
2026-10-09T00:12:43.758870+02:00,36626420,"Primera A, Clausura",Colombia,Atletico Nacional Medellin,CD Tolima,2026-10-08T23:05:00+00:00,52.2707,soccer.total_goals,period=ft,under,total=1.5,3.75
2026-10-09T00:12:43.758870+02:00,36626420,"Primera A, Clausura",Colombia,Atletico Nacional Medellin,CD Tolima,2026-10-08T23:05:00+00:00,52.2707,soccer.total_goals,period=ft,over,total=2,1.39
2026-10-09T00:12:43.758870+02:00,36626420,"Primera A, Clausura",Colombia,Atletico Nacional Medellin,CD Tolima,2026-10-08T23:05:00+00:00,52.2707,soccer.total_goals,period=ft,under,total=2,2.9
2026-10-09T00:12:43.758870+02:00,36626420,"Primera A, Clausura",Colombia,Atletico Nacional Medellin,CD Tolima,2026-10-08T23:05:00+00:00,52.2707,soccer.total_goals,period=ft,over,total=2.25,1.61
2026-10-09T00:12:43.758870+02:00,36626420,"Primera A, Clausura",Colombia,Atletico Nacional Medellin,CD Tolima,2026-10-08T23:05:00+00:00,52.2707,soccer.total_goals,period=ft,under,total=2.25,2.3
2026-10-09T00:12:43.758870+02:00,36626420,"Primera A, Clausura",Colombia,Atletico Nacional Medellin,CD Tolima,2026-10-08T23:05:00+00:00,52.2707,soccer.total_goals,period=ft,over,total=2.75,2.05
2026-10-09T00:12:43.758870+02:00,36626420,"Primera A, Clausura",Colombia,Atletico Nacional Medellin,CD Tolima,2026-10-08T23:05:00+00:00,52.2707,soccer.total_goals,period=ft,under,total=2.75,1.75
2026-10-09T00:12:43.758870+02:00,36626420,"Primera A, Clausura",Colombia,Atletico Nacional Medellin,CD Tolima,2026-10-08T23:05:00+00:00,52.2707,soccer.total_goals,period=ft,over,total=3,2.45
2026-10-09T00:12:43.758870+02:00,36626420,"Primera A, Clausura",Colombia,Atletico Nacional Medellin,CD Tolima,2026-10-08T23:05:00+00:00,52.2707,soccer.total_goals,period=ft,under,total=3,1.54
2026-10-09T00:12:43.758870+02:00,36626420,"Primera A, Clausura",Colombia,Atletico Nacional Medellin,CD Tolima,2026-10-08T23:05:00+00:00,52.2707,soccer.total_goals,period=ft,over,total=3.5,3.05
2026-10-09T00:12:43.758870+02:00,36626420,"Primera A, Clausura",Colombia,Atletico Nacional Medellin,CD Tolima,2026-10-08T23:05:00+00:00,52.2707,soccer.total_goals,period=ft,under,total=3.5,1.35
2026-10-09T00:12:43.758870+02:00,36626420,"Primera A, Clausura",Colombia,Atletico Nacional Medellin,CD Tolima,2026-10-08T23:05:00+00:00,52.2707,soccer.total_goals,period=ft,over,total=4.5,6.1
2026-10-09T00:12:43.758870+02:00,36626420,"Primera A, Clausura",Colombia,Atletico Nacional Medellin,CD Tolima,2026-10-08T23:05:00+00:00,52.2707,soccer.total_goals,period=ft,under,total=4.5,1.11
2026-10-09T00:12:43.758870+02:00,36435234,Brasileiro Serie A,Brazil,Santos FC SP,CR Flamengo RJ,2026-10-08T22:30:00+00:00,17.2707,soccer.asian_handicap,period=ft,home,handicap=0.75,1.85
2026-10-09T00:12:43.758870+02:00,36435234,Brasileiro Serie A,Brazil,Santos FC SP,CR Flamengo RJ,2026-10-08T22:30:00+00:00,17.2707,soccer.asian_handicap,period=ft,away,handicap=0.75,2.02
2026-10-09T00:12:43.758870+02:00,36435234,Brasileiro Serie A,Brazil,Santos FC SP,CR Flamengo RJ,2026-10-08T22:30:00+00:00,17.2707,soccer.asian_handicap,period=ft,home,handicap=-0.25,3.75
2026-10-09T00:12:43.758870+02:00,36435234,Brasileiro Serie A,Brazil,Santos FC SP,CR Flamengo RJ,2026-10-08T22:30:00+00:00,17.2707,soccer.asian_handicap,period=ft,away,handicap=-0.25,1.28
2026-10-09T00:12:43.758870+02:00,36435234,Brasileiro Serie A,Brazil,Santos FC SP,CR Flamengo RJ,2026-10-08T22:30:00+00:00,17.2707,soccer.asian_handicap,period=ft,home,handicap=0,3.25
2026-10-09T00:12:43.758870+02:00,36435234,Brasileiro Serie A,Brazil,Santos FC SP,CR Flamengo RJ,2026-10-08T22:30:00+00:00,17.2707,soccer.asian_handicap,period=ft,away,handicap=0,1.35
2026-10-09T00:12:43.758870+02:00,36435234,Brasileiro Serie A,Brazil,Santos FC SP,CR Flamengo RJ,2026-10-08T22:30:00+00:00,17.2707,soccer.asian_handicap,period=ft,home,handicap=0.25,2.45
2026-10-09T00:12:43.758870+02:00,36435234,Brasileiro Serie A,Brazil,Santos FC SP,CR Flamengo RJ,2026-10-08T22:30:00+00:00,17.2707,soccer.asian_handicap,period=ft,away,handicap=0.25,1.56
2026-10-09T00:12:43.758870+02:00,36435234,Brasileiro Serie A,Brazil,Santos FC SP,CR Flamengo RJ,2026-10-08T22:30:00+00:00,17.2707,soccer.asian_handicap,period=ft,home,handicap=0.5,2.08
2026-10-09T00:12:43.758870+02:00,36435234,Brasileiro Serie A,Brazil,Santos FC SP,CR Flamengo RJ,2026-10-08T22:30:00+00:00,17.2707,soccer.asian_handicap,period=ft,away,handicap=0.5,1.78
2026-10-09T00:12:43.758870+02:00,36435234,Brasileiro Serie A,Brazil,Santos FC SP,CR Flamengo RJ,2026-10-08T22:30:00+00:00,17.2707,soccer.asian_handicap,period=ft,home,handicap=1,1.6
2026-10-09T00:12:43.758870+02:00,36435234,Brasileiro Serie A,Brazil,Santos FC SP,CR Flamengo RJ,2026-10-08T22:30:00+00:00,17.2707,soccer.asian_handicap,period=ft,away,handicap=1,2.4
2026-10-09T00:12:43.758870+02:00,36435234,Brasileiro Serie A,Brazil,Santos FC SP,CR Flamengo RJ,2026-10-08T22:30:00+00:00,17.2707,soccer.asian_handicap,period=ft,home,handicap=1.25,1.47
2026-10-09T00:12:43.758870+02:00,36435234,Brasileiro Serie A,Brazil,Santos FC SP,CR Flamengo RJ,2026-10-08T22:30:00+00:00,17.2707,soccer.asian_handicap,period=ft,away,handicap=1.25,2.75
2026-10-09T00:12:43.758870+02:00,36435234,Brasileiro Serie A,Brazil,Santos FC SP,CR Flamengo RJ,2026-10-08T22:30:00+00:00,17.2707,soccer.asian_handicap,period=ft,home,handicap=1.5,1.38
2026-10-09T00:12:43.758870+02:00,36435234,Brasileiro Serie A,Brazil,Santos FC SP,CR Flamengo RJ,2026-10-08T22:30:00+00:00,17.2707,soccer.asian_handicap,period=ft,away,handicap=1.5,3.05
2026-10-09T00:12:43.758870+02:00,36435234,Brasileiro Serie A,Brazil,Santos FC SP,CR Flamengo RJ,2026-10-08T22:30:00+00:00,17.2707,soccer.asian_handicap,period=ft,home,handicap=1.75,1.27
2026-10-09T00:12:43.758870+02:00,36435234,Brasileiro Serie A,Brazil,Santos FC SP,CR Flamengo RJ,2026-10-08T22:30:00+00:00,17.2707,soccer.asian_handicap,period=ft,away,handicap=1.75,3.85
2026-10-09T00:12:43.758870+02:00,36435234,Brasileiro Serie A,Brazil,Santos FC SP,CR Flamengo RJ,2026-10-08T22:30:00+00:00,17.2707,soccer.double_chance,period=ft,draw_away,,1.23
2026-10-09T00:12:43.758870+02:00,36435234,Brasileiro Serie A,Brazil,Santos FC SP,CR Flamengo RJ,2026-10-08T22:30:00+00:00,17.2707,soccer.double_chance,period=ft,home_away,,1.26
2026-10-09T00:12:43.758870+02:00,36435234,Brasileiro Serie A,Brazil,Santos FC SP,CR Flamengo RJ,2026-10-08T22:30:00+00:00,17.2707,soccer.double_chance,period=ft,home_draw,,2.07
2026-10-09T00:12:43.758870+02:00,36435234,Brasileiro Serie A,Brazil,Santos FC SP,CR Flamengo RJ,2026-10-08T22:30:00+00:00,17.2707,soccer.match_odds,period=ft,home,,4.3
2026-10-09T00:12:43.758870+02:00,36435234,Brasileiro Serie A,Brazil,Santos FC SP,CR Flamengo RJ,2026-10-08T22:30:00+00:00,17.2707,soccer.match_odds,period=ft,draw,,3.95
2026-10-09T00:12:43.758870+02:00,36435234,Brasileiro Serie A,Brazil,Santos FC SP,CR Flamengo RJ,2026-10-08T22:30:00+00:00,17.2707,soccer.match_odds,period=ft,away,,1.79
2026-10-09T00:12:43.758870+02:00,36435234,Brasileiro Serie A,Brazil,Santos FC SP,CR Flamengo RJ,2026-10-08T22:30:00+00:00,17.2707,soccer.total_goals,period=ft,over,total=3,2.0
2026-10-09T00:12:43.758870+02:00,36435234,Brasileiro Serie A,Brazil,Santos FC SP,CR Flamengo RJ,2026-10-08T22:30:00+00:00,17.2707,soccer.total_goals,period=ft,under,total=3,1.86
2026-10-09T00:12:43.758870+02:00,36435234,Brasileiro Serie A,Brazil,Santos FC SP,CR Flamengo RJ,2026-10-08T22:30:00+00:00,17.2707,soccer.total_goals,period=ft,over,total=1.5,1.18
2026-10-09T00:12:43.758870+02:00,36435234,Brasileiro Serie A,Brazil,Santos FC SP,CR Flamengo RJ,2026-10-08T22:30:00+00:00,17.2707,soccer.total_goals,period=ft,under,total=1.5,4.85
2026-10-09T00:12:43.758870+02:00,36435234,Brasileiro Serie A,Brazil,Santos FC SP,CR Flamengo RJ,2026-10-08T22:30:00+00:00,17.2707,soccer.total_goals,period=ft,over,total=2.5,1.6
2026-10-09T00:12:43.758870+02:00,36435234,Brasileiro Serie A,Brazil,Santos FC SP,CR Flamengo RJ,2026-10-08T22:30:00+00:00,17.2707,soccer.total_goals,period=ft,under,total=2.5,2.35
2026-10-09T00:12:43.758870+02:00,36435234,Brasileiro Serie A,Brazil,Santos FC SP,CR Flamengo RJ,2026-10-08T22:30:00+00:00,17.2707,soccer.total_goals,period=ft,over,total=2.75,1.74
2026-10-09T00:12:43.758870+02:00,36435234,Brasileiro Serie A,Brazil,Santos FC SP,CR Flamengo RJ,2026-10-08T22:30:00+00:00,17.2707,soccer.total_goals,period=ft,under,total=2.75,2.11
2026-10-09T00:12:43.758870+02:00,36435234,Brasileiro Serie A,Brazil,Santos FC SP,CR Flamengo RJ,2026-10-08T22:30:00+00:00,17.2707,soccer.total_goals,period=ft,over,total=3.25,2.25
2026-10-09T00:12:43.758870+02:00,36435234,Brasileiro Serie A,Brazil,Santos FC SP,CR Flamengo RJ,2026-10-08T22:30:00+00:00,17.2707,soccer.total_goals,period=ft,under,total=3.25,1.65
2026-10-09T00:12:43.758870+02:00,36435234,Brasileiro Serie A,Brazil,Santos FC SP,CR Flamengo RJ,2026-10-08T22:30:00+00:00,17.2707,soccer.total_goals,period=ft,over,total=3.5,2.55
2026-10-09T00:12:43.758870+02:00,36435234,Brasileiro Serie A,Brazil,Santos FC SP,CR Flamengo RJ,2026-10-08T22:30:00+00:00,17.2707,soccer.total_goals,period=ft,under,total=3.5,1.53
2026-10-09T00:12:43.758870+02:00,36435234,Brasileiro Serie A,Brazil,Santos FC SP,CR Flamengo RJ,2026-10-08T22:30:00+00:00,17.2707,soccer.total_goals,period=ft,over,total=4.5,4.8
2026-10-09T00:12:43.758870+02:00,36435234,Brasileiro Serie A,Brazil,Santos FC SP,CR Flamengo RJ,2026-10-08T22:30:00+00:00,17.2707,soccer.total_goals,period=ft,under,total=4.5,1.18
2026-10-09T00:12:43.758870+02:00,36435235,Brasileiro Serie A,Brazil,CA Paranaense PR,Atletico Mineiro MG,2026-10-08T23:00:00+00:00,47.2707,soccer.asian_handicap,period=ft,home,handicap=-0.5,2.05
2026-10-09T00:12:43.758870+02:00,36435235,Brasileiro Serie A,Brazil,CA Paranaense PR,Atletico Mineiro MG,2026-10-08T23:00:00+00:00,47.2707,soccer.asian_handicap,period=ft,away,handicap=-0.5,1.83
2026-10-09T00:12:43.758870+02:00,36435235,Brasileiro Serie A,Brazil,CA Paranaense PR,Atletico Mineiro MG,2026-10-08T23:00:00+00:00,47.2707,soccer.asian_handicap,period=ft,home,handicap=-1.5,3.85
2026-10-09T00:12:43.758870+02:00,36435235,Brasileiro Serie A,Brazil,CA Paranaense PR,Atletico Mineiro MG,2026-10-08T23:00:00+00:00,47.2707,soccer.asian_handicap,period=ft,away,handicap=-1.5,1.27
2026-10-09T00:12:43.758870+02:00,36435235,Brasileiro Serie A,Brazil,CA Paranaense PR,Atletico Mineiro MG,2026-10-08T23:00:00+00:00,47.2707,soccer.asian_handicap,period=ft,home,handicap=-1.25,3.4
2026-10-09T00:12:43.758870+02:00,36435235,Brasileiro Serie A,Brazil,CA Paranaense PR,Atletico Mineiro MG,2026-10-08T23:00:00+00:00,47.2707,soccer.asian_handicap,period=ft,away,handicap=-1.25,1.32
2026-10-09T00:12:43.758870+02:00,36435235,Brasileiro Serie A,Brazil,CA Paranaense PR,Atletico Mineiro MG,2026-10-08T23:00:00+00:00,47.2707,soccer.asian_handicap,period=ft,home,handicap=-1,3.0
2026-10-09T00:12:43.758870+02:00,36435235,Brasileiro Serie A,Brazil,CA Paranaense PR,Atletico Mineiro MG,2026-10-08T23:00:00+00:00,47.2707,soccer.asian_handicap,period=ft,away,handicap=-1,1.4
2026-10-09T00:12:43.758870+02:00,36435235,Brasileiro Serie A,Brazil,CA Paranaense PR,Atletico Mineiro MG,2026-10-08T23:00:00+00:00,47.2707,soccer.asian_handicap,period=ft,home,handicap=-0.75,2.35
2026-10-09T00:12:43.758870+02:00,36435235,Brasileiro Serie A,Brazil,CA Paranaense PR,Atletico Mineiro MG,2026-10-08T23:00:00+00:00,47.2707,soccer.asian_handicap,period=ft,away,handicap=-0.75,1.61
2026-10-09T00:12:43.758870+02:00,36435235,Brasileiro Serie A,Brazil,CA Paranaense PR,Atletico Mineiro MG,2026-10-08T23:00:00+00:00,47.2707,soccer.asian_handicap,period=ft,home,handicap=-0.25,1.75
2026-10-09T00:12:43.758870+02:00,36435235,Brasileiro Serie A,Brazil,CA Paranaense PR,Atletico Mineiro MG,2026-10-08T23:00:00+00:00,47.2707,soccer.asian_handicap,period=ft,away,handicap=-0.25,2.13
2026-10-09T00:12:43.758870+02:00,36435235,Brasileiro Serie A,Brazil,CA Paranaense PR,Atletico Mineiro MG,2026-10-08T23:00:00+00:00,47.2707,soccer.asian_handicap,period=ft,home,handicap=0,1.46
2026-10-09T00:12:43.758870+02:00,36435235,Brasileiro Serie A,Brazil,CA Paranaense PR,Atletico Mineiro MG,2026-10-08T23:00:00+00:00,47.2707,soccer.asian_handicap,period=ft,away,handicap=0,2.8
2026-10-09T00:12:43.758870+02:00,36435235,Brasileiro Serie A,Brazil,CA Paranaense PR,Atletico Mineiro MG,2026-10-08T23:00:00+00:00,47.2707,soccer.asian_handicap,period=ft,home,handicap=0.25,1.34
2026-10-09T00:12:43.758870+02:00,36435235,Brasileiro Serie A,Brazil,CA Paranaense PR,Atletico Mineiro MG,2026-10-08T23:00:00+00:00,47.2707,soccer.asian_handicap,period=ft,away,handicap=0.25,3.3
2026-10-09T00:12:43.758870+02:00,36435235,Brasileiro Serie A,Brazil,CA Paranaense PR,Atletico Mineiro MG,2026-10-08T23:00:00+00:00,47.2707,soccer.asian_handicap,period=ft,home,handicap=0.5,1.27
2026-10-09T00:12:43.758870+02:00,36435235,Brasileiro Serie A,Brazil,CA Paranaense PR,Atletico Mineiro MG,2026-10-08T23:00:00+00:00,47.2707,soccer.asian_handicap,period=ft,away,handicap=0.5,3.85
2026-10-09T00:12:43.758870+02:00,36435235,Brasileiro Serie A,Brazil,CA Paranaense PR,Atletico Mineiro MG,2026-10-08T23:00:00+00:00,47.2707,soccer.double_chance,period=ft,draw_away,,1.8
2026-10-09T00:12:43.758870+02:00,36435235,Brasileiro Serie A,Brazil,CA Paranaense PR,Atletico Mineiro MG,2026-10-08T23:00:00+00:00,47.2707,soccer.double_chance,period=ft,home_away,,1.34
2026-10-09T00:12:43.758870+02:00,36435235,Brasileiro Serie A,Brazil,CA Paranaense PR,Atletico Mineiro MG,2026-10-08T23:00:00+00:00,47.2707,soccer.double_chance,period=ft,home_draw,,1.27
2026-10-09T00:12:43.758870+02:00,36435235,Brasileiro Serie A,Brazil,CA Paranaense PR,Atletico Mineiro MG,2026-10-08T23:00:00+00:00,47.2707,soccer.match_odds,period=ft,home,,2.04
2026-10-09T00:12:43.758870+02:00,36435235,Brasileiro Serie A,Brazil,CA Paranaense PR,Atletico Mineiro MG,2026-10-08T23:00:00+00:00,47.2707,soccer.match_odds,period=ft,draw,,3.35
2026-10-09T00:12:43.758870+02:00,36435235,Brasileiro Serie A,Brazil,CA Paranaense PR,Atletico Mineiro MG,2026-10-08T23:00:00+00:00,47.2707,soccer.match_odds,period=ft,away,,3.9
2026-10-09T00:12:43.758870+02:00,36435235,Brasileiro Serie A,Brazil,CA Paranaense PR,Atletico Mineiro MG,2026-10-08T23:00:00+00:00,47.2707,soccer.total_goals,period=ft,over,total=2.5,1.91
2026-10-09T00:12:43.758870+02:00,36435235,Brasileiro Serie A,Brazil,CA Paranaense PR,Atletico Mineiro MG,2026-10-08T23:00:00+00:00,47.2707,soccer.total_goals,period=ft,under,total=2.5,1.95
2026-10-09T00:12:43.758870+02:00,36435235,Brasileiro Serie A,Brazil,CA Paranaense PR,Atletico Mineiro MG,2026-10-08T23:00:00+00:00,47.2707,soccer.total_goals,period=ft,over,total=1.5,1.27
2026-10-09T00:12:43.758870+02:00,36435235,Brasileiro Serie A,Brazil,CA Paranaense PR,Atletico Mineiro MG,2026-10-08T23:00:00+00:00,47.2707,soccer.total_goals,period=ft,under,total=1.5,3.75
2026-10-09T00:12:43.758870+02:00,36435235,Brasileiro Serie A,Brazil,CA Paranaense PR,Atletico Mineiro MG,2026-10-08T23:00:00+00:00,47.2707,soccer.total_goals,period=ft,over,total=2,1.43
2026-10-09T00:12:43.758870+02:00,36435235,Brasileiro Serie A,Brazil,CA Paranaense PR,Atletico Mineiro MG,2026-10-08T23:00:00+00:00,47.2707,soccer.total_goals,period=ft,under,total=2,2.85
2026-10-09T00:12:43.758870+02:00,36435235,Brasileiro Serie A,Brazil,CA Paranaense PR,Atletico Mineiro MG,2026-10-08T23:00:00+00:00,47.2707,soccer.total_goals,period=ft,over,total=2.25,1.66
2026-10-09T00:12:43.758870+02:00,36435235,Brasileiro Serie A,Brazil,CA Paranaense PR,Atletico Mineiro MG,2026-10-08T23:00:00+00:00,47.2707,soccer.total_goals,period=ft,under,total=2.25,2.2
2026-10-09T00:12:43.758870+02:00,36435235,Brasileiro Serie A,Brazil,CA Paranaense PR,Atletico Mineiro MG,2026-10-08T23:00:00+00:00,47.2707,soccer.total_goals,period=ft,over,total=2.75,2.14
2026-10-09T00:12:43.758870+02:00,36435235,Brasileiro Serie A,Brazil,CA Paranaense PR,Atletico Mineiro MG,2026-10-08T23:00:00+00:00,47.2707,soccer.total_goals,period=ft,under,total=2.75,1.72
2026-10-09T00:12:43.758870+02:00,36435235,Brasileiro Serie A,Brazil,CA Paranaense PR,Atletico Mineiro MG,2026-10-08T23:00:00+00:00,47.2707,soccer.total_goals,period=ft,over,total=3,2.55
2026-10-09T00:12:43.758870+02:00,36435235,Brasileiro Serie A,Brazil,CA Paranaense PR,Atletico Mineiro MG,2026-10-08T23:00:00+00:00,47.2707,soccer.total_goals,period=ft,under,total=3,1.51
2026-10-09T00:12:43.758870+02:00,36435235,Brasileiro Serie A,Brazil,CA Paranaense PR,Atletico Mineiro MG,2026-10-08T23:00:00+00:00,47.2707,soccer.total_goals,period=ft,over,total=3.5,3.2
2026-10-09T00:12:43.758870+02:00,36435235,Brasileiro Serie A,Brazil,CA Paranaense PR,Atletico Mineiro MG,2026-10-08T23:00:00+00:00,47.2707,soccer.total_goals,period=ft,under,total=3.5,1.34
2026-10-09T00:12:43.758870+02:00,36435235,Brasileiro Serie A,Brazil,CA Paranaense PR,Atletico Mineiro MG,2026-10-08T23:00:00+00:00,47.2707,soccer.total_goals,period=ft,over,total=4.5,6.45
2026-10-09T00:12:43.758870+02:00,36435235,Brasileiro Serie A,Brazil,CA Paranaense PR,Atletico Mineiro MG,2026-10-08T23:00:00+00:00,47.2707,soccer.total_goals,period=ft,under,total=4.5,1.12
2026-10-09T00:12:43.758870+02:00,36609426,Brasileiro Serie B,Brazil,Ceara SC CE,Criciuma EC SC,2026-10-08T22:30:00+00:00,17.2707,soccer.asian_handicap,period=ft,home,handicap=0,1.89
2026-10-09T00:12:43.758870+02:00,36609426,Brasileiro Serie B,Brazil,Ceara SC CE,Criciuma EC SC,2026-10-08T22:30:00+00:00,17.2707,soccer.asian_handicap,period=ft,away,handicap=0,1.95
2026-10-09T00:12:43.758870+02:00,36609426,Brasileiro Serie B,Brazil,Ceara SC CE,Criciuma EC SC,2026-10-08T22:30:00+00:00,17.2707,soccer.asian_handicap,period=ft,home,handicap=-1,4.75
2026-10-09T00:12:43.758870+02:00,36609426,Brasileiro Serie B,Brazil,Ceara SC CE,Criciuma EC SC,2026-10-08T22:30:00+00:00,17.2707,soccer.asian_handicap,period=ft,away,handicap=-1,1.18
2026-10-09T00:12:43.758870+02:00,36609426,Brasileiro Serie B,Brazil,Ceara SC CE,Criciuma EC SC,2026-10-08T22:30:00+00:00,17.2707,soccer.asian_handicap,period=ft,home,handicap=-0.75,3.3
2026-10-09T00:12:43.758870+02:00,36609426,Brasileiro Serie B,Brazil,Ceara SC CE,Criciuma EC SC,2026-10-08T22:30:00+00:00,17.2707,soccer.asian_handicap,period=ft,away,handicap=-0.75,1.33
2026-10-09T00:12:43.758870+02:00,36609426,Brasileiro Serie B,Brazil,Ceara SC CE,Criciuma EC SC,2026-10-08T22:30:00+00:00,17.2707,soccer.asian_handicap,period=ft,home,handicap=-0.5,2.65
2026-10-09T00:12:43.758870+02:00,36609426,Brasileiro Serie B,Brazil,Ceara SC CE,Criciuma EC SC,2026-10-08T22:30:00+00:00,17.2707,soccer.asian_handicap,period=ft,away,handicap=-0.5,1.48
2026-10-09T00:12:43.758870+02:00,36609426,Brasileiro Serie B,Brazil,Ceara SC CE,Criciuma EC SC,2026-10-08T22:30:00+00:00,17.2707,soccer.asian_handicap,period=ft,home,handicap=-0.25,2.25
2026-10-09T00:12:43.758870+02:00,36609426,Brasileiro Serie B,Brazil,Ceara SC CE,Criciuma EC SC,2026-10-08T22:30:00+00:00,17.2707,soccer.asian_handicap,period=ft,away,handicap=-0.25,1.64
2026-10-09T00:12:43.758870+02:00,36609426,Brasileiro Serie B,Brazil,Ceara SC CE,Criciuma EC SC,2026-10-08T22:30:00+00:00,17.2707,soccer.asian_handicap,period=ft,home,handicap=0.25,1.61
2026-10-09T00:12:43.758870+02:00,36609426,Brasileiro Serie B,Brazil,Ceara SC CE,Criciuma EC SC,2026-10-08T22:30:00+00:00,17.2707,soccer.asian_handicap,period=ft,away,handicap=0.25,2.3
2026-10-09T00:12:43.758870+02:00,36609426,Brasileiro Serie B,Brazil,Ceara SC CE,Criciuma EC SC,2026-10-08T22:30:00+00:00,17.2707,soccer.asian_handicap,period=ft,home,handicap=0.5,1.46
2026-10-09T00:12:43.758870+02:00,36609426,Brasileiro Serie B,Brazil,Ceara SC CE,Criciuma EC SC,2026-10-08T22:30:00+00:00,17.2707,soccer.asian_handicap,period=ft,away,handicap=0.5,2.7
2026-10-09T00:12:43.758870+02:00,36609426,Brasileiro Serie B,Brazil,Ceara SC CE,Criciuma EC SC,2026-10-08T22:30:00+00:00,17.2707,soccer.asian_handicap,period=ft,home,handicap=0.75,1.31
2026-10-09T00:12:43.758870+02:00,36609426,Brasileiro Serie B,Brazil,Ceara SC CE,Criciuma EC SC,2026-10-08T22:30:00+00:00,17.2707,soccer.asian_handicap,period=ft,away,handicap=0.75,3.4
2026-10-09T00:12:43.758870+02:00,36609426,Brasileiro Serie B,Brazil,Ceara SC CE,Criciuma EC SC,2026-10-08T22:30:00+00:00,17.2707,soccer.asian_handicap,period=ft,home,handicap=1,1.17
2026-10-09T00:12:43.758870+02:00,36609426,Brasileiro Serie B,Brazil,Ceara SC CE,Criciuma EC SC,2026-10-08T22:30:00+00:00,17.2707,soccer.asian_handicap,period=ft,away,handicap=1,5.05
2026-10-09T00:12:43.758870+02:00,36609426,Brasileiro Serie B,Brazil,Ceara SC CE,Criciuma EC SC,2026-10-08T22:30:00+00:00,17.2707,soccer.double_chance,period=ft,draw_away,,1.47
2026-10-09T00:12:43.758870+02:00,36609426,Brasileiro Serie B,Brazil,Ceara SC CE,Criciuma EC SC,2026-10-08T22:30:00+00:00,17.2707,soccer.double_chance,period=ft,home_away,,1.35
2026-10-09T00:12:43.758870+02:00,36609426,Brasileiro Serie B,Brazil,Ceara SC CE,Criciuma EC SC,2026-10-08T22:30:00+00:00,17.2707,soccer.double_chance,period=ft,home_draw,,1.45
2026-10-09T00:12:43.758870+02:00,36609426,Brasileiro Serie B,Brazil,Ceara SC CE,Criciuma EC SC,2026-10-08T22:30:00+00:00,17.2707,soccer.match_odds,period=ft,home,,2.65
2026-10-09T00:12:43.758870+02:00,36609426,Brasileiro Serie B,Brazil,Ceara SC CE,Criciuma EC SC,2026-10-08T22:30:00+00:00,17.2707,soccer.match_odds,period=ft,draw,,3.15
2026-10-09T00:12:43.758870+02:00,36609426,Brasileiro Serie B,Brazil,Ceara SC CE,Criciuma EC SC,2026-10-08T22:30:00+00:00,17.2707,soccer.match_odds,period=ft,away,,2.75
2026-10-09T00:12:43.758870+02:00,36609426,Brasileiro Serie B,Brazil,Ceara SC CE,Criciuma EC SC,2026-10-08T22:30:00+00:00,17.2707,soccer.total_goals,period=ft,over,total=2.25,2.03
2026-10-09T00:12:43.758870+02:00,36609426,Brasileiro Serie B,Brazil,Ceara SC CE,Criciuma EC SC,2026-10-08T22:30:00+00:00,17.2707,soccer.total_goals,period=ft,under,total=2.25,1.8
2026-10-09T00:12:43.758870+02:00,36609426,Brasileiro Serie B,Brazil,Ceara SC CE,Criciuma EC SC,2026-10-08T22:30:00+00:00,17.2707,soccer.total_goals,period=ft,over,total=1.5,1.4
2026-10-09T00:12:43.758870+02:00,36609426,Brasileiro Serie B,Brazil,Ceara SC CE,Criciuma EC SC,2026-10-08T22:30:00+00:00,17.2707,soccer.total_goals,period=ft,under,total=1.5,2.9
2026-10-09T00:12:43.758870+02:00,36609426,Brasileiro Serie B,Brazil,Ceara SC CE,Criciuma EC SC,2026-10-08T22:30:00+00:00,17.2707,soccer.total_goals,period=ft,over,total=1.75,1.52
2026-10-09T00:12:43.758870+02:00,36609426,Brasileiro Serie B,Brazil,Ceara SC CE,Criciuma EC SC,2026-10-08T22:30:00+00:00,17.2707,soccer.total_goals,period=ft,under,total=1.75,2.5
2026-10-09T00:12:43.758870+02:00,36609426,Brasileiro Serie B,Brazil,Ceara SC CE,Criciuma EC SC,2026-10-08T22:30:00+00:00,17.2707,soccer.total_goals,period=ft,over,total=2,1.71
2026-10-09T00:12:43.758870+02:00,36609426,Brasileiro Serie B,Brazil,Ceara SC CE,Criciuma EC SC,2026-10-08T22:30:00+00:00,17.2707,soccer.total_goals,period=ft,under,total=2,2.14
2026-10-09T00:12:43.758870+02:00,36609426,Brasileiro Serie B,Brazil,Ceara SC CE,Criciuma EC SC,2026-10-08T22:30:00+00:00,17.2707,soccer.total_goals,period=ft,over,total=2.5,2.3
2026-10-09T00:12:43.758870+02:00,36609426,Brasileiro Serie B,Brazil,Ceara SC CE,Criciuma EC SC,2026-10-08T22:30:00+00:00,17.2707,soccer.total_goals,period=ft,under,total=2.5,1.6
2026-10-09T00:12:43.758870+02:00,36609426,Brasileiro Serie B,Brazil,Ceara SC CE,Criciuma EC SC,2026-10-08T22:30:00+00:00,17.2707,soccer.total_goals,period=ft,over,total=2.75,2.75
2026-10-09T00:12:43.758870+02:00,36609426,Brasileiro Serie B,Brazil,Ceara SC CE,Criciuma EC SC,2026-10-08T22:30:00+00:00,17.2707,soccer.total_goals,period=ft,under,total=2.75,1.44
2026-10-09T00:12:43.758870+02:00,36609426,Brasileiro Serie B,Brazil,Ceara SC CE,Criciuma EC SC,2026-10-08T22:30:00+00:00,17.2707,soccer.total_goals,period=ft,over,total=3.5,4.4
2026-10-09T00:12:43.758870+02:00,36609426,Brasileiro Serie B,Brazil,Ceara SC CE,Criciuma EC SC,2026-10-08T22:30:00+00:00,17.2707,soccer.total_goals,period=ft,under,total=3.5,1.2
2026-10-09T00:12:43.758870+02:00,36609429,Brasileiro Serie B,Brazil,Nautico PE,Gremio Novorizontino SP,2026-10-08T22:30:00+00:00,17.2707,soccer.asian_handicap,period=ft,home,handicap=0.75,1.85
2026-10-09T00:12:43.758870+02:00,36609429,Brasileiro Serie B,Brazil,Nautico PE,Gremio Novorizontino SP,2026-10-08T22:30:00+00:00,17.2707,soccer.asian_handicap,period=ft,away,handicap=0.75,2.0
2026-10-09T00:12:43.758870+02:00,36609429,Brasileiro Serie B,Brazil,Nautico PE,Gremio Novorizontino SP,2026-10-08T22:30:00+00:00,17.2707,soccer.asian_handicap,period=ft,home,handicap=-0.25,3.8
2026-10-09T00:12:43.758870+02:00,36609429,Brasileiro Serie B,Brazil,Nautico PE,Gremio Novorizontino SP,2026-10-08T22:30:00+00:00,17.2707,soccer.asian_handicap,period=ft,away,handicap=-0.25,1.26
2026-10-09T00:12:43.758870+02:00,36609429,Brasileiro Serie B,Brazil,Nautico PE,Gremio Novorizontino SP,2026-10-08T22:30:00+00:00,17.2707,soccer.asian_handicap,period=ft,home,handicap=0,3.3
2026-10-09T00:12:43.758870+02:00,36609429,Brasileiro Serie B,Brazil,Nautico PE,Gremio Novorizontino SP,2026-10-08T22:30:00+00:00,17.2707,soccer.asian_handicap,period=ft,away,handicap=0,1.33
2026-10-09T00:12:43.758870+02:00,36609429,Brasileiro Serie B,Brazil,Nautico PE,Gremio Novorizontino SP,2026-10-08T22:30:00+00:00,17.2707,soccer.asian_handicap,period=ft,home,handicap=0.25,2.45
2026-10-09T00:12:43.758870+02:00,36609429,Brasileiro Serie B,Brazil,Nautico PE,Gremio Novorizontino SP,2026-10-08T22:30:00+00:00,17.2707,soccer.asian_handicap,period=ft,away,handicap=0.25,1.55
2026-10-09T00:12:43.758870+02:00,36609429,Brasileiro Serie B,Brazil,Nautico PE,Gremio Novorizontino SP,2026-10-08T22:30:00+00:00,17.2707,soccer.asian_handicap,period=ft,home,handicap=0.5,2.08
2026-10-09T00:12:43.758870+02:00,36609429,Brasileiro Serie B,Brazil,Nautico PE,Gremio Novorizontino SP,2026-10-08T22:30:00+00:00,17.2707,soccer.asian_handicap,period=ft,away,handicap=0.5,1.76
2026-10-09T00:12:43.758870+02:00,36609429,Brasileiro Serie B,Brazil,Nautico PE,Gremio Novorizontino SP,2026-10-08T22:30:00+00:00,17.2707,soccer.asian_handicap,period=ft,home,handicap=1,1.6
2026-10-09T00:12:43.758870+02:00,36609429,Brasileiro Serie B,Brazil,Nautico PE,Gremio Novorizontino SP,2026-10-08T22:30:00+00:00,17.2707,soccer.asian_handicap,period=ft,away,handicap=1,2.35
2026-10-09T00:12:43.758870+02:00,36609429,Brasileiro Serie B,Brazil,Nautico PE,Gremio Novorizontino SP,2026-10-08T22:30:00+00:00,17.2707,soccer.asian_handicap,period=ft,home,handicap=1.25,1.47
2026-10-09T00:12:43.758870+02:00,36609429,Brasileiro Serie B,Brazil,Nautico PE,Gremio Novorizontino SP,2026-10-08T22:30:00+00:00,17.2707,soccer.asian_handicap,period=ft,away,handicap=1.25,2.7
2026-10-09T00:12:43.758870+02:00,36609429,Brasileiro Serie B,Brazil,Nautico PE,Gremio Novorizontino SP,2026-10-08T22:30:00+00:00,17.2707,soccer.asian_handicap,period=ft,home,handicap=1.5,1.38
2026-10-09T00:12:43.758870+02:00,36609429,Brasileiro Serie B,Brazil,Nautico PE,Gremio Novorizontino SP,2026-10-08T22:30:00+00:00,17.2707,soccer.asian_handicap,period=ft,away,handicap=1.5,3.05
2026-10-09T00:12:43.758870+02:00,36609429,Brasileiro Serie B,Brazil,Nautico PE,Gremio Novorizontino SP,2026-10-08T22:30:00+00:00,17.2707,soccer.asian_handicap,period=ft,home,handicap=1.75,1.26
2026-10-09T00:12:43.758870+02:00,36609429,Brasileiro Serie B,Brazil,Nautico PE,Gremio Novorizontino SP,2026-10-08T22:30:00+00:00,17.2707,soccer.asian_handicap,period=ft,away,handicap=1.75,3.8
2026-10-09T00:12:43.758870+02:00,36609429,Brasileiro Serie B,Brazil,Nautico PE,Gremio Novorizontino SP,2026-10-08T22:30:00+00:00,17.2707,soccer.double_chance,period=ft,draw_away,,1.22
2026-10-09T00:12:43.758870+02:00,36609429,Brasileiro Serie B,Brazil,Nautico PE,Gremio Novorizontino SP,2026-10-08T22:30:00+00:00,17.2707,soccer.double_chance,period=ft,home_away,,1.26
2026-10-09T00:12:43.758870+02:00,36609429,Brasileiro Serie B,Brazil,Nautico PE,Gremio Novorizontino SP,2026-10-08T22:30:00+00:00,17.2707,soccer.double_chance,period=ft,home_draw,,2.05
2026-10-09T00:12:43.758870+02:00,36609429,Brasileiro Serie B,Brazil,Nautico PE,Gremio Novorizontino SP,2026-10-08T22:30:00+00:00,17.2707,soccer.match_odds,period=ft,home,,4.3
2026-10-09T00:12:43.758870+02:00,36609429,Brasileiro Serie B,Brazil,Nautico PE,Gremio Novorizontino SP,2026-10-08T22:30:00+00:00,17.2707,soccer.match_odds,period=ft,draw,,3.85
2026-10-09T00:12:43.758870+02:00,36609429,Brasileiro Serie B,Brazil,Nautico PE,Gremio Novorizontino SP,2026-10-08T22:30:00+00:00,17.2707,soccer.match_odds,period=ft,away,,1.76
2026-10-09T00:12:43.758870+02:00,36609429,Brasileiro Serie B,Brazil,Nautico PE,Gremio Novorizontino SP,2026-10-08T22:30:00+00:00,17.2707,soccer.total_goals,period=ft,over,total=2.75,2.0
2026-10-09T00:12:43.758870+02:00,36609429,Brasileiro Serie B,Brazil,Nautico PE,Gremio Novorizontino SP,2026-10-08T22:30:00+00:00,17.2707,soccer.total_goals,period=ft,under,total=2.75,1.83
2026-10-09T00:12:43.758870+02:00,36609429,Brasileiro Serie B,Brazil,Nautico PE,Gremio Novorizontino SP,2026-10-08T22:30:00+00:00,17.2707,soccer.total_goals,period=ft,over,total=1.5,1.23
2026-10-09T00:12:43.758870+02:00,36609429,Brasileiro Serie B,Brazil,Nautico PE,Gremio Novorizontino SP,2026-10-08T22:30:00+00:00,17.2707,soccer.total_goals,period=ft,under,total=1.5,4.0
2026-10-09T00:12:43.758870+02:00,36609429,Brasileiro Serie B,Brazil,Nautico PE,Gremio Novorizontino SP,2026-10-08T22:30:00+00:00,17.2707,soccer.total_goals,period=ft,over,total=2.25,1.57
2026-10-09T00:12:43.758870+02:00,36609429,Brasileiro Serie B,Brazil,Nautico PE,Gremio Novorizontino SP,2026-10-08T22:30:00+00:00,17.2707,soccer.total_goals,period=ft,under,total=2.25,2.4
2026-10-09T00:12:43.758870+02:00,36609429,Brasileiro Serie B,Brazil,Nautico PE,Gremio Novorizontino SP,2026-10-08T22:30:00+00:00,17.2707,soccer.total_goals,period=ft,over,total=2.5,1.78
2026-10-09T00:12:43.758870+02:00,36609429,Brasileiro Serie B,Brazil,Nautico PE,Gremio Novorizontino SP,2026-10-08T22:30:00+00:00,17.2707,soccer.total_goals,period=ft,under,total=2.5,2.04
2026-10-09T00:12:43.758870+02:00,36609429,Brasileiro Serie B,Brazil,Nautico PE,Gremio Novorizontino SP,2026-10-08T22:30:00+00:00,17.2707,soccer.total_goals,period=ft,over,total=3,2.3
2026-10-09T00:12:43.758870+02:00,36609429,Brasileiro Serie B,Brazil,Nautico PE,Gremio Novorizontino SP,2026-10-08T22:30:00+00:00,17.2707,soccer.total_goals,period=ft,under,total=3,1.6
2026-10-09T00:12:43.758870+02:00,36609429,Brasileiro Serie B,Brazil,Nautico PE,Gremio Novorizontino SP,2026-10-08T22:30:00+00:00,17.2707,soccer.total_goals,period=ft,over,total=3.25,2.65
2026-10-09T00:12:43.758870+02:00,36609429,Brasileiro Serie B,Brazil,Nautico PE,Gremio Novorizontino SP,2026-10-08T22:30:00+00:00,17.2707,soccer.total_goals,period=ft,under,total=3.25,1.48
2026-10-09T00:12:43.758870+02:00,36609429,Brasileiro Serie B,Brazil,Nautico PE,Gremio Novorizontino SP,2026-10-08T22:30:00+00:00,17.2707,soccer.total_goals,period=ft,over,total=3.5,2.9
2026-10-09T00:12:43.758870+02:00,36609429,Brasileiro Serie B,Brazil,Nautico PE,Gremio Novorizontino SP,2026-10-08T22:30:00+00:00,17.2707,soccer.total_goals,period=ft,under,total=3.5,1.39
2026-10-09T00:12:43.758870+02:00,36609429,Brasileiro Serie B,Brazil,Nautico PE,Gremio Novorizontino SP,2026-10-08T22:30:00+00:00,17.2707,soccer.total_goals,period=ft,over,total=4.5,5.6
2026-10-09T00:12:43.758870+02:00,36609429,Brasileiro Serie B,Brazil,Nautico PE,Gremio Novorizontino SP,2026-10-08T22:30:00+00:00,17.2707,soccer.total_goals,period=ft,under,total=4.5,1.14
2026-10-09T00:14:44.642055+02:00,36698652,Brazil Campeonato Paraibano (PB) Division 2,Brazil,AD Guarabira,Auto EC (PB),2026-10-08T22:30:00+00:00,15.256,soccer.asian_handicap,period=ft,home,handicap=0.25,1.76
2026-10-09T00:14:44.642055+02:00,36698652,Brazil Campeonato Paraibano (PB) Division 2,Brazil,AD Guarabira,Auto EC (PB),2026-10-08T22:30:00+00:00,15.256,soccer.asian_handicap,period=ft,away,handicap=0.25,1.95
2026-10-09T00:14:44.642055+02:00,36698652,Brazil Campeonato Paraibano (PB) Division 2,Brazil,AD Guarabira,Auto EC (PB),2026-10-08T22:30:00+00:00,15.256,soccer.asian_handicap,period=ft,home,handicap=-0.5,2.8
2026-10-09T00:14:44.642055+02:00,36698652,Brazil Campeonato Paraibano (PB) Division 2,Brazil,AD Guarabira,Auto EC (PB),2026-10-08T22:30:00+00:00,15.256,soccer.asian_handicap,period=ft,away,handicap=-0.5,1.33
2026-10-09T00:14:44.642055+02:00,36698652,Brazil Campeonato Paraibano (PB) Division 2,Brazil,AD Guarabira,Auto EC (PB),2026-10-08T22:30:00+00:00,15.256,soccer.asian_handicap,period=ft,home,handicap=-0.25,2.45
2026-10-09T00:14:44.642055+02:00,36698652,Brazil Campeonato Paraibano (PB) Division 2,Brazil,AD Guarabira,Auto EC (PB),2026-10-08T22:30:00+00:00,15.256,soccer.asian_handicap,period=ft,away,handicap=-0.25,1.44
2026-10-09T00:14:44.642055+02:00,36698652,Brazil Campeonato Paraibano (PB) Division 2,Brazil,AD Guarabira,Auto EC (PB),2026-10-08T22:30:00+00:00,15.256,soccer.asian_handicap,period=ft,home,handicap=0,2.1
2026-10-09T00:14:44.642055+02:00,36698652,Brazil Campeonato Paraibano (PB) Division 2,Brazil,AD Guarabira,Auto EC (PB),2026-10-08T22:30:00+00:00,15.256,soccer.asian_handicap,period=ft,away,handicap=0,1.62
2026-10-09T00:14:44.642055+02:00,36698652,Brazil Campeonato Paraibano (PB) Division 2,Brazil,AD Guarabira,Auto EC (PB),2026-10-08T22:30:00+00:00,15.256,soccer.asian_handicap,period=ft,home,handicap=0.5,1.55
2026-10-09T00:14:44.642055+02:00,36698652,Brazil Campeonato Paraibano (PB) Division 2,Brazil,AD Guarabira,Auto EC (PB),2026-10-08T22:30:00+00:00,15.256,soccer.asian_handicap,period=ft,away,handicap=0.5,2.2
2026-10-09T00:14:44.642055+02:00,36698652,Brazil Campeonato Paraibano (PB) Division 2,Brazil,AD Guarabira,Auto EC (PB),2026-10-08T22:30:00+00:00,15.256,soccer.asian_handicap,period=ft,home,handicap=0.75,1.39
2026-10-09T00:14:44.642055+02:00,36698652,Brazil Campeonato Paraibano (PB) Division 2,Brazil,AD Guarabira,Auto EC (PB),2026-10-08T22:30:00+00:00,15.256,soccer.asian_handicap,period=ft,away,handicap=0.75,2.6
2026-10-09T00:14:44.642055+02:00,36698652,Brazil Campeonato Paraibano (PB) Division 2,Brazil,AD Guarabira,Auto EC (PB),2026-10-08T22:30:00+00:00,15.256,soccer.asian_handicap,period=ft,home,handicap=1,1.23
2026-10-09T00:14:44.642055+02:00,36698652,Brazil Campeonato Paraibano (PB) Division 2,Brazil,AD Guarabira,Auto EC (PB),2026-10-08T22:30:00+00:00,15.256,soccer.asian_handicap,period=ft,away,handicap=1,3.4
2026-10-09T00:14:44.642055+02:00,36698652,Brazil Campeonato Paraibano (PB) Division 2,Brazil,AD Guarabira,Auto EC (PB),2026-10-08T22:30:00+00:00,15.256,soccer.total_goals,period=ft,over,total=2.5,1.91
2026-10-09T00:14:44.642055+02:00,36698652,Brazil Campeonato Paraibano (PB) Division 2,Brazil,AD Guarabira,Auto EC (PB),2026-10-08T22:30:00+00:00,15.256,soccer.total_goals,period=ft,under,total=2.5,1.79
2026-10-09T00:14:44.642055+02:00,36698652,Brazil Campeonato Paraibano (PB) Division 2,Brazil,AD Guarabira,Auto EC (PB),2026-10-08T22:30:00+00:00,15.256,soccer.total_goals,period=ft,over,total=1.75,1.32
2026-10-09T00:14:44.642055+02:00,36698652,Brazil Campeonato Paraibano (PB) Division 2,Brazil,AD Guarabira,Auto EC (PB),2026-10-08T22:30:00+00:00,15.256,soccer.total_goals,period=ft,under,total=1.75,2.9
2026-10-09T00:14:44.642055+02:00,36698652,Brazil Campeonato Paraibano (PB) Division 2,Brazil,AD Guarabira,Auto EC (PB),2026-10-08T22:30:00+00:00,15.256,soccer.total_goals,period=ft,over,total=2,1.42
2026-10-09T00:14:44.642055+02:00,36698652,Brazil Campeonato Paraibano (PB) Division 2,Brazil,AD Guarabira,Auto EC (PB),2026-10-08T22:30:00+00:00,15.256,soccer.total_goals,period=ft,under,total=2,2.5
2026-10-09T00:14:44.642055+02:00,36698652,Brazil Campeonato Paraibano (PB) Division 2,Brazil,AD Guarabira,Auto EC (PB),2026-10-08T22:30:00+00:00,15.256,soccer.total_goals,period=ft,over,total=2.25,1.66
2026-10-09T00:14:44.642055+02:00,36698652,Brazil Campeonato Paraibano (PB) Division 2,Brazil,AD Guarabira,Auto EC (PB),2026-10-08T22:30:00+00:00,15.256,soccer.total_goals,period=ft,under,total=2.25,2.04
2026-10-09T00:14:44.642055+02:00,36698652,Brazil Campeonato Paraibano (PB) Division 2,Brazil,AD Guarabira,Auto EC (PB),2026-10-08T22:30:00+00:00,15.256,soccer.total_goals,period=ft,over,total=2.75,2.15
2026-10-09T00:14:44.642055+02:00,36698652,Brazil Campeonato Paraibano (PB) Division 2,Brazil,AD Guarabira,Auto EC (PB),2026-10-08T22:30:00+00:00,15.256,soccer.total_goals,period=ft,under,total=2.75,1.6
2026-10-09T00:14:44.642055+02:00,36698652,Brazil Campeonato Paraibano (PB) Division 2,Brazil,AD Guarabira,Auto EC (PB),2026-10-08T22:30:00+00:00,15.256,soccer.total_goals,period=ft,over,total=3,2.55
2026-10-09T00:14:44.642055+02:00,36698652,Brazil Campeonato Paraibano (PB) Division 2,Brazil,AD Guarabira,Auto EC (PB),2026-10-08T22:30:00+00:00,15.256,soccer.total_goals,period=ft,under,total=3,1.41
2026-10-09T00:14:44.642055+02:00,36698652,Brazil Campeonato Paraibano (PB) Division 2,Brazil,AD Guarabira,Auto EC (PB),2026-10-08T22:30:00+00:00,15.256,soccer.total_goals,period=ft,over,total=3.25,2.85
2026-10-09T00:14:44.642055+02:00,36698652,Brazil Campeonato Paraibano (PB) Division 2,Brazil,AD Guarabira,Auto EC (PB),2026-10-08T22:30:00+00:00,15.256,soccer.total_goals,period=ft,under,total=3.25,1.33
2026-10-09T00:14:44.642055+02:00,36435234,Brasileiro Serie A,Brazil,Santos FC SP,CR Flamengo RJ,2026-10-08T22:30:00+00:00,15.256,soccer.asian_handicap,period=ft,home,handicap=0.75,1.85
2026-10-09T00:14:44.642055+02:00,36435234,Brasileiro Serie A,Brazil,Santos FC SP,CR Flamengo RJ,2026-10-08T22:30:00+00:00,15.256,soccer.asian_handicap,period=ft,away,handicap=0.75,2.02
2026-10-09T00:14:44.642055+02:00,36435234,Brasileiro Serie A,Brazil,Santos FC SP,CR Flamengo RJ,2026-10-08T22:30:00+00:00,15.256,soccer.asian_handicap,period=ft,home,handicap=-0.25,3.75
2026-10-09T00:14:44.642055+02:00,36435234,Brasileiro Serie A,Brazil,Santos FC SP,CR Flamengo RJ,2026-10-08T22:30:00+00:00,15.256,soccer.asian_handicap,period=ft,away,handicap=-0.25,1.28
2026-10-09T00:14:44.642055+02:00,36435234,Brasileiro Serie A,Brazil,Santos FC SP,CR Flamengo RJ,2026-10-08T22:30:00+00:00,15.256,soccer.asian_handicap,period=ft,home,handicap=0,3.25
2026-10-09T00:14:44.642055+02:00,36435234,Brasileiro Serie A,Brazil,Santos FC SP,CR Flamengo RJ,2026-10-08T22:30:00+00:00,15.256,soccer.asian_handicap,period=ft,away,handicap=0,1.35
2026-10-09T00:14:44.642055+02:00,36435234,Brasileiro Serie A,Brazil,Santos FC SP,CR Flamengo RJ,2026-10-08T22:30:00+00:00,15.256,soccer.asian_handicap,period=ft,home,handicap=0.25,2.45
2026-10-09T00:14:44.642055+02:00,36435234,Brasileiro Serie A,Brazil,Santos FC SP,CR Flamengo RJ,2026-10-08T22:30:00+00:00,15.256,soccer.asian_handicap,period=ft,away,handicap=0.25,1.56
2026-10-09T00:14:44.642055+02:00,36435234,Brasileiro Serie A,Brazil,Santos FC SP,CR Flamengo RJ,2026-10-08T22:30:00+00:00,15.256,soccer.asian_handicap,period=ft,home,handicap=0.5,2.08
2026-10-09T00:14:44.642055+02:00,36435234,Brasileiro Serie A,Brazil,Santos FC SP,CR Flamengo RJ,2026-10-08T22:30:00+00:00,15.256,soccer.asian_handicap,period=ft,away,handicap=0.5,1.78
2026-10-09T00:14:44.642055+02:00,36435234,Brasileiro Serie A,Brazil,Santos FC SP,CR Flamengo RJ,2026-10-08T22:30:00+00:00,15.256,soccer.asian_handicap,period=ft,home,handicap=1,1.6
2026-10-09T00:14:44.642055+02:00,36435234,Brasileiro Serie A,Brazil,Santos FC SP,CR Flamengo RJ,2026-10-08T22:30:00+00:00,15.256,soccer.asian_handicap,period=ft,away,handicap=1,2.4
2026-10-09T00:14:44.642055+02:00,36435234,Brasileiro Serie A,Brazil,Santos FC SP,CR Flamengo RJ,2026-10-08T22:30:00+00:00,15.256,soccer.asian_handicap,period=ft,home,handicap=1.25,1.47
2026-10-09T00:14:44.642055+02:00,36435234,Brasileiro Serie A,Brazil,Santos FC SP,CR Flamengo RJ,2026-10-08T22:30:00+00:00,15.256,soccer.asian_handicap,period=ft,away,handicap=1.25,2.75
2026-10-09T00:14:44.642055+02:00,36435234,Brasileiro Serie A,Brazil,Santos FC SP,CR Flamengo RJ,2026-10-08T22:30:00+00:00,15.256,soccer.asian_handicap,period=ft,home,handicap=1.5,1.38
2026-10-09T00:14:44.642055+02:00,36435234,Brasileiro Serie A,Brazil,Santos FC SP,CR Flamengo RJ,2026-10-08T22:30:00+00:00,15.256,soccer.asian_handicap,period=ft,away,handicap=1.5,3.05
2026-10-09T00:14:44.642055+02:00,36435234,Brasileiro Serie A,Brazil,Santos FC SP,CR Flamengo RJ,2026-10-08T22:30:00+00:00,15.256,soccer.asian_handicap,period=ft,home,handicap=1.75,1.27
2026-10-09T00:14:44.642055+02:00,36435234,Brasileiro Serie A,Brazil,Santos FC SP,CR Flamengo RJ,2026-10-08T22:30:00+00:00,15.256,soccer.asian_handicap,period=ft,away,handicap=1.75,3.85
2026-10-09T00:14:44.642055+02:00,36435234,Brasileiro Serie A,Brazil,Santos FC SP,CR Flamengo RJ,2026-10-08T22:30:00+00:00,15.256,soccer.double_chance,period=ft,draw_away,,1.23
2026-10-09T00:14:44.642055+02:00,36435234,Brasileiro Serie A,Brazil,Santos FC SP,CR Flamengo RJ,2026-10-08T22:30:00+00:00,15.256,soccer.double_chance,period=ft,home_away,,1.26
2026-10-09T00:14:44.642055+02:00,36435234,Brasileiro Serie A,Brazil,Santos FC SP,CR Flamengo RJ,2026-10-08T22:30:00+00:00,15.256,soccer.double_chance,period=ft,home_draw,,2.07
2026-10-09T00:14:44.642055+02:00,36435234,Brasileiro Serie A,Brazil,Santos FC SP,CR Flamengo RJ,2026-10-08T22:30:00+00:00,15.256,soccer.match_odds,period=ft,home,,4.3
2026-10-09T00:14:44.642055+02:00,36435234,Brasileiro Serie A,Brazil,Santos FC SP,CR Flamengo RJ,2026-10-08T22:30:00+00:00,15.256,soccer.match_odds,period=ft,draw,,3.95
2026-10-09T00:14:44.642055+02:00,36435234,Brasileiro Serie A,Brazil,Santos FC SP,CR Flamengo RJ,2026-10-08T22:30:00+00:00,15.256,soccer.match_odds,period=ft,away,,1.79
2026-10-09T00:14:44.642055+02:00,36435234,Brasileiro Serie A,Brazil,Santos FC SP,CR Flamengo RJ,2026-10-08T22:30:00+00:00,15.256,soccer.total_goals,period=ft,over,total=3,2.0
2026-10-09T00:14:44.642055+02:00,36435234,Brasileiro Serie A,Brazil,Santos FC SP,CR Flamengo RJ,2026-10-08T22:30:00+00:00,15.256,soccer.total_goals,period=ft,under,total=3,1.86
2026-10-09T00:14:44.642055+02:00,36435234,Brasileiro Serie A,Brazil,Santos FC SP,CR Flamengo RJ,2026-10-08T22:30:00+00:00,15.256,soccer.total_goals,period=ft,over,total=1.5,1.18
2026-10-09T00:14:44.642055+02:00,36435234,Brasileiro Serie A,Brazil,Santos FC SP,CR Flamengo RJ,2026-10-08T22:30:00+00:00,15.256,soccer.total_goals,period=ft,under,total=1.5,4.85
2026-10-09T00:14:44.642055+02:00,36435234,Brasileiro Serie A,Brazil,Santos FC SP,CR Flamengo RJ,2026-10-08T22:30:00+00:00,15.256,soccer.total_goals,period=ft,over,total=2.5,1.6
2026-10-09T00:14:44.642055+02:00,36435234,Brasileiro Serie A,Brazil,Santos FC SP,CR Flamengo RJ,2026-10-08T22:30:00+00:00,15.256,soccer.total_goals,period=ft,under,total=2.5,2.35
2026-10-09T00:14:44.642055+02:00,36435234,Brasileiro Serie A,Brazil,Santos FC SP,CR Flamengo RJ,2026-10-08T22:30:00+00:00,15.256,soccer.total_goals,period=ft,over,total=2.75,1.74
2026-10-09T00:14:44.642055+02:00,36435234,Brasileiro Serie A,Brazil,Santos FC SP,CR Flamengo RJ,2026-10-08T22:30:00+00:00,15.256,soccer.total_goals,period=ft,under,total=2.75,2.11
2026-10-09T00:14:44.642055+02:00,36435234,Brasileiro Serie A,Brazil,Santos FC SP,CR Flamengo RJ,2026-10-08T22:30:00+00:00,15.256,soccer.total_goals,period=ft,over,total=3.25,2.25
2026-10-09T00:14:44.642055+02:00,36435234,Brasileiro Serie A,Brazil,Santos FC SP,CR Flamengo RJ,2026-10-08T22:30:00+00:00,15.256,soccer.total_goals,period=ft,under,total=3.25,1.65
2026-10-09T00:14:44.642055+02:00,36435234,Brasileiro Serie A,Brazil,Santos FC SP,CR Flamengo RJ,2026-10-08T22:30:00+00:00,15.256,soccer.total_goals,period=ft,over,total=3.5,2.55
2026-10-09T00:14:44.642055+02:00,36435234,Brasileiro Serie A,Brazil,Santos FC SP,CR Flamengo RJ,2026-10-08T22:30:00+00:00,15.256,soccer.total_goals,period=ft,under,total=3.5,1.53
2026-10-09T00:14:44.642055+02:00,36435234,Brasileiro Serie A,Brazil,Santos FC SP,CR Flamengo RJ,2026-10-08T22:30:00+00:00,15.256,soccer.total_goals,period=ft,over,total=4.5,4.8
2026-10-09T00:14:44.642055+02:00,36435234,Brasileiro Serie A,Brazil,Santos FC SP,CR Flamengo RJ,2026-10-08T22:30:00+00:00,15.256,soccer.total_goals,period=ft,under,total=4.5,1.18
2026-10-09T00:14:44.642055+02:00,36435235,Brasileiro Serie A,Brazil,CA Paranaense PR,Atletico Mineiro MG,2026-10-08T23:00:00+00:00,45.256,soccer.asian_handicap,period=ft,home,handicap=-0.5,2.05
2026-10-09T00:14:44.642055+02:00,36435235,Brasileiro Serie A,Brazil,CA Paranaense PR,Atletico Mineiro MG,2026-10-08T23:00:00+00:00,45.256,soccer.asian_handicap,period=ft,away,handicap=-0.5,1.83
2026-10-09T00:14:44.642055+02:00,36435235,Brasileiro Serie A,Brazil,CA Paranaense PR,Atletico Mineiro MG,2026-10-08T23:00:00+00:00,45.256,soccer.asian_handicap,period=ft,home,handicap=-1.5,3.85
2026-10-09T00:14:44.642055+02:00,36435235,Brasileiro Serie A,Brazil,CA Paranaense PR,Atletico Mineiro MG,2026-10-08T23:00:00+00:00,45.256,soccer.asian_handicap,period=ft,away,handicap=-1.5,1.27
2026-10-09T00:14:44.642055+02:00,36435235,Brasileiro Serie A,Brazil,CA Paranaense PR,Atletico Mineiro MG,2026-10-08T23:00:00+00:00,45.256,soccer.asian_handicap,period=ft,home,handicap=-1.25,3.4
2026-10-09T00:14:44.642055+02:00,36435235,Brasileiro Serie A,Brazil,CA Paranaense PR,Atletico Mineiro MG,2026-10-08T23:00:00+00:00,45.256,soccer.asian_handicap,period=ft,away,handicap=-1.25,1.32
2026-10-09T00:14:44.642055+02:00,36435235,Brasileiro Serie A,Brazil,CA Paranaense PR,Atletico Mineiro MG,2026-10-08T23:00:00+00:00,45.256,soccer.asian_handicap,period=ft,home,handicap=-1,3.0
2026-10-09T00:14:44.642055+02:00,36435235,Brasileiro Serie A,Brazil,CA Paranaense PR,Atletico Mineiro MG,2026-10-08T23:00:00+00:00,45.256,soccer.asian_handicap,period=ft,away,handicap=-1,1.4
2026-10-09T00:14:44.642055+02:00,36435235,Brasileiro Serie A,Brazil,CA Paranaense PR,Atletico Mineiro MG,2026-10-08T23:00:00+00:00,45.256,soccer.asian_handicap,period=ft,home,handicap=-0.75,2.35
2026-10-09T00:14:44.642055+02:00,36435235,Brasileiro Serie A,Brazil,CA Paranaense PR,Atletico Mineiro MG,2026-10-08T23:00:00+00:00,45.256,soccer.asian_handicap,period=ft,away,handicap=-0.75,1.61
2026-10-09T00:14:44.642055+02:00,36435235,Brasileiro Serie A,Brazil,CA Paranaense PR,Atletico Mineiro MG,2026-10-08T23:00:00+00:00,45.256,soccer.asian_handicap,period=ft,home,handicap=-0.25,1.75
2026-10-09T00:14:44.642055+02:00,36435235,Brasileiro Serie A,Brazil,CA Paranaense PR,Atletico Mineiro MG,2026-10-08T23:00:00+00:00,45.256,soccer.asian_handicap,period=ft,away,handicap=-0.25,2.13
2026-10-09T00:14:44.642055+02:00,36435235,Brasileiro Serie A,Brazil,CA Paranaense PR,Atletico Mineiro MG,2026-10-08T23:00:00+00:00,45.256,soccer.asian_handicap,period=ft,home,handicap=0,1.46
2026-10-09T00:14:44.642055+02:00,36435235,Brasileiro Serie A,Brazil,CA Paranaense PR,Atletico Mineiro MG,2026-10-08T23:00:00+00:00,45.256,soccer.asian_handicap,period=ft,away,handicap=0,2.8
2026-10-09T00:14:44.642055+02:00,36435235,Brasileiro Serie A,Brazil,CA Paranaense PR,Atletico Mineiro MG,2026-10-08T23:00:00+00:00,45.256,soccer.asian_handicap,period=ft,home,handicap=0.25,1.34
2026-10-09T00:14:44.642055+02:00,36435235,Brasileiro Serie A,Brazil,CA Paranaense PR,Atletico Mineiro MG,2026-10-08T23:00:00+00:00,45.256,soccer.asian_handicap,period=ft,away,handicap=0.25,3.3
2026-10-09T00:14:44.642055+02:00,36435235,Brasileiro Serie A,Brazil,CA Paranaense PR,Atletico Mineiro MG,2026-10-08T23:00:00+00:00,45.256,soccer.asian_handicap,period=ft,home,handicap=0.5,1.27
2026-10-09T00:14:44.642055+02:00,36435235,Brasileiro Serie A,Brazil,CA Paranaense PR,Atletico Mineiro MG,2026-10-08T23:00:00+00:00,45.256,soccer.asian_handicap,period=ft,away,handicap=0.5,3.85
2026-10-09T00:14:44.642055+02:00,36435235,Brasileiro Serie A,Brazil,CA Paranaense PR,Atletico Mineiro MG,2026-10-08T23:00:00+00:00,45.256,soccer.double_chance,period=ft,draw_away,,1.8
2026-10-09T00:14:44.642055+02:00,36435235,Brasileiro Serie A,Brazil,CA Paranaense PR,Atletico Mineiro MG,2026-10-08T23:00:00+00:00,45.256,soccer.double_chance,period=ft,home_away,,1.34
2026-10-09T00:14:44.642055+02:00,36435235,Brasileiro Serie A,Brazil,CA Paranaense PR,Atletico Mineiro MG,2026-10-08T23:00:00+00:00,45.256,soccer.double_chance,period=ft,home_draw,,1.27
2026-10-09T00:14:44.642055+02:00,36435235,Brasileiro Serie A,Brazil,CA Paranaense PR,Atletico Mineiro MG,2026-10-08T23:00:00+00:00,45.256,soccer.match_odds,period=ft,home,,2.04
2026-10-09T00:14:44.642055+02:00,36435235,Brasileiro Serie A,Brazil,CA Paranaense PR,Atletico Mineiro MG,2026-10-08T23:00:00+00:00,45.256,soccer.match_odds,period=ft,draw,,3.35
2026-10-09T00:14:44.642055+02:00,36435235,Brasileiro Serie A,Brazil,CA Paranaense PR,Atletico Mineiro MG,2026-10-08T23:00:00+00:00,45.256,soccer.match_odds,period=ft,away,,3.9
2026-10-09T00:14:44.642055+02:00,36435235,Brasileiro Serie A,Brazil,CA Paranaense PR,Atletico Mineiro MG,2026-10-08T23:00:00+00:00,45.256,soccer.total_goals,period=ft,over,total=2.5,1.91
2026-10-09T00:14:44.642055+02:00,36435235,Brasileiro Serie A,Brazil,CA Paranaense PR,Atletico Mineiro MG,2026-10-08T23:00:00+00:00,45.256,soccer.total_goals,period=ft,under,total=2.5,1.95
2026-10-09T00:14:44.642055+02:00,36435235,Brasileiro Serie A,Brazil,CA Paranaense PR,Atletico Mineiro MG,2026-10-08T23:00:00+00:00,45.256,soccer.total_goals,period=ft,over,total=1.5,1.27
2026-10-09T00:14:44.642055+02:00,36435235,Brasileiro Serie A,Brazil,CA Paranaense PR,Atletico Mineiro MG,2026-10-08T23:00:00+00:00,45.256,soccer.total_goals,period=ft,under,total=1.5,3.75
2026-10-09T00:14:44.642055+02:00,36435235,Brasileiro Serie A,Brazil,CA Paranaense PR,Atletico Mineiro MG,2026-10-08T23:00:00+00:00,45.256,soccer.total_goals,period=ft,over,total=2,1.43
2026-10-09T00:14:44.642055+02:00,36435235,Brasileiro Serie A,Brazil,CA Paranaense PR,Atletico Mineiro MG,2026-10-08T23:00:00+00:00,45.256,soccer.total_goals,period=ft,under,total=2,2.85
2026-10-09T00:14:44.642055+02:00,36435235,Brasileiro Serie A,Brazil,CA Paranaense PR,Atletico Mineiro MG,2026-10-08T23:00:00+00:00,45.256,soccer.total_goals,period=ft,over,total=2.25,1.66
2026-10-09T00:14:44.642055+02:00,36435235,Brasileiro Serie A,Brazil,CA Paranaense PR,Atletico Mineiro MG,2026-10-08T23:00:00+00:00,45.256,soccer.total_goals,period=ft,under,total=2.25,2.2
2026-10-09T00:14:44.642055+02:00,36435235,Brasileiro Serie A,Brazil,CA Paranaense PR,Atletico Mineiro MG,2026-10-08T23:00:00+00:00,45.256,soccer.total_goals,period=ft,over,total=2.75,2.14
2026-10-09T00:14:44.642055+02:00,36435235,Brasileiro Serie A,Brazil,CA Paranaense PR,Atletico Mineiro MG,2026-10-08T23:00:00+00:00,45.256,soccer.total_goals,period=ft,under,total=2.75,1.72
2026-10-09T00:14:44.642055+02:00,36435235,Brasileiro Serie A,Brazil,CA Paranaense PR,Atletico Mineiro MG,2026-10-08T23:00:00+00:00,45.256,soccer.total_goals,period=ft,over,total=3,2.55
2026-10-09T00:14:44.642055+02:00,36435235,Brasileiro Serie A,Brazil,CA Paranaense PR,Atletico Mineiro MG,2026-10-08T23:00:00+00:00,45.256,soccer.total_goals,period=ft,under,total=3,1.51
2026-10-09T00:14:44.642055+02:00,36435235,Brasileiro Serie A,Brazil,CA Paranaense PR,Atletico Mineiro MG,2026-10-08T23:00:00+00:00,45.256,soccer.total_goals,period=ft,over,total=3.5,3.2
2026-10-09T00:14:44.642055+02:00,36435235,Brasileiro Serie A,Brazil,CA Paranaense PR,Atletico Mineiro MG,2026-10-08T23:00:00+00:00,45.256,soccer.total_goals,period=ft,under,total=3.5,1.34
2026-10-09T00:14:44.642055+02:00,36435235,Brasileiro Serie A,Brazil,CA Paranaense PR,Atletico Mineiro MG,2026-10-08T23:00:00+00:00,45.256,soccer.total_goals,period=ft,over,total=4.5,6.45
2026-10-09T00:14:44.642055+02:00,36435235,Brasileiro Serie A,Brazil,CA Paranaense PR,Atletico Mineiro MG,2026-10-08T23:00:00+00:00,45.256,soccer.total_goals,period=ft,under,total=4.5,1.12
2026-10-09T00:14:44.642055+02:00,36626420,"Primera A, Clausura",Colombia,Atletico Nacional Medellin,CD Tolima,2026-10-08T23:05:00+00:00,50.256,soccer.asian_handicap,period=ft,home,handicap=-0.75,1.85
2026-10-09T00:14:44.642055+02:00,36626420,"Primera A, Clausura",Colombia,Atletico Nacional Medellin,CD Tolima,2026-10-08T23:05:00+00:00,50.256,soccer.asian_handicap,period=ft,away,handicap=-0.75,1.99
2026-10-09T00:14:44.642055+02:00,36626420,"Primera A, Clausura",Colombia,Atletico Nacional Medellin,CD Tolima,2026-10-08T23:05:00+00:00,50.256,soccer.asian_handicap,period=ft,home,handicap=-1.75,3.45
2026-10-09T00:14:44.642055+02:00,36626420,"Primera A, Clausura",Colombia,Atletico Nacional Medellin,CD Tolima,2026-10-08T23:05:00+00:00,50.256,soccer.asian_handicap,period=ft,away,handicap=-1.75,1.3
2026-10-09T00:14:44.642055+02:00,36626420,"Primera A, Clausura",Colombia,Atletico Nacional Medellin,CD Tolima,2026-10-08T23:05:00+00:00,50.256,soccer.asian_handicap,period=ft,home,handicap=-1.5,2.8
2026-10-09T00:14:44.642055+02:00,36626420,"Primera A, Clausura",Colombia,Atletico Nacional Medellin,CD Tolima,2026-10-08T23:05:00+00:00,50.256,soccer.asian_handicap,period=ft,away,handicap=-1.5,1.42
2026-10-09T00:14:44.642055+02:00,36626420,"Primera A, Clausura",Colombia,Atletico Nacional Medellin,CD Tolima,2026-10-08T23:05:00+00:00,50.256,soccer.asian_handicap,period=ft,home,handicap=-1.25,2.45
2026-10-09T00:14:44.642055+02:00,36626420,"Primera A, Clausura",Colombia,Atletico Nacional Medellin,CD Tolima,2026-10-08T23:05:00+00:00,50.256,soccer.asian_handicap,period=ft,away,handicap=-1.25,1.53
2026-10-09T00:14:44.642055+02:00,36626420,"Primera A, Clausura",Colombia,Atletico Nacional Medellin,CD Tolima,2026-10-08T23:05:00+00:00,50.256,soccer.asian_handicap,period=ft,home,handicap=-1,2.15
2026-10-09T00:14:44.642055+02:00,36626420,"Primera A, Clausura",Colombia,Atletico Nacional Medellin,CD Tolima,2026-10-08T23:05:00+00:00,50.256,soccer.asian_handicap,period=ft,away,handicap=-1,1.7
2026-10-09T00:14:44.642055+02:00,36626420,"Primera A, Clausura",Colombia,Atletico Nacional Medellin,CD Tolima,2026-10-08T23:05:00+00:00,50.256,soccer.asian_handicap,period=ft,home,handicap=-0.5,1.65
2026-10-09T00:14:44.642055+02:00,36626420,"Primera A, Clausura",Colombia,Atletico Nacional Medellin,CD Tolima,2026-10-08T23:05:00+00:00,50.256,soccer.asian_handicap,period=ft,away,handicap=-0.5,2.2
2026-10-09T00:14:44.642055+02:00,36626420,"Primera A, Clausura",Colombia,Atletico Nacional Medellin,CD Tolima,2026-10-08T23:05:00+00:00,50.256,soccer.asian_handicap,period=ft,home,handicap=-0.25,1.45
2026-10-09T00:14:44.642055+02:00,36626420,"Primera A, Clausura",Colombia,Atletico Nacional Medellin,CD Tolima,2026-10-08T23:05:00+00:00,50.256,soccer.asian_handicap,period=ft,away,handicap=-0.25,2.75
2026-10-09T00:14:44.642055+02:00,36626420,"Primera A, Clausura",Colombia,Atletico Nacional Medellin,CD Tolima,2026-10-08T23:05:00+00:00,50.256,soccer.asian_handicap,period=ft,home,handicap=0,1.25
2026-10-09T00:14:44.642055+02:00,36626420,"Primera A, Clausura",Colombia,Atletico Nacional Medellin,CD Tolima,2026-10-08T23:05:00+00:00,50.256,soccer.asian_handicap,period=ft,away,handicap=0,3.9
2026-10-09T00:14:44.642055+02:00,36626420,"Primera A, Clausura",Colombia,Atletico Nacional Medellin,CD Tolima,2026-10-08T23:05:00+00:00,50.256,soccer.asian_handicap,period=ft,home,handicap=0.25,1.2
2026-10-09T00:14:44.642055+02:00,36626420,"Primera A, Clausura",Colombia,Atletico Nacional Medellin,CD Tolima,2026-10-08T23:05:00+00:00,50.256,soccer.asian_handicap,period=ft,away,handicap=0.25,4.45
2026-10-09T00:14:44.642055+02:00,36626420,"Primera A, Clausura",Colombia,Atletico Nacional Medellin,CD Tolima,2026-10-08T23:05:00+00:00,50.256,soccer.double_chance,period=ft,draw_away,,2.08
2026-10-09T00:14:44.642055+02:00,36626420,"Primera A, Clausura",Colombia,Atletico Nacional Medellin,CD Tolima,2026-10-08T23:05:00+00:00,50.256,soccer.double_chance,period=ft,home_away,,1.28
2026-10-09T00:14:44.642055+02:00,36626420,"Primera A, Clausura",Colombia,Atletico Nacional Medellin,CD Tolima,2026-10-08T23:05:00+00:00,50.256,soccer.double_chance,period=ft,home_draw,,1.2
2026-10-09T00:14:44.642055+02:00,36626420,"Primera A, Clausura",Colombia,Atletico Nacional Medellin,CD Tolima,2026-10-08T23:05:00+00:00,50.256,soccer.match_odds,period=ft,home,,1.65
2026-10-09T00:14:44.642055+02:00,36626420,"Primera A, Clausura",Colombia,Atletico Nacional Medellin,CD Tolima,2026-10-08T23:05:00+00:00,50.256,soccer.match_odds,period=ft,draw,,3.8
2026-10-09T00:14:44.642055+02:00,36626420,"Primera A, Clausura",Colombia,Atletico Nacional Medellin,CD Tolima,2026-10-08T23:05:00+00:00,50.256,soccer.match_odds,period=ft,away,,5.1
2026-10-09T00:14:44.642055+02:00,36626420,"Primera A, Clausura",Colombia,Atletico Nacional Medellin,CD Tolima,2026-10-08T23:05:00+00:00,50.256,soccer.total_goals,period=ft,over,total=2.5,1.83
2026-10-09T00:14:44.642055+02:00,36626420,"Primera A, Clausura",Colombia,Atletico Nacional Medellin,CD Tolima,2026-10-08T23:05:00+00:00,50.256,soccer.total_goals,period=ft,under,total=2.5,1.98
2026-10-09T00:14:44.642055+02:00,36626420,"Primera A, Clausura",Colombia,Atletico Nacional Medellin,CD Tolima,2026-10-08T23:05:00+00:00,50.256,soccer.total_goals,period=ft,over,total=1.5,1.25
2026-10-09T00:14:44.642055+02:00,36626420,"Primera A, Clausura",Colombia,Atletico Nacional Medellin,CD Tolima,2026-10-08T23:05:00+00:00,50.256,soccer.total_goals,period=ft,under,total=1.5,3.75
2026-10-09T00:14:44.642055+02:00,36626420,"Primera A, Clausura",Colombia,Atletico Nacional Medellin,CD Tolima,2026-10-08T23:05:00+00:00,50.256,soccer.total_goals,period=ft,over,total=2,1.39
2026-10-09T00:14:44.642055+02:00,36626420,"Primera A, Clausura",Colombia,Atletico Nacional Medellin,CD Tolima,2026-10-08T23:05:00+00:00,50.256,soccer.total_goals,period=ft,under,total=2,2.9
2026-10-09T00:14:44.642055+02:00,36626420,"Primera A, Clausura",Colombia,Atletico Nacional Medellin,CD Tolima,2026-10-08T23:05:00+00:00,50.256,soccer.total_goals,period=ft,over,total=2.25,1.61
2026-10-09T00:14:44.642055+02:00,36626420,"Primera A, Clausura",Colombia,Atletico Nacional Medellin,CD Tolima,2026-10-08T23:05:00+00:00,50.256,soccer.total_goals,period=ft,under,total=2.25,2.3
2026-10-09T00:14:44.642055+02:00,36626420,"Primera A, Clausura",Colombia,Atletico Nacional Medellin,CD Tolima,2026-10-08T23:05:00+00:00,50.256,soccer.total_goals,period=ft,over,total=2.75,2.05
2026-10-09T00:14:44.642055+02:00,36626420,"Primera A, Clausura",Colombia,Atletico Nacional Medellin,CD Tolima,2026-10-08T23:05:00+00:00,50.256,soccer.total_goals,period=ft,under,total=2.75,1.75
2026-10-09T00:14:44.642055+02:00,36626420,"Primera A, Clausura",Colombia,Atletico Nacional Medellin,CD Tolima,2026-10-08T23:05:00+00:00,50.256,soccer.total_goals,period=ft,over,total=3,2.45
2026-10-09T00:14:44.642055+02:00,36626420,"Primera A, Clausura",Colombia,Atletico Nacional Medellin,CD Tolima,2026-10-08T23:05:00+00:00,50.256,soccer.total_goals,period=ft,under,total=3,1.54
2026-10-09T00:14:44.642055+02:00,36626420,"Primera A, Clausura",Colombia,Atletico Nacional Medellin,CD Tolima,2026-10-08T23:05:00+00:00,50.256,soccer.total_goals,period=ft,over,total=3.5,3.05
2026-10-09T00:14:44.642055+02:00,36626420,"Primera A, Clausura",Colombia,Atletico Nacional Medellin,CD Tolima,2026-10-08T23:05:00+00:00,50.256,soccer.total_goals,period=ft,under,total=3.5,1.35
2026-10-09T00:14:44.642055+02:00,36626420,"Primera A, Clausura",Colombia,Atletico Nacional Medellin,CD Tolima,2026-10-08T23:05:00+00:00,50.256,soccer.total_goals,period=ft,over,total=4.5,6.1
2026-10-09T00:14:44.642055+02:00,36626420,"Primera A, Clausura",Colombia,Atletico Nacional Medellin,CD Tolima,2026-10-08T23:05:00+00:00,50.256,soccer.total_goals,period=ft,under,total=4.5,1.11
2026-10-09T00:14:44.642055+02:00,36609426,Brasileiro Serie B,Brazil,Ceara SC CE,Criciuma EC SC,2026-10-08T22:30:00+00:00,15.256,soccer.asian_handicap,period=ft,home,handicap=0,1.89
2026-10-09T00:14:44.642055+02:00,36609426,Brasileiro Serie B,Brazil,Ceara SC CE,Criciuma EC SC,2026-10-08T22:30:00+00:00,15.256,soccer.asian_handicap,period=ft,away,handicap=0,1.95
2026-10-09T00:14:44.642055+02:00,36609426,Brasileiro Serie B,Brazil,Ceara SC CE,Criciuma EC SC,2026-10-08T22:30:00+00:00,15.256,soccer.asian_handicap,period=ft,home,handicap=-1,4.75
2026-10-09T00:14:44.642055+02:00,36609426,Brasileiro Serie B,Brazil,Ceara SC CE,Criciuma EC SC,2026-10-08T22:30:00+00:00,15.256,soccer.asian_handicap,period=ft,away,handicap=-1,1.18
2026-10-09T00:14:44.642055+02:00,36609426,Brasileiro Serie B,Brazil,Ceara SC CE,Criciuma EC SC,2026-10-08T22:30:00+00:00,15.256,soccer.asian_handicap,period=ft,home,handicap=-0.75,3.3
2026-10-09T00:14:44.642055+02:00,36609426,Brasileiro Serie B,Brazil,Ceara SC CE,Criciuma EC SC,2026-10-08T22:30:00+00:00,15.256,soccer.asian_handicap,period=ft,away,handicap=-0.75,1.33
2026-10-09T00:14:44.642055+02:00,36609426,Brasileiro Serie B,Brazil,Ceara SC CE,Criciuma EC SC,2026-10-08T22:30:00+00:00,15.256,soccer.asian_handicap,period=ft,home,handicap=-0.5,2.65
2026-10-09T00:14:44.642055+02:00,36609426,Brasileiro Serie B,Brazil,Ceara SC CE,Criciuma EC SC,2026-10-08T22:30:00+00:00,15.256,soccer.asian_handicap,period=ft,away,handicap=-0.5,1.48
2026-10-09T00:14:44.642055+02:00,36609426,Brasileiro Serie B,Brazil,Ceara SC CE,Criciuma EC SC,2026-10-08T22:30:00+00:00,15.256,soccer.asian_handicap,period=ft,home,handicap=-0.25,2.25
2026-10-09T00:14:44.642055+02:00,36609426,Brasileiro Serie B,Brazil,Ceara SC CE,Criciuma EC SC,2026-10-08T22:30:00+00:00,15.256,soccer.asian_handicap,period=ft,away,handicap=-0.25,1.64
2026-10-09T00:14:44.642055+02:00,36609426,Brasileiro Serie B,Brazil,Ceara SC CE,Criciuma EC SC,2026-10-08T22:30:00+00:00,15.256,soccer.asian_handicap,period=ft,home,handicap=0.25,1.61
2026-10-09T00:14:44.642055+02:00,36609426,Brasileiro Serie B,Brazil,Ceara SC CE,Criciuma EC SC,2026-10-08T22:30:00+00:00,15.256,soccer.asian_handicap,period=ft,away,handicap=0.25,2.3
2026-10-09T00:14:44.642055+02:00,36609426,Brasileiro Serie B,Brazil,Ceara SC CE,Criciuma EC SC,2026-10-08T22:30:00+00:00,15.256,soccer.asian_handicap,period=ft,home,handicap=0.5,1.46
2026-10-09T00:14:44.642055+02:00,36609426,Brasileiro Serie B,Brazil,Ceara SC CE,Criciuma EC SC,2026-10-08T22:30:00+00:00,15.256,soccer.asian_handicap,period=ft,away,handicap=0.5,2.7
2026-10-09T00:14:44.642055+02:00,36609426,Brasileiro Serie B,Brazil,Ceara SC CE,Criciuma EC SC,2026-10-08T22:30:00+00:00,15.256,soccer.asian_handicap,period=ft,home,handicap=0.75,1.31
2026-10-09T00:14:44.642055+02:00,36609426,Brasileiro Serie B,Brazil,Ceara SC CE,Criciuma EC SC,2026-10-08T22:30:00+00:00,15.256,soccer.asian_handicap,period=ft,away,handicap=0.75,3.4
2026-10-09T00:14:44.642055+02:00,36609426,Brasileiro Serie B,Brazil,Ceara SC CE,Criciuma EC SC,2026-10-08T22:30:00+00:00,15.256,soccer.asian_handicap,period=ft,home,handicap=1,1.17
2026-10-09T00:14:44.642055+02:00,36609426,Brasileiro Serie B,Brazil,Ceara SC CE,Criciuma EC SC,2026-10-08T22:30:00+00:00,15.256,soccer.asian_handicap,period=ft,away,handicap=1,5.05
2026-10-09T00:14:44.642055+02:00,36609426,Brasileiro Serie B,Brazil,Ceara SC CE,Criciuma EC SC,2026-10-08T22:30:00+00:00,15.256,soccer.double_chance,period=ft,draw_away,,1.47
2026-10-09T00:14:44.642055+02:00,36609426,Brasileiro Serie B,Brazil,Ceara SC CE,Criciuma EC SC,2026-10-08T22:30:00+00:00,15.256,soccer.double_chance,period=ft,home_away,,1.35
2026-10-09T00:14:44.642055+02:00,36609426,Brasileiro Serie B,Brazil,Ceara SC CE,Criciuma EC SC,2026-10-08T22:30:00+00:00,15.256,soccer.double_chance,period=ft,home_draw,,1.45
2026-10-09T00:14:44.642055+02:00,36609426,Brasileiro Serie B,Brazil,Ceara SC CE,Criciuma EC SC,2026-10-08T22:30:00+00:00,15.256,soccer.match_odds,period=ft,home,,2.65
2026-10-09T00:14:44.642055+02:00,36609426,Brasileiro Serie B,Brazil,Ceara SC CE,Criciuma EC SC,2026-10-08T22:30:00+00:00,15.256,soccer.match_odds,period=ft,draw,,3.15
2026-10-09T00:14:44.642055+02:00,36609426,Brasileiro Serie B,Brazil,Ceara SC CE,Criciuma EC SC,2026-10-08T22:30:00+00:00,15.256,soccer.match_odds,period=ft,away,,2.75
2026-10-09T00:14:44.642055+02:00,36609426,Brasileiro Serie B,Brazil,Ceara SC CE,Criciuma EC SC,2026-10-08T22:30:00+00:00,15.256,soccer.total_goals,period=ft,over,total=2.25,2.03
2026-10-09T00:14:44.642055+02:00,36609426,Brasileiro Serie B,Brazil,Ceara SC CE,Criciuma EC SC,2026-10-08T22:30:00+00:00,15.256,soccer.total_goals,period=ft,under,total=2.25,1.8
2026-10-09T00:14:44.642055+02:00,36609426,Brasileiro Serie B,Brazil,Ceara SC CE,Criciuma EC SC,2026-10-08T22:30:00+00:00,15.256,soccer.total_goals,period=ft,over,total=1.5,1.4
2026-10-09T00:14:44.642055+02:00,36609426,Brasileiro Serie B,Brazil,Ceara SC CE,Criciuma EC SC,2026-10-08T22:30:00+00:00,15.256,soccer.total_goals,period=ft,under,total=1.5,2.9
2026-10-09T00:14:44.642055+02:00,36609426,Brasileiro Serie B,Brazil,Ceara SC CE,Criciuma EC SC,2026-10-08T22:30:00+00:00,15.256,soccer.total_goals,period=ft,over,total=1.75,1.52
2026-10-09T00:14:44.642055+02:00,36609426,Brasileiro Serie B,Brazil,Ceara SC CE,Criciuma EC SC,2026-10-08T22:30:00+00:00,15.256,soccer.total_goals,period=ft,under,total=1.75,2.5
2026-10-09T00:14:44.642055+02:00,36609426,Brasileiro Serie B,Brazil,Ceara SC CE,Criciuma EC SC,2026-10-08T22:30:00+00:00,15.256,soccer.total_goals,period=ft,over,total=2,1.71
2026-10-09T00:14:44.642055+02:00,36609426,Brasileiro Serie B,Brazil,Ceara SC CE,Criciuma EC SC,2026-10-08T22:30:00+00:00,15.256,soccer.total_goals,period=ft,under,total=2,2.14
2026-10-09T00:14:44.642055+02:00,36609426,Brasileiro Serie B,Brazil,Ceara SC CE,Criciuma EC SC,2026-10-08T22:30:00+00:00,15.256,soccer.total_goals,period=ft,over,total=2.5,2.3
2026-10-09T00:14:44.642055+02:00,36609426,Brasileiro Serie B,Brazil,Ceara SC CE,Criciuma EC SC,2026-10-08T22:30:00+00:00,15.256,soccer.total_goals,period=ft,under,total=2.5,1.6
2026-10-09T00:14:44.642055+02:00,36609426,Brasileiro Serie B,Brazil,Ceara SC CE,Criciuma EC SC,2026-10-08T22:30:00+00:00,15.256,soccer.total_goals,period=ft,over,total=2.75,2.75
2026-10-09T00:14:44.642055+02:00,36609426,Brasileiro Serie B,Brazil,Ceara SC CE,Criciuma EC SC,2026-10-08T22:30:00+00:00,15.256,soccer.total_goals,period=ft,under,total=2.75,1.44
2026-10-09T00:14:44.642055+02:00,36609426,Brasileiro Serie B,Brazil,Ceara SC CE,Criciuma EC SC,2026-10-08T22:30:00+00:00,15.256,soccer.total_goals,period=ft,over,total=3.5,4.4
2026-10-09T00:14:44.642055+02:00,36609426,Brasileiro Serie B,Brazil,Ceara SC CE,Criciuma EC SC,2026-10-08T22:30:00+00:00,15.256,soccer.total_goals,period=ft,under,total=3.5,1.2
2026-10-09T00:14:44.642055+02:00,36609429,Brasileiro Serie B,Brazil,Nautico PE,Gremio Novorizontino SP,2026-10-08T22:30:00+00:00,15.256,soccer.asian_handicap,period=ft,home,handicap=0.75,1.85
2026-10-09T00:14:44.642055+02:00,36609429,Brasileiro Serie B,Brazil,Nautico PE,Gremio Novorizontino SP,2026-10-08T22:30:00+00:00,15.256,soccer.asian_handicap,period=ft,away,handicap=0.75,2.0
2026-10-09T00:14:44.642055+02:00,36609429,Brasileiro Serie B,Brazil,Nautico PE,Gremio Novorizontino SP,2026-10-08T22:30:00+00:00,15.256,soccer.asian_handicap,period=ft,home,handicap=-0.25,3.8
2026-10-09T00:14:44.642055+02:00,36609429,Brasileiro Serie B,Brazil,Nautico PE,Gremio Novorizontino SP,2026-10-08T22:30:00+00:00,15.256,soccer.asian_handicap,period=ft,away,handicap=-0.25,1.26
2026-10-09T00:14:44.642055+02:00,36609429,Brasileiro Serie B,Brazil,Nautico PE,Gremio Novorizontino SP,2026-10-08T22:30:00+00:00,15.256,soccer.asian_handicap,period=ft,home,handicap=0,3.3
2026-10-09T00:14:44.642055+02:00,36609429,Brasileiro Serie B,Brazil,Nautico PE,Gremio Novorizontino SP,2026-10-08T22:30:00+00:00,15.256,soccer.asian_handicap,period=ft,away,handicap=0,1.33
2026-10-09T00:14:44.642055+02:00,36609429,Brasileiro Serie B,Brazil,Nautico PE,Gremio Novorizontino SP,2026-10-08T22:30:00+00:00,15.256,soccer.asian_handicap,period=ft,home,handicap=0.25,2.45
2026-10-09T00:14:44.642055+02:00,36609429,Brasileiro Serie B,Brazil,Nautico PE,Gremio Novorizontino SP,2026-10-08T22:30:00+00:00,15.256,soccer.asian_handicap,period=ft,away,handicap=0.25,1.55
2026-10-09T00:14:44.642055+02:00,36609429,Brasileiro Serie B,Brazil,Nautico PE,Gremio Novorizontino SP,2026-10-08T22:30:00+00:00,15.256,soccer.asian_handicap,period=ft,home,handicap=0.5,2.08
2026-10-09T00:14:44.642055+02:00,36609429,Brasileiro Serie B,Brazil,Nautico PE,Gremio Novorizontino SP,2026-10-08T22:30:00+00:00,15.256,soccer.asian_handicap,period=ft,away,handicap=0.5,1.76
2026-10-09T00:14:44.642055+02:00,36609429,Brasileiro Serie B,Brazil,Nautico PE,Gremio Novorizontino SP,2026-10-08T22:30:00+00:00,15.256,soccer.asian_handicap,period=ft,home,handicap=1,1.6
2026-10-09T00:14:44.642055+02:00,36609429,Brasileiro Serie B,Brazil,Nautico PE,Gremio Novorizontino SP,2026-10-08T22:30:00+00:00,15.256,soccer.asian_handicap,period=ft,away,handicap=1,2.35
2026-10-09T00:14:44.642055+02:00,36609429,Brasileiro Serie B,Brazil,Nautico PE,Gremio Novorizontino SP,2026-10-08T22:30:00+00:00,15.256,soccer.asian_handicap,period=ft,home,handicap=1.25,1.47
2026-10-09T00:14:44.642055+02:00,36609429,Brasileiro Serie B,Brazil,Nautico PE,Gremio Novorizontino SP,2026-10-08T22:30:00+00:00,15.256,soccer.asian_handicap,period=ft,away,handicap=1.25,2.7
2026-10-09T00:14:44.642055+02:00,36609429,Brasileiro Serie B,Brazil,Nautico PE,Gremio Novorizontino SP,2026-10-08T22:30:00+00:00,15.256,soccer.asian_handicap,period=ft,home,handicap=1.5,1.38
2026-10-09T00:14:44.642055+02:00,36609429,Brasileiro Serie B,Brazil,Nautico PE,Gremio Novorizontino SP,2026-10-08T22:30:00+00:00,15.256,soccer.asian_handicap,period=ft,away,handicap=1.5,3.05
2026-10-09T00:14:44.642055+02:00,36609429,Brasileiro Serie B,Brazil,Nautico PE,Gremio Novorizontino SP,2026-10-08T22:30:00+00:00,15.256,soccer.asian_handicap,period=ft,home,handicap=1.75,1.26
2026-10-09T00:14:44.642055+02:00,36609429,Brasileiro Serie B,Brazil,Nautico PE,Gremio Novorizontino SP,2026-10-08T22:30:00+00:00,15.256,soccer.asian_handicap,period=ft,away,handicap=1.75,3.8
2026-10-09T00:14:44.642055+02:00,36609429,Brasileiro Serie B,Brazil,Nautico PE,Gremio Novorizontino SP,2026-10-08T22:30:00+00:00,15.256,soccer.double_chance,period=ft,draw_away,,1.22
2026-10-09T00:14:44.642055+02:00,36609429,Brasileiro Serie B,Brazil,Nautico PE,Gremio Novorizontino SP,2026-10-08T22:30:00+00:00,15.256,soccer.double_chance,period=ft,home_away,,1.26
2026-10-09T00:14:44.642055+02:00,36609429,Brasileiro Serie B,Brazil,Nautico PE,Gremio Novorizontino SP,2026-10-08T22:30:00+00:00,15.256,soccer.double_chance,period=ft,home_draw,,2.05
2026-10-09T00:14:44.642055+02:00,36609429,Brasileiro Serie B,Brazil,Nautico PE,Gremio Novorizontino SP,2026-10-08T22:30:00+00:00,15.256,soccer.match_odds,period=ft,home,,4.3
2026-10-09T00:14:44.642055+02:00,36609429,Brasileiro Serie B,Brazil,Nautico PE,Gremio Novorizontino SP,2026-10-08T22:30:00+00:00,15.256,soccer.match_odds,period=ft,draw,,3.85
2026-10-09T00:14:44.642055+02:00,36609429,Brasileiro Serie B,Brazil,Nautico PE,Gremio Novorizontino SP,2026-10-08T22:30:00+00:00,15.256,soccer.match_odds,period=ft,away,,1.76
2026-10-09T00:14:44.642055+02:00,36609429,Brasileiro Serie B,Brazil,Nautico PE,Gremio Novorizontino SP,2026-10-08T22:30:00+00:00,15.256,soccer.total_goals,period=ft,over,total=2.75,2.0
2026-10-09T00:14:44.642055+02:00,36609429,Brasileiro Serie B,Brazil,Nautico PE,Gremio Novorizontino SP,2026-10-08T22:30:00+00:00,15.256,soccer.total_goals,period=ft,under,total=2.75,1.83
2026-10-09T00:14:44.642055+02:00,36609429,Brasileiro Serie B,Brazil,Nautico PE,Gremio Novorizontino SP,2026-10-08T22:30:00+00:00,15.256,soccer.total_goals,period=ft,over,total=1.5,1.23
2026-10-09T00:14:44.642055+02:00,36609429,Brasileiro Serie B,Brazil,Nautico PE,Gremio Novorizontino SP,2026-10-08T22:30:00+00:00,15.256,soccer.total_goals,period=ft,under,total=1.5,4.0
2026-10-09T00:14:44.642055+02:00,36609429,Brasileiro Serie B,Brazil,Nautico PE,Gremio Novorizontino SP,2026-10-08T22:30:00+00:00,15.256,soccer.total_goals,period=ft,over,total=2.25,1.57
2026-10-09T00:14:44.642055+02:00,36609429,Brasileiro Serie B,Brazil,Nautico PE,Gremio Novorizontino SP,2026-10-08T22:30:00+00:00,15.256,soccer.total_goals,period=ft,under,total=2.25,2.4
2026-10-09T00:14:44.642055+02:00,36609429,Brasileiro Serie B,Brazil,Nautico PE,Gremio Novorizontino SP,2026-10-08T22:30:00+00:00,15.256,soccer.total_goals,period=ft,over,total=2.5,1.78
2026-10-09T00:14:44.642055+02:00,36609429,Brasileiro Serie B,Brazil,Nautico PE,Gremio Novorizontino SP,2026-10-08T22:30:00+00:00,15.256,soccer.total_goals,period=ft,under,total=2.5,2.04
2026-10-09T00:14:44.642055+02:00,36609429,Brasileiro Serie B,Brazil,Nautico PE,Gremio Novorizontino SP,2026-10-08T22:30:00+00:00,15.256,soccer.total_goals,period=ft,over,total=3,2.3
2026-10-09T00:14:44.642055+02:00,36609429,Brasileiro Serie B,Brazil,Nautico PE,Gremio Novorizontino SP,2026-10-08T22:30:00+00:00,15.256,soccer.total_goals,period=ft,under,total=3,1.6
2026-10-09T00:14:44.642055+02:00,36609429,Brasileiro Serie B,Brazil,Nautico PE,Gremio Novorizontino SP,2026-10-08T22:30:00+00:00,15.256,soccer.total_goals,period=ft,over,total=3.25,2.65
2026-10-09T00:14:44.642055+02:00,36609429,Brasileiro Serie B,Brazil,Nautico PE,Gremio Novorizontino SP,2026-10-08T22:30:00+00:00,15.256,soccer.total_goals,period=ft,under,total=3.25,1.48
2026-10-09T00:14:44.642055+02:00,36609429,Brasileiro Serie B,Brazil,Nautico PE,Gremio Novorizontino SP,2026-10-08T22:30:00+00:00,15.256,soccer.total_goals,period=ft,over,total=3.5,2.9
2026-10-09T00:14:44.642055+02:00,36609429,Brasileiro Serie B,Brazil,Nautico PE,Gremio Novorizontino SP,2026-10-08T22:30:00+00:00,15.256,soccer.total_goals,period=ft,under,total=3.5,1.39
2026-10-09T00:14:44.642055+02:00,36609429,Brasileiro Serie B,Brazil,Nautico PE,Gremio Novorizontino SP,2026-10-08T22:30:00+00:00,15.256,soccer.total_goals,period=ft,over,total=4.5,5.6
2026-10-09T00:14:44.642055+02:00,36609429,Brasileiro Serie B,Brazil,Nautico PE,Gremio Novorizontino SP,2026-10-08T22:30:00+00:00,15.256,soccer.total_goals,period=ft,under,total=4.5,1.14
2026-10-09T00:16:43.054097+02:00,36626420,"Primera A, Clausura",Colombia,Atletico Nacional Medellin,CD Tolima,2026-10-08T23:05:00+00:00,48.2824,soccer.asian_handicap,period=ft,home,handicap=-0.75,1.85
2026-10-09T00:16:43.054097+02:00,36626420,"Primera A, Clausura",Colombia,Atletico Nacional Medellin,CD Tolima,2026-10-08T23:05:00+00:00,48.2824,soccer.asian_handicap,period=ft,away,handicap=-0.75,1.99
2026-10-09T00:16:43.054097+02:00,36626420,"Primera A, Clausura",Colombia,Atletico Nacional Medellin,CD Tolima,2026-10-08T23:05:00+00:00,48.2824,soccer.asian_handicap,period=ft,home,handicap=-1.75,3.45
2026-10-09T00:16:43.054097+02:00,36626420,"Primera A, Clausura",Colombia,Atletico Nacional Medellin,CD Tolima,2026-10-08T23:05:00+00:00,48.2824,soccer.asian_handicap,period=ft,away,handicap=-1.75,1.3
2026-10-09T00:16:43.054097+02:00,36626420,"Primera A, Clausura",Colombia,Atletico Nacional Medellin,CD Tolima,2026-10-08T23:05:00+00:00,48.2824,soccer.asian_handicap,period=ft,home,handicap=-1.5,2.8
2026-10-09T00:16:43.054097+02:00,36626420,"Primera A, Clausura",Colombia,Atletico Nacional Medellin,CD Tolima,2026-10-08T23:05:00+00:00,48.2824,soccer.asian_handicap,period=ft,away,handicap=-1.5,1.42
2026-10-09T00:16:43.054097+02:00,36626420,"Primera A, Clausura",Colombia,Atletico Nacional Medellin,CD Tolima,2026-10-08T23:05:00+00:00,48.2824,soccer.asian_handicap,period=ft,home,handicap=-1.25,2.45
2026-10-09T00:16:43.054097+02:00,36626420,"Primera A, Clausura",Colombia,Atletico Nacional Medellin,CD Tolima,2026-10-08T23:05:00+00:00,48.2824,soccer.asian_handicap,period=ft,away,handicap=-1.25,1.53
2026-10-09T00:16:43.054097+02:00,36626420,"Primera A, Clausura",Colombia,Atletico Nacional Medellin,CD Tolima,2026-10-08T23:05:00+00:00,48.2824,soccer.asian_handicap,period=ft,home,handicap=-1,2.15
2026-10-09T00:16:43.054097+02:00,36626420,"Primera A, Clausura",Colombia,Atletico Nacional Medellin,CD Tolima,2026-10-08T23:05:00+00:00,48.2824,soccer.asian_handicap,period=ft,away,handicap=-1,1.7
2026-10-09T00:16:43.054097+02:00,36626420,"Primera A, Clausura",Colombia,Atletico Nacional Medellin,CD Tolima,2026-10-08T23:05:00+00:00,48.2824,soccer.asian_handicap,period=ft,home,handicap=-0.5,1.65
2026-10-09T00:16:43.054097+02:00,36626420,"Primera A, Clausura",Colombia,Atletico Nacional Medellin,CD Tolima,2026-10-08T23:05:00+00:00,48.2824,soccer.asian_handicap,period=ft,away,handicap=-0.5,2.2
2026-10-09T00:16:43.054097+02:00,36626420,"Primera A, Clausura",Colombia,Atletico Nacional Medellin,CD Tolima,2026-10-08T23:05:00+00:00,48.2824,soccer.asian_handicap,period=ft,home,handicap=-0.25,1.45
2026-10-09T00:16:43.054097+02:00,36626420,"Primera A, Clausura",Colombia,Atletico Nacional Medellin,CD Tolima,2026-10-08T23:05:00+00:00,48.2824,soccer.asian_handicap,period=ft,away,handicap=-0.25,2.75
2026-10-09T00:16:43.054097+02:00,36626420,"Primera A, Clausura",Colombia,Atletico Nacional Medellin,CD Tolima,2026-10-08T23:05:00+00:00,48.2824,soccer.asian_handicap,period=ft,home,handicap=0,1.25
2026-10-09T00:16:43.054097+02:00,36626420,"Primera A, Clausura",Colombia,Atletico Nacional Medellin,CD Tolima,2026-10-08T23:05:00+00:00,48.2824,soccer.asian_handicap,period=ft,away,handicap=0,3.9
2026-10-09T00:16:43.054097+02:00,36626420,"Primera A, Clausura",Colombia,Atletico Nacional Medellin,CD Tolima,2026-10-08T23:05:00+00:00,48.2824,soccer.asian_handicap,period=ft,home,handicap=0.25,1.2
2026-10-09T00:16:43.054097+02:00,36626420,"Primera A, Clausura",Colombia,Atletico Nacional Medellin,CD Tolima,2026-10-08T23:05:00+00:00,48.2824,soccer.asian_handicap,period=ft,away,handicap=0.25,4.45
2026-10-09T00:16:43.054097+02:00,36626420,"Primera A, Clausura",Colombia,Atletico Nacional Medellin,CD Tolima,2026-10-08T23:05:00+00:00,48.2824,soccer.double_chance,period=ft,draw_away,,2.08
2026-10-09T00:16:43.054097+02:00,36626420,"Primera A, Clausura",Colombia,Atletico Nacional Medellin,CD Tolima,2026-10-08T23:05:00+00:00,48.2824,soccer.double_chance,period=ft,home_away,,1.28
2026-10-09T00:16:43.054097+02:00,36626420,"Primera A, Clausura",Colombia,Atletico Nacional Medellin,CD Tolima,2026-10-08T23:05:00+00:00,48.2824,soccer.double_chance,period=ft,home_draw,,1.2
2026-10-09T00:16:43.054097+02:00,36626420,"Primera A, Clausura",Colombia,Atletico Nacional Medellin,CD Tolima,2026-10-08T23:05:00+00:00,48.2824,soccer.match_odds,period=ft,home,,1.65
2026-10-09T00:16:43.054097+02:00,36626420,"Primera A, Clausura",Colombia,Atletico Nacional Medellin,CD Tolima,2026-10-08T23:05:00+00:00,48.2824,soccer.match_odds,period=ft,draw,,3.8
2026-10-09T00:16:43.054097+02:00,36626420,"Primera A, Clausura",Colombia,Atletico Nacional Medellin,CD Tolima,2026-10-08T23:05:00+00:00,48.2824,soccer.match_odds,period=ft,away,,5.1
2026-10-09T00:16:43.054097+02:00,36626420,"Primera A, Clausura",Colombia,Atletico Nacional Medellin,CD Tolima,2026-10-08T23:05:00+00:00,48.2824,soccer.total_goals,period=ft,over,total=2.5,1.83
2026-10-09T00:16:43.054097+02:00,36626420,"Primera A, Clausura",Colombia,Atletico Nacional Medellin,CD Tolima,2026-10-08T23:05:00+00:00,48.2824,soccer.total_goals,period=ft,under,total=2.5,1.98
2026-10-09T00:16:43.054097+02:00,36626420,"Primera A, Clausura",Colombia,Atletico Nacional Medellin,CD Tolima,2026-10-08T23:05:00+00:00,48.2824,soccer.total_goals,period=ft,over,total=1.5,1.25
2026-10-09T00:16:43.054097+02:00,36626420,"Primera A, Clausura",Colombia,Atletico Nacional Medellin,CD Tolima,2026-10-08T23:05:00+00:00,48.2824,soccer.total_goals,period=ft,under,total=1.5,3.75
2026-10-09T00:16:43.054097+02:00,36626420,"Primera A, Clausura",Colombia,Atletico Nacional Medellin,CD Tolima,2026-10-08T23:05:00+00:00,48.2824,soccer.total_goals,period=ft,over,total=2,1.39
2026-10-09T00:16:43.054097+02:00,36626420,"Primera A, Clausura",Colombia,Atletico Nacional Medellin,CD Tolima,2026-10-08T23:05:00+00:00,48.2824,soccer.total_goals,period=ft,under,total=2,2.9
2026-10-09T00:16:43.054097+02:00,36626420,"Primera A, Clausura",Colombia,Atletico Nacional Medellin,CD Tolima,2026-10-08T23:05:00+00:00,48.2824,soccer.total_goals,period=ft,over,total=2.25,1.61
2026-10-09T00:16:43.054097+02:00,36626420,"Primera A, Clausura",Colombia,Atletico Nacional Medellin,CD Tolima,2026-10-08T23:05:00+00:00,48.2824,soccer.total_goals,period=ft,under,total=2.25,2.3
2026-10-09T00:16:43.054097+02:00,36626420,"Primera A, Clausura",Colombia,Atletico Nacional Medellin,CD Tolima,2026-10-08T23:05:00+00:00,48.2824,soccer.total_goals,period=ft,over,total=2.75,2.05
2026-10-09T00:16:43.054097+02:00,36626420,"Primera A, Clausura",Colombia,Atletico Nacional Medellin,CD Tolima,2026-10-08T23:05:00+00:00,48.2824,soccer.total_goals,period=ft,under,total=2.75,1.75
2026-10-09T00:16:43.054097+02:00,36626420,"Primera A, Clausura",Colombia,Atletico Nacional Medellin,CD Tolima,2026-10-08T23:05:00+00:00,48.2824,soccer.total_goals,period=ft,over,total=3,2.45
2026-10-09T00:16:43.054097+02:00,36626420,"Primera A, Clausura",Colombia,Atletico Nacional Medellin,CD Tolima,2026-10-08T23:05:00+00:00,48.2824,soccer.total_goals,period=ft,under,total=3,1.54
2026-10-09T00:16:43.054097+02:00,36626420,"Primera A, Clausura",Colombia,Atletico Nacional Medellin,CD Tolima,2026-10-08T23:05:00+00:00,48.2824,soccer.total_goals,period=ft,over,total=3.5,3.05
2026-10-09T00:16:43.054097+02:00,36626420,"Primera A, Clausura",Colombia,Atletico Nacional Medellin,CD Tolima,2026-10-08T23:05:00+00:00,48.2824,soccer.total_goals,period=ft,under,total=3.5,1.35
2026-10-09T00:16:43.054097+02:00,36626420,"Primera A, Clausura",Colombia,Atletico Nacional Medellin,CD Tolima,2026-10-08T23:05:00+00:00,48.2824,soccer.total_goals,period=ft,over,total=4.5,6.1
2026-10-09T00:16:43.054097+02:00,36626420,"Primera A, Clausura",Colombia,Atletico Nacional Medellin,CD Tolima,2026-10-08T23:05:00+00:00,48.2824,soccer.total_goals,period=ft,under,total=4.5,1.11
2026-10-09T00:16:43.054097+02:00,36698652,Brazil Campeonato Paraibano (PB) Division 2,Brazil,AD Guarabira,Auto EC (PB),2026-10-08T22:30:00+00:00,13.2824,soccer.asian_handicap,period=ft,home,handicap=0.25,1.76
2026-10-09T00:16:43.054097+02:00,36698652,Brazil Campeonato Paraibano (PB) Division 2,Brazil,AD Guarabira,Auto EC (PB),2026-10-08T22:30:00+00:00,13.2824,soccer.asian_handicap,period=ft,away,handicap=0.25,1.95
2026-10-09T00:16:43.054097+02:00,36698652,Brazil Campeonato Paraibano (PB) Division 2,Brazil,AD Guarabira,Auto EC (PB),2026-10-08T22:30:00+00:00,13.2824,soccer.asian_handicap,period=ft,home,handicap=-0.5,2.8
2026-10-09T00:16:43.054097+02:00,36698652,Brazil Campeonato Paraibano (PB) Division 2,Brazil,AD Guarabira,Auto EC (PB),2026-10-08T22:30:00+00:00,13.2824,soccer.asian_handicap,period=ft,away,handicap=-0.5,1.33
2026-10-09T00:16:43.054097+02:00,36698652,Brazil Campeonato Paraibano (PB) Division 2,Brazil,AD Guarabira,Auto EC (PB),2026-10-08T22:30:00+00:00,13.2824,soccer.asian_handicap,period=ft,home,handicap=-0.25,2.45
2026-10-09T00:16:43.054097+02:00,36698652,Brazil Campeonato Paraibano (PB) Division 2,Brazil,AD Guarabira,Auto EC (PB),2026-10-08T22:30:00+00:00,13.2824,soccer.asian_handicap,period=ft,away,handicap=-0.25,1.44
2026-10-09T00:16:43.054097+02:00,36698652,Brazil Campeonato Paraibano (PB) Division 2,Brazil,AD Guarabira,Auto EC (PB),2026-10-08T22:30:00+00:00,13.2824,soccer.asian_handicap,period=ft,home,handicap=0,2.1
2026-10-09T00:16:43.054097+02:00,36698652,Brazil Campeonato Paraibano (PB) Division 2,Brazil,AD Guarabira,Auto EC (PB),2026-10-08T22:30:00+00:00,13.2824,soccer.asian_handicap,period=ft,away,handicap=0,1.62
2026-10-09T00:16:43.054097+02:00,36698652,Brazil Campeonato Paraibano (PB) Division 2,Brazil,AD Guarabira,Auto EC (PB),2026-10-08T22:30:00+00:00,13.2824,soccer.asian_handicap,period=ft,home,handicap=0.5,1.55
2026-10-09T00:16:43.054097+02:00,36698652,Brazil Campeonato Paraibano (PB) Division 2,Brazil,AD Guarabira,Auto EC (PB),2026-10-08T22:30:00+00:00,13.2824,soccer.asian_handicap,period=ft,away,handicap=0.5,2.2
2026-10-09T00:16:43.054097+02:00,36698652,Brazil Campeonato Paraibano (PB) Division 2,Brazil,AD Guarabira,Auto EC (PB),2026-10-08T22:30:00+00:00,13.2824,soccer.asian_handicap,period=ft,home,handicap=0.75,1.39
2026-10-09T00:16:43.054097+02:00,36698652,Brazil Campeonato Paraibano (PB) Division 2,Brazil,AD Guarabira,Auto EC (PB),2026-10-08T22:30:00+00:00,13.2824,soccer.asian_handicap,period=ft,away,handicap=0.75,2.6
2026-10-09T00:16:43.054097+02:00,36698652,Brazil Campeonato Paraibano (PB) Division 2,Brazil,AD Guarabira,Auto EC (PB),2026-10-08T22:30:00+00:00,13.2824,soccer.asian_handicap,period=ft,home,handicap=1,1.23
2026-10-09T00:16:43.054097+02:00,36698652,Brazil Campeonato Paraibano (PB) Division 2,Brazil,AD Guarabira,Auto EC (PB),2026-10-08T22:30:00+00:00,13.2824,soccer.asian_handicap,period=ft,away,handicap=1,3.4
2026-10-09T00:16:43.054097+02:00,36698652,Brazil Campeonato Paraibano (PB) Division 2,Brazil,AD Guarabira,Auto EC (PB),2026-10-08T22:30:00+00:00,13.2824,soccer.total_goals,period=ft,over,total=2.5,1.91
2026-10-09T00:16:43.054097+02:00,36698652,Brazil Campeonato Paraibano (PB) Division 2,Brazil,AD Guarabira,Auto EC (PB),2026-10-08T22:30:00+00:00,13.2824,soccer.total_goals,period=ft,under,total=2.5,1.79
2026-10-09T00:16:43.054097+02:00,36698652,Brazil Campeonato Paraibano (PB) Division 2,Brazil,AD Guarabira,Auto EC (PB),2026-10-08T22:30:00+00:00,13.2824,soccer.total_goals,period=ft,over,total=1.75,1.32
2026-10-09T00:16:43.054097+02:00,36698652,Brazil Campeonato Paraibano (PB) Division 2,Brazil,AD Guarabira,Auto EC (PB),2026-10-08T22:30:00+00:00,13.2824,soccer.total_goals,period=ft,under,total=1.75,2.9
2026-10-09T00:16:43.054097+02:00,36698652,Brazil Campeonato Paraibano (PB) Division 2,Brazil,AD Guarabira,Auto EC (PB),2026-10-08T22:30:00+00:00,13.2824,soccer.total_goals,period=ft,over,total=2,1.42
2026-10-09T00:16:43.054097+02:00,36698652,Brazil Campeonato Paraibano (PB) Division 2,Brazil,AD Guarabira,Auto EC (PB),2026-10-08T22:30:00+00:00,13.2824,soccer.total_goals,period=ft,under,total=2,2.5
2026-10-09T00:16:43.054097+02:00,36698652,Brazil Campeonato Paraibano (PB) Division 2,Brazil,AD Guarabira,Auto EC (PB),2026-10-08T22:30:00+00:00,13.2824,soccer.total_goals,period=ft,over,total=2.25,1.66
2026-10-09T00:16:43.054097+02:00,36698652,Brazil Campeonato Paraibano (PB) Division 2,Brazil,AD Guarabira,Auto EC (PB),2026-10-08T22:30:00+00:00,13.2824,soccer.total_goals,period=ft,under,total=2.25,2.04
2026-10-09T00:16:43.054097+02:00,36698652,Brazil Campeonato Paraibano (PB) Division 2,Brazil,AD Guarabira,Auto EC (PB),2026-10-08T22:30:00+00:00,13.2824,soccer.total_goals,period=ft,over,total=2.75,2.15
2026-10-09T00:16:43.054097+02:00,36698652,Brazil Campeonato Paraibano (PB) Division 2,Brazil,AD Guarabira,Auto EC (PB),2026-10-08T22:30:00+00:00,13.2824,soccer.total_goals,period=ft,under,total=2.75,1.6
2026-10-09T00:16:43.054097+02:00,36698652,Brazil Campeonato Paraibano (PB) Division 2,Brazil,AD Guarabira,Auto EC (PB),2026-10-08T22:30:00+00:00,13.2824,soccer.total_goals,period=ft,over,total=3,2.55
2026-10-09T00:16:43.054097+02:00,36698652,Brazil Campeonato Paraibano (PB) Division 2,Brazil,AD Guarabira,Auto EC (PB),2026-10-08T22:30:00+00:00,13.2824,soccer.total_goals,period=ft,under,total=3,1.41
2026-10-09T00:16:43.054097+02:00,36698652,Brazil Campeonato Paraibano (PB) Division 2,Brazil,AD Guarabira,Auto EC (PB),2026-10-08T22:30:00+00:00,13.2824,soccer.total_goals,period=ft,over,total=3.25,2.85
2026-10-09T00:16:43.054097+02:00,36698652,Brazil Campeonato Paraibano (PB) Division 2,Brazil,AD Guarabira,Auto EC (PB),2026-10-08T22:30:00+00:00,13.2824,soccer.total_goals,period=ft,under,total=3.25,1.33
2026-10-09T00:16:43.054097+02:00,36435234,Brasileiro Serie A,Brazil,Santos FC SP,CR Flamengo RJ,2026-10-08T22:30:00+00:00,13.2824,soccer.asian_handicap,period=ft,home,handicap=0.75,1.85
2026-10-09T00:16:43.054097+02:00,36435234,Brasileiro Serie A,Brazil,Santos FC SP,CR Flamengo RJ,2026-10-08T22:30:00+00:00,13.2824,soccer.asian_handicap,period=ft,away,handicap=0.75,2.02
2026-10-09T00:16:43.054097+02:00,36435234,Brasileiro Serie A,Brazil,Santos FC SP,CR Flamengo RJ,2026-10-08T22:30:00+00:00,13.2824,soccer.asian_handicap,period=ft,home,handicap=-0.25,3.75
2026-10-09T00:16:43.054097+02:00,36435234,Brasileiro Serie A,Brazil,Santos FC SP,CR Flamengo RJ,2026-10-08T22:30:00+00:00,13.2824,soccer.asian_handicap,period=ft,away,handicap=-0.25,1.28
2026-10-09T00:16:43.054097+02:00,36435234,Brasileiro Serie A,Brazil,Santos FC SP,CR Flamengo RJ,2026-10-08T22:30:00+00:00,13.2824,soccer.asian_handicap,period=ft,home,handicap=0,3.25
2026-10-09T00:16:43.054097+02:00,36435234,Brasileiro Serie A,Brazil,Santos FC SP,CR Flamengo RJ,2026-10-08T22:30:00+00:00,13.2824,soccer.asian_handicap,period=ft,away,handicap=0,1.35
2026-10-09T00:16:43.054097+02:00,36435234,Brasileiro Serie A,Brazil,Santos FC SP,CR Flamengo RJ,2026-10-08T22:30:00+00:00,13.2824,soccer.asian_handicap,period=ft,home,handicap=0.25,2.45
2026-10-09T00:16:43.054097+02:00,36435234,Brasileiro Serie A,Brazil,Santos FC SP,CR Flamengo RJ,2026-10-08T22:30:00+00:00,13.2824,soccer.asian_handicap,period=ft,away,handicap=0.25,1.57
2026-10-09T00:16:43.054097+02:00,36435234,Brasileiro Serie A,Brazil,Santos FC SP,CR Flamengo RJ,2026-10-08T22:30:00+00:00,13.2824,soccer.asian_handicap,period=ft,home,handicap=0.5,2.08
2026-10-09T00:16:43.054097+02:00,36435234,Brasileiro Serie A,Brazil,Santos FC SP,CR Flamengo RJ,2026-10-08T22:30:00+00:00,13.2824,soccer.asian_handicap,period=ft,away,handicap=0.5,1.78
2026-10-09T00:16:43.054097+02:00,36435234,Brasileiro Serie A,Brazil,Santos FC SP,CR Flamengo RJ,2026-10-08T22:30:00+00:00,13.2824,soccer.asian_handicap,period=ft,home,handicap=1,1.6
2026-10-09T00:16:43.054097+02:00,36435234,Brasileiro Serie A,Brazil,Santos FC SP,CR Flamengo RJ,2026-10-08T22:30:00+00:00,13.2824,soccer.asian_handicap,period=ft,away,handicap=1,2.4
2026-10-09T00:16:43.054097+02:00,36435234,Brasileiro Serie A,Brazil,Santos FC SP,CR Flamengo RJ,2026-10-08T22:30:00+00:00,13.2824,soccer.asian_handicap,period=ft,home,handicap=1.25,1.47
2026-10-09T00:16:43.054097+02:00,36435234,Brasileiro Serie A,Brazil,Santos FC SP,CR Flamengo RJ,2026-10-08T22:30:00+00:00,13.2824,soccer.asian_handicap,period=ft,away,handicap=1.25,2.75
2026-10-09T00:16:43.054097+02:00,36435234,Brasileiro Serie A,Brazil,Santos FC SP,CR Flamengo RJ,2026-10-08T22:30:00+00:00,13.2824,soccer.asian_handicap,period=ft,home,handicap=1.5,1.38
2026-10-09T00:16:43.054097+02:00,36435234,Brasileiro Serie A,Brazil,Santos FC SP,CR Flamengo RJ,2026-10-08T22:30:00+00:00,13.2824,soccer.asian_handicap,period=ft,away,handicap=1.5,3.1
2026-10-09T00:16:43.054097+02:00,36435234,Brasileiro Serie A,Brazil,Santos FC SP,CR Flamengo RJ,2026-10-08T22:30:00+00:00,13.2824,soccer.asian_handicap,period=ft,home,handicap=1.75,1.27
2026-10-09T00:16:43.054097+02:00,36435234,Brasileiro Serie A,Brazil,Santos FC SP,CR Flamengo RJ,2026-10-08T22:30:00+00:00,13.2824,soccer.asian_handicap,period=ft,away,handicap=1.75,3.85
2026-10-09T00:16:43.054097+02:00,36435234,Brasileiro Serie A,Brazil,Santos FC SP,CR Flamengo RJ,2026-10-08T22:30:00+00:00,13.2824,soccer.double_chance,period=ft,draw_away,,1.23
2026-10-09T00:16:43.054097+02:00,36435234,Brasileiro Serie A,Brazil,Santos FC SP,CR Flamengo RJ,2026-10-08T22:30:00+00:00,13.2824,soccer.double_chance,period=ft,home_away,,1.26
2026-10-09T00:16:43.054097+02:00,36435234,Brasileiro Serie A,Brazil,Santos FC SP,CR Flamengo RJ,2026-10-08T22:30:00+00:00,13.2824,soccer.double_chance,period=ft,home_draw,,2.07
2026-10-09T00:16:43.054097+02:00,36435234,Brasileiro Serie A,Brazil,Santos FC SP,CR Flamengo RJ,2026-10-08T22:30:00+00:00,13.2824,soccer.match_odds,period=ft,home,,4.3
2026-10-09T00:16:43.054097+02:00,36435234,Brasileiro Serie A,Brazil,Santos FC SP,CR Flamengo RJ,2026-10-08T22:30:00+00:00,13.2824,soccer.match_odds,period=ft,draw,,3.95
2026-10-09T00:16:43.054097+02:00,36435234,Brasileiro Serie A,Brazil,Santos FC SP,CR Flamengo RJ,2026-10-08T22:30:00+00:00,13.2824,soccer.match_odds,period=ft,away,,1.79
2026-10-09T00:16:43.054097+02:00,36435234,Brasileiro Serie A,Brazil,Santos FC SP,CR Flamengo RJ,2026-10-08T22:30:00+00:00,13.2824,soccer.total_goals,period=ft,over,total=3,2.01
2026-10-09T00:16:43.054097+02:00,36435234,Brasileiro Serie A,Brazil,Santos FC SP,CR Flamengo RJ,2026-10-08T22:30:00+00:00,13.2824,soccer.total_goals,period=ft,under,total=3,1.85
2026-10-09T00:16:43.054097+02:00,36435234,Brasileiro Serie A,Brazil,Santos FC SP,CR Flamengo RJ,2026-10-08T22:30:00+00:00,13.2824,soccer.total_goals,period=ft,over,total=1.5,1.18
2026-10-09T00:16:43.054097+02:00,36435234,Brasileiro Serie A,Brazil,Santos FC SP,CR Flamengo RJ,2026-10-08T22:30:00+00:00,13.2824,soccer.total_goals,period=ft,under,total=1.5,4.8
2026-10-09T00:16:43.054097+02:00,36435234,Brasileiro Serie A,Brazil,Santos FC SP,CR Flamengo RJ,2026-10-08T22:30:00+00:00,13.2824,soccer.total_goals,period=ft,over,total=2.5,1.6
2026-10-09T00:16:43.054097+02:00,36435234,Brasileiro Serie A,Brazil,Santos FC SP,CR Flamengo RJ,2026-10-08T22:30:00+00:00,13.2824,soccer.total_goals,period=ft,under,total=2.5,2.35
2026-10-09T00:16:43.054097+02:00,36435234,Brasileiro Serie A,Brazil,Santos FC SP,CR Flamengo RJ,2026-10-08T22:30:00+00:00,13.2824,soccer.total_goals,period=ft,over,total=2.75,1.75
2026-10-09T00:16:43.054097+02:00,36435234,Brasileiro Serie A,Brazil,Santos FC SP,CR Flamengo RJ,2026-10-08T22:30:00+00:00,13.2824,soccer.total_goals,period=ft,under,total=2.75,2.1
2026-10-09T00:16:43.054097+02:00,36435234,Brasileiro Serie A,Brazil,Santos FC SP,CR Flamengo RJ,2026-10-08T22:30:00+00:00,13.2824,soccer.total_goals,period=ft,over,total=3.25,2.25
2026-10-09T00:16:43.054097+02:00,36435234,Brasileiro Serie A,Brazil,Santos FC SP,CR Flamengo RJ,2026-10-08T22:30:00+00:00,13.2824,soccer.total_goals,period=ft,under,total=3.25,1.65
2026-10-09T00:16:43.054097+02:00,36435234,Brasileiro Serie A,Brazil,Santos FC SP,CR Flamengo RJ,2026-10-08T22:30:00+00:00,13.2824,soccer.total_goals,period=ft,over,total=3.5,2.55
2026-10-09T00:16:43.054097+02:00,36435234,Brasileiro Serie A,Brazil,Santos FC SP,CR Flamengo RJ,2026-10-08T22:30:00+00:00,13.2824,soccer.total_goals,period=ft,under,total=3.5,1.52
2026-10-09T00:16:43.054097+02:00,36435234,Brasileiro Serie A,Brazil,Santos FC SP,CR Flamengo RJ,2026-10-08T22:30:00+00:00,13.2824,soccer.total_goals,period=ft,over,total=4.5,4.85
2026-10-09T00:16:43.054097+02:00,36435234,Brasileiro Serie A,Brazil,Santos FC SP,CR Flamengo RJ,2026-10-08T22:30:00+00:00,13.2824,soccer.total_goals,period=ft,under,total=4.5,1.18
2026-10-09T00:16:43.054097+02:00,36435235,Brasileiro Serie A,Brazil,CA Paranaense PR,Atletico Mineiro MG,2026-10-08T23:00:00+00:00,43.2824,soccer.asian_handicap,period=ft,home,handicap=-0.5,2.05
2026-10-09T00:16:43.054097+02:00,36435235,Brasileiro Serie A,Brazil,CA Paranaense PR,Atletico Mineiro MG,2026-10-08T23:00:00+00:00,43.2824,soccer.asian_handicap,period=ft,away,handicap=-0.5,1.83
2026-10-09T00:16:43.054097+02:00,36435235,Brasileiro Serie A,Brazil,CA Paranaense PR,Atletico Mineiro MG,2026-10-08T23:00:00+00:00,43.2824,soccer.asian_handicap,period=ft,home,handicap=-1.5,3.85
2026-10-09T00:16:43.054097+02:00,36435235,Brasileiro Serie A,Brazil,CA Paranaense PR,Atletico Mineiro MG,2026-10-08T23:00:00+00:00,43.2824,soccer.asian_handicap,period=ft,away,handicap=-1.5,1.27
2026-10-09T00:16:43.054097+02:00,36435235,Brasileiro Serie A,Brazil,CA Paranaense PR,Atletico Mineiro MG,2026-10-08T23:00:00+00:00,43.2824,soccer.asian_handicap,period=ft,home,handicap=-1.25,3.4
2026-10-09T00:16:43.054097+02:00,36435235,Brasileiro Serie A,Brazil,CA Paranaense PR,Atletico Mineiro MG,2026-10-08T23:00:00+00:00,43.2824,soccer.asian_handicap,period=ft,away,handicap=-1.25,1.32
2026-10-09T00:16:43.054097+02:00,36435235,Brasileiro Serie A,Brazil,CA Paranaense PR,Atletico Mineiro MG,2026-10-08T23:00:00+00:00,43.2824,soccer.asian_handicap,period=ft,home,handicap=-1,3.0
2026-10-09T00:16:43.054097+02:00,36435235,Brasileiro Serie A,Brazil,CA Paranaense PR,Atletico Mineiro MG,2026-10-08T23:00:00+00:00,43.2824,soccer.asian_handicap,period=ft,away,handicap=-1,1.4
2026-10-09T00:16:43.054097+02:00,36435235,Brasileiro Serie A,Brazil,CA Paranaense PR,Atletico Mineiro MG,2026-10-08T23:00:00+00:00,43.2824,soccer.asian_handicap,period=ft,home,handicap=-0.75,2.35
2026-10-09T00:16:43.054097+02:00,36435235,Brasileiro Serie A,Brazil,CA Paranaense PR,Atletico Mineiro MG,2026-10-08T23:00:00+00:00,43.2824,soccer.asian_handicap,period=ft,away,handicap=-0.75,1.61
2026-10-09T00:16:43.054097+02:00,36435235,Brasileiro Serie A,Brazil,CA Paranaense PR,Atletico Mineiro MG,2026-10-08T23:00:00+00:00,43.2824,soccer.asian_handicap,period=ft,home,handicap=-0.25,1.75
2026-10-09T00:16:43.054097+02:00,36435235,Brasileiro Serie A,Brazil,CA Paranaense PR,Atletico Mineiro MG,2026-10-08T23:00:00+00:00,43.2824,soccer.asian_handicap,period=ft,away,handicap=-0.25,2.13
2026-10-09T00:16:43.054097+02:00,36435235,Brasileiro Serie A,Brazil,CA Paranaense PR,Atletico Mineiro MG,2026-10-08T23:00:00+00:00,43.2824,soccer.asian_handicap,period=ft,home,handicap=0,1.46
2026-10-09T00:16:43.054097+02:00,36435235,Brasileiro Serie A,Brazil,CA Paranaense PR,Atletico Mineiro MG,2026-10-08T23:00:00+00:00,43.2824,soccer.asian_handicap,period=ft,away,handicap=0,2.8
2026-10-09T00:16:43.054097+02:00,36435235,Brasileiro Serie A,Brazil,CA Paranaense PR,Atletico Mineiro MG,2026-10-08T23:00:00+00:00,43.2824,soccer.asian_handicap,period=ft,home,handicap=0.25,1.34
2026-10-09T00:16:43.054097+02:00,36435235,Brasileiro Serie A,Brazil,CA Paranaense PR,Atletico Mineiro MG,2026-10-08T23:00:00+00:00,43.2824,soccer.asian_handicap,period=ft,away,handicap=0.25,3.3
2026-10-09T00:16:43.054097+02:00,36435235,Brasileiro Serie A,Brazil,CA Paranaense PR,Atletico Mineiro MG,2026-10-08T23:00:00+00:00,43.2824,soccer.asian_handicap,period=ft,home,handicap=0.5,1.27
2026-10-09T00:16:43.054097+02:00,36435235,Brasileiro Serie A,Brazil,CA Paranaense PR,Atletico Mineiro MG,2026-10-08T23:00:00+00:00,43.2824,soccer.asian_handicap,period=ft,away,handicap=0.5,3.85
2026-10-09T00:16:43.054097+02:00,36435235,Brasileiro Serie A,Brazil,CA Paranaense PR,Atletico Mineiro MG,2026-10-08T23:00:00+00:00,43.2824,soccer.double_chance,period=ft,draw_away,,1.8
2026-10-09T00:16:43.054097+02:00,36435235,Brasileiro Serie A,Brazil,CA Paranaense PR,Atletico Mineiro MG,2026-10-08T23:00:00+00:00,43.2824,soccer.double_chance,period=ft,home_away,,1.34
2026-10-09T00:16:43.054097+02:00,36435235,Brasileiro Serie A,Brazil,CA Paranaense PR,Atletico Mineiro MG,2026-10-08T23:00:00+00:00,43.2824,soccer.double_chance,period=ft,home_draw,,1.27
2026-10-09T00:16:43.054097+02:00,36435235,Brasileiro Serie A,Brazil,CA Paranaense PR,Atletico Mineiro MG,2026-10-08T23:00:00+00:00,43.2824,soccer.match_odds,period=ft,home,,2.04
2026-10-09T00:16:43.054097+02:00,36435235,Brasileiro Serie A,Brazil,CA Paranaense PR,Atletico Mineiro MG,2026-10-08T23:00:00+00:00,43.2824,soccer.match_odds,period=ft,draw,,3.35
2026-10-09T00:16:43.054097+02:00,36435235,Brasileiro Serie A,Brazil,CA Paranaense PR,Atletico Mineiro MG,2026-10-08T23:00:00+00:00,43.2824,soccer.match_odds,period=ft,away,,3.9
2026-10-09T00:16:43.054097+02:00,36435235,Brasileiro Serie A,Brazil,CA Paranaense PR,Atletico Mineiro MG,2026-10-08T23:00:00+00:00,43.2824,soccer.total_goals,period=ft,over,total=2.5,1.91
2026-10-09T00:16:43.054097+02:00,36435235,Brasileiro Serie A,Brazil,CA Paranaense PR,Atletico Mineiro MG,2026-10-08T23:00:00+00:00,43.2824,soccer.total_goals,period=ft,under,total=2.5,1.95
2026-10-09T00:16:43.054097+02:00,36435235,Brasileiro Serie A,Brazil,CA Paranaense PR,Atletico Mineiro MG,2026-10-08T23:00:00+00:00,43.2824,soccer.total_goals,period=ft,over,total=1.5,1.27
2026-10-09T00:16:43.054097+02:00,36435235,Brasileiro Serie A,Brazil,CA Paranaense PR,Atletico Mineiro MG,2026-10-08T23:00:00+00:00,43.2824,soccer.total_goals,period=ft,under,total=1.5,3.75
2026-10-09T00:16:43.054097+02:00,36435235,Brasileiro Serie A,Brazil,CA Paranaense PR,Atletico Mineiro MG,2026-10-08T23:00:00+00:00,43.2824,soccer.total_goals,period=ft,over,total=2,1.43
2026-10-09T00:16:43.054097+02:00,36435235,Brasileiro Serie A,Brazil,CA Paranaense PR,Atletico Mineiro MG,2026-10-08T23:00:00+00:00,43.2824,soccer.total_goals,period=ft,under,total=2,2.85
2026-10-09T00:16:43.054097+02:00,36435235,Brasileiro Serie A,Brazil,CA Paranaense PR,Atletico Mineiro MG,2026-10-08T23:00:00+00:00,43.2824,soccer.total_goals,period=ft,over,total=2.25,1.66
2026-10-09T00:16:43.054097+02:00,36435235,Brasileiro Serie A,Brazil,CA Paranaense PR,Atletico Mineiro MG,2026-10-08T23:00:00+00:00,43.2824,soccer.total_goals,period=ft,under,total=2.25,2.2
2026-10-09T00:16:43.054097+02:00,36435235,Brasileiro Serie A,Brazil,CA Paranaense PR,Atletico Mineiro MG,2026-10-08T23:00:00+00:00,43.2824,soccer.total_goals,period=ft,over,total=2.75,2.14
2026-10-09T00:16:43.054097+02:00,36435235,Brasileiro Serie A,Brazil,CA Paranaense PR,Atletico Mineiro MG,2026-10-08T23:00:00+00:00,43.2824,soccer.total_goals,period=ft,under,total=2.75,1.72
2026-10-09T00:16:43.054097+02:00,36435235,Brasileiro Serie A,Brazil,CA Paranaense PR,Atletico Mineiro MG,2026-10-08T23:00:00+00:00,43.2824,soccer.total_goals,period=ft,over,total=3,2.55
2026-10-09T00:16:43.054097+02:00,36435235,Brasileiro Serie A,Brazil,CA Paranaense PR,Atletico Mineiro MG,2026-10-08T23:00:00+00:00,43.2824,soccer.total_goals,period=ft,under,total=3,1.51
2026-10-09T00:16:43.054097+02:00,36435235,Brasileiro Serie A,Brazil,CA Paranaense PR,Atletico Mineiro MG,2026-10-08T23:00:00+00:00,43.2824,soccer.total_goals,period=ft,over,total=3.5,3.2
2026-10-09T00:16:43.054097+02:00,36435235,Brasileiro Serie A,Brazil,CA Paranaense PR,Atletico Mineiro MG,2026-10-08T23:00:00+00:00,43.2824,soccer.total_goals,period=ft,under,total=3.5,1.34
2026-10-09T00:16:43.054097+02:00,36435235,Brasileiro Serie A,Brazil,CA Paranaense PR,Atletico Mineiro MG,2026-10-08T23:00:00+00:00,43.2824,soccer.total_goals,period=ft,over,total=4.5,6.45
2026-10-09T00:16:43.054097+02:00,36435235,Brasileiro Serie A,Brazil,CA Paranaense PR,Atletico Mineiro MG,2026-10-08T23:00:00+00:00,43.2824,soccer.total_goals,period=ft,under,total=4.5,1.12
2026-10-09T00:16:43.054097+02:00,36609426,Brasileiro Serie B,Brazil,Ceara SC CE,Criciuma EC SC,2026-10-08T22:30:00+00:00,13.2824,soccer.asian_handicap,period=ft,home,handicap=0,1.89
2026-10-09T00:16:43.054097+02:00,36609426,Brasileiro Serie B,Brazil,Ceara SC CE,Criciuma EC SC,2026-10-08T22:30:00+00:00,13.2824,soccer.asian_handicap,period=ft,away,handicap=0,1.95
2026-10-09T00:16:43.054097+02:00,36609426,Brasileiro Serie B,Brazil,Ceara SC CE,Criciuma EC SC,2026-10-08T22:30:00+00:00,13.2824,soccer.asian_handicap,period=ft,home,handicap=-1,4.75
2026-10-09T00:16:43.054097+02:00,36609426,Brasileiro Serie B,Brazil,Ceara SC CE,Criciuma EC SC,2026-10-08T22:30:00+00:00,13.2824,soccer.asian_handicap,period=ft,away,handicap=-1,1.18
2026-10-09T00:16:43.054097+02:00,36609426,Brasileiro Serie B,Brazil,Ceara SC CE,Criciuma EC SC,2026-10-08T22:30:00+00:00,13.2824,soccer.asian_handicap,period=ft,home,handicap=-0.75,3.3
2026-10-09T00:16:43.054097+02:00,36609426,Brasileiro Serie B,Brazil,Ceara SC CE,Criciuma EC SC,2026-10-08T22:30:00+00:00,13.2824,soccer.asian_handicap,period=ft,away,handicap=-0.75,1.33
2026-10-09T00:16:43.054097+02:00,36609426,Brasileiro Serie B,Brazil,Ceara SC CE,Criciuma EC SC,2026-10-08T22:30:00+00:00,13.2824,soccer.asian_handicap,period=ft,home,handicap=-0.5,2.65
2026-10-09T00:16:43.054097+02:00,36609426,Brasileiro Serie B,Brazil,Ceara SC CE,Criciuma EC SC,2026-10-08T22:30:00+00:00,13.2824,soccer.asian_handicap,period=ft,away,handicap=-0.5,1.48
2026-10-09T00:16:43.054097+02:00,36609426,Brasileiro Serie B,Brazil,Ceara SC CE,Criciuma EC SC,2026-10-08T22:30:00+00:00,13.2824,soccer.asian_handicap,period=ft,home,handicap=-0.25,2.25
2026-10-09T00:16:43.054097+02:00,36609426,Brasileiro Serie B,Brazil,Ceara SC CE,Criciuma EC SC,2026-10-08T22:30:00+00:00,13.2824,soccer.asian_handicap,period=ft,away,handicap=-0.25,1.64
2026-10-09T00:16:43.054097+02:00,36609426,Brasileiro Serie B,Brazil,Ceara SC CE,Criciuma EC SC,2026-10-08T22:30:00+00:00,13.2824,soccer.asian_handicap,period=ft,home,handicap=0.25,1.61
2026-10-09T00:16:43.054097+02:00,36609426,Brasileiro Serie B,Brazil,Ceara SC CE,Criciuma EC SC,2026-10-08T22:30:00+00:00,13.2824,soccer.asian_handicap,period=ft,away,handicap=0.25,2.3
2026-10-09T00:16:43.054097+02:00,36609426,Brasileiro Serie B,Brazil,Ceara SC CE,Criciuma EC SC,2026-10-08T22:30:00+00:00,13.2824,soccer.asian_handicap,period=ft,home,handicap=0.5,1.46
2026-10-09T00:16:43.054097+02:00,36609426,Brasileiro Serie B,Brazil,Ceara SC CE,Criciuma EC SC,2026-10-08T22:30:00+00:00,13.2824,soccer.asian_handicap,period=ft,away,handicap=0.5,2.7
2026-10-09T00:16:43.054097+02:00,36609426,Brasileiro Serie B,Brazil,Ceara SC CE,Criciuma EC SC,2026-10-08T22:30:00+00:00,13.2824,soccer.asian_handicap,period=ft,home,handicap=0.75,1.31
2026-10-09T00:16:43.054097+02:00,36609426,Brasileiro Serie B,Brazil,Ceara SC CE,Criciuma EC SC,2026-10-08T22:30:00+00:00,13.2824,soccer.asian_handicap,period=ft,away,handicap=0.75,3.4
2026-10-09T00:16:43.054097+02:00,36609426,Brasileiro Serie B,Brazil,Ceara SC CE,Criciuma EC SC,2026-10-08T22:30:00+00:00,13.2824,soccer.asian_handicap,period=ft,home,handicap=1,1.17
2026-10-09T00:16:43.054097+02:00,36609426,Brasileiro Serie B,Brazil,Ceara SC CE,Criciuma EC SC,2026-10-08T22:30:00+00:00,13.2824,soccer.asian_handicap,period=ft,away,handicap=1,5.05
2026-10-09T00:16:43.054097+02:00,36609426,Brasileiro Serie B,Brazil,Ceara SC CE,Criciuma EC SC,2026-10-08T22:30:00+00:00,13.2824,soccer.double_chance,period=ft,draw_away,,1.47
2026-10-09T00:16:43.054097+02:00,36609426,Brasileiro Serie B,Brazil,Ceara SC CE,Criciuma EC SC,2026-10-08T22:30:00+00:00,13.2824,soccer.double_chance,period=ft,home_away,,1.35
2026-10-09T00:16:43.054097+02:00,36609426,Brasileiro Serie B,Brazil,Ceara SC CE,Criciuma EC SC,2026-10-08T22:30:00+00:00,13.2824,soccer.double_chance,period=ft,home_draw,,1.45
2026-10-09T00:16:43.054097+02:00,36609426,Brasileiro Serie B,Brazil,Ceara SC CE,Criciuma EC SC,2026-10-08T22:30:00+00:00,13.2824,soccer.match_odds,period=ft,home,,2.65
2026-10-09T00:16:43.054097+02:00,36609426,Brasileiro Serie B,Brazil,Ceara SC CE,Criciuma EC SC,2026-10-08T22:30:00+00:00,13.2824,soccer.match_odds,period=ft,draw,,3.15
2026-10-09T00:16:43.054097+02:00,36609426,Brasileiro Serie B,Brazil,Ceara SC CE,Criciuma EC SC,2026-10-08T22:30:00+00:00,13.2824,soccer.match_odds,period=ft,away,,2.75
2026-10-09T00:16:43.054097+02:00,36609426,Brasileiro Serie B,Brazil,Ceara SC CE,Criciuma EC SC,2026-10-08T22:30:00+00:00,13.2824,soccer.total_goals,period=ft,over,total=2.25,2.03
2026-10-09T00:16:43.054097+02:00,36609426,Brasileiro Serie B,Brazil,Ceara SC CE,Criciuma EC SC,2026-10-08T22:30:00+00:00,13.2824,soccer.total_goals,period=ft,under,total=2.25,1.8
2026-10-09T00:16:43.054097+02:00,36609426,Brasileiro Serie B,Brazil,Ceara SC CE,Criciuma EC SC,2026-10-08T22:30:00+00:00,13.2824,soccer.total_goals,period=ft,over,total=1.5,1.4
2026-10-09T00:16:43.054097+02:00,36609426,Brasileiro Serie B,Brazil,Ceara SC CE,Criciuma EC SC,2026-10-08T22:30:00+00:00,13.2824,soccer.total_goals,period=ft,under,total=1.5,2.9
2026-10-09T00:16:43.054097+02:00,36609426,Brasileiro Serie B,Brazil,Ceara SC CE,Criciuma EC SC,2026-10-08T22:30:00+00:00,13.2824,soccer.total_goals,period=ft,over,total=1.75,1.52
2026-10-09T00:16:43.054097+02:00,36609426,Brasileiro Serie B,Brazil,Ceara SC CE,Criciuma EC SC,2026-10-08T22:30:00+00:00,13.2824,soccer.total_goals,period=ft,under,total=1.75,2.5
2026-10-09T00:16:43.054097+02:00,36609426,Brasileiro Serie B,Brazil,Ceara SC CE,Criciuma EC SC,2026-10-08T22:30:00+00:00,13.2824,soccer.total_goals,period=ft,over,total=2,1.71
2026-10-09T00:16:43.054097+02:00,36609426,Brasileiro Serie B,Brazil,Ceara SC CE,Criciuma EC SC,2026-10-08T22:30:00+00:00,13.2824,soccer.total_goals,period=ft,under,total=2,2.14
2026-10-09T00:16:43.054097+02:00,36609426,Brasileiro Serie B,Brazil,Ceara SC CE,Criciuma EC SC,2026-10-08T22:30:00+00:00,13.2824,soccer.total_goals,period=ft,over,total=2.5,2.3
2026-10-09T00:16:43.054097+02:00,36609426,Brasileiro Serie B,Brazil,Ceara SC CE,Criciuma EC SC,2026-10-08T22:30:00+00:00,13.2824,soccer.total_goals,period=ft,under,total=2.5,1.6
2026-10-09T00:16:43.054097+02:00,36609426,Brasileiro Serie B,Brazil,Ceara SC CE,Criciuma EC SC,2026-10-08T22:30:00+00:00,13.2824,soccer.total_goals,period=ft,over,total=2.75,2.75
2026-10-09T00:16:43.054097+02:00,36609426,Brasileiro Serie B,Brazil,Ceara SC CE,Criciuma EC SC,2026-10-08T22:30:00+00:00,13.2824,soccer.total_goals,period=ft,under,total=2.75,1.44
2026-10-09T00:16:43.054097+02:00,36609426,Brasileiro Serie B,Brazil,Ceara SC CE,Criciuma EC SC,2026-10-08T22:30:00+00:00,13.2824,soccer.total_goals,period=ft,over,total=3.5,4.4
2026-10-09T00:16:43.054097+02:00,36609426,Brasileiro Serie B,Brazil,Ceara SC CE,Criciuma EC SC,2026-10-08T22:30:00+00:00,13.2824,soccer.total_goals,period=ft,under,total=3.5,1.2
2026-10-09T00:16:43.054097+02:00,36609429,Brasileiro Serie B,Brazil,Nautico PE,Gremio Novorizontino SP,2026-10-08T22:30:00+00:00,13.2824,soccer.asian_handicap,period=ft,home,handicap=0.75,1.86
2026-10-09T00:16:43.054097+02:00,36609429,Brasileiro Serie B,Brazil,Nautico PE,Gremio Novorizontino SP,2026-10-08T22:30:00+00:00,13.2824,soccer.asian_handicap,period=ft,away,handicap=0.75,1.98
2026-10-09T00:16:43.054097+02:00,36609429,Brasileiro Serie B,Brazil,Nautico PE,Gremio Novorizontino SP,2026-10-08T22:30:00+00:00,13.2824,soccer.asian_handicap,period=ft,home,handicap=-0.25,3.85
2026-10-09T00:16:43.054097+02:00,36609429,Brasileiro Serie B,Brazil,Nautico PE,Gremio Novorizontino SP,2026-10-08T22:30:00+00:00,13.2824,soccer.asian_handicap,period=ft,away,handicap=-0.25,1.26
2026-10-09T00:16:43.054097+02:00,36609429,Brasileiro Serie B,Brazil,Nautico PE,Gremio Novorizontino SP,2026-10-08T22:30:00+00:00,13.2824,soccer.asian_handicap,period=ft,home,handicap=0,3.3
2026-10-09T00:16:43.054097+02:00,36609429,Brasileiro Serie B,Brazil,Nautico PE,Gremio Novorizontino SP,2026-10-08T22:30:00+00:00,13.2824,soccer.asian_handicap,period=ft,away,handicap=0,1.33
2026-10-09T00:16:43.054097+02:00,36609429,Brasileiro Serie B,Brazil,Nautico PE,Gremio Novorizontino SP,2026-10-08T22:30:00+00:00,13.2824,soccer.asian_handicap,period=ft,home,handicap=0.25,2.5
2026-10-09T00:16:43.054097+02:00,36609429,Brasileiro Serie B,Brazil,Nautico PE,Gremio Novorizontino SP,2026-10-08T22:30:00+00:00,13.2824,soccer.asian_handicap,period=ft,away,handicap=0.25,1.54
2026-10-09T00:16:43.054097+02:00,36609429,Brasileiro Serie B,Brazil,Nautico PE,Gremio Novorizontino SP,2026-10-08T22:30:00+00:00,13.2824,soccer.asian_handicap,period=ft,home,handicap=0.5,2.09
2026-10-09T00:16:43.054097+02:00,36609429,Brasileiro Serie B,Brazil,Nautico PE,Gremio Novorizontino SP,2026-10-08T22:30:00+00:00,13.2824,soccer.asian_handicap,period=ft,away,handicap=0.5,1.75
2026-10-09T00:16:43.054097+02:00,36609429,Brasileiro Serie B,Brazil,Nautico PE,Gremio Novorizontino SP,2026-10-08T22:30:00+00:00,13.2824,soccer.asian_handicap,period=ft,home,handicap=1,1.61
2026-10-09T00:16:43.054097+02:00,36609429,Brasileiro Serie B,Brazil,Nautico PE,Gremio Novorizontino SP,2026-10-08T22:30:00+00:00,13.2824,soccer.asian_handicap,period=ft,away,handicap=1,2.35
2026-10-09T00:16:43.054097+02:00,36609429,Brasileiro Serie B,Brazil,Nautico PE,Gremio Novorizontino SP,2026-10-08T22:30:00+00:00,13.2824,soccer.asian_handicap,period=ft,home,handicap=1.25,1.47
2026-10-09T00:16:43.054097+02:00,36609429,Brasileiro Serie B,Brazil,Nautico PE,Gremio Novorizontino SP,2026-10-08T22:30:00+00:00,13.2824,soccer.asian_handicap,period=ft,away,handicap=1.25,2.7
2026-10-09T00:16:43.054097+02:00,36609429,Brasileiro Serie B,Brazil,Nautico PE,Gremio Novorizontino SP,2026-10-08T22:30:00+00:00,13.2824,soccer.asian_handicap,period=ft,home,handicap=1.5,1.38
2026-10-09T00:16:43.054097+02:00,36609429,Brasileiro Serie B,Brazil,Nautico PE,Gremio Novorizontino SP,2026-10-08T22:30:00+00:00,13.2824,soccer.asian_handicap,period=ft,away,handicap=1.5,3.0
2026-10-09T00:16:43.054097+02:00,36609429,Brasileiro Serie B,Brazil,Nautico PE,Gremio Novorizontino SP,2026-10-08T22:30:00+00:00,13.2824,soccer.asian_handicap,period=ft,home,handicap=1.75,1.27
2026-10-09T00:16:43.054097+02:00,36609429,Brasileiro Serie B,Brazil,Nautico PE,Gremio Novorizontino SP,2026-10-08T22:30:00+00:00,13.2824,soccer.asian_handicap,period=ft,away,handicap=1.75,3.75
2026-10-09T00:16:43.054097+02:00,36609429,Brasileiro Serie B,Brazil,Nautico PE,Gremio Novorizontino SP,2026-10-08T22:30:00+00:00,13.2824,soccer.double_chance,period=ft,draw_away,,1.21
2026-10-09T00:16:43.054097+02:00,36609429,Brasileiro Serie B,Brazil,Nautico PE,Gremio Novorizontino SP,2026-10-08T22:30:00+00:00,13.2824,soccer.double_chance,period=ft,home_away,,1.26
2026-10-09T00:16:43.054097+02:00,36609429,Brasileiro Serie B,Brazil,Nautico PE,Gremio Novorizontino SP,2026-10-08T22:30:00+00:00,13.2824,soccer.double_chance,period=ft,home_draw,,2.08
2026-10-09T00:16:43.054097+02:00,36609429,Brasileiro Serie B,Brazil,Nautico PE,Gremio Novorizontino SP,2026-10-08T22:30:00+00:00,13.2824,soccer.match_odds,period=ft,home,,4.35
2026-10-09T00:16:43.054097+02:00,36609429,Brasileiro Serie B,Brazil,Nautico PE,Gremio Novorizontino SP,2026-10-08T22:30:00+00:00,13.2824,soccer.match_odds,period=ft,draw,,3.9
2026-10-09T00:16:43.054097+02:00,36609429,Brasileiro Serie B,Brazil,Nautico PE,Gremio Novorizontino SP,2026-10-08T22:30:00+00:00,13.2824,soccer.match_odds,period=ft,away,,1.75
2026-10-09T00:16:43.054097+02:00,36609429,Brasileiro Serie B,Brazil,Nautico PE,Gremio Novorizontino SP,2026-10-08T22:30:00+00:00,13.2824,soccer.total_goals,period=ft,over,total=2.75,2.0
2026-10-09T00:16:43.054097+02:00,36609429,Brasileiro Serie B,Brazil,Nautico PE,Gremio Novorizontino SP,2026-10-08T22:30:00+00:00,13.2824,soccer.total_goals,period=ft,under,total=2.75,1.83
2026-10-09T00:16:43.054097+02:00,36609429,Brasileiro Serie B,Brazil,Nautico PE,Gremio Novorizontino SP,2026-10-08T22:30:00+00:00,13.2824,soccer.total_goals,period=ft,over,total=1.5,1.23
2026-10-09T00:16:43.054097+02:00,36609429,Brasileiro Serie B,Brazil,Nautico PE,Gremio Novorizontino SP,2026-10-08T22:30:00+00:00,13.2824,soccer.total_goals,period=ft,under,total=1.5,4.0
2026-10-09T00:16:43.054097+02:00,36609429,Brasileiro Serie B,Brazil,Nautico PE,Gremio Novorizontino SP,2026-10-08T22:30:00+00:00,13.2824,soccer.total_goals,period=ft,over,total=2.25,1.56
2026-10-09T00:16:43.054097+02:00,36609429,Brasileiro Serie B,Brazil,Nautico PE,Gremio Novorizontino SP,2026-10-08T22:30:00+00:00,13.2824,soccer.total_goals,period=ft,under,total=2.25,2.4
2026-10-09T00:16:43.054097+02:00,36609429,Brasileiro Serie B,Brazil,Nautico PE,Gremio Novorizontino SP,2026-10-08T22:30:00+00:00,13.2824,soccer.total_goals,period=ft,over,total=2.5,1.78
2026-10-09T00:16:43.054097+02:00,36609429,Brasileiro Serie B,Brazil,Nautico PE,Gremio Novorizontino SP,2026-10-08T22:30:00+00:00,13.2824,soccer.total_goals,period=ft,under,total=2.5,2.04
2026-10-09T00:16:43.054097+02:00,36609429,Brasileiro Serie B,Brazil,Nautico PE,Gremio Novorizontino SP,2026-10-08T22:30:00+00:00,13.2824,soccer.total_goals,period=ft,over,total=3,2.3
2026-10-09T00:16:43.054097+02:00,36609429,Brasileiro Serie B,Brazil,Nautico PE,Gremio Novorizontino SP,2026-10-08T22:30:00+00:00,13.2824,soccer.total_goals,period=ft,under,total=3,1.61
2026-10-09T00:16:43.054097+02:00,36609429,Brasileiro Serie B,Brazil,Nautico PE,Gremio Novorizontino SP,2026-10-08T22:30:00+00:00,13.2824,soccer.total_goals,period=ft,over,total=3.25,2.6
2026-10-09T00:16:43.054097+02:00,36609429,Brasileiro Serie B,Brazil,Nautico PE,Gremio Novorizontino SP,2026-10-08T22:30:00+00:00,13.2824,soccer.total_goals,period=ft,under,total=3.25,1.48
2026-10-09T00:16:43.054097+02:00,36609429,Brasileiro Serie B,Brazil,Nautico PE,Gremio Novorizontino SP,2026-10-08T22:30:00+00:00,13.2824,soccer.total_goals,period=ft,over,total=3.5,2.9
2026-10-09T00:16:43.054097+02:00,36609429,Brasileiro Serie B,Brazil,Nautico PE,Gremio Novorizontino SP,2026-10-08T22:30:00+00:00,13.2824,soccer.total_goals,period=ft,under,total=3.5,1.39
2026-10-09T00:16:43.054097+02:00,36609429,Brasileiro Serie B,Brazil,Nautico PE,Gremio Novorizontino SP,2026-10-08T22:30:00+00:00,13.2824,soccer.total_goals,period=ft,over,total=4.5,5.6
2026-10-09T00:16:43.054097+02:00,36609429,Brasileiro Serie B,Brazil,Nautico PE,Gremio Novorizontino SP,2026-10-08T22:30:00+00:00,13.2824,soccer.total_goals,period=ft,under,total=4.5,1.14
2026-10-09T00:18:41.123165+02:00,36698652,Brazil Campeonato Paraibano (PB) Division 2,Brazil,AD Guarabira,Auto EC (PB),2026-10-08T22:30:00+00:00,11.3146,soccer.asian_handicap,period=ft,home,handicap=0.25,1.76
2026-10-09T00:18:41.123165+02:00,36698652,Brazil Campeonato Paraibano (PB) Division 2,Brazil,AD Guarabira,Auto EC (PB),2026-10-08T22:30:00+00:00,11.3146,soccer.asian_handicap,period=ft,away,handicap=0.25,1.95
2026-10-09T00:18:41.123165+02:00,36698652,Brazil Campeonato Paraibano (PB) Division 2,Brazil,AD Guarabira,Auto EC (PB),2026-10-08T22:30:00+00:00,11.3146,soccer.asian_handicap,period=ft,home,handicap=-0.5,2.8
2026-10-09T00:18:41.123165+02:00,36698652,Brazil Campeonato Paraibano (PB) Division 2,Brazil,AD Guarabira,Auto EC (PB),2026-10-08T22:30:00+00:00,11.3146,soccer.asian_handicap,period=ft,away,handicap=-0.5,1.33
2026-10-09T00:18:41.123165+02:00,36698652,Brazil Campeonato Paraibano (PB) Division 2,Brazil,AD Guarabira,Auto EC (PB),2026-10-08T22:30:00+00:00,11.3146,soccer.asian_handicap,period=ft,home,handicap=-0.25,2.45
2026-10-09T00:18:41.123165+02:00,36698652,Brazil Campeonato Paraibano (PB) Division 2,Brazil,AD Guarabira,Auto EC (PB),2026-10-08T22:30:00+00:00,11.3146,soccer.asian_handicap,period=ft,away,handicap=-0.25,1.44
2026-10-09T00:18:41.123165+02:00,36698652,Brazil Campeonato Paraibano (PB) Division 2,Brazil,AD Guarabira,Auto EC (PB),2026-10-08T22:30:00+00:00,11.3146,soccer.asian_handicap,period=ft,home,handicap=0,2.1
2026-10-09T00:18:41.123165+02:00,36698652,Brazil Campeonato Paraibano (PB) Division 2,Brazil,AD Guarabira,Auto EC (PB),2026-10-08T22:30:00+00:00,11.3146,soccer.asian_handicap,period=ft,away,handicap=0,1.62
2026-10-09T00:18:41.123165+02:00,36698652,Brazil Campeonato Paraibano (PB) Division 2,Brazil,AD Guarabira,Auto EC (PB),2026-10-08T22:30:00+00:00,11.3146,soccer.asian_handicap,period=ft,home,handicap=0.5,1.55
2026-10-09T00:18:41.123165+02:00,36698652,Brazil Campeonato Paraibano (PB) Division 2,Brazil,AD Guarabira,Auto EC (PB),2026-10-08T22:30:00+00:00,11.3146,soccer.asian_handicap,period=ft,away,handicap=0.5,2.2
2026-10-09T00:18:41.123165+02:00,36698652,Brazil Campeonato Paraibano (PB) Division 2,Brazil,AD Guarabira,Auto EC (PB),2026-10-08T22:30:00+00:00,11.3146,soccer.asian_handicap,period=ft,home,handicap=0.75,1.39
2026-10-09T00:18:41.123165+02:00,36698652,Brazil Campeonato Paraibano (PB) Division 2,Brazil,AD Guarabira,Auto EC (PB),2026-10-08T22:30:00+00:00,11.3146,soccer.asian_handicap,period=ft,away,handicap=0.75,2.6
2026-10-09T00:18:41.123165+02:00,36698652,Brazil Campeonato Paraibano (PB) Division 2,Brazil,AD Guarabira,Auto EC (PB),2026-10-08T22:30:00+00:00,11.3146,soccer.asian_handicap,period=ft,home,handicap=1,1.23
2026-10-09T00:18:41.123165+02:00,36698652,Brazil Campeonato Paraibano (PB) Division 2,Brazil,AD Guarabira,Auto EC (PB),2026-10-08T22:30:00+00:00,11.3146,soccer.asian_handicap,period=ft,away,handicap=1,3.4
2026-10-09T00:18:41.123165+02:00,36698652,Brazil Campeonato Paraibano (PB) Division 2,Brazil,AD Guarabira,Auto EC (PB),2026-10-08T22:30:00+00:00,11.3146,soccer.total_goals,period=ft,over,total=2.5,1.91
2026-10-09T00:18:41.123165+02:00,36698652,Brazil Campeonato Paraibano (PB) Division 2,Brazil,AD Guarabira,Auto EC (PB),2026-10-08T22:30:00+00:00,11.3146,soccer.total_goals,period=ft,under,total=2.5,1.79
2026-10-09T00:18:41.123165+02:00,36698652,Brazil Campeonato Paraibano (PB) Division 2,Brazil,AD Guarabira,Auto EC (PB),2026-10-08T22:30:00+00:00,11.3146,soccer.total_goals,period=ft,over,total=1.75,1.32
2026-10-09T00:18:41.123165+02:00,36698652,Brazil Campeonato Paraibano (PB) Division 2,Brazil,AD Guarabira,Auto EC (PB),2026-10-08T22:30:00+00:00,11.3146,soccer.total_goals,period=ft,under,total=1.75,2.9
2026-10-09T00:18:41.123165+02:00,36698652,Brazil Campeonato Paraibano (PB) Division 2,Brazil,AD Guarabira,Auto EC (PB),2026-10-08T22:30:00+00:00,11.3146,soccer.total_goals,period=ft,over,total=2,1.42
2026-10-09T00:18:41.123165+02:00,36698652,Brazil Campeonato Paraibano (PB) Division 2,Brazil,AD Guarabira,Auto EC (PB),2026-10-08T22:30:00+00:00,11.3146,soccer.total_goals,period=ft,under,total=2,2.5
2026-10-09T00:18:41.123165+02:00,36698652,Brazil Campeonato Paraibano (PB) Division 2,Brazil,AD Guarabira,Auto EC (PB),2026-10-08T22:30:00+00:00,11.3146,soccer.total_goals,period=ft,over,total=2.25,1.66
2026-10-09T00:18:41.123165+02:00,36698652,Brazil Campeonato Paraibano (PB) Division 2,Brazil,AD Guarabira,Auto EC (PB),2026-10-08T22:30:00+00:00,11.3146,soccer.total_goals,period=ft,under,total=2.25,2.04
2026-10-09T00:18:41.123165+02:00,36698652,Brazil Campeonato Paraibano (PB) Division 2,Brazil,AD Guarabira,Auto EC (PB),2026-10-08T22:30:00+00:00,11.3146,soccer.total_goals,period=ft,over,total=2.75,2.15
2026-10-09T00:18:41.123165+02:00,36698652,Brazil Campeonato Paraibano (PB) Division 2,Brazil,AD Guarabira,Auto EC (PB),2026-10-08T22:30:00+00:00,11.3146,soccer.total_goals,period=ft,under,total=2.75,1.6
2026-10-09T00:18:41.123165+02:00,36698652,Brazil Campeonato Paraibano (PB) Division 2,Brazil,AD Guarabira,Auto EC (PB),2026-10-08T22:30:00+00:00,11.3146,soccer.total_goals,period=ft,over,total=3,2.55
2026-10-09T00:18:41.123165+02:00,36698652,Brazil Campeonato Paraibano (PB) Division 2,Brazil,AD Guarabira,Auto EC (PB),2026-10-08T22:30:00+00:00,11.3146,soccer.total_goals,period=ft,under,total=3,1.41
2026-10-09T00:18:41.123165+02:00,36698652,Brazil Campeonato Paraibano (PB) Division 2,Brazil,AD Guarabira,Auto EC (PB),2026-10-08T22:30:00+00:00,11.3146,soccer.total_goals,period=ft,over,total=3.25,2.85
2026-10-09T00:18:41.123165+02:00,36698652,Brazil Campeonato Paraibano (PB) Division 2,Brazil,AD Guarabira,Auto EC (PB),2026-10-08T22:30:00+00:00,11.3146,soccer.total_goals,period=ft,under,total=3.25,1.33
2026-10-09T00:18:41.123165+02:00,36609426,Brasileiro Serie B,Brazil,Ceara SC CE,Criciuma EC SC,2026-10-08T22:30:00+00:00,11.3146,soccer.asian_handicap,period=ft,home,handicap=0,1.89
2026-10-09T00:18:41.123165+02:00,36609426,Brasileiro Serie B,Brazil,Ceara SC CE,Criciuma EC SC,2026-10-08T22:30:00+00:00,11.3146,soccer.asian_handicap,period=ft,away,handicap=0,1.95
2026-10-09T00:18:41.123165+02:00,36609426,Brasileiro Serie B,Brazil,Ceara SC CE,Criciuma EC SC,2026-10-08T22:30:00+00:00,11.3146,soccer.asian_handicap,period=ft,home,handicap=-1,4.75
2026-10-09T00:18:41.123165+02:00,36609426,Brasileiro Serie B,Brazil,Ceara SC CE,Criciuma EC SC,2026-10-08T22:30:00+00:00,11.3146,soccer.asian_handicap,period=ft,away,handicap=-1,1.18
2026-10-09T00:18:41.123165+02:00,36609426,Brasileiro Serie B,Brazil,Ceara SC CE,Criciuma EC SC,2026-10-08T22:30:00+00:00,11.3146,soccer.asian_handicap,period=ft,home,handicap=-0.75,3.3
2026-10-09T00:18:41.123165+02:00,36609426,Brasileiro Serie B,Brazil,Ceara SC CE,Criciuma EC SC,2026-10-08T22:30:00+00:00,11.3146,soccer.asian_handicap,period=ft,away,handicap=-0.75,1.33
2026-10-09T00:18:41.123165+02:00,36609426,Brasileiro Serie B,Brazil,Ceara SC CE,Criciuma EC SC,2026-10-08T22:30:00+00:00,11.3146,soccer.asian_handicap,period=ft,home,handicap=-0.5,2.65
2026-10-09T00:18:41.123165+02:00,36609426,Brasileiro Serie B,Brazil,Ceara SC CE,Criciuma EC SC,2026-10-08T22:30:00+00:00,11.3146,soccer.asian_handicap,period=ft,away,handicap=-0.5,1.48
2026-10-09T00:18:41.123165+02:00,36609426,Brasileiro Serie B,Brazil,Ceara SC CE,Criciuma EC SC,2026-10-08T22:30:00+00:00,11.3146,soccer.asian_handicap,period=ft,home,handicap=-0.25,2.25
2026-10-09T00:18:41.123165+02:00,36609426,Brasileiro Serie B,Brazil,Ceara SC CE,Criciuma EC SC,2026-10-08T22:30:00+00:00,11.3146,soccer.asian_handicap,period=ft,away,handicap=-0.25,1.64
2026-10-09T00:18:41.123165+02:00,36609426,Brasileiro Serie B,Brazil,Ceara SC CE,Criciuma EC SC,2026-10-08T22:30:00+00:00,11.3146,soccer.asian_handicap,period=ft,home,handicap=0.25,1.61
2026-10-09T00:18:41.123165+02:00,36609426,Brasileiro Serie B,Brazil,Ceara SC CE,Criciuma EC SC,2026-10-08T22:30:00+00:00,11.3146,soccer.asian_handicap,period=ft,away,handicap=0.25,2.3
2026-10-09T00:18:41.123165+02:00,36609426,Brasileiro Serie B,Brazil,Ceara SC CE,Criciuma EC SC,2026-10-08T22:30:00+00:00,11.3146,soccer.asian_handicap,period=ft,home,handicap=0.5,1.46
2026-10-09T00:18:41.123165+02:00,36609426,Brasileiro Serie B,Brazil,Ceara SC CE,Criciuma EC SC,2026-10-08T22:30:00+00:00,11.3146,soccer.asian_handicap,period=ft,away,handicap=0.5,2.7
2026-10-09T00:18:41.123165+02:00,36609426,Brasileiro Serie B,Brazil,Ceara SC CE,Criciuma EC SC,2026-10-08T22:30:00+00:00,11.3146,soccer.asian_handicap,period=ft,home,handicap=0.75,1.31
2026-10-09T00:18:41.123165+02:00,36609426,Brasileiro Serie B,Brazil,Ceara SC CE,Criciuma EC SC,2026-10-08T22:30:00+00:00,11.3146,soccer.asian_handicap,period=ft,away,handicap=0.75,3.4
2026-10-09T00:18:41.123165+02:00,36609426,Brasileiro Serie B,Brazil,Ceara SC CE,Criciuma EC SC,2026-10-08T22:30:00+00:00,11.3146,soccer.asian_handicap,period=ft,home,handicap=1,1.17
2026-10-09T00:18:41.123165+02:00,36609426,Brasileiro Serie B,Brazil,Ceara SC CE,Criciuma EC SC,2026-10-08T22:30:00+00:00,11.3146,soccer.asian_handicap,period=ft,away,handicap=1,5.05
2026-10-09T00:18:41.123165+02:00,36609426,Brasileiro Serie B,Brazil,Ceara SC CE,Criciuma EC SC,2026-10-08T22:30:00+00:00,11.3146,soccer.double_chance,period=ft,draw_away,,1.47
2026-10-09T00:18:41.123165+02:00,36609426,Brasileiro Serie B,Brazil,Ceara SC CE,Criciuma EC SC,2026-10-08T22:30:00+00:00,11.3146,soccer.double_chance,period=ft,home_away,,1.35
2026-10-09T00:18:41.123165+02:00,36609426,Brasileiro Serie B,Brazil,Ceara SC CE,Criciuma EC SC,2026-10-08T22:30:00+00:00,11.3146,soccer.double_chance,period=ft,home_draw,,1.45
2026-10-09T00:18:41.123165+02:00,36609426,Brasileiro Serie B,Brazil,Ceara SC CE,Criciuma EC SC,2026-10-08T22:30:00+00:00,11.3146,soccer.match_odds,period=ft,home,,2.65
2026-10-09T00:18:41.123165+02:00,36609426,Brasileiro Serie B,Brazil,Ceara SC CE,Criciuma EC SC,2026-10-08T22:30:00+00:00,11.3146,soccer.match_odds,period=ft,draw,,3.15
2026-10-09T00:18:41.123165+02:00,36609426,Brasileiro Serie B,Brazil,Ceara SC CE,Criciuma EC SC,2026-10-08T22:30:00+00:00,11.3146,soccer.match_odds,period=ft,away,,2.75
2026-10-09T00:18:41.123165+02:00,36609426,Brasileiro Serie B,Brazil,Ceara SC CE,Criciuma EC SC,2026-10-08T22:30:00+00:00,11.3146,soccer.total_goals,period=ft,over,total=2.25,2.03
2026-10-09T00:18:41.123165+02:00,36609426,Brasileiro Serie B,Brazil,Ceara SC CE,Criciuma EC SC,2026-10-08T22:30:00+00:00,11.3146,soccer.total_goals,period=ft,under,total=2.25,1.8
2026-10-09T00:18:41.123165+02:00,36609426,Brasileiro Serie B,Brazil,Ceara SC CE,Criciuma EC SC,2026-10-08T22:30:00+00:00,11.3146,soccer.total_goals,period=ft,over,total=1.5,1.4
2026-10-09T00:18:41.123165+02:00,36609426,Brasileiro Serie B,Brazil,Ceara SC CE,Criciuma EC SC,2026-10-08T22:30:00+00:00,11.3146,soccer.total_goals,period=ft,under,total=1.5,2.9
2026-10-09T00:18:41.123165+02:00,36609426,Brasileiro Serie B,Brazil,Ceara SC CE,Criciuma EC SC,2026-10-08T22:30:00+00:00,11.3146,soccer.total_goals,period=ft,over,total=1.75,1.52
2026-10-09T00:18:41.123165+02:00,36609426,Brasileiro Serie B,Brazil,Ceara SC CE,Criciuma EC SC,2026-10-08T22:30:00+00:00,11.3146,soccer.total_goals,period=ft,under,total=1.75,2.5
2026-10-09T00:18:41.123165+02:00,36609426,Brasileiro Serie B,Brazil,Ceara SC CE,Criciuma EC SC,2026-10-08T22:30:00+00:00,11.3146,soccer.total_goals,period=ft,over,total=2,1.71
2026-10-09T00:18:41.123165+02:00,36609426,Brasileiro Serie B,Brazil,Ceara SC CE,Criciuma EC SC,2026-10-08T22:30:00+00:00,11.3146,soccer.total_goals,period=ft,under,total=2,2.14
2026-10-09T00:18:41.123165+02:00,36609426,Brasileiro Serie B,Brazil,Ceara SC CE,Criciuma EC SC,2026-10-08T22:30:00+00:00,11.3146,soccer.total_goals,period=ft,over,total=2.5,2.3
2026-10-09T00:18:41.123165+02:00,36609426,Brasileiro Serie B,Brazil,Ceara SC CE,Criciuma EC SC,2026-10-08T22:30:00+00:00,11.3146,soccer.total_goals,period=ft,under,total=2.5,1.6
2026-10-09T00:18:41.123165+02:00,36609426,Brasileiro Serie B,Brazil,Ceara SC CE,Criciuma EC SC,2026-10-08T22:30:00+00:00,11.3146,soccer.total_goals,period=ft,over,total=2.75,2.75
2026-10-09T00:18:41.123165+02:00,36609426,Brasileiro Serie B,Brazil,Ceara SC CE,Criciuma EC SC,2026-10-08T22:30:00+00:00,11.3146,soccer.total_goals,period=ft,under,total=2.75,1.44
2026-10-09T00:18:41.123165+02:00,36609426,Brasileiro Serie B,Brazil,Ceara SC CE,Criciuma EC SC,2026-10-08T22:30:00+00:00,11.3146,soccer.total_goals,period=ft,over,total=3.5,4.4
2026-10-09T00:18:41.123165+02:00,36609426,Brasileiro Serie B,Brazil,Ceara SC CE,Criciuma EC SC,2026-10-08T22:30:00+00:00,11.3146,soccer.total_goals,period=ft,under,total=3.5,1.2
2026-10-09T00:18:41.123165+02:00,36609429,Brasileiro Serie B,Brazil,Nautico PE,Gremio Novorizontino SP,2026-10-08T22:30:00+00:00,11.3146,soccer.asian_handicap,period=ft,home,handicap=0.75,1.86
2026-10-09T00:18:41.123165+02:00,36609429,Brasileiro Serie B,Brazil,Nautico PE,Gremio Novorizontino SP,2026-10-08T22:30:00+00:00,11.3146,soccer.asian_handicap,period=ft,away,handicap=0.75,1.98
2026-10-09T00:18:41.123165+02:00,36609429,Brasileiro Serie B,Brazil,Nautico PE,Gremio Novorizontino SP,2026-10-08T22:30:00+00:00,11.3146,soccer.asian_handicap,period=ft,home,handicap=-0.25,3.85
2026-10-09T00:18:41.123165+02:00,36609429,Brasileiro Serie B,Brazil,Nautico PE,Gremio Novorizontino SP,2026-10-08T22:30:00+00:00,11.3146,soccer.asian_handicap,period=ft,away,handicap=-0.25,1.26
2026-10-09T00:18:41.123165+02:00,36609429,Brasileiro Serie B,Brazil,Nautico PE,Gremio Novorizontino SP,2026-10-08T22:30:00+00:00,11.3146,soccer.asian_handicap,period=ft,home,handicap=0,3.3
2026-10-09T00:18:41.123165+02:00,36609429,Brasileiro Serie B,Brazil,Nautico PE,Gremio Novorizontino SP,2026-10-08T22:30:00+00:00,11.3146,soccer.asian_handicap,period=ft,away,handicap=0,1.33
2026-10-09T00:18:41.123165+02:00,36609429,Brasileiro Serie B,Brazil,Nautico PE,Gremio Novorizontino SP,2026-10-08T22:30:00+00:00,11.3146,soccer.asian_handicap,period=ft,home,handicap=0.25,2.5
2026-10-09T00:18:41.123165+02:00,36609429,Brasileiro Serie B,Brazil,Nautico PE,Gremio Novorizontino SP,2026-10-08T22:30:00+00:00,11.3146,soccer.asian_handicap,period=ft,away,handicap=0.25,1.54
2026-10-09T00:18:41.123165+02:00,36609429,Brasileiro Serie B,Brazil,Nautico PE,Gremio Novorizontino SP,2026-10-08T22:30:00+00:00,11.3146,soccer.asian_handicap,period=ft,home,handicap=0.5,2.09
2026-10-09T00:18:41.123165+02:00,36609429,Brasileiro Serie B,Brazil,Nautico PE,Gremio Novorizontino SP,2026-10-08T22:30:00+00:00,11.3146,soccer.asian_handicap,period=ft,away,handicap=0.5,1.75
2026-10-09T00:18:41.123165+02:00,36609429,Brasileiro Serie B,Brazil,Nautico PE,Gremio Novorizontino SP,2026-10-08T22:30:00+00:00,11.3146,soccer.asian_handicap,period=ft,home,handicap=1,1.61
2026-10-09T00:18:41.123165+02:00,36609429,Brasileiro Serie B,Brazil,Nautico PE,Gremio Novorizontino SP,2026-10-08T22:30:00+00:00,11.3146,soccer.asian_handicap,period=ft,away,handicap=1,2.35
2026-10-09T00:18:41.123165+02:00,36609429,Brasileiro Serie B,Brazil,Nautico PE,Gremio Novorizontino SP,2026-10-08T22:30:00+00:00,11.3146,soccer.asian_handicap,period=ft,home,handicap=1.25,1.47
2026-10-09T00:18:41.123165+02:00,36609429,Brasileiro Serie B,Brazil,Nautico PE,Gremio Novorizontino SP,2026-10-08T22:30:00+00:00,11.3146,soccer.asian_handicap,period=ft,away,handicap=1.25,2.7
2026-10-09T00:18:41.123165+02:00,36609429,Brasileiro Serie B,Brazil,Nautico PE,Gremio Novorizontino SP,2026-10-08T22:30:00+00:00,11.3146,soccer.asian_handicap,period=ft,home,handicap=1.5,1.38
2026-10-09T00:18:41.123165+02:00,36609429,Brasileiro Serie B,Brazil,Nautico PE,Gremio Novorizontino SP,2026-10-08T22:30:00+00:00,11.3146,soccer.asian_handicap,period=ft,away,handicap=1.5,3.0
2026-10-09T00:18:41.123165+02:00,36609429,Brasileiro Serie B,Brazil,Nautico PE,Gremio Novorizontino SP,2026-10-08T22:30:00+00:00,11.3146,soccer.asian_handicap,period=ft,home,handicap=1.75,1.27
2026-10-09T00:18:41.123165+02:00,36609429,Brasileiro Serie B,Brazil,Nautico PE,Gremio Novorizontino SP,2026-10-08T22:30:00+00:00,11.3146,soccer.asian_handicap,period=ft,away,handicap=1.75,3.75
2026-10-09T00:18:41.123165+02:00,36609429,Brasileiro Serie B,Brazil,Nautico PE,Gremio Novorizontino SP,2026-10-08T22:30:00+00:00,11.3146,soccer.double_chance,period=ft,draw_away,,1.21
2026-10-09T00:18:41.123165+02:00,36609429,Brasileiro Serie B,Brazil,Nautico PE,Gremio Novorizontino SP,2026-10-08T22:30:00+00:00,11.3146,soccer.double_chance,period=ft,home_away,,1.26
2026-10-09T00:18:41.123165+02:00,36609429,Brasileiro Serie B,Brazil,Nautico PE,Gremio Novorizontino SP,2026-10-08T22:30:00+00:00,11.3146,soccer.double_chance,period=ft,home_draw,,2.08
2026-10-09T00:18:41.123165+02:00,36609429,Brasileiro Serie B,Brazil,Nautico PE,Gremio Novorizontino SP,2026-10-08T22:30:00+00:00,11.3146,soccer.match_odds,period=ft,home,,4.35
2026-10-09T00:18:41.123165+02:00,36609429,Brasileiro Serie B,Brazil,Nautico PE,Gremio Novorizontino SP,2026-10-08T22:30:00+00:00,11.3146,soccer.match_odds,period=ft,draw,,3.9
2026-10-09T00:18:41.123165+02:00,36609429,Brasileiro Serie B,Brazil,Nautico PE,Gremio Novorizontino SP,2026-10-08T22:30:00+00:00,11.3146,soccer.match_odds,period=ft,away,,1.75
2026-10-09T00:18:41.123165+02:00,36609429,Brasileiro Serie B,Brazil,Nautico PE,Gremio Novorizontino SP,2026-10-08T22:30:00+00:00,11.3146,soccer.total_goals,period=ft,over,total=2.75,2.0
2026-10-09T00:18:41.123165+02:00,36609429,Brasileiro Serie B,Brazil,Nautico PE,Gremio Novorizontino SP,2026-10-08T22:30:00+00:00,11.3146,soccer.total_goals,period=ft,under,total=2.75,1.83
2026-10-09T00:18:41.123165+02:00,36609429,Brasileiro Serie B,Brazil,Nautico PE,Gremio Novorizontino SP,2026-10-08T22:30:00+00:00,11.3146,soccer.total_goals,period=ft,over,total=1.5,1.23
2026-10-09T00:18:41.123165+02:00,36609429,Brasileiro Serie B,Brazil,Nautico PE,Gremio Novorizontino SP,2026-10-08T22:30:00+00:00,11.3146,soccer.total_goals,period=ft,under,total=1.5,4.0
2026-10-09T00:18:41.123165+02:00,36609429,Brasileiro Serie B,Brazil,Nautico PE,Gremio Novorizontino SP,2026-10-08T22:30:00+00:00,11.3146,soccer.total_goals,period=ft,over,total=2.25,1.56
2026-10-09T00:18:41.123165+02:00,36609429,Brasileiro Serie B,Brazil,Nautico PE,Gremio Novorizontino SP,2026-10-08T22:30:00+00:00,11.3146,soccer.total_goals,period=ft,under,total=2.25,2.4
2026-10-09T00:18:41.123165+02:00,36609429,Brasileiro Serie B,Brazil,Nautico PE,Gremio Novorizontino SP,2026-10-08T22:30:00+00:00,11.3146,soccer.total_goals,period=ft,over,total=2.5,1.78
2026-10-09T00:18:41.123165+02:00,36609429,Brasileiro Serie B,Brazil,Nautico PE,Gremio Novorizontino SP,2026-10-08T22:30:00+00:00,11.3146,soccer.total_goals,period=ft,under,total=2.5,2.04
2026-10-09T00:18:41.123165+02:00,36609429,Brasileiro Serie B,Brazil,Nautico PE,Gremio Novorizontino SP,2026-10-08T22:30:00+00:00,11.3146,soccer.total_goals,period=ft,over,total=3,2.3
2026-10-09T00:18:41.123165+02:00,36609429,Brasileiro Serie B,Brazil,Nautico PE,Gremio Novorizontino SP,2026-10-08T22:30:00+00:00,11.3146,soccer.total_goals,period=ft,under,total=3,1.61
2026-10-09T00:18:41.123165+02:00,36609429,Brasileiro Serie B,Brazil,Nautico PE,Gremio Novorizontino SP,2026-10-08T22:30:00+00:00,11.3146,soccer.total_goals,period=ft,over,total=3.25,2.6
2026-10-09T00:18:41.123165+02:00,36609429,Brasileiro Serie B,Brazil,Nautico PE,Gremio Novorizontino SP,2026-10-08T22:30:00+00:00,11.3146,soccer.total_goals,period=ft,under,total=3.25,1.48
2026-10-09T00:18:41.123165+02:00,36609429,Brasileiro Serie B,Brazil,Nautico PE,Gremio Novorizontino SP,2026-10-08T22:30:00+00:00,11.3146,soccer.total_goals,period=ft,over,total=3.5,2.9
2026-10-09T00:18:41.123165+02:00,36609429,Brasileiro Serie B,Brazil,Nautico PE,Gremio Novorizontino SP,2026-10-08T22:30:00+00:00,11.3146,soccer.total_goals,period=ft,under,total=3.5,1.39
2026-10-09T00:18:41.123165+02:00,36609429,Brasileiro Serie B,Brazil,Nautico PE,Gremio Novorizontino SP,2026-10-08T22:30:00+00:00,11.3146,soccer.total_goals,period=ft,over,total=4.5,5.6
2026-10-09T00:18:41.123165+02:00,36609429,Brasileiro Serie B,Brazil,Nautico PE,Gremio Novorizontino SP,2026-10-08T22:30:00+00:00,11.3146,soccer.total_goals,period=ft,under,total=4.5,1.14
2026-10-09T00:18:41.123165+02:00,36435234,Brasileiro Serie A,Brazil,Santos FC SP,CR Flamengo RJ,2026-10-08T22:30:00+00:00,11.3146,soccer.asian_handicap,period=ft,home,handicap=0.75,1.85
2026-10-09T00:18:41.123165+02:00,36435234,Brasileiro Serie A,Brazil,Santos FC SP,CR Flamengo RJ,2026-10-08T22:30:00+00:00,11.3146,soccer.asian_handicap,period=ft,away,handicap=0.75,2.02
2026-10-09T00:18:41.123165+02:00,36435234,Brasileiro Serie A,Brazil,Santos FC SP,CR Flamengo RJ,2026-10-08T22:30:00+00:00,11.3146,soccer.asian_handicap,period=ft,home,handicap=-0.25,3.75
2026-10-09T00:18:41.123165+02:00,36435234,Brasileiro Serie A,Brazil,Santos FC SP,CR Flamengo RJ,2026-10-08T22:30:00+00:00,11.3146,soccer.asian_handicap,period=ft,away,handicap=-0.25,1.28
2026-10-09T00:18:41.123165+02:00,36435234,Brasileiro Serie A,Brazil,Santos FC SP,CR Flamengo RJ,2026-10-08T22:30:00+00:00,11.3146,soccer.asian_handicap,period=ft,home,handicap=0,3.25
2026-10-09T00:18:41.123165+02:00,36435234,Brasileiro Serie A,Brazil,Santos FC SP,CR Flamengo RJ,2026-10-08T22:30:00+00:00,11.3146,soccer.asian_handicap,period=ft,away,handicap=0,1.35
2026-10-09T00:18:41.123165+02:00,36435234,Brasileiro Serie A,Brazil,Santos FC SP,CR Flamengo RJ,2026-10-08T22:30:00+00:00,11.3146,soccer.asian_handicap,period=ft,home,handicap=0.25,2.45
2026-10-09T00:18:41.123165+02:00,36435234,Brasileiro Serie A,Brazil,Santos FC SP,CR Flamengo RJ,2026-10-08T22:30:00+00:00,11.3146,soccer.asian_handicap,period=ft,away,handicap=0.25,1.57
2026-10-09T00:18:41.123165+02:00,36435234,Brasileiro Serie A,Brazil,Santos FC SP,CR Flamengo RJ,2026-10-08T22:30:00+00:00,11.3146,soccer.asian_handicap,period=ft,home,handicap=0.5,2.08
2026-10-09T00:18:41.123165+02:00,36435234,Brasileiro Serie A,Brazil,Santos FC SP,CR Flamengo RJ,2026-10-08T22:30:00+00:00,11.3146,soccer.asian_handicap,period=ft,away,handicap=0.5,1.78
2026-10-09T00:18:41.123165+02:00,36435234,Brasileiro Serie A,Brazil,Santos FC SP,CR Flamengo RJ,2026-10-08T22:30:00+00:00,11.3146,soccer.asian_handicap,period=ft,home,handicap=1,1.6
2026-10-09T00:18:41.123165+02:00,36435234,Brasileiro Serie A,Brazil,Santos FC SP,CR Flamengo RJ,2026-10-08T22:30:00+00:00,11.3146,soccer.asian_handicap,period=ft,away,handicap=1,2.4
2026-10-09T00:18:41.123165+02:00,36435234,Brasileiro Serie A,Brazil,Santos FC SP,CR Flamengo RJ,2026-10-08T22:30:00+00:00,11.3146,soccer.asian_handicap,period=ft,home,handicap=1.25,1.47
2026-10-09T00:18:41.123165+02:00,36435234,Brasileiro Serie A,Brazil,Santos FC SP,CR Flamengo RJ,2026-10-08T22:30:00+00:00,11.3146,soccer.asian_handicap,period=ft,away,handicap=1.25,2.75
2026-10-09T00:18:41.123165+02:00,36435234,Brasileiro Serie A,Brazil,Santos FC SP,CR Flamengo RJ,2026-10-08T22:30:00+00:00,11.3146,soccer.asian_handicap,period=ft,home,handicap=1.5,1.38
2026-10-09T00:18:41.123165+02:00,36435234,Brasileiro Serie A,Brazil,Santos FC SP,CR Flamengo RJ,2026-10-08T22:30:00+00:00,11.3146,soccer.asian_handicap,period=ft,away,handicap=1.5,3.1
2026-10-09T00:18:41.123165+02:00,36435234,Brasileiro Serie A,Brazil,Santos FC SP,CR Flamengo RJ,2026-10-08T22:30:00+00:00,11.3146,soccer.asian_handicap,period=ft,home,handicap=1.75,1.27
2026-10-09T00:18:41.123165+02:00,36435234,Brasileiro Serie A,Brazil,Santos FC SP,CR Flamengo RJ,2026-10-08T22:30:00+00:00,11.3146,soccer.asian_handicap,period=ft,away,handicap=1.75,3.85
2026-10-09T00:18:41.123165+02:00,36435234,Brasileiro Serie A,Brazil,Santos FC SP,CR Flamengo RJ,2026-10-08T22:30:00+00:00,11.3146,soccer.double_chance,period=ft,draw_away,,1.23
2026-10-09T00:18:41.123165+02:00,36435234,Brasileiro Serie A,Brazil,Santos FC SP,CR Flamengo RJ,2026-10-08T22:30:00+00:00,11.3146,soccer.double_chance,period=ft,home_away,,1.26
2026-10-09T00:18:41.123165+02:00,36435234,Brasileiro Serie A,Brazil,Santos FC SP,CR Flamengo RJ,2026-10-08T22:30:00+00:00,11.3146,soccer.double_chance,period=ft,home_draw,,2.07
2026-10-09T00:18:41.123165+02:00,36435234,Brasileiro Serie A,Brazil,Santos FC SP,CR Flamengo RJ,2026-10-08T22:30:00+00:00,11.3146,soccer.match_odds,period=ft,home,,4.3
2026-10-09T00:18:41.123165+02:00,36435234,Brasileiro Serie A,Brazil,Santos FC SP,CR Flamengo RJ,2026-10-08T22:30:00+00:00,11.3146,soccer.match_odds,period=ft,draw,,3.95
2026-10-09T00:18:41.123165+02:00,36435234,Brasileiro Serie A,Brazil,Santos FC SP,CR Flamengo RJ,2026-10-08T22:30:00+00:00,11.3146,soccer.match_odds,period=ft,away,,1.79
2026-10-09T00:18:41.123165+02:00,36435234,Brasileiro Serie A,Brazil,Santos FC SP,CR Flamengo RJ,2026-10-08T22:30:00+00:00,11.3146,soccer.total_goals,period=ft,over,total=3,2.01
2026-10-09T00:18:41.123165+02:00,36435234,Brasileiro Serie A,Brazil,Santos FC SP,CR Flamengo RJ,2026-10-08T22:30:00+00:00,11.3146,soccer.total_goals,period=ft,under,total=3,1.85
2026-10-09T00:18:41.123165+02:00,36435234,Brasileiro Serie A,Brazil,Santos FC SP,CR Flamengo RJ,2026-10-08T22:30:00+00:00,11.3146,soccer.total_goals,period=ft,over,total=1.5,1.18
2026-10-09T00:18:41.123165+02:00,36435234,Brasileiro Serie A,Brazil,Santos FC SP,CR Flamengo RJ,2026-10-08T22:30:00+00:00,11.3146,soccer.total_goals,period=ft,under,total=1.5,4.8
2026-10-09T00:18:41.123165+02:00,36435234,Brasileiro Serie A,Brazil,Santos FC SP,CR Flamengo RJ,2026-10-08T22:30:00+00:00,11.3146,soccer.total_goals,period=ft,over,total=2.5,1.6
2026-10-09T00:18:41.123165+02:00,36435234,Brasileiro Serie A,Brazil,Santos FC SP,CR Flamengo RJ,2026-10-08T22:30:00+00:00,11.3146,soccer.total_goals,period=ft,under,total=2.5,2.35
2026-10-09T00:18:41.123165+02:00,36435234,Brasileiro Serie A,Brazil,Santos FC SP,CR Flamengo RJ,2026-10-08T22:30:00+00:00,11.3146,soccer.total_goals,period=ft,over,total=2.75,1.75
2026-10-09T00:18:41.123165+02:00,36435234,Brasileiro Serie A,Brazil,Santos FC SP,CR Flamengo RJ,2026-10-08T22:30:00+00:00,11.3146,soccer.total_goals,period=ft,under,total=2.75,2.1
2026-10-09T00:18:41.123165+02:00,36435234,Brasileiro Serie A,Brazil,Santos FC SP,CR Flamengo RJ,2026-10-08T22:30:00+00:00,11.3146,soccer.total_goals,period=ft,over,total=3.25,2.25
2026-10-09T00:18:41.123165+02:00,36435234,Brasileiro Serie A,Brazil,Santos FC SP,CR Flamengo RJ,2026-10-08T22:30:00+00:00,11.3146,soccer.total_goals,period=ft,under,total=3.25,1.65
2026-10-09T00:18:41.123165+02:00,36435234,Brasileiro Serie A,Brazil,Santos FC SP,CR Flamengo RJ,2026-10-08T22:30:00+00:00,11.3146,soccer.total_goals,period=ft,over,total=3.5,2.55
2026-10-09T00:18:41.123165+02:00,36435234,Brasileiro Serie A,Brazil,Santos FC SP,CR Flamengo RJ,2026-10-08T22:30:00+00:00,11.3146,soccer.total_goals,period=ft,under,total=3.5,1.52
2026-10-09T00:18:41.123165+02:00,36435234,Brasileiro Serie A,Brazil,Santos FC SP,CR Flamengo RJ,2026-10-08T22:30:00+00:00,11.3146,soccer.total_goals,period=ft,over,total=4.5,4.85
2026-10-09T00:18:41.123165+02:00,36435234,Brasileiro Serie A,Brazil,Santos FC SP,CR Flamengo RJ,2026-10-08T22:30:00+00:00,11.3146,soccer.total_goals,period=ft,under,total=4.5,1.18
2026-10-09T00:18:41.123165+02:00,36435235,Brasileiro Serie A,Brazil,CA Paranaense PR,Atletico Mineiro MG,2026-10-08T23:00:00+00:00,41.3146,soccer.asian_handicap,period=ft,home,handicap=-0.5,2.05
2026-10-09T00:18:41.123165+02:00,36435235,Brasileiro Serie A,Brazil,CA Paranaense PR,Atletico Mineiro MG,2026-10-08T23:00:00+00:00,41.3146,soccer.asian_handicap,period=ft,away,handicap=-0.5,1.83
2026-10-09T00:18:41.123165+02:00,36435235,Brasileiro Serie A,Brazil,CA Paranaense PR,Atletico Mineiro MG,2026-10-08T23:00:00+00:00,41.3146,soccer.asian_handicap,period=ft,home,handicap=-1.5,3.85
2026-10-09T00:18:41.123165+02:00,36435235,Brasileiro Serie A,Brazil,CA Paranaense PR,Atletico Mineiro MG,2026-10-08T23:00:00+00:00,41.3146,soccer.asian_handicap,period=ft,away,handicap=-1.5,1.27
2026-10-09T00:18:41.123165+02:00,36435235,Brasileiro Serie A,Brazil,CA Paranaense PR,Atletico Mineiro MG,2026-10-08T23:00:00+00:00,41.3146,soccer.asian_handicap,period=ft,home,handicap=-1.25,3.4
2026-10-09T00:18:41.123165+02:00,36435235,Brasileiro Serie A,Brazil,CA Paranaense PR,Atletico Mineiro MG,2026-10-08T23:00:00+00:00,41.3146,soccer.asian_handicap,period=ft,away,handicap=-1.25,1.32
2026-10-09T00:18:41.123165+02:00,36435235,Brasileiro Serie A,Brazil,CA Paranaense PR,Atletico Mineiro MG,2026-10-08T23:00:00+00:00,41.3146,soccer.asian_handicap,period=ft,home,handicap=-1,3.0
2026-10-09T00:18:41.123165+02:00,36435235,Brasileiro Serie A,Brazil,CA Paranaense PR,Atletico Mineiro MG,2026-10-08T23:00:00+00:00,41.3146,soccer.asian_handicap,period=ft,away,handicap=-1,1.4
2026-10-09T00:18:41.123165+02:00,36435235,Brasileiro Serie A,Brazil,CA Paranaense PR,Atletico Mineiro MG,2026-10-08T23:00:00+00:00,41.3146,soccer.asian_handicap,period=ft,home,handicap=-0.75,2.35
2026-10-09T00:18:41.123165+02:00,36435235,Brasileiro Serie A,Brazil,CA Paranaense PR,Atletico Mineiro MG,2026-10-08T23:00:00+00:00,41.3146,soccer.asian_handicap,period=ft,away,handicap=-0.75,1.61
2026-10-09T00:18:41.123165+02:00,36435235,Brasileiro Serie A,Brazil,CA Paranaense PR,Atletico Mineiro MG,2026-10-08T23:00:00+00:00,41.3146,soccer.asian_handicap,period=ft,home,handicap=-0.25,1.75
2026-10-09T00:18:41.123165+02:00,36435235,Brasileiro Serie A,Brazil,CA Paranaense PR,Atletico Mineiro MG,2026-10-08T23:00:00+00:00,41.3146,soccer.asian_handicap,period=ft,away,handicap=-0.25,2.13
2026-10-09T00:18:41.123165+02:00,36435235,Brasileiro Serie A,Brazil,CA Paranaense PR,Atletico Mineiro MG,2026-10-08T23:00:00+00:00,41.3146,soccer.asian_handicap,period=ft,home,handicap=0,1.46
2026-10-09T00:18:41.123165+02:00,36435235,Brasileiro Serie A,Brazil,CA Paranaense PR,Atletico Mineiro MG,2026-10-08T23:00:00+00:00,41.3146,soccer.asian_handicap,period=ft,away,handicap=0,2.8
2026-10-09T00:18:41.123165+02:00,36435235,Brasileiro Serie A,Brazil,CA Paranaense PR,Atletico Mineiro MG,2026-10-08T23:00:00+00:00,41.3146,soccer.asian_handicap,period=ft,home,handicap=0.25,1.34
2026-10-09T00:18:41.123165+02:00,36435235,Brasileiro Serie A,Brazil,CA Paranaense PR,Atletico Mineiro MG,2026-10-08T23:00:00+00:00,41.3146,soccer.asian_handicap,period=ft,away,handicap=0.25,3.3
2026-10-09T00:18:41.123165+02:00,36435235,Brasileiro Serie A,Brazil,CA Paranaense PR,Atletico Mineiro MG,2026-10-08T23:00:00+00:00,41.3146,soccer.asian_handicap,period=ft,home,handicap=0.5,1.27
2026-10-09T00:18:41.123165+02:00,36435235,Brasileiro Serie A,Brazil,CA Paranaense PR,Atletico Mineiro MG,2026-10-08T23:00:00+00:00,41.3146,soccer.asian_handicap,period=ft,away,handicap=0.5,3.85
2026-10-09T00:18:41.123165+02:00,36435235,Brasileiro Serie A,Brazil,CA Paranaense PR,Atletico Mineiro MG,2026-10-08T23:00:00+00:00,41.3146,soccer.double_chance,period=ft,draw_away,,1.8
2026-10-09T00:18:41.123165+02:00,36435235,Brasileiro Serie A,Brazil,CA Paranaense PR,Atletico Mineiro MG,2026-10-08T23:00:00+00:00,41.3146,soccer.double_chance,period=ft,home_away,,1.34
2026-10-09T00:18:41.123165+02:00,36435235,Brasileiro Serie A,Brazil,CA Paranaense PR,Atletico Mineiro MG,2026-10-08T23:00:00+00:00,41.3146,soccer.double_chance,period=ft,home_draw,,1.27
2026-10-09T00:18:41.123165+02:00,36435235,Brasileiro Serie A,Brazil,CA Paranaense PR,Atletico Mineiro MG,2026-10-08T23:00:00+00:00,41.3146,soccer.match_odds,period=ft,home,,2.04
2026-10-09T00:18:41.123165+02:00,36435235,Brasileiro Serie A,Brazil,CA Paranaense PR,Atletico Mineiro MG,2026-10-08T23:00:00+00:00,41.3146,soccer.match_odds,period=ft,draw,,3.35
2026-10-09T00:18:41.123165+02:00,36435235,Brasileiro Serie A,Brazil,CA Paranaense PR,Atletico Mineiro MG,2026-10-08T23:00:00+00:00,41.3146,soccer.match_odds,period=ft,away,,3.9
2026-10-09T00:18:41.123165+02:00,36435235,Brasileiro Serie A,Brazil,CA Paranaense PR,Atletico Mineiro MG,2026-10-08T23:00:00+00:00,41.3146,soccer.total_goals,period=ft,over,total=2.5,1.91
2026-10-09T00:18:41.123165+02:00,36435235,Brasileiro Serie A,Brazil,CA Paranaense PR,Atletico Mineiro MG,2026-10-08T23:00:00+00:00,41.3146,soccer.total_goals,period=ft,under,total=2.5,1.95
2026-10-09T00:18:41.123165+02:00,36435235,Brasileiro Serie A,Brazil,CA Paranaense PR,Atletico Mineiro MG,2026-10-08T23:00:00+00:00,41.3146,soccer.total_goals,period=ft,over,total=1.5,1.27
2026-10-09T00:18:41.123165+02:00,36435235,Brasileiro Serie A,Brazil,CA Paranaense PR,Atletico Mineiro MG,2026-10-08T23:00:00+00:00,41.3146,soccer.total_goals,period=ft,under,total=1.5,3.75
2026-10-09T00:18:41.123165+02:00,36435235,Brasileiro Serie A,Brazil,CA Paranaense PR,Atletico Mineiro MG,2026-10-08T23:00:00+00:00,41.3146,soccer.total_goals,period=ft,over,total=2,1.43
2026-10-09T00:18:41.123165+02:00,36435235,Brasileiro Serie A,Brazil,CA Paranaense PR,Atletico Mineiro MG,2026-10-08T23:00:00+00:00,41.3146,soccer.total_goals,period=ft,under,total=2,2.85
2026-10-09T00:18:41.123165+02:00,36435235,Brasileiro Serie A,Brazil,CA Paranaense PR,Atletico Mineiro MG,2026-10-08T23:00:00+00:00,41.3146,soccer.total_goals,period=ft,over,total=2.25,1.66
2026-10-09T00:18:41.123165+02:00,36435235,Brasileiro Serie A,Brazil,CA Paranaense PR,Atletico Mineiro MG,2026-10-08T23:00:00+00:00,41.3146,soccer.total_goals,period=ft,under,total=2.25,2.2
2026-10-09T00:18:41.123165+02:00,36435235,Brasileiro Serie A,Brazil,CA Paranaense PR,Atletico Mineiro MG,2026-10-08T23:00:00+00:00,41.3146,soccer.total_goals,period=ft,over,total=2.75,2.14
2026-10-09T00:18:41.123165+02:00,36435235,Brasileiro Serie A,Brazil,CA Paranaense PR,Atletico Mineiro MG,2026-10-08T23:00:00+00:00,41.3146,soccer.total_goals,period=ft,under,total=2.75,1.72
2026-10-09T00:18:41.123165+02:00,36435235,Brasileiro Serie A,Brazil,CA Paranaense PR,Atletico Mineiro MG,2026-10-08T23:00:00+00:00,41.3146,soccer.total_goals,period=ft,over,total=3,2.55
2026-10-09T00:18:41.123165+02:00,36435235,Brasileiro Serie A,Brazil,CA Paranaense PR,Atletico Mineiro MG,2026-10-08T23:00:00+00:00,41.3146,soccer.total_goals,period=ft,under,total=3,1.51
2026-10-09T00:18:41.123165+02:00,36435235,Brasileiro Serie A,Brazil,CA Paranaense PR,Atletico Mineiro MG,2026-10-08T23:00:00+00:00,41.3146,soccer.total_goals,period=ft,over,total=3.5,3.2
2026-10-09T00:18:41.123165+02:00,36435235,Brasileiro Serie A,Brazil,CA Paranaense PR,Atletico Mineiro MG,2026-10-08T23:00:00+00:00,41.3146,soccer.total_goals,period=ft,under,total=3.5,1.34
2026-10-09T00:18:41.123165+02:00,36435235,Brasileiro Serie A,Brazil,CA Paranaense PR,Atletico Mineiro MG,2026-10-08T23:00:00+00:00,41.3146,soccer.total_goals,period=ft,over,total=4.5,6.45
2026-10-09T00:18:41.123165+02:00,36435235,Brasileiro Serie A,Brazil,CA Paranaense PR,Atletico Mineiro MG,2026-10-08T23:00:00+00:00,41.3146,soccer.total_goals,period=ft,under,total=4.5,1.12
2026-10-09T00:18:41.123165+02:00,36626420,"Primera A, Clausura",Colombia,Atletico Nacional Medellin,CD Tolima,2026-10-08T23:05:00+00:00,46.3146,soccer.asian_handicap,period=ft,home,handicap=-0.75,1.85
2026-10-09T00:18:41.123165+02:00,36626420,"Primera A, Clausura",Colombia,Atletico Nacional Medellin,CD Tolima,2026-10-08T23:05:00+00:00,46.3146,soccer.asian_handicap,period=ft,away,handicap=-0.75,1.99
2026-10-09T00:18:41.123165+02:00,36626420,"Primera A, Clausura",Colombia,Atletico Nacional Medellin,CD Tolima,2026-10-08T23:05:00+00:00,46.3146,soccer.asian_handicap,period=ft,home,handicap=-1.75,3.45
2026-10-09T00:18:41.123165+02:00,36626420,"Primera A, Clausura",Colombia,Atletico Nacional Medellin,CD Tolima,2026-10-08T23:05:00+00:00,46.3146,soccer.asian_handicap,period=ft,away,handicap=-1.75,1.3
2026-10-09T00:18:41.123165+02:00,36626420,"Primera A, Clausura",Colombia,Atletico Nacional Medellin,CD Tolima,2026-10-08T23:05:00+00:00,46.3146,soccer.asian_handicap,period=ft,home,handicap=-1.5,2.8
2026-10-09T00:18:41.123165+02:00,36626420,"Primera A, Clausura",Colombia,Atletico Nacional Medellin,CD Tolima,2026-10-08T23:05:00+00:00,46.3146,soccer.asian_handicap,period=ft,away,handicap=-1.5,1.42
2026-10-09T00:18:41.123165+02:00,36626420,"Primera A, Clausura",Colombia,Atletico Nacional Medellin,CD Tolima,2026-10-08T23:05:00+00:00,46.3146,soccer.asian_handicap,period=ft,home,handicap=-1.25,2.45
2026-10-09T00:18:41.123165+02:00,36626420,"Primera A, Clausura",Colombia,Atletico Nacional Medellin,CD Tolima,2026-10-08T23:05:00+00:00,46.3146,soccer.asian_handicap,period=ft,away,handicap=-1.25,1.53
2026-10-09T00:18:41.123165+02:00,36626420,"Primera A, Clausura",Colombia,Atletico Nacional Medellin,CD Tolima,2026-10-08T23:05:00+00:00,46.3146,soccer.asian_handicap,period=ft,home,handicap=-1,2.15
2026-10-09T00:18:41.123165+02:00,36626420,"Primera A, Clausura",Colombia,Atletico Nacional Medellin,CD Tolima,2026-10-08T23:05:00+00:00,46.3146,soccer.asian_handicap,period=ft,away,handicap=-1,1.7
2026-10-09T00:18:41.123165+02:00,36626420,"Primera A, Clausura",Colombia,Atletico Nacional Medellin,CD Tolima,2026-10-08T23:05:00+00:00,46.3146,soccer.asian_handicap,period=ft,home,handicap=-0.5,1.65
2026-10-09T00:18:41.123165+02:00,36626420,"Primera A, Clausura",Colombia,Atletico Nacional Medellin,CD Tolima,2026-10-08T23:05:00+00:00,46.3146,soccer.asian_handicap,period=ft,away,handicap=-0.5,2.2
2026-10-09T00:18:41.123165+02:00,36626420,"Primera A, Clausura",Colombia,Atletico Nacional Medellin,CD Tolima,2026-10-08T23:05:00+00:00,46.3146,soccer.asian_handicap,period=ft,home,handicap=-0.25,1.45
2026-10-09T00:18:41.123165+02:00,36626420,"Primera A, Clausura",Colombia,Atletico Nacional Medellin,CD Tolima,2026-10-08T23:05:00+00:00,46.3146,soccer.asian_handicap,period=ft,away,handicap=-0.25,2.75
2026-10-09T00:18:41.123165+02:00,36626420,"Primera A, Clausura",Colombia,Atletico Nacional Medellin,CD Tolima,2026-10-08T23:05:00+00:00,46.3146,soccer.asian_handicap,period=ft,home,handicap=0,1.25
2026-10-09T00:18:41.123165+02:00,36626420,"Primera A, Clausura",Colombia,Atletico Nacional Medellin,CD Tolima,2026-10-08T23:05:00+00:00,46.3146,soccer.asian_handicap,period=ft,away,handicap=0,3.9
2026-10-09T00:18:41.123165+02:00,36626420,"Primera A, Clausura",Colombia,Atletico Nacional Medellin,CD Tolima,2026-10-08T23:05:00+00:00,46.3146,soccer.asian_handicap,period=ft,home,handicap=0.25,1.2
2026-10-09T00:18:41.123165+02:00,36626420,"Primera A, Clausura",Colombia,Atletico Nacional Medellin,CD Tolima,2026-10-08T23:05:00+00:00,46.3146,soccer.asian_handicap,period=ft,away,handicap=0.25,4.45
2026-10-09T00:18:41.123165+02:00,36626420,"Primera A, Clausura",Colombia,Atletico Nacional Medellin,CD Tolima,2026-10-08T23:05:00+00:00,46.3146,soccer.double_chance,period=ft,draw_away,,2.08
2026-10-09T00:18:41.123165+02:00,36626420,"Primera A, Clausura",Colombia,Atletico Nacional Medellin,CD Tolima,2026-10-08T23:05:00+00:00,46.3146,soccer.double_chance,period=ft,home_away,,1.28
2026-10-09T00:18:41.123165+02:00,36626420,"Primera A, Clausura",Colombia,Atletico Nacional Medellin,CD Tolima,2026-10-08T23:05:00+00:00,46.3146,soccer.double_chance,period=ft,home_draw,,1.2
2026-10-09T00:18:41.123165+02:00,36626420,"Primera A, Clausura",Colombia,Atletico Nacional Medellin,CD Tolima,2026-10-08T23:05:00+00:00,46.3146,soccer.match_odds,period=ft,home,,1.65
2026-10-09T00:18:41.123165+02:00,36626420,"Primera A, Clausura",Colombia,Atletico Nacional Medellin,CD Tolima,2026-10-08T23:05:00+00:00,46.3146,soccer.match_odds,period=ft,draw,,3.8
2026-10-09T00:18:41.123165+02:00,36626420,"Primera A, Clausura",Colombia,Atletico Nacional Medellin,CD Tolima,2026-10-08T23:05:00+00:00,46.3146,soccer.match_odds,period=ft,away,,5.1
2026-10-09T00:18:41.123165+02:00,36626420,"Primera A, Clausura",Colombia,Atletico Nacional Medellin,CD Tolima,2026-10-08T23:05:00+00:00,46.3146,soccer.total_goals,period=ft,over,total=2.5,1.83
2026-10-09T00:18:41.123165+02:00,36626420,"Primera A, Clausura",Colombia,Atletico Nacional Medellin,CD Tolima,2026-10-08T23:05:00+00:00,46.3146,soccer.total_goals,period=ft,under,total=2.5,1.98
2026-10-09T00:18:41.123165+02:00,36626420,"Primera A, Clausura",Colombia,Atletico Nacional Medellin,CD Tolima,2026-10-08T23:05:00+00:00,46.3146,soccer.total_goals,period=ft,over,total=1.5,1.25
2026-10-09T00:18:41.123165+02:00,36626420,"Primera A, Clausura",Colombia,Atletico Nacional Medellin,CD Tolima,2026-10-08T23:05:00+00:00,46.3146,soccer.total_goals,period=ft,under,total=1.5,3.75
2026-10-09T00:18:41.123165+02:00,36626420,"Primera A, Clausura",Colombia,Atletico Nacional Medellin,CD Tolima,2026-10-08T23:05:00+00:00,46.3146,soccer.total_goals,period=ft,over,total=2,1.39
2026-10-09T00:18:41.123165+02:00,36626420,"Primera A, Clausura",Colombia,Atletico Nacional Medellin,CD Tolima,2026-10-08T23:05:00+00:00,46.3146,soccer.total_goals,period=ft,under,total=2,2.9
2026-10-09T00:18:41.123165+02:00,36626420,"Primera A, Clausura",Colombia,Atletico Nacional Medellin,CD Tolima,2026-10-08T23:05:00+00:00,46.3146,soccer.total_goals,period=ft,over,total=2.25,1.61
2026-10-09T00:18:41.123165+02:00,36626420,"Primera A, Clausura",Colombia,Atletico Nacional Medellin,CD Tolima,2026-10-08T23:05:00+00:00,46.3146,soccer.total_goals,period=ft,under,total=2.25,2.3
2026-10-09T00:18:41.123165+02:00,36626420,"Primera A, Clausura",Colombia,Atletico Nacional Medellin,CD Tolima,2026-10-08T23:05:00+00:00,46.3146,soccer.total_goals,period=ft,over,total=2.75,2.05
2026-10-09T00:18:41.123165+02:00,36626420,"Primera A, Clausura",Colombia,Atletico Nacional Medellin,CD Tolima,2026-10-08T23:05:00+00:00,46.3146,soccer.total_goals,period=ft,under,total=2.75,1.75
2026-10-09T00:18:41.123165+02:00,36626420,"Primera A, Clausura",Colombia,Atletico Nacional Medellin,CD Tolima,2026-10-08T23:05:00+00:00,46.3146,soccer.total_goals,period=ft,over,total=3,2.45
2026-10-09T00:18:41.123165+02:00,36626420,"Primera A, Clausura",Colombia,Atletico Nacional Medellin,CD Tolima,2026-10-08T23:05:00+00:00,46.3146,soccer.total_goals,period=ft,under,total=3,1.54
2026-10-09T00:18:41.123165+02:00,36626420,"Primera A, Clausura",Colombia,Atletico Nacional Medellin,CD Tolima,2026-10-08T23:05:00+00:00,46.3146,soccer.total_goals,period=ft,over,total=3.5,3.05
2026-10-09T00:18:41.123165+02:00,36626420,"Primera A, Clausura",Colombia,Atletico Nacional Medellin,CD Tolima,2026-10-08T23:05:00+00:00,46.3146,soccer.total_goals,period=ft,under,total=3.5,1.35
2026-10-09T00:18:41.123165+02:00,36626420,"Primera A, Clausura",Colombia,Atletico Nacional Medellin,CD Tolima,2026-10-08T23:05:00+00:00,46.3146,soccer.total_goals,period=ft,over,total=4.5,6.1
2026-10-09T00:18:41.123165+02:00,36626420,"Primera A, Clausura",Colombia,Atletico Nacional Medellin,CD Tolima,2026-10-08T23:05:00+00:00,46.3146,soccer.total_goals,period=ft,under,total=4.5,1.11
2026-10-09T00:20:58.359261+02:00,36698652,Brazil Campeonato Paraibano (PB) Division 2,Brazil,AD Guarabira,Auto EC (PB),2026-10-08T22:30:00+00:00,9.0273,soccer.asian_handicap,period=ft,home,handicap=0.25,1.76
2026-10-09T00:20:58.359261+02:00,36698652,Brazil Campeonato Paraibano (PB) Division 2,Brazil,AD Guarabira,Auto EC (PB),2026-10-08T22:30:00+00:00,9.0273,soccer.asian_handicap,period=ft,away,handicap=0.25,1.95
2026-10-09T00:20:58.359261+02:00,36698652,Brazil Campeonato Paraibano (PB) Division 2,Brazil,AD Guarabira,Auto EC (PB),2026-10-08T22:30:00+00:00,9.0273,soccer.asian_handicap,period=ft,home,handicap=-0.5,2.8
2026-10-09T00:20:58.359261+02:00,36698652,Brazil Campeonato Paraibano (PB) Division 2,Brazil,AD Guarabira,Auto EC (PB),2026-10-08T22:30:00+00:00,9.0273,soccer.asian_handicap,period=ft,away,handicap=-0.5,1.33
2026-10-09T00:20:58.359261+02:00,36698652,Brazil Campeonato Paraibano (PB) Division 2,Brazil,AD Guarabira,Auto EC (PB),2026-10-08T22:30:00+00:00,9.0273,soccer.asian_handicap,period=ft,home,handicap=-0.25,2.45
2026-10-09T00:20:58.359261+02:00,36698652,Brazil Campeonato Paraibano (PB) Division 2,Brazil,AD Guarabira,Auto EC (PB),2026-10-08T22:30:00+00:00,9.0273,soccer.asian_handicap,period=ft,away,handicap=-0.25,1.44
2026-10-09T00:20:58.359261+02:00,36698652,Brazil Campeonato Paraibano (PB) Division 2,Brazil,AD Guarabira,Auto EC (PB),2026-10-08T22:30:00+00:00,9.0273,soccer.asian_handicap,period=ft,home,handicap=0,2.1
2026-10-09T00:20:58.359261+02:00,36698652,Brazil Campeonato Paraibano (PB) Division 2,Brazil,AD Guarabira,Auto EC (PB),2026-10-08T22:30:00+00:00,9.0273,soccer.asian_handicap,period=ft,away,handicap=0,1.62
2026-10-09T00:20:58.359261+02:00,36698652,Brazil Campeonato Paraibano (PB) Division 2,Brazil,AD Guarabira,Auto EC (PB),2026-10-08T22:30:00+00:00,9.0273,soccer.asian_handicap,period=ft,home,handicap=0.5,1.55
2026-10-09T00:20:58.359261+02:00,36698652,Brazil Campeonato Paraibano (PB) Division 2,Brazil,AD Guarabira,Auto EC (PB),2026-10-08T22:30:00+00:00,9.0273,soccer.asian_handicap,period=ft,away,handicap=0.5,2.2
2026-10-09T00:20:58.359261+02:00,36698652,Brazil Campeonato Paraibano (PB) Division 2,Brazil,AD Guarabira,Auto EC (PB),2026-10-08T22:30:00+00:00,9.0273,soccer.asian_handicap,period=ft,home,handicap=0.75,1.39
2026-10-09T00:20:58.359261+02:00,36698652,Brazil Campeonato Paraibano (PB) Division 2,Brazil,AD Guarabira,Auto EC (PB),2026-10-08T22:30:00+00:00,9.0273,soccer.asian_handicap,period=ft,away,handicap=0.75,2.6
2026-10-09T00:20:58.359261+02:00,36698652,Brazil Campeonato Paraibano (PB) Division 2,Brazil,AD Guarabira,Auto EC (PB),2026-10-08T22:30:00+00:00,9.0273,soccer.asian_handicap,period=ft,home,handicap=1,1.23
2026-10-09T00:20:58.359261+02:00,36698652,Brazil Campeonato Paraibano (PB) Division 2,Brazil,AD Guarabira,Auto EC (PB),2026-10-08T22:30:00+00:00,9.0273,soccer.asian_handicap,period=ft,away,handicap=1,3.4
2026-10-09T00:20:58.359261+02:00,36698652,Brazil Campeonato Paraibano (PB) Division 2,Brazil,AD Guarabira,Auto EC (PB),2026-10-08T22:30:00+00:00,9.0273,soccer.total_goals,period=ft,over,total=2.5,1.91
2026-10-09T00:20:58.359261+02:00,36698652,Brazil Campeonato Paraibano (PB) Division 2,Brazil,AD Guarabira,Auto EC (PB),2026-10-08T22:30:00+00:00,9.0273,soccer.total_goals,period=ft,under,total=2.5,1.79
2026-10-09T00:20:58.359261+02:00,36698652,Brazil Campeonato Paraibano (PB) Division 2,Brazil,AD Guarabira,Auto EC (PB),2026-10-08T22:30:00+00:00,9.0273,soccer.total_goals,period=ft,over,total=1.75,1.32
2026-10-09T00:20:58.359261+02:00,36698652,Brazil Campeonato Paraibano (PB) Division 2,Brazil,AD Guarabira,Auto EC (PB),2026-10-08T22:30:00+00:00,9.0273,soccer.total_goals,period=ft,under,total=1.75,2.9
2026-10-09T00:20:58.359261+02:00,36698652,Brazil Campeonato Paraibano (PB) Division 2,Brazil,AD Guarabira,Auto EC (PB),2026-10-08T22:30:00+00:00,9.0273,soccer.total_goals,period=ft,over,total=2,1.42
2026-10-09T00:20:58.359261+02:00,36698652,Brazil Campeonato Paraibano (PB) Division 2,Brazil,AD Guarabira,Auto EC (PB),2026-10-08T22:30:00+00:00,9.0273,soccer.total_goals,period=ft,under,total=2,2.5
2026-10-09T00:20:58.359261+02:00,36698652,Brazil Campeonato Paraibano (PB) Division 2,Brazil,AD Guarabira,Auto EC (PB),2026-10-08T22:30:00+00:00,9.0273,soccer.total_goals,period=ft,over,total=2.25,1.66
2026-10-09T00:20:58.359261+02:00,36698652,Brazil Campeonato Paraibano (PB) Division 2,Brazil,AD Guarabira,Auto EC (PB),2026-10-08T22:30:00+00:00,9.0273,soccer.total_goals,period=ft,under,total=2.25,2.04
2026-10-09T00:20:58.359261+02:00,36698652,Brazil Campeonato Paraibano (PB) Division 2,Brazil,AD Guarabira,Auto EC (PB),2026-10-08T22:30:00+00:00,9.0273,soccer.total_goals,period=ft,over,total=2.75,2.15
2026-10-09T00:20:58.359261+02:00,36698652,Brazil Campeonato Paraibano (PB) Division 2,Brazil,AD Guarabira,Auto EC (PB),2026-10-08T22:30:00+00:00,9.0273,soccer.total_goals,period=ft,under,total=2.75,1.6
2026-10-09T00:20:58.359261+02:00,36698652,Brazil Campeonato Paraibano (PB) Division 2,Brazil,AD Guarabira,Auto EC (PB),2026-10-08T22:30:00+00:00,9.0273,soccer.total_goals,period=ft,over,total=3,2.55
2026-10-09T00:20:58.359261+02:00,36698652,Brazil Campeonato Paraibano (PB) Division 2,Brazil,AD Guarabira,Auto EC (PB),2026-10-08T22:30:00+00:00,9.0273,soccer.total_goals,period=ft,under,total=3,1.41
2026-10-09T00:20:58.359261+02:00,36698652,Brazil Campeonato Paraibano (PB) Division 2,Brazil,AD Guarabira,Auto EC (PB),2026-10-08T22:30:00+00:00,9.0273,soccer.total_goals,period=ft,over,total=3.25,2.85
2026-10-09T00:20:58.359261+02:00,36698652,Brazil Campeonato Paraibano (PB) Division 2,Brazil,AD Guarabira,Auto EC (PB),2026-10-08T22:30:00+00:00,9.0273,soccer.total_goals,period=ft,under,total=3.25,1.33
2026-10-09T00:20:58.359261+02:00,36626420,"Primera A, Clausura",Colombia,Atletico Nacional Medellin,CD Tolima,2026-10-08T23:05:00+00:00,44.0273,soccer.asian_handicap,period=ft,home,handicap=-0.75,1.85
2026-10-09T00:20:58.359261+02:00,36626420,"Primera A, Clausura",Colombia,Atletico Nacional Medellin,CD Tolima,2026-10-08T23:05:00+00:00,44.0273,soccer.asian_handicap,period=ft,away,handicap=-0.75,1.99
2026-10-09T00:20:58.359261+02:00,36626420,"Primera A, Clausura",Colombia,Atletico Nacional Medellin,CD Tolima,2026-10-08T23:05:00+00:00,44.0273,soccer.asian_handicap,period=ft,home,handicap=-1.75,3.45
2026-10-09T00:20:58.359261+02:00,36626420,"Primera A, Clausura",Colombia,Atletico Nacional Medellin,CD Tolima,2026-10-08T23:05:00+00:00,44.0273,soccer.asian_handicap,period=ft,away,handicap=-1.75,1.3
2026-10-09T00:20:58.359261+02:00,36626420,"Primera A, Clausura",Colombia,Atletico Nacional Medellin,CD Tolima,2026-10-08T23:05:00+00:00,44.0273,soccer.asian_handicap,period=ft,home,handicap=-1.5,2.8
2026-10-09T00:20:58.359261+02:00,36626420,"Primera A, Clausura",Colombia,Atletico Nacional Medellin,CD Tolima,2026-10-08T23:05:00+00:00,44.0273,soccer.asian_handicap,period=ft,away,handicap=-1.5,1.42
2026-10-09T00:20:58.359261+02:00,36626420,"Primera A, Clausura",Colombia,Atletico Nacional Medellin,CD Tolima,2026-10-08T23:05:00+00:00,44.0273,soccer.asian_handicap,period=ft,home,handicap=-1.25,2.45
2026-10-09T00:20:58.359261+02:00,36626420,"Primera A, Clausura",Colombia,Atletico Nacional Medellin,CD Tolima,2026-10-08T23:05:00+00:00,44.0273,soccer.asian_handicap,period=ft,away,handicap=-1.25,1.53
2026-10-09T00:20:58.359261+02:00,36626420,"Primera A, Clausura",Colombia,Atletico Nacional Medellin,CD Tolima,2026-10-08T23:05:00+00:00,44.0273,soccer.asian_handicap,period=ft,home,handicap=-1,2.15
2026-10-09T00:20:58.359261+02:00,36626420,"Primera A, Clausura",Colombia,Atletico Nacional Medellin,CD Tolima,2026-10-08T23:05:00+00:00,44.0273,soccer.asian_handicap,period=ft,away,handicap=-1,1.7
2026-10-09T00:20:58.359261+02:00,36626420,"Primera A, Clausura",Colombia,Atletico Nacional Medellin,CD Tolima,2026-10-08T23:05:00+00:00,44.0273,soccer.asian_handicap,period=ft,home,handicap=-0.5,1.65
2026-10-09T00:20:58.359261+02:00,36626420,"Primera A, Clausura",Colombia,Atletico Nacional Medellin,CD Tolima,2026-10-08T23:05:00+00:00,44.0273,soccer.asian_handicap,period=ft,away,handicap=-0.5,2.2
2026-10-09T00:20:58.359261+02:00,36626420,"Primera A, Clausura",Colombia,Atletico Nacional Medellin,CD Tolima,2026-10-08T23:05:00+00:00,44.0273,soccer.asian_handicap,period=ft,home,handicap=-0.25,1.45
2026-10-09T00:20:58.359261+02:00,36626420,"Primera A, Clausura",Colombia,Atletico Nacional Medellin,CD Tolima,2026-10-08T23:05:00+00:00,44.0273,soccer.asian_handicap,period=ft,away,handicap=-0.25,2.75
2026-10-09T00:20:58.359261+02:00,36626420,"Primera A, Clausura",Colombia,Atletico Nacional Medellin,CD Tolima,2026-10-08T23:05:00+00:00,44.0273,soccer.asian_handicap,period=ft,home,handicap=0,1.25
2026-10-09T00:20:58.359261+02:00,36626420,"Primera A, Clausura",Colombia,Atletico Nacional Medellin,CD Tolima,2026-10-08T23:05:00+00:00,44.0273,soccer.asian_handicap,period=ft,away,handicap=0,3.9
2026-10-09T00:20:58.359261+02:00,36626420,"Primera A, Clausura",Colombia,Atletico Nacional Medellin,CD Tolima,2026-10-08T23:05:00+00:00,44.0273,soccer.asian_handicap,period=ft,home,handicap=0.25,1.2
2026-10-09T00:20:58.359261+02:00,36626420,"Primera A, Clausura",Colombia,Atletico Nacional Medellin,CD Tolima,2026-10-08T23:05:00+00:00,44.0273,soccer.asian_handicap,period=ft,away,handicap=0.25,4.45
2026-10-09T00:20:58.359261+02:00,36626420,"Primera A, Clausura",Colombia,Atletico Nacional Medellin,CD Tolima,2026-10-08T23:05:00+00:00,44.0273,soccer.double_chance,period=ft,draw_away,,2.08
2026-10-09T00:20:58.359261+02:00,36626420,"Primera A, Clausura",Colombia,Atletico Nacional Medellin,CD Tolima,2026-10-08T23:05:00+00:00,44.0273,soccer.double_chance,period=ft,home_away,,1.28
2026-10-09T00:20:58.359261+02:00,36626420,"Primera A, Clausura",Colombia,Atletico Nacional Medellin,CD Tolima,2026-10-08T23:05:00+00:00,44.0273,soccer.double_chance,period=ft,home_draw,,1.2
2026-10-09T00:20:58.359261+02:00,36626420,"Primera A, Clausura",Colombia,Atletico Nacional Medellin,CD Tolima,2026-10-08T23:05:00+00:00,44.0273,soccer.match_odds,period=ft,home,,1.65
2026-10-09T00:20:58.359261+02:00,36626420,"Primera A, Clausura",Colombia,Atletico Nacional Medellin,CD Tolima,2026-10-08T23:05:00+00:00,44.0273,soccer.match_odds,period=ft,draw,,3.8
2026-10-09T00:20:58.359261+02:00,36626420,"Primera A, Clausura",Colombia,Atletico Nacional Medellin,CD Tolima,2026-10-08T23:05:00+00:00,44.0273,soccer.match_odds,period=ft,away,,5.1
2026-10-09T00:20:58.359261+02:00,36626420,"Primera A, Clausura",Colombia,Atletico Nacional Medellin,CD Tolima,2026-10-08T23:05:00+00:00,44.0273,soccer.total_goals,period=ft,over,total=2.5,1.83
2026-10-09T00:20:58.359261+02:00,36626420,"Primera A, Clausura",Colombia,Atletico Nacional Medellin,CD Tolima,2026-10-08T23:05:00+00:00,44.0273,soccer.total_goals,period=ft,under,total=2.5,1.98
2026-10-09T00:20:58.359261+02:00,36626420,"Primera A, Clausura",Colombia,Atletico Nacional Medellin,CD Tolima,2026-10-08T23:05:00+00:00,44.0273,soccer.total_goals,period=ft,over,total=1.5,1.25
2026-10-09T00:20:58.359261+02:00,36626420,"Primera A, Clausura",Colombia,Atletico Nacional Medellin,CD Tolima,2026-10-08T23:05:00+00:00,44.0273,soccer.total_goals,period=ft,under,total=1.5,3.75
2026-10-09T00:20:58.359261+02:00,36626420,"Primera A, Clausura",Colombia,Atletico Nacional Medellin,CD Tolima,2026-10-08T23:05:00+00:00,44.0273,soccer.total_goals,period=ft,over,total=2,1.39
2026-10-09T00:20:58.359261+02:00,36626420,"Primera A, Clausura",Colombia,Atletico Nacional Medellin,CD Tolima,2026-10-08T23:05:00+00:00,44.0273,soccer.total_goals,period=ft,under,total=2,2.9
2026-10-09T00:20:58.359261+02:00,36626420,"Primera A, Clausura",Colombia,Atletico Nacional Medellin,CD Tolima,2026-10-08T23:05:00+00:00,44.0273,soccer.total_goals,period=ft,over,total=2.25,1.61
2026-10-09T00:20:58.359261+02:00,36626420,"Primera A, Clausura",Colombia,Atletico Nacional Medellin,CD Tolima,2026-10-08T23:05:00+00:00,44.0273,soccer.total_goals,period=ft,under,total=2.25,2.3
2026-10-09T00:20:58.359261+02:00,36626420,"Primera A, Clausura",Colombia,Atletico Nacional Medellin,CD Tolima,2026-10-08T23:05:00+00:00,44.0273,soccer.total_goals,period=ft,over,total=2.75,2.05
2026-10-09T00:20:58.359261+02:00,36626420,"Primera A, Clausura",Colombia,Atletico Nacional Medellin,CD Tolima,2026-10-08T23:05:00+00:00,44.0273,soccer.total_goals,period=ft,under,total=2.75,1.75
2026-10-09T00:20:58.359261+02:00,36626420,"Primera A, Clausura",Colombia,Atletico Nacional Medellin,CD Tolima,2026-10-08T23:05:00+00:00,44.0273,soccer.total_goals,period=ft,over,total=3,2.45
2026-10-09T00:20:58.359261+02:00,36626420,"Primera A, Clausura",Colombia,Atletico Nacional Medellin,CD Tolima,2026-10-08T23:05:00+00:00,44.0273,soccer.total_goals,period=ft,under,total=3,1.54
2026-10-09T00:20:58.359261+02:00,36626420,"Primera A, Clausura",Colombia,Atletico Nacional Medellin,CD Tolima,2026-10-08T23:05:00+00:00,44.0273,soccer.total_goals,period=ft,over,total=3.5,3.05
2026-10-09T00:20:58.359261+02:00,36626420,"Primera A, Clausura",Colombia,Atletico Nacional Medellin,CD Tolima,2026-10-08T23:05:00+00:00,44.0273,soccer.total_goals,period=ft,under,total=3.5,1.35
2026-10-09T00:20:58.359261+02:00,36626420,"Primera A, Clausura",Colombia,Atletico Nacional Medellin,CD Tolima,2026-10-08T23:05:00+00:00,44.0273,soccer.total_goals,period=ft,over,total=4.5,6.1
2026-10-09T00:20:58.359261+02:00,36626420,"Primera A, Clausura",Colombia,Atletico Nacional Medellin,CD Tolima,2026-10-08T23:05:00+00:00,44.0273,soccer.total_goals,period=ft,under,total=4.5,1.11
2026-10-09T00:20:58.359261+02:00,36609426,Brasileiro Serie B,Brazil,Ceara SC CE,Criciuma EC SC,2026-10-08T22:30:00+00:00,9.0273,soccer.asian_handicap,period=ft,home,handicap=0,1.89
2026-10-09T00:20:58.359261+02:00,36609426,Brasileiro Serie B,Brazil,Ceara SC CE,Criciuma EC SC,2026-10-08T22:30:00+00:00,9.0273,soccer.asian_handicap,period=ft,away,handicap=0,1.95
2026-10-09T00:20:58.359261+02:00,36609426,Brasileiro Serie B,Brazil,Ceara SC CE,Criciuma EC SC,2026-10-08T22:30:00+00:00,9.0273,soccer.asian_handicap,period=ft,home,handicap=-1,4.75
2026-10-09T00:20:58.359261+02:00,36609426,Brasileiro Serie B,Brazil,Ceara SC CE,Criciuma EC SC,2026-10-08T22:30:00+00:00,9.0273,soccer.asian_handicap,period=ft,away,handicap=-1,1.18
2026-10-09T00:20:58.359261+02:00,36609426,Brasileiro Serie B,Brazil,Ceara SC CE,Criciuma EC SC,2026-10-08T22:30:00+00:00,9.0273,soccer.asian_handicap,period=ft,home,handicap=-0.75,3.3
2026-10-09T00:20:58.359261+02:00,36609426,Brasileiro Serie B,Brazil,Ceara SC CE,Criciuma EC SC,2026-10-08T22:30:00+00:00,9.0273,soccer.asian_handicap,period=ft,away,handicap=-0.75,1.33
2026-10-09T00:20:58.359261+02:00,36609426,Brasileiro Serie B,Brazil,Ceara SC CE,Criciuma EC SC,2026-10-08T22:30:00+00:00,9.0273,soccer.asian_handicap,period=ft,home,handicap=-0.5,2.65
2026-10-09T00:20:58.359261+02:00,36609426,Brasileiro Serie B,Brazil,Ceara SC CE,Criciuma EC SC,2026-10-08T22:30:00+00:00,9.0273,soccer.asian_handicap,period=ft,away,handicap=-0.5,1.48
2026-10-09T00:20:58.359261+02:00,36609426,Brasileiro Serie B,Brazil,Ceara SC CE,Criciuma EC SC,2026-10-08T22:30:00+00:00,9.0273,soccer.asian_handicap,period=ft,home,handicap=-0.25,2.25
2026-10-09T00:20:58.359261+02:00,36609426,Brasileiro Serie B,Brazil,Ceara SC CE,Criciuma EC SC,2026-10-08T22:30:00+00:00,9.0273,soccer.asian_handicap,period=ft,away,handicap=-0.25,1.64
2026-10-09T00:20:58.359261+02:00,36609426,Brasileiro Serie B,Brazil,Ceara SC CE,Criciuma EC SC,2026-10-08T22:30:00+00:00,9.0273,soccer.asian_handicap,period=ft,home,handicap=0.25,1.61
2026-10-09T00:20:58.359261+02:00,36609426,Brasileiro Serie B,Brazil,Ceara SC CE,Criciuma EC SC,2026-10-08T22:30:00+00:00,9.0273,soccer.asian_handicap,period=ft,away,handicap=0.25,2.3
2026-10-09T00:20:58.359261+02:00,36609426,Brasileiro Serie B,Brazil,Ceara SC CE,Criciuma EC SC,2026-10-08T22:30:00+00:00,9.0273,soccer.asian_handicap,period=ft,home,handicap=0.5,1.46
2026-10-09T00:20:58.359261+02:00,36609426,Brasileiro Serie B,Brazil,Ceara SC CE,Criciuma EC SC,2026-10-08T22:30:00+00:00,9.0273,soccer.asian_handicap,period=ft,away,handicap=0.5,2.7
2026-10-09T00:20:58.359261+02:00,36609426,Brasileiro Serie B,Brazil,Ceara SC CE,Criciuma EC SC,2026-10-08T22:30:00+00:00,9.0273,soccer.asian_handicap,period=ft,home,handicap=0.75,1.31
2026-10-09T00:20:58.359261+02:00,36609426,Brasileiro Serie B,Brazil,Ceara SC CE,Criciuma EC SC,2026-10-08T22:30:00+00:00,9.0273,soccer.asian_handicap,period=ft,away,handicap=0.75,3.4
2026-10-09T00:20:58.359261+02:00,36609426,Brasileiro Serie B,Brazil,Ceara SC CE,Criciuma EC SC,2026-10-08T22:30:00+00:00,9.0273,soccer.asian_handicap,period=ft,home,handicap=1,1.17
2026-10-09T00:20:58.359261+02:00,36609426,Brasileiro Serie B,Brazil,Ceara SC CE,Criciuma EC SC,2026-10-08T22:30:00+00:00,9.0273,soccer.asian_handicap,period=ft,away,handicap=1,5.05
2026-10-09T00:20:58.359261+02:00,36609426,Brasileiro Serie B,Brazil,Ceara SC CE,Criciuma EC SC,2026-10-08T22:30:00+00:00,9.0273,soccer.double_chance,period=ft,draw_away,,1.47
2026-10-09T00:20:58.359261+02:00,36609426,Brasileiro Serie B,Brazil,Ceara SC CE,Criciuma EC SC,2026-10-08T22:30:00+00:00,9.0273,soccer.double_chance,period=ft,home_away,,1.35
2026-10-09T00:20:58.359261+02:00,36609426,Brasileiro Serie B,Brazil,Ceara SC CE,Criciuma EC SC,2026-10-08T22:30:00+00:00,9.0273,soccer.double_chance,period=ft,home_draw,,1.45
2026-10-09T00:20:58.359261+02:00,36609426,Brasileiro Serie B,Brazil,Ceara SC CE,Criciuma EC SC,2026-10-08T22:30:00+00:00,9.0273,soccer.match_odds,period=ft,home,,2.65
2026-10-09T00:20:58.359261+02:00,36609426,Brasileiro Serie B,Brazil,Ceara SC CE,Criciuma EC SC,2026-10-08T22:30:00+00:00,9.0273,soccer.match_odds,period=ft,draw,,3.15
2026-10-09T00:20:58.359261+02:00,36609426,Brasileiro Serie B,Brazil,Ceara SC CE,Criciuma EC SC,2026-10-08T22:30:00+00:00,9.0273,soccer.match_odds,period=ft,away,,2.75
2026-10-09T00:20:58.359261+02:00,36609426,Brasileiro Serie B,Brazil,Ceara SC CE,Criciuma EC SC,2026-10-08T22:30:00+00:00,9.0273,soccer.total_goals,period=ft,over,total=2.25,2.03
2026-10-09T00:20:58.359261+02:00,36609426,Brasileiro Serie B,Brazil,Ceara SC CE,Criciuma EC SC,2026-10-08T22:30:00+00:00,9.0273,soccer.total_goals,period=ft,under,total=2.25,1.8
2026-10-09T00:20:58.359261+02:00,36609426,Brasileiro Serie B,Brazil,Ceara SC CE,Criciuma EC SC,2026-10-08T22:30:00+00:00,9.0273,soccer.total_goals,period=ft,over,total=1.5,1.4
2026-10-09T00:20:58.359261+02:00,36609426,Brasileiro Serie B,Brazil,Ceara SC CE,Criciuma EC SC,2026-10-08T22:30:00+00:00,9.0273,soccer.total_goals,period=ft,under,total=1.5,2.9
2026-10-09T00:20:58.359261+02:00,36609426,Brasileiro Serie B,Brazil,Ceara SC CE,Criciuma EC SC,2026-10-08T22:30:00+00:00,9.0273,soccer.total_goals,period=ft,over,total=1.75,1.52
2026-10-09T00:20:58.359261+02:00,36609426,Brasileiro Serie B,Brazil,Ceara SC CE,Criciuma EC SC,2026-10-08T22:30:00+00:00,9.0273,soccer.total_goals,period=ft,under,total=1.75,2.5
2026-10-09T00:20:58.359261+02:00,36609426,Brasileiro Serie B,Brazil,Ceara SC CE,Criciuma EC SC,2026-10-08T22:30:00+00:00,9.0273,soccer.total_goals,period=ft,over,total=2,1.71
2026-10-09T00:20:58.359261+02:00,36609426,Brasileiro Serie B,Brazil,Ceara SC CE,Criciuma EC SC,2026-10-08T22:30:00+00:00,9.0273,soccer.total_goals,period=ft,under,total=2,2.14
2026-10-09T00:20:58.359261+02:00,36609426,Brasileiro Serie B,Brazil,Ceara SC CE,Criciuma EC SC,2026-10-08T22:30:00+00:00,9.0273,soccer.total_goals,period=ft,over,total=2.5,2.3
2026-10-09T00:20:58.359261+02:00,36609426,Brasileiro Serie B,Brazil,Ceara SC CE,Criciuma EC SC,2026-10-08T22:30:00+00:00,9.0273,soccer.total_goals,period=ft,under,total=2.5,1.6
2026-10-09T00:20:58.359261+02:00,36609426,Brasileiro Serie B,Brazil,Ceara SC CE,Criciuma EC SC,2026-10-08T22:30:00+00:00,9.0273,soccer.total_goals,period=ft,over,total=2.75,2.75
2026-10-09T00:20:58.359261+02:00,36609426,Brasileiro Serie B,Brazil,Ceara SC CE,Criciuma EC SC,2026-10-08T22:30:00+00:00,9.0273,soccer.total_goals,period=ft,under,total=2.75,1.44
2026-10-09T00:20:58.359261+02:00,36609426,Brasileiro Serie B,Brazil,Ceara SC CE,Criciuma EC SC,2026-10-08T22:30:00+00:00,9.0273,soccer.total_goals,period=ft,over,total=3.5,4.4
2026-10-09T00:20:58.359261+02:00,36609426,Brasileiro Serie B,Brazil,Ceara SC CE,Criciuma EC SC,2026-10-08T22:30:00+00:00,9.0273,soccer.total_goals,period=ft,under,total=3.5,1.2
2026-10-09T00:20:58.359261+02:00,36609429,Brasileiro Serie B,Brazil,Nautico PE,Gremio Novorizontino SP,2026-10-08T22:30:00+00:00,9.0273,soccer.asian_handicap,period=ft,home,handicap=0.75,1.85
2026-10-09T00:20:58.359261+02:00,36609429,Brasileiro Serie B,Brazil,Nautico PE,Gremio Novorizontino SP,2026-10-08T22:30:00+00:00,9.0273,soccer.asian_handicap,period=ft,away,handicap=0.75,2.0
2026-10-09T00:20:58.359261+02:00,36609429,Brasileiro Serie B,Brazil,Nautico PE,Gremio Novorizontino SP,2026-10-08T22:30:00+00:00,9.0273,soccer.asian_handicap,period=ft,home,handicap=-0.25,3.75
2026-10-09T00:20:58.359261+02:00,36609429,Brasileiro Serie B,Brazil,Nautico PE,Gremio Novorizontino SP,2026-10-08T22:30:00+00:00,9.0273,soccer.asian_handicap,period=ft,away,handicap=-0.25,1.27
2026-10-09T00:20:58.359261+02:00,36609429,Brasileiro Serie B,Brazil,Nautico PE,Gremio Novorizontino SP,2026-10-08T22:30:00+00:00,9.0273,soccer.asian_handicap,period=ft,home,handicap=0,3.25
2026-10-09T00:20:58.359261+02:00,36609429,Brasileiro Serie B,Brazil,Nautico PE,Gremio Novorizontino SP,2026-10-08T22:30:00+00:00,9.0273,soccer.asian_handicap,period=ft,away,handicap=0,1.34
2026-10-09T00:20:58.359261+02:00,36609429,Brasileiro Serie B,Brazil,Nautico PE,Gremio Novorizontino SP,2026-10-08T22:30:00+00:00,9.0273,soccer.asian_handicap,period=ft,home,handicap=0.25,2.45
2026-10-09T00:20:58.359261+02:00,36609429,Brasileiro Serie B,Brazil,Nautico PE,Gremio Novorizontino SP,2026-10-08T22:30:00+00:00,9.0273,soccer.asian_handicap,period=ft,away,handicap=0.25,1.55
2026-10-09T00:20:58.359261+02:00,36609429,Brasileiro Serie B,Brazil,Nautico PE,Gremio Novorizontino SP,2026-10-08T22:30:00+00:00,9.0273,soccer.asian_handicap,period=ft,home,handicap=0.5,2.08
2026-10-09T00:20:58.359261+02:00,36609429,Brasileiro Serie B,Brazil,Nautico PE,Gremio Novorizontino SP,2026-10-08T22:30:00+00:00,9.0273,soccer.asian_handicap,period=ft,away,handicap=0.5,1.76
2026-10-09T00:20:58.359261+02:00,36609429,Brasileiro Serie B,Brazil,Nautico PE,Gremio Novorizontino SP,2026-10-08T22:30:00+00:00,9.0273,soccer.asian_handicap,period=ft,home,handicap=1,1.6
2026-10-09T00:20:58.359261+02:00,36609429,Brasileiro Serie B,Brazil,Nautico PE,Gremio Novorizontino SP,2026-10-08T22:30:00+00:00,9.0273,soccer.asian_handicap,period=ft,away,handicap=1,2.35
2026-10-09T00:20:58.359261+02:00,36609429,Brasileiro Serie B,Brazil,Nautico PE,Gremio Novorizontino SP,2026-10-08T22:30:00+00:00,9.0273,soccer.asian_handicap,period=ft,home,handicap=1.25,1.47
2026-10-09T00:20:58.359261+02:00,36609429,Brasileiro Serie B,Brazil,Nautico PE,Gremio Novorizontino SP,2026-10-08T22:30:00+00:00,9.0273,soccer.asian_handicap,period=ft,away,handicap=1.25,2.7
2026-10-09T00:20:58.359261+02:00,36609429,Brasileiro Serie B,Brazil,Nautico PE,Gremio Novorizontino SP,2026-10-08T22:30:00+00:00,9.0273,soccer.asian_handicap,period=ft,home,handicap=1.5,1.38
2026-10-09T00:20:58.359261+02:00,36609429,Brasileiro Serie B,Brazil,Nautico PE,Gremio Novorizontino SP,2026-10-08T22:30:00+00:00,9.0273,soccer.asian_handicap,period=ft,away,handicap=1.5,3.0
2026-10-09T00:20:58.359261+02:00,36609429,Brasileiro Serie B,Brazil,Nautico PE,Gremio Novorizontino SP,2026-10-08T22:30:00+00:00,9.0273,soccer.asian_handicap,period=ft,home,handicap=1.75,1.26
2026-10-09T00:20:58.359261+02:00,36609429,Brasileiro Serie B,Brazil,Nautico PE,Gremio Novorizontino SP,2026-10-08T22:30:00+00:00,9.0273,soccer.asian_handicap,period=ft,away,handicap=1.75,3.8
2026-10-09T00:20:58.359261+02:00,36609429,Brasileiro Serie B,Brazil,Nautico PE,Gremio Novorizontino SP,2026-10-08T22:30:00+00:00,9.0273,soccer.double_chance,period=ft,draw_away,,1.22
2026-10-09T00:20:58.359261+02:00,36609429,Brasileiro Serie B,Brazil,Nautico PE,Gremio Novorizontino SP,2026-10-08T22:30:00+00:00,9.0273,soccer.double_chance,period=ft,home_away,,1.25
2026-10-09T00:20:58.359261+02:00,36609429,Brasileiro Serie B,Brazil,Nautico PE,Gremio Novorizontino SP,2026-10-08T22:30:00+00:00,9.0273,soccer.double_chance,period=ft,home_draw,,2.06
2026-10-09T00:20:58.359261+02:00,36609429,Brasileiro Serie B,Brazil,Nautico PE,Gremio Novorizontino SP,2026-10-08T22:30:00+00:00,9.0273,soccer.match_odds,period=ft,home,,4.25
2026-10-09T00:20:58.359261+02:00,36609429,Brasileiro Serie B,Brazil,Nautico PE,Gremio Novorizontino SP,2026-10-08T22:30:00+00:00,9.0273,soccer.match_odds,period=ft,draw,,3.9
2026-10-09T00:20:58.359261+02:00,36609429,Brasileiro Serie B,Brazil,Nautico PE,Gremio Novorizontino SP,2026-10-08T22:30:00+00:00,9.0273,soccer.match_odds,period=ft,away,,1.76
2026-10-09T00:20:58.359261+02:00,36609429,Brasileiro Serie B,Brazil,Nautico PE,Gremio Novorizontino SP,2026-10-08T22:30:00+00:00,9.0273,soccer.total_goals,period=ft,over,total=2.75,2.0
2026-10-09T00:20:58.359261+02:00,36609429,Brasileiro Serie B,Brazil,Nautico PE,Gremio Novorizontino SP,2026-10-08T22:30:00+00:00,9.0273,soccer.total_goals,period=ft,under,total=2.75,1.84
2026-10-09T00:20:58.359261+02:00,36609429,Brasileiro Serie B,Brazil,Nautico PE,Gremio Novorizontino SP,2026-10-08T22:30:00+00:00,9.0273,soccer.total_goals,period=ft,over,total=1.5,1.23
2026-10-09T00:20:58.359261+02:00,36609429,Brasileiro Serie B,Brazil,Nautico PE,Gremio Novorizontino SP,2026-10-08T22:30:00+00:00,9.0273,soccer.total_goals,period=ft,under,total=1.5,4.0
2026-10-09T00:20:58.359261+02:00,36609429,Brasileiro Serie B,Brazil,Nautico PE,Gremio Novorizontino SP,2026-10-08T22:30:00+00:00,9.0273,soccer.total_goals,period=ft,over,total=2.25,1.56
2026-10-09T00:20:58.359261+02:00,36609429,Brasileiro Serie B,Brazil,Nautico PE,Gremio Novorizontino SP,2026-10-08T22:30:00+00:00,9.0273,soccer.total_goals,period=ft,under,total=2.25,2.4
2026-10-09T00:20:58.359261+02:00,36609429,Brasileiro Serie B,Brazil,Nautico PE,Gremio Novorizontino SP,2026-10-08T22:30:00+00:00,9.0273,soccer.total_goals,period=ft,over,total=2.5,1.78
2026-10-09T00:20:58.359261+02:00,36609429,Brasileiro Serie B,Brazil,Nautico PE,Gremio Novorizontino SP,2026-10-08T22:30:00+00:00,9.0273,soccer.total_goals,period=ft,under,total=2.5,2.04
2026-10-09T00:20:58.359261+02:00,36609429,Brasileiro Serie B,Brazil,Nautico PE,Gremio Novorizontino SP,2026-10-08T22:30:00+00:00,9.0273,soccer.total_goals,period=ft,over,total=3,2.3
2026-10-09T00:20:58.359261+02:00,36609429,Brasileiro Serie B,Brazil,Nautico PE,Gremio Novorizontino SP,2026-10-08T22:30:00+00:00,9.0273,soccer.total_goals,period=ft,under,total=3,1.61
2026-10-09T00:20:58.359261+02:00,36609429,Brasileiro Serie B,Brazil,Nautico PE,Gremio Novorizontino SP,2026-10-08T22:30:00+00:00,9.0273,soccer.total_goals,period=ft,over,total=3.25,2.6
2026-10-09T00:20:58.359261+02:00,36609429,Brasileiro Serie B,Brazil,Nautico PE,Gremio Novorizontino SP,2026-10-08T22:30:00+00:00,9.0273,soccer.total_goals,period=ft,under,total=3.25,1.48
2026-10-09T00:20:58.359261+02:00,36609429,Brasileiro Serie B,Brazil,Nautico PE,Gremio Novorizontino SP,2026-10-08T22:30:00+00:00,9.0273,soccer.total_goals,period=ft,over,total=3.5,2.9
2026-10-09T00:20:58.359261+02:00,36609429,Brasileiro Serie B,Brazil,Nautico PE,Gremio Novorizontino SP,2026-10-08T22:30:00+00:00,9.0273,soccer.total_goals,period=ft,under,total=3.5,1.39
2026-10-09T00:20:58.359261+02:00,36609429,Brasileiro Serie B,Brazil,Nautico PE,Gremio Novorizontino SP,2026-10-08T22:30:00+00:00,9.0273,soccer.total_goals,period=ft,over,total=4.5,5.55
2026-10-09T00:20:58.359261+02:00,36609429,Brasileiro Serie B,Brazil,Nautico PE,Gremio Novorizontino SP,2026-10-08T22:30:00+00:00,9.0273,soccer.total_goals,period=ft,under,total=4.5,1.14
2026-10-09T00:20:58.359261+02:00,36435234,Brasileiro Serie A,Brazil,Santos FC SP,CR Flamengo RJ,2026-10-08T22:30:00+00:00,9.0273,soccer.asian_handicap,period=ft,home,handicap=0.75,1.85
2026-10-09T00:20:58.359261+02:00,36435234,Brasileiro Serie A,Brazil,Santos FC SP,CR Flamengo RJ,2026-10-08T22:30:00+00:00,9.0273,soccer.asian_handicap,period=ft,away,handicap=0.75,2.02
2026-10-09T00:20:58.359261+02:00,36435234,Brasileiro Serie A,Brazil,Santos FC SP,CR Flamengo RJ,2026-10-08T22:30:00+00:00,9.0273,soccer.asian_handicap,period=ft,home,handicap=-0.25,3.75
2026-10-09T00:20:58.359261+02:00,36435234,Brasileiro Serie A,Brazil,Santos FC SP,CR Flamengo RJ,2026-10-08T22:30:00+00:00,9.0273,soccer.asian_handicap,period=ft,away,handicap=-0.25,1.28
2026-10-09T00:20:58.359261+02:00,36435234,Brasileiro Serie A,Brazil,Santos FC SP,CR Flamengo RJ,2026-10-08T22:30:00+00:00,9.0273,soccer.asian_handicap,period=ft,home,handicap=0,3.25
2026-10-09T00:20:58.359261+02:00,36435234,Brasileiro Serie A,Brazil,Santos FC SP,CR Flamengo RJ,2026-10-08T22:30:00+00:00,9.0273,soccer.asian_handicap,period=ft,away,handicap=0,1.35
2026-10-09T00:20:58.359261+02:00,36435234,Brasileiro Serie A,Brazil,Santos FC SP,CR Flamengo RJ,2026-10-08T22:30:00+00:00,9.0273,soccer.asian_handicap,period=ft,home,handicap=0.25,2.45
2026-10-09T00:20:58.359261+02:00,36435234,Brasileiro Serie A,Brazil,Santos FC SP,CR Flamengo RJ,2026-10-08T22:30:00+00:00,9.0273,soccer.asian_handicap,period=ft,away,handicap=0.25,1.57
2026-10-09T00:20:58.359261+02:00,36435234,Brasileiro Serie A,Brazil,Santos FC SP,CR Flamengo RJ,2026-10-08T22:30:00+00:00,9.0273,soccer.asian_handicap,period=ft,home,handicap=0.5,2.08
2026-10-09T00:20:58.359261+02:00,36435234,Brasileiro Serie A,Brazil,Santos FC SP,CR Flamengo RJ,2026-10-08T22:30:00+00:00,9.0273,soccer.asian_handicap,period=ft,away,handicap=0.5,1.78
2026-10-09T00:20:58.359261+02:00,36435234,Brasileiro Serie A,Brazil,Santos FC SP,CR Flamengo RJ,2026-10-08T22:30:00+00:00,9.0273,soccer.asian_handicap,period=ft,home,handicap=1,1.6
2026-10-09T00:20:58.359261+02:00,36435234,Brasileiro Serie A,Brazil,Santos FC SP,CR Flamengo RJ,2026-10-08T22:30:00+00:00,9.0273,soccer.asian_handicap,period=ft,away,handicap=1,2.4
2026-10-09T00:20:58.359261+02:00,36435234,Brasileiro Serie A,Brazil,Santos FC SP,CR Flamengo RJ,2026-10-08T22:30:00+00:00,9.0273,soccer.asian_handicap,period=ft,home,handicap=1.25,1.47
2026-10-09T00:20:58.359261+02:00,36435234,Brasileiro Serie A,Brazil,Santos FC SP,CR Flamengo RJ,2026-10-08T22:30:00+00:00,9.0273,soccer.asian_handicap,period=ft,away,handicap=1.25,2.75
2026-10-09T00:20:58.359261+02:00,36435234,Brasileiro Serie A,Brazil,Santos FC SP,CR Flamengo RJ,2026-10-08T22:30:00+00:00,9.0273,soccer.asian_handicap,period=ft,home,handicap=1.5,1.38
2026-10-09T00:20:58.359261+02:00,36435234,Brasileiro Serie A,Brazil,Santos FC SP,CR Flamengo RJ,2026-10-08T22:30:00+00:00,9.0273,soccer.asian_handicap,period=ft,away,handicap=1.5,3.1
2026-10-09T00:20:58.359261+02:00,36435234,Brasileiro Serie A,Brazil,Santos FC SP,CR Flamengo RJ,2026-10-08T22:30:00+00:00,9.0273,soccer.asian_handicap,period=ft,home,handicap=1.75,1.27
2026-10-09T00:20:58.359261+02:00,36435234,Brasileiro Serie A,Brazil,Santos FC SP,CR Flamengo RJ,2026-10-08T22:30:00+00:00,9.0273,soccer.asian_handicap,period=ft,away,handicap=1.75,3.85
2026-10-09T00:20:58.359261+02:00,36435234,Brasileiro Serie A,Brazil,Santos FC SP,CR Flamengo RJ,2026-10-08T22:30:00+00:00,9.0273,soccer.double_chance,period=ft,draw_away,,1.23
2026-10-09T00:20:58.359261+02:00,36435234,Brasileiro Serie A,Brazil,Santos FC SP,CR Flamengo RJ,2026-10-08T22:30:00+00:00,9.0273,soccer.double_chance,period=ft,home_away,,1.26
2026-10-09T00:20:58.359261+02:00,36435234,Brasileiro Serie A,Brazil,Santos FC SP,CR Flamengo RJ,2026-10-08T22:30:00+00:00,9.0273,soccer.double_chance,period=ft,home_draw,,2.07
2026-10-09T00:20:58.359261+02:00,36435234,Brasileiro Serie A,Brazil,Santos FC SP,CR Flamengo RJ,2026-10-08T22:30:00+00:00,9.0273,soccer.match_odds,period=ft,home,,4.3
2026-10-09T00:20:58.359261+02:00,36435234,Brasileiro Serie A,Brazil,Santos FC SP,CR Flamengo RJ,2026-10-08T22:30:00+00:00,9.0273,soccer.match_odds,period=ft,draw,,3.95
2026-10-09T00:20:58.359261+02:00,36435234,Brasileiro Serie A,Brazil,Santos FC SP,CR Flamengo RJ,2026-10-08T22:30:00+00:00,9.0273,soccer.match_odds,period=ft,away,,1.79
2026-10-09T00:20:58.359261+02:00,36435234,Brasileiro Serie A,Brazil,Santos FC SP,CR Flamengo RJ,2026-10-08T22:30:00+00:00,9.0273,soccer.total_goals,period=ft,over,total=3,2.01
2026-10-09T00:20:58.359261+02:00,36435234,Brasileiro Serie A,Brazil,Santos FC SP,CR Flamengo RJ,2026-10-08T22:30:00+00:00,9.0273,soccer.total_goals,period=ft,under,total=3,1.85
2026-10-09T00:20:58.359261+02:00,36435234,Brasileiro Serie A,Brazil,Santos FC SP,CR Flamengo RJ,2026-10-08T22:30:00+00:00,9.0273,soccer.total_goals,period=ft,over,total=1.5,1.18
2026-10-09T00:20:58.359261+02:00,36435234,Brasileiro Serie A,Brazil,Santos FC SP,CR Flamengo RJ,2026-10-08T22:30:00+00:00,9.0273,soccer.total_goals,period=ft,under,total=1.5,4.8
2026-10-09T00:20:58.359261+02:00,36435234,Brasileiro Serie A,Brazil,Santos FC SP,CR Flamengo RJ,2026-10-08T22:30:00+00:00,9.0273,soccer.total_goals,period=ft,over,total=2.5,1.6
2026-10-09T00:20:58.359261+02:00,36435234,Brasileiro Serie A,Brazil,Santos FC SP,CR Flamengo RJ,2026-10-08T22:30:00+00:00,9.0273,soccer.total_goals,period=ft,under,total=2.5,2.35
2026-10-09T00:20:58.359261+02:00,36435234,Brasileiro Serie A,Brazil,Santos FC SP,CR Flamengo RJ,2026-10-08T22:30:00+00:00,9.0273,soccer.total_goals,period=ft,over,total=2.75,1.75
2026-10-09T00:20:58.359261+02:00,36435234,Brasileiro Serie A,Brazil,Santos FC SP,CR Flamengo RJ,2026-10-08T22:30:00+00:00,9.0273,soccer.total_goals,period=ft,under,total=2.75,2.1
2026-10-09T00:20:58.359261+02:00,36435234,Brasileiro Serie A,Brazil,Santos FC SP,CR Flamengo RJ,2026-10-08T22:30:00+00:00,9.0273,soccer.total_goals,period=ft,over,total=3.25,2.25
2026-10-09T00:20:58.359261+02:00,36435234,Brasileiro Serie A,Brazil,Santos FC SP,CR Flamengo RJ,2026-10-08T22:30:00+00:00,9.0273,soccer.total_goals,period=ft,under,total=3.25,1.65
2026-10-09T00:20:58.359261+02:00,36435234,Brasileiro Serie A,Brazil,Santos FC SP,CR Flamengo RJ,2026-10-08T22:30:00+00:00,9.0273,soccer.total_goals,period=ft,over,total=3.5,2.55
2026-10-09T00:20:58.359261+02:00,36435234,Brasileiro Serie A,Brazil,Santos FC SP,CR Flamengo RJ,2026-10-08T22:30:00+00:00,9.0273,soccer.total_goals,period=ft,under,total=3.5,1.52
2026-10-09T00:20:58.359261+02:00,36435234,Brasileiro Serie A,Brazil,Santos FC SP,CR Flamengo RJ,2026-10-08T22:30:00+00:00,9.0273,soccer.total_goals,period=ft,over,total=4.5,4.85
2026-10-09T00:20:58.359261+02:00,36435234,Brasileiro Serie A,Brazil,Santos FC SP,CR Flamengo RJ,2026-10-08T22:30:00+00:00,9.0273,soccer.total_goals,period=ft,under,total=4.5,1.18
2026-10-09T00:20:58.359261+02:00,36435235,Brasileiro Serie A,Brazil,CA Paranaense PR,Atletico Mineiro MG,2026-10-08T23:00:00+00:00,39.0273,soccer.asian_handicap,period=ft,home,handicap=-0.5,2.05
2026-10-09T00:20:58.359261+02:00,36435235,Brasileiro Serie A,Brazil,CA Paranaense PR,Atletico Mineiro MG,2026-10-08T23:00:00+00:00,39.0273,soccer.asian_handicap,period=ft,away,handicap=-0.5,1.83
2026-10-09T00:20:58.359261+02:00,36435235,Brasileiro Serie A,Brazil,CA Paranaense PR,Atletico Mineiro MG,2026-10-08T23:00:00+00:00,39.0273,soccer.asian_handicap,period=ft,home,handicap=-1.5,3.85
2026-10-09T00:20:58.359261+02:00,36435235,Brasileiro Serie A,Brazil,CA Paranaense PR,Atletico Mineiro MG,2026-10-08T23:00:00+00:00,39.0273,soccer.asian_handicap,period=ft,away,handicap=-1.5,1.27
2026-10-09T00:20:58.359261+02:00,36435235,Brasileiro Serie A,Brazil,CA Paranaense PR,Atletico Mineiro MG,2026-10-08T23:00:00+00:00,39.0273,soccer.asian_handicap,period=ft,home,handicap=-1.25,3.4
2026-10-09T00:20:58.359261+02:00,36435235,Brasileiro Serie A,Brazil,CA Paranaense PR,Atletico Mineiro MG,2026-10-08T23:00:00+00:00,39.0273,soccer.asian_handicap,period=ft,away,handicap=-1.25,1.32
2026-10-09T00:20:58.359261+02:00,36435235,Brasileiro Serie A,Brazil,CA Paranaense PR,Atletico Mineiro MG,2026-10-08T23:00:00+00:00,39.0273,soccer.asian_handicap,period=ft,home,handicap=-1,3.0
2026-10-09T00:20:58.359261+02:00,36435235,Brasileiro Serie A,Brazil,CA Paranaense PR,Atletico Mineiro MG,2026-10-08T23:00:00+00:00,39.0273,soccer.asian_handicap,period=ft,away,handicap=-1,1.4
2026-10-09T00:20:58.359261+02:00,36435235,Brasileiro Serie A,Brazil,CA Paranaense PR,Atletico Mineiro MG,2026-10-08T23:00:00+00:00,39.0273,soccer.asian_handicap,period=ft,home,handicap=-0.75,2.35
2026-10-09T00:20:58.359261+02:00,36435235,Brasileiro Serie A,Brazil,CA Paranaense PR,Atletico Mineiro MG,2026-10-08T23:00:00+00:00,39.0273,soccer.asian_handicap,period=ft,away,handicap=-0.75,1.61
2026-10-09T00:20:58.359261+02:00,36435235,Brasileiro Serie A,Brazil,CA Paranaense PR,Atletico Mineiro MG,2026-10-08T23:00:00+00:00,39.0273,soccer.asian_handicap,period=ft,home,handicap=-0.25,1.75
2026-10-09T00:20:58.359261+02:00,36435235,Brasileiro Serie A,Brazil,CA Paranaense PR,Atletico Mineiro MG,2026-10-08T23:00:00+00:00,39.0273,soccer.asian_handicap,period=ft,away,handicap=-0.25,2.13
2026-10-09T00:20:58.359261+02:00,36435235,Brasileiro Serie A,Brazil,CA Paranaense PR,Atletico Mineiro MG,2026-10-08T23:00:00+00:00,39.0273,soccer.asian_handicap,period=ft,home,handicap=0,1.46
2026-10-09T00:20:58.359261+02:00,36435235,Brasileiro Serie A,Brazil,CA Paranaense PR,Atletico Mineiro MG,2026-10-08T23:00:00+00:00,39.0273,soccer.asian_handicap,period=ft,away,handicap=0,2.8
2026-10-09T00:20:58.359261+02:00,36435235,Brasileiro Serie A,Brazil,CA Paranaense PR,Atletico Mineiro MG,2026-10-08T23:00:00+00:00,39.0273,soccer.asian_handicap,period=ft,home,handicap=0.25,1.34
2026-10-09T00:20:58.359261+02:00,36435235,Brasileiro Serie A,Brazil,CA Paranaense PR,Atletico Mineiro MG,2026-10-08T23:00:00+00:00,39.0273,soccer.asian_handicap,period=ft,away,handicap=0.25,3.3
2026-10-09T00:20:58.359261+02:00,36435235,Brasileiro Serie A,Brazil,CA Paranaense PR,Atletico Mineiro MG,2026-10-08T23:00:00+00:00,39.0273,soccer.asian_handicap,period=ft,home,handicap=0.5,1.27
2026-10-09T00:20:58.359261+02:00,36435235,Brasileiro Serie A,Brazil,CA Paranaense PR,Atletico Mineiro MG,2026-10-08T23:00:00+00:00,39.0273,soccer.asian_handicap,period=ft,away,handicap=0.5,3.85
2026-10-09T00:20:58.359261+02:00,36435235,Brasileiro Serie A,Brazil,CA Paranaense PR,Atletico Mineiro MG,2026-10-08T23:00:00+00:00,39.0273,soccer.double_chance,period=ft,draw_away,,1.8
2026-10-09T00:20:58.359261+02:00,36435235,Brasileiro Serie A,Brazil,CA Paranaense PR,Atletico Mineiro MG,2026-10-08T23:00:00+00:00,39.0273,soccer.double_chance,period=ft,home_away,,1.34
2026-10-09T00:20:58.359261+02:00,36435235,Brasileiro Serie A,Brazil,CA Paranaense PR,Atletico Mineiro MG,2026-10-08T23:00:00+00:00,39.0273,soccer.double_chance,period=ft,home_draw,,1.27
2026-10-09T00:20:58.359261+02:00,36435235,Brasileiro Serie A,Brazil,CA Paranaense PR,Atletico Mineiro MG,2026-10-08T23:00:00+00:00,39.0273,soccer.match_odds,period=ft,home,,2.04
2026-10-09T00:20:58.359261+02:00,36435235,Brasileiro Serie A,Brazil,CA Paranaense PR,Atletico Mineiro MG,2026-10-08T23:00:00+00:00,39.0273,soccer.match_odds,period=ft,draw,,3.35
2026-10-09T00:20:58.359261+02:00,36435235,Brasileiro Serie A,Brazil,CA Paranaense PR,Atletico Mineiro MG,2026-10-08T23:00:00+00:00,39.0273,soccer.match_odds,period=ft,away,,3.9
2026-10-09T00:20:58.359261+02:00,36435235,Brasileiro Serie A,Brazil,CA Paranaense PR,Atletico Mineiro MG,2026-10-08T23:00:00+00:00,39.0273,soccer.total_goals,period=ft,over,total=2.5,1.91
2026-10-09T00:20:58.359261+02:00,36435235,Brasileiro Serie A,Brazil,CA Paranaense PR,Atletico Mineiro MG,2026-10-08T23:00:00+00:00,39.0273,soccer.total_goals,period=ft,under,total=2.5,1.95
2026-10-09T00:20:58.359261+02:00,36435235,Brasileiro Serie A,Brazil,CA Paranaense PR,Atletico Mineiro MG,2026-10-08T23:00:00+00:00,39.0273,soccer.total_goals,period=ft,over,total=1.5,1.27
2026-10-09T00:20:58.359261+02:00,36435235,Brasileiro Serie A,Brazil,CA Paranaense PR,Atletico Mineiro MG,2026-10-08T23:00:00+00:00,39.0273,soccer.total_goals,period=ft,under,total=1.5,3.75
2026-10-09T00:20:58.359261+02:00,36435235,Brasileiro Serie A,Brazil,CA Paranaense PR,Atletico Mineiro MG,2026-10-08T23:00:00+00:00,39.0273,soccer.total_goals,period=ft,over,total=2,1.43
2026-10-09T00:20:58.359261+02:00,36435235,Brasileiro Serie A,Brazil,CA Paranaense PR,Atletico Mineiro MG,2026-10-08T23:00:00+00:00,39.0273,soccer.total_goals,period=ft,under,total=2,2.85
2026-10-09T00:20:58.359261+02:00,36435235,Brasileiro Serie A,Brazil,CA Paranaense PR,Atletico Mineiro MG,2026-10-08T23:00:00+00:00,39.0273,soccer.total_goals,period=ft,over,total=2.25,1.66
2026-10-09T00:20:58.359261+02:00,36435235,Brasileiro Serie A,Brazil,CA Paranaense PR,Atletico Mineiro MG,2026-10-08T23:00:00+00:00,39.0273,soccer.total_goals,period=ft,under,total=2.25,2.2
2026-10-09T00:20:58.359261+02:00,36435235,Brasileiro Serie A,Brazil,CA Paranaense PR,Atletico Mineiro MG,2026-10-08T23:00:00+00:00,39.0273,soccer.total_goals,period=ft,over,total=2.75,2.14
2026-10-09T00:20:58.359261+02:00,36435235,Brasileiro Serie A,Brazil,CA Paranaense PR,Atletico Mineiro MG,2026-10-08T23:00:00+00:00,39.0273,soccer.total_goals,period=ft,under,total=2.75,1.72
2026-10-09T00:20:58.359261+02:00,36435235,Brasileiro Serie A,Brazil,CA Paranaense PR,Atletico Mineiro MG,2026-10-08T23:00:00+00:00,39.0273,soccer.total_goals,period=ft,over,total=3,2.55
2026-10-09T00:20:58.359261+02:00,36435235,Brasileiro Serie A,Brazil,CA Paranaense PR,Atletico Mineiro MG,2026-10-08T23:00:00+00:00,39.0273,soccer.total_goals,period=ft,under,total=3,1.51
2026-10-09T00:20:58.359261+02:00,36435235,Brasileiro Serie A,Brazil,CA Paranaense PR,Atletico Mineiro MG,2026-10-08T23:00:00+00:00,39.0273,soccer.total_goals,period=ft,over,total=3.5,3.2
2026-10-09T00:20:58.359261+02:00,36435235,Brasileiro Serie A,Brazil,CA Paranaense PR,Atletico Mineiro MG,2026-10-08T23:00:00+00:00,39.0273,soccer.total_goals,period=ft,under,total=3.5,1.34
2026-10-09T00:20:58.359261+02:00,36435235,Brasileiro Serie A,Brazil,CA Paranaense PR,Atletico Mineiro MG,2026-10-08T23:00:00+00:00,39.0273,soccer.total_goals,period=ft,over,total=4.5,6.45
2026-10-09T00:20:58.359261+02:00,36435235,Brasileiro Serie A,Brazil,CA Paranaense PR,Atletico Mineiro MG,2026-10-08T23:00:00+00:00,39.0273,soccer.total_goals,period=ft,under,total=4.5,1.12
2026-10-09T00:22:41.723029+02:00,36698652,Brazil Campeonato Paraibano (PB) Division 2,Brazil,AD Guarabira,Auto EC (PB),2026-10-08T22:30:00+00:00,7.3046,soccer.asian_handicap,period=ft,home,handicap=0.25,1.76
2026-10-09T00:22:41.723029+02:00,36698652,Brazil Campeonato Paraibano (PB) Division 2,Brazil,AD Guarabira,Auto EC (PB),2026-10-08T22:30:00+00:00,7.3046,soccer.asian_handicap,period=ft,away,handicap=0.25,1.95
2026-10-09T00:22:41.723029+02:00,36698652,Brazil Campeonato Paraibano (PB) Division 2,Brazil,AD Guarabira,Auto EC (PB),2026-10-08T22:30:00+00:00,7.3046,soccer.asian_handicap,period=ft,home,handicap=-0.5,2.8
2026-10-09T00:22:41.723029+02:00,36698652,Brazil Campeonato Paraibano (PB) Division 2,Brazil,AD Guarabira,Auto EC (PB),2026-10-08T22:30:00+00:00,7.3046,soccer.asian_handicap,period=ft,away,handicap=-0.5,1.33
2026-10-09T00:22:41.723029+02:00,36698652,Brazil Campeonato Paraibano (PB) Division 2,Brazil,AD Guarabira,Auto EC (PB),2026-10-08T22:30:00+00:00,7.3046,soccer.asian_handicap,period=ft,home,handicap=-0.25,2.45
2026-10-09T00:22:41.723029+02:00,36698652,Brazil Campeonato Paraibano (PB) Division 2,Brazil,AD Guarabira,Auto EC (PB),2026-10-08T22:30:00+00:00,7.3046,soccer.asian_handicap,period=ft,away,handicap=-0.25,1.44
2026-10-09T00:22:41.723029+02:00,36698652,Brazil Campeonato Paraibano (PB) Division 2,Brazil,AD Guarabira,Auto EC (PB),2026-10-08T22:30:00+00:00,7.3046,soccer.asian_handicap,period=ft,home,handicap=0,2.1
2026-10-09T00:22:41.723029+02:00,36698652,Brazil Campeonato Paraibano (PB) Division 2,Brazil,AD Guarabira,Auto EC (PB),2026-10-08T22:30:00+00:00,7.3046,soccer.asian_handicap,period=ft,away,handicap=0,1.62
2026-10-09T00:22:41.723029+02:00,36698652,Brazil Campeonato Paraibano (PB) Division 2,Brazil,AD Guarabira,Auto EC (PB),2026-10-08T22:30:00+00:00,7.3046,soccer.asian_handicap,period=ft,home,handicap=0.5,1.55
2026-10-09T00:22:41.723029+02:00,36698652,Brazil Campeonato Paraibano (PB) Division 2,Brazil,AD Guarabira,Auto EC (PB),2026-10-08T22:30:00+00:00,7.3046,soccer.asian_handicap,period=ft,away,handicap=0.5,2.2
2026-10-09T00:22:41.723029+02:00,36698652,Brazil Campeonato Paraibano (PB) Division 2,Brazil,AD Guarabira,Auto EC (PB),2026-10-08T22:30:00+00:00,7.3046,soccer.asian_handicap,period=ft,home,handicap=0.75,1.39
2026-10-09T00:22:41.723029+02:00,36698652,Brazil Campeonato Paraibano (PB) Division 2,Brazil,AD Guarabira,Auto EC (PB),2026-10-08T22:30:00+00:00,7.3046,soccer.asian_handicap,period=ft,away,handicap=0.75,2.6
2026-10-09T00:22:41.723029+02:00,36698652,Brazil Campeonato Paraibano (PB) Division 2,Brazil,AD Guarabira,Auto EC (PB),2026-10-08T22:30:00+00:00,7.3046,soccer.asian_handicap,period=ft,home,handicap=1,1.23
2026-10-09T00:22:41.723029+02:00,36698652,Brazil Campeonato Paraibano (PB) Division 2,Brazil,AD Guarabira,Auto EC (PB),2026-10-08T22:30:00+00:00,7.3046,soccer.asian_handicap,period=ft,away,handicap=1,3.4
2026-10-09T00:22:41.723029+02:00,36698652,Brazil Campeonato Paraibano (PB) Division 2,Brazil,AD Guarabira,Auto EC (PB),2026-10-08T22:30:00+00:00,7.3046,soccer.total_goals,period=ft,over,total=2.5,1.91
2026-10-09T00:22:41.723029+02:00,36698652,Brazil Campeonato Paraibano (PB) Division 2,Brazil,AD Guarabira,Auto EC (PB),2026-10-08T22:30:00+00:00,7.3046,soccer.total_goals,period=ft,under,total=2.5,1.79
2026-10-09T00:22:41.723029+02:00,36698652,Brazil Campeonato Paraibano (PB) Division 2,Brazil,AD Guarabira,Auto EC (PB),2026-10-08T22:30:00+00:00,7.3046,soccer.total_goals,period=ft,over,total=1.75,1.32
2026-10-09T00:22:41.723029+02:00,36698652,Brazil Campeonato Paraibano (PB) Division 2,Brazil,AD Guarabira,Auto EC (PB),2026-10-08T22:30:00+00:00,7.3046,soccer.total_goals,period=ft,under,total=1.75,2.9
2026-10-09T00:22:41.723029+02:00,36698652,Brazil Campeonato Paraibano (PB) Division 2,Brazil,AD Guarabira,Auto EC (PB),2026-10-08T22:30:00+00:00,7.3046,soccer.total_goals,period=ft,over,total=2,1.42
2026-10-09T00:22:41.723029+02:00,36698652,Brazil Campeonato Paraibano (PB) Division 2,Brazil,AD Guarabira,Auto EC (PB),2026-10-08T22:30:00+00:00,7.3046,soccer.total_goals,period=ft,under,total=2,2.5
2026-10-09T00:22:41.723029+02:00,36698652,Brazil Campeonato Paraibano (PB) Division 2,Brazil,AD Guarabira,Auto EC (PB),2026-10-08T22:30:00+00:00,7.3046,soccer.total_goals,period=ft,over,total=2.25,1.66
2026-10-09T00:22:41.723029+02:00,36698652,Brazil Campeonato Paraibano (PB) Division 2,Brazil,AD Guarabira,Auto EC (PB),2026-10-08T22:30:00+00:00,7.3046,soccer.total_goals,period=ft,under,total=2.25,2.04
2026-10-09T00:22:41.723029+02:00,36698652,Brazil Campeonato Paraibano (PB) Division 2,Brazil,AD Guarabira,Auto EC (PB),2026-10-08T22:30:00+00:00,7.3046,soccer.total_goals,period=ft,over,total=2.75,2.15
2026-10-09T00:22:41.723029+02:00,36698652,Brazil Campeonato Paraibano (PB) Division 2,Brazil,AD Guarabira,Auto EC (PB),2026-10-08T22:30:00+00:00,7.3046,soccer.total_goals,period=ft,under,total=2.75,1.6
2026-10-09T00:22:41.723029+02:00,36698652,Brazil Campeonato Paraibano (PB) Division 2,Brazil,AD Guarabira,Auto EC (PB),2026-10-08T22:30:00+00:00,7.3046,soccer.total_goals,period=ft,over,total=3,2.55
2026-10-09T00:22:41.723029+02:00,36698652,Brazil Campeonato Paraibano (PB) Division 2,Brazil,AD Guarabira,Auto EC (PB),2026-10-08T22:30:00+00:00,7.3046,soccer.total_goals,period=ft,under,total=3,1.41
2026-10-09T00:22:41.723029+02:00,36698652,Brazil Campeonato Paraibano (PB) Division 2,Brazil,AD Guarabira,Auto EC (PB),2026-10-08T22:30:00+00:00,7.3046,soccer.total_goals,period=ft,over,total=3.25,2.85
2026-10-09T00:22:41.723029+02:00,36698652,Brazil Campeonato Paraibano (PB) Division 2,Brazil,AD Guarabira,Auto EC (PB),2026-10-08T22:30:00+00:00,7.3046,soccer.total_goals,period=ft,under,total=3.25,1.33
2026-10-09T00:22:41.723029+02:00,36626420,"Primera A, Clausura",Colombia,Atletico Nacional Medellin,CD Tolima,2026-10-08T23:05:00+00:00,42.3046,soccer.asian_handicap,period=ft,home,handicap=-0.75,1.85
2026-10-09T00:22:41.723029+02:00,36626420,"Primera A, Clausura",Colombia,Atletico Nacional Medellin,CD Tolima,2026-10-08T23:05:00+00:00,42.3046,soccer.asian_handicap,period=ft,away,handicap=-0.75,1.99
2026-10-09T00:22:41.723029+02:00,36626420,"Primera A, Clausura",Colombia,Atletico Nacional Medellin,CD Tolima,2026-10-08T23:05:00+00:00,42.3046,soccer.asian_handicap,period=ft,home,handicap=-1.75,3.45
2026-10-09T00:22:41.723029+02:00,36626420,"Primera A, Clausura",Colombia,Atletico Nacional Medellin,CD Tolima,2026-10-08T23:05:00+00:00,42.3046,soccer.asian_handicap,period=ft,away,handicap=-1.75,1.3
2026-10-09T00:22:41.723029+02:00,36626420,"Primera A, Clausura",Colombia,Atletico Nacional Medellin,CD Tolima,2026-10-08T23:05:00+00:00,42.3046,soccer.asian_handicap,period=ft,home,handicap=-1.5,2.8
2026-10-09T00:22:41.723029+02:00,36626420,"Primera A, Clausura",Colombia,Atletico Nacional Medellin,CD Tolima,2026-10-08T23:05:00+00:00,42.3046,soccer.asian_handicap,period=ft,away,handicap=-1.5,1.42
2026-10-09T00:22:41.723029+02:00,36626420,"Primera A, Clausura",Colombia,Atletico Nacional Medellin,CD Tolima,2026-10-08T23:05:00+00:00,42.3046,soccer.asian_handicap,period=ft,home,handicap=-1.25,2.45
2026-10-09T00:22:41.723029+02:00,36626420,"Primera A, Clausura",Colombia,Atletico Nacional Medellin,CD Tolima,2026-10-08T23:05:00+00:00,42.3046,soccer.asian_handicap,period=ft,away,handicap=-1.25,1.53
2026-10-09T00:22:41.723029+02:00,36626420,"Primera A, Clausura",Colombia,Atletico Nacional Medellin,CD Tolima,2026-10-08T23:05:00+00:00,42.3046,soccer.asian_handicap,period=ft,home,handicap=-1,2.15
2026-10-09T00:22:41.723029+02:00,36626420,"Primera A, Clausura",Colombia,Atletico Nacional Medellin,CD Tolima,2026-10-08T23:05:00+00:00,42.3046,soccer.asian_handicap,period=ft,away,handicap=-1,1.7
2026-10-09T00:22:41.723029+02:00,36626420,"Primera A, Clausura",Colombia,Atletico Nacional Medellin,CD Tolima,2026-10-08T23:05:00+00:00,42.3046,soccer.asian_handicap,period=ft,home,handicap=-0.5,1.65
2026-10-09T00:22:41.723029+02:00,36626420,"Primera A, Clausura",Colombia,Atletico Nacional Medellin,CD Tolima,2026-10-08T23:05:00+00:00,42.3046,soccer.asian_handicap,period=ft,away,handicap=-0.5,2.2
2026-10-09T00:22:41.723029+02:00,36626420,"Primera A, Clausura",Colombia,Atletico Nacional Medellin,CD Tolima,2026-10-08T23:05:00+00:00,42.3046,soccer.asian_handicap,period=ft,home,handicap=-0.25,1.45
2026-10-09T00:22:41.723029+02:00,36626420,"Primera A, Clausura",Colombia,Atletico Nacional Medellin,CD Tolima,2026-10-08T23:05:00+00:00,42.3046,soccer.asian_handicap,period=ft,away,handicap=-0.25,2.75
2026-10-09T00:22:41.723029+02:00,36626420,"Primera A, Clausura",Colombia,Atletico Nacional Medellin,CD Tolima,2026-10-08T23:05:00+00:00,42.3046,soccer.asian_handicap,period=ft,home,handicap=0,1.25
2026-10-09T00:22:41.723029+02:00,36626420,"Primera A, Clausura",Colombia,Atletico Nacional Medellin,CD Tolima,2026-10-08T23:05:00+00:00,42.3046,soccer.asian_handicap,period=ft,away,handicap=0,3.9
2026-10-09T00:22:41.723029+02:00,36626420,"Primera A, Clausura",Colombia,Atletico Nacional Medellin,CD Tolima,2026-10-08T23:05:00+00:00,42.3046,soccer.asian_handicap,period=ft,home,handicap=0.25,1.2
2026-10-09T00:22:41.723029+02:00,36626420,"Primera A, Clausura",Colombia,Atletico Nacional Medellin,CD Tolima,2026-10-08T23:05:00+00:00,42.3046,soccer.asian_handicap,period=ft,away,handicap=0.25,4.45
2026-10-09T00:22:41.723029+02:00,36626420,"Primera A, Clausura",Colombia,Atletico Nacional Medellin,CD Tolima,2026-10-08T23:05:00+00:00,42.3046,soccer.double_chance,period=ft,draw_away,,2.08
2026-10-09T00:22:41.723029+02:00,36626420,"Primera A, Clausura",Colombia,Atletico Nacional Medellin,CD Tolima,2026-10-08T23:05:00+00:00,42.3046,soccer.double_chance,period=ft,home_away,,1.28
2026-10-09T00:22:41.723029+02:00,36626420,"Primera A, Clausura",Colombia,Atletico Nacional Medellin,CD Tolima,2026-10-08T23:05:00+00:00,42.3046,soccer.double_chance,period=ft,home_draw,,1.2
2026-10-09T00:22:41.723029+02:00,36626420,"Primera A, Clausura",Colombia,Atletico Nacional Medellin,CD Tolima,2026-10-08T23:05:00+00:00,42.3046,soccer.match_odds,period=ft,home,,1.65
2026-10-09T00:22:41.723029+02:00,36626420,"Primera A, Clausura",Colombia,Atletico Nacional Medellin,CD Tolima,2026-10-08T23:05:00+00:00,42.3046,soccer.match_odds,period=ft,draw,,3.8
2026-10-09T00:22:41.723029+02:00,36626420,"Primera A, Clausura",Colombia,Atletico Nacional Medellin,CD Tolima,2026-10-08T23:05:00+00:00,42.3046,soccer.match_odds,period=ft,away,,5.1
2026-10-09T00:22:41.723029+02:00,36626420,"Primera A, Clausura",Colombia,Atletico Nacional Medellin,CD Tolima,2026-10-08T23:05:00+00:00,42.3046,soccer.total_goals,period=ft,over,total=2.5,1.83
2026-10-09T00:22:41.723029+02:00,36626420,"Primera A, Clausura",Colombia,Atletico Nacional Medellin,CD Tolima,2026-10-08T23:05:00+00:00,42.3046,soccer.total_goals,period=ft,under,total=2.5,1.98
2026-10-09T00:22:41.723029+02:00,36626420,"Primera A, Clausura",Colombia,Atletico Nacional Medellin,CD Tolima,2026-10-08T23:05:00+00:00,42.3046,soccer.total_goals,period=ft,over,total=1.5,1.25
2026-10-09T00:22:41.723029+02:00,36626420,"Primera A, Clausura",Colombia,Atletico Nacional Medellin,CD Tolima,2026-10-08T23:05:00+00:00,42.3046,soccer.total_goals,period=ft,under,total=1.5,3.75
2026-10-09T00:22:41.723029+02:00,36626420,"Primera A, Clausura",Colombia,Atletico Nacional Medellin,CD Tolima,2026-10-08T23:05:00+00:00,42.3046,soccer.total_goals,period=ft,over,total=2,1.39
2026-10-09T00:22:41.723029+02:00,36626420,"Primera A, Clausura",Colombia,Atletico Nacional Medellin,CD Tolima,2026-10-08T23:05:00+00:00,42.3046,soccer.total_goals,period=ft,under,total=2,2.9
2026-10-09T00:22:41.723029+02:00,36626420,"Primera A, Clausura",Colombia,Atletico Nacional Medellin,CD Tolima,2026-10-08T23:05:00+00:00,42.3046,soccer.total_goals,period=ft,over,total=2.25,1.61
2026-10-09T00:22:41.723029+02:00,36626420,"Primera A, Clausura",Colombia,Atletico Nacional Medellin,CD Tolima,2026-10-08T23:05:00+00:00,42.3046,soccer.total_goals,period=ft,under,total=2.25,2.3
2026-10-09T00:22:41.723029+02:00,36626420,"Primera A, Clausura",Colombia,Atletico Nacional Medellin,CD Tolima,2026-10-08T23:05:00+00:00,42.3046,soccer.total_goals,period=ft,over,total=2.75,2.05
2026-10-09T00:22:41.723029+02:00,36626420,"Primera A, Clausura",Colombia,Atletico Nacional Medellin,CD Tolima,2026-10-08T23:05:00+00:00,42.3046,soccer.total_goals,period=ft,under,total=2.75,1.75
2026-10-09T00:22:41.723029+02:00,36626420,"Primera A, Clausura",Colombia,Atletico Nacional Medellin,CD Tolima,2026-10-08T23:05:00+00:00,42.3046,soccer.total_goals,period=ft,over,total=3,2.45
2026-10-09T00:22:41.723029+02:00,36626420,"Primera A, Clausura",Colombia,Atletico Nacional Medellin,CD Tolima,2026-10-08T23:05:00+00:00,42.3046,soccer.total_goals,period=ft,under,total=3,1.54
2026-10-09T00:22:41.723029+02:00,36626420,"Primera A, Clausura",Colombia,Atletico Nacional Medellin,CD Tolima,2026-10-08T23:05:00+00:00,42.3046,soccer.total_goals,period=ft,over,total=3.5,3.05
2026-10-09T00:22:41.723029+02:00,36626420,"Primera A, Clausura",Colombia,Atletico Nacional Medellin,CD Tolima,2026-10-08T23:05:00+00:00,42.3046,soccer.total_goals,period=ft,under,total=3.5,1.35
2026-10-09T00:22:41.723029+02:00,36626420,"Primera A, Clausura",Colombia,Atletico Nacional Medellin,CD Tolima,2026-10-08T23:05:00+00:00,42.3046,soccer.total_goals,period=ft,over,total=4.5,6.1
2026-10-09T00:22:41.723029+02:00,36626420,"Primera A, Clausura",Colombia,Atletico Nacional Medellin,CD Tolima,2026-10-08T23:05:00+00:00,42.3046,soccer.total_goals,period=ft,under,total=4.5,1.11
2026-10-09T00:22:41.723029+02:00,36609426,Brasileiro Serie B,Brazil,Ceara SC CE,Criciuma EC SC,2026-10-08T22:30:00+00:00,7.3046,soccer.asian_handicap,period=ft,home,handicap=0,1.89
2026-10-09T00:22:41.723029+02:00,36609426,Brasileiro Serie B,Brazil,Ceara SC CE,Criciuma EC SC,2026-10-08T22:30:00+00:00,7.3046,soccer.asian_handicap,period=ft,away,handicap=0,1.95
2026-10-09T00:22:41.723029+02:00,36609426,Brasileiro Serie B,Brazil,Ceara SC CE,Criciuma EC SC,2026-10-08T22:30:00+00:00,7.3046,soccer.asian_handicap,period=ft,home,handicap=-1,4.8
2026-10-09T00:22:41.723029+02:00,36609426,Brasileiro Serie B,Brazil,Ceara SC CE,Criciuma EC SC,2026-10-08T22:30:00+00:00,7.3046,soccer.asian_handicap,period=ft,away,handicap=-1,1.18
2026-10-09T00:22:41.723029+02:00,36609426,Brasileiro Serie B,Brazil,Ceara SC CE,Criciuma EC SC,2026-10-08T22:30:00+00:00,7.3046,soccer.asian_handicap,period=ft,home,handicap=-0.75,3.3
2026-10-09T00:22:41.723029+02:00,36609426,Brasileiro Serie B,Brazil,Ceara SC CE,Criciuma EC SC,2026-10-08T22:30:00+00:00,7.3046,soccer.asian_handicap,period=ft,away,handicap=-0.75,1.33
2026-10-09T00:22:41.723029+02:00,36609426,Brasileiro Serie B,Brazil,Ceara SC CE,Criciuma EC SC,2026-10-08T22:30:00+00:00,7.3046,soccer.asian_handicap,period=ft,home,handicap=-0.5,2.65
2026-10-09T00:22:41.723029+02:00,36609426,Brasileiro Serie B,Brazil,Ceara SC CE,Criciuma EC SC,2026-10-08T22:30:00+00:00,7.3046,soccer.asian_handicap,period=ft,away,handicap=-0.5,1.48
2026-10-09T00:22:41.723029+02:00,36609426,Brasileiro Serie B,Brazil,Ceara SC CE,Criciuma EC SC,2026-10-08T22:30:00+00:00,7.3046,soccer.asian_handicap,period=ft,home,handicap=-0.25,2.25
2026-10-09T00:22:41.723029+02:00,36609426,Brasileiro Serie B,Brazil,Ceara SC CE,Criciuma EC SC,2026-10-08T22:30:00+00:00,7.3046,soccer.asian_handicap,period=ft,away,handicap=-0.25,1.64
2026-10-09T00:22:41.723029+02:00,36609426,Brasileiro Serie B,Brazil,Ceara SC CE,Criciuma EC SC,2026-10-08T22:30:00+00:00,7.3046,soccer.asian_handicap,period=ft,home,handicap=0.25,1.61
2026-10-09T00:22:41.723029+02:00,36609426,Brasileiro Serie B,Brazil,Ceara SC CE,Criciuma EC SC,2026-10-08T22:30:00+00:00,7.3046,soccer.asian_handicap,period=ft,away,handicap=0.25,2.3
2026-10-09T00:22:41.723029+02:00,36609426,Brasileiro Serie B,Brazil,Ceara SC CE,Criciuma EC SC,2026-10-08T22:30:00+00:00,7.3046,soccer.asian_handicap,period=ft,home,handicap=0.5,1.46
2026-10-09T00:22:41.723029+02:00,36609426,Brasileiro Serie B,Brazil,Ceara SC CE,Criciuma EC SC,2026-10-08T22:30:00+00:00,7.3046,soccer.asian_handicap,period=ft,away,handicap=0.5,2.7
2026-10-09T00:22:41.723029+02:00,36609426,Brasileiro Serie B,Brazil,Ceara SC CE,Criciuma EC SC,2026-10-08T22:30:00+00:00,7.3046,soccer.asian_handicap,period=ft,home,handicap=0.75,1.31
2026-10-09T00:22:41.723029+02:00,36609426,Brasileiro Serie B,Brazil,Ceara SC CE,Criciuma EC SC,2026-10-08T22:30:00+00:00,7.3046,soccer.asian_handicap,period=ft,away,handicap=0.75,3.4
2026-10-09T00:22:41.723029+02:00,36609426,Brasileiro Serie B,Brazil,Ceara SC CE,Criciuma EC SC,2026-10-08T22:30:00+00:00,7.3046,soccer.asian_handicap,period=ft,home,handicap=1,1.17
2026-10-09T00:22:41.723029+02:00,36609426,Brasileiro Serie B,Brazil,Ceara SC CE,Criciuma EC SC,2026-10-08T22:30:00+00:00,7.3046,soccer.asian_handicap,period=ft,away,handicap=1,5.05
2026-10-09T00:22:41.723029+02:00,36609426,Brasileiro Serie B,Brazil,Ceara SC CE,Criciuma EC SC,2026-10-08T22:30:00+00:00,7.3046,soccer.double_chance,period=ft,draw_away,,1.47
2026-10-09T00:22:41.723029+02:00,36609426,Brasileiro Serie B,Brazil,Ceara SC CE,Criciuma EC SC,2026-10-08T22:30:00+00:00,7.3046,soccer.double_chance,period=ft,home_away,,1.35
2026-10-09T00:22:41.723029+02:00,36609426,Brasileiro Serie B,Brazil,Ceara SC CE,Criciuma EC SC,2026-10-08T22:30:00+00:00,7.3046,soccer.double_chance,period=ft,home_draw,,1.45
2026-10-09T00:22:41.723029+02:00,36609426,Brasileiro Serie B,Brazil,Ceara SC CE,Criciuma EC SC,2026-10-08T22:30:00+00:00,7.3046,soccer.match_odds,period=ft,home,,2.65
2026-10-09T00:22:41.723029+02:00,36609426,Brasileiro Serie B,Brazil,Ceara SC CE,Criciuma EC SC,2026-10-08T22:30:00+00:00,7.3046,soccer.match_odds,period=ft,draw,,3.15
2026-10-09T00:22:41.723029+02:00,36609426,Brasileiro Serie B,Brazil,Ceara SC CE,Criciuma EC SC,2026-10-08T22:30:00+00:00,7.3046,soccer.match_odds,period=ft,away,,2.75
2026-10-09T00:22:41.723029+02:00,36609426,Brasileiro Serie B,Brazil,Ceara SC CE,Criciuma EC SC,2026-10-08T22:30:00+00:00,7.3046,soccer.total_goals,period=ft,over,total=2.25,2.03
2026-10-09T00:22:41.723029+02:00,36609426,Brasileiro Serie B,Brazil,Ceara SC CE,Criciuma EC SC,2026-10-08T22:30:00+00:00,7.3046,soccer.total_goals,period=ft,under,total=2.25,1.8
2026-10-09T00:22:41.723029+02:00,36609426,Brasileiro Serie B,Brazil,Ceara SC CE,Criciuma EC SC,2026-10-08T22:30:00+00:00,7.3046,soccer.total_goals,period=ft,over,total=1.5,1.4
2026-10-09T00:22:41.723029+02:00,36609426,Brasileiro Serie B,Brazil,Ceara SC CE,Criciuma EC SC,2026-10-08T22:30:00+00:00,7.3046,soccer.total_goals,period=ft,under,total=1.5,2.9
2026-10-09T00:22:41.723029+02:00,36609426,Brasileiro Serie B,Brazil,Ceara SC CE,Criciuma EC SC,2026-10-08T22:30:00+00:00,7.3046,soccer.total_goals,period=ft,over,total=1.75,1.52
2026-10-09T00:22:41.723029+02:00,36609426,Brasileiro Serie B,Brazil,Ceara SC CE,Criciuma EC SC,2026-10-08T22:30:00+00:00,7.3046,soccer.total_goals,period=ft,under,total=1.75,2.5
2026-10-09T00:22:41.723029+02:00,36609426,Brasileiro Serie B,Brazil,Ceara SC CE,Criciuma EC SC,2026-10-08T22:30:00+00:00,7.3046,soccer.total_goals,period=ft,over,total=2,1.71
2026-10-09T00:22:41.723029+02:00,36609426,Brasileiro Serie B,Brazil,Ceara SC CE,Criciuma EC SC,2026-10-08T22:30:00+00:00,7.3046,soccer.total_goals,period=ft,under,total=2,2.14
2026-10-09T00:22:41.723029+02:00,36609426,Brasileiro Serie B,Brazil,Ceara SC CE,Criciuma EC SC,2026-10-08T22:30:00+00:00,7.3046,soccer.total_goals,period=ft,over,total=2.5,2.3
2026-10-09T00:22:41.723029+02:00,36609426,Brasileiro Serie B,Brazil,Ceara SC CE,Criciuma EC SC,2026-10-08T22:30:00+00:00,7.3046,soccer.total_goals,period=ft,under,total=2.5,1.6
2026-10-09T00:22:41.723029+02:00,36609426,Brasileiro Serie B,Brazil,Ceara SC CE,Criciuma EC SC,2026-10-08T22:30:00+00:00,7.3046,soccer.total_goals,period=ft,over,total=2.75,2.75
2026-10-09T00:22:41.723029+02:00,36609426,Brasileiro Serie B,Brazil,Ceara SC CE,Criciuma EC SC,2026-10-08T22:30:00+00:00,7.3046,soccer.total_goals,period=ft,under,total=2.75,1.44
2026-10-09T00:22:41.723029+02:00,36609426,Brasileiro Serie B,Brazil,Ceara SC CE,Criciuma EC SC,2026-10-08T22:30:00+00:00,7.3046,soccer.total_goals,period=ft,over,total=3.5,4.4
2026-10-09T00:22:41.723029+02:00,36609426,Brasileiro Serie B,Brazil,Ceara SC CE,Criciuma EC SC,2026-10-08T22:30:00+00:00,7.3046,soccer.total_goals,period=ft,under,total=3.5,1.2
2026-10-09T00:22:41.723029+02:00,36609429,Brasileiro Serie B,Brazil,Nautico PE,Gremio Novorizontino SP,2026-10-08T22:30:00+00:00,7.3046,soccer.asian_handicap,period=ft,home,handicap=0.75,1.86
2026-10-09T00:22:41.723029+02:00,36609429,Brasileiro Serie B,Brazil,Nautico PE,Gremio Novorizontino SP,2026-10-08T22:30:00+00:00,7.3046,soccer.asian_handicap,period=ft,away,handicap=0.75,1.98
2026-10-09T00:22:41.723029+02:00,36609429,Brasileiro Serie B,Brazil,Nautico PE,Gremio Novorizontino SP,2026-10-08T22:30:00+00:00,7.3046,soccer.asian_handicap,period=ft,home,handicap=-0.25,3.8
2026-10-09T00:22:41.723029+02:00,36609429,Brasileiro Serie B,Brazil,Nautico PE,Gremio Novorizontino SP,2026-10-08T22:30:00+00:00,7.3046,soccer.asian_handicap,period=ft,away,handicap=-0.25,1.26
2026-10-09T00:22:41.723029+02:00,36609429,Brasileiro Serie B,Brazil,Nautico PE,Gremio Novorizontino SP,2026-10-08T22:30:00+00:00,7.3046,soccer.asian_handicap,period=ft,home,handicap=0,3.3
2026-10-09T00:22:41.723029+02:00,36609429,Brasileiro Serie B,Brazil,Nautico PE,Gremio Novorizontino SP,2026-10-08T22:30:00+00:00,7.3046,soccer.asian_handicap,period=ft,away,handicap=0,1.33
2026-10-09T00:22:41.723029+02:00,36609429,Brasileiro Serie B,Brazil,Nautico PE,Gremio Novorizontino SP,2026-10-08T22:30:00+00:00,7.3046,soccer.asian_handicap,period=ft,home,handicap=0.25,2.45
2026-10-09T00:22:41.723029+02:00,36609429,Brasileiro Serie B,Brazil,Nautico PE,Gremio Novorizontino SP,2026-10-08T22:30:00+00:00,7.3046,soccer.asian_handicap,period=ft,away,handicap=0.25,1.54
2026-10-09T00:22:41.723029+02:00,36609429,Brasileiro Serie B,Brazil,Nautico PE,Gremio Novorizontino SP,2026-10-08T22:30:00+00:00,7.3046,soccer.asian_handicap,period=ft,home,handicap=0.5,2.09
2026-10-09T00:22:41.723029+02:00,36609429,Brasileiro Serie B,Brazil,Nautico PE,Gremio Novorizontino SP,2026-10-08T22:30:00+00:00,7.3046,soccer.asian_handicap,period=ft,away,handicap=0.5,1.75
2026-10-09T00:22:41.723029+02:00,36609429,Brasileiro Serie B,Brazil,Nautico PE,Gremio Novorizontino SP,2026-10-08T22:30:00+00:00,7.3046,soccer.asian_handicap,period=ft,home,handicap=1,1.61
2026-10-09T00:22:41.723029+02:00,36609429,Brasileiro Serie B,Brazil,Nautico PE,Gremio Novorizontino SP,2026-10-08T22:30:00+00:00,7.3046,soccer.asian_handicap,period=ft,away,handicap=1,2.3
2026-10-09T00:22:41.723029+02:00,36609429,Brasileiro Serie B,Brazil,Nautico PE,Gremio Novorizontino SP,2026-10-08T22:30:00+00:00,7.3046,soccer.asian_handicap,period=ft,home,handicap=1.25,1.48
2026-10-09T00:22:41.723029+02:00,36609429,Brasileiro Serie B,Brazil,Nautico PE,Gremio Novorizontino SP,2026-10-08T22:30:00+00:00,7.3046,soccer.asian_handicap,period=ft,away,handicap=1.25,2.65
2026-10-09T00:22:41.723029+02:00,36609429,Brasileiro Serie B,Brazil,Nautico PE,Gremio Novorizontino SP,2026-10-08T22:30:00+00:00,7.3046,soccer.asian_handicap,period=ft,home,handicap=1.5,1.38
2026-10-09T00:22:41.723029+02:00,36609429,Brasileiro Serie B,Brazil,Nautico PE,Gremio Novorizontino SP,2026-10-08T22:30:00+00:00,7.3046,soccer.asian_handicap,period=ft,away,handicap=1.5,3.0
2026-10-09T00:22:41.723029+02:00,36609429,Brasileiro Serie B,Brazil,Nautico PE,Gremio Novorizontino SP,2026-10-08T22:30:00+00:00,7.3046,soccer.asian_handicap,period=ft,home,handicap=1.75,1.27
2026-10-09T00:22:41.723029+02:00,36609429,Brasileiro Serie B,Brazil,Nautico PE,Gremio Novorizontino SP,2026-10-08T22:30:00+00:00,7.3046,soccer.asian_handicap,period=ft,away,handicap=1.75,3.75
2026-10-09T00:22:41.723029+02:00,36609429,Brasileiro Serie B,Brazil,Nautico PE,Gremio Novorizontino SP,2026-10-08T22:30:00+00:00,7.3046,soccer.double_chance,period=ft,draw_away,,1.22
2026-10-09T00:22:41.723029+02:00,36609429,Brasileiro Serie B,Brazil,Nautico PE,Gremio Novorizontino SP,2026-10-08T22:30:00+00:00,7.3046,soccer.double_chance,period=ft,home_away,,1.25
2026-10-09T00:22:41.723029+02:00,36609429,Brasileiro Serie B,Brazil,Nautico PE,Gremio Novorizontino SP,2026-10-08T22:30:00+00:00,7.3046,soccer.double_chance,period=ft,home_draw,,2.06
2026-10-09T00:22:41.723029+02:00,36609429,Brasileiro Serie B,Brazil,Nautico PE,Gremio Novorizontino SP,2026-10-08T22:30:00+00:00,7.3046,soccer.match_odds,period=ft,home,,4.3
2026-10-09T00:22:41.723029+02:00,36609429,Brasileiro Serie B,Brazil,Nautico PE,Gremio Novorizontino SP,2026-10-08T22:30:00+00:00,7.3046,soccer.match_odds,period=ft,draw,,3.95
2026-10-09T00:22:41.723029+02:00,36609429,Brasileiro Serie B,Brazil,Nautico PE,Gremio Novorizontino SP,2026-10-08T22:30:00+00:00,7.3046,soccer.match_odds,period=ft,away,,1.75
2026-10-09T00:22:41.723029+02:00,36609429,Brasileiro Serie B,Brazil,Nautico PE,Gremio Novorizontino SP,2026-10-08T22:30:00+00:00,7.3046,soccer.total_goals,period=ft,over,total=2.75,1.99
2026-10-09T00:22:41.723029+02:00,36609429,Brasileiro Serie B,Brazil,Nautico PE,Gremio Novorizontino SP,2026-10-08T22:30:00+00:00,7.3046,soccer.total_goals,period=ft,under,total=2.75,1.84
2026-10-09T00:22:41.723029+02:00,36609429,Brasileiro Serie B,Brazil,Nautico PE,Gremio Novorizontino SP,2026-10-08T22:30:00+00:00,7.3046,soccer.total_goals,period=ft,over,total=1.5,1.23
2026-10-09T00:22:41.723029+02:00,36609429,Brasileiro Serie B,Brazil,Nautico PE,Gremio Novorizontino SP,2026-10-08T22:30:00+00:00,7.3046,soccer.total_goals,period=ft,under,total=1.5,4.0
2026-10-09T00:22:41.723029+02:00,36609429,Brasileiro Serie B,Brazil,Nautico PE,Gremio Novorizontino SP,2026-10-08T22:30:00+00:00,7.3046,soccer.total_goals,period=ft,over,total=2.25,1.56
2026-10-09T00:22:41.723029+02:00,36609429,Brasileiro Serie B,Brazil,Nautico PE,Gremio Novorizontino SP,2026-10-08T22:30:00+00:00,7.3046,soccer.total_goals,period=ft,under,total=2.25,2.4
2026-10-09T00:22:41.723029+02:00,36609429,Brasileiro Serie B,Brazil,Nautico PE,Gremio Novorizontino SP,2026-10-08T22:30:00+00:00,7.3046,soccer.total_goals,period=ft,over,total=2.5,1.77
2026-10-09T00:22:41.723029+02:00,36609429,Brasileiro Serie B,Brazil,Nautico PE,Gremio Novorizontino SP,2026-10-08T22:30:00+00:00,7.3046,soccer.total_goals,period=ft,under,total=2.5,2.05
2026-10-09T00:22:41.723029+02:00,36609429,Brasileiro Serie B,Brazil,Nautico PE,Gremio Novorizontino SP,2026-10-08T22:30:00+00:00,7.3046,soccer.total_goals,period=ft,over,total=3,2.3
2026-10-09T00:22:41.723029+02:00,36609429,Brasileiro Serie B,Brazil,Nautico PE,Gremio Novorizontino SP,2026-10-08T22:30:00+00:00,7.3046,soccer.total_goals,period=ft,under,total=3,1.61
2026-10-09T00:22:41.723029+02:00,36609429,Brasileiro Serie B,Brazil,Nautico PE,Gremio Novorizontino SP,2026-10-08T22:30:00+00:00,7.3046,soccer.total_goals,period=ft,over,total=3.25,2.6
2026-10-09T00:22:41.723029+02:00,36609429,Brasileiro Serie B,Brazil,Nautico PE,Gremio Novorizontino SP,2026-10-08T22:30:00+00:00,7.3046,soccer.total_goals,period=ft,under,total=3.25,1.48
2026-10-09T00:22:41.723029+02:00,36609429,Brasileiro Serie B,Brazil,Nautico PE,Gremio Novorizontino SP,2026-10-08T22:30:00+00:00,7.3046,soccer.total_goals,period=ft,over,total=3.5,2.9
2026-10-09T00:22:41.723029+02:00,36609429,Brasileiro Serie B,Brazil,Nautico PE,Gremio Novorizontino SP,2026-10-08T22:30:00+00:00,7.3046,soccer.total_goals,period=ft,under,total=3.5,1.39
2026-10-09T00:22:41.723029+02:00,36609429,Brasileiro Serie B,Brazil,Nautico PE,Gremio Novorizontino SP,2026-10-08T22:30:00+00:00,7.3046,soccer.total_goals,period=ft,over,total=4.5,5.55
2026-10-09T00:22:41.723029+02:00,36609429,Brasileiro Serie B,Brazil,Nautico PE,Gremio Novorizontino SP,2026-10-08T22:30:00+00:00,7.3046,soccer.total_goals,period=ft,under,total=4.5,1.14
2026-10-09T00:22:41.723029+02:00,36435234,Brasileiro Serie A,Brazil,Santos FC SP,CR Flamengo RJ,2026-10-08T22:30:00+00:00,7.3046,soccer.asian_handicap,period=ft,home,handicap=0.75,1.86
2026-10-09T00:22:41.723029+02:00,36435234,Brasileiro Serie A,Brazil,Santos FC SP,CR Flamengo RJ,2026-10-08T22:30:00+00:00,7.3046,soccer.asian_handicap,period=ft,away,handicap=0.75,2.02
2026-10-09T00:22:41.723029+02:00,36435234,Brasileiro Serie A,Brazil,Santos FC SP,CR Flamengo RJ,2026-10-08T22:30:00+00:00,7.3046,soccer.asian_handicap,period=ft,home,handicap=-0.25,3.75
2026-10-09T00:22:41.723029+02:00,36435234,Brasileiro Serie A,Brazil,Santos FC SP,CR Flamengo RJ,2026-10-08T22:30:00+00:00,7.3046,soccer.asian_handicap,period=ft,away,handicap=-0.25,1.28
2026-10-09T00:22:41.723029+02:00,36435234,Brasileiro Serie A,Brazil,Santos FC SP,CR Flamengo RJ,2026-10-08T22:30:00+00:00,7.3046,soccer.asian_handicap,period=ft,home,handicap=0,3.25
2026-10-09T00:22:41.723029+02:00,36435234,Brasileiro Serie A,Brazil,Santos FC SP,CR Flamengo RJ,2026-10-08T22:30:00+00:00,7.3046,soccer.asian_handicap,period=ft,away,handicap=0,1.35
2026-10-09T00:22:41.723029+02:00,36435234,Brasileiro Serie A,Brazil,Santos FC SP,CR Flamengo RJ,2026-10-08T22:30:00+00:00,7.3046,soccer.asian_handicap,period=ft,home,handicap=0.25,2.45
2026-10-09T00:22:41.723029+02:00,36435234,Brasileiro Serie A,Brazil,Santos FC SP,CR Flamengo RJ,2026-10-08T22:30:00+00:00,7.3046,soccer.asian_handicap,period=ft,away,handicap=0.25,1.56
2026-10-09T00:22:41.723029+02:00,36435234,Brasileiro Serie A,Brazil,Santos FC SP,CR Flamengo RJ,2026-10-08T22:30:00+00:00,7.3046,soccer.asian_handicap,period=ft,home,handicap=0.5,2.08
2026-10-09T00:22:41.723029+02:00,36435234,Brasileiro Serie A,Brazil,Santos FC SP,CR Flamengo RJ,2026-10-08T22:30:00+00:00,7.3046,soccer.asian_handicap,period=ft,away,handicap=0.5,1.78
2026-10-09T00:22:41.723029+02:00,36435234,Brasileiro Serie A,Brazil,Santos FC SP,CR Flamengo RJ,2026-10-08T22:30:00+00:00,7.3046,soccer.asian_handicap,period=ft,home,handicap=1,1.6
2026-10-09T00:22:41.723029+02:00,36435234,Brasileiro Serie A,Brazil,Santos FC SP,CR Flamengo RJ,2026-10-08T22:30:00+00:00,7.3046,soccer.asian_handicap,period=ft,away,handicap=1,2.4
2026-10-09T00:22:41.723029+02:00,36435234,Brasileiro Serie A,Brazil,Santos FC SP,CR Flamengo RJ,2026-10-08T22:30:00+00:00,7.3046,soccer.asian_handicap,period=ft,home,handicap=1.25,1.47
2026-10-09T00:22:41.723029+02:00,36435234,Brasileiro Serie A,Brazil,Santos FC SP,CR Flamengo RJ,2026-10-08T22:30:00+00:00,7.3046,soccer.asian_handicap,period=ft,away,handicap=1.25,2.75
2026-10-09T00:22:41.723029+02:00,36435234,Brasileiro Serie A,Brazil,Santos FC SP,CR Flamengo RJ,2026-10-08T22:30:00+00:00,7.3046,soccer.asian_handicap,period=ft,home,handicap=1.5,1.38
2026-10-09T00:22:41.723029+02:00,36435234,Brasileiro Serie A,Brazil,Santos FC SP,CR Flamengo RJ,2026-10-08T22:30:00+00:00,7.3046,soccer.asian_handicap,period=ft,away,handicap=1.5,3.05
2026-10-09T00:22:41.723029+02:00,36435234,Brasileiro Serie A,Brazil,Santos FC SP,CR Flamengo RJ,2026-10-08T22:30:00+00:00,7.3046,soccer.asian_handicap,period=ft,home,handicap=1.75,1.27
2026-10-09T00:22:41.723029+02:00,36435234,Brasileiro Serie A,Brazil,Santos FC SP,CR Flamengo RJ,2026-10-08T22:30:00+00:00,7.3046,soccer.asian_handicap,period=ft,away,handicap=1.75,3.85
2026-10-09T00:22:41.723029+02:00,36435234,Brasileiro Serie A,Brazil,Santos FC SP,CR Flamengo RJ,2026-10-08T22:30:00+00:00,7.3046,soccer.double_chance,period=ft,draw_away,,1.23
2026-10-09T00:22:41.723029+02:00,36435234,Brasileiro Serie A,Brazil,Santos FC SP,CR Flamengo RJ,2026-10-08T22:30:00+00:00,7.3046,soccer.double_chance,period=ft,home_away,,1.26
2026-10-09T00:22:41.723029+02:00,36435234,Brasileiro Serie A,Brazil,Santos FC SP,CR Flamengo RJ,2026-10-08T22:30:00+00:00,7.3046,soccer.double_chance,period=ft,home_draw,,2.07
2026-10-09T00:22:41.723029+02:00,36435234,Brasileiro Serie A,Brazil,Santos FC SP,CR Flamengo RJ,2026-10-08T22:30:00+00:00,7.3046,soccer.match_odds,period=ft,home,,4.3
2026-10-09T00:22:41.723029+02:00,36435234,Brasileiro Serie A,Brazil,Santos FC SP,CR Flamengo RJ,2026-10-08T22:30:00+00:00,7.3046,soccer.match_odds,period=ft,draw,,3.95
2026-10-09T00:22:41.723029+02:00,36435234,Brasileiro Serie A,Brazil,Santos FC SP,CR Flamengo RJ,2026-10-08T22:30:00+00:00,7.3046,soccer.match_odds,period=ft,away,,1.78
2026-10-09T00:22:41.723029+02:00,36435234,Brasileiro Serie A,Brazil,Santos FC SP,CR Flamengo RJ,2026-10-08T22:30:00+00:00,7.3046,soccer.total_goals,period=ft,over,total=3,2.01
2026-10-09T00:22:41.723029+02:00,36435234,Brasileiro Serie A,Brazil,Santos FC SP,CR Flamengo RJ,2026-10-08T22:30:00+00:00,7.3046,soccer.total_goals,period=ft,under,total=3,1.85
2026-10-09T00:22:41.723029+02:00,36435234,Brasileiro Serie A,Brazil,Santos FC SP,CR Flamengo RJ,2026-10-08T22:30:00+00:00,7.3046,soccer.total_goals,period=ft,over,total=1.5,1.18
2026-10-09T00:22:41.723029+02:00,36435234,Brasileiro Serie A,Brazil,Santos FC SP,CR Flamengo RJ,2026-10-08T22:30:00+00:00,7.3046,soccer.total_goals,period=ft,under,total=1.5,4.85
2026-10-09T00:22:41.723029+02:00,36435234,Brasileiro Serie A,Brazil,Santos FC SP,CR Flamengo RJ,2026-10-08T22:30:00+00:00,7.3046,soccer.total_goals,period=ft,over,total=2.5,1.6
2026-10-09T00:22:41.723029+02:00,36435234,Brasileiro Serie A,Brazil,Santos FC SP,CR Flamengo RJ,2026-10-08T22:30:00+00:00,7.3046,soccer.total_goals,period=ft,under,total=2.5,2.35
2026-10-09T00:22:41.723029+02:00,36435234,Brasileiro Serie A,Brazil,Santos FC SP,CR Flamengo RJ,2026-10-08T22:30:00+00:00,7.3046,soccer.total_goals,period=ft,over,total=2.75,1.75
2026-10-09T00:22:41.723029+02:00,36435234,Brasileiro Serie A,Brazil,Santos FC SP,CR Flamengo RJ,2026-10-08T22:30:00+00:00,7.3046,soccer.total_goals,period=ft,under,total=2.75,2.11
2026-10-09T00:22:41.723029+02:00,36435234,Brasileiro Serie A,Brazil,Santos FC SP,CR Flamengo RJ,2026-10-08T22:30:00+00:00,7.3046,soccer.total_goals,period=ft,over,total=3.25,2.25
2026-10-09T00:22:41.723029+02:00,36435234,Brasileiro Serie A,Brazil,Santos FC SP,CR Flamengo RJ,2026-10-08T22:30:00+00:00,7.3046,soccer.total_goals,period=ft,under,total=3.25,1.65
2026-10-09T00:22:41.723029+02:00,36435234,Brasileiro Serie A,Brazil,Santos FC SP,CR Flamengo RJ,2026-10-08T22:30:00+00:00,7.3046,soccer.total_goals,period=ft,over,total=3.5,2.55
2026-10-09T00:22:41.723029+02:00,36435234,Brasileiro Serie A,Brazil,Santos FC SP,CR Flamengo RJ,2026-10-08T22:30:00+00:00,7.3046,soccer.total_goals,period=ft,under,total=3.5,1.52
2026-10-09T00:22:41.723029+02:00,36435234,Brasileiro Serie A,Brazil,Santos FC SP,CR Flamengo RJ,2026-10-08T22:30:00+00:00,7.3046,soccer.total_goals,period=ft,over,total=4.5,4.8
2026-10-09T00:22:41.723029+02:00,36435234,Brasileiro Serie A,Brazil,Santos FC SP,CR Flamengo RJ,2026-10-08T22:30:00+00:00,7.3046,soccer.total_goals,period=ft,under,total=4.5,1.18
2026-10-09T00:22:41.723029+02:00,36435235,Brasileiro Serie A,Brazil,CA Paranaense PR,Atletico Mineiro MG,2026-10-08T23:00:00+00:00,37.3046,soccer.asian_handicap,period=ft,home,handicap=-0.5,2.05
2026-10-09T00:22:41.723029+02:00,36435235,Brasileiro Serie A,Brazil,CA Paranaense PR,Atletico Mineiro MG,2026-10-08T23:00:00+00:00,37.3046,soccer.asian_handicap,period=ft,away,handicap=-0.5,1.83
2026-10-09T00:22:41.723029+02:00,36435235,Brasileiro Serie A,Brazil,CA Paranaense PR,Atletico Mineiro MG,2026-10-08T23:00:00+00:00,37.3046,soccer.asian_handicap,period=ft,home,handicap=-1.5,3.85
2026-10-09T00:22:41.723029+02:00,36435235,Brasileiro Serie A,Brazil,CA Paranaense PR,Atletico Mineiro MG,2026-10-08T23:00:00+00:00,37.3046,soccer.asian_handicap,period=ft,away,handicap=-1.5,1.27
2026-10-09T00:22:41.723029+02:00,36435235,Brasileiro Serie A,Brazil,CA Paranaense PR,Atletico Mineiro MG,2026-10-08T23:00:00+00:00,37.3046,soccer.asian_handicap,period=ft,home,handicap=-1.25,3.4
2026-10-09T00:22:41.723029+02:00,36435235,Brasileiro Serie A,Brazil,CA Paranaense PR,Atletico Mineiro MG,2026-10-08T23:00:00+00:00,37.3046,soccer.asian_handicap,period=ft,away,handicap=-1.25,1.32
2026-10-09T00:22:41.723029+02:00,36435235,Brasileiro Serie A,Brazil,CA Paranaense PR,Atletico Mineiro MG,2026-10-08T23:00:00+00:00,37.3046,soccer.asian_handicap,period=ft,home,handicap=-1,3.0
2026-10-09T00:22:41.723029+02:00,36435235,Brasileiro Serie A,Brazil,CA Paranaense PR,Atletico Mineiro MG,2026-10-08T23:00:00+00:00,37.3046,soccer.asian_handicap,period=ft,away,handicap=-1,1.4
2026-10-09T00:22:41.723029+02:00,36435235,Brasileiro Serie A,Brazil,CA Paranaense PR,Atletico Mineiro MG,2026-10-08T23:00:00+00:00,37.3046,soccer.asian_handicap,period=ft,home,handicap=-0.75,2.35
2026-10-09T00:22:41.723029+02:00,36435235,Brasileiro Serie A,Brazil,CA Paranaense PR,Atletico Mineiro MG,2026-10-08T23:00:00+00:00,37.3046,soccer.asian_handicap,period=ft,away,handicap=-0.75,1.61
2026-10-09T00:22:41.723029+02:00,36435235,Brasileiro Serie A,Brazil,CA Paranaense PR,Atletico Mineiro MG,2026-10-08T23:00:00+00:00,37.3046,soccer.asian_handicap,period=ft,home,handicap=-0.25,1.75
2026-10-09T00:22:41.723029+02:00,36435235,Brasileiro Serie A,Brazil,CA Paranaense PR,Atletico Mineiro MG,2026-10-08T23:00:00+00:00,37.3046,soccer.asian_handicap,period=ft,away,handicap=-0.25,2.13
2026-10-09T00:22:41.723029+02:00,36435235,Brasileiro Serie A,Brazil,CA Paranaense PR,Atletico Mineiro MG,2026-10-08T23:00:00+00:00,37.3046,soccer.asian_handicap,period=ft,home,handicap=0,1.46
2026-10-09T00:22:41.723029+02:00,36435235,Brasileiro Serie A,Brazil,CA Paranaense PR,Atletico Mineiro MG,2026-10-08T23:00:00+00:00,37.3046,soccer.asian_handicap,period=ft,away,handicap=0,2.8
2026-10-09T00:22:41.723029+02:00,36435235,Brasileiro Serie A,Brazil,CA Paranaense PR,Atletico Mineiro MG,2026-10-08T23:00:00+00:00,37.3046,soccer.asian_handicap,period=ft,home,handicap=0.25,1.34
2026-10-09T00:22:41.723029+02:00,36435235,Brasileiro Serie A,Brazil,CA Paranaense PR,Atletico Mineiro MG,2026-10-08T23:00:00+00:00,37.3046,soccer.asian_handicap,period=ft,away,handicap=0.25,3.3
2026-10-09T00:22:41.723029+02:00,36435235,Brasileiro Serie A,Brazil,CA Paranaense PR,Atletico Mineiro MG,2026-10-08T23:00:00+00:00,37.3046,soccer.asian_handicap,period=ft,home,handicap=0.5,1.27
2026-10-09T00:22:41.723029+02:00,36435235,Brasileiro Serie A,Brazil,CA Paranaense PR,Atletico Mineiro MG,2026-10-08T23:00:00+00:00,37.3046,soccer.asian_handicap,period=ft,away,handicap=0.5,3.85
2026-10-09T00:22:41.723029+02:00,36435235,Brasileiro Serie A,Brazil,CA Paranaense PR,Atletico Mineiro MG,2026-10-08T23:00:00+00:00,37.3046,soccer.double_chance,period=ft,draw_away,,1.8
2026-10-09T00:22:41.723029+02:00,36435235,Brasileiro Serie A,Brazil,CA Paranaense PR,Atletico Mineiro MG,2026-10-08T23:00:00+00:00,37.3046,soccer.double_chance,period=ft,home_away,,1.34
2026-10-09T00:22:41.723029+02:00,36435235,Brasileiro Serie A,Brazil,CA Paranaense PR,Atletico Mineiro MG,2026-10-08T23:00:00+00:00,37.3046,soccer.double_chance,period=ft,home_draw,,1.27
2026-10-09T00:22:41.723029+02:00,36435235,Brasileiro Serie A,Brazil,CA Paranaense PR,Atletico Mineiro MG,2026-10-08T23:00:00+00:00,37.3046,soccer.match_odds,period=ft,home,,2.04
2026-10-09T00:22:41.723029+02:00,36435235,Brasileiro Serie A,Brazil,CA Paranaense PR,Atletico Mineiro MG,2026-10-08T23:00:00+00:00,37.3046,soccer.match_odds,period=ft,draw,,3.35
2026-10-09T00:22:41.723029+02:00,36435235,Brasileiro Serie A,Brazil,CA Paranaense PR,Atletico Mineiro MG,2026-10-08T23:00:00+00:00,37.3046,soccer.match_odds,period=ft,away,,3.9
2026-10-09T00:22:41.723029+02:00,36435235,Brasileiro Serie A,Brazil,CA Paranaense PR,Atletico Mineiro MG,2026-10-08T23:00:00+00:00,37.3046,soccer.total_goals,period=ft,over,total=2.5,1.91
2026-10-09T00:22:41.723029+02:00,36435235,Brasileiro Serie A,Brazil,CA Paranaense PR,Atletico Mineiro MG,2026-10-08T23:00:00+00:00,37.3046,soccer.total_goals,period=ft,under,total=2.5,1.95
2026-10-09T00:22:41.723029+02:00,36435235,Brasileiro Serie A,Brazil,CA Paranaense PR,Atletico Mineiro MG,2026-10-08T23:00:00+00:00,37.3046,soccer.total_goals,period=ft,over,total=1.5,1.27
2026-10-09T00:22:41.723029+02:00,36435235,Brasileiro Serie A,Brazil,CA Paranaense PR,Atletico Mineiro MG,2026-10-08T23:00:00+00:00,37.3046,soccer.total_goals,period=ft,under,total=1.5,3.75
2026-10-09T00:22:41.723029+02:00,36435235,Brasileiro Serie A,Brazil,CA Paranaense PR,Atletico Mineiro MG,2026-10-08T23:00:00+00:00,37.3046,soccer.total_goals,period=ft,over,total=2,1.43
2026-10-09T00:22:41.723029+02:00,36435235,Brasileiro Serie A,Brazil,CA Paranaense PR,Atletico Mineiro MG,2026-10-08T23:00:00+00:00,37.3046,soccer.total_goals,period=ft,under,total=2,2.85
2026-10-09T00:22:41.723029+02:00,36435235,Brasileiro Serie A,Brazil,CA Paranaense PR,Atletico Mineiro MG,2026-10-08T23:00:00+00:00,37.3046,soccer.total_goals,period=ft,over,total=2.25,1.66
2026-10-09T00:22:41.723029+02:00,36435235,Brasileiro Serie A,Brazil,CA Paranaense PR,Atletico Mineiro MG,2026-10-08T23:00:00+00:00,37.3046,soccer.total_goals,period=ft,under,total=2.25,2.2
2026-10-09T00:22:41.723029+02:00,36435235,Brasileiro Serie A,Brazil,CA Paranaense PR,Atletico Mineiro MG,2026-10-08T23:00:00+00:00,37.3046,soccer.total_goals,period=ft,over,total=2.75,2.14
2026-10-09T00:22:41.723029+02:00,36435235,Brasileiro Serie A,Brazil,CA Paranaense PR,Atletico Mineiro MG,2026-10-08T23:00:00+00:00,37.3046,soccer.total_goals,period=ft,under,total=2.75,1.72
2026-10-09T00:22:41.723029+02:00,36435235,Brasileiro Serie A,Brazil,CA Paranaense PR,Atletico Mineiro MG,2026-10-08T23:00:00+00:00,37.3046,soccer.total_goals,period=ft,over,total=3,2.55
2026-10-09T00:22:41.723029+02:00,36435235,Brasileiro Serie A,Brazil,CA Paranaense PR,Atletico Mineiro MG,2026-10-08T23:00:00+00:00,37.3046,soccer.total_goals,period=ft,under,total=3,1.51
2026-10-09T00:22:41.723029+02:00,36435235,Brasileiro Serie A,Brazil,CA Paranaense PR,Atletico Mineiro MG,2026-10-08T23:00:00+00:00,37.3046,soccer.total_goals,period=ft,over,total=3.5,3.2
2026-10-09T00:22:41.723029+02:00,36435235,Brasileiro Serie A,Brazil,CA Paranaense PR,Atletico Mineiro MG,2026-10-08T23:00:00+00:00,37.3046,soccer.total_goals,period=ft,under,total=3.5,1.34
2026-10-09T00:22:41.723029+02:00,36435235,Brasileiro Serie A,Brazil,CA Paranaense PR,Atletico Mineiro MG,2026-10-08T23:00:00+00:00,37.3046,soccer.total_goals,period=ft,over,total=4.5,6.45
2026-10-09T00:22:41.723029+02:00,36435235,Brasileiro Serie A,Brazil,CA Paranaense PR,Atletico Mineiro MG,2026-10-08T23:00:00+00:00,37.3046,soccer.total_goals,period=ft,under,total=4.5,1.12
2026-10-09T00:24:45.798446+02:00,36698652,Brazil Campeonato Paraibano (PB) Division 2,Brazil,AD Guarabira,Auto EC (PB),2026-10-08T22:30:00+00:00,5.2367,soccer.asian_handicap,period=ft,home,handicap=0.25,1.76
2026-10-09T00:24:45.798446+02:00,36698652,Brazil Campeonato Paraibano (PB) Division 2,Brazil,AD Guarabira,Auto EC (PB),2026-10-08T22:30:00+00:00,5.2367,soccer.asian_handicap,period=ft,away,handicap=0.25,1.95
2026-10-09T00:24:45.798446+02:00,36698652,Brazil Campeonato Paraibano (PB) Division 2,Brazil,AD Guarabira,Auto EC (PB),2026-10-08T22:30:00+00:00,5.2367,soccer.asian_handicap,period=ft,home,handicap=-0.5,2.8
2026-10-09T00:24:45.798446+02:00,36698652,Brazil Campeonato Paraibano (PB) Division 2,Brazil,AD Guarabira,Auto EC (PB),2026-10-08T22:30:00+00:00,5.2367,soccer.asian_handicap,period=ft,away,handicap=-0.5,1.33
2026-10-09T00:24:45.798446+02:00,36698652,Brazil Campeonato Paraibano (PB) Division 2,Brazil,AD Guarabira,Auto EC (PB),2026-10-08T22:30:00+00:00,5.2367,soccer.asian_handicap,period=ft,home,handicap=-0.25,2.45
2026-10-09T00:24:45.798446+02:00,36698652,Brazil Campeonato Paraibano (PB) Division 2,Brazil,AD Guarabira,Auto EC (PB),2026-10-08T22:30:00+00:00,5.2367,soccer.asian_handicap,period=ft,away,handicap=-0.25,1.44
2026-10-09T00:24:45.798446+02:00,36698652,Brazil Campeonato Paraibano (PB) Division 2,Brazil,AD Guarabira,Auto EC (PB),2026-10-08T22:30:00+00:00,5.2367,soccer.asian_handicap,period=ft,home,handicap=0,2.1
2026-10-09T00:24:45.798446+02:00,36698652,Brazil Campeonato Paraibano (PB) Division 2,Brazil,AD Guarabira,Auto EC (PB),2026-10-08T22:30:00+00:00,5.2367,soccer.asian_handicap,period=ft,away,handicap=0,1.62
2026-10-09T00:24:45.798446+02:00,36698652,Brazil Campeonato Paraibano (PB) Division 2,Brazil,AD Guarabira,Auto EC (PB),2026-10-08T22:30:00+00:00,5.2367,soccer.asian_handicap,period=ft,home,handicap=0.5,1.55
2026-10-09T00:24:45.798446+02:00,36698652,Brazil Campeonato Paraibano (PB) Division 2,Brazil,AD Guarabira,Auto EC (PB),2026-10-08T22:30:00+00:00,5.2367,soccer.asian_handicap,period=ft,away,handicap=0.5,2.2
2026-10-09T00:24:45.798446+02:00,36698652,Brazil Campeonato Paraibano (PB) Division 2,Brazil,AD Guarabira,Auto EC (PB),2026-10-08T22:30:00+00:00,5.2367,soccer.asian_handicap,period=ft,home,handicap=0.75,1.39
2026-10-09T00:24:45.798446+02:00,36698652,Brazil Campeonato Paraibano (PB) Division 2,Brazil,AD Guarabira,Auto EC (PB),2026-10-08T22:30:00+00:00,5.2367,soccer.asian_handicap,period=ft,away,handicap=0.75,2.6
2026-10-09T00:24:45.798446+02:00,36698652,Brazil Campeonato Paraibano (PB) Division 2,Brazil,AD Guarabira,Auto EC (PB),2026-10-08T22:30:00+00:00,5.2367,soccer.asian_handicap,period=ft,home,handicap=1,1.23
2026-10-09T00:24:45.798446+02:00,36698652,Brazil Campeonato Paraibano (PB) Division 2,Brazil,AD Guarabira,Auto EC (PB),2026-10-08T22:30:00+00:00,5.2367,soccer.asian_handicap,period=ft,away,handicap=1,3.4
2026-10-09T00:24:45.798446+02:00,36698652,Brazil Campeonato Paraibano (PB) Division 2,Brazil,AD Guarabira,Auto EC (PB),2026-10-08T22:30:00+00:00,5.2367,soccer.total_goals,period=ft,over,total=2.5,1.91
2026-10-09T00:24:45.798446+02:00,36698652,Brazil Campeonato Paraibano (PB) Division 2,Brazil,AD Guarabira,Auto EC (PB),2026-10-08T22:30:00+00:00,5.2367,soccer.total_goals,period=ft,under,total=2.5,1.79
2026-10-09T00:24:45.798446+02:00,36698652,Brazil Campeonato Paraibano (PB) Division 2,Brazil,AD Guarabira,Auto EC (PB),2026-10-08T22:30:00+00:00,5.2367,soccer.total_goals,period=ft,over,total=1.75,1.32
2026-10-09T00:24:45.798446+02:00,36698652,Brazil Campeonato Paraibano (PB) Division 2,Brazil,AD Guarabira,Auto EC (PB),2026-10-08T22:30:00+00:00,5.2367,soccer.total_goals,period=ft,under,total=1.75,2.9
2026-10-09T00:24:45.798446+02:00,36698652,Brazil Campeonato Paraibano (PB) Division 2,Brazil,AD Guarabira,Auto EC (PB),2026-10-08T22:30:00+00:00,5.2367,soccer.total_goals,period=ft,over,total=2,1.42
2026-10-09T00:24:45.798446+02:00,36698652,Brazil Campeonato Paraibano (PB) Division 2,Brazil,AD Guarabira,Auto EC (PB),2026-10-08T22:30:00+00:00,5.2367,soccer.total_goals,period=ft,under,total=2,2.5
2026-10-09T00:24:45.798446+02:00,36698652,Brazil Campeonato Paraibano (PB) Division 2,Brazil,AD Guarabira,Auto EC (PB),2026-10-08T22:30:00+00:00,5.2367,soccer.total_goals,period=ft,over,total=2.25,1.66
2026-10-09T00:24:45.798446+02:00,36698652,Brazil Campeonato Paraibano (PB) Division 2,Brazil,AD Guarabira,Auto EC (PB),2026-10-08T22:30:00+00:00,5.2367,soccer.total_goals,period=ft,under,total=2.25,2.04
2026-10-09T00:24:45.798446+02:00,36698652,Brazil Campeonato Paraibano (PB) Division 2,Brazil,AD Guarabira,Auto EC (PB),2026-10-08T22:30:00+00:00,5.2367,soccer.total_goals,period=ft,over,total=2.75,2.15
2026-10-09T00:24:45.798446+02:00,36698652,Brazil Campeonato Paraibano (PB) Division 2,Brazil,AD Guarabira,Auto EC (PB),2026-10-08T22:30:00+00:00,5.2367,soccer.total_goals,period=ft,under,total=2.75,1.6
2026-10-09T00:24:45.798446+02:00,36698652,Brazil Campeonato Paraibano (PB) Division 2,Brazil,AD Guarabira,Auto EC (PB),2026-10-08T22:30:00+00:00,5.2367,soccer.total_goals,period=ft,over,total=3,2.55
2026-10-09T00:24:45.798446+02:00,36698652,Brazil Campeonato Paraibano (PB) Division 2,Brazil,AD Guarabira,Auto EC (PB),2026-10-08T22:30:00+00:00,5.2367,soccer.total_goals,period=ft,under,total=3,1.41
2026-10-09T00:24:45.798446+02:00,36698652,Brazil Campeonato Paraibano (PB) Division 2,Brazil,AD Guarabira,Auto EC (PB),2026-10-08T22:30:00+00:00,5.2367,soccer.total_goals,period=ft,over,total=3.25,2.85
2026-10-09T00:24:45.798446+02:00,36698652,Brazil Campeonato Paraibano (PB) Division 2,Brazil,AD Guarabira,Auto EC (PB),2026-10-08T22:30:00+00:00,5.2367,soccer.total_goals,period=ft,under,total=3.25,1.33
2026-10-09T00:24:45.798446+02:00,36626420,"Primera A, Clausura",Colombia,Atletico Nacional Medellin,CD Tolima,2026-10-08T23:05:00+00:00,40.2367,soccer.asian_handicap,period=ft,home,handicap=-0.75,1.83
2026-10-09T00:24:45.798446+02:00,36626420,"Primera A, Clausura",Colombia,Atletico Nacional Medellin,CD Tolima,2026-10-08T23:05:00+00:00,40.2367,soccer.asian_handicap,period=ft,away,handicap=-0.75,2.0
2026-10-09T00:24:45.798446+02:00,36626420,"Primera A, Clausura",Colombia,Atletico Nacional Medellin,CD Tolima,2026-10-08T23:05:00+00:00,40.2367,soccer.asian_handicap,period=ft,home,handicap=-1.75,3.45
2026-10-09T00:24:45.798446+02:00,36626420,"Primera A, Clausura",Colombia,Atletico Nacional Medellin,CD Tolima,2026-10-08T23:05:00+00:00,40.2367,soccer.asian_handicap,period=ft,away,handicap=-1.75,1.3
2026-10-09T00:24:45.798446+02:00,36626420,"Primera A, Clausura",Colombia,Atletico Nacional Medellin,CD Tolima,2026-10-08T23:05:00+00:00,40.2367,soccer.asian_handicap,period=ft,home,handicap=-1.5,2.8
2026-10-09T00:24:45.798446+02:00,36626420,"Primera A, Clausura",Colombia,Atletico Nacional Medellin,CD Tolima,2026-10-08T23:05:00+00:00,40.2367,soccer.asian_handicap,period=ft,away,handicap=-1.5,1.42
2026-10-09T00:24:45.798446+02:00,36626420,"Primera A, Clausura",Colombia,Atletico Nacional Medellin,CD Tolima,2026-10-08T23:05:00+00:00,40.2367,soccer.asian_handicap,period=ft,home,handicap=-1.25,2.45
2026-10-09T00:24:45.798446+02:00,36626420,"Primera A, Clausura",Colombia,Atletico Nacional Medellin,CD Tolima,2026-10-08T23:05:00+00:00,40.2367,soccer.asian_handicap,period=ft,away,handicap=-1.25,1.54
2026-10-09T00:24:45.798446+02:00,36626420,"Primera A, Clausura",Colombia,Atletico Nacional Medellin,CD Tolima,2026-10-08T23:05:00+00:00,40.2367,soccer.asian_handicap,period=ft,home,handicap=-1,2.14
2026-10-09T00:24:45.798446+02:00,36626420,"Primera A, Clausura",Colombia,Atletico Nacional Medellin,CD Tolima,2026-10-08T23:05:00+00:00,40.2367,soccer.asian_handicap,period=ft,away,handicap=-1,1.71
2026-10-09T00:24:45.798446+02:00,36626420,"Primera A, Clausura",Colombia,Atletico Nacional Medellin,CD Tolima,2026-10-08T23:05:00+00:00,40.2367,soccer.asian_handicap,period=ft,home,handicap=-0.5,1.64
2026-10-09T00:24:45.798446+02:00,36626420,"Primera A, Clausura",Colombia,Atletico Nacional Medellin,CD Tolima,2026-10-08T23:05:00+00:00,40.2367,soccer.asian_handicap,period=ft,away,handicap=-0.5,2.25
2026-10-09T00:24:45.798446+02:00,36626420,"Primera A, Clausura",Colombia,Atletico Nacional Medellin,CD Tolima,2026-10-08T23:05:00+00:00,40.2367,soccer.asian_handicap,period=ft,home,handicap=-0.25,1.44
2026-10-09T00:24:45.798446+02:00,36626420,"Primera A, Clausura",Colombia,Atletico Nacional Medellin,CD Tolima,2026-10-08T23:05:00+00:00,40.2367,soccer.asian_handicap,period=ft,away,handicap=-0.25,2.75
2026-10-09T00:24:45.798446+02:00,36626420,"Primera A, Clausura",Colombia,Atletico Nacional Medellin,CD Tolima,2026-10-08T23:05:00+00:00,40.2367,soccer.asian_handicap,period=ft,home,handicap=0,1.24
2026-10-09T00:24:45.798446+02:00,36626420,"Primera A, Clausura",Colombia,Atletico Nacional Medellin,CD Tolima,2026-10-08T23:05:00+00:00,40.2367,soccer.asian_handicap,period=ft,away,handicap=0,3.9
2026-10-09T00:24:45.798446+02:00,36626420,"Primera A, Clausura",Colombia,Atletico Nacional Medellin,CD Tolima,2026-10-08T23:05:00+00:00,40.2367,soccer.asian_handicap,period=ft,home,handicap=0.25,1.19
2026-10-09T00:24:45.798446+02:00,36626420,"Primera A, Clausura",Colombia,Atletico Nacional Medellin,CD Tolima,2026-10-08T23:05:00+00:00,40.2367,soccer.asian_handicap,period=ft,away,handicap=0.25,4.5
2026-10-09T00:24:45.798446+02:00,36626420,"Primera A, Clausura",Colombia,Atletico Nacional Medellin,CD Tolima,2026-10-08T23:05:00+00:00,40.2367,soccer.double_chance,period=ft,draw_away,,2.08
2026-10-09T00:24:45.798446+02:00,36626420,"Primera A, Clausura",Colombia,Atletico Nacional Medellin,CD Tolima,2026-10-08T23:05:00+00:00,40.2367,soccer.double_chance,period=ft,home_away,,1.28
2026-10-09T00:24:45.798446+02:00,36626420,"Primera A, Clausura",Colombia,Atletico Nacional Medellin,CD Tolima,2026-10-08T23:05:00+00:00,40.2367,soccer.double_chance,period=ft,home_draw,,1.2
2026-10-09T00:24:45.798446+02:00,36626420,"Primera A, Clausura",Colombia,Atletico Nacional Medellin,CD Tolima,2026-10-08T23:05:00+00:00,40.2367,soccer.match_odds,period=ft,home,,1.64
2026-10-09T00:24:45.798446+02:00,36626420,"Primera A, Clausura",Colombia,Atletico Nacional Medellin,CD Tolima,2026-10-08T23:05:00+00:00,40.2367,soccer.match_odds,period=ft,draw,,3.85
2026-10-09T00:24:45.798446+02:00,36626420,"Primera A, Clausura",Colombia,Atletico Nacional Medellin,CD Tolima,2026-10-08T23:05:00+00:00,40.2367,soccer.match_odds,period=ft,away,,5.15
2026-10-09T00:24:45.798446+02:00,36626420,"Primera A, Clausura",Colombia,Atletico Nacional Medellin,CD Tolima,2026-10-08T23:05:00+00:00,40.2367,soccer.total_goals,period=ft,over,total=2.5,1.83
2026-10-09T00:24:45.798446+02:00,36626420,"Primera A, Clausura",Colombia,Atletico Nacional Medellin,CD Tolima,2026-10-08T23:05:00+00:00,40.2367,soccer.total_goals,period=ft,under,total=2.5,1.98
2026-10-09T00:24:45.798446+02:00,36626420,"Primera A, Clausura",Colombia,Atletico Nacional Medellin,CD Tolima,2026-10-08T23:05:00+00:00,40.2367,soccer.total_goals,period=ft,over,total=1.5,1.25
2026-10-09T00:24:45.798446+02:00,36626420,"Primera A, Clausura",Colombia,Atletico Nacional Medellin,CD Tolima,2026-10-08T23:05:00+00:00,40.2367,soccer.total_goals,period=ft,under,total=1.5,3.75
2026-10-09T00:24:45.798446+02:00,36626420,"Primera A, Clausura",Colombia,Atletico Nacional Medellin,CD Tolima,2026-10-08T23:05:00+00:00,40.2367,soccer.total_goals,period=ft,over,total=2,1.39
2026-10-09T00:24:45.798446+02:00,36626420,"Primera A, Clausura",Colombia,Atletico Nacional Medellin,CD Tolima,2026-10-08T23:05:00+00:00,40.2367,soccer.total_goals,period=ft,under,total=2,2.95
2026-10-09T00:24:45.798446+02:00,36626420,"Primera A, Clausura",Colombia,Atletico Nacional Medellin,CD Tolima,2026-10-08T23:05:00+00:00,40.2367,soccer.total_goals,period=ft,over,total=2.25,1.61
2026-10-09T00:24:45.798446+02:00,36626420,"Primera A, Clausura",Colombia,Atletico Nacional Medellin,CD Tolima,2026-10-08T23:05:00+00:00,40.2367,soccer.total_goals,period=ft,under,total=2.25,2.3
2026-10-09T00:24:45.798446+02:00,36626420,"Primera A, Clausura",Colombia,Atletico Nacional Medellin,CD Tolima,2026-10-08T23:05:00+00:00,40.2367,soccer.total_goals,period=ft,over,total=2.75,2.05
2026-10-09T00:24:45.798446+02:00,36626420,"Primera A, Clausura",Colombia,Atletico Nacional Medellin,CD Tolima,2026-10-08T23:05:00+00:00,40.2367,soccer.total_goals,period=ft,under,total=2.75,1.75
2026-10-09T00:24:45.798446+02:00,36626420,"Primera A, Clausura",Colombia,Atletico Nacional Medellin,CD Tolima,2026-10-08T23:05:00+00:00,40.2367,soccer.total_goals,period=ft,over,total=3,2.45
2026-10-09T00:24:45.798446+02:00,36626420,"Primera A, Clausura",Colombia,Atletico Nacional Medellin,CD Tolima,2026-10-08T23:05:00+00:00,40.2367,soccer.total_goals,period=ft,under,total=3,1.54
2026-10-09T00:24:45.798446+02:00,36626420,"Primera A, Clausura",Colombia,Atletico Nacional Medellin,CD Tolima,2026-10-08T23:05:00+00:00,40.2367,soccer.total_goals,period=ft,over,total=3.5,3.05
2026-10-09T00:24:45.798446+02:00,36626420,"Primera A, Clausura",Colombia,Atletico Nacional Medellin,CD Tolima,2026-10-08T23:05:00+00:00,40.2367,soccer.total_goals,period=ft,under,total=3.5,1.35
2026-10-09T00:24:45.798446+02:00,36626420,"Primera A, Clausura",Colombia,Atletico Nacional Medellin,CD Tolima,2026-10-08T23:05:00+00:00,40.2367,soccer.total_goals,period=ft,over,total=4.5,6.1
2026-10-09T00:24:45.798446+02:00,36626420,"Primera A, Clausura",Colombia,Atletico Nacional Medellin,CD Tolima,2026-10-08T23:05:00+00:00,40.2367,soccer.total_goals,period=ft,under,total=4.5,1.11
2026-10-09T00:24:45.798446+02:00,36435234,Brasileiro Serie A,Brazil,Santos FC SP,CR Flamengo RJ,2026-10-08T22:30:00+00:00,5.2367,soccer.asian_handicap,period=ft,home,handicap=0.75,1.86
2026-10-09T00:24:45.798446+02:00,36435234,Brasileiro Serie A,Brazil,Santos FC SP,CR Flamengo RJ,2026-10-08T22:30:00+00:00,5.2367,soccer.asian_handicap,period=ft,away,handicap=0.75,2.02
2026-10-09T00:24:45.798446+02:00,36435234,Brasileiro Serie A,Brazil,Santos FC SP,CR Flamengo RJ,2026-10-08T22:30:00+00:00,5.2367,soccer.asian_handicap,period=ft,home,handicap=-0.25,3.75
2026-10-09T00:24:45.798446+02:00,36435234,Brasileiro Serie A,Brazil,Santos FC SP,CR Flamengo RJ,2026-10-08T22:30:00+00:00,5.2367,soccer.asian_handicap,period=ft,away,handicap=-0.25,1.28
2026-10-09T00:24:45.798446+02:00,36435234,Brasileiro Serie A,Brazil,Santos FC SP,CR Flamengo RJ,2026-10-08T22:30:00+00:00,5.2367,soccer.asian_handicap,period=ft,home,handicap=0,3.25
2026-10-09T00:24:45.798446+02:00,36435234,Brasileiro Serie A,Brazil,Santos FC SP,CR Flamengo RJ,2026-10-08T22:30:00+00:00,5.2367,soccer.asian_handicap,period=ft,away,handicap=0,1.35
2026-10-09T00:24:45.798446+02:00,36435234,Brasileiro Serie A,Brazil,Santos FC SP,CR Flamengo RJ,2026-10-08T22:30:00+00:00,5.2367,soccer.asian_handicap,period=ft,home,handicap=0.25,2.45
2026-10-09T00:24:45.798446+02:00,36435234,Brasileiro Serie A,Brazil,Santos FC SP,CR Flamengo RJ,2026-10-08T22:30:00+00:00,5.2367,soccer.asian_handicap,period=ft,away,handicap=0.25,1.56
2026-10-09T00:24:45.798446+02:00,36435234,Brasileiro Serie A,Brazil,Santos FC SP,CR Flamengo RJ,2026-10-08T22:30:00+00:00,5.2367,soccer.asian_handicap,period=ft,home,handicap=0.5,2.08
2026-10-09T00:24:45.798446+02:00,36435234,Brasileiro Serie A,Brazil,Santos FC SP,CR Flamengo RJ,2026-10-08T22:30:00+00:00,5.2367,soccer.asian_handicap,period=ft,away,handicap=0.5,1.78
2026-10-09T00:24:45.798446+02:00,36435234,Brasileiro Serie A,Brazil,Santos FC SP,CR Flamengo RJ,2026-10-08T22:30:00+00:00,5.2367,soccer.asian_handicap,period=ft,home,handicap=1,1.6
2026-10-09T00:24:45.798446+02:00,36435234,Brasileiro Serie A,Brazil,Santos FC SP,CR Flamengo RJ,2026-10-08T22:30:00+00:00,5.2367,soccer.asian_handicap,period=ft,away,handicap=1,2.4
2026-10-09T00:24:45.798446+02:00,36435234,Brasileiro Serie A,Brazil,Santos FC SP,CR Flamengo RJ,2026-10-08T22:30:00+00:00,5.2367,soccer.asian_handicap,period=ft,home,handicap=1.25,1.47
2026-10-09T00:24:45.798446+02:00,36435234,Brasileiro Serie A,Brazil,Santos FC SP,CR Flamengo RJ,2026-10-08T22:30:00+00:00,5.2367,soccer.asian_handicap,period=ft,away,handicap=1.25,2.75
2026-10-09T00:24:45.798446+02:00,36435234,Brasileiro Serie A,Brazil,Santos FC SP,CR Flamengo RJ,2026-10-08T22:30:00+00:00,5.2367,soccer.asian_handicap,period=ft,home,handicap=1.5,1.38
2026-10-09T00:24:45.798446+02:00,36435234,Brasileiro Serie A,Brazil,Santos FC SP,CR Flamengo RJ,2026-10-08T22:30:00+00:00,5.2367,soccer.asian_handicap,period=ft,away,handicap=1.5,3.05
2026-10-09T00:24:45.798446+02:00,36435234,Brasileiro Serie A,Brazil,Santos FC SP,CR Flamengo RJ,2026-10-08T22:30:00+00:00,5.2367,soccer.asian_handicap,period=ft,home,handicap=1.75,1.27
2026-10-09T00:24:45.798446+02:00,36435234,Brasileiro Serie A,Brazil,Santos FC SP,CR Flamengo RJ,2026-10-08T22:30:00+00:00,5.2367,soccer.asian_handicap,period=ft,away,handicap=1.75,3.85
2026-10-09T00:24:45.798446+02:00,36435234,Brasileiro Serie A,Brazil,Santos FC SP,CR Flamengo RJ,2026-10-08T22:30:00+00:00,5.2367,soccer.double_chance,period=ft,draw_away,,1.23
2026-10-09T00:24:45.798446+02:00,36435234,Brasileiro Serie A,Brazil,Santos FC SP,CR Flamengo RJ,2026-10-08T22:30:00+00:00,5.2367,soccer.double_chance,period=ft,home_away,,1.26
2026-10-09T00:24:45.798446+02:00,36435234,Brasileiro Serie A,Brazil,Santos FC SP,CR Flamengo RJ,2026-10-08T22:30:00+00:00,5.2367,soccer.double_chance,period=ft,home_draw,,2.07
2026-10-09T00:24:45.798446+02:00,36435234,Brasileiro Serie A,Brazil,Santos FC SP,CR Flamengo RJ,2026-10-08T22:30:00+00:00,5.2367,soccer.match_odds,period=ft,home,,4.3
2026-10-09T00:24:45.798446+02:00,36435234,Brasileiro Serie A,Brazil,Santos FC SP,CR Flamengo RJ,2026-10-08T22:30:00+00:00,5.2367,soccer.match_odds,period=ft,draw,,3.95
2026-10-09T00:24:45.798446+02:00,36435234,Brasileiro Serie A,Brazil,Santos FC SP,CR Flamengo RJ,2026-10-08T22:30:00+00:00,5.2367,soccer.match_odds,period=ft,away,,1.78
2026-10-09T00:24:45.798446+02:00,36435234,Brasileiro Serie A,Brazil,Santos FC SP,CR Flamengo RJ,2026-10-08T22:30:00+00:00,5.2367,soccer.total_goals,period=ft,over,total=3,2.01
2026-10-09T00:24:45.798446+02:00,36435234,Brasileiro Serie A,Brazil,Santos FC SP,CR Flamengo RJ,2026-10-08T22:30:00+00:00,5.2367,soccer.total_goals,period=ft,under,total=3,1.85
2026-10-09T00:24:45.798446+02:00,36435234,Brasileiro Serie A,Brazil,Santos FC SP,CR Flamengo RJ,2026-10-08T22:30:00+00:00,5.2367,soccer.total_goals,period=ft,over,total=1.5,1.18
2026-10-09T00:24:45.798446+02:00,36435234,Brasileiro Serie A,Brazil,Santos FC SP,CR Flamengo RJ,2026-10-08T22:30:00+00:00,5.2367,soccer.total_goals,period=ft,under,total=1.5,4.85
2026-10-09T00:24:45.798446+02:00,36435234,Brasileiro Serie A,Brazil,Santos FC SP,CR Flamengo RJ,2026-10-08T22:30:00+00:00,5.2367,soccer.total_goals,period=ft,over,total=2.5,1.6
2026-10-09T00:24:45.798446+02:00,36435234,Brasileiro Serie A,Brazil,Santos FC SP,CR Flamengo RJ,2026-10-08T22:30:00+00:00,5.2367,soccer.total_goals,period=ft,under,total=2.5,2.35
2026-10-09T00:24:45.798446+02:00,36435234,Brasileiro Serie A,Brazil,Santos FC SP,CR Flamengo RJ,2026-10-08T22:30:00+00:00,5.2367,soccer.total_goals,period=ft,over,total=2.75,1.75
2026-10-09T00:24:45.798446+02:00,36435234,Brasileiro Serie A,Brazil,Santos FC SP,CR Flamengo RJ,2026-10-08T22:30:00+00:00,5.2367,soccer.total_goals,period=ft,under,total=2.75,2.11
2026-10-09T00:24:45.798446+02:00,36435234,Brasileiro Serie A,Brazil,Santos FC SP,CR Flamengo RJ,2026-10-08T22:30:00+00:00,5.2367,soccer.total_goals,period=ft,over,total=3.25,2.25
2026-10-09T00:24:45.798446+02:00,36435234,Brasileiro Serie A,Brazil,Santos FC SP,CR Flamengo RJ,2026-10-08T22:30:00+00:00,5.2367,soccer.total_goals,period=ft,under,total=3.25,1.65
2026-10-09T00:24:45.798446+02:00,36435234,Brasileiro Serie A,Brazil,Santos FC SP,CR Flamengo RJ,2026-10-08T22:30:00+00:00,5.2367,soccer.total_goals,period=ft,over,total=3.5,2.55
2026-10-09T00:24:45.798446+02:00,36435234,Brasileiro Serie A,Brazil,Santos FC SP,CR Flamengo RJ,2026-10-08T22:30:00+00:00,5.2367,soccer.total_goals,period=ft,under,total=3.5,1.52
2026-10-09T00:24:45.798446+02:00,36435234,Brasileiro Serie A,Brazil,Santos FC SP,CR Flamengo RJ,2026-10-08T22:30:00+00:00,5.2367,soccer.total_goals,period=ft,over,total=4.5,4.8
2026-10-09T00:24:45.798446+02:00,36435234,Brasileiro Serie A,Brazil,Santos FC SP,CR Flamengo RJ,2026-10-08T22:30:00+00:00,5.2367,soccer.total_goals,period=ft,under,total=4.5,1.18
2026-10-09T00:24:45.798446+02:00,36609426,Brasileiro Serie B,Brazil,Ceara SC CE,Criciuma EC SC,2026-10-08T22:30:00+00:00,5.2367,soccer.asian_handicap,period=ft,home,handicap=0,1.89
2026-10-09T00:24:45.798446+02:00,36609426,Brasileiro Serie B,Brazil,Ceara SC CE,Criciuma EC SC,2026-10-08T22:30:00+00:00,5.2367,soccer.asian_handicap,period=ft,away,handicap=0,1.95
2026-10-09T00:24:45.798446+02:00,36609426,Brasileiro Serie B,Brazil,Ceara SC CE,Criciuma EC SC,2026-10-08T22:30:00+00:00,5.2367,soccer.asian_handicap,period=ft,home,handicap=-1,4.8
2026-10-09T00:24:45.798446+02:00,36609426,Brasileiro Serie B,Brazil,Ceara SC CE,Criciuma EC SC,2026-10-08T22:30:00+00:00,5.2367,soccer.asian_handicap,period=ft,away,handicap=-1,1.18
2026-10-09T00:24:45.798446+02:00,36609426,Brasileiro Serie B,Brazil,Ceara SC CE,Criciuma EC SC,2026-10-08T22:30:00+00:00,5.2367,soccer.asian_handicap,period=ft,home,handicap=-0.75,3.3
2026-10-09T00:24:45.798446+02:00,36609426,Brasileiro Serie B,Brazil,Ceara SC CE,Criciuma EC SC,2026-10-08T22:30:00+00:00,5.2367,soccer.asian_handicap,period=ft,away,handicap=-0.75,1.33
2026-10-09T00:24:45.798446+02:00,36609426,Brasileiro Serie B,Brazil,Ceara SC CE,Criciuma EC SC,2026-10-08T22:30:00+00:00,5.2367,soccer.asian_handicap,period=ft,home,handicap=-0.5,2.65
2026-10-09T00:24:45.798446+02:00,36609426,Brasileiro Serie B,Brazil,Ceara SC CE,Criciuma EC SC,2026-10-08T22:30:00+00:00,5.2367,soccer.asian_handicap,period=ft,away,handicap=-0.5,1.48
2026-10-09T00:24:45.798446+02:00,36609426,Brasileiro Serie B,Brazil,Ceara SC CE,Criciuma EC SC,2026-10-08T22:30:00+00:00,5.2367,soccer.asian_handicap,period=ft,home,handicap=-0.25,2.25
2026-10-09T00:24:45.798446+02:00,36609426,Brasileiro Serie B,Brazil,Ceara SC CE,Criciuma EC SC,2026-10-08T22:30:00+00:00,5.2367,soccer.asian_handicap,period=ft,away,handicap=-0.25,1.64
2026-10-09T00:24:45.798446+02:00,36609426,Brasileiro Serie B,Brazil,Ceara SC CE,Criciuma EC SC,2026-10-08T22:30:00+00:00,5.2367,soccer.asian_handicap,period=ft,home,handicap=0.25,1.61
2026-10-09T00:24:45.798446+02:00,36609426,Brasileiro Serie B,Brazil,Ceara SC CE,Criciuma EC SC,2026-10-08T22:30:00+00:00,5.2367,soccer.asian_handicap,period=ft,away,handicap=0.25,2.3
2026-10-09T00:24:45.798446+02:00,36609426,Brasileiro Serie B,Brazil,Ceara SC CE,Criciuma EC SC,2026-10-08T22:30:00+00:00,5.2367,soccer.asian_handicap,period=ft,home,handicap=0.5,1.46
2026-10-09T00:24:45.798446+02:00,36609426,Brasileiro Serie B,Brazil,Ceara SC CE,Criciuma EC SC,2026-10-08T22:30:00+00:00,5.2367,soccer.asian_handicap,period=ft,away,handicap=0.5,2.7
2026-10-09T00:24:45.798446+02:00,36609426,Brasileiro Serie B,Brazil,Ceara SC CE,Criciuma EC SC,2026-10-08T22:30:00+00:00,5.2367,soccer.asian_handicap,period=ft,home,handicap=0.75,1.31
2026-10-09T00:24:45.798446+02:00,36609426,Brasileiro Serie B,Brazil,Ceara SC CE,Criciuma EC SC,2026-10-08T22:30:00+00:00,5.2367,soccer.asian_handicap,period=ft,away,handicap=0.75,3.4
2026-10-09T00:24:45.798446+02:00,36609426,Brasileiro Serie B,Brazil,Ceara SC CE,Criciuma EC SC,2026-10-08T22:30:00+00:00,5.2367,soccer.asian_handicap,period=ft,home,handicap=1,1.17
2026-10-09T00:24:45.798446+02:00,36609426,Brasileiro Serie B,Brazil,Ceara SC CE,Criciuma EC SC,2026-10-08T22:30:00+00:00,5.2367,soccer.asian_handicap,period=ft,away,handicap=1,5.05
2026-10-09T00:24:45.798446+02:00,36609426,Brasileiro Serie B,Brazil,Ceara SC CE,Criciuma EC SC,2026-10-08T22:30:00+00:00,5.2367,soccer.double_chance,period=ft,draw_away,,1.47
2026-10-09T00:24:45.798446+02:00,36609426,Brasileiro Serie B,Brazil,Ceara SC CE,Criciuma EC SC,2026-10-08T22:30:00+00:00,5.2367,soccer.double_chance,period=ft,home_away,,1.35
2026-10-09T00:24:45.798446+02:00,36609426,Brasileiro Serie B,Brazil,Ceara SC CE,Criciuma EC SC,2026-10-08T22:30:00+00:00,5.2367,soccer.double_chance,period=ft,home_draw,,1.45
2026-10-09T00:24:45.798446+02:00,36609426,Brasileiro Serie B,Brazil,Ceara SC CE,Criciuma EC SC,2026-10-08T22:30:00+00:00,5.2367,soccer.match_odds,period=ft,home,,2.65
2026-10-09T00:24:45.798446+02:00,36609426,Brasileiro Serie B,Brazil,Ceara SC CE,Criciuma EC SC,2026-10-08T22:30:00+00:00,5.2367,soccer.match_odds,period=ft,draw,,3.15
2026-10-09T00:24:45.798446+02:00,36609426,Brasileiro Serie B,Brazil,Ceara SC CE,Criciuma EC SC,2026-10-08T22:30:00+00:00,5.2367,soccer.match_odds,period=ft,away,,2.75
2026-10-09T00:24:45.798446+02:00,36609426,Brasileiro Serie B,Brazil,Ceara SC CE,Criciuma EC SC,2026-10-08T22:30:00+00:00,5.2367,soccer.total_goals,period=ft,over,total=2.25,2.03
2026-10-09T00:24:45.798446+02:00,36609426,Brasileiro Serie B,Brazil,Ceara SC CE,Criciuma EC SC,2026-10-08T22:30:00+00:00,5.2367,soccer.total_goals,period=ft,under,total=2.25,1.8
2026-10-09T00:24:45.798446+02:00,36609426,Brasileiro Serie B,Brazil,Ceara SC CE,Criciuma EC SC,2026-10-08T22:30:00+00:00,5.2367,soccer.total_goals,period=ft,over,total=1.5,1.4
2026-10-09T00:24:45.798446+02:00,36609426,Brasileiro Serie B,Brazil,Ceara SC CE,Criciuma EC SC,2026-10-08T22:30:00+00:00,5.2367,soccer.total_goals,period=ft,under,total=1.5,2.9
2026-10-09T00:24:45.798446+02:00,36609426,Brasileiro Serie B,Brazil,Ceara SC CE,Criciuma EC SC,2026-10-08T22:30:00+00:00,5.2367,soccer.total_goals,period=ft,over,total=1.75,1.52
2026-10-09T00:24:45.798446+02:00,36609426,Brasileiro Serie B,Brazil,Ceara SC CE,Criciuma EC SC,2026-10-08T22:30:00+00:00,5.2367,soccer.total_goals,period=ft,under,total=1.75,2.5
2026-10-09T00:24:45.798446+02:00,36609426,Brasileiro Serie B,Brazil,Ceara SC CE,Criciuma EC SC,2026-10-08T22:30:00+00:00,5.2367,soccer.total_goals,period=ft,over,total=2,1.71
2026-10-09T00:24:45.798446+02:00,36609426,Brasileiro Serie B,Brazil,Ceara SC CE,Criciuma EC SC,2026-10-08T22:30:00+00:00,5.2367,soccer.total_goals,period=ft,under,total=2,2.14
2026-10-09T00:24:45.798446+02:00,36609426,Brasileiro Serie B,Brazil,Ceara SC CE,Criciuma EC SC,2026-10-08T22:30:00+00:00,5.2367,soccer.total_goals,period=ft,over,total=2.5,2.3
2026-10-09T00:24:45.798446+02:00,36609426,Brasileiro Serie B,Brazil,Ceara SC CE,Criciuma EC SC,2026-10-08T22:30:00+00:00,5.2367,soccer.total_goals,period=ft,under,total=2.5,1.6
2026-10-09T00:24:45.798446+02:00,36609426,Brasileiro Serie B,Brazil,Ceara SC CE,Criciuma EC SC,2026-10-08T22:30:00+00:00,5.2367,soccer.total_goals,period=ft,over,total=2.75,2.75
2026-10-09T00:24:45.798446+02:00,36609426,Brasileiro Serie B,Brazil,Ceara SC CE,Criciuma EC SC,2026-10-08T22:30:00+00:00,5.2367,soccer.total_goals,period=ft,under,total=2.75,1.44
2026-10-09T00:24:45.798446+02:00,36609426,Brasileiro Serie B,Brazil,Ceara SC CE,Criciuma EC SC,2026-10-08T22:30:00+00:00,5.2367,soccer.total_goals,period=ft,over,total=3.5,4.4
2026-10-09T00:24:45.798446+02:00,36609426,Brasileiro Serie B,Brazil,Ceara SC CE,Criciuma EC SC,2026-10-08T22:30:00+00:00,5.2367,soccer.total_goals,period=ft,under,total=3.5,1.2
2026-10-09T00:24:45.798446+02:00,36609429,Brasileiro Serie B,Brazil,Nautico PE,Gremio Novorizontino SP,2026-10-08T22:30:00+00:00,5.2367,soccer.asian_handicap,period=ft,home,handicap=0.75,1.86
2026-10-09T00:24:45.798446+02:00,36609429,Brasileiro Serie B,Brazil,Nautico PE,Gremio Novorizontino SP,2026-10-08T22:30:00+00:00,5.2367,soccer.asian_handicap,period=ft,away,handicap=0.75,1.98
2026-10-09T00:24:45.798446+02:00,36609429,Brasileiro Serie B,Brazil,Nautico PE,Gremio Novorizontino SP,2026-10-08T22:30:00+00:00,5.2367,soccer.asian_handicap,period=ft,home,handicap=-0.25,3.8
2026-10-09T00:24:45.798446+02:00,36609429,Brasileiro Serie B,Brazil,Nautico PE,Gremio Novorizontino SP,2026-10-08T22:30:00+00:00,5.2367,soccer.asian_handicap,period=ft,away,handicap=-0.25,1.26
2026-10-09T00:24:45.798446+02:00,36609429,Brasileiro Serie B,Brazil,Nautico PE,Gremio Novorizontino SP,2026-10-08T22:30:00+00:00,5.2367,soccer.asian_handicap,period=ft,home,handicap=0,3.3
2026-10-09T00:24:45.798446+02:00,36609429,Brasileiro Serie B,Brazil,Nautico PE,Gremio Novorizontino SP,2026-10-08T22:30:00+00:00,5.2367,soccer.asian_handicap,period=ft,away,handicap=0,1.33
2026-10-09T00:24:45.798446+02:00,36609429,Brasileiro Serie B,Brazil,Nautico PE,Gremio Novorizontino SP,2026-10-08T22:30:00+00:00,5.2367,soccer.asian_handicap,period=ft,home,handicap=0.25,2.45
2026-10-09T00:24:45.798446+02:00,36609429,Brasileiro Serie B,Brazil,Nautico PE,Gremio Novorizontino SP,2026-10-08T22:30:00+00:00,5.2367,soccer.asian_handicap,period=ft,away,handicap=0.25,1.54
2026-10-09T00:24:45.798446+02:00,36609429,Brasileiro Serie B,Brazil,Nautico PE,Gremio Novorizontino SP,2026-10-08T22:30:00+00:00,5.2367,soccer.asian_handicap,period=ft,home,handicap=0.5,2.09
2026-10-09T00:24:45.798446+02:00,36609429,Brasileiro Serie B,Brazil,Nautico PE,Gremio Novorizontino SP,2026-10-08T22:30:00+00:00,5.2367,soccer.asian_handicap,period=ft,away,handicap=0.5,1.75
2026-10-09T00:24:45.798446+02:00,36609429,Brasileiro Serie B,Brazil,Nautico PE,Gremio Novorizontino SP,2026-10-08T22:30:00+00:00,5.2367,soccer.asian_handicap,period=ft,home,handicap=1,1.61
2026-10-09T00:24:45.798446+02:00,36609429,Brasileiro Serie B,Brazil,Nautico PE,Gremio Novorizontino SP,2026-10-08T22:30:00+00:00,5.2367,soccer.asian_handicap,period=ft,away,handicap=1,2.3
2026-10-09T00:24:45.798446+02:00,36609429,Brasileiro Serie B,Brazil,Nautico PE,Gremio Novorizontino SP,2026-10-08T22:30:00+00:00,5.2367,soccer.asian_handicap,period=ft,home,handicap=1.25,1.48
2026-10-09T00:24:45.798446+02:00,36609429,Brasileiro Serie B,Brazil,Nautico PE,Gremio Novorizontino SP,2026-10-08T22:30:00+00:00,5.2367,soccer.asian_handicap,period=ft,away,handicap=1.25,2.65
2026-10-09T00:24:45.798446+02:00,36609429,Brasileiro Serie B,Brazil,Nautico PE,Gremio Novorizontino SP,2026-10-08T22:30:00+00:00,5.2367,soccer.asian_handicap,period=ft,home,handicap=1.5,1.38
2026-10-09T00:24:45.798446+02:00,36609429,Brasileiro Serie B,Brazil,Nautico PE,Gremio Novorizontino SP,2026-10-08T22:30:00+00:00,5.2367,soccer.asian_handicap,period=ft,away,handicap=1.5,3.0
2026-10-09T00:24:45.798446+02:00,36609429,Brasileiro Serie B,Brazil,Nautico PE,Gremio Novorizontino SP,2026-10-08T22:30:00+00:00,5.2367,soccer.asian_handicap,period=ft,home,handicap=1.75,1.27
2026-10-09T00:24:45.798446+02:00,36609429,Brasileiro Serie B,Brazil,Nautico PE,Gremio Novorizontino SP,2026-10-08T22:30:00+00:00,5.2367,soccer.asian_handicap,period=ft,away,handicap=1.75,3.75
2026-10-09T00:24:45.798446+02:00,36609429,Brasileiro Serie B,Brazil,Nautico PE,Gremio Novorizontino SP,2026-10-08T22:30:00+00:00,5.2367,soccer.double_chance,period=ft,draw_away,,1.22
2026-10-09T00:24:45.798446+02:00,36609429,Brasileiro Serie B,Brazil,Nautico PE,Gremio Novorizontino SP,2026-10-08T22:30:00+00:00,5.2367,soccer.double_chance,period=ft,home_away,,1.25
2026-10-09T00:24:45.798446+02:00,36609429,Brasileiro Serie B,Brazil,Nautico PE,Gremio Novorizontino SP,2026-10-08T22:30:00+00:00,5.2367,soccer.double_chance,period=ft,home_draw,,2.06
2026-10-09T00:24:45.798446+02:00,36609429,Brasileiro Serie B,Brazil,Nautico PE,Gremio Novorizontino SP,2026-10-08T22:30:00+00:00,5.2367,soccer.match_odds,period=ft,home,,4.3
2026-10-09T00:24:45.798446+02:00,36609429,Brasileiro Serie B,Brazil,Nautico PE,Gremio Novorizontino SP,2026-10-08T22:30:00+00:00,5.2367,soccer.match_odds,period=ft,draw,,3.95
2026-10-09T00:24:45.798446+02:00,36609429,Brasileiro Serie B,Brazil,Nautico PE,Gremio Novorizontino SP,2026-10-08T22:30:00+00:00,5.2367,soccer.match_odds,period=ft,away,,1.75
2026-10-09T00:24:45.798446+02:00,36609429,Brasileiro Serie B,Brazil,Nautico PE,Gremio Novorizontino SP,2026-10-08T22:30:00+00:00,5.2367,soccer.total_goals,period=ft,over,total=2.75,1.99
2026-10-09T00:24:45.798446+02:00,36609429,Brasileiro Serie B,Brazil,Nautico PE,Gremio Novorizontino SP,2026-10-08T22:30:00+00:00,5.2367,soccer.total_goals,period=ft,under,total=2.75,1.84
2026-10-09T00:24:45.798446+02:00,36609429,Brasileiro Serie B,Brazil,Nautico PE,Gremio Novorizontino SP,2026-10-08T22:30:00+00:00,5.2367,soccer.total_goals,period=ft,over,total=1.5,1.23
2026-10-09T00:24:45.798446+02:00,36609429,Brasileiro Serie B,Brazil,Nautico PE,Gremio Novorizontino SP,2026-10-08T22:30:00+00:00,5.2367,soccer.total_goals,period=ft,under,total=1.5,4.0
2026-10-09T00:24:45.798446+02:00,36609429,Brasileiro Serie B,Brazil,Nautico PE,Gremio Novorizontino SP,2026-10-08T22:30:00+00:00,5.2367,soccer.total_goals,period=ft,over,total=2.25,1.56
2026-10-09T00:24:45.798446+02:00,36609429,Brasileiro Serie B,Brazil,Nautico PE,Gremio Novorizontino SP,2026-10-08T22:30:00+00:00,5.2367,soccer.total_goals,period=ft,under,total=2.25,2.4
2026-10-09T00:24:45.798446+02:00,36609429,Brasileiro Serie B,Brazil,Nautico PE,Gremio Novorizontino SP,2026-10-08T22:30:00+00:00,5.2367,soccer.total_goals,period=ft,over,total=2.5,1.77
2026-10-09T00:24:45.798446+02:00,36609429,Brasileiro Serie B,Brazil,Nautico PE,Gremio Novorizontino SP,2026-10-08T22:30:00+00:00,5.2367,soccer.total_goals,period=ft,under,total=2.5,2.05
2026-10-09T00:24:45.798446+02:00,36609429,Brasileiro Serie B,Brazil,Nautico PE,Gremio Novorizontino SP,2026-10-08T22:30:00+00:00,5.2367,soccer.total_goals,period=ft,over,total=3,2.3
2026-10-09T00:24:45.798446+02:00,36609429,Brasileiro Serie B,Brazil,Nautico PE,Gremio Novorizontino SP,2026-10-08T22:30:00+00:00,5.2367,soccer.total_goals,period=ft,under,total=3,1.61
2026-10-09T00:24:45.798446+02:00,36609429,Brasileiro Serie B,Brazil,Nautico PE,Gremio Novorizontino SP,2026-10-08T22:30:00+00:00,5.2367,soccer.total_goals,period=ft,over,total=3.25,2.6
2026-10-09T00:24:45.798446+02:00,36609429,Brasileiro Serie B,Brazil,Nautico PE,Gremio Novorizontino SP,2026-10-08T22:30:00+00:00,5.2367,soccer.total_goals,period=ft,under,total=3.25,1.48
2026-10-09T00:24:45.798446+02:00,36609429,Brasileiro Serie B,Brazil,Nautico PE,Gremio Novorizontino SP,2026-10-08T22:30:00+00:00,5.2367,soccer.total_goals,period=ft,over,total=3.5,2.9
2026-10-09T00:24:45.798446+02:00,36609429,Brasileiro Serie B,Brazil,Nautico PE,Gremio Novorizontino SP,2026-10-08T22:30:00+00:00,5.2367,soccer.total_goals,period=ft,under,total=3.5,1.39
2026-10-09T00:24:45.798446+02:00,36609429,Brasileiro Serie B,Brazil,Nautico PE,Gremio Novorizontino SP,2026-10-08T22:30:00+00:00,5.2367,soccer.total_goals,period=ft,over,total=4.5,5.55
2026-10-09T00:24:45.798446+02:00,36609429,Brasileiro Serie B,Brazil,Nautico PE,Gremio Novorizontino SP,2026-10-08T22:30:00+00:00,5.2367,soccer.total_goals,period=ft,under,total=4.5,1.14
2026-10-09T00:26:44.834095+02:00,36698652,Brazil Campeonato Paraibano (PB) Division 2,Brazil,AD Guarabira,Auto EC (PB),2026-10-08T22:30:00+00:00,3.2528,soccer.asian_handicap,period=ft,home,handicap=0.25,1.76
2026-10-09T00:26:44.834095+02:00,36698652,Brazil Campeonato Paraibano (PB) Division 2,Brazil,AD Guarabira,Auto EC (PB),2026-10-08T22:30:00+00:00,3.2528,soccer.asian_handicap,period=ft,away,handicap=0.25,1.95
2026-10-09T00:26:44.834095+02:00,36698652,Brazil Campeonato Paraibano (PB) Division 2,Brazil,AD Guarabira,Auto EC (PB),2026-10-08T22:30:00+00:00,3.2528,soccer.asian_handicap,period=ft,home,handicap=-0.5,2.8
2026-10-09T00:26:44.834095+02:00,36698652,Brazil Campeonato Paraibano (PB) Division 2,Brazil,AD Guarabira,Auto EC (PB),2026-10-08T22:30:00+00:00,3.2528,soccer.asian_handicap,period=ft,away,handicap=-0.5,1.33
2026-10-09T00:26:44.834095+02:00,36698652,Brazil Campeonato Paraibano (PB) Division 2,Brazil,AD Guarabira,Auto EC (PB),2026-10-08T22:30:00+00:00,3.2528,soccer.asian_handicap,period=ft,home,handicap=-0.25,2.45
2026-10-09T00:26:44.834095+02:00,36698652,Brazil Campeonato Paraibano (PB) Division 2,Brazil,AD Guarabira,Auto EC (PB),2026-10-08T22:30:00+00:00,3.2528,soccer.asian_handicap,period=ft,away,handicap=-0.25,1.44
2026-10-09T00:26:44.834095+02:00,36698652,Brazil Campeonato Paraibano (PB) Division 2,Brazil,AD Guarabira,Auto EC (PB),2026-10-08T22:30:00+00:00,3.2528,soccer.asian_handicap,period=ft,home,handicap=0,2.1
2026-10-09T00:26:44.834095+02:00,36698652,Brazil Campeonato Paraibano (PB) Division 2,Brazil,AD Guarabira,Auto EC (PB),2026-10-08T22:30:00+00:00,3.2528,soccer.asian_handicap,period=ft,away,handicap=0,1.62
2026-10-09T00:26:44.834095+02:00,36698652,Brazil Campeonato Paraibano (PB) Division 2,Brazil,AD Guarabira,Auto EC (PB),2026-10-08T22:30:00+00:00,3.2528,soccer.asian_handicap,period=ft,home,handicap=0.5,1.55
2026-10-09T00:26:44.834095+02:00,36698652,Brazil Campeonato Paraibano (PB) Division 2,Brazil,AD Guarabira,Auto EC (PB),2026-10-08T22:30:00+00:00,3.2528,soccer.asian_handicap,period=ft,away,handicap=0.5,2.2
2026-10-09T00:26:44.834095+02:00,36698652,Brazil Campeonato Paraibano (PB) Division 2,Brazil,AD Guarabira,Auto EC (PB),2026-10-08T22:30:00+00:00,3.2528,soccer.asian_handicap,period=ft,home,handicap=0.75,1.39
2026-10-09T00:26:44.834095+02:00,36698652,Brazil Campeonato Paraibano (PB) Division 2,Brazil,AD Guarabira,Auto EC (PB),2026-10-08T22:30:00+00:00,3.2528,soccer.asian_handicap,period=ft,away,handicap=0.75,2.6
2026-10-09T00:26:44.834095+02:00,36698652,Brazil Campeonato Paraibano (PB) Division 2,Brazil,AD Guarabira,Auto EC (PB),2026-10-08T22:30:00+00:00,3.2528,soccer.asian_handicap,period=ft,home,handicap=1,1.23
2026-10-09T00:26:44.834095+02:00,36698652,Brazil Campeonato Paraibano (PB) Division 2,Brazil,AD Guarabira,Auto EC (PB),2026-10-08T22:30:00+00:00,3.2528,soccer.asian_handicap,period=ft,away,handicap=1,3.4
2026-10-09T00:26:44.834095+02:00,36698652,Brazil Campeonato Paraibano (PB) Division 2,Brazil,AD Guarabira,Auto EC (PB),2026-10-08T22:30:00+00:00,3.2528,soccer.total_goals,period=ft,over,total=2.5,1.91
2026-10-09T00:26:44.834095+02:00,36698652,Brazil Campeonato Paraibano (PB) Division 2,Brazil,AD Guarabira,Auto EC (PB),2026-10-08T22:30:00+00:00,3.2528,soccer.total_goals,period=ft,under,total=2.5,1.79
2026-10-09T00:26:44.834095+02:00,36698652,Brazil Campeonato Paraibano (PB) Division 2,Brazil,AD Guarabira,Auto EC (PB),2026-10-08T22:30:00+00:00,3.2528,soccer.total_goals,period=ft,over,total=1.75,1.32
2026-10-09T00:26:44.834095+02:00,36698652,Brazil Campeonato Paraibano (PB) Division 2,Brazil,AD Guarabira,Auto EC (PB),2026-10-08T22:30:00+00:00,3.2528,soccer.total_goals,period=ft,under,total=1.75,2.9
2026-10-09T00:26:44.834095+02:00,36698652,Brazil Campeonato Paraibano (PB) Division 2,Brazil,AD Guarabira,Auto EC (PB),2026-10-08T22:30:00+00:00,3.2528,soccer.total_goals,period=ft,over,total=2,1.42
2026-10-09T00:26:44.834095+02:00,36698652,Brazil Campeonato Paraibano (PB) Division 2,Brazil,AD Guarabira,Auto EC (PB),2026-10-08T22:30:00+00:00,3.2528,soccer.total_goals,period=ft,under,total=2,2.5
2026-10-09T00:26:44.834095+02:00,36698652,Brazil Campeonato Paraibano (PB) Division 2,Brazil,AD Guarabira,Auto EC (PB),2026-10-08T22:30:00+00:00,3.2528,soccer.total_goals,period=ft,over,total=2.25,1.66
2026-10-09T00:26:44.834095+02:00,36698652,Brazil Campeonato Paraibano (PB) Division 2,Brazil,AD Guarabira,Auto EC (PB),2026-10-08T22:30:00+00:00,3.2528,soccer.total_goals,period=ft,under,total=2.25,2.04
2026-10-09T00:26:44.834095+02:00,36698652,Brazil Campeonato Paraibano (PB) Division 2,Brazil,AD Guarabira,Auto EC (PB),2026-10-08T22:30:00+00:00,3.2528,soccer.total_goals,period=ft,over,total=2.75,2.15
2026-10-09T00:26:44.834095+02:00,36698652,Brazil Campeonato Paraibano (PB) Division 2,Brazil,AD Guarabira,Auto EC (PB),2026-10-08T22:30:00+00:00,3.2528,soccer.total_goals,period=ft,under,total=2.75,1.6
2026-10-09T00:26:44.834095+02:00,36698652,Brazil Campeonato Paraibano (PB) Division 2,Brazil,AD Guarabira,Auto EC (PB),2026-10-08T22:30:00+00:00,3.2528,soccer.total_goals,period=ft,over,total=3,2.55
2026-10-09T00:26:44.834095+02:00,36698652,Brazil Campeonato Paraibano (PB) Division 2,Brazil,AD Guarabira,Auto EC (PB),2026-10-08T22:30:00+00:00,3.2528,soccer.total_goals,period=ft,under,total=3,1.41
2026-10-09T00:26:44.834095+02:00,36698652,Brazil Campeonato Paraibano (PB) Division 2,Brazil,AD Guarabira,Auto EC (PB),2026-10-08T22:30:00+00:00,3.2528,soccer.total_goals,period=ft,over,total=3.25,2.85
2026-10-09T00:26:44.834095+02:00,36698652,Brazil Campeonato Paraibano (PB) Division 2,Brazil,AD Guarabira,Auto EC (PB),2026-10-08T22:30:00+00:00,3.2528,soccer.total_goals,period=ft,under,total=3.25,1.33
2026-10-09T00:26:44.834095+02:00,36609426,Brasileiro Serie B,Brazil,Ceara SC CE,Criciuma EC SC,2026-10-08T22:30:00+00:00,3.2528,soccer.asian_handicap,period=ft,home,handicap=0,1.89
2026-10-09T00:26:44.834095+02:00,36609426,Brasileiro Serie B,Brazil,Ceara SC CE,Criciuma EC SC,2026-10-08T22:30:00+00:00,3.2528,soccer.asian_handicap,period=ft,away,handicap=0,1.96
2026-10-09T00:26:44.834095+02:00,36609426,Brasileiro Serie B,Brazil,Ceara SC CE,Criciuma EC SC,2026-10-08T22:30:00+00:00,3.2528,soccer.asian_handicap,period=ft,home,handicap=-1,4.75
2026-10-09T00:26:44.834095+02:00,36609426,Brasileiro Serie B,Brazil,Ceara SC CE,Criciuma EC SC,2026-10-08T22:30:00+00:00,3.2528,soccer.asian_handicap,period=ft,away,handicap=-1,1.19
2026-10-09T00:26:44.834095+02:00,36609426,Brasileiro Serie B,Brazil,Ceara SC CE,Criciuma EC SC,2026-10-08T22:30:00+00:00,3.2528,soccer.asian_handicap,period=ft,home,handicap=-0.75,3.3
2026-10-09T00:26:44.834095+02:00,36609426,Brasileiro Serie B,Brazil,Ceara SC CE,Criciuma EC SC,2026-10-08T22:30:00+00:00,3.2528,soccer.asian_handicap,period=ft,away,handicap=-0.75,1.33
2026-10-09T00:26:44.834095+02:00,36609426,Brasileiro Serie B,Brazil,Ceara SC CE,Criciuma EC SC,2026-10-08T22:30:00+00:00,3.2528,soccer.asian_handicap,period=ft,home,handicap=-0.5,2.65
2026-10-09T00:26:44.834095+02:00,36609426,Brasileiro Serie B,Brazil,Ceara SC CE,Criciuma EC SC,2026-10-08T22:30:00+00:00,3.2528,soccer.asian_handicap,period=ft,away,handicap=-0.5,1.49
2026-10-09T00:26:44.834095+02:00,36609426,Brasileiro Serie B,Brazil,Ceara SC CE,Criciuma EC SC,2026-10-08T22:30:00+00:00,3.2528,soccer.asian_handicap,period=ft,home,handicap=-0.25,2.25
2026-10-09T00:26:44.834095+02:00,36609426,Brasileiro Serie B,Brazil,Ceara SC CE,Criciuma EC SC,2026-10-08T22:30:00+00:00,3.2528,soccer.asian_handicap,period=ft,away,handicap=-0.25,1.65
2026-10-09T00:26:44.834095+02:00,36609426,Brasileiro Serie B,Brazil,Ceara SC CE,Criciuma EC SC,2026-10-08T22:30:00+00:00,3.2528,soccer.asian_handicap,period=ft,home,handicap=0.25,1.6
2026-10-09T00:26:44.834095+02:00,36609426,Brasileiro Serie B,Brazil,Ceara SC CE,Criciuma EC SC,2026-10-08T22:30:00+00:00,3.2528,soccer.asian_handicap,period=ft,away,handicap=0.25,2.35
2026-10-09T00:26:44.834095+02:00,36609426,Brasileiro Serie B,Brazil,Ceara SC CE,Criciuma EC SC,2026-10-08T22:30:00+00:00,3.2528,soccer.asian_handicap,period=ft,home,handicap=0.5,1.45
2026-10-09T00:26:44.834095+02:00,36609426,Brasileiro Serie B,Brazil,Ceara SC CE,Criciuma EC SC,2026-10-08T22:30:00+00:00,3.2528,soccer.asian_handicap,period=ft,away,handicap=0.5,2.75
2026-10-09T00:26:44.834095+02:00,36609426,Brasileiro Serie B,Brazil,Ceara SC CE,Criciuma EC SC,2026-10-08T22:30:00+00:00,3.2528,soccer.asian_handicap,period=ft,home,handicap=0.75,1.31
2026-10-09T00:26:44.834095+02:00,36609426,Brasileiro Serie B,Brazil,Ceara SC CE,Criciuma EC SC,2026-10-08T22:30:00+00:00,3.2528,soccer.asian_handicap,period=ft,away,handicap=0.75,3.45
2026-10-09T00:26:44.834095+02:00,36609426,Brasileiro Serie B,Brazil,Ceara SC CE,Criciuma EC SC,2026-10-08T22:30:00+00:00,3.2528,soccer.asian_handicap,period=ft,home,handicap=1,1.17
2026-10-09T00:26:44.834095+02:00,36609426,Brasileiro Serie B,Brazil,Ceara SC CE,Criciuma EC SC,2026-10-08T22:30:00+00:00,3.2528,soccer.asian_handicap,period=ft,away,handicap=1,5.1
2026-10-09T00:26:44.834095+02:00,36609426,Brasileiro Serie B,Brazil,Ceara SC CE,Criciuma EC SC,2026-10-08T22:30:00+00:00,3.2528,soccer.double_chance,period=ft,draw_away,,1.47
2026-10-09T00:26:44.834095+02:00,36609426,Brasileiro Serie B,Brazil,Ceara SC CE,Criciuma EC SC,2026-10-08T22:30:00+00:00,3.2528,soccer.double_chance,period=ft,home_away,,1.35
2026-10-09T00:26:44.834095+02:00,36609426,Brasileiro Serie B,Brazil,Ceara SC CE,Criciuma EC SC,2026-10-08T22:30:00+00:00,3.2528,soccer.double_chance,period=ft,home_draw,,1.45
2026-10-09T00:26:44.834095+02:00,36609426,Brasileiro Serie B,Brazil,Ceara SC CE,Criciuma EC SC,2026-10-08T22:30:00+00:00,3.2528,soccer.match_odds,period=ft,home,,2.65
2026-10-09T00:26:44.834095+02:00,36609426,Brasileiro Serie B,Brazil,Ceara SC CE,Criciuma EC SC,2026-10-08T22:30:00+00:00,3.2528,soccer.match_odds,period=ft,draw,,3.15
2026-10-09T00:26:44.834095+02:00,36609426,Brasileiro Serie B,Brazil,Ceara SC CE,Criciuma EC SC,2026-10-08T22:30:00+00:00,3.2528,soccer.match_odds,period=ft,away,,2.75
2026-10-09T00:26:44.834095+02:00,36609426,Brasileiro Serie B,Brazil,Ceara SC CE,Criciuma EC SC,2026-10-08T22:30:00+00:00,3.2528,soccer.total_goals,period=ft,over,total=2.25,2.03
2026-10-09T00:26:44.834095+02:00,36609426,Brasileiro Serie B,Brazil,Ceara SC CE,Criciuma EC SC,2026-10-08T22:30:00+00:00,3.2528,soccer.total_goals,period=ft,under,total=2.25,1.8
2026-10-09T00:26:44.834095+02:00,36609426,Brasileiro Serie B,Brazil,Ceara SC CE,Criciuma EC SC,2026-10-08T22:30:00+00:00,3.2528,soccer.total_goals,period=ft,over,total=1.5,1.4
2026-10-09T00:26:44.834095+02:00,36609426,Brasileiro Serie B,Brazil,Ceara SC CE,Criciuma EC SC,2026-10-08T22:30:00+00:00,3.2528,soccer.total_goals,period=ft,under,total=1.5,2.9
2026-10-09T00:26:44.834095+02:00,36609426,Brasileiro Serie B,Brazil,Ceara SC CE,Criciuma EC SC,2026-10-08T22:30:00+00:00,3.2528,soccer.total_goals,period=ft,over,total=1.75,1.52
2026-10-09T00:26:44.834095+02:00,36609426,Brasileiro Serie B,Brazil,Ceara SC CE,Criciuma EC SC,2026-10-08T22:30:00+00:00,3.2528,soccer.total_goals,period=ft,under,total=1.75,2.5
2026-10-09T00:26:44.834095+02:00,36609426,Brasileiro Serie B,Brazil,Ceara SC CE,Criciuma EC SC,2026-10-08T22:30:00+00:00,3.2528,soccer.total_goals,period=ft,over,total=2,1.71
2026-10-09T00:26:44.834095+02:00,36609426,Brasileiro Serie B,Brazil,Ceara SC CE,Criciuma EC SC,2026-10-08T22:30:00+00:00,3.2528,soccer.total_goals,period=ft,under,total=2,2.14
2026-10-09T00:26:44.834095+02:00,36609426,Brasileiro Serie B,Brazil,Ceara SC CE,Criciuma EC SC,2026-10-08T22:30:00+00:00,3.2528,soccer.total_goals,period=ft,over,total=2.5,2.3
2026-10-09T00:26:44.834095+02:00,36609426,Brasileiro Serie B,Brazil,Ceara SC CE,Criciuma EC SC,2026-10-08T22:30:00+00:00,3.2528,soccer.total_goals,period=ft,under,total=2.5,1.6
2026-10-09T00:26:44.834095+02:00,36609426,Brasileiro Serie B,Brazil,Ceara SC CE,Criciuma EC SC,2026-10-08T22:30:00+00:00,3.2528,soccer.total_goals,period=ft,over,total=2.75,2.75
2026-10-09T00:26:44.834095+02:00,36609426,Brasileiro Serie B,Brazil,Ceara SC CE,Criciuma EC SC,2026-10-08T22:30:00+00:00,3.2528,soccer.total_goals,period=ft,under,total=2.75,1.44
2026-10-09T00:26:44.834095+02:00,36609426,Brasileiro Serie B,Brazil,Ceara SC CE,Criciuma EC SC,2026-10-08T22:30:00+00:00,3.2528,soccer.total_goals,period=ft,over,total=3.5,4.4
2026-10-09T00:26:44.834095+02:00,36609426,Brasileiro Serie B,Brazil,Ceara SC CE,Criciuma EC SC,2026-10-08T22:30:00+00:00,3.2528,soccer.total_goals,period=ft,under,total=3.5,1.2
2026-10-09T00:26:44.834095+02:00,36609429,Brasileiro Serie B,Brazil,Nautico PE,Gremio Novorizontino SP,2026-10-08T22:30:00+00:00,3.2528,soccer.asian_handicap,period=ft,home,handicap=0.75,1.89
2026-10-09T00:26:44.834095+02:00,36609429,Brasileiro Serie B,Brazil,Nautico PE,Gremio Novorizontino SP,2026-10-08T22:30:00+00:00,3.2528,soccer.asian_handicap,period=ft,away,handicap=0.75,1.96
2026-10-09T00:26:44.834095+02:00,36609429,Brasileiro Serie B,Brazil,Nautico PE,Gremio Novorizontino SP,2026-10-08T22:30:00+00:00,3.2528,soccer.asian_handicap,period=ft,home,handicap=-0.25,3.9
2026-10-09T00:26:44.834095+02:00,36609429,Brasileiro Serie B,Brazil,Nautico PE,Gremio Novorizontino SP,2026-10-08T22:30:00+00:00,3.2528,soccer.asian_handicap,period=ft,away,handicap=-0.25,1.25
2026-10-09T00:26:44.834095+02:00,36609429,Brasileiro Serie B,Brazil,Nautico PE,Gremio Novorizontino SP,2026-10-08T22:30:00+00:00,3.2528,soccer.asian_handicap,period=ft,home,handicap=0,3.4
2026-10-09T00:26:44.834095+02:00,36609429,Brasileiro Serie B,Brazil,Nautico PE,Gremio Novorizontino SP,2026-10-08T22:30:00+00:00,3.2528,soccer.asian_handicap,period=ft,away,handicap=0,1.32
2026-10-09T00:26:44.834095+02:00,36609429,Brasileiro Serie B,Brazil,Nautico PE,Gremio Novorizontino SP,2026-10-08T22:30:00+00:00,3.2528,soccer.asian_handicap,period=ft,home,handicap=0.25,2.5
2026-10-09T00:26:44.834095+02:00,36609429,Brasileiro Serie B,Brazil,Nautico PE,Gremio Novorizontino SP,2026-10-08T22:30:00+00:00,3.2528,soccer.asian_handicap,period=ft,away,handicap=0.25,1.52
2026-10-09T00:26:44.834095+02:00,36609429,Brasileiro Serie B,Brazil,Nautico PE,Gremio Novorizontino SP,2026-10-08T22:30:00+00:00,3.2528,soccer.asian_handicap,period=ft,home,handicap=0.5,2.12
2026-10-09T00:26:44.834095+02:00,36609429,Brasileiro Serie B,Brazil,Nautico PE,Gremio Novorizontino SP,2026-10-08T22:30:00+00:00,3.2528,soccer.asian_handicap,period=ft,away,handicap=0.5,1.74
2026-10-09T00:26:44.834095+02:00,36609429,Brasileiro Serie B,Brazil,Nautico PE,Gremio Novorizontino SP,2026-10-08T22:30:00+00:00,3.2528,soccer.asian_handicap,period=ft,home,handicap=1,1.63
2026-10-09T00:26:44.834095+02:00,36609429,Brasileiro Serie B,Brazil,Nautico PE,Gremio Novorizontino SP,2026-10-08T22:30:00+00:00,3.2528,soccer.asian_handicap,period=ft,away,handicap=1,2.3
2026-10-09T00:26:44.834095+02:00,36609429,Brasileiro Serie B,Brazil,Nautico PE,Gremio Novorizontino SP,2026-10-08T22:30:00+00:00,3.2528,soccer.asian_handicap,period=ft,home,handicap=1.25,1.49
2026-10-09T00:26:44.834095+02:00,36609429,Brasileiro Serie B,Brazil,Nautico PE,Gremio Novorizontino SP,2026-10-08T22:30:00+00:00,3.2528,soccer.asian_handicap,period=ft,away,handicap=1.25,2.6
2026-10-09T00:26:44.834095+02:00,36609429,Brasileiro Serie B,Brazil,Nautico PE,Gremio Novorizontino SP,2026-10-08T22:30:00+00:00,3.2528,soccer.asian_handicap,period=ft,home,handicap=1.5,1.39
2026-10-09T00:26:44.834095+02:00,36609429,Brasileiro Serie B,Brazil,Nautico PE,Gremio Novorizontino SP,2026-10-08T22:30:00+00:00,3.2528,soccer.asian_handicap,period=ft,away,handicap=1.5,2.95
2026-10-09T00:26:44.834095+02:00,36609429,Brasileiro Serie B,Brazil,Nautico PE,Gremio Novorizontino SP,2026-10-08T22:30:00+00:00,3.2528,soccer.asian_handicap,period=ft,home,handicap=1.75,1.28
2026-10-09T00:26:44.834095+02:00,36609429,Brasileiro Serie B,Brazil,Nautico PE,Gremio Novorizontino SP,2026-10-08T22:30:00+00:00,3.2528,soccer.asian_handicap,period=ft,away,handicap=1.75,3.65
2026-10-09T00:26:44.834095+02:00,36609429,Brasileiro Serie B,Brazil,Nautico PE,Gremio Novorizontino SP,2026-10-08T22:30:00+00:00,3.2528,soccer.double_chance,period=ft,draw_away,,1.21
2026-10-09T00:26:44.834095+02:00,36609429,Brasileiro Serie B,Brazil,Nautico PE,Gremio Novorizontino SP,2026-10-08T22:30:00+00:00,3.2528,soccer.double_chance,period=ft,home_away,,1.25
2026-10-09T00:26:44.834095+02:00,36609429,Brasileiro Serie B,Brazil,Nautico PE,Gremio Novorizontino SP,2026-10-08T22:30:00+00:00,3.2528,soccer.double_chance,period=ft,home_draw,,2.1
2026-10-09T00:26:44.834095+02:00,36609429,Brasileiro Serie B,Brazil,Nautico PE,Gremio Novorizontino SP,2026-10-08T22:30:00+00:00,3.2528,soccer.match_odds,period=ft,home,,4.45
2026-10-09T00:26:44.834095+02:00,36609429,Brasileiro Serie B,Brazil,Nautico PE,Gremio Novorizontino SP,2026-10-08T22:30:00+00:00,3.2528,soccer.match_odds,period=ft,draw,,3.9
2026-10-09T00:26:44.834095+02:00,36609429,Brasileiro Serie B,Brazil,Nautico PE,Gremio Novorizontino SP,2026-10-08T22:30:00+00:00,3.2528,soccer.match_odds,period=ft,away,,1.74
2026-10-09T00:26:44.834095+02:00,36609429,Brasileiro Serie B,Brazil,Nautico PE,Gremio Novorizontino SP,2026-10-08T22:30:00+00:00,3.2528,soccer.total_goals,period=ft,over,total=2.75,1.99
2026-10-09T00:26:44.834095+02:00,36609429,Brasileiro Serie B,Brazil,Nautico PE,Gremio Novorizontino SP,2026-10-08T22:30:00+00:00,3.2528,soccer.total_goals,period=ft,under,total=2.75,1.85
2026-10-09T00:26:44.834095+02:00,36609429,Brasileiro Serie B,Brazil,Nautico PE,Gremio Novorizontino SP,2026-10-08T22:30:00+00:00,3.2528,soccer.total_goals,period=ft,over,total=1.5,1.23
2026-10-09T00:26:44.834095+02:00,36609429,Brasileiro Serie B,Brazil,Nautico PE,Gremio Novorizontino SP,2026-10-08T22:30:00+00:00,3.2528,soccer.total_goals,period=ft,under,total=1.5,4.05
2026-10-09T00:26:44.834095+02:00,36609429,Brasileiro Serie B,Brazil,Nautico PE,Gremio Novorizontino SP,2026-10-08T22:30:00+00:00,3.2528,soccer.total_goals,period=ft,over,total=2.25,1.56
2026-10-09T00:26:44.834095+02:00,36609429,Brasileiro Serie B,Brazil,Nautico PE,Gremio Novorizontino SP,2026-10-08T22:30:00+00:00,3.2528,soccer.total_goals,period=ft,under,total=2.25,2.4
2026-10-09T00:26:44.834095+02:00,36609429,Brasileiro Serie B,Brazil,Nautico PE,Gremio Novorizontino SP,2026-10-08T22:30:00+00:00,3.2528,soccer.total_goals,period=ft,over,total=2.5,1.77
2026-10-09T00:26:44.834095+02:00,36609429,Brasileiro Serie B,Brazil,Nautico PE,Gremio Novorizontino SP,2026-10-08T22:30:00+00:00,3.2528,soccer.total_goals,period=ft,under,total=2.5,2.05
2026-10-09T00:26:44.834095+02:00,36609429,Brasileiro Serie B,Brazil,Nautico PE,Gremio Novorizontino SP,2026-10-08T22:30:00+00:00,3.2528,soccer.total_goals,period=ft,over,total=3,2.3
2026-10-09T00:26:44.834095+02:00,36609429,Brasileiro Serie B,Brazil,Nautico PE,Gremio Novorizontino SP,2026-10-08T22:30:00+00:00,3.2528,soccer.total_goals,period=ft,under,total=3,1.61
2026-10-09T00:26:44.834095+02:00,36609429,Brasileiro Serie B,Brazil,Nautico PE,Gremio Novorizontino SP,2026-10-08T22:30:00+00:00,3.2528,soccer.total_goals,period=ft,over,total=3.25,2.6
2026-10-09T00:26:44.834095+02:00,36609429,Brasileiro Serie B,Brazil,Nautico PE,Gremio Novorizontino SP,2026-10-08T22:30:00+00:00,3.2528,soccer.total_goals,period=ft,under,total=3.25,1.49
2026-10-09T00:26:44.834095+02:00,36609429,Brasileiro Serie B,Brazil,Nautico PE,Gremio Novorizontino SP,2026-10-08T22:30:00+00:00,3.2528,soccer.total_goals,period=ft,over,total=3.5,2.9
2026-10-09T00:26:44.834095+02:00,36609429,Brasileiro Serie B,Brazil,Nautico PE,Gremio Novorizontino SP,2026-10-08T22:30:00+00:00,3.2528,soccer.total_goals,period=ft,under,total=3.5,1.4
2026-10-09T00:26:44.834095+02:00,36609429,Brasileiro Serie B,Brazil,Nautico PE,Gremio Novorizontino SP,2026-10-08T22:30:00+00:00,3.2528,soccer.total_goals,period=ft,over,total=4.5,5.55
2026-10-09T00:26:44.834095+02:00,36609429,Brasileiro Serie B,Brazil,Nautico PE,Gremio Novorizontino SP,2026-10-08T22:30:00+00:00,3.2528,soccer.total_goals,period=ft,under,total=4.5,1.14
2026-10-09T00:26:44.834095+02:00,36626420,"Primera A, Clausura",Colombia,Atletico Nacional Medellin,CD Tolima,2026-10-08T23:05:00+00:00,38.2528,soccer.asian_handicap,period=ft,home,handicap=-0.75,1.83
2026-10-09T00:26:44.834095+02:00,36626420,"Primera A, Clausura",Colombia,Atletico Nacional Medellin,CD Tolima,2026-10-08T23:05:00+00:00,38.2528,soccer.asian_handicap,period=ft,away,handicap=-0.75,2.0
2026-10-09T00:26:44.834095+02:00,36626420,"Primera A, Clausura",Colombia,Atletico Nacional Medellin,CD Tolima,2026-10-08T23:05:00+00:00,38.2528,soccer.asian_handicap,period=ft,home,handicap=-1.75,3.45
2026-10-09T00:26:44.834095+02:00,36626420,"Primera A, Clausura",Colombia,Atletico Nacional Medellin,CD Tolima,2026-10-08T23:05:00+00:00,38.2528,soccer.asian_handicap,period=ft,away,handicap=-1.75,1.3
2026-10-09T00:26:44.834095+02:00,36626420,"Primera A, Clausura",Colombia,Atletico Nacional Medellin,CD Tolima,2026-10-08T23:05:00+00:00,38.2528,soccer.asian_handicap,period=ft,home,handicap=-1.5,2.8
2026-10-09T00:26:44.834095+02:00,36626420,"Primera A, Clausura",Colombia,Atletico Nacional Medellin,CD Tolima,2026-10-08T23:05:00+00:00,38.2528,soccer.asian_handicap,period=ft,away,handicap=-1.5,1.42
2026-10-09T00:26:44.834095+02:00,36626420,"Primera A, Clausura",Colombia,Atletico Nacional Medellin,CD Tolima,2026-10-08T23:05:00+00:00,38.2528,soccer.asian_handicap,period=ft,home,handicap=-1.25,2.45
2026-10-09T00:26:44.834095+02:00,36626420,"Primera A, Clausura",Colombia,Atletico Nacional Medellin,CD Tolima,2026-10-08T23:05:00+00:00,38.2528,soccer.asian_handicap,period=ft,away,handicap=-1.25,1.54
2026-10-09T00:26:44.834095+02:00,36626420,"Primera A, Clausura",Colombia,Atletico Nacional Medellin,CD Tolima,2026-10-08T23:05:00+00:00,38.2528,soccer.asian_handicap,period=ft,home,handicap=-1,2.14
2026-10-09T00:26:44.834095+02:00,36626420,"Primera A, Clausura",Colombia,Atletico Nacional Medellin,CD Tolima,2026-10-08T23:05:00+00:00,38.2528,soccer.asian_handicap,period=ft,away,handicap=-1,1.71
2026-10-09T00:26:44.834095+02:00,36626420,"Primera A, Clausura",Colombia,Atletico Nacional Medellin,CD Tolima,2026-10-08T23:05:00+00:00,38.2528,soccer.asian_handicap,period=ft,home,handicap=-0.5,1.64
2026-10-09T00:26:44.834095+02:00,36626420,"Primera A, Clausura",Colombia,Atletico Nacional Medellin,CD Tolima,2026-10-08T23:05:00+00:00,38.2528,soccer.asian_handicap,period=ft,away,handicap=-0.5,2.25
2026-10-09T00:26:44.834095+02:00,36626420,"Primera A, Clausura",Colombia,Atletico Nacional Medellin,CD Tolima,2026-10-08T23:05:00+00:00,38.2528,soccer.asian_handicap,period=ft,home,handicap=-0.25,1.44
2026-10-09T00:26:44.834095+02:00,36626420,"Primera A, Clausura",Colombia,Atletico Nacional Medellin,CD Tolima,2026-10-08T23:05:00+00:00,38.2528,soccer.asian_handicap,period=ft,away,handicap=-0.25,2.75
2026-10-09T00:26:44.834095+02:00,36626420,"Primera A, Clausura",Colombia,Atletico Nacional Medellin,CD Tolima,2026-10-08T23:05:00+00:00,38.2528,soccer.asian_handicap,period=ft,home,handicap=0,1.24
2026-10-09T00:26:44.834095+02:00,36626420,"Primera A, Clausura",Colombia,Atletico Nacional Medellin,CD Tolima,2026-10-08T23:05:00+00:00,38.2528,soccer.asian_handicap,period=ft,away,handicap=0,3.9
2026-10-09T00:26:44.834095+02:00,36626420,"Primera A, Clausura",Colombia,Atletico Nacional Medellin,CD Tolima,2026-10-08T23:05:00+00:00,38.2528,soccer.asian_handicap,period=ft,home,handicap=0.25,1.19
2026-10-09T00:26:44.834095+02:00,36626420,"Primera A, Clausura",Colombia,Atletico Nacional Medellin,CD Tolima,2026-10-08T23:05:00+00:00,38.2528,soccer.asian_handicap,period=ft,away,handicap=0.25,4.5
2026-10-09T00:26:44.834095+02:00,36626420,"Primera A, Clausura",Colombia,Atletico Nacional Medellin,CD Tolima,2026-10-08T23:05:00+00:00,38.2528,soccer.double_chance,period=ft,draw_away,,2.08
2026-10-09T00:26:44.834095+02:00,36626420,"Primera A, Clausura",Colombia,Atletico Nacional Medellin,CD Tolima,2026-10-08T23:05:00+00:00,38.2528,soccer.double_chance,period=ft,home_away,,1.28
2026-10-09T00:26:44.834095+02:00,36626420,"Primera A, Clausura",Colombia,Atletico Nacional Medellin,CD Tolima,2026-10-08T23:05:00+00:00,38.2528,soccer.double_chance,period=ft,home_draw,,1.2
2026-10-09T00:26:44.834095+02:00,36626420,"Primera A, Clausura",Colombia,Atletico Nacional Medellin,CD Tolima,2026-10-08T23:05:00+00:00,38.2528,soccer.match_odds,period=ft,home,,1.64
2026-10-09T00:26:44.834095+02:00,36626420,"Primera A, Clausura",Colombia,Atletico Nacional Medellin,CD Tolima,2026-10-08T23:05:00+00:00,38.2528,soccer.match_odds,period=ft,draw,,3.85
2026-10-09T00:26:44.834095+02:00,36626420,"Primera A, Clausura",Colombia,Atletico Nacional Medellin,CD Tolima,2026-10-08T23:05:00+00:00,38.2528,soccer.match_odds,period=ft,away,,5.15
2026-10-09T00:26:44.834095+02:00,36626420,"Primera A, Clausura",Colombia,Atletico Nacional Medellin,CD Tolima,2026-10-08T23:05:00+00:00,38.2528,soccer.total_goals,period=ft,over,total=2.5,1.83
2026-10-09T00:26:44.834095+02:00,36626420,"Primera A, Clausura",Colombia,Atletico Nacional Medellin,CD Tolima,2026-10-08T23:05:00+00:00,38.2528,soccer.total_goals,period=ft,under,total=2.5,1.98
2026-10-09T00:26:44.834095+02:00,36626420,"Primera A, Clausura",Colombia,Atletico Nacional Medellin,CD Tolima,2026-10-08T23:05:00+00:00,38.2528,soccer.total_goals,period=ft,over,total=1.5,1.25
2026-10-09T00:26:44.834095+02:00,36626420,"Primera A, Clausura",Colombia,Atletico Nacional Medellin,CD Tolima,2026-10-08T23:05:00+00:00,38.2528,soccer.total_goals,period=ft,under,total=1.5,3.75
2026-10-09T00:26:44.834095+02:00,36626420,"Primera A, Clausura",Colombia,Atletico Nacional Medellin,CD Tolima,2026-10-08T23:05:00+00:00,38.2528,soccer.total_goals,period=ft,over,total=2,1.39
2026-10-09T00:26:44.834095+02:00,36626420,"Primera A, Clausura",Colombia,Atletico Nacional Medellin,CD Tolima,2026-10-08T23:05:00+00:00,38.2528,soccer.total_goals,period=ft,under,total=2,2.95
2026-10-09T00:26:44.834095+02:00,36626420,"Primera A, Clausura",Colombia,Atletico Nacional Medellin,CD Tolima,2026-10-08T23:05:00+00:00,38.2528,soccer.total_goals,period=ft,over,total=2.25,1.61
2026-10-09T00:26:44.834095+02:00,36626420,"Primera A, Clausura",Colombia,Atletico Nacional Medellin,CD Tolima,2026-10-08T23:05:00+00:00,38.2528,soccer.total_goals,period=ft,under,total=2.25,2.3
2026-10-09T00:26:44.834095+02:00,36626420,"Primera A, Clausura",Colombia,Atletico Nacional Medellin,CD Tolima,2026-10-08T23:05:00+00:00,38.2528,soccer.total_goals,period=ft,over,total=2.75,2.05
2026-10-09T00:26:44.834095+02:00,36626420,"Primera A, Clausura",Colombia,Atletico Nacional Medellin,CD Tolima,2026-10-08T23:05:00+00:00,38.2528,soccer.total_goals,period=ft,under,total=2.75,1.75
2026-10-09T00:26:44.834095+02:00,36626420,"Primera A, Clausura",Colombia,Atletico Nacional Medellin,CD Tolima,2026-10-08T23:05:00+00:00,38.2528,soccer.total_goals,period=ft,over,total=3,2.45
2026-10-09T00:26:44.834095+02:00,36626420,"Primera A, Clausura",Colombia,Atletico Nacional Medellin,CD Tolima,2026-10-08T23:05:00+00:00,38.2528,soccer.total_goals,period=ft,under,total=3,1.54
2026-10-09T00:26:44.834095+02:00,36626420,"Primera A, Clausura",Colombia,Atletico Nacional Medellin,CD Tolima,2026-10-08T23:05:00+00:00,38.2528,soccer.total_goals,period=ft,over,total=3.5,3.05
2026-10-09T00:26:44.834095+02:00,36626420,"Primera A, Clausura",Colombia,Atletico Nacional Medellin,CD Tolima,2026-10-08T23:05:00+00:00,38.2528,soccer.total_goals,period=ft,under,total=3.5,1.35
2026-10-09T00:26:44.834095+02:00,36626420,"Primera A, Clausura",Colombia,Atletico Nacional Medellin,CD Tolima,2026-10-08T23:05:00+00:00,38.2528,soccer.total_goals,period=ft,over,total=4.5,6.1
2026-10-09T00:26:44.834095+02:00,36626420,"Primera A, Clausura",Colombia,Atletico Nacional Medellin,CD Tolima,2026-10-08T23:05:00+00:00,38.2528,soccer.total_goals,period=ft,under,total=4.5,1.11
2026-10-09T00:26:44.834095+02:00,36435234,Brasileiro Serie A,Brazil,Santos FC SP,CR Flamengo RJ,2026-10-08T22:30:00+00:00,3.2528,soccer.asian_handicap,period=ft,home,handicap=0.75,1.86
2026-10-09T00:26:44.834095+02:00,36435234,Brasileiro Serie A,Brazil,Santos FC SP,CR Flamengo RJ,2026-10-08T22:30:00+00:00,3.2528,soccer.asian_handicap,period=ft,away,handicap=0.75,2.01
2026-10-09T00:26:44.834095+02:00,36435234,Brasileiro Serie A,Brazil,Santos FC SP,CR Flamengo RJ,2026-10-08T22:30:00+00:00,3.2528,soccer.asian_handicap,period=ft,home,handicap=-0.25,3.75
2026-10-09T00:26:44.834095+02:00,36435234,Brasileiro Serie A,Brazil,Santos FC SP,CR Flamengo RJ,2026-10-08T22:30:00+00:00,3.2528,soccer.asian_handicap,period=ft,away,handicap=-0.25,1.28
2026-10-09T00:26:44.834095+02:00,36435234,Brasileiro Serie A,Brazil,Santos FC SP,CR Flamengo RJ,2026-10-08T22:30:00+00:00,3.2528,soccer.asian_handicap,period=ft,home,handicap=0,3.25
2026-10-09T00:26:44.834095+02:00,36435234,Brasileiro Serie A,Brazil,Santos FC SP,CR Flamengo RJ,2026-10-08T22:30:00+00:00,3.2528,soccer.asian_handicap,period=ft,away,handicap=0,1.35
2026-10-09T00:26:44.834095+02:00,36435234,Brasileiro Serie A,Brazil,Santos FC SP,CR Flamengo RJ,2026-10-08T22:30:00+00:00,3.2528,soccer.asian_handicap,period=ft,home,handicap=0.25,2.45
2026-10-09T00:26:44.834095+02:00,36435234,Brasileiro Serie A,Brazil,Santos FC SP,CR Flamengo RJ,2026-10-08T22:30:00+00:00,3.2528,soccer.asian_handicap,period=ft,away,handicap=0.25,1.56
2026-10-09T00:26:44.834095+02:00,36435234,Brasileiro Serie A,Brazil,Santos FC SP,CR Flamengo RJ,2026-10-08T22:30:00+00:00,3.2528,soccer.asian_handicap,period=ft,home,handicap=0.5,2.08
2026-10-09T00:26:44.834095+02:00,36435234,Brasileiro Serie A,Brazil,Santos FC SP,CR Flamengo RJ,2026-10-08T22:30:00+00:00,3.2528,soccer.asian_handicap,period=ft,away,handicap=0.5,1.78
2026-10-09T00:26:44.834095+02:00,36435234,Brasileiro Serie A,Brazil,Santos FC SP,CR Flamengo RJ,2026-10-08T22:30:00+00:00,3.2528,soccer.asian_handicap,period=ft,home,handicap=1,1.6
2026-10-09T00:26:44.834095+02:00,36435234,Brasileiro Serie A,Brazil,Santos FC SP,CR Flamengo RJ,2026-10-08T22:30:00+00:00,3.2528,soccer.asian_handicap,period=ft,away,handicap=1,2.35
2026-10-09T00:26:44.834095+02:00,36435234,Brasileiro Serie A,Brazil,Santos FC SP,CR Flamengo RJ,2026-10-08T22:30:00+00:00,3.2528,soccer.asian_handicap,period=ft,home,handicap=1.25,1.47
2026-10-09T00:26:44.834095+02:00,36435234,Brasileiro Serie A,Brazil,Santos FC SP,CR Flamengo RJ,2026-10-08T22:30:00+00:00,3.2528,soccer.asian_handicap,period=ft,away,handicap=1.25,2.75
2026-10-09T00:26:44.834095+02:00,36435234,Brasileiro Serie A,Brazil,Santos FC SP,CR Flamengo RJ,2026-10-08T22:30:00+00:00,3.2528,soccer.asian_handicap,period=ft,home,handicap=1.5,1.38
2026-10-09T00:26:44.834095+02:00,36435234,Brasileiro Serie A,Brazil,Santos FC SP,CR Flamengo RJ,2026-10-08T22:30:00+00:00,3.2528,soccer.asian_handicap,period=ft,away,handicap=1.5,3.05
2026-10-09T00:26:44.834095+02:00,36435234,Brasileiro Serie A,Brazil,Santos FC SP,CR Flamengo RJ,2026-10-08T22:30:00+00:00,3.2528,soccer.asian_handicap,period=ft,home,handicap=1.75,1.27
2026-10-09T00:26:44.834095+02:00,36435234,Brasileiro Serie A,Brazil,Santos FC SP,CR Flamengo RJ,2026-10-08T22:30:00+00:00,3.2528,soccer.asian_handicap,period=ft,away,handicap=1.75,3.8
2026-10-09T00:26:44.834095+02:00,36435234,Brasileiro Serie A,Brazil,Santos FC SP,CR Flamengo RJ,2026-10-08T22:30:00+00:00,3.2528,soccer.double_chance,period=ft,draw_away,,1.23
2026-10-09T00:26:44.834095+02:00,36435234,Brasileiro Serie A,Brazil,Santos FC SP,CR Flamengo RJ,2026-10-08T22:30:00+00:00,3.2528,soccer.double_chance,period=ft,home_away,,1.26
2026-10-09T00:26:44.834095+02:00,36435234,Brasileiro Serie A,Brazil,Santos FC SP,CR Flamengo RJ,2026-10-08T22:30:00+00:00,3.2528,soccer.double_chance,period=ft,home_draw,,2.07
2026-10-09T00:26:44.834095+02:00,36435234,Brasileiro Serie A,Brazil,Santos FC SP,CR Flamengo RJ,2026-10-08T22:30:00+00:00,3.2528,soccer.match_odds,period=ft,home,,4.3
2026-10-09T00:26:44.834095+02:00,36435234,Brasileiro Serie A,Brazil,Santos FC SP,CR Flamengo RJ,2026-10-08T22:30:00+00:00,3.2528,soccer.match_odds,period=ft,draw,,3.95
2026-10-09T00:26:44.834095+02:00,36435234,Brasileiro Serie A,Brazil,Santos FC SP,CR Flamengo RJ,2026-10-08T22:30:00+00:00,3.2528,soccer.match_odds,period=ft,away,,1.78
2026-10-09T00:26:44.834095+02:00,36435234,Brasileiro Serie A,Brazil,Santos FC SP,CR Flamengo RJ,2026-10-08T22:30:00+00:00,3.2528,soccer.total_goals,period=ft,over,total=3,2.0
2026-10-09T00:26:44.834095+02:00,36435234,Brasileiro Serie A,Brazil,Santos FC SP,CR Flamengo RJ,2026-10-08T22:30:00+00:00,3.2528,soccer.total_goals,period=ft,under,total=3,1.87
2026-10-09T00:26:44.834095+02:00,36435234,Brasileiro Serie A,Brazil,Santos FC SP,CR Flamengo RJ,2026-10-08T22:30:00+00:00,3.2528,soccer.total_goals,period=ft,over,total=1.5,1.18
2026-10-09T00:26:44.834095+02:00,36435234,Brasileiro Serie A,Brazil,Santos FC SP,CR Flamengo RJ,2026-10-08T22:30:00+00:00,3.2528,soccer.total_goals,period=ft,under,total=1.5,4.85
2026-10-09T00:26:44.834095+02:00,36435234,Brasileiro Serie A,Brazil,Santos FC SP,CR Flamengo RJ,2026-10-08T22:30:00+00:00,3.2528,soccer.total_goals,period=ft,over,total=2.5,1.59
2026-10-09T00:26:44.834095+02:00,36435234,Brasileiro Serie A,Brazil,Santos FC SP,CR Flamengo RJ,2026-10-08T22:30:00+00:00,3.2528,soccer.total_goals,period=ft,under,total=2.5,2.35
2026-10-09T00:26:44.834095+02:00,36435234,Brasileiro Serie A,Brazil,Santos FC SP,CR Flamengo RJ,2026-10-08T22:30:00+00:00,3.2528,soccer.total_goals,period=ft,over,total=2.75,1.74
2026-10-09T00:26:44.834095+02:00,36435234,Brasileiro Serie A,Brazil,Santos FC SP,CR Flamengo RJ,2026-10-08T22:30:00+00:00,3.2528,soccer.total_goals,period=ft,under,total=2.75,2.12
2026-10-09T00:26:44.834095+02:00,36435234,Brasileiro Serie A,Brazil,Santos FC SP,CR Flamengo RJ,2026-10-08T22:30:00+00:00,3.2528,soccer.total_goals,period=ft,over,total=3.25,2.25
2026-10-09T00:26:44.834095+02:00,36435234,Brasileiro Serie A,Brazil,Santos FC SP,CR Flamengo RJ,2026-10-08T22:30:00+00:00,3.2528,soccer.total_goals,period=ft,under,total=3.25,1.65
2026-10-09T00:26:44.834095+02:00,36435234,Brasileiro Serie A,Brazil,Santos FC SP,CR Flamengo RJ,2026-10-08T22:30:00+00:00,3.2528,soccer.total_goals,period=ft,over,total=3.5,2.55
2026-10-09T00:26:44.834095+02:00,36435234,Brasileiro Serie A,Brazil,Santos FC SP,CR Flamengo RJ,2026-10-08T22:30:00+00:00,3.2528,soccer.total_goals,period=ft,under,total=3.5,1.53
2026-10-09T00:26:44.834095+02:00,36435234,Brasileiro Serie A,Brazil,Santos FC SP,CR Flamengo RJ,2026-10-08T22:30:00+00:00,3.2528,soccer.total_goals,period=ft,over,total=4.5,4.8
2026-10-09T00:26:44.834095+02:00,36435234,Brasileiro Serie A,Brazil,Santos FC SP,CR Flamengo RJ,2026-10-08T22:30:00+00:00,3.2528,soccer.total_goals,period=ft,under,total=4.5,1.18
2026-10-09T00:26:44.834095+02:00,36435235,Brasileiro Serie A,Brazil,CA Paranaense PR,Atletico Mineiro MG,2026-10-08T23:00:00+00:00,33.2528,soccer.asian_handicap,period=ft,home,handicap=-0.5,2.05
2026-10-09T00:26:44.834095+02:00,36435235,Brasileiro Serie A,Brazil,CA Paranaense PR,Atletico Mineiro MG,2026-10-08T23:00:00+00:00,33.2528,soccer.asian_handicap,period=ft,away,handicap=-0.5,1.83
2026-10-09T00:26:44.834095+02:00,36435235,Brasileiro Serie A,Brazil,CA Paranaense PR,Atletico Mineiro MG,2026-10-08T23:00:00+00:00,33.2528,soccer.asian_handicap,period=ft,home,handicap=-1.5,3.85
2026-10-09T00:26:44.834095+02:00,36435235,Brasileiro Serie A,Brazil,CA Paranaense PR,Atletico Mineiro MG,2026-10-08T23:00:00+00:00,33.2528,soccer.asian_handicap,period=ft,away,handicap=-1.5,1.27
2026-10-09T00:26:44.834095+02:00,36435235,Brasileiro Serie A,Brazil,CA Paranaense PR,Atletico Mineiro MG,2026-10-08T23:00:00+00:00,33.2528,soccer.asian_handicap,period=ft,home,handicap=-1.25,3.4
2026-10-09T00:26:44.834095+02:00,36435235,Brasileiro Serie A,Brazil,CA Paranaense PR,Atletico Mineiro MG,2026-10-08T23:00:00+00:00,33.2528,soccer.asian_handicap,period=ft,away,handicap=-1.25,1.32
2026-10-09T00:26:44.834095+02:00,36435235,Brasileiro Serie A,Brazil,CA Paranaense PR,Atletico Mineiro MG,2026-10-08T23:00:00+00:00,33.2528,soccer.asian_handicap,period=ft,home,handicap=-1,3.0
2026-10-09T00:26:44.834095+02:00,36435235,Brasileiro Serie A,Brazil,CA Paranaense PR,Atletico Mineiro MG,2026-10-08T23:00:00+00:00,33.2528,soccer.asian_handicap,period=ft,away,handicap=-1,1.4
2026-10-09T00:26:44.834095+02:00,36435235,Brasileiro Serie A,Brazil,CA Paranaense PR,Atletico Mineiro MG,2026-10-08T23:00:00+00:00,33.2528,soccer.asian_handicap,period=ft,home,handicap=-0.75,2.35
2026-10-09T00:26:44.834095+02:00,36435235,Brasileiro Serie A,Brazil,CA Paranaense PR,Atletico Mineiro MG,2026-10-08T23:00:00+00:00,33.2528,soccer.asian_handicap,period=ft,away,handicap=-0.75,1.61
2026-10-09T00:26:44.834095+02:00,36435235,Brasileiro Serie A,Brazil,CA Paranaense PR,Atletico Mineiro MG,2026-10-08T23:00:00+00:00,33.2528,soccer.asian_handicap,period=ft,home,handicap=-0.25,1.75
2026-10-09T00:26:44.834095+02:00,36435235,Brasileiro Serie A,Brazil,CA Paranaense PR,Atletico Mineiro MG,2026-10-08T23:00:00+00:00,33.2528,soccer.asian_handicap,period=ft,away,handicap=-0.25,2.13
2026-10-09T00:26:44.834095+02:00,36435235,Brasileiro Serie A,Brazil,CA Paranaense PR,Atletico Mineiro MG,2026-10-08T23:00:00+00:00,33.2528,soccer.asian_handicap,period=ft,home,handicap=0,1.46
2026-10-09T00:26:44.834095+02:00,36435235,Brasileiro Serie A,Brazil,CA Paranaense PR,Atletico Mineiro MG,2026-10-08T23:00:00+00:00,33.2528,soccer.asian_handicap,period=ft,away,handicap=0,2.8
2026-10-09T00:26:44.834095+02:00,36435235,Brasileiro Serie A,Brazil,CA Paranaense PR,Atletico Mineiro MG,2026-10-08T23:00:00+00:00,33.2528,soccer.asian_handicap,period=ft,home,handicap=0.25,1.34
2026-10-09T00:26:44.834095+02:00,36435235,Brasileiro Serie A,Brazil,CA Paranaense PR,Atletico Mineiro MG,2026-10-08T23:00:00+00:00,33.2528,soccer.asian_handicap,period=ft,away,handicap=0.25,3.3
2026-10-09T00:26:44.834095+02:00,36435235,Brasileiro Serie A,Brazil,CA Paranaense PR,Atletico Mineiro MG,2026-10-08T23:00:00+00:00,33.2528,soccer.asian_handicap,period=ft,home,handicap=0.5,1.27
2026-10-09T00:26:44.834095+02:00,36435235,Brasileiro Serie A,Brazil,CA Paranaense PR,Atletico Mineiro MG,2026-10-08T23:00:00+00:00,33.2528,soccer.asian_handicap,period=ft,away,handicap=0.5,3.85
2026-10-09T00:26:44.834095+02:00,36435235,Brasileiro Serie A,Brazil,CA Paranaense PR,Atletico Mineiro MG,2026-10-08T23:00:00+00:00,33.2528,soccer.double_chance,period=ft,draw_away,,1.8
2026-10-09T00:26:44.834095+02:00,36435235,Brasileiro Serie A,Brazil,CA Paranaense PR,Atletico Mineiro MG,2026-10-08T23:00:00+00:00,33.2528,soccer.double_chance,period=ft,home_away,,1.34
2026-10-09T00:26:44.834095+02:00,36435235,Brasileiro Serie A,Brazil,CA Paranaense PR,Atletico Mineiro MG,2026-10-08T23:00:00+00:00,33.2528,soccer.double_chance,period=ft,home_draw,,1.27
2026-10-09T00:26:44.834095+02:00,36435235,Brasileiro Serie A,Brazil,CA Paranaense PR,Atletico Mineiro MG,2026-10-08T23:00:00+00:00,33.2528,soccer.match_odds,period=ft,home,,2.04
2026-10-09T00:26:44.834095+02:00,36435235,Brasileiro Serie A,Brazil,CA Paranaense PR,Atletico Mineiro MG,2026-10-08T23:00:00+00:00,33.2528,soccer.match_odds,period=ft,draw,,3.35
2026-10-09T00:26:44.834095+02:00,36435235,Brasileiro Serie A,Brazil,CA Paranaense PR,Atletico Mineiro MG,2026-10-08T23:00:00+00:00,33.2528,soccer.match_odds,period=ft,away,,3.9
2026-10-09T00:26:44.834095+02:00,36435235,Brasileiro Serie A,Brazil,CA Paranaense PR,Atletico Mineiro MG,2026-10-08T23:00:00+00:00,33.2528,soccer.total_goals,period=ft,over,total=2.5,1.91
2026-10-09T00:26:44.834095+02:00,36435235,Brasileiro Serie A,Brazil,CA Paranaense PR,Atletico Mineiro MG,2026-10-08T23:00:00+00:00,33.2528,soccer.total_goals,period=ft,under,total=2.5,1.95
2026-10-09T00:26:44.834095+02:00,36435235,Brasileiro Serie A,Brazil,CA Paranaense PR,Atletico Mineiro MG,2026-10-08T23:00:00+00:00,33.2528,soccer.total_goals,period=ft,over,total=1.5,1.27
2026-10-09T00:26:44.834095+02:00,36435235,Brasileiro Serie A,Brazil,CA Paranaense PR,Atletico Mineiro MG,2026-10-08T23:00:00+00:00,33.2528,soccer.total_goals,period=ft,under,total=1.5,3.75
2026-10-09T00:26:44.834095+02:00,36435235,Brasileiro Serie A,Brazil,CA Paranaense PR,Atletico Mineiro MG,2026-10-08T23:00:00+00:00,33.2528,soccer.total_goals,period=ft,over,total=2,1.43
2026-10-09T00:26:44.834095+02:00,36435235,Brasileiro Serie A,Brazil,CA Paranaense PR,Atletico Mineiro MG,2026-10-08T23:00:00+00:00,33.2528,soccer.total_goals,period=ft,under,total=2,2.85
2026-10-09T00:26:44.834095+02:00,36435235,Brasileiro Serie A,Brazil,CA Paranaense PR,Atletico Mineiro MG,2026-10-08T23:00:00+00:00,33.2528,soccer.total_goals,period=ft,over,total=2.25,1.66
2026-10-09T00:26:44.834095+02:00,36435235,Brasileiro Serie A,Brazil,CA Paranaense PR,Atletico Mineiro MG,2026-10-08T23:00:00+00:00,33.2528,soccer.total_goals,period=ft,under,total=2.25,2.2
2026-10-09T00:26:44.834095+02:00,36435235,Brasileiro Serie A,Brazil,CA Paranaense PR,Atletico Mineiro MG,2026-10-08T23:00:00+00:00,33.2528,soccer.total_goals,period=ft,over,total=2.75,2.14
2026-10-09T00:26:44.834095+02:00,36435235,Brasileiro Serie A,Brazil,CA Paranaense PR,Atletico Mineiro MG,2026-10-08T23:00:00+00:00,33.2528,soccer.total_goals,period=ft,under,total=2.75,1.72
2026-10-09T00:26:44.834095+02:00,36435235,Brasileiro Serie A,Brazil,CA Paranaense PR,Atletico Mineiro MG,2026-10-08T23:00:00+00:00,33.2528,soccer.total_goals,period=ft,over,total=3,2.55
2026-10-09T00:26:44.834095+02:00,36435235,Brasileiro Serie A,Brazil,CA Paranaense PR,Atletico Mineiro MG,2026-10-08T23:00:00+00:00,33.2528,soccer.total_goals,period=ft,under,total=3,1.51
2026-10-09T00:26:44.834095+02:00,36435235,Brasileiro Serie A,Brazil,CA Paranaense PR,Atletico Mineiro MG,2026-10-08T23:00:00+00:00,33.2528,soccer.total_goals,period=ft,over,total=3.5,3.2
2026-10-09T00:26:44.834095+02:00,36435235,Brasileiro Serie A,Brazil,CA Paranaense PR,Atletico Mineiro MG,2026-10-08T23:00:00+00:00,33.2528,soccer.total_goals,period=ft,under,total=3.5,1.34
2026-10-09T00:26:44.834095+02:00,36435235,Brasileiro Serie A,Brazil,CA Paranaense PR,Atletico Mineiro MG,2026-10-08T23:00:00+00:00,33.2528,soccer.total_goals,period=ft,over,total=4.5,6.45
2026-10-09T00:26:44.834095+02:00,36435235,Brasileiro Serie A,Brazil,CA Paranaense PR,Atletico Mineiro MG,2026-10-08T23:00:00+00:00,33.2528,soccer.total_goals,period=ft,under,total=4.5,1.12
2026-10-09T00:28:40.222313+02:00,36698652,Brazil Campeonato Paraibano (PB) Division 2,Brazil,AD Guarabira,Auto EC (PB),2026-10-08T22:30:00+00:00,1.3296,soccer.asian_handicap,period=ft,home,handicap=0.25,1.76
2026-10-09T00:28:40.222313+02:00,36698652,Brazil Campeonato Paraibano (PB) Division 2,Brazil,AD Guarabira,Auto EC (PB),2026-10-08T22:30:00+00:00,1.3296,soccer.asian_handicap,period=ft,away,handicap=0.25,1.95
2026-10-09T00:28:40.222313+02:00,36698652,Brazil Campeonato Paraibano (PB) Division 2,Brazil,AD Guarabira,Auto EC (PB),2026-10-08T22:30:00+00:00,1.3296,soccer.asian_handicap,period=ft,home,handicap=-0.5,2.8
2026-10-09T00:28:40.222313+02:00,36698652,Brazil Campeonato Paraibano (PB) Division 2,Brazil,AD Guarabira,Auto EC (PB),2026-10-08T22:30:00+00:00,1.3296,soccer.asian_handicap,period=ft,away,handicap=-0.5,1.33
2026-10-09T00:28:40.222313+02:00,36698652,Brazil Campeonato Paraibano (PB) Division 2,Brazil,AD Guarabira,Auto EC (PB),2026-10-08T22:30:00+00:00,1.3296,soccer.asian_handicap,period=ft,home,handicap=-0.25,2.45
2026-10-09T00:28:40.222313+02:00,36698652,Brazil Campeonato Paraibano (PB) Division 2,Brazil,AD Guarabira,Auto EC (PB),2026-10-08T22:30:00+00:00,1.3296,soccer.asian_handicap,period=ft,away,handicap=-0.25,1.44
2026-10-09T00:28:40.222313+02:00,36698652,Brazil Campeonato Paraibano (PB) Division 2,Brazil,AD Guarabira,Auto EC (PB),2026-10-08T22:30:00+00:00,1.3296,soccer.asian_handicap,period=ft,home,handicap=0,2.1
2026-10-09T00:28:40.222313+02:00,36698652,Brazil Campeonato Paraibano (PB) Division 2,Brazil,AD Guarabira,Auto EC (PB),2026-10-08T22:30:00+00:00,1.3296,soccer.asian_handicap,period=ft,away,handicap=0,1.62
2026-10-09T00:28:40.222313+02:00,36698652,Brazil Campeonato Paraibano (PB) Division 2,Brazil,AD Guarabira,Auto EC (PB),2026-10-08T22:30:00+00:00,1.3296,soccer.asian_handicap,period=ft,home,handicap=0.5,1.55
2026-10-09T00:28:40.222313+02:00,36698652,Brazil Campeonato Paraibano (PB) Division 2,Brazil,AD Guarabira,Auto EC (PB),2026-10-08T22:30:00+00:00,1.3296,soccer.asian_handicap,period=ft,away,handicap=0.5,2.2
2026-10-09T00:28:40.222313+02:00,36698652,Brazil Campeonato Paraibano (PB) Division 2,Brazil,AD Guarabira,Auto EC (PB),2026-10-08T22:30:00+00:00,1.3296,soccer.asian_handicap,period=ft,home,handicap=0.75,1.39
2026-10-09T00:28:40.222313+02:00,36698652,Brazil Campeonato Paraibano (PB) Division 2,Brazil,AD Guarabira,Auto EC (PB),2026-10-08T22:30:00+00:00,1.3296,soccer.asian_handicap,period=ft,away,handicap=0.75,2.6
2026-10-09T00:28:40.222313+02:00,36698652,Brazil Campeonato Paraibano (PB) Division 2,Brazil,AD Guarabira,Auto EC (PB),2026-10-08T22:30:00+00:00,1.3296,soccer.asian_handicap,period=ft,home,handicap=1,1.23
2026-10-09T00:28:40.222313+02:00,36698652,Brazil Campeonato Paraibano (PB) Division 2,Brazil,AD Guarabira,Auto EC (PB),2026-10-08T22:30:00+00:00,1.3296,soccer.asian_handicap,period=ft,away,handicap=1,3.4
2026-10-09T00:28:40.222313+02:00,36698652,Brazil Campeonato Paraibano (PB) Division 2,Brazil,AD Guarabira,Auto EC (PB),2026-10-08T22:30:00+00:00,1.3296,soccer.total_goals,period=ft,over,total=2.5,1.91
2026-10-09T00:28:40.222313+02:00,36698652,Brazil Campeonato Paraibano (PB) Division 2,Brazil,AD Guarabira,Auto EC (PB),2026-10-08T22:30:00+00:00,1.3296,soccer.total_goals,period=ft,under,total=2.5,1.79
2026-10-09T00:28:40.222313+02:00,36698652,Brazil Campeonato Paraibano (PB) Division 2,Brazil,AD Guarabira,Auto EC (PB),2026-10-08T22:30:00+00:00,1.3296,soccer.total_goals,period=ft,over,total=1.75,1.32
2026-10-09T00:28:40.222313+02:00,36698652,Brazil Campeonato Paraibano (PB) Division 2,Brazil,AD Guarabira,Auto EC (PB),2026-10-08T22:30:00+00:00,1.3296,soccer.total_goals,period=ft,under,total=1.75,2.9
2026-10-09T00:28:40.222313+02:00,36698652,Brazil Campeonato Paraibano (PB) Division 2,Brazil,AD Guarabira,Auto EC (PB),2026-10-08T22:30:00+00:00,1.3296,soccer.total_goals,period=ft,over,total=2,1.42
2026-10-09T00:28:40.222313+02:00,36698652,Brazil Campeonato Paraibano (PB) Division 2,Brazil,AD Guarabira,Auto EC (PB),2026-10-08T22:30:00+00:00,1.3296,soccer.total_goals,period=ft,under,total=2,2.5
2026-10-09T00:28:40.222313+02:00,36698652,Brazil Campeonato Paraibano (PB) Division 2,Brazil,AD Guarabira,Auto EC (PB),2026-10-08T22:30:00+00:00,1.3296,soccer.total_goals,period=ft,over,total=2.25,1.66
2026-10-09T00:28:40.222313+02:00,36698652,Brazil Campeonato Paraibano (PB) Division 2,Brazil,AD Guarabira,Auto EC (PB),2026-10-08T22:30:00+00:00,1.3296,soccer.total_goals,period=ft,under,total=2.25,2.04
2026-10-09T00:28:40.222313+02:00,36698652,Brazil Campeonato Paraibano (PB) Division 2,Brazil,AD Guarabira,Auto EC (PB),2026-10-08T22:30:00+00:00,1.3296,soccer.total_goals,period=ft,over,total=2.75,2.15
2026-10-09T00:28:40.222313+02:00,36698652,Brazil Campeonato Paraibano (PB) Division 2,Brazil,AD Guarabira,Auto EC (PB),2026-10-08T22:30:00+00:00,1.3296,soccer.total_goals,period=ft,under,total=2.75,1.6
2026-10-09T00:28:40.222313+02:00,36698652,Brazil Campeonato Paraibano (PB) Division 2,Brazil,AD Guarabira,Auto EC (PB),2026-10-08T22:30:00+00:00,1.3296,soccer.total_goals,period=ft,over,total=3,2.55
2026-10-09T00:28:40.222313+02:00,36698652,Brazil Campeonato Paraibano (PB) Division 2,Brazil,AD Guarabira,Auto EC (PB),2026-10-08T22:30:00+00:00,1.3296,soccer.total_goals,period=ft,under,total=3,1.41
2026-10-09T00:28:40.222313+02:00,36698652,Brazil Campeonato Paraibano (PB) Division 2,Brazil,AD Guarabira,Auto EC (PB),2026-10-08T22:30:00+00:00,1.3296,soccer.total_goals,period=ft,over,total=3.25,2.85
2026-10-09T00:28:40.222313+02:00,36698652,Brazil Campeonato Paraibano (PB) Division 2,Brazil,AD Guarabira,Auto EC (PB),2026-10-08T22:30:00+00:00,1.3296,soccer.total_goals,period=ft,under,total=3.25,1.33
2026-10-09T00:28:40.222313+02:00,36609426,Brasileiro Serie B,Brazil,Ceara SC CE,Criciuma EC SC,2026-10-08T22:30:00+00:00,1.3296,soccer.asian_handicap,period=ft,home,handicap=0,1.89
2026-10-09T00:28:40.222313+02:00,36609426,Brasileiro Serie B,Brazil,Ceara SC CE,Criciuma EC SC,2026-10-08T22:30:00+00:00,1.3296,soccer.asian_handicap,period=ft,away,handicap=0,1.96
2026-10-09T00:28:40.222313+02:00,36609426,Brasileiro Serie B,Brazil,Ceara SC CE,Criciuma EC SC,2026-10-08T22:30:00+00:00,1.3296,soccer.asian_handicap,period=ft,home,handicap=-1,4.75
2026-10-09T00:28:40.222313+02:00,36609426,Brasileiro Serie B,Brazil,Ceara SC CE,Criciuma EC SC,2026-10-08T22:30:00+00:00,1.3296,soccer.asian_handicap,period=ft,away,handicap=-1,1.19
2026-10-09T00:28:40.222313+02:00,36609426,Brasileiro Serie B,Brazil,Ceara SC CE,Criciuma EC SC,2026-10-08T22:30:00+00:00,1.3296,soccer.asian_handicap,period=ft,home,handicap=-0.75,3.3
2026-10-09T00:28:40.222313+02:00,36609426,Brasileiro Serie B,Brazil,Ceara SC CE,Criciuma EC SC,2026-10-08T22:30:00+00:00,1.3296,soccer.asian_handicap,period=ft,away,handicap=-0.75,1.33
2026-10-09T00:28:40.222313+02:00,36609426,Brasileiro Serie B,Brazil,Ceara SC CE,Criciuma EC SC,2026-10-08T22:30:00+00:00,1.3296,soccer.asian_handicap,period=ft,home,handicap=-0.5,2.65
2026-10-09T00:28:40.222313+02:00,36609426,Brasileiro Serie B,Brazil,Ceara SC CE,Criciuma EC SC,2026-10-08T22:30:00+00:00,1.3296,soccer.asian_handicap,period=ft,away,handicap=-0.5,1.49
2026-10-09T00:28:40.222313+02:00,36609426,Brasileiro Serie B,Brazil,Ceara SC CE,Criciuma EC SC,2026-10-08T22:30:00+00:00,1.3296,soccer.asian_handicap,period=ft,home,handicap=-0.25,2.25
2026-10-09T00:28:40.222313+02:00,36609426,Brasileiro Serie B,Brazil,Ceara SC CE,Criciuma EC SC,2026-10-08T22:30:00+00:00,1.3296,soccer.asian_handicap,period=ft,away,handicap=-0.25,1.65
2026-10-09T00:28:40.222313+02:00,36609426,Brasileiro Serie B,Brazil,Ceara SC CE,Criciuma EC SC,2026-10-08T22:30:00+00:00,1.3296,soccer.asian_handicap,period=ft,home,handicap=0.25,1.6
2026-10-09T00:28:40.222313+02:00,36609426,Brasileiro Serie B,Brazil,Ceara SC CE,Criciuma EC SC,2026-10-08T22:30:00+00:00,1.3296,soccer.asian_handicap,period=ft,away,handicap=0.25,2.35
2026-10-09T00:28:40.222313+02:00,36609426,Brasileiro Serie B,Brazil,Ceara SC CE,Criciuma EC SC,2026-10-08T22:30:00+00:00,1.3296,soccer.asian_handicap,period=ft,home,handicap=0.5,1.45
2026-10-09T00:28:40.222313+02:00,36609426,Brasileiro Serie B,Brazil,Ceara SC CE,Criciuma EC SC,2026-10-08T22:30:00+00:00,1.3296,soccer.asian_handicap,period=ft,away,handicap=0.5,2.75
2026-10-09T00:28:40.222313+02:00,36609426,Brasileiro Serie B,Brazil,Ceara SC CE,Criciuma EC SC,2026-10-08T22:30:00+00:00,1.3296,soccer.asian_handicap,period=ft,home,handicap=0.75,1.31
2026-10-09T00:28:40.222313+02:00,36609426,Brasileiro Serie B,Brazil,Ceara SC CE,Criciuma EC SC,2026-10-08T22:30:00+00:00,1.3296,soccer.asian_handicap,period=ft,away,handicap=0.75,3.45
2026-10-09T00:28:40.222313+02:00,36609426,Brasileiro Serie B,Brazil,Ceara SC CE,Criciuma EC SC,2026-10-08T22:30:00+00:00,1.3296,soccer.asian_handicap,period=ft,home,handicap=1,1.17
2026-10-09T00:28:40.222313+02:00,36609426,Brasileiro Serie B,Brazil,Ceara SC CE,Criciuma EC SC,2026-10-08T22:30:00+00:00,1.3296,soccer.asian_handicap,period=ft,away,handicap=1,5.1
2026-10-09T00:28:40.222313+02:00,36609426,Brasileiro Serie B,Brazil,Ceara SC CE,Criciuma EC SC,2026-10-08T22:30:00+00:00,1.3296,soccer.double_chance,period=ft,draw_away,,1.47
2026-10-09T00:28:40.222313+02:00,36609426,Brasileiro Serie B,Brazil,Ceara SC CE,Criciuma EC SC,2026-10-08T22:30:00+00:00,1.3296,soccer.double_chance,period=ft,home_away,,1.35
2026-10-09T00:28:40.222313+02:00,36609426,Brasileiro Serie B,Brazil,Ceara SC CE,Criciuma EC SC,2026-10-08T22:30:00+00:00,1.3296,soccer.double_chance,period=ft,home_draw,,1.45
2026-10-09T00:28:40.222313+02:00,36609426,Brasileiro Serie B,Brazil,Ceara SC CE,Criciuma EC SC,2026-10-08T22:30:00+00:00,1.3296,soccer.match_odds,period=ft,home,,2.65
2026-10-09T00:28:40.222313+02:00,36609426,Brasileiro Serie B,Brazil,Ceara SC CE,Criciuma EC SC,2026-10-08T22:30:00+00:00,1.3296,soccer.match_odds,period=ft,draw,,3.15
2026-10-09T00:28:40.222313+02:00,36609426,Brasileiro Serie B,Brazil,Ceara SC CE,Criciuma EC SC,2026-10-08T22:30:00+00:00,1.3296,soccer.match_odds,period=ft,away,,2.75
2026-10-09T00:28:40.222313+02:00,36609426,Brasileiro Serie B,Brazil,Ceara SC CE,Criciuma EC SC,2026-10-08T22:30:00+00:00,1.3296,soccer.total_goals,period=ft,over,total=2.25,2.03
2026-10-09T00:28:40.222313+02:00,36609426,Brasileiro Serie B,Brazil,Ceara SC CE,Criciuma EC SC,2026-10-08T22:30:00+00:00,1.3296,soccer.total_goals,period=ft,under,total=2.25,1.8
2026-10-09T00:28:40.222313+02:00,36609426,Brasileiro Serie B,Brazil,Ceara SC CE,Criciuma EC SC,2026-10-08T22:30:00+00:00,1.3296,soccer.total_goals,period=ft,over,total=1.5,1.4
2026-10-09T00:28:40.222313+02:00,36609426,Brasileiro Serie B,Brazil,Ceara SC CE,Criciuma EC SC,2026-10-08T22:30:00+00:00,1.3296,soccer.total_goals,period=ft,under,total=1.5,2.9
2026-10-09T00:28:40.222313+02:00,36609426,Brasileiro Serie B,Brazil,Ceara SC CE,Criciuma EC SC,2026-10-08T22:30:00+00:00,1.3296,soccer.total_goals,period=ft,over,total=1.75,1.52
2026-10-09T00:28:40.222313+02:00,36609426,Brasileiro Serie B,Brazil,Ceara SC CE,Criciuma EC SC,2026-10-08T22:30:00+00:00,1.3296,soccer.total_goals,period=ft,under,total=1.75,2.5
2026-10-09T00:28:40.222313+02:00,36609426,Brasileiro Serie B,Brazil,Ceara SC CE,Criciuma EC SC,2026-10-08T22:30:00+00:00,1.3296,soccer.total_goals,period=ft,over,total=2,1.71
2026-10-09T00:28:40.222313+02:00,36609426,Brasileiro Serie B,Brazil,Ceara SC CE,Criciuma EC SC,2026-10-08T22:30:00+00:00,1.3296,soccer.total_goals,period=ft,under,total=2,2.14
2026-10-09T00:28:40.222313+02:00,36609426,Brasileiro Serie B,Brazil,Ceara SC CE,Criciuma EC SC,2026-10-08T22:30:00+00:00,1.3296,soccer.total_goals,period=ft,over,total=2.5,2.3
2026-10-09T00:28:40.222313+02:00,36609426,Brasileiro Serie B,Brazil,Ceara SC CE,Criciuma EC SC,2026-10-08T22:30:00+00:00,1.3296,soccer.total_goals,period=ft,under,total=2.5,1.6
2026-10-09T00:28:40.222313+02:00,36609426,Brasileiro Serie B,Brazil,Ceara SC CE,Criciuma EC SC,2026-10-08T22:30:00+00:00,1.3296,soccer.total_goals,period=ft,over,total=2.75,2.75
2026-10-09T00:28:40.222313+02:00,36609426,Brasileiro Serie B,Brazil,Ceara SC CE,Criciuma EC SC,2026-10-08T22:30:00+00:00,1.3296,soccer.total_goals,period=ft,under,total=2.75,1.44
2026-10-09T00:28:40.222313+02:00,36609426,Brasileiro Serie B,Brazil,Ceara SC CE,Criciuma EC SC,2026-10-08T22:30:00+00:00,1.3296,soccer.total_goals,period=ft,over,total=3.5,4.4
2026-10-09T00:28:40.222313+02:00,36609426,Brasileiro Serie B,Brazil,Ceara SC CE,Criciuma EC SC,2026-10-08T22:30:00+00:00,1.3296,soccer.total_goals,period=ft,under,total=3.5,1.2
2026-10-09T00:28:40.222313+02:00,36609429,Brasileiro Serie B,Brazil,Nautico PE,Gremio Novorizontino SP,2026-10-08T22:30:00+00:00,1.3296,soccer.asian_handicap,period=ft,home,handicap=0.75,1.89
2026-10-09T00:28:40.222313+02:00,36609429,Brasileiro Serie B,Brazil,Nautico PE,Gremio Novorizontino SP,2026-10-08T22:30:00+00:00,1.3296,soccer.asian_handicap,period=ft,away,handicap=0.75,1.95
2026-10-09T00:28:40.222313+02:00,36609429,Brasileiro Serie B,Brazil,Nautico PE,Gremio Novorizontino SP,2026-10-08T22:30:00+00:00,1.3296,soccer.asian_handicap,period=ft,home,handicap=-0.25,3.9
2026-10-09T00:28:40.222313+02:00,36609429,Brasileiro Serie B,Brazil,Nautico PE,Gremio Novorizontino SP,2026-10-08T22:30:00+00:00,1.3296,soccer.asian_handicap,period=ft,away,handicap=-0.25,1.25
2026-10-09T00:28:40.222313+02:00,36609429,Brasileiro Serie B,Brazil,Nautico PE,Gremio Novorizontino SP,2026-10-08T22:30:00+00:00,1.3296,soccer.asian_handicap,period=ft,home,handicap=0,3.4
2026-10-09T00:28:40.222313+02:00,36609429,Brasileiro Serie B,Brazil,Nautico PE,Gremio Novorizontino SP,2026-10-08T22:30:00+00:00,1.3296,soccer.asian_handicap,period=ft,away,handicap=0,1.31
2026-10-09T00:28:40.222313+02:00,36609429,Brasileiro Serie B,Brazil,Nautico PE,Gremio Novorizontino SP,2026-10-08T22:30:00+00:00,1.3296,soccer.asian_handicap,period=ft,home,handicap=0.25,2.55
2026-10-09T00:28:40.222313+02:00,36609429,Brasileiro Serie B,Brazil,Nautico PE,Gremio Novorizontino SP,2026-10-08T22:30:00+00:00,1.3296,soccer.asian_handicap,period=ft,away,handicap=0.25,1.52
2026-10-09T00:28:40.222313+02:00,36609429,Brasileiro Serie B,Brazil,Nautico PE,Gremio Novorizontino SP,2026-10-08T22:30:00+00:00,1.3296,soccer.asian_handicap,period=ft,home,handicap=0.5,2.13
2026-10-09T00:28:40.222313+02:00,36609429,Brasileiro Serie B,Brazil,Nautico PE,Gremio Novorizontino SP,2026-10-08T22:30:00+00:00,1.3296,soccer.asian_handicap,period=ft,away,handicap=0.5,1.73
2026-10-09T00:28:40.222313+02:00,36609429,Brasileiro Serie B,Brazil,Nautico PE,Gremio Novorizontino SP,2026-10-08T22:30:00+00:00,1.3296,soccer.asian_handicap,period=ft,home,handicap=1,1.64
2026-10-09T00:28:40.222313+02:00,36609429,Brasileiro Serie B,Brazil,Nautico PE,Gremio Novorizontino SP,2026-10-08T22:30:00+00:00,1.3296,soccer.asian_handicap,period=ft,away,handicap=1,2.25
2026-10-09T00:28:40.222313+02:00,36609429,Brasileiro Serie B,Brazil,Nautico PE,Gremio Novorizontino SP,2026-10-08T22:30:00+00:00,1.3296,soccer.asian_handicap,period=ft,home,handicap=1.25,1.49
2026-10-09T00:28:40.222313+02:00,36609429,Brasileiro Serie B,Brazil,Nautico PE,Gremio Novorizontino SP,2026-10-08T22:30:00+00:00,1.3296,soccer.asian_handicap,period=ft,away,handicap=1.25,2.6
2026-10-09T00:28:40.222313+02:00,36609429,Brasileiro Serie B,Brazil,Nautico PE,Gremio Novorizontino SP,2026-10-08T22:30:00+00:00,1.3296,soccer.asian_handicap,period=ft,home,handicap=1.5,1.4
2026-10-09T00:28:40.222313+02:00,36609429,Brasileiro Serie B,Brazil,Nautico PE,Gremio Novorizontino SP,2026-10-08T22:30:00+00:00,1.3296,soccer.asian_handicap,period=ft,away,handicap=1.5,2.95
2026-10-09T00:28:40.222313+02:00,36609429,Brasileiro Serie B,Brazil,Nautico PE,Gremio Novorizontino SP,2026-10-08T22:30:00+00:00,1.3296,soccer.asian_handicap,period=ft,home,handicap=1.75,1.28
2026-10-09T00:28:40.222313+02:00,36609429,Brasileiro Serie B,Brazil,Nautico PE,Gremio Novorizontino SP,2026-10-08T22:30:00+00:00,1.3296,soccer.asian_handicap,period=ft,away,handicap=1.75,3.65
2026-10-09T00:28:40.222313+02:00,36609429,Brasileiro Serie B,Brazil,Nautico PE,Gremio Novorizontino SP,2026-10-08T22:30:00+00:00,1.3296,soccer.double_chance,period=ft,draw_away,,1.21
2026-10-09T00:28:40.222313+02:00,36609429,Brasileiro Serie B,Brazil,Nautico PE,Gremio Novorizontino SP,2026-10-08T22:30:00+00:00,1.3296,soccer.double_chance,period=ft,home_away,,1.25
2026-10-09T00:28:40.222313+02:00,36609429,Brasileiro Serie B,Brazil,Nautico PE,Gremio Novorizontino SP,2026-10-08T22:30:00+00:00,1.3296,soccer.double_chance,period=ft,home_draw,,2.1
2026-10-09T00:28:40.222313+02:00,36609429,Brasileiro Serie B,Brazil,Nautico PE,Gremio Novorizontino SP,2026-10-08T22:30:00+00:00,1.3296,soccer.match_odds,period=ft,home,,4.45
2026-10-09T00:28:40.222313+02:00,36609429,Brasileiro Serie B,Brazil,Nautico PE,Gremio Novorizontino SP,2026-10-08T22:30:00+00:00,1.3296,soccer.match_odds,period=ft,draw,,3.95
2026-10-09T00:28:40.222313+02:00,36609429,Brasileiro Serie B,Brazil,Nautico PE,Gremio Novorizontino SP,2026-10-08T22:30:00+00:00,1.3296,soccer.match_odds,period=ft,away,,1.73
2026-10-09T00:28:40.222313+02:00,36609429,Brasileiro Serie B,Brazil,Nautico PE,Gremio Novorizontino SP,2026-10-08T22:30:00+00:00,1.3296,soccer.total_goals,period=ft,over,total=2.75,1.98
2026-10-09T00:28:40.222313+02:00,36609429,Brasileiro Serie B,Brazil,Nautico PE,Gremio Novorizontino SP,2026-10-08T22:30:00+00:00,1.3296,soccer.total_goals,period=ft,under,total=2.75,1.85
2026-10-09T00:28:40.222313+02:00,36609429,Brasileiro Serie B,Brazil,Nautico PE,Gremio Novorizontino SP,2026-10-08T22:30:00+00:00,1.3296,soccer.total_goals,period=ft,over,total=1.5,1.23
2026-10-09T00:28:40.222313+02:00,36609429,Brasileiro Serie B,Brazil,Nautico PE,Gremio Novorizontino SP,2026-10-08T22:30:00+00:00,1.3296,soccer.total_goals,period=ft,under,total=1.5,4.05
2026-10-09T00:28:40.222313+02:00,36609429,Brasileiro Serie B,Brazil,Nautico PE,Gremio Novorizontino SP,2026-10-08T22:30:00+00:00,1.3296,soccer.total_goals,period=ft,over,total=2.25,1.56
2026-10-09T00:28:40.222313+02:00,36609429,Brasileiro Serie B,Brazil,Nautico PE,Gremio Novorizontino SP,2026-10-08T22:30:00+00:00,1.3296,soccer.total_goals,period=ft,under,total=2.25,2.4
2026-10-09T00:28:40.222313+02:00,36609429,Brasileiro Serie B,Brazil,Nautico PE,Gremio Novorizontino SP,2026-10-08T22:30:00+00:00,1.3296,soccer.total_goals,period=ft,over,total=2.5,1.76
2026-10-09T00:28:40.222313+02:00,36609429,Brasileiro Serie B,Brazil,Nautico PE,Gremio Novorizontino SP,2026-10-08T22:30:00+00:00,1.3296,soccer.total_goals,period=ft,under,total=2.5,2.06
2026-10-09T00:28:40.222313+02:00,36609429,Brasileiro Serie B,Brazil,Nautico PE,Gremio Novorizontino SP,2026-10-08T22:30:00+00:00,1.3296,soccer.total_goals,period=ft,over,total=3,2.3
2026-10-09T00:28:40.222313+02:00,36609429,Brasileiro Serie B,Brazil,Nautico PE,Gremio Novorizontino SP,2026-10-08T22:30:00+00:00,1.3296,soccer.total_goals,period=ft,under,total=3,1.62
2026-10-09T00:28:40.222313+02:00,36609429,Brasileiro Serie B,Brazil,Nautico PE,Gremio Novorizontino SP,2026-10-08T22:30:00+00:00,1.3296,soccer.total_goals,period=ft,over,total=3.25,2.6
2026-10-09T00:28:40.222313+02:00,36609429,Brasileiro Serie B,Brazil,Nautico PE,Gremio Novorizontino SP,2026-10-08T22:30:00+00:00,1.3296,soccer.total_goals,period=ft,under,total=3.25,1.49
2026-10-09T00:28:40.222313+02:00,36609429,Brasileiro Serie B,Brazil,Nautico PE,Gremio Novorizontino SP,2026-10-08T22:30:00+00:00,1.3296,soccer.total_goals,period=ft,over,total=3.5,2.9
2026-10-09T00:28:40.222313+02:00,36609429,Brasileiro Serie B,Brazil,Nautico PE,Gremio Novorizontino SP,2026-10-08T22:30:00+00:00,1.3296,soccer.total_goals,period=ft,under,total=3.5,1.4
2026-10-09T00:28:40.222313+02:00,36609429,Brasileiro Serie B,Brazil,Nautico PE,Gremio Novorizontino SP,2026-10-08T22:30:00+00:00,1.3296,soccer.total_goals,period=ft,over,total=4.5,5.5
2026-10-09T00:28:40.222313+02:00,36609429,Brasileiro Serie B,Brazil,Nautico PE,Gremio Novorizontino SP,2026-10-08T22:30:00+00:00,1.3296,soccer.total_goals,period=ft,under,total=4.5,1.14
2026-10-09T00:28:40.222313+02:00,36626420,"Primera A, Clausura",Colombia,Atletico Nacional Medellin,CD Tolima,2026-10-08T23:05:00+00:00,36.3296,soccer.asian_handicap,period=ft,home,handicap=-0.75,1.83
2026-10-09T00:28:40.222313+02:00,36626420,"Primera A, Clausura",Colombia,Atletico Nacional Medellin,CD Tolima,2026-10-08T23:05:00+00:00,36.3296,soccer.asian_handicap,period=ft,away,handicap=-0.75,2.0
2026-10-09T00:28:40.222313+02:00,36626420,"Primera A, Clausura",Colombia,Atletico Nacional Medellin,CD Tolima,2026-10-08T23:05:00+00:00,36.3296,soccer.asian_handicap,period=ft,home,handicap=-1.75,3.45
2026-10-09T00:28:40.222313+02:00,36626420,"Primera A, Clausura",Colombia,Atletico Nacional Medellin,CD Tolima,2026-10-08T23:05:00+00:00,36.3296,soccer.asian_handicap,period=ft,away,handicap=-1.75,1.3
2026-10-09T00:28:40.222313+02:00,36626420,"Primera A, Clausura",Colombia,Atletico Nacional Medellin,CD Tolima,2026-10-08T23:05:00+00:00,36.3296,soccer.asian_handicap,period=ft,home,handicap=-1.5,2.8
2026-10-09T00:28:40.222313+02:00,36626420,"Primera A, Clausura",Colombia,Atletico Nacional Medellin,CD Tolima,2026-10-08T23:05:00+00:00,36.3296,soccer.asian_handicap,period=ft,away,handicap=-1.5,1.42
2026-10-09T00:28:40.222313+02:00,36626420,"Primera A, Clausura",Colombia,Atletico Nacional Medellin,CD Tolima,2026-10-08T23:05:00+00:00,36.3296,soccer.asian_handicap,period=ft,home,handicap=-1.25,2.45
2026-10-09T00:28:40.222313+02:00,36626420,"Primera A, Clausura",Colombia,Atletico Nacional Medellin,CD Tolima,2026-10-08T23:05:00+00:00,36.3296,soccer.asian_handicap,period=ft,away,handicap=-1.25,1.54
2026-10-09T00:28:40.222313+02:00,36626420,"Primera A, Clausura",Colombia,Atletico Nacional Medellin,CD Tolima,2026-10-08T23:05:00+00:00,36.3296,soccer.asian_handicap,period=ft,home,handicap=-1,2.14
2026-10-09T00:28:40.222313+02:00,36626420,"Primera A, Clausura",Colombia,Atletico Nacional Medellin,CD Tolima,2026-10-08T23:05:00+00:00,36.3296,soccer.asian_handicap,period=ft,away,handicap=-1,1.71
2026-10-09T00:28:40.222313+02:00,36626420,"Primera A, Clausura",Colombia,Atletico Nacional Medellin,CD Tolima,2026-10-08T23:05:00+00:00,36.3296,soccer.asian_handicap,period=ft,home,handicap=-0.5,1.64
2026-10-09T00:28:40.222313+02:00,36626420,"Primera A, Clausura",Colombia,Atletico Nacional Medellin,CD Tolima,2026-10-08T23:05:00+00:00,36.3296,soccer.asian_handicap,period=ft,away,handicap=-0.5,2.25
2026-10-09T00:28:40.222313+02:00,36626420,"Primera A, Clausura",Colombia,Atletico Nacional Medellin,CD Tolima,2026-10-08T23:05:00+00:00,36.3296,soccer.asian_handicap,period=ft,home,handicap=-0.25,1.44
2026-10-09T00:28:40.222313+02:00,36626420,"Primera A, Clausura",Colombia,Atletico Nacional Medellin,CD Tolima,2026-10-08T23:05:00+00:00,36.3296,soccer.asian_handicap,period=ft,away,handicap=-0.25,2.75
2026-10-09T00:28:40.222313+02:00,36626420,"Primera A, Clausura",Colombia,Atletico Nacional Medellin,CD Tolima,2026-10-08T23:05:00+00:00,36.3296,soccer.asian_handicap,period=ft,home,handicap=0,1.24
2026-10-09T00:28:40.222313+02:00,36626420,"Primera A, Clausura",Colombia,Atletico Nacional Medellin,CD Tolima,2026-10-08T23:05:00+00:00,36.3296,soccer.asian_handicap,period=ft,away,handicap=0,3.9
2026-10-09T00:28:40.222313+02:00,36626420,"Primera A, Clausura",Colombia,Atletico Nacional Medellin,CD Tolima,2026-10-08T23:05:00+00:00,36.3296,soccer.asian_handicap,period=ft,home,handicap=0.25,1.19
2026-10-09T00:28:40.222313+02:00,36626420,"Primera A, Clausura",Colombia,Atletico Nacional Medellin,CD Tolima,2026-10-08T23:05:00+00:00,36.3296,soccer.asian_handicap,period=ft,away,handicap=0.25,4.5
2026-10-09T00:28:40.222313+02:00,36626420,"Primera A, Clausura",Colombia,Atletico Nacional Medellin,CD Tolima,2026-10-08T23:05:00+00:00,36.3296,soccer.double_chance,period=ft,draw_away,,2.08
2026-10-09T00:28:40.222313+02:00,36626420,"Primera A, Clausura",Colombia,Atletico Nacional Medellin,CD Tolima,2026-10-08T23:05:00+00:00,36.3296,soccer.double_chance,period=ft,home_away,,1.28
2026-10-09T00:28:40.222313+02:00,36626420,"Primera A, Clausura",Colombia,Atletico Nacional Medellin,CD Tolima,2026-10-08T23:05:00+00:00,36.3296,soccer.double_chance,period=ft,home_draw,,1.2
2026-10-09T00:28:40.222313+02:00,36626420,"Primera A, Clausura",Colombia,Atletico Nacional Medellin,CD Tolima,2026-10-08T23:05:00+00:00,36.3296,soccer.match_odds,period=ft,home,,1.64
2026-10-09T00:28:40.222313+02:00,36626420,"Primera A, Clausura",Colombia,Atletico Nacional Medellin,CD Tolima,2026-10-08T23:05:00+00:00,36.3296,soccer.match_odds,period=ft,draw,,3.85
2026-10-09T00:28:40.222313+02:00,36626420,"Primera A, Clausura",Colombia,Atletico Nacional Medellin,CD Tolima,2026-10-08T23:05:00+00:00,36.3296,soccer.match_odds,period=ft,away,,5.15
2026-10-09T00:28:40.222313+02:00,36626420,"Primera A, Clausura",Colombia,Atletico Nacional Medellin,CD Tolima,2026-10-08T23:05:00+00:00,36.3296,soccer.total_goals,period=ft,over,total=2.5,1.83
2026-10-09T00:28:40.222313+02:00,36626420,"Primera A, Clausura",Colombia,Atletico Nacional Medellin,CD Tolima,2026-10-08T23:05:00+00:00,36.3296,soccer.total_goals,period=ft,under,total=2.5,1.98
2026-10-09T00:28:40.222313+02:00,36626420,"Primera A, Clausura",Colombia,Atletico Nacional Medellin,CD Tolima,2026-10-08T23:05:00+00:00,36.3296,soccer.total_goals,period=ft,over,total=1.5,1.25
2026-10-09T00:28:40.222313+02:00,36626420,"Primera A, Clausura",Colombia,Atletico Nacional Medellin,CD Tolima,2026-10-08T23:05:00+00:00,36.3296,soccer.total_goals,period=ft,under,total=1.5,3.75
2026-10-09T00:28:40.222313+02:00,36626420,"Primera A, Clausura",Colombia,Atletico Nacional Medellin,CD Tolima,2026-10-08T23:05:00+00:00,36.3296,soccer.total_goals,period=ft,over,total=2,1.39
2026-10-09T00:28:40.222313+02:00,36626420,"Primera A, Clausura",Colombia,Atletico Nacional Medellin,CD Tolima,2026-10-08T23:05:00+00:00,36.3296,soccer.total_goals,period=ft,under,total=2,2.95
2026-10-09T00:28:40.222313+02:00,36626420,"Primera A, Clausura",Colombia,Atletico Nacional Medellin,CD Tolima,2026-10-08T23:05:00+00:00,36.3296,soccer.total_goals,period=ft,over,total=2.25,1.61
2026-10-09T00:28:40.222313+02:00,36626420,"Primera A, Clausura",Colombia,Atletico Nacional Medellin,CD Tolima,2026-10-08T23:05:00+00:00,36.3296,soccer.total_goals,period=ft,under,total=2.25,2.3
2026-10-09T00:28:40.222313+02:00,36626420,"Primera A, Clausura",Colombia,Atletico Nacional Medellin,CD Tolima,2026-10-08T23:05:00+00:00,36.3296,soccer.total_goals,period=ft,over,total=2.75,2.05
2026-10-09T00:28:40.222313+02:00,36626420,"Primera A, Clausura",Colombia,Atletico Nacional Medellin,CD Tolima,2026-10-08T23:05:00+00:00,36.3296,soccer.total_goals,period=ft,under,total=2.75,1.75
2026-10-09T00:28:40.222313+02:00,36626420,"Primera A, Clausura",Colombia,Atletico Nacional Medellin,CD Tolima,2026-10-08T23:05:00+00:00,36.3296,soccer.total_goals,period=ft,over,total=3,2.45
2026-10-09T00:28:40.222313+02:00,36626420,"Primera A, Clausura",Colombia,Atletico Nacional Medellin,CD Tolima,2026-10-08T23:05:00+00:00,36.3296,soccer.total_goals,period=ft,under,total=3,1.54
2026-10-09T00:28:40.222313+02:00,36626420,"Primera A, Clausura",Colombia,Atletico Nacional Medellin,CD Tolima,2026-10-08T23:05:00+00:00,36.3296,soccer.total_goals,period=ft,over,total=3.5,3.05
2026-10-09T00:28:40.222313+02:00,36626420,"Primera A, Clausura",Colombia,Atletico Nacional Medellin,CD Tolima,2026-10-08T23:05:00+00:00,36.3296,soccer.total_goals,period=ft,under,total=3.5,1.35
2026-10-09T00:28:40.222313+02:00,36626420,"Primera A, Clausura",Colombia,Atletico Nacional Medellin,CD Tolima,2026-10-08T23:05:00+00:00,36.3296,soccer.total_goals,period=ft,over,total=4.5,6.1
2026-10-09T00:28:40.222313+02:00,36626420,"Primera A, Clausura",Colombia,Atletico Nacional Medellin,CD Tolima,2026-10-08T23:05:00+00:00,36.3296,soccer.total_goals,period=ft,under,total=4.5,1.11
2026-10-09T00:28:40.222313+02:00,36435234,Brasileiro Serie A,Brazil,Santos FC SP,CR Flamengo RJ,2026-10-08T22:30:00+00:00,1.3296,soccer.asian_handicap,period=ft,home,handicap=0.75,1.85
2026-10-09T00:28:40.222313+02:00,36435234,Brasileiro Serie A,Brazil,Santos FC SP,CR Flamengo RJ,2026-10-08T22:30:00+00:00,1.3296,soccer.asian_handicap,period=ft,away,handicap=0.75,2.02
2026-10-09T00:28:40.222313+02:00,36435234,Brasileiro Serie A,Brazil,Santos FC SP,CR Flamengo RJ,2026-10-08T22:30:00+00:00,1.3296,soccer.asian_handicap,period=ft,home,handicap=-0.25,3.75
2026-10-09T00:28:40.222313+02:00,36435234,Brasileiro Serie A,Brazil,Santos FC SP,CR Flamengo RJ,2026-10-08T22:30:00+00:00,1.3296,soccer.asian_handicap,period=ft,away,handicap=-0.25,1.28
2026-10-09T00:28:40.222313+02:00,36435234,Brasileiro Serie A,Brazil,Santos FC SP,CR Flamengo RJ,2026-10-08T22:30:00+00:00,1.3296,soccer.asian_handicap,period=ft,home,handicap=0,3.25
2026-10-09T00:28:40.222313+02:00,36435234,Brasileiro Serie A,Brazil,Santos FC SP,CR Flamengo RJ,2026-10-08T22:30:00+00:00,1.3296,soccer.asian_handicap,period=ft,away,handicap=0,1.35
2026-10-09T00:28:40.222313+02:00,36435234,Brasileiro Serie A,Brazil,Santos FC SP,CR Flamengo RJ,2026-10-08T22:30:00+00:00,1.3296,soccer.asian_handicap,period=ft,home,handicap=0.25,2.45
2026-10-09T00:28:40.222313+02:00,36435234,Brasileiro Serie A,Brazil,Santos FC SP,CR Flamengo RJ,2026-10-08T22:30:00+00:00,1.3296,soccer.asian_handicap,period=ft,away,handicap=0.25,1.57
2026-10-09T00:28:40.222313+02:00,36435234,Brasileiro Serie A,Brazil,Santos FC SP,CR Flamengo RJ,2026-10-08T22:30:00+00:00,1.3296,soccer.asian_handicap,period=ft,home,handicap=0.5,2.08
2026-10-09T00:28:40.222313+02:00,36435234,Brasileiro Serie A,Brazil,Santos FC SP,CR Flamengo RJ,2026-10-08T22:30:00+00:00,1.3296,soccer.asian_handicap,period=ft,away,handicap=0.5,1.78
2026-10-09T00:28:40.222313+02:00,36435234,Brasileiro Serie A,Brazil,Santos FC SP,CR Flamengo RJ,2026-10-08T22:30:00+00:00,1.3296,soccer.asian_handicap,period=ft,home,handicap=1,1.6
2026-10-09T00:28:40.222313+02:00,36435234,Brasileiro Serie A,Brazil,Santos FC SP,CR Flamengo RJ,2026-10-08T22:30:00+00:00,1.3296,soccer.asian_handicap,period=ft,away,handicap=1,2.4
2026-10-09T00:28:40.222313+02:00,36435234,Brasileiro Serie A,Brazil,Santos FC SP,CR Flamengo RJ,2026-10-08T22:30:00+00:00,1.3296,soccer.asian_handicap,period=ft,home,handicap=1.25,1.47
2026-10-09T00:28:40.222313+02:00,36435234,Brasileiro Serie A,Brazil,Santos FC SP,CR Flamengo RJ,2026-10-08T22:30:00+00:00,1.3296,soccer.asian_handicap,period=ft,away,handicap=1.25,2.75
2026-10-09T00:28:40.222313+02:00,36435234,Brasileiro Serie A,Brazil,Santos FC SP,CR Flamengo RJ,2026-10-08T22:30:00+00:00,1.3296,soccer.asian_handicap,period=ft,home,handicap=1.5,1.38
2026-10-09T00:28:40.222313+02:00,36435234,Brasileiro Serie A,Brazil,Santos FC SP,CR Flamengo RJ,2026-10-08T22:30:00+00:00,1.3296,soccer.asian_handicap,period=ft,away,handicap=1.5,3.1
2026-10-09T00:28:40.222313+02:00,36435234,Brasileiro Serie A,Brazil,Santos FC SP,CR Flamengo RJ,2026-10-08T22:30:00+00:00,1.3296,soccer.asian_handicap,period=ft,home,handicap=1.75,1.27
2026-10-09T00:28:40.222313+02:00,36435234,Brasileiro Serie A,Brazil,Santos FC SP,CR Flamengo RJ,2026-10-08T22:30:00+00:00,1.3296,soccer.asian_handicap,period=ft,away,handicap=1.75,3.85
2026-10-09T00:28:40.222313+02:00,36435234,Brasileiro Serie A,Brazil,Santos FC SP,CR Flamengo RJ,2026-10-08T22:30:00+00:00,1.3296,soccer.double_chance,period=ft,draw_away,,1.23
2026-10-09T00:28:40.222313+02:00,36435234,Brasileiro Serie A,Brazil,Santos FC SP,CR Flamengo RJ,2026-10-08T22:30:00+00:00,1.3296,soccer.double_chance,period=ft,home_away,,1.26
2026-10-09T00:28:40.222313+02:00,36435234,Brasileiro Serie A,Brazil,Santos FC SP,CR Flamengo RJ,2026-10-08T22:30:00+00:00,1.3296,soccer.double_chance,period=ft,home_draw,,2.07
2026-10-09T00:28:40.222313+02:00,36435234,Brasileiro Serie A,Brazil,Santos FC SP,CR Flamengo RJ,2026-10-08T22:30:00+00:00,1.3296,soccer.match_odds,period=ft,home,,4.3
2026-10-09T00:28:40.222313+02:00,36435234,Brasileiro Serie A,Brazil,Santos FC SP,CR Flamengo RJ,2026-10-08T22:30:00+00:00,1.3296,soccer.match_odds,period=ft,draw,,3.95
2026-10-09T00:28:40.222313+02:00,36435234,Brasileiro Serie A,Brazil,Santos FC SP,CR Flamengo RJ,2026-10-08T22:30:00+00:00,1.3296,soccer.match_odds,period=ft,away,,1.79
2026-10-09T00:28:40.222313+02:00,36435234,Brasileiro Serie A,Brazil,Santos FC SP,CR Flamengo RJ,2026-10-08T22:30:00+00:00,1.3296,soccer.total_goals,period=ft,over,total=3,2.0
2026-10-09T00:28:40.222313+02:00,36435234,Brasileiro Serie A,Brazil,Santos FC SP,CR Flamengo RJ,2026-10-08T22:30:00+00:00,1.3296,soccer.total_goals,period=ft,under,total=3,1.86
2026-10-09T00:28:40.222313+02:00,36435234,Brasileiro Serie A,Brazil,Santos FC SP,CR Flamengo RJ,2026-10-08T22:30:00+00:00,1.3296,soccer.total_goals,period=ft,over,total=1.5,1.18
2026-10-09T00:28:40.222313+02:00,36435234,Brasileiro Serie A,Brazil,Santos FC SP,CR Flamengo RJ,2026-10-08T22:30:00+00:00,1.3296,soccer.total_goals,period=ft,under,total=1.5,4.85
2026-10-09T00:28:40.222313+02:00,36435234,Brasileiro Serie A,Brazil,Santos FC SP,CR Flamengo RJ,2026-10-08T22:30:00+00:00,1.3296,soccer.total_goals,period=ft,over,total=2.5,1.59
2026-10-09T00:28:40.222313+02:00,36435234,Brasileiro Serie A,Brazil,Santos FC SP,CR Flamengo RJ,2026-10-08T22:30:00+00:00,1.3296,soccer.total_goals,period=ft,under,total=2.5,2.35
2026-10-09T00:28:40.222313+02:00,36435234,Brasileiro Serie A,Brazil,Santos FC SP,CR Flamengo RJ,2026-10-08T22:30:00+00:00,1.3296,soccer.total_goals,period=ft,over,total=2.75,1.74
2026-10-09T00:28:40.222313+02:00,36435234,Brasileiro Serie A,Brazil,Santos FC SP,CR Flamengo RJ,2026-10-08T22:30:00+00:00,1.3296,soccer.total_goals,period=ft,under,total=2.75,2.11
2026-10-09T00:28:40.222313+02:00,36435234,Brasileiro Serie A,Brazil,Santos FC SP,CR Flamengo RJ,2026-10-08T22:30:00+00:00,1.3296,soccer.total_goals,period=ft,over,total=3.25,2.25
2026-10-09T00:28:40.222313+02:00,36435234,Brasileiro Serie A,Brazil,Santos FC SP,CR Flamengo RJ,2026-10-08T22:30:00+00:00,1.3296,soccer.total_goals,period=ft,under,total=3.25,1.65
2026-10-09T00:28:40.222313+02:00,36435234,Brasileiro Serie A,Brazil,Santos FC SP,CR Flamengo RJ,2026-10-08T22:30:00+00:00,1.3296,soccer.total_goals,period=ft,over,total=3.5,2.55
2026-10-09T00:28:40.222313+02:00,36435234,Brasileiro Serie A,Brazil,Santos FC SP,CR Flamengo RJ,2026-10-08T22:30:00+00:00,1.3296,soccer.total_goals,period=ft,under,total=3.5,1.53
2026-10-09T00:28:40.222313+02:00,36435234,Brasileiro Serie A,Brazil,Santos FC SP,CR Flamengo RJ,2026-10-08T22:30:00+00:00,1.3296,soccer.total_goals,period=ft,over,total=4.5,4.8
2026-10-09T00:28:40.222313+02:00,36435234,Brasileiro Serie A,Brazil,Santos FC SP,CR Flamengo RJ,2026-10-08T22:30:00+00:00,1.3296,soccer.total_goals,period=ft,under,total=4.5,1.18
2026-10-09T00:28:40.222313+02:00,36435235,Brasileiro Serie A,Brazil,CA Paranaense PR,Atletico Mineiro MG,2026-10-08T23:00:00+00:00,31.3296,soccer.asian_handicap,period=ft,home,handicap=-0.5,2.05
2026-10-09T00:28:40.222313+02:00,36435235,Brasileiro Serie A,Brazil,CA Paranaense PR,Atletico Mineiro MG,2026-10-08T23:00:00+00:00,31.3296,soccer.asian_handicap,period=ft,away,handicap=-0.5,1.83
2026-10-09T00:28:40.222313+02:00,36435235,Brasileiro Serie A,Brazil,CA Paranaense PR,Atletico Mineiro MG,2026-10-08T23:00:00+00:00,31.3296,soccer.asian_handicap,period=ft,home,handicap=-1.5,3.85
2026-10-09T00:28:40.222313+02:00,36435235,Brasileiro Serie A,Brazil,CA Paranaense PR,Atletico Mineiro MG,2026-10-08T23:00:00+00:00,31.3296,soccer.asian_handicap,period=ft,away,handicap=-1.5,1.27
2026-10-09T00:28:40.222313+02:00,36435235,Brasileiro Serie A,Brazil,CA Paranaense PR,Atletico Mineiro MG,2026-10-08T23:00:00+00:00,31.3296,soccer.asian_handicap,period=ft,home,handicap=-1.25,3.4
2026-10-09T00:28:40.222313+02:00,36435235,Brasileiro Serie A,Brazil,CA Paranaense PR,Atletico Mineiro MG,2026-10-08T23:00:00+00:00,31.3296,soccer.asian_handicap,period=ft,away,handicap=-1.25,1.32
2026-10-09T00:28:40.222313+02:00,36435235,Brasileiro Serie A,Brazil,CA Paranaense PR,Atletico Mineiro MG,2026-10-08T23:00:00+00:00,31.3296,soccer.asian_handicap,period=ft,home,handicap=-1,3.0
2026-10-09T00:28:40.222313+02:00,36435235,Brasileiro Serie A,Brazil,CA Paranaense PR,Atletico Mineiro MG,2026-10-08T23:00:00+00:00,31.3296,soccer.asian_handicap,period=ft,away,handicap=-1,1.4
2026-10-09T00:28:40.222313+02:00,36435235,Brasileiro Serie A,Brazil,CA Paranaense PR,Atletico Mineiro MG,2026-10-08T23:00:00+00:00,31.3296,soccer.asian_handicap,period=ft,home,handicap=-0.75,2.35
2026-10-09T00:28:40.222313+02:00,36435235,Brasileiro Serie A,Brazil,CA Paranaense PR,Atletico Mineiro MG,2026-10-08T23:00:00+00:00,31.3296,soccer.asian_handicap,period=ft,away,handicap=-0.75,1.61
2026-10-09T00:28:40.222313+02:00,36435235,Brasileiro Serie A,Brazil,CA Paranaense PR,Atletico Mineiro MG,2026-10-08T23:00:00+00:00,31.3296,soccer.asian_handicap,period=ft,home,handicap=-0.25,1.75
2026-10-09T00:28:40.222313+02:00,36435235,Brasileiro Serie A,Brazil,CA Paranaense PR,Atletico Mineiro MG,2026-10-08T23:00:00+00:00,31.3296,soccer.asian_handicap,period=ft,away,handicap=-0.25,2.12
2026-10-09T00:28:40.222313+02:00,36435235,Brasileiro Serie A,Brazil,CA Paranaense PR,Atletico Mineiro MG,2026-10-08T23:00:00+00:00,31.3296,soccer.asian_handicap,period=ft,home,handicap=0,1.46
2026-10-09T00:28:40.222313+02:00,36435235,Brasileiro Serie A,Brazil,CA Paranaense PR,Atletico Mineiro MG,2026-10-08T23:00:00+00:00,31.3296,soccer.asian_handicap,period=ft,away,handicap=0,2.8
2026-10-09T00:28:40.222313+02:00,36435235,Brasileiro Serie A,Brazil,CA Paranaense PR,Atletico Mineiro MG,2026-10-08T23:00:00+00:00,31.3296,soccer.asian_handicap,period=ft,home,handicap=0.25,1.34
2026-10-09T00:28:40.222313+02:00,36435235,Brasileiro Serie A,Brazil,CA Paranaense PR,Atletico Mineiro MG,2026-10-08T23:00:00+00:00,31.3296,soccer.asian_handicap,period=ft,away,handicap=0.25,3.3
2026-10-09T00:28:40.222313+02:00,36435235,Brasileiro Serie A,Brazil,CA Paranaense PR,Atletico Mineiro MG,2026-10-08T23:00:00+00:00,31.3296,soccer.asian_handicap,period=ft,home,handicap=0.5,1.27
2026-10-09T00:28:40.222313+02:00,36435235,Brasileiro Serie A,Brazil,CA Paranaense PR,Atletico Mineiro MG,2026-10-08T23:00:00+00:00,31.3296,soccer.asian_handicap,period=ft,away,handicap=0.5,3.85
2026-10-09T00:28:40.222313+02:00,36435235,Brasileiro Serie A,Brazil,CA Paranaense PR,Atletico Mineiro MG,2026-10-08T23:00:00+00:00,31.3296,soccer.double_chance,period=ft,draw_away,,1.8
2026-10-09T00:28:40.222313+02:00,36435235,Brasileiro Serie A,Brazil,CA Paranaense PR,Atletico Mineiro MG,2026-10-08T23:00:00+00:00,31.3296,soccer.double_chance,period=ft,home_away,,1.34
2026-10-09T00:28:40.222313+02:00,36435235,Brasileiro Serie A,Brazil,CA Paranaense PR,Atletico Mineiro MG,2026-10-08T23:00:00+00:00,31.3296,soccer.double_chance,period=ft,home_draw,,1.27
2026-10-09T00:28:40.222313+02:00,36435235,Brasileiro Serie A,Brazil,CA Paranaense PR,Atletico Mineiro MG,2026-10-08T23:00:00+00:00,31.3296,soccer.match_odds,period=ft,home,,2.04
2026-10-09T00:28:40.222313+02:00,36435235,Brasileiro Serie A,Brazil,CA Paranaense PR,Atletico Mineiro MG,2026-10-08T23:00:00+00:00,31.3296,soccer.match_odds,period=ft,draw,,3.35
2026-10-09T00:28:40.222313+02:00,36435235,Brasileiro Serie A,Brazil,CA Paranaense PR,Atletico Mineiro MG,2026-10-08T23:00:00+00:00,31.3296,soccer.match_odds,period=ft,away,,3.9
2026-10-09T00:28:40.222313+02:00,36435235,Brasileiro Serie A,Brazil,CA Paranaense PR,Atletico Mineiro MG,2026-10-08T23:00:00+00:00,31.3296,soccer.total_goals,period=ft,over,total=2.5,1.92
2026-10-09T00:28:40.222313+02:00,36435235,Brasileiro Serie A,Brazil,CA Paranaense PR,Atletico Mineiro MG,2026-10-08T23:00:00+00:00,31.3296,soccer.total_goals,period=ft,under,total=2.5,1.94
2026-10-09T00:28:40.222313+02:00,36435235,Brasileiro Serie A,Brazil,CA Paranaense PR,Atletico Mineiro MG,2026-10-08T23:00:00+00:00,31.3296,soccer.total_goals,period=ft,over,total=1.5,1.27
2026-10-09T00:28:40.222313+02:00,36435235,Brasileiro Serie A,Brazil,CA Paranaense PR,Atletico Mineiro MG,2026-10-08T23:00:00+00:00,31.3296,soccer.total_goals,period=ft,under,total=1.5,3.7
2026-10-09T00:28:40.222313+02:00,36435235,Brasileiro Serie A,Brazil,CA Paranaense PR,Atletico Mineiro MG,2026-10-08T23:00:00+00:00,31.3296,soccer.total_goals,period=ft,over,total=2,1.43
2026-10-09T00:28:40.222313+02:00,36435235,Brasileiro Serie A,Brazil,CA Paranaense PR,Atletico Mineiro MG,2026-10-08T23:00:00+00:00,31.3296,soccer.total_goals,period=ft,under,total=2,2.85
2026-10-09T00:28:40.222313+02:00,36435235,Brasileiro Serie A,Brazil,CA Paranaense PR,Atletico Mineiro MG,2026-10-08T23:00:00+00:00,31.3296,soccer.total_goals,period=ft,over,total=2.25,1.67
2026-10-09T00:28:40.222313+02:00,36435235,Brasileiro Serie A,Brazil,CA Paranaense PR,Atletico Mineiro MG,2026-10-08T23:00:00+00:00,31.3296,soccer.total_goals,period=ft,under,total=2.25,2.2
2026-10-09T00:28:40.222313+02:00,36435235,Brasileiro Serie A,Brazil,CA Paranaense PR,Atletico Mineiro MG,2026-10-08T23:00:00+00:00,31.3296,soccer.total_goals,period=ft,over,total=2.75,2.15
2026-10-09T00:28:40.222313+02:00,36435235,Brasileiro Serie A,Brazil,CA Paranaense PR,Atletico Mineiro MG,2026-10-08T23:00:00+00:00,31.3296,soccer.total_goals,period=ft,under,total=2.75,1.72
2026-10-09T00:28:40.222313+02:00,36435235,Brasileiro Serie A,Brazil,CA Paranaense PR,Atletico Mineiro MG,2026-10-08T23:00:00+00:00,31.3296,soccer.total_goals,period=ft,over,total=3,2.6
2026-10-09T00:28:40.222313+02:00,36435235,Brasileiro Serie A,Brazil,CA Paranaense PR,Atletico Mineiro MG,2026-10-08T23:00:00+00:00,31.3296,soccer.total_goals,period=ft,under,total=3,1.51
2026-10-09T00:28:40.222313+02:00,36435235,Brasileiro Serie A,Brazil,CA Paranaense PR,Atletico Mineiro MG,2026-10-08T23:00:00+00:00,31.3296,soccer.total_goals,period=ft,over,total=3.5,3.25
2026-10-09T00:28:40.222313+02:00,36435235,Brasileiro Serie A,Brazil,CA Paranaense PR,Atletico Mineiro MG,2026-10-08T23:00:00+00:00,31.3296,soccer.total_goals,period=ft,under,total=3.5,1.34
2026-10-09T00:28:40.222313+02:00,36435235,Brasileiro Serie A,Brazil,CA Paranaense PR,Atletico Mineiro MG,2026-10-08T23:00:00+00:00,31.3296,soccer.total_goals,period=ft,over,total=4.5,6.5
2026-10-09T00:28:40.222313+02:00,36435235,Brasileiro Serie A,Brazil,CA Paranaense PR,Atletico Mineiro MG,2026-10-08T23:00:00+00:00,31.3296,soccer.total_goals,period=ft,under,total=4.5,1.11
2026-10-09T00:31:16.193468+02:00,36626420,"Primera A, Clausura",Colombia,Atletico Nacional Medellin,CD Tolima,2026-10-08T23:05:00+00:00,33.7301,soccer.asian_handicap,period=ft,home,handicap=-0.75,1.83
2026-10-09T00:31:16.193468+02:00,36626420,"Primera A, Clausura",Colombia,Atletico Nacional Medellin,CD Tolima,2026-10-08T23:05:00+00:00,33.7301,soccer.asian_handicap,period=ft,away,handicap=-0.75,2.0
2026-10-09T00:31:16.193468+02:00,36626420,"Primera A, Clausura",Colombia,Atletico Nacional Medellin,CD Tolima,2026-10-08T23:05:00+00:00,33.7301,soccer.asian_handicap,period=ft,home,handicap=-1.75,3.45
2026-10-09T00:31:16.193468+02:00,36626420,"Primera A, Clausura",Colombia,Atletico Nacional Medellin,CD Tolima,2026-10-08T23:05:00+00:00,33.7301,soccer.asian_handicap,period=ft,away,handicap=-1.75,1.3
2026-10-09T00:31:16.193468+02:00,36626420,"Primera A, Clausura",Colombia,Atletico Nacional Medellin,CD Tolima,2026-10-08T23:05:00+00:00,33.7301,soccer.asian_handicap,period=ft,home,handicap=-1.5,2.8
2026-10-09T00:31:16.193468+02:00,36626420,"Primera A, Clausura",Colombia,Atletico Nacional Medellin,CD Tolima,2026-10-08T23:05:00+00:00,33.7301,soccer.asian_handicap,period=ft,away,handicap=-1.5,1.42
2026-10-09T00:31:16.193468+02:00,36626420,"Primera A, Clausura",Colombia,Atletico Nacional Medellin,CD Tolima,2026-10-08T23:05:00+00:00,33.7301,soccer.asian_handicap,period=ft,home,handicap=-1.25,2.45
2026-10-09T00:31:16.193468+02:00,36626420,"Primera A, Clausura",Colombia,Atletico Nacional Medellin,CD Tolima,2026-10-08T23:05:00+00:00,33.7301,soccer.asian_handicap,period=ft,away,handicap=-1.25,1.54
2026-10-09T00:31:16.193468+02:00,36626420,"Primera A, Clausura",Colombia,Atletico Nacional Medellin,CD Tolima,2026-10-08T23:05:00+00:00,33.7301,soccer.asian_handicap,period=ft,home,handicap=-1,2.14
2026-10-09T00:31:16.193468+02:00,36626420,"Primera A, Clausura",Colombia,Atletico Nacional Medellin,CD Tolima,2026-10-08T23:05:00+00:00,33.7301,soccer.asian_handicap,period=ft,away,handicap=-1,1.71
2026-10-09T00:31:16.193468+02:00,36626420,"Primera A, Clausura",Colombia,Atletico Nacional Medellin,CD Tolima,2026-10-08T23:05:00+00:00,33.7301,soccer.asian_handicap,period=ft,home,handicap=-0.5,1.64
2026-10-09T00:31:16.193468+02:00,36626420,"Primera A, Clausura",Colombia,Atletico Nacional Medellin,CD Tolima,2026-10-08T23:05:00+00:00,33.7301,soccer.asian_handicap,period=ft,away,handicap=-0.5,2.25
2026-10-09T00:31:16.193468+02:00,36626420,"Primera A, Clausura",Colombia,Atletico Nacional Medellin,CD Tolima,2026-10-08T23:05:00+00:00,33.7301,soccer.asian_handicap,period=ft,home,handicap=-0.25,1.44
2026-10-09T00:31:16.193468+02:00,36626420,"Primera A, Clausura",Colombia,Atletico Nacional Medellin,CD Tolima,2026-10-08T23:05:00+00:00,33.7301,soccer.asian_handicap,period=ft,away,handicap=-0.25,2.75
2026-10-09T00:31:16.193468+02:00,36626420,"Primera A, Clausura",Colombia,Atletico Nacional Medellin,CD Tolima,2026-10-08T23:05:00+00:00,33.7301,soccer.asian_handicap,period=ft,home,handicap=0,1.24
2026-10-09T00:31:16.193468+02:00,36626420,"Primera A, Clausura",Colombia,Atletico Nacional Medellin,CD Tolima,2026-10-08T23:05:00+00:00,33.7301,soccer.asian_handicap,period=ft,away,handicap=0,3.9
2026-10-09T00:31:16.193468+02:00,36626420,"Primera A, Clausura",Colombia,Atletico Nacional Medellin,CD Tolima,2026-10-08T23:05:00+00:00,33.7301,soccer.asian_handicap,period=ft,home,handicap=0.25,1.19
2026-10-09T00:31:16.193468+02:00,36626420,"Primera A, Clausura",Colombia,Atletico Nacional Medellin,CD Tolima,2026-10-08T23:05:00+00:00,33.7301,soccer.asian_handicap,period=ft,away,handicap=0.25,4.5
2026-10-09T00:31:16.193468+02:00,36626420,"Primera A, Clausura",Colombia,Atletico Nacional Medellin,CD Tolima,2026-10-08T23:05:00+00:00,33.7301,soccer.double_chance,period=ft,draw_away,,2.08
2026-10-09T00:31:16.193468+02:00,36626420,"Primera A, Clausura",Colombia,Atletico Nacional Medellin,CD Tolima,2026-10-08T23:05:00+00:00,33.7301,soccer.double_chance,period=ft,home_away,,1.28
2026-10-09T00:31:16.193468+02:00,36626420,"Primera A, Clausura",Colombia,Atletico Nacional Medellin,CD Tolima,2026-10-08T23:05:00+00:00,33.7301,soccer.double_chance,period=ft,home_draw,,1.2
2026-10-09T00:31:16.193468+02:00,36626420,"Primera A, Clausura",Colombia,Atletico Nacional Medellin,CD Tolima,2026-10-08T23:05:00+00:00,33.7301,soccer.match_odds,period=ft,home,,1.64
2026-10-09T00:31:16.193468+02:00,36626420,"Primera A, Clausura",Colombia,Atletico Nacional Medellin,CD Tolima,2026-10-08T23:05:00+00:00,33.7301,soccer.match_odds,period=ft,draw,,3.85
2026-10-09T00:31:16.193468+02:00,36626420,"Primera A, Clausura",Colombia,Atletico Nacional Medellin,CD Tolima,2026-10-08T23:05:00+00:00,33.7301,soccer.match_odds,period=ft,away,,5.15
2026-10-09T00:31:16.193468+02:00,36626420,"Primera A, Clausura",Colombia,Atletico Nacional Medellin,CD Tolima,2026-10-08T23:05:00+00:00,33.7301,soccer.total_goals,period=ft,over,total=2.5,1.83
2026-10-09T00:31:16.193468+02:00,36626420,"Primera A, Clausura",Colombia,Atletico Nacional Medellin,CD Tolima,2026-10-08T23:05:00+00:00,33.7301,soccer.total_goals,period=ft,under,total=2.5,1.98
2026-10-09T00:31:16.193468+02:00,36626420,"Primera A, Clausura",Colombia,Atletico Nacional Medellin,CD Tolima,2026-10-08T23:05:00+00:00,33.7301,soccer.total_goals,period=ft,over,total=1.5,1.25
2026-10-09T00:31:16.193468+02:00,36626420,"Primera A, Clausura",Colombia,Atletico Nacional Medellin,CD Tolima,2026-10-08T23:05:00+00:00,33.7301,soccer.total_goals,period=ft,under,total=1.5,3.75
2026-10-09T00:31:16.193468+02:00,36626420,"Primera A, Clausura",Colombia,Atletico Nacional Medellin,CD Tolima,2026-10-08T23:05:00+00:00,33.7301,soccer.total_goals,period=ft,over,total=2,1.39
2026-10-09T00:31:16.193468+02:00,36626420,"Primera A, Clausura",Colombia,Atletico Nacional Medellin,CD Tolima,2026-10-08T23:05:00+00:00,33.7301,soccer.total_goals,period=ft,under,total=2,2.95
2026-10-09T00:31:16.193468+02:00,36626420,"Primera A, Clausura",Colombia,Atletico Nacional Medellin,CD Tolima,2026-10-08T23:05:00+00:00,33.7301,soccer.total_goals,period=ft,over,total=2.25,1.61
2026-10-09T00:31:16.193468+02:00,36626420,"Primera A, Clausura",Colombia,Atletico Nacional Medellin,CD Tolima,2026-10-08T23:05:00+00:00,33.7301,soccer.total_goals,period=ft,under,total=2.25,2.3
2026-10-09T00:31:16.193468+02:00,36626420,"Primera A, Clausura",Colombia,Atletico Nacional Medellin,CD Tolima,2026-10-08T23:05:00+00:00,33.7301,soccer.total_goals,period=ft,over,total=2.75,2.05
2026-10-09T00:31:16.193468+02:00,36626420,"Primera A, Clausura",Colombia,Atletico Nacional Medellin,CD Tolima,2026-10-08T23:05:00+00:00,33.7301,soccer.total_goals,period=ft,under,total=2.75,1.75
2026-10-09T00:31:16.193468+02:00,36626420,"Primera A, Clausura",Colombia,Atletico Nacional Medellin,CD Tolima,2026-10-08T23:05:00+00:00,33.7301,soccer.total_goals,period=ft,over,total=3,2.45
2026-10-09T00:31:16.193468+02:00,36626420,"Primera A, Clausura",Colombia,Atletico Nacional Medellin,CD Tolima,2026-10-08T23:05:00+00:00,33.7301,soccer.total_goals,period=ft,under,total=3,1.54
2026-10-09T00:31:16.193468+02:00,36626420,"Primera A, Clausura",Colombia,Atletico Nacional Medellin,CD Tolima,2026-10-08T23:05:00+00:00,33.7301,soccer.total_goals,period=ft,over,total=3.5,3.05
2026-10-09T00:31:16.193468+02:00,36626420,"Primera A, Clausura",Colombia,Atletico Nacional Medellin,CD Tolima,2026-10-08T23:05:00+00:00,33.7301,soccer.total_goals,period=ft,under,total=3.5,1.35
2026-10-09T00:31:16.193468+02:00,36626420,"Primera A, Clausura",Colombia,Atletico Nacional Medellin,CD Tolima,2026-10-08T23:05:00+00:00,33.7301,soccer.total_goals,period=ft,over,total=4.5,6.1
2026-10-09T00:31:16.193468+02:00,36626420,"Primera A, Clausura",Colombia,Atletico Nacional Medellin,CD Tolima,2026-10-08T23:05:00+00:00,33.7301,soccer.total_goals,period=ft,under,total=4.5,1.11
2026-10-09T00:32:44.122001+02:00,36435235,Brasileiro Serie A,Brazil,CA Paranaense PR,Atletico Mineiro MG,2026-10-08T23:00:00+00:00,27.2646,soccer.asian_handicap,period=ft,home,handicap=-0.5,2.09
2026-10-09T00:32:44.122001+02:00,36435235,Brasileiro Serie A,Brazil,CA Paranaense PR,Atletico Mineiro MG,2026-10-08T23:00:00+00:00,27.2646,soccer.asian_handicap,period=ft,away,handicap=-0.5,1.8
2026-10-09T00:32:44.122001+02:00,36435235,Brasileiro Serie A,Brazil,CA Paranaense PR,Atletico Mineiro MG,2026-10-08T23:00:00+00:00,27.2646,soccer.asian_handicap,period=ft,home,handicap=-1.5,3.95
2026-10-09T00:32:44.122001+02:00,36435235,Brasileiro Serie A,Brazil,CA Paranaense PR,Atletico Mineiro MG,2026-10-08T23:00:00+00:00,27.2646,soccer.asian_handicap,period=ft,away,handicap=-1.5,1.26
2026-10-09T00:32:44.122001+02:00,36435235,Brasileiro Serie A,Brazil,CA Paranaense PR,Atletico Mineiro MG,2026-10-08T23:00:00+00:00,27.2646,soccer.asian_handicap,period=ft,home,handicap=-1.25,3.5
2026-10-09T00:32:44.122001+02:00,36435235,Brasileiro Serie A,Brazil,CA Paranaense PR,Atletico Mineiro MG,2026-10-08T23:00:00+00:00,27.2646,soccer.asian_handicap,period=ft,away,handicap=-1.25,1.31
2026-10-09T00:32:44.122001+02:00,36435235,Brasileiro Serie A,Brazil,CA Paranaense PR,Atletico Mineiro MG,2026-10-08T23:00:00+00:00,27.2646,soccer.asian_handicap,period=ft,home,handicap=-1,3.1
2026-10-09T00:32:44.122001+02:00,36435235,Brasileiro Serie A,Brazil,CA Paranaense PR,Atletico Mineiro MG,2026-10-08T23:00:00+00:00,27.2646,soccer.asian_handicap,period=ft,away,handicap=-1,1.39
2026-10-09T00:32:44.122001+02:00,36435235,Brasileiro Serie A,Brazil,CA Paranaense PR,Atletico Mineiro MG,2026-10-08T23:00:00+00:00,27.2646,soccer.asian_handicap,period=ft,home,handicap=-0.75,2.4
2026-10-09T00:32:44.122001+02:00,36435235,Brasileiro Serie A,Brazil,CA Paranaense PR,Atletico Mineiro MG,2026-10-08T23:00:00+00:00,27.2646,soccer.asian_handicap,period=ft,away,handicap=-0.75,1.59
2026-10-09T00:32:44.122001+02:00,36435235,Brasileiro Serie A,Brazil,CA Paranaense PR,Atletico Mineiro MG,2026-10-08T23:00:00+00:00,27.2646,soccer.asian_handicap,period=ft,home,handicap=-0.25,1.78
2026-10-09T00:32:44.122001+02:00,36435235,Brasileiro Serie A,Brazil,CA Paranaense PR,Atletico Mineiro MG,2026-10-08T23:00:00+00:00,27.2646,soccer.asian_handicap,period=ft,away,handicap=-0.25,2.08
2026-10-09T00:32:44.122001+02:00,36435235,Brasileiro Serie A,Brazil,CA Paranaense PR,Atletico Mineiro MG,2026-10-08T23:00:00+00:00,27.2646,soccer.asian_handicap,period=ft,home,handicap=0,1.49
2026-10-09T00:32:44.122001+02:00,36435235,Brasileiro Serie A,Brazil,CA Paranaense PR,Atletico Mineiro MG,2026-10-08T23:00:00+00:00,27.2646,soccer.asian_handicap,period=ft,away,handicap=0,2.7
2026-10-09T00:32:44.122001+02:00,36435235,Brasileiro Serie A,Brazil,CA Paranaense PR,Atletico Mineiro MG,2026-10-08T23:00:00+00:00,27.2646,soccer.asian_handicap,period=ft,home,handicap=0.25,1.36
2026-10-09T00:32:44.122001+02:00,36435235,Brasileiro Serie A,Brazil,CA Paranaense PR,Atletico Mineiro MG,2026-10-08T23:00:00+00:00,27.2646,soccer.asian_handicap,period=ft,away,handicap=0.25,3.15
2026-10-09T00:32:44.122001+02:00,36435235,Brasileiro Serie A,Brazil,CA Paranaense PR,Atletico Mineiro MG,2026-10-08T23:00:00+00:00,27.2646,soccer.asian_handicap,period=ft,home,handicap=0.5,1.29
2026-10-09T00:32:44.122001+02:00,36435235,Brasileiro Serie A,Brazil,CA Paranaense PR,Atletico Mineiro MG,2026-10-08T23:00:00+00:00,27.2646,soccer.asian_handicap,period=ft,away,handicap=0.5,3.7
2026-10-09T00:32:44.122001+02:00,36435235,Brasileiro Serie A,Brazil,CA Paranaense PR,Atletico Mineiro MG,2026-10-08T23:00:00+00:00,27.2646,soccer.double_chance,period=ft,draw_away,,1.77
2026-10-09T00:32:44.122001+02:00,36435235,Brasileiro Serie A,Brazil,CA Paranaense PR,Atletico Mineiro MG,2026-10-08T23:00:00+00:00,27.2646,soccer.double_chance,period=ft,home_away,,1.34
2026-10-09T00:32:44.122001+02:00,36435235,Brasileiro Serie A,Brazil,CA Paranaense PR,Atletico Mineiro MG,2026-10-08T23:00:00+00:00,27.2646,soccer.double_chance,period=ft,home_draw,,1.29
2026-10-09T00:32:44.122001+02:00,36435235,Brasileiro Serie A,Brazil,CA Paranaense PR,Atletico Mineiro MG,2026-10-08T23:00:00+00:00,27.2646,soccer.match_odds,period=ft,home,,2.08
2026-10-09T00:32:44.122001+02:00,36435235,Brasileiro Serie A,Brazil,CA Paranaense PR,Atletico Mineiro MG,2026-10-08T23:00:00+00:00,27.2646,soccer.match_odds,period=ft,draw,,3.4
2026-10-09T00:32:44.122001+02:00,36435235,Brasileiro Serie A,Brazil,CA Paranaense PR,Atletico Mineiro MG,2026-10-08T23:00:00+00:00,27.2646,soccer.match_odds,period=ft,away,,3.75
2026-10-09T00:32:44.122001+02:00,36435235,Brasileiro Serie A,Brazil,CA Paranaense PR,Atletico Mineiro MG,2026-10-08T23:00:00+00:00,27.2646,soccer.total_goals,period=ft,over,total=2.5,1.92
2026-10-09T00:32:44.122001+02:00,36435235,Brasileiro Serie A,Brazil,CA Paranaense PR,Atletico Mineiro MG,2026-10-08T23:00:00+00:00,27.2646,soccer.total_goals,period=ft,under,total=2.5,1.94
2026-10-09T00:32:44.122001+02:00,36435235,Brasileiro Serie A,Brazil,CA Paranaense PR,Atletico Mineiro MG,2026-10-08T23:00:00+00:00,27.2646,soccer.total_goals,period=ft,over,total=1.5,1.27
2026-10-09T00:32:44.122001+02:00,36435235,Brasileiro Serie A,Brazil,CA Paranaense PR,Atletico Mineiro MG,2026-10-08T23:00:00+00:00,27.2646,soccer.total_goals,period=ft,under,total=1.5,3.7
2026-10-09T00:32:44.122001+02:00,36435235,Brasileiro Serie A,Brazil,CA Paranaense PR,Atletico Mineiro MG,2026-10-08T23:00:00+00:00,27.2646,soccer.total_goals,period=ft,over,total=2,1.43
2026-10-09T00:32:44.122001+02:00,36435235,Brasileiro Serie A,Brazil,CA Paranaense PR,Atletico Mineiro MG,2026-10-08T23:00:00+00:00,27.2646,soccer.total_goals,period=ft,under,total=2,2.85
2026-10-09T00:32:44.122001+02:00,36435235,Brasileiro Serie A,Brazil,CA Paranaense PR,Atletico Mineiro MG,2026-10-08T23:00:00+00:00,27.2646,soccer.total_goals,period=ft,over,total=2.25,1.67
2026-10-09T00:32:44.122001+02:00,36435235,Brasileiro Serie A,Brazil,CA Paranaense PR,Atletico Mineiro MG,2026-10-08T23:00:00+00:00,27.2646,soccer.total_goals,period=ft,under,total=2.25,2.2
2026-10-09T00:32:44.122001+02:00,36435235,Brasileiro Serie A,Brazil,CA Paranaense PR,Atletico Mineiro MG,2026-10-08T23:00:00+00:00,27.2646,soccer.total_goals,period=ft,over,total=2.75,2.15
2026-10-09T00:32:44.122001+02:00,36435235,Brasileiro Serie A,Brazil,CA Paranaense PR,Atletico Mineiro MG,2026-10-08T23:00:00+00:00,27.2646,soccer.total_goals,period=ft,under,total=2.75,1.72
2026-10-09T00:32:44.122001+02:00,36435235,Brasileiro Serie A,Brazil,CA Paranaense PR,Atletico Mineiro MG,2026-10-08T23:00:00+00:00,27.2646,soccer.total_goals,period=ft,over,total=3,2.6
2026-10-09T00:32:44.122001+02:00,36435235,Brasileiro Serie A,Brazil,CA Paranaense PR,Atletico Mineiro MG,2026-10-08T23:00:00+00:00,27.2646,soccer.total_goals,period=ft,under,total=3,1.51
2026-10-09T00:32:44.122001+02:00,36435235,Brasileiro Serie A,Brazil,CA Paranaense PR,Atletico Mineiro MG,2026-10-08T23:00:00+00:00,27.2646,soccer.total_goals,period=ft,over,total=3.5,3.25
2026-10-09T00:32:44.122001+02:00,36435235,Brasileiro Serie A,Brazil,CA Paranaense PR,Atletico Mineiro MG,2026-10-08T23:00:00+00:00,27.2646,soccer.total_goals,period=ft,under,total=3.5,1.34
2026-10-09T00:32:44.122001+02:00,36435235,Brasileiro Serie A,Brazil,CA Paranaense PR,Atletico Mineiro MG,2026-10-08T23:00:00+00:00,27.2646,soccer.total_goals,period=ft,over,total=4.5,6.5
2026-10-09T00:32:44.122001+02:00,36435235,Brasileiro Serie A,Brazil,CA Paranaense PR,Atletico Mineiro MG,2026-10-08T23:00:00+00:00,27.2646,soccer.total_goals,period=ft,under,total=4.5,1.11
2026-10-09T00:32:44.122001+02:00,36626420,"Primera A, Clausura",Colombia,Atletico Nacional Medellin,CD Tolima,2026-10-08T23:05:00+00:00,32.2646,soccer.asian_handicap,period=ft,home,handicap=-0.75,1.83
2026-10-09T00:32:44.122001+02:00,36626420,"Primera A, Clausura",Colombia,Atletico Nacional Medellin,CD Tolima,2026-10-08T23:05:00+00:00,32.2646,soccer.asian_handicap,period=ft,away,handicap=-0.75,2.0
2026-10-09T00:32:44.122001+02:00,36626420,"Primera A, Clausura",Colombia,Atletico Nacional Medellin,CD Tolima,2026-10-08T23:05:00+00:00,32.2646,soccer.asian_handicap,period=ft,home,handicap=-1.75,3.45
2026-10-09T00:32:44.122001+02:00,36626420,"Primera A, Clausura",Colombia,Atletico Nacional Medellin,CD Tolima,2026-10-08T23:05:00+00:00,32.2646,soccer.asian_handicap,period=ft,away,handicap=-1.75,1.3
2026-10-09T00:32:44.122001+02:00,36626420,"Primera A, Clausura",Colombia,Atletico Nacional Medellin,CD Tolima,2026-10-08T23:05:00+00:00,32.2646,soccer.asian_handicap,period=ft,home,handicap=-1.5,2.8
2026-10-09T00:32:44.122001+02:00,36626420,"Primera A, Clausura",Colombia,Atletico Nacional Medellin,CD Tolima,2026-10-08T23:05:00+00:00,32.2646,soccer.asian_handicap,period=ft,away,handicap=-1.5,1.42
2026-10-09T00:32:44.122001+02:00,36626420,"Primera A, Clausura",Colombia,Atletico Nacional Medellin,CD Tolima,2026-10-08T23:05:00+00:00,32.2646,soccer.asian_handicap,period=ft,home,handicap=-1.25,2.45
2026-10-09T00:32:44.122001+02:00,36626420,"Primera A, Clausura",Colombia,Atletico Nacional Medellin,CD Tolima,2026-10-08T23:05:00+00:00,32.2646,soccer.asian_handicap,period=ft,away,handicap=-1.25,1.54
2026-10-09T00:32:44.122001+02:00,36626420,"Primera A, Clausura",Colombia,Atletico Nacional Medellin,CD Tolima,2026-10-08T23:05:00+00:00,32.2646,soccer.asian_handicap,period=ft,home,handicap=-1,2.14
2026-10-09T00:32:44.122001+02:00,36626420,"Primera A, Clausura",Colombia,Atletico Nacional Medellin,CD Tolima,2026-10-08T23:05:00+00:00,32.2646,soccer.asian_handicap,period=ft,away,handicap=-1,1.71
2026-10-09T00:32:44.122001+02:00,36626420,"Primera A, Clausura",Colombia,Atletico Nacional Medellin,CD Tolima,2026-10-08T23:05:00+00:00,32.2646,soccer.asian_handicap,period=ft,home,handicap=-0.5,1.64
2026-10-09T00:32:44.122001+02:00,36626420,"Primera A, Clausura",Colombia,Atletico Nacional Medellin,CD Tolima,2026-10-08T23:05:00+00:00,32.2646,soccer.asian_handicap,period=ft,away,handicap=-0.5,2.25
2026-10-09T00:32:44.122001+02:00,36626420,"Primera A, Clausura",Colombia,Atletico Nacional Medellin,CD Tolima,2026-10-08T23:05:00+00:00,32.2646,soccer.asian_handicap,period=ft,home,handicap=-0.25,1.44
2026-10-09T00:32:44.122001+02:00,36626420,"Primera A, Clausura",Colombia,Atletico Nacional Medellin,CD Tolima,2026-10-08T23:05:00+00:00,32.2646,soccer.asian_handicap,period=ft,away,handicap=-0.25,2.75
2026-10-09T00:32:44.122001+02:00,36626420,"Primera A, Clausura",Colombia,Atletico Nacional Medellin,CD Tolima,2026-10-08T23:05:00+00:00,32.2646,soccer.asian_handicap,period=ft,home,handicap=0,1.24
2026-10-09T00:32:44.122001+02:00,36626420,"Primera A, Clausura",Colombia,Atletico Nacional Medellin,CD Tolima,2026-10-08T23:05:00+00:00,32.2646,soccer.asian_handicap,period=ft,away,handicap=0,3.9
2026-10-09T00:32:44.122001+02:00,36626420,"Primera A, Clausura",Colombia,Atletico Nacional Medellin,CD Tolima,2026-10-08T23:05:00+00:00,32.2646,soccer.asian_handicap,period=ft,home,handicap=0.25,1.19
2026-10-09T00:32:44.122001+02:00,36626420,"Primera A, Clausura",Colombia,Atletico Nacional Medellin,CD Tolima,2026-10-08T23:05:00+00:00,32.2646,soccer.asian_handicap,period=ft,away,handicap=0.25,4.5
2026-10-09T00:32:44.122001+02:00,36626420,"Primera A, Clausura",Colombia,Atletico Nacional Medellin,CD Tolima,2026-10-08T23:05:00+00:00,32.2646,soccer.double_chance,period=ft,draw_away,,2.12
2026-10-09T00:32:44.122001+02:00,36626420,"Primera A, Clausura",Colombia,Atletico Nacional Medellin,CD Tolima,2026-10-08T23:05:00+00:00,32.2646,soccer.double_chance,period=ft,home_away,,1.27
2026-10-09T00:32:44.122001+02:00,36626420,"Primera A, Clausura",Colombia,Atletico Nacional Medellin,CD Tolima,2026-10-08T23:05:00+00:00,32.2646,soccer.double_chance,period=ft,home_draw,,1.19
2026-10-09T00:32:44.122001+02:00,36626420,"Primera A, Clausura",Colombia,Atletico Nacional Medellin,CD Tolima,2026-10-08T23:05:00+00:00,32.2646,soccer.match_odds,period=ft,home,,1.64
2026-10-09T00:32:44.122001+02:00,36626420,"Primera A, Clausura",Colombia,Atletico Nacional Medellin,CD Tolima,2026-10-08T23:05:00+00:00,32.2646,soccer.match_odds,period=ft,draw,,3.85
2026-10-09T00:32:44.122001+02:00,36626420,"Primera A, Clausura",Colombia,Atletico Nacional Medellin,CD Tolima,2026-10-08T23:05:00+00:00,32.2646,soccer.match_odds,period=ft,away,,5.15
2026-10-09T00:32:44.122001+02:00,36626420,"Primera A, Clausura",Colombia,Atletico Nacional Medellin,CD Tolima,2026-10-08T23:05:00+00:00,32.2646,soccer.total_goals,period=ft,over,total=2.5,1.83
2026-10-09T00:32:44.122001+02:00,36626420,"Primera A, Clausura",Colombia,Atletico Nacional Medellin,CD Tolima,2026-10-08T23:05:00+00:00,32.2646,soccer.total_goals,period=ft,under,total=2.5,1.98
2026-10-09T00:32:44.122001+02:00,36626420,"Primera A, Clausura",Colombia,Atletico Nacional Medellin,CD Tolima,2026-10-08T23:05:00+00:00,32.2646,soccer.total_goals,period=ft,over,total=1.5,1.25
2026-10-09T00:32:44.122001+02:00,36626420,"Primera A, Clausura",Colombia,Atletico Nacional Medellin,CD Tolima,2026-10-08T23:05:00+00:00,32.2646,soccer.total_goals,period=ft,under,total=1.5,3.75
2026-10-09T00:32:44.122001+02:00,36626420,"Primera A, Clausura",Colombia,Atletico Nacional Medellin,CD Tolima,2026-10-08T23:05:00+00:00,32.2646,soccer.total_goals,period=ft,over,total=2,1.39
2026-10-09T00:32:44.122001+02:00,36626420,"Primera A, Clausura",Colombia,Atletico Nacional Medellin,CD Tolima,2026-10-08T23:05:00+00:00,32.2646,soccer.total_goals,period=ft,under,total=2,2.95
2026-10-09T00:32:44.122001+02:00,36626420,"Primera A, Clausura",Colombia,Atletico Nacional Medellin,CD Tolima,2026-10-08T23:05:00+00:00,32.2646,soccer.total_goals,period=ft,over,total=2.25,1.61
2026-10-09T00:32:44.122001+02:00,36626420,"Primera A, Clausura",Colombia,Atletico Nacional Medellin,CD Tolima,2026-10-08T23:05:00+00:00,32.2646,soccer.total_goals,period=ft,under,total=2.25,2.3
2026-10-09T00:32:44.122001+02:00,36626420,"Primera A, Clausura",Colombia,Atletico Nacional Medellin,CD Tolima,2026-10-08T23:05:00+00:00,32.2646,soccer.total_goals,period=ft,over,total=2.75,2.05
2026-10-09T00:32:44.122001+02:00,36626420,"Primera A, Clausura",Colombia,Atletico Nacional Medellin,CD Tolima,2026-10-08T23:05:00+00:00,32.2646,soccer.total_goals,period=ft,under,total=2.75,1.75
2026-10-09T00:32:44.122001+02:00,36626420,"Primera A, Clausura",Colombia,Atletico Nacional Medellin,CD Tolima,2026-10-08T23:05:00+00:00,32.2646,soccer.total_goals,period=ft,over,total=3,2.45
2026-10-09T00:32:44.122001+02:00,36626420,"Primera A, Clausura",Colombia,Atletico Nacional Medellin,CD Tolima,2026-10-08T23:05:00+00:00,32.2646,soccer.total_goals,period=ft,under,total=3,1.54
2026-10-09T00:32:44.122001+02:00,36626420,"Primera A, Clausura",Colombia,Atletico Nacional Medellin,CD Tolima,2026-10-08T23:05:00+00:00,32.2646,soccer.total_goals,period=ft,over,total=3.5,3.05
2026-10-09T00:32:44.122001+02:00,36626420,"Primera A, Clausura",Colombia,Atletico Nacional Medellin,CD Tolima,2026-10-08T23:05:00+00:00,32.2646,soccer.total_goals,period=ft,under,total=3.5,1.35
2026-10-09T00:32:44.122001+02:00,36626420,"Primera A, Clausura",Colombia,Atletico Nacional Medellin,CD Tolima,2026-10-08T23:05:00+00:00,32.2646,soccer.total_goals,period=ft,over,total=4.5,6.1
2026-10-09T00:32:44.122001+02:00,36626420,"Primera A, Clausura",Colombia,Atletico Nacional Medellin,CD Tolima,2026-10-08T23:05:00+00:00,32.2646,soccer.total_goals,period=ft,under,total=4.5,1.11
2026-10-09T00:34:40.277475+02:00,36626420,"Primera A, Clausura",Colombia,Atletico Nacional Medellin,CD Tolima,2026-10-08T23:05:00+00:00,30.3287,soccer.asian_handicap,period=ft,home,handicap=-0.75,1.83
2026-10-09T00:34:40.277475+02:00,36626420,"Primera A, Clausura",Colombia,Atletico Nacional Medellin,CD Tolima,2026-10-08T23:05:00+00:00,30.3287,soccer.asian_handicap,period=ft,away,handicap=-0.75,2.0
2026-10-09T00:34:40.277475+02:00,36626420,"Primera A, Clausura",Colombia,Atletico Nacional Medellin,CD Tolima,2026-10-08T23:05:00+00:00,30.3287,soccer.asian_handicap,period=ft,home,handicap=-1.75,3.45
2026-10-09T00:34:40.277475+02:00,36626420,"Primera A, Clausura",Colombia,Atletico Nacional Medellin,CD Tolima,2026-10-08T23:05:00+00:00,30.3287,soccer.asian_handicap,period=ft,away,handicap=-1.75,1.3
2026-10-09T00:34:40.277475+02:00,36626420,"Primera A, Clausura",Colombia,Atletico Nacional Medellin,CD Tolima,2026-10-08T23:05:00+00:00,30.3287,soccer.asian_handicap,period=ft,home,handicap=-1.5,2.8
2026-10-09T00:34:40.277475+02:00,36626420,"Primera A, Clausura",Colombia,Atletico Nacional Medellin,CD Tolima,2026-10-08T23:05:00+00:00,30.3287,soccer.asian_handicap,period=ft,away,handicap=-1.5,1.42
2026-10-09T00:34:40.277475+02:00,36626420,"Primera A, Clausura",Colombia,Atletico Nacional Medellin,CD Tolima,2026-10-08T23:05:00+00:00,30.3287,soccer.asian_handicap,period=ft,home,handicap=-1.25,2.45
2026-10-09T00:34:40.277475+02:00,36626420,"Primera A, Clausura",Colombia,Atletico Nacional Medellin,CD Tolima,2026-10-08T23:05:00+00:00,30.3287,soccer.asian_handicap,period=ft,away,handicap=-1.25,1.54
2026-10-09T00:34:40.277475+02:00,36626420,"Primera A, Clausura",Colombia,Atletico Nacional Medellin,CD Tolima,2026-10-08T23:05:00+00:00,30.3287,soccer.asian_handicap,period=ft,home,handicap=-1,2.14
2026-10-09T00:34:40.277475+02:00,36626420,"Primera A, Clausura",Colombia,Atletico Nacional Medellin,CD Tolima,2026-10-08T23:05:00+00:00,30.3287,soccer.asian_handicap,period=ft,away,handicap=-1,1.71
2026-10-09T00:34:40.277475+02:00,36626420,"Primera A, Clausura",Colombia,Atletico Nacional Medellin,CD Tolima,2026-10-08T23:05:00+00:00,30.3287,soccer.asian_handicap,period=ft,home,handicap=-0.5,1.64
2026-10-09T00:34:40.277475+02:00,36626420,"Primera A, Clausura",Colombia,Atletico Nacional Medellin,CD Tolima,2026-10-08T23:05:00+00:00,30.3287,soccer.asian_handicap,period=ft,away,handicap=-0.5,2.25
2026-10-09T00:34:40.277475+02:00,36626420,"Primera A, Clausura",Colombia,Atletico Nacional Medellin,CD Tolima,2026-10-08T23:05:00+00:00,30.3287,soccer.asian_handicap,period=ft,home,handicap=-0.25,1.44
2026-10-09T00:34:40.277475+02:00,36626420,"Primera A, Clausura",Colombia,Atletico Nacional Medellin,CD Tolima,2026-10-08T23:05:00+00:00,30.3287,soccer.asian_handicap,period=ft,away,handicap=-0.25,2.75
2026-10-09T00:34:40.277475+02:00,36626420,"Primera A, Clausura",Colombia,Atletico Nacional Medellin,CD Tolima,2026-10-08T23:05:00+00:00,30.3287,soccer.asian_handicap,period=ft,home,handicap=0,1.24
2026-10-09T00:34:40.277475+02:00,36626420,"Primera A, Clausura",Colombia,Atletico Nacional Medellin,CD Tolima,2026-10-08T23:05:00+00:00,30.3287,soccer.asian_handicap,period=ft,away,handicap=0,3.9
2026-10-09T00:34:40.277475+02:00,36626420,"Primera A, Clausura",Colombia,Atletico Nacional Medellin,CD Tolima,2026-10-08T23:05:00+00:00,30.3287,soccer.asian_handicap,period=ft,home,handicap=0.25,1.19
2026-10-09T00:34:40.277475+02:00,36626420,"Primera A, Clausura",Colombia,Atletico Nacional Medellin,CD Tolima,2026-10-08T23:05:00+00:00,30.3287,soccer.asian_handicap,period=ft,away,handicap=0.25,4.5
2026-10-09T00:34:40.277475+02:00,36626420,"Primera A, Clausura",Colombia,Atletico Nacional Medellin,CD Tolima,2026-10-08T23:05:00+00:00,30.3287,soccer.double_chance,period=ft,draw_away,,2.12
2026-10-09T00:34:40.277475+02:00,36626420,"Primera A, Clausura",Colombia,Atletico Nacional Medellin,CD Tolima,2026-10-08T23:05:00+00:00,30.3287,soccer.double_chance,period=ft,home_away,,1.27
2026-10-09T00:34:40.277475+02:00,36626420,"Primera A, Clausura",Colombia,Atletico Nacional Medellin,CD Tolima,2026-10-08T23:05:00+00:00,30.3287,soccer.double_chance,period=ft,home_draw,,1.19
2026-10-09T00:34:40.277475+02:00,36626420,"Primera A, Clausura",Colombia,Atletico Nacional Medellin,CD Tolima,2026-10-08T23:05:00+00:00,30.3287,soccer.match_odds,period=ft,home,,1.64
2026-10-09T00:34:40.277475+02:00,36626420,"Primera A, Clausura",Colombia,Atletico Nacional Medellin,CD Tolima,2026-10-08T23:05:00+00:00,30.3287,soccer.match_odds,period=ft,draw,,3.85
2026-10-09T00:34:40.277475+02:00,36626420,"Primera A, Clausura",Colombia,Atletico Nacional Medellin,CD Tolima,2026-10-08T23:05:00+00:00,30.3287,soccer.match_odds,period=ft,away,,5.15
2026-10-09T00:34:40.277475+02:00,36626420,"Primera A, Clausura",Colombia,Atletico Nacional Medellin,CD Tolima,2026-10-08T23:05:00+00:00,30.3287,soccer.total_goals,period=ft,over,total=2.5,1.83
2026-10-09T00:34:40.277475+02:00,36626420,"Primera A, Clausura",Colombia,Atletico Nacional Medellin,CD Tolima,2026-10-08T23:05:00+00:00,30.3287,soccer.total_goals,period=ft,under,total=2.5,1.98
2026-10-09T00:34:40.277475+02:00,36626420,"Primera A, Clausura",Colombia,Atletico Nacional Medellin,CD Tolima,2026-10-08T23:05:00+00:00,30.3287,soccer.total_goals,period=ft,over,total=1.5,1.25
2026-10-09T00:34:40.277475+02:00,36626420,"Primera A, Clausura",Colombia,Atletico Nacional Medellin,CD Tolima,2026-10-08T23:05:00+00:00,30.3287,soccer.total_goals,period=ft,under,total=1.5,3.75
2026-10-09T00:34:40.277475+02:00,36626420,"Primera A, Clausura",Colombia,Atletico Nacional Medellin,CD Tolima,2026-10-08T23:05:00+00:00,30.3287,soccer.total_goals,period=ft,over,total=2,1.39
2026-10-09T00:34:40.277475+02:00,36626420,"Primera A, Clausura",Colombia,Atletico Nacional Medellin,CD Tolima,2026-10-08T23:05:00+00:00,30.3287,soccer.total_goals,period=ft,under,total=2,2.95
2026-10-09T00:34:40.277475+02:00,36626420,"Primera A, Clausura",Colombia,Atletico Nacional Medellin,CD Tolima,2026-10-08T23:05:00+00:00,30.3287,soccer.total_goals,period=ft,over,total=2.25,1.61
2026-10-09T00:34:40.277475+02:00,36626420,"Primera A, Clausura",Colombia,Atletico Nacional Medellin,CD Tolima,2026-10-08T23:05:00+00:00,30.3287,soccer.total_goals,period=ft,under,total=2.25,2.3
2026-10-09T00:34:40.277475+02:00,36626420,"Primera A, Clausura",Colombia,Atletico Nacional Medellin,CD Tolima,2026-10-08T23:05:00+00:00,30.3287,soccer.total_goals,period=ft,over,total=2.75,2.05
2026-10-09T00:34:40.277475+02:00,36626420,"Primera A, Clausura",Colombia,Atletico Nacional Medellin,CD Tolima,2026-10-08T23:05:00+00:00,30.3287,soccer.total_goals,period=ft,under,total=2.75,1.75
2026-10-09T00:34:40.277475+02:00,36626420,"Primera A, Clausura",Colombia,Atletico Nacional Medellin,CD Tolima,2026-10-08T23:05:00+00:00,30.3287,soccer.total_goals,period=ft,over,total=3,2.45
2026-10-09T00:34:40.277475+02:00,36626420,"Primera A, Clausura",Colombia,Atletico Nacional Medellin,CD Tolima,2026-10-08T23:05:00+00:00,30.3287,soccer.total_goals,period=ft,under,total=3,1.54
2026-10-09T00:34:40.277475+02:00,36626420,"Primera A, Clausura",Colombia,Atletico Nacional Medellin,CD Tolima,2026-10-08T23:05:00+00:00,30.3287,soccer.total_goals,period=ft,over,total=3.5,3.05
2026-10-09T00:34:40.277475+02:00,36626420,"Primera A, Clausura",Colombia,Atletico Nacional Medellin,CD Tolima,2026-10-08T23:05:00+00:00,30.3287,soccer.total_goals,period=ft,under,total=3.5,1.35
2026-10-09T00:34:40.277475+02:00,36626420,"Primera A, Clausura",Colombia,Atletico Nacional Medellin,CD Tolima,2026-10-08T23:05:00+00:00,30.3287,soccer.total_goals,period=ft,over,total=4.5,6.1
2026-10-09T00:34:40.277475+02:00,36626420,"Primera A, Clausura",Colombia,Atletico Nacional Medellin,CD Tolima,2026-10-08T23:05:00+00:00,30.3287,soccer.total_goals,period=ft,under,total=4.5,1.11
2026-10-09T00:34:40.277475+02:00,36435235,Brasileiro Serie A,Brazil,CA Paranaense PR,Atletico Mineiro MG,2026-10-08T23:00:00+00:00,25.3287,soccer.asian_handicap,period=ft,home,handicap=-0.5,2.09
2026-10-09T00:34:40.277475+02:00,36435235,Brasileiro Serie A,Brazil,CA Paranaense PR,Atletico Mineiro MG,2026-10-08T23:00:00+00:00,25.3287,soccer.asian_handicap,period=ft,away,handicap=-0.5,1.8
2026-10-09T00:34:40.277475+02:00,36435235,Brasileiro Serie A,Brazil,CA Paranaense PR,Atletico Mineiro MG,2026-10-08T23:00:00+00:00,25.3287,soccer.asian_handicap,period=ft,home,handicap=-1.5,3.95
2026-10-09T00:34:40.277475+02:00,36435235,Brasileiro Serie A,Brazil,CA Paranaense PR,Atletico Mineiro MG,2026-10-08T23:00:00+00:00,25.3287,soccer.asian_handicap,period=ft,away,handicap=-1.5,1.26
2026-10-09T00:34:40.277475+02:00,36435235,Brasileiro Serie A,Brazil,CA Paranaense PR,Atletico Mineiro MG,2026-10-08T23:00:00+00:00,25.3287,soccer.asian_handicap,period=ft,home,handicap=-1.25,3.5
2026-10-09T00:34:40.277475+02:00,36435235,Brasileiro Serie A,Brazil,CA Paranaense PR,Atletico Mineiro MG,2026-10-08T23:00:00+00:00,25.3287,soccer.asian_handicap,period=ft,away,handicap=-1.25,1.31
2026-10-09T00:34:40.277475+02:00,36435235,Brasileiro Serie A,Brazil,CA Paranaense PR,Atletico Mineiro MG,2026-10-08T23:00:00+00:00,25.3287,soccer.asian_handicap,period=ft,home,handicap=-1,3.1
2026-10-09T00:34:40.277475+02:00,36435235,Brasileiro Serie A,Brazil,CA Paranaense PR,Atletico Mineiro MG,2026-10-08T23:00:00+00:00,25.3287,soccer.asian_handicap,period=ft,away,handicap=-1,1.39
2026-10-09T00:34:40.277475+02:00,36435235,Brasileiro Serie A,Brazil,CA Paranaense PR,Atletico Mineiro MG,2026-10-08T23:00:00+00:00,25.3287,soccer.asian_handicap,period=ft,home,handicap=-0.75,2.4
2026-10-09T00:34:40.277475+02:00,36435235,Brasileiro Serie A,Brazil,CA Paranaense PR,Atletico Mineiro MG,2026-10-08T23:00:00+00:00,25.3287,soccer.asian_handicap,period=ft,away,handicap=-0.75,1.59
2026-10-09T00:34:40.277475+02:00,36435235,Brasileiro Serie A,Brazil,CA Paranaense PR,Atletico Mineiro MG,2026-10-08T23:00:00+00:00,25.3287,soccer.asian_handicap,period=ft,home,handicap=-0.25,1.78
2026-10-09T00:34:40.277475+02:00,36435235,Brasileiro Serie A,Brazil,CA Paranaense PR,Atletico Mineiro MG,2026-10-08T23:00:00+00:00,25.3287,soccer.asian_handicap,period=ft,away,handicap=-0.25,2.08
2026-10-09T00:34:40.277475+02:00,36435235,Brasileiro Serie A,Brazil,CA Paranaense PR,Atletico Mineiro MG,2026-10-08T23:00:00+00:00,25.3287,soccer.asian_handicap,period=ft,home,handicap=0,1.49
2026-10-09T00:34:40.277475+02:00,36435235,Brasileiro Serie A,Brazil,CA Paranaense PR,Atletico Mineiro MG,2026-10-08T23:00:00+00:00,25.3287,soccer.asian_handicap,period=ft,away,handicap=0,2.7
2026-10-09T00:34:40.277475+02:00,36435235,Brasileiro Serie A,Brazil,CA Paranaense PR,Atletico Mineiro MG,2026-10-08T23:00:00+00:00,25.3287,soccer.asian_handicap,period=ft,home,handicap=0.25,1.36
2026-10-09T00:34:40.277475+02:00,36435235,Brasileiro Serie A,Brazil,CA Paranaense PR,Atletico Mineiro MG,2026-10-08T23:00:00+00:00,25.3287,soccer.asian_handicap,period=ft,away,handicap=0.25,3.15
2026-10-09T00:34:40.277475+02:00,36435235,Brasileiro Serie A,Brazil,CA Paranaense PR,Atletico Mineiro MG,2026-10-08T23:00:00+00:00,25.3287,soccer.asian_handicap,period=ft,home,handicap=0.5,1.29
2026-10-09T00:34:40.277475+02:00,36435235,Brasileiro Serie A,Brazil,CA Paranaense PR,Atletico Mineiro MG,2026-10-08T23:00:00+00:00,25.3287,soccer.asian_handicap,period=ft,away,handicap=0.5,3.7
2026-10-09T00:34:40.277475+02:00,36435235,Brasileiro Serie A,Brazil,CA Paranaense PR,Atletico Mineiro MG,2026-10-08T23:00:00+00:00,25.3287,soccer.double_chance,period=ft,draw_away,,1.77
2026-10-09T00:34:40.277475+02:00,36435235,Brasileiro Serie A,Brazil,CA Paranaense PR,Atletico Mineiro MG,2026-10-08T23:00:00+00:00,25.3287,soccer.double_chance,period=ft,home_away,,1.34
2026-10-09T00:34:40.277475+02:00,36435235,Brasileiro Serie A,Brazil,CA Paranaense PR,Atletico Mineiro MG,2026-10-08T23:00:00+00:00,25.3287,soccer.double_chance,period=ft,home_draw,,1.29
2026-10-09T00:34:40.277475+02:00,36435235,Brasileiro Serie A,Brazil,CA Paranaense PR,Atletico Mineiro MG,2026-10-08T23:00:00+00:00,25.3287,soccer.match_odds,period=ft,home,,2.08
2026-10-09T00:34:40.277475+02:00,36435235,Brasileiro Serie A,Brazil,CA Paranaense PR,Atletico Mineiro MG,2026-10-08T23:00:00+00:00,25.3287,soccer.match_odds,period=ft,draw,,3.4
2026-10-09T00:34:40.277475+02:00,36435235,Brasileiro Serie A,Brazil,CA Paranaense PR,Atletico Mineiro MG,2026-10-08T23:00:00+00:00,25.3287,soccer.match_odds,period=ft,away,,3.75
2026-10-09T00:34:40.277475+02:00,36435235,Brasileiro Serie A,Brazil,CA Paranaense PR,Atletico Mineiro MG,2026-10-08T23:00:00+00:00,25.3287,soccer.total_goals,period=ft,over,total=2.5,1.92
2026-10-09T00:34:40.277475+02:00,36435235,Brasileiro Serie A,Brazil,CA Paranaense PR,Atletico Mineiro MG,2026-10-08T23:00:00+00:00,25.3287,soccer.total_goals,period=ft,under,total=2.5,1.94
2026-10-09T00:34:40.277475+02:00,36435235,Brasileiro Serie A,Brazil,CA Paranaense PR,Atletico Mineiro MG,2026-10-08T23:00:00+00:00,25.3287,soccer.total_goals,period=ft,over,total=1.5,1.27
2026-10-09T00:34:40.277475+02:00,36435235,Brasileiro Serie A,Brazil,CA Paranaense PR,Atletico Mineiro MG,2026-10-08T23:00:00+00:00,25.3287,soccer.total_goals,period=ft,under,total=1.5,3.7
2026-10-09T00:34:40.277475+02:00,36435235,Brasileiro Serie A,Brazil,CA Paranaense PR,Atletico Mineiro MG,2026-10-08T23:00:00+00:00,25.3287,soccer.total_goals,period=ft,over,total=2,1.43
2026-10-09T00:34:40.277475+02:00,36435235,Brasileiro Serie A,Brazil,CA Paranaense PR,Atletico Mineiro MG,2026-10-08T23:00:00+00:00,25.3287,soccer.total_goals,period=ft,under,total=2,2.85
2026-10-09T00:34:40.277475+02:00,36435235,Brasileiro Serie A,Brazil,CA Paranaense PR,Atletico Mineiro MG,2026-10-08T23:00:00+00:00,25.3287,soccer.total_goals,period=ft,over,total=2.25,1.67
2026-10-09T00:34:40.277475+02:00,36435235,Brasileiro Serie A,Brazil,CA Paranaense PR,Atletico Mineiro MG,2026-10-08T23:00:00+00:00,25.3287,soccer.total_goals,period=ft,under,total=2.25,2.2
2026-10-09T00:34:40.277475+02:00,36435235,Brasileiro Serie A,Brazil,CA Paranaense PR,Atletico Mineiro MG,2026-10-08T23:00:00+00:00,25.3287,soccer.total_goals,period=ft,over,total=2.75,2.15
2026-10-09T00:34:40.277475+02:00,36435235,Brasileiro Serie A,Brazil,CA Paranaense PR,Atletico Mineiro MG,2026-10-08T23:00:00+00:00,25.3287,soccer.total_goals,period=ft,under,total=2.75,1.72
2026-10-09T00:34:40.277475+02:00,36435235,Brasileiro Serie A,Brazil,CA Paranaense PR,Atletico Mineiro MG,2026-10-08T23:00:00+00:00,25.3287,soccer.total_goals,period=ft,over,total=3,2.6
2026-10-09T00:34:40.277475+02:00,36435235,Brasileiro Serie A,Brazil,CA Paranaense PR,Atletico Mineiro MG,2026-10-08T23:00:00+00:00,25.3287,soccer.total_goals,period=ft,under,total=3,1.51
2026-10-09T00:34:40.277475+02:00,36435235,Brasileiro Serie A,Brazil,CA Paranaense PR,Atletico Mineiro MG,2026-10-08T23:00:00+00:00,25.3287,soccer.total_goals,period=ft,over,total=3.5,3.25
2026-10-09T00:34:40.277475+02:00,36435235,Brasileiro Serie A,Brazil,CA Paranaense PR,Atletico Mineiro MG,2026-10-08T23:00:00+00:00,25.3287,soccer.total_goals,period=ft,under,total=3.5,1.34
2026-10-09T00:34:40.277475+02:00,36435235,Brasileiro Serie A,Brazil,CA Paranaense PR,Atletico Mineiro MG,2026-10-08T23:00:00+00:00,25.3287,soccer.total_goals,period=ft,over,total=4.5,6.5
2026-10-09T00:34:40.277475+02:00,36435235,Brasileiro Serie A,Brazil,CA Paranaense PR,Atletico Mineiro MG,2026-10-08T23:00:00+00:00,25.3287,soccer.total_goals,period=ft,under,total=4.5,1.11
2026-10-09T00:36:46.860695+02:00,36626420,"Primera A, Clausura",Colombia,Atletico Nacional Medellin,CD Tolima,2026-10-08T23:05:00+00:00,28.219,soccer.asian_handicap,period=ft,home,handicap=-0.75,1.9
2026-10-09T00:36:46.860695+02:00,36626420,"Primera A, Clausura",Colombia,Atletico Nacional Medellin,CD Tolima,2026-10-08T23:05:00+00:00,28.219,soccer.asian_handicap,period=ft,away,handicap=-0.75,1.92
2026-10-09T00:36:46.860695+02:00,36626420,"Primera A, Clausura",Colombia,Atletico Nacional Medellin,CD Tolima,2026-10-08T23:05:00+00:00,28.219,soccer.asian_handicap,period=ft,home,handicap=-1.75,3.6
2026-10-09T00:36:46.860695+02:00,36626420,"Primera A, Clausura",Colombia,Atletico Nacional Medellin,CD Tolima,2026-10-08T23:05:00+00:00,28.219,soccer.asian_handicap,period=ft,away,handicap=-1.75,1.28
2026-10-09T00:36:46.860695+02:00,36626420,"Primera A, Clausura",Colombia,Atletico Nacional Medellin,CD Tolima,2026-10-08T23:05:00+00:00,28.219,soccer.asian_handicap,period=ft,home,handicap=-1.5,2.9
2026-10-09T00:36:46.860695+02:00,36626420,"Primera A, Clausura",Colombia,Atletico Nacional Medellin,CD Tolima,2026-10-08T23:05:00+00:00,28.219,soccer.asian_handicap,period=ft,away,handicap=-1.5,1.4
2026-10-09T00:36:46.860695+02:00,36626420,"Primera A, Clausura",Colombia,Atletico Nacional Medellin,CD Tolima,2026-10-08T23:05:00+00:00,28.219,soccer.asian_handicap,period=ft,home,handicap=-1.25,2.55
2026-10-09T00:36:46.860695+02:00,36626420,"Primera A, Clausura",Colombia,Atletico Nacional Medellin,CD Tolima,2026-10-08T23:05:00+00:00,28.219,soccer.asian_handicap,period=ft,away,handicap=-1.25,1.5
2026-10-09T00:36:46.860695+02:00,36626420,"Primera A, Clausura",Colombia,Atletico Nacional Medellin,CD Tolima,2026-10-08T23:05:00+00:00,28.219,soccer.asian_handicap,period=ft,home,handicap=-1,2.2
2026-10-09T00:36:46.860695+02:00,36626420,"Primera A, Clausura",Colombia,Atletico Nacional Medellin,CD Tolima,2026-10-08T23:05:00+00:00,28.219,soccer.asian_handicap,period=ft,away,handicap=-1,1.65
2026-10-09T00:36:46.860695+02:00,36626420,"Primera A, Clausura",Colombia,Atletico Nacional Medellin,CD Tolima,2026-10-08T23:05:00+00:00,28.219,soccer.asian_handicap,period=ft,home,handicap=-0.5,1.69
2026-10-09T00:36:46.860695+02:00,36626420,"Primera A, Clausura",Colombia,Atletico Nacional Medellin,CD Tolima,2026-10-08T23:05:00+00:00,28.219,soccer.asian_handicap,period=ft,away,handicap=-0.5,2.17
2026-10-09T00:36:46.860695+02:00,36626420,"Primera A, Clausura",Colombia,Atletico Nacional Medellin,CD Tolima,2026-10-08T23:05:00+00:00,28.219,soccer.asian_handicap,period=ft,home,handicap=-0.25,1.47
2026-10-09T00:36:46.860695+02:00,36626420,"Primera A, Clausura",Colombia,Atletico Nacional Medellin,CD Tolima,2026-10-08T23:05:00+00:00,28.219,soccer.asian_handicap,period=ft,away,handicap=-0.25,2.65
2026-10-09T00:36:46.860695+02:00,36626420,"Primera A, Clausura",Colombia,Atletico Nacional Medellin,CD Tolima,2026-10-08T23:05:00+00:00,28.219,soccer.asian_handicap,period=ft,home,handicap=0,1.25
2026-10-09T00:36:46.860695+02:00,36626420,"Primera A, Clausura",Colombia,Atletico Nacional Medellin,CD Tolima,2026-10-08T23:05:00+00:00,28.219,soccer.asian_handicap,period=ft,away,handicap=0,3.9
2026-10-09T00:36:46.860695+02:00,36626420,"Primera A, Clausura",Colombia,Atletico Nacional Medellin,CD Tolima,2026-10-08T23:05:00+00:00,28.219,soccer.asian_handicap,period=ft,home,handicap=0.25,1.19
2026-10-09T00:36:46.860695+02:00,36626420,"Primera A, Clausura",Colombia,Atletico Nacional Medellin,CD Tolima,2026-10-08T23:05:00+00:00,28.219,soccer.asian_handicap,period=ft,away,handicap=0.25,4.55
2026-10-09T00:36:46.860695+02:00,36626420,"Primera A, Clausura",Colombia,Atletico Nacional Medellin,CD Tolima,2026-10-08T23:05:00+00:00,28.219,soccer.double_chance,period=ft,draw_away,,2.08
2026-10-09T00:36:46.860695+02:00,36626420,"Primera A, Clausura",Colombia,Atletico Nacional Medellin,CD Tolima,2026-10-08T23:05:00+00:00,28.219,soccer.double_chance,period=ft,home_away,,1.27
2026-10-09T00:36:46.860695+02:00,36626420,"Primera A, Clausura",Colombia,Atletico Nacional Medellin,CD Tolima,2026-10-08T23:05:00+00:00,28.219,soccer.double_chance,period=ft,home_draw,,1.2
2026-10-09T00:36:46.860695+02:00,36626420,"Primera A, Clausura",Colombia,Atletico Nacional Medellin,CD Tolima,2026-10-08T23:05:00+00:00,28.219,soccer.match_odds,period=ft,home,,1.69
2026-10-09T00:36:46.860695+02:00,36626420,"Primera A, Clausura",Colombia,Atletico Nacional Medellin,CD Tolima,2026-10-08T23:05:00+00:00,28.219,soccer.match_odds,period=ft,draw,,3.55
2026-10-09T00:36:46.860695+02:00,36626420,"Primera A, Clausura",Colombia,Atletico Nacional Medellin,CD Tolima,2026-10-08T23:05:00+00:00,28.219,soccer.match_odds,period=ft,away,,5.25
2026-10-09T00:36:46.860695+02:00,36626420,"Primera A, Clausura",Colombia,Atletico Nacional Medellin,CD Tolima,2026-10-08T23:05:00+00:00,28.219,soccer.total_goals,period=ft,over,total=2.5,1.86
2026-10-09T00:36:46.860695+02:00,36626420,"Primera A, Clausura",Colombia,Atletico Nacional Medellin,CD Tolima,2026-10-08T23:05:00+00:00,28.219,soccer.total_goals,period=ft,under,total=2.5,1.94
2026-10-09T00:36:46.860695+02:00,36626420,"Primera A, Clausura",Colombia,Atletico Nacional Medellin,CD Tolima,2026-10-08T23:05:00+00:00,28.219,soccer.total_goals,period=ft,over,total=1.5,1.26
2026-10-09T00:36:46.860695+02:00,36626420,"Primera A, Clausura",Colombia,Atletico Nacional Medellin,CD Tolima,2026-10-08T23:05:00+00:00,28.219,soccer.total_goals,period=ft,under,total=1.5,3.7
2026-10-09T00:36:46.860695+02:00,36626420,"Primera A, Clausura",Colombia,Atletico Nacional Medellin,CD Tolima,2026-10-08T23:05:00+00:00,28.219,soccer.total_goals,period=ft,over,total=2,1.4
2026-10-09T00:36:46.860695+02:00,36626420,"Primera A, Clausura",Colombia,Atletico Nacional Medellin,CD Tolima,2026-10-08T23:05:00+00:00,28.219,soccer.total_goals,period=ft,under,total=2,2.85
2026-10-09T00:36:46.860695+02:00,36626420,"Primera A, Clausura",Colombia,Atletico Nacional Medellin,CD Tolima,2026-10-08T23:05:00+00:00,28.219,soccer.total_goals,period=ft,over,total=2.25,1.63
2026-10-09T00:36:46.860695+02:00,36626420,"Primera A, Clausura",Colombia,Atletico Nacional Medellin,CD Tolima,2026-10-08T23:05:00+00:00,28.219,soccer.total_goals,period=ft,under,total=2.25,2.25
2026-10-09T00:36:46.860695+02:00,36626420,"Primera A, Clausura",Colombia,Atletico Nacional Medellin,CD Tolima,2026-10-08T23:05:00+00:00,28.219,soccer.total_goals,period=ft,over,total=2.75,2.09
2026-10-09T00:36:46.860695+02:00,36626420,"Primera A, Clausura",Colombia,Atletico Nacional Medellin,CD Tolima,2026-10-08T23:05:00+00:00,28.219,soccer.total_goals,period=ft,under,total=2.75,1.73
2026-10-09T00:36:46.860695+02:00,36626420,"Primera A, Clausura",Colombia,Atletico Nacional Medellin,CD Tolima,2026-10-08T23:05:00+00:00,28.219,soccer.total_goals,period=ft,over,total=3,2.5
2026-10-09T00:36:46.860695+02:00,36626420,"Primera A, Clausura",Colombia,Atletico Nacional Medellin,CD Tolima,2026-10-08T23:05:00+00:00,28.219,soccer.total_goals,period=ft,under,total=3,1.52
2026-10-09T00:36:46.860695+02:00,36626420,"Primera A, Clausura",Colombia,Atletico Nacional Medellin,CD Tolima,2026-10-08T23:05:00+00:00,28.219,soccer.total_goals,period=ft,over,total=3.5,3.1
2026-10-09T00:36:46.860695+02:00,36626420,"Primera A, Clausura",Colombia,Atletico Nacional Medellin,CD Tolima,2026-10-08T23:05:00+00:00,28.219,soccer.total_goals,period=ft,under,total=3.5,1.34
2026-10-09T00:36:46.860695+02:00,36626420,"Primera A, Clausura",Colombia,Atletico Nacional Medellin,CD Tolima,2026-10-08T23:05:00+00:00,28.219,soccer.total_goals,period=ft,over,total=4.5,6.25
2026-10-09T00:36:46.860695+02:00,36626420,"Primera A, Clausura",Colombia,Atletico Nacional Medellin,CD Tolima,2026-10-08T23:05:00+00:00,28.219,soccer.total_goals,period=ft,under,total=4.5,1.11
2026-10-09T00:36:46.860695+02:00,36435235,Brasileiro Serie A,Brazil,CA Paranaense PR,Atletico Mineiro MG,2026-10-08T23:00:00+00:00,23.219,soccer.asian_handicap,period=ft,home,handicap=-0.5,2.09
2026-10-09T00:36:46.860695+02:00,36435235,Brasileiro Serie A,Brazil,CA Paranaense PR,Atletico Mineiro MG,2026-10-08T23:00:00+00:00,23.219,soccer.asian_handicap,period=ft,away,handicap=-0.5,1.8
2026-10-09T00:36:46.860695+02:00,36435235,Brasileiro Serie A,Brazil,CA Paranaense PR,Atletico Mineiro MG,2026-10-08T23:00:00+00:00,23.219,soccer.asian_handicap,period=ft,home,handicap=-1.5,3.95
2026-10-09T00:36:46.860695+02:00,36435235,Brasileiro Serie A,Brazil,CA Paranaense PR,Atletico Mineiro MG,2026-10-08T23:00:00+00:00,23.219,soccer.asian_handicap,period=ft,away,handicap=-1.5,1.26
2026-10-09T00:36:46.860695+02:00,36435235,Brasileiro Serie A,Brazil,CA Paranaense PR,Atletico Mineiro MG,2026-10-08T23:00:00+00:00,23.219,soccer.asian_handicap,period=ft,home,handicap=-1.25,3.5
2026-10-09T00:36:46.860695+02:00,36435235,Brasileiro Serie A,Brazil,CA Paranaense PR,Atletico Mineiro MG,2026-10-08T23:00:00+00:00,23.219,soccer.asian_handicap,period=ft,away,handicap=-1.25,1.31
2026-10-09T00:36:46.860695+02:00,36435235,Brasileiro Serie A,Brazil,CA Paranaense PR,Atletico Mineiro MG,2026-10-08T23:00:00+00:00,23.219,soccer.asian_handicap,period=ft,home,handicap=-1,3.1
2026-10-09T00:36:46.860695+02:00,36435235,Brasileiro Serie A,Brazil,CA Paranaense PR,Atletico Mineiro MG,2026-10-08T23:00:00+00:00,23.219,soccer.asian_handicap,period=ft,away,handicap=-1,1.39
2026-10-09T00:36:46.860695+02:00,36435235,Brasileiro Serie A,Brazil,CA Paranaense PR,Atletico Mineiro MG,2026-10-08T23:00:00+00:00,23.219,soccer.asian_handicap,period=ft,home,handicap=-0.75,2.4
2026-10-09T00:36:46.860695+02:00,36435235,Brasileiro Serie A,Brazil,CA Paranaense PR,Atletico Mineiro MG,2026-10-08T23:00:00+00:00,23.219,soccer.asian_handicap,period=ft,away,handicap=-0.75,1.59
2026-10-09T00:36:46.860695+02:00,36435235,Brasileiro Serie A,Brazil,CA Paranaense PR,Atletico Mineiro MG,2026-10-08T23:00:00+00:00,23.219,soccer.asian_handicap,period=ft,home,handicap=-0.25,1.78
2026-10-09T00:36:46.860695+02:00,36435235,Brasileiro Serie A,Brazil,CA Paranaense PR,Atletico Mineiro MG,2026-10-08T23:00:00+00:00,23.219,soccer.asian_handicap,period=ft,away,handicap=-0.25,2.08
2026-10-09T00:36:46.860695+02:00,36435235,Brasileiro Serie A,Brazil,CA Paranaense PR,Atletico Mineiro MG,2026-10-08T23:00:00+00:00,23.219,soccer.asian_handicap,period=ft,home,handicap=0,1.49
2026-10-09T00:36:46.860695+02:00,36435235,Brasileiro Serie A,Brazil,CA Paranaense PR,Atletico Mineiro MG,2026-10-08T23:00:00+00:00,23.219,soccer.asian_handicap,period=ft,away,handicap=0,2.7
2026-10-09T00:36:46.860695+02:00,36435235,Brasileiro Serie A,Brazil,CA Paranaense PR,Atletico Mineiro MG,2026-10-08T23:00:00+00:00,23.219,soccer.asian_handicap,period=ft,home,handicap=0.25,1.36
2026-10-09T00:36:46.860695+02:00,36435235,Brasileiro Serie A,Brazil,CA Paranaense PR,Atletico Mineiro MG,2026-10-08T23:00:00+00:00,23.219,soccer.asian_handicap,period=ft,away,handicap=0.25,3.15
2026-10-09T00:36:46.860695+02:00,36435235,Brasileiro Serie A,Brazil,CA Paranaense PR,Atletico Mineiro MG,2026-10-08T23:00:00+00:00,23.219,soccer.asian_handicap,period=ft,home,handicap=0.5,1.29
2026-10-09T00:36:46.860695+02:00,36435235,Brasileiro Serie A,Brazil,CA Paranaense PR,Atletico Mineiro MG,2026-10-08T23:00:00+00:00,23.219,soccer.asian_handicap,period=ft,away,handicap=0.5,3.7
2026-10-09T00:36:46.860695+02:00,36435235,Brasileiro Serie A,Brazil,CA Paranaense PR,Atletico Mineiro MG,2026-10-08T23:00:00+00:00,23.219,soccer.double_chance,period=ft,draw_away,,1.77
2026-10-09T00:36:46.860695+02:00,36435235,Brasileiro Serie A,Brazil,CA Paranaense PR,Atletico Mineiro MG,2026-10-08T23:00:00+00:00,23.219,soccer.double_chance,period=ft,home_away,,1.34
2026-10-09T00:36:46.860695+02:00,36435235,Brasileiro Serie A,Brazil,CA Paranaense PR,Atletico Mineiro MG,2026-10-08T23:00:00+00:00,23.219,soccer.double_chance,period=ft,home_draw,,1.29
2026-10-09T00:36:46.860695+02:00,36435235,Brasileiro Serie A,Brazil,CA Paranaense PR,Atletico Mineiro MG,2026-10-08T23:00:00+00:00,23.219,soccer.match_odds,period=ft,home,,2.08
2026-10-09T00:36:46.860695+02:00,36435235,Brasileiro Serie A,Brazil,CA Paranaense PR,Atletico Mineiro MG,2026-10-08T23:00:00+00:00,23.219,soccer.match_odds,period=ft,draw,,3.4
2026-10-09T00:36:46.860695+02:00,36435235,Brasileiro Serie A,Brazil,CA Paranaense PR,Atletico Mineiro MG,2026-10-08T23:00:00+00:00,23.219,soccer.match_odds,period=ft,away,,3.75
2026-10-09T00:36:46.860695+02:00,36435235,Brasileiro Serie A,Brazil,CA Paranaense PR,Atletico Mineiro MG,2026-10-08T23:00:00+00:00,23.219,soccer.total_goals,period=ft,over,total=2.5,1.92
2026-10-09T00:36:46.860695+02:00,36435235,Brasileiro Serie A,Brazil,CA Paranaense PR,Atletico Mineiro MG,2026-10-08T23:00:00+00:00,23.219,soccer.total_goals,period=ft,under,total=2.5,1.94
2026-10-09T00:36:46.860695+02:00,36435235,Brasileiro Serie A,Brazil,CA Paranaense PR,Atletico Mineiro MG,2026-10-08T23:00:00+00:00,23.219,soccer.total_goals,period=ft,over,total=1.5,1.27
2026-10-09T00:36:46.860695+02:00,36435235,Brasileiro Serie A,Brazil,CA Paranaense PR,Atletico Mineiro MG,2026-10-08T23:00:00+00:00,23.219,soccer.total_goals,period=ft,under,total=1.5,3.7
2026-10-09T00:36:46.860695+02:00,36435235,Brasileiro Serie A,Brazil,CA Paranaense PR,Atletico Mineiro MG,2026-10-08T23:00:00+00:00,23.219,soccer.total_goals,period=ft,over,total=2,1.43
2026-10-09T00:36:46.860695+02:00,36435235,Brasileiro Serie A,Brazil,CA Paranaense PR,Atletico Mineiro MG,2026-10-08T23:00:00+00:00,23.219,soccer.total_goals,period=ft,under,total=2,2.85
2026-10-09T00:36:46.860695+02:00,36435235,Brasileiro Serie A,Brazil,CA Paranaense PR,Atletico Mineiro MG,2026-10-08T23:00:00+00:00,23.219,soccer.total_goals,period=ft,over,total=2.25,1.67
2026-10-09T00:36:46.860695+02:00,36435235,Brasileiro Serie A,Brazil,CA Paranaense PR,Atletico Mineiro MG,2026-10-08T23:00:00+00:00,23.219,soccer.total_goals,period=ft,under,total=2.25,2.2
2026-10-09T00:36:46.860695+02:00,36435235,Brasileiro Serie A,Brazil,CA Paranaense PR,Atletico Mineiro MG,2026-10-08T23:00:00+00:00,23.219,soccer.total_goals,period=ft,over,total=2.75,2.15
2026-10-09T00:36:46.860695+02:00,36435235,Brasileiro Serie A,Brazil,CA Paranaense PR,Atletico Mineiro MG,2026-10-08T23:00:00+00:00,23.219,soccer.total_goals,period=ft,under,total=2.75,1.72
2026-10-09T00:36:46.860695+02:00,36435235,Brasileiro Serie A,Brazil,CA Paranaense PR,Atletico Mineiro MG,2026-10-08T23:00:00+00:00,23.219,soccer.total_goals,period=ft,over,total=3,2.6
2026-10-09T00:36:46.860695+02:00,36435235,Brasileiro Serie A,Brazil,CA Paranaense PR,Atletico Mineiro MG,2026-10-08T23:00:00+00:00,23.219,soccer.total_goals,period=ft,under,total=3,1.51
2026-10-09T00:36:46.860695+02:00,36435235,Brasileiro Serie A,Brazil,CA Paranaense PR,Atletico Mineiro MG,2026-10-08T23:00:00+00:00,23.219,soccer.total_goals,period=ft,over,total=3.5,3.25
2026-10-09T00:36:46.860695+02:00,36435235,Brasileiro Serie A,Brazil,CA Paranaense PR,Atletico Mineiro MG,2026-10-08T23:00:00+00:00,23.219,soccer.total_goals,period=ft,under,total=3.5,1.34
2026-10-09T00:36:46.860695+02:00,36435235,Brasileiro Serie A,Brazil,CA Paranaense PR,Atletico Mineiro MG,2026-10-08T23:00:00+00:00,23.219,soccer.total_goals,period=ft,over,total=4.5,6.5
2026-10-09T00:36:46.860695+02:00,36435235,Brasileiro Serie A,Brazil,CA Paranaense PR,Atletico Mineiro MG,2026-10-08T23:00:00+00:00,23.219,soccer.total_goals,period=ft,under,total=4.5,1.11
2026-10-09T00:38:44.452761+02:00,36626420,"Primera A, Clausura",Colombia,Atletico Nacional Medellin,CD Tolima,2026-10-08T23:05:00+00:00,26.2591,soccer.asian_handicap,period=ft,home,handicap=-0.75,1.9
2026-10-09T00:38:44.452761+02:00,36626420,"Primera A, Clausura",Colombia,Atletico Nacional Medellin,CD Tolima,2026-10-08T23:05:00+00:00,26.2591,soccer.asian_handicap,period=ft,away,handicap=-0.75,1.92
2026-10-09T00:38:44.452761+02:00,36626420,"Primera A, Clausura",Colombia,Atletico Nacional Medellin,CD Tolima,2026-10-08T23:05:00+00:00,26.2591,soccer.asian_handicap,period=ft,home,handicap=-1.75,3.6
2026-10-09T00:38:44.452761+02:00,36626420,"Primera A, Clausura",Colombia,Atletico Nacional Medellin,CD Tolima,2026-10-08T23:05:00+00:00,26.2591,soccer.asian_handicap,period=ft,away,handicap=-1.75,1.28
2026-10-09T00:38:44.452761+02:00,36626420,"Primera A, Clausura",Colombia,Atletico Nacional Medellin,CD Tolima,2026-10-08T23:05:00+00:00,26.2591,soccer.asian_handicap,period=ft,home,handicap=-1.5,2.9
2026-10-09T00:38:44.452761+02:00,36626420,"Primera A, Clausura",Colombia,Atletico Nacional Medellin,CD Tolima,2026-10-08T23:05:00+00:00,26.2591,soccer.asian_handicap,period=ft,away,handicap=-1.5,1.4
2026-10-09T00:38:44.452761+02:00,36626420,"Primera A, Clausura",Colombia,Atletico Nacional Medellin,CD Tolima,2026-10-08T23:05:00+00:00,26.2591,soccer.asian_handicap,period=ft,home,handicap=-1.25,2.55
2026-10-09T00:38:44.452761+02:00,36626420,"Primera A, Clausura",Colombia,Atletico Nacional Medellin,CD Tolima,2026-10-08T23:05:00+00:00,26.2591,soccer.asian_handicap,period=ft,away,handicap=-1.25,1.5
2026-10-09T00:38:44.452761+02:00,36626420,"Primera A, Clausura",Colombia,Atletico Nacional Medellin,CD Tolima,2026-10-08T23:05:00+00:00,26.2591,soccer.asian_handicap,period=ft,home,handicap=-1,2.2
2026-10-09T00:38:44.452761+02:00,36626420,"Primera A, Clausura",Colombia,Atletico Nacional Medellin,CD Tolima,2026-10-08T23:05:00+00:00,26.2591,soccer.asian_handicap,period=ft,away,handicap=-1,1.65
2026-10-09T00:38:44.452761+02:00,36626420,"Primera A, Clausura",Colombia,Atletico Nacional Medellin,CD Tolima,2026-10-08T23:05:00+00:00,26.2591,soccer.asian_handicap,period=ft,home,handicap=-0.5,1.69
2026-10-09T00:38:44.452761+02:00,36626420,"Primera A, Clausura",Colombia,Atletico Nacional Medellin,CD Tolima,2026-10-08T23:05:00+00:00,26.2591,soccer.asian_handicap,period=ft,away,handicap=-0.5,2.17
2026-10-09T00:38:44.452761+02:00,36626420,"Primera A, Clausura",Colombia,Atletico Nacional Medellin,CD Tolima,2026-10-08T23:05:00+00:00,26.2591,soccer.asian_handicap,period=ft,home,handicap=-0.25,1.47
2026-10-09T00:38:44.452761+02:00,36626420,"Primera A, Clausura",Colombia,Atletico Nacional Medellin,CD Tolima,2026-10-08T23:05:00+00:00,26.2591,soccer.asian_handicap,period=ft,away,handicap=-0.25,2.65
2026-10-09T00:38:44.452761+02:00,36626420,"Primera A, Clausura",Colombia,Atletico Nacional Medellin,CD Tolima,2026-10-08T23:05:00+00:00,26.2591,soccer.asian_handicap,period=ft,home,handicap=0,1.25
2026-10-09T00:38:44.452761+02:00,36626420,"Primera A, Clausura",Colombia,Atletico Nacional Medellin,CD Tolima,2026-10-08T23:05:00+00:00,26.2591,soccer.asian_handicap,period=ft,away,handicap=0,3.9
2026-10-09T00:38:44.452761+02:00,36626420,"Primera A, Clausura",Colombia,Atletico Nacional Medellin,CD Tolima,2026-10-08T23:05:00+00:00,26.2591,soccer.asian_handicap,period=ft,home,handicap=0.25,1.19
2026-10-09T00:38:44.452761+02:00,36626420,"Primera A, Clausura",Colombia,Atletico Nacional Medellin,CD Tolima,2026-10-08T23:05:00+00:00,26.2591,soccer.asian_handicap,period=ft,away,handicap=0.25,4.55
2026-10-09T00:38:44.452761+02:00,36626420,"Primera A, Clausura",Colombia,Atletico Nacional Medellin,CD Tolima,2026-10-08T23:05:00+00:00,26.2591,soccer.double_chance,period=ft,draw_away,,2.08
2026-10-09T00:38:44.452761+02:00,36626420,"Primera A, Clausura",Colombia,Atletico Nacional Medellin,CD Tolima,2026-10-08T23:05:00+00:00,26.2591,soccer.double_chance,period=ft,home_away,,1.27
2026-10-09T00:38:44.452761+02:00,36626420,"Primera A, Clausura",Colombia,Atletico Nacional Medellin,CD Tolima,2026-10-08T23:05:00+00:00,26.2591,soccer.double_chance,period=ft,home_draw,,1.2
2026-10-09T00:38:44.452761+02:00,36626420,"Primera A, Clausura",Colombia,Atletico Nacional Medellin,CD Tolima,2026-10-08T23:05:00+00:00,26.2591,soccer.match_odds,period=ft,home,,1.69
2026-10-09T00:38:44.452761+02:00,36626420,"Primera A, Clausura",Colombia,Atletico Nacional Medellin,CD Tolima,2026-10-08T23:05:00+00:00,26.2591,soccer.match_odds,period=ft,draw,,3.55
2026-10-09T00:38:44.452761+02:00,36626420,"Primera A, Clausura",Colombia,Atletico Nacional Medellin,CD Tolima,2026-10-08T23:05:00+00:00,26.2591,soccer.match_odds,period=ft,away,,5.25
2026-10-09T00:38:44.452761+02:00,36626420,"Primera A, Clausura",Colombia,Atletico Nacional Medellin,CD Tolima,2026-10-08T23:05:00+00:00,26.2591,soccer.total_goals,period=ft,over,total=2.5,1.86
2026-10-09T00:38:44.452761+02:00,36626420,"Primera A, Clausura",Colombia,Atletico Nacional Medellin,CD Tolima,2026-10-08T23:05:00+00:00,26.2591,soccer.total_goals,period=ft,under,total=2.5,1.94
2026-10-09T00:38:44.452761+02:00,36626420,"Primera A, Clausura",Colombia,Atletico Nacional Medellin,CD Tolima,2026-10-08T23:05:00+00:00,26.2591,soccer.total_goals,period=ft,over,total=1.5,1.26
2026-10-09T00:38:44.452761+02:00,36626420,"Primera A, Clausura",Colombia,Atletico Nacional Medellin,CD Tolima,2026-10-08T23:05:00+00:00,26.2591,soccer.total_goals,period=ft,under,total=1.5,3.7
2026-10-09T00:38:44.452761+02:00,36626420,"Primera A, Clausura",Colombia,Atletico Nacional Medellin,CD Tolima,2026-10-08T23:05:00+00:00,26.2591,soccer.total_goals,period=ft,over,total=2,1.4
2026-10-09T00:38:44.452761+02:00,36626420,"Primera A, Clausura",Colombia,Atletico Nacional Medellin,CD Tolima,2026-10-08T23:05:00+00:00,26.2591,soccer.total_goals,period=ft,under,total=2,2.85
2026-10-09T00:38:44.452761+02:00,36626420,"Primera A, Clausura",Colombia,Atletico Nacional Medellin,CD Tolima,2026-10-08T23:05:00+00:00,26.2591,soccer.total_goals,period=ft,over,total=2.25,1.63
2026-10-09T00:38:44.452761+02:00,36626420,"Primera A, Clausura",Colombia,Atletico Nacional Medellin,CD Tolima,2026-10-08T23:05:00+00:00,26.2591,soccer.total_goals,period=ft,under,total=2.25,2.25
2026-10-09T00:38:44.452761+02:00,36626420,"Primera A, Clausura",Colombia,Atletico Nacional Medellin,CD Tolima,2026-10-08T23:05:00+00:00,26.2591,soccer.total_goals,period=ft,over,total=2.75,2.09
2026-10-09T00:38:44.452761+02:00,36626420,"Primera A, Clausura",Colombia,Atletico Nacional Medellin,CD Tolima,2026-10-08T23:05:00+00:00,26.2591,soccer.total_goals,period=ft,under,total=2.75,1.73
2026-10-09T00:38:44.452761+02:00,36626420,"Primera A, Clausura",Colombia,Atletico Nacional Medellin,CD Tolima,2026-10-08T23:05:00+00:00,26.2591,soccer.total_goals,period=ft,over,total=3,2.5
2026-10-09T00:38:44.452761+02:00,36626420,"Primera A, Clausura",Colombia,Atletico Nacional Medellin,CD Tolima,2026-10-08T23:05:00+00:00,26.2591,soccer.total_goals,period=ft,under,total=3,1.52
2026-10-09T00:38:44.452761+02:00,36626420,"Primera A, Clausura",Colombia,Atletico Nacional Medellin,CD Tolima,2026-10-08T23:05:00+00:00,26.2591,soccer.total_goals,period=ft,over,total=3.5,3.1
2026-10-09T00:38:44.452761+02:00,36626420,"Primera A, Clausura",Colombia,Atletico Nacional Medellin,CD Tolima,2026-10-08T23:05:00+00:00,26.2591,soccer.total_goals,period=ft,under,total=3.5,1.34
2026-10-09T00:38:44.452761+02:00,36626420,"Primera A, Clausura",Colombia,Atletico Nacional Medellin,CD Tolima,2026-10-08T23:05:00+00:00,26.2591,soccer.total_goals,period=ft,over,total=4.5,6.25
2026-10-09T00:38:44.452761+02:00,36626420,"Primera A, Clausura",Colombia,Atletico Nacional Medellin,CD Tolima,2026-10-08T23:05:00+00:00,26.2591,soccer.total_goals,period=ft,under,total=4.5,1.11
2026-10-09T00:38:44.452761+02:00,36435235,Brasileiro Serie A,Brazil,CA Paranaense PR,Atletico Mineiro MG,2026-10-08T23:00:00+00:00,21.2591,soccer.asian_handicap,period=ft,home,handicap=-0.5,2.09
2026-10-09T00:38:44.452761+02:00,36435235,Brasileiro Serie A,Brazil,CA Paranaense PR,Atletico Mineiro MG,2026-10-08T23:00:00+00:00,21.2591,soccer.asian_handicap,period=ft,away,handicap=-0.5,1.8
2026-10-09T00:38:44.452761+02:00,36435235,Brasileiro Serie A,Brazil,CA Paranaense PR,Atletico Mineiro MG,2026-10-08T23:00:00+00:00,21.2591,soccer.asian_handicap,period=ft,home,handicap=-1.5,3.95
2026-10-09T00:38:44.452761+02:00,36435235,Brasileiro Serie A,Brazil,CA Paranaense PR,Atletico Mineiro MG,2026-10-08T23:00:00+00:00,21.2591,soccer.asian_handicap,period=ft,away,handicap=-1.5,1.26
2026-10-09T00:38:44.452761+02:00,36435235,Brasileiro Serie A,Brazil,CA Paranaense PR,Atletico Mineiro MG,2026-10-08T23:00:00+00:00,21.2591,soccer.asian_handicap,period=ft,home,handicap=-1.25,3.5
2026-10-09T00:38:44.452761+02:00,36435235,Brasileiro Serie A,Brazil,CA Paranaense PR,Atletico Mineiro MG,2026-10-08T23:00:00+00:00,21.2591,soccer.asian_handicap,period=ft,away,handicap=-1.25,1.31
2026-10-09T00:38:44.452761+02:00,36435235,Brasileiro Serie A,Brazil,CA Paranaense PR,Atletico Mineiro MG,2026-10-08T23:00:00+00:00,21.2591,soccer.asian_handicap,period=ft,home,handicap=-1,3.1
2026-10-09T00:38:44.452761+02:00,36435235,Brasileiro Serie A,Brazil,CA Paranaense PR,Atletico Mineiro MG,2026-10-08T23:00:00+00:00,21.2591,soccer.asian_handicap,period=ft,away,handicap=-1,1.39
2026-10-09T00:38:44.452761+02:00,36435235,Brasileiro Serie A,Brazil,CA Paranaense PR,Atletico Mineiro MG,2026-10-08T23:00:00+00:00,21.2591,soccer.asian_handicap,period=ft,home,handicap=-0.75,2.4
2026-10-09T00:38:44.452761+02:00,36435235,Brasileiro Serie A,Brazil,CA Paranaense PR,Atletico Mineiro MG,2026-10-08T23:00:00+00:00,21.2591,soccer.asian_handicap,period=ft,away,handicap=-0.75,1.59
2026-10-09T00:38:44.452761+02:00,36435235,Brasileiro Serie A,Brazil,CA Paranaense PR,Atletico Mineiro MG,2026-10-08T23:00:00+00:00,21.2591,soccer.asian_handicap,period=ft,home,handicap=-0.25,1.78
2026-10-09T00:38:44.452761+02:00,36435235,Brasileiro Serie A,Brazil,CA Paranaense PR,Atletico Mineiro MG,2026-10-08T23:00:00+00:00,21.2591,soccer.asian_handicap,period=ft,away,handicap=-0.25,2.08
2026-10-09T00:38:44.452761+02:00,36435235,Brasileiro Serie A,Brazil,CA Paranaense PR,Atletico Mineiro MG,2026-10-08T23:00:00+00:00,21.2591,soccer.asian_handicap,period=ft,home,handicap=0,1.49
2026-10-09T00:38:44.452761+02:00,36435235,Brasileiro Serie A,Brazil,CA Paranaense PR,Atletico Mineiro MG,2026-10-08T23:00:00+00:00,21.2591,soccer.asian_handicap,period=ft,away,handicap=0,2.7
2026-10-09T00:38:44.452761+02:00,36435235,Brasileiro Serie A,Brazil,CA Paranaense PR,Atletico Mineiro MG,2026-10-08T23:00:00+00:00,21.2591,soccer.asian_handicap,period=ft,home,handicap=0.25,1.36
2026-10-09T00:38:44.452761+02:00,36435235,Brasileiro Serie A,Brazil,CA Paranaense PR,Atletico Mineiro MG,2026-10-08T23:00:00+00:00,21.2591,soccer.asian_handicap,period=ft,away,handicap=0.25,3.15
2026-10-09T00:38:44.452761+02:00,36435235,Brasileiro Serie A,Brazil,CA Paranaense PR,Atletico Mineiro MG,2026-10-08T23:00:00+00:00,21.2591,soccer.asian_handicap,period=ft,home,handicap=0.5,1.29
2026-10-09T00:38:44.452761+02:00,36435235,Brasileiro Serie A,Brazil,CA Paranaense PR,Atletico Mineiro MG,2026-10-08T23:00:00+00:00,21.2591,soccer.asian_handicap,period=ft,away,handicap=0.5,3.7
2026-10-09T00:38:44.452761+02:00,36435235,Brasileiro Serie A,Brazil,CA Paranaense PR,Atletico Mineiro MG,2026-10-08T23:00:00+00:00,21.2591,soccer.double_chance,period=ft,draw_away,,1.77
2026-10-09T00:38:44.452761+02:00,36435235,Brasileiro Serie A,Brazil,CA Paranaense PR,Atletico Mineiro MG,2026-10-08T23:00:00+00:00,21.2591,soccer.double_chance,period=ft,home_away,,1.34
2026-10-09T00:38:44.452761+02:00,36435235,Brasileiro Serie A,Brazil,CA Paranaense PR,Atletico Mineiro MG,2026-10-08T23:00:00+00:00,21.2591,soccer.double_chance,period=ft,home_draw,,1.29
2026-10-09T00:38:44.452761+02:00,36435235,Brasileiro Serie A,Brazil,CA Paranaense PR,Atletico Mineiro MG,2026-10-08T23:00:00+00:00,21.2591,soccer.match_odds,period=ft,home,,2.08
2026-10-09T00:38:44.452761+02:00,36435235,Brasileiro Serie A,Brazil,CA Paranaense PR,Atletico Mineiro MG,2026-10-08T23:00:00+00:00,21.2591,soccer.match_odds,period=ft,draw,,3.4
2026-10-09T00:38:44.452761+02:00,36435235,Brasileiro Serie A,Brazil,CA Paranaense PR,Atletico Mineiro MG,2026-10-08T23:00:00+00:00,21.2591,soccer.match_odds,period=ft,away,,3.75
2026-10-09T00:38:44.452761+02:00,36435235,Brasileiro Serie A,Brazil,CA Paranaense PR,Atletico Mineiro MG,2026-10-08T23:00:00+00:00,21.2591,soccer.total_goals,period=ft,over,total=2.5,1.92
2026-10-09T00:38:44.452761+02:00,36435235,Brasileiro Serie A,Brazil,CA Paranaense PR,Atletico Mineiro MG,2026-10-08T23:00:00+00:00,21.2591,soccer.total_goals,period=ft,under,total=2.5,1.94
2026-10-09T00:38:44.452761+02:00,36435235,Brasileiro Serie A,Brazil,CA Paranaense PR,Atletico Mineiro MG,2026-10-08T23:00:00+00:00,21.2591,soccer.total_goals,period=ft,over,total=1.5,1.27
2026-10-09T00:38:44.452761+02:00,36435235,Brasileiro Serie A,Brazil,CA Paranaense PR,Atletico Mineiro MG,2026-10-08T23:00:00+00:00,21.2591,soccer.total_goals,period=ft,under,total=1.5,3.7
2026-10-09T00:38:44.452761+02:00,36435235,Brasileiro Serie A,Brazil,CA Paranaense PR,Atletico Mineiro MG,2026-10-08T23:00:00+00:00,21.2591,soccer.total_goals,period=ft,over,total=2,1.43
2026-10-09T00:38:44.452761+02:00,36435235,Brasileiro Serie A,Brazil,CA Paranaense PR,Atletico Mineiro MG,2026-10-08T23:00:00+00:00,21.2591,soccer.total_goals,period=ft,under,total=2,2.85
2026-10-09T00:38:44.452761+02:00,36435235,Brasileiro Serie A,Brazil,CA Paranaense PR,Atletico Mineiro MG,2026-10-08T23:00:00+00:00,21.2591,soccer.total_goals,period=ft,over,total=2.25,1.67
2026-10-09T00:38:44.452761+02:00,36435235,Brasileiro Serie A,Brazil,CA Paranaense PR,Atletico Mineiro MG,2026-10-08T23:00:00+00:00,21.2591,soccer.total_goals,period=ft,under,total=2.25,2.2
2026-10-09T00:38:44.452761+02:00,36435235,Brasileiro Serie A,Brazil,CA Paranaense PR,Atletico Mineiro MG,2026-10-08T23:00:00+00:00,21.2591,soccer.total_goals,period=ft,over,total=2.75,2.15
2026-10-09T00:38:44.452761+02:00,36435235,Brasileiro Serie A,Brazil,CA Paranaense PR,Atletico Mineiro MG,2026-10-08T23:00:00+00:00,21.2591,soccer.total_goals,period=ft,under,total=2.75,1.72
2026-10-09T00:38:44.452761+02:00,36435235,Brasileiro Serie A,Brazil,CA Paranaense PR,Atletico Mineiro MG,2026-10-08T23:00:00+00:00,21.2591,soccer.total_goals,period=ft,over,total=3,2.6
2026-10-09T00:38:44.452761+02:00,36435235,Brasileiro Serie A,Brazil,CA Paranaense PR,Atletico Mineiro MG,2026-10-08T23:00:00+00:00,21.2591,soccer.total_goals,period=ft,under,total=3,1.51
2026-10-09T00:38:44.452761+02:00,36435235,Brasileiro Serie A,Brazil,CA Paranaense PR,Atletico Mineiro MG,2026-10-08T23:00:00+00:00,21.2591,soccer.total_goals,period=ft,over,total=3.5,3.25
2026-10-09T00:38:44.452761+02:00,36435235,Brasileiro Serie A,Brazil,CA Paranaense PR,Atletico Mineiro MG,2026-10-08T23:00:00+00:00,21.2591,soccer.total_goals,period=ft,under,total=3.5,1.34
2026-10-09T00:38:44.452761+02:00,36435235,Brasileiro Serie A,Brazil,CA Paranaense PR,Atletico Mineiro MG,2026-10-08T23:00:00+00:00,21.2591,soccer.total_goals,period=ft,over,total=4.5,6.5
2026-10-09T00:38:44.452761+02:00,36435235,Brasileiro Serie A,Brazil,CA Paranaense PR,Atletico Mineiro MG,2026-10-08T23:00:00+00:00,21.2591,soccer.total_goals,period=ft,under,total=4.5,1.11
2026-10-09T00:40:58.404092+02:00,36626420,"Primera A, Clausura",Colombia,Atletico Nacional Medellin,CD Tolima,2026-10-08T23:05:00+00:00,24.0266,soccer.asian_handicap,period=ft,home,handicap=-0.75,1.9
2026-10-09T00:40:58.404092+02:00,36626420,"Primera A, Clausura",Colombia,Atletico Nacional Medellin,CD Tolima,2026-10-08T23:05:00+00:00,24.0266,soccer.asian_handicap,period=ft,away,handicap=-0.75,1.92
2026-10-09T00:40:58.404092+02:00,36626420,"Primera A, Clausura",Colombia,Atletico Nacional Medellin,CD Tolima,2026-10-08T23:05:00+00:00,24.0266,soccer.asian_handicap,period=ft,home,handicap=-1.75,3.6
2026-10-09T00:40:58.404092+02:00,36626420,"Primera A, Clausura",Colombia,Atletico Nacional Medellin,CD Tolima,2026-10-08T23:05:00+00:00,24.0266,soccer.asian_handicap,period=ft,away,handicap=-1.75,1.28
2026-10-09T00:40:58.404092+02:00,36626420,"Primera A, Clausura",Colombia,Atletico Nacional Medellin,CD Tolima,2026-10-08T23:05:00+00:00,24.0266,soccer.asian_handicap,period=ft,home,handicap=-1.5,2.9
2026-10-09T00:40:58.404092+02:00,36626420,"Primera A, Clausura",Colombia,Atletico Nacional Medellin,CD Tolima,2026-10-08T23:05:00+00:00,24.0266,soccer.asian_handicap,period=ft,away,handicap=-1.5,1.4
2026-10-09T00:40:58.404092+02:00,36626420,"Primera A, Clausura",Colombia,Atletico Nacional Medellin,CD Tolima,2026-10-08T23:05:00+00:00,24.0266,soccer.asian_handicap,period=ft,home,handicap=-1.25,2.55
2026-10-09T00:40:58.404092+02:00,36626420,"Primera A, Clausura",Colombia,Atletico Nacional Medellin,CD Tolima,2026-10-08T23:05:00+00:00,24.0266,soccer.asian_handicap,period=ft,away,handicap=-1.25,1.5
2026-10-09T00:40:58.404092+02:00,36626420,"Primera A, Clausura",Colombia,Atletico Nacional Medellin,CD Tolima,2026-10-08T23:05:00+00:00,24.0266,soccer.asian_handicap,period=ft,home,handicap=-1,2.2
2026-10-09T00:40:58.404092+02:00,36626420,"Primera A, Clausura",Colombia,Atletico Nacional Medellin,CD Tolima,2026-10-08T23:05:00+00:00,24.0266,soccer.asian_handicap,period=ft,away,handicap=-1,1.65
2026-10-09T00:40:58.404092+02:00,36626420,"Primera A, Clausura",Colombia,Atletico Nacional Medellin,CD Tolima,2026-10-08T23:05:00+00:00,24.0266,soccer.asian_handicap,period=ft,home,handicap=-0.5,1.69
2026-10-09T00:40:58.404092+02:00,36626420,"Primera A, Clausura",Colombia,Atletico Nacional Medellin,CD Tolima,2026-10-08T23:05:00+00:00,24.0266,soccer.asian_handicap,period=ft,away,handicap=-0.5,2.17
2026-10-09T00:40:58.404092+02:00,36626420,"Primera A, Clausura",Colombia,Atletico Nacional Medellin,CD Tolima,2026-10-08T23:05:00+00:00,24.0266,soccer.asian_handicap,period=ft,home,handicap=-0.25,1.47
2026-10-09T00:40:58.404092+02:00,36626420,"Primera A, Clausura",Colombia,Atletico Nacional Medellin,CD Tolima,2026-10-08T23:05:00+00:00,24.0266,soccer.asian_handicap,period=ft,away,handicap=-0.25,2.65
2026-10-09T00:40:58.404092+02:00,36626420,"Primera A, Clausura",Colombia,Atletico Nacional Medellin,CD Tolima,2026-10-08T23:05:00+00:00,24.0266,soccer.asian_handicap,period=ft,home,handicap=0,1.25
2026-10-09T00:40:58.404092+02:00,36626420,"Primera A, Clausura",Colombia,Atletico Nacional Medellin,CD Tolima,2026-10-08T23:05:00+00:00,24.0266,soccer.asian_handicap,period=ft,away,handicap=0,3.9
2026-10-09T00:40:58.404092+02:00,36626420,"Primera A, Clausura",Colombia,Atletico Nacional Medellin,CD Tolima,2026-10-08T23:05:00+00:00,24.0266,soccer.asian_handicap,period=ft,home,handicap=0.25,1.19
2026-10-09T00:40:58.404092+02:00,36626420,"Primera A, Clausura",Colombia,Atletico Nacional Medellin,CD Tolima,2026-10-08T23:05:00+00:00,24.0266,soccer.asian_handicap,period=ft,away,handicap=0.25,4.55
2026-10-09T00:40:58.404092+02:00,36626420,"Primera A, Clausura",Colombia,Atletico Nacional Medellin,CD Tolima,2026-10-08T23:05:00+00:00,24.0266,soccer.double_chance,period=ft,draw_away,,2.08
2026-10-09T00:40:58.404092+02:00,36626420,"Primera A, Clausura",Colombia,Atletico Nacional Medellin,CD Tolima,2026-10-08T23:05:00+00:00,24.0266,soccer.double_chance,period=ft,home_away,,1.27
2026-10-09T00:40:58.404092+02:00,36626420,"Primera A, Clausura",Colombia,Atletico Nacional Medellin,CD Tolima,2026-10-08T23:05:00+00:00,24.0266,soccer.double_chance,period=ft,home_draw,,1.2
2026-10-09T00:40:58.404092+02:00,36626420,"Primera A, Clausura",Colombia,Atletico Nacional Medellin,CD Tolima,2026-10-08T23:05:00+00:00,24.0266,soccer.match_odds,period=ft,home,,1.69
2026-10-09T00:40:58.404092+02:00,36626420,"Primera A, Clausura",Colombia,Atletico Nacional Medellin,CD Tolima,2026-10-08T23:05:00+00:00,24.0266,soccer.match_odds,period=ft,draw,,3.55
2026-10-09T00:40:58.404092+02:00,36626420,"Primera A, Clausura",Colombia,Atletico Nacional Medellin,CD Tolima,2026-10-08T23:05:00+00:00,24.0266,soccer.match_odds,period=ft,away,,5.25
2026-10-09T00:40:58.404092+02:00,36626420,"Primera A, Clausura",Colombia,Atletico Nacional Medellin,CD Tolima,2026-10-08T23:05:00+00:00,24.0266,soccer.total_goals,period=ft,over,total=2.5,1.86
2026-10-09T00:40:58.404092+02:00,36626420,"Primera A, Clausura",Colombia,Atletico Nacional Medellin,CD Tolima,2026-10-08T23:05:00+00:00,24.0266,soccer.total_goals,period=ft,under,total=2.5,1.94
2026-10-09T00:40:58.404092+02:00,36626420,"Primera A, Clausura",Colombia,Atletico Nacional Medellin,CD Tolima,2026-10-08T23:05:00+00:00,24.0266,soccer.total_goals,period=ft,over,total=1.5,1.26
2026-10-09T00:40:58.404092+02:00,36626420,"Primera A, Clausura",Colombia,Atletico Nacional Medellin,CD Tolima,2026-10-08T23:05:00+00:00,24.0266,soccer.total_goals,period=ft,under,total=1.5,3.7
2026-10-09T00:40:58.404092+02:00,36626420,"Primera A, Clausura",Colombia,Atletico Nacional Medellin,CD Tolima,2026-10-08T23:05:00+00:00,24.0266,soccer.total_goals,period=ft,over,total=2,1.4
2026-10-09T00:40:58.404092+02:00,36626420,"Primera A, Clausura",Colombia,Atletico Nacional Medellin,CD Tolima,2026-10-08T23:05:00+00:00,24.0266,soccer.total_goals,period=ft,under,total=2,2.85
2026-10-09T00:40:58.404092+02:00,36626420,"Primera A, Clausura",Colombia,Atletico Nacional Medellin,CD Tolima,2026-10-08T23:05:00+00:00,24.0266,soccer.total_goals,period=ft,over,total=2.25,1.63
2026-10-09T00:40:58.404092+02:00,36626420,"Primera A, Clausura",Colombia,Atletico Nacional Medellin,CD Tolima,2026-10-08T23:05:00+00:00,24.0266,soccer.total_goals,period=ft,under,total=2.25,2.25
2026-10-09T00:40:58.404092+02:00,36626420,"Primera A, Clausura",Colombia,Atletico Nacional Medellin,CD Tolima,2026-10-08T23:05:00+00:00,24.0266,soccer.total_goals,period=ft,over,total=2.75,2.09
2026-10-09T00:40:58.404092+02:00,36626420,"Primera A, Clausura",Colombia,Atletico Nacional Medellin,CD Tolima,2026-10-08T23:05:00+00:00,24.0266,soccer.total_goals,period=ft,under,total=2.75,1.73
2026-10-09T00:40:58.404092+02:00,36626420,"Primera A, Clausura",Colombia,Atletico Nacional Medellin,CD Tolima,2026-10-08T23:05:00+00:00,24.0266,soccer.total_goals,period=ft,over,total=3,2.5
2026-10-09T00:40:58.404092+02:00,36626420,"Primera A, Clausura",Colombia,Atletico Nacional Medellin,CD Tolima,2026-10-08T23:05:00+00:00,24.0266,soccer.total_goals,period=ft,under,total=3,1.52
2026-10-09T00:40:58.404092+02:00,36626420,"Primera A, Clausura",Colombia,Atletico Nacional Medellin,CD Tolima,2026-10-08T23:05:00+00:00,24.0266,soccer.total_goals,period=ft,over,total=3.5,3.1
2026-10-09T00:40:58.404092+02:00,36626420,"Primera A, Clausura",Colombia,Atletico Nacional Medellin,CD Tolima,2026-10-08T23:05:00+00:00,24.0266,soccer.total_goals,period=ft,under,total=3.5,1.34
2026-10-09T00:40:58.404092+02:00,36626420,"Primera A, Clausura",Colombia,Atletico Nacional Medellin,CD Tolima,2026-10-08T23:05:00+00:00,24.0266,soccer.total_goals,period=ft,over,total=4.5,6.25
2026-10-09T00:40:58.404092+02:00,36626420,"Primera A, Clausura",Colombia,Atletico Nacional Medellin,CD Tolima,2026-10-08T23:05:00+00:00,24.0266,soccer.total_goals,period=ft,under,total=4.5,1.11
2026-10-09T00:40:58.404092+02:00,36435235,Brasileiro Serie A,Brazil,CA Paranaense PR,Atletico Mineiro MG,2026-10-08T23:00:00+00:00,19.0266,soccer.asian_handicap,period=ft,home,handicap=-0.5,2.09
2026-10-09T00:40:58.404092+02:00,36435235,Brasileiro Serie A,Brazil,CA Paranaense PR,Atletico Mineiro MG,2026-10-08T23:00:00+00:00,19.0266,soccer.asian_handicap,period=ft,away,handicap=-0.5,1.8
2026-10-09T00:40:58.404092+02:00,36435235,Brasileiro Serie A,Brazil,CA Paranaense PR,Atletico Mineiro MG,2026-10-08T23:00:00+00:00,19.0266,soccer.asian_handicap,period=ft,home,handicap=-1.5,3.95
2026-10-09T00:40:58.404092+02:00,36435235,Brasileiro Serie A,Brazil,CA Paranaense PR,Atletico Mineiro MG,2026-10-08T23:00:00+00:00,19.0266,soccer.asian_handicap,period=ft,away,handicap=-1.5,1.26
2026-10-09T00:40:58.404092+02:00,36435235,Brasileiro Serie A,Brazil,CA Paranaense PR,Atletico Mineiro MG,2026-10-08T23:00:00+00:00,19.0266,soccer.asian_handicap,period=ft,home,handicap=-1.25,3.5
2026-10-09T00:40:58.404092+02:00,36435235,Brasileiro Serie A,Brazil,CA Paranaense PR,Atletico Mineiro MG,2026-10-08T23:00:00+00:00,19.0266,soccer.asian_handicap,period=ft,away,handicap=-1.25,1.31
2026-10-09T00:40:58.404092+02:00,36435235,Brasileiro Serie A,Brazil,CA Paranaense PR,Atletico Mineiro MG,2026-10-08T23:00:00+00:00,19.0266,soccer.asian_handicap,period=ft,home,handicap=-1,3.1
2026-10-09T00:40:58.404092+02:00,36435235,Brasileiro Serie A,Brazil,CA Paranaense PR,Atletico Mineiro MG,2026-10-08T23:00:00+00:00,19.0266,soccer.asian_handicap,period=ft,away,handicap=-1,1.39
2026-10-09T00:40:58.404092+02:00,36435235,Brasileiro Serie A,Brazil,CA Paranaense PR,Atletico Mineiro MG,2026-10-08T23:00:00+00:00,19.0266,soccer.asian_handicap,period=ft,home,handicap=-0.75,2.4
2026-10-09T00:40:58.404092+02:00,36435235,Brasileiro Serie A,Brazil,CA Paranaense PR,Atletico Mineiro MG,2026-10-08T23:00:00+00:00,19.0266,soccer.asian_handicap,period=ft,away,handicap=-0.75,1.59
2026-10-09T00:40:58.404092+02:00,36435235,Brasileiro Serie A,Brazil,CA Paranaense PR,Atletico Mineiro MG,2026-10-08T23:00:00+00:00,19.0266,soccer.asian_handicap,period=ft,home,handicap=-0.25,1.78
2026-10-09T00:40:58.404092+02:00,36435235,Brasileiro Serie A,Brazil,CA Paranaense PR,Atletico Mineiro MG,2026-10-08T23:00:00+00:00,19.0266,soccer.asian_handicap,period=ft,away,handicap=-0.25,2.08
2026-10-09T00:40:58.404092+02:00,36435235,Brasileiro Serie A,Brazil,CA Paranaense PR,Atletico Mineiro MG,2026-10-08T23:00:00+00:00,19.0266,soccer.asian_handicap,period=ft,home,handicap=0,1.49
2026-10-09T00:40:58.404092+02:00,36435235,Brasileiro Serie A,Brazil,CA Paranaense PR,Atletico Mineiro MG,2026-10-08T23:00:00+00:00,19.0266,soccer.asian_handicap,period=ft,away,handicap=0,2.7
2026-10-09T00:40:58.404092+02:00,36435235,Brasileiro Serie A,Brazil,CA Paranaense PR,Atletico Mineiro MG,2026-10-08T23:00:00+00:00,19.0266,soccer.asian_handicap,period=ft,home,handicap=0.25,1.36
2026-10-09T00:40:58.404092+02:00,36435235,Brasileiro Serie A,Brazil,CA Paranaense PR,Atletico Mineiro MG,2026-10-08T23:00:00+00:00,19.0266,soccer.asian_handicap,period=ft,away,handicap=0.25,3.15
2026-10-09T00:40:58.404092+02:00,36435235,Brasileiro Serie A,Brazil,CA Paranaense PR,Atletico Mineiro MG,2026-10-08T23:00:00+00:00,19.0266,soccer.asian_handicap,period=ft,home,handicap=0.5,1.29
2026-10-09T00:40:58.404092+02:00,36435235,Brasileiro Serie A,Brazil,CA Paranaense PR,Atletico Mineiro MG,2026-10-08T23:00:00+00:00,19.0266,soccer.asian_handicap,period=ft,away,handicap=0.5,3.7
2026-10-09T00:40:58.404092+02:00,36435235,Brasileiro Serie A,Brazil,CA Paranaense PR,Atletico Mineiro MG,2026-10-08T23:00:00+00:00,19.0266,soccer.double_chance,period=ft,draw_away,,1.77
2026-10-09T00:40:58.404092+02:00,36435235,Brasileiro Serie A,Brazil,CA Paranaense PR,Atletico Mineiro MG,2026-10-08T23:00:00+00:00,19.0266,soccer.double_chance,period=ft,home_away,,1.34
2026-10-09T00:40:58.404092+02:00,36435235,Brasileiro Serie A,Brazil,CA Paranaense PR,Atletico Mineiro MG,2026-10-08T23:00:00+00:00,19.0266,soccer.double_chance,period=ft,home_draw,,1.29
2026-10-09T00:40:58.404092+02:00,36435235,Brasileiro Serie A,Brazil,CA Paranaense PR,Atletico Mineiro MG,2026-10-08T23:00:00+00:00,19.0266,soccer.match_odds,period=ft,home,,2.08
2026-10-09T00:40:58.404092+02:00,36435235,Brasileiro Serie A,Brazil,CA Paranaense PR,Atletico Mineiro MG,2026-10-08T23:00:00+00:00,19.0266,soccer.match_odds,period=ft,draw,,3.4
2026-10-09T00:40:58.404092+02:00,36435235,Brasileiro Serie A,Brazil,CA Paranaense PR,Atletico Mineiro MG,2026-10-08T23:00:00+00:00,19.0266,soccer.match_odds,period=ft,away,,3.75
2026-10-09T00:40:58.404092+02:00,36435235,Brasileiro Serie A,Brazil,CA Paranaense PR,Atletico Mineiro MG,2026-10-08T23:00:00+00:00,19.0266,soccer.total_goals,period=ft,over,total=2.5,1.91
2026-10-09T00:40:58.404092+02:00,36435235,Brasileiro Serie A,Brazil,CA Paranaense PR,Atletico Mineiro MG,2026-10-08T23:00:00+00:00,19.0266,soccer.total_goals,period=ft,under,total=2.5,1.94
2026-10-09T00:40:58.404092+02:00,36435235,Brasileiro Serie A,Brazil,CA Paranaense PR,Atletico Mineiro MG,2026-10-08T23:00:00+00:00,19.0266,soccer.total_goals,period=ft,over,total=1.5,1.27
2026-10-09T00:40:58.404092+02:00,36435235,Brasileiro Serie A,Brazil,CA Paranaense PR,Atletico Mineiro MG,2026-10-08T23:00:00+00:00,19.0266,soccer.total_goals,period=ft,under,total=1.5,3.75
2026-10-09T00:40:58.404092+02:00,36435235,Brasileiro Serie A,Brazil,CA Paranaense PR,Atletico Mineiro MG,2026-10-08T23:00:00+00:00,19.0266,soccer.total_goals,period=ft,over,total=2,1.43
2026-10-09T00:40:58.404092+02:00,36435235,Brasileiro Serie A,Brazil,CA Paranaense PR,Atletico Mineiro MG,2026-10-08T23:00:00+00:00,19.0266,soccer.total_goals,period=ft,under,total=2,2.85
2026-10-09T00:40:58.404092+02:00,36435235,Brasileiro Serie A,Brazil,CA Paranaense PR,Atletico Mineiro MG,2026-10-08T23:00:00+00:00,19.0266,soccer.total_goals,period=ft,over,total=2.25,1.66
2026-10-09T00:40:58.404092+02:00,36435235,Brasileiro Serie A,Brazil,CA Paranaense PR,Atletico Mineiro MG,2026-10-08T23:00:00+00:00,19.0266,soccer.total_goals,period=ft,under,total=2.25,2.2
2026-10-09T00:40:58.404092+02:00,36435235,Brasileiro Serie A,Brazil,CA Paranaense PR,Atletico Mineiro MG,2026-10-08T23:00:00+00:00,19.0266,soccer.total_goals,period=ft,over,total=2.75,2.15
2026-10-09T00:40:58.404092+02:00,36435235,Brasileiro Serie A,Brazil,CA Paranaense PR,Atletico Mineiro MG,2026-10-08T23:00:00+00:00,19.0266,soccer.total_goals,period=ft,under,total=2.75,1.72
2026-10-09T00:40:58.404092+02:00,36435235,Brasileiro Serie A,Brazil,CA Paranaense PR,Atletico Mineiro MG,2026-10-08T23:00:00+00:00,19.0266,soccer.total_goals,period=ft,over,total=3,2.55
2026-10-09T00:40:58.404092+02:00,36435235,Brasileiro Serie A,Brazil,CA Paranaense PR,Atletico Mineiro MG,2026-10-08T23:00:00+00:00,19.0266,soccer.total_goals,period=ft,under,total=3,1.51
2026-10-09T00:40:58.404092+02:00,36435235,Brasileiro Serie A,Brazil,CA Paranaense PR,Atletico Mineiro MG,2026-10-08T23:00:00+00:00,19.0266,soccer.total_goals,period=ft,over,total=3.5,3.25
2026-10-09T00:40:58.404092+02:00,36435235,Brasileiro Serie A,Brazil,CA Paranaense PR,Atletico Mineiro MG,2026-10-08T23:00:00+00:00,19.0266,soccer.total_goals,period=ft,under,total=3.5,1.34
2026-10-09T00:40:58.404092+02:00,36435235,Brasileiro Serie A,Brazil,CA Paranaense PR,Atletico Mineiro MG,2026-10-08T23:00:00+00:00,19.0266,soccer.total_goals,period=ft,over,total=4.5,6.5
2026-10-09T00:40:58.404092+02:00,36435235,Brasileiro Serie A,Brazil,CA Paranaense PR,Atletico Mineiro MG,2026-10-08T23:00:00+00:00,19.0266,soccer.total_goals,period=ft,under,total=4.5,1.11
2026-10-09T00:42:43.575142+02:00,36626420,"Primera A, Clausura",Colombia,Atletico Nacional Medellin,CD Tolima,2026-10-08T23:05:00+00:00,22.2737,soccer.asian_handicap,period=ft,home,handicap=-0.75,1.9
2026-10-09T00:42:43.575142+02:00,36626420,"Primera A, Clausura",Colombia,Atletico Nacional Medellin,CD Tolima,2026-10-08T23:05:00+00:00,22.2737,soccer.asian_handicap,period=ft,away,handicap=-0.75,1.92
2026-10-09T00:42:43.575142+02:00,36626420,"Primera A, Clausura",Colombia,Atletico Nacional Medellin,CD Tolima,2026-10-08T23:05:00+00:00,22.2737,soccer.asian_handicap,period=ft,home,handicap=-1.75,3.6
2026-10-09T00:42:43.575142+02:00,36626420,"Primera A, Clausura",Colombia,Atletico Nacional Medellin,CD Tolima,2026-10-08T23:05:00+00:00,22.2737,soccer.asian_handicap,period=ft,away,handicap=-1.75,1.28
2026-10-09T00:42:43.575142+02:00,36626420,"Primera A, Clausura",Colombia,Atletico Nacional Medellin,CD Tolima,2026-10-08T23:05:00+00:00,22.2737,soccer.asian_handicap,period=ft,home,handicap=-1.5,2.9
2026-10-09T00:42:43.575142+02:00,36626420,"Primera A, Clausura",Colombia,Atletico Nacional Medellin,CD Tolima,2026-10-08T23:05:00+00:00,22.2737,soccer.asian_handicap,period=ft,away,handicap=-1.5,1.4
2026-10-09T00:42:43.575142+02:00,36626420,"Primera A, Clausura",Colombia,Atletico Nacional Medellin,CD Tolima,2026-10-08T23:05:00+00:00,22.2737,soccer.asian_handicap,period=ft,home,handicap=-1.25,2.55
2026-10-09T00:42:43.575142+02:00,36626420,"Primera A, Clausura",Colombia,Atletico Nacional Medellin,CD Tolima,2026-10-08T23:05:00+00:00,22.2737,soccer.asian_handicap,period=ft,away,handicap=-1.25,1.5
2026-10-09T00:42:43.575142+02:00,36626420,"Primera A, Clausura",Colombia,Atletico Nacional Medellin,CD Tolima,2026-10-08T23:05:00+00:00,22.2737,soccer.asian_handicap,period=ft,home,handicap=-1,2.2
2026-10-09T00:42:43.575142+02:00,36626420,"Primera A, Clausura",Colombia,Atletico Nacional Medellin,CD Tolima,2026-10-08T23:05:00+00:00,22.2737,soccer.asian_handicap,period=ft,away,handicap=-1,1.65
2026-10-09T00:42:43.575142+02:00,36626420,"Primera A, Clausura",Colombia,Atletico Nacional Medellin,CD Tolima,2026-10-08T23:05:00+00:00,22.2737,soccer.asian_handicap,period=ft,home,handicap=-0.5,1.69
2026-10-09T00:42:43.575142+02:00,36626420,"Primera A, Clausura",Colombia,Atletico Nacional Medellin,CD Tolima,2026-10-08T23:05:00+00:00,22.2737,soccer.asian_handicap,period=ft,away,handicap=-0.5,2.17
2026-10-09T00:42:43.575142+02:00,36626420,"Primera A, Clausura",Colombia,Atletico Nacional Medellin,CD Tolima,2026-10-08T23:05:00+00:00,22.2737,soccer.asian_handicap,period=ft,home,handicap=-0.25,1.47
2026-10-09T00:42:43.575142+02:00,36626420,"Primera A, Clausura",Colombia,Atletico Nacional Medellin,CD Tolima,2026-10-08T23:05:00+00:00,22.2737,soccer.asian_handicap,period=ft,away,handicap=-0.25,2.65
2026-10-09T00:42:43.575142+02:00,36626420,"Primera A, Clausura",Colombia,Atletico Nacional Medellin,CD Tolima,2026-10-08T23:05:00+00:00,22.2737,soccer.asian_handicap,period=ft,home,handicap=0,1.25
2026-10-09T00:42:43.575142+02:00,36626420,"Primera A, Clausura",Colombia,Atletico Nacional Medellin,CD Tolima,2026-10-08T23:05:00+00:00,22.2737,soccer.asian_handicap,period=ft,away,handicap=0,3.9
2026-10-09T00:42:43.575142+02:00,36626420,"Primera A, Clausura",Colombia,Atletico Nacional Medellin,CD Tolima,2026-10-08T23:05:00+00:00,22.2737,soccer.asian_handicap,period=ft,home,handicap=0.25,1.19
2026-10-09T00:42:43.575142+02:00,36626420,"Primera A, Clausura",Colombia,Atletico Nacional Medellin,CD Tolima,2026-10-08T23:05:00+00:00,22.2737,soccer.asian_handicap,period=ft,away,handicap=0.25,4.55
2026-10-09T00:42:43.575142+02:00,36626420,"Primera A, Clausura",Colombia,Atletico Nacional Medellin,CD Tolima,2026-10-08T23:05:00+00:00,22.2737,soccer.double_chance,period=ft,draw_away,,2.08
2026-10-09T00:42:43.575142+02:00,36626420,"Primera A, Clausura",Colombia,Atletico Nacional Medellin,CD Tolima,2026-10-08T23:05:00+00:00,22.2737,soccer.double_chance,period=ft,home_away,,1.27
2026-10-09T00:42:43.575142+02:00,36626420,"Primera A, Clausura",Colombia,Atletico Nacional Medellin,CD Tolima,2026-10-08T23:05:00+00:00,22.2737,soccer.double_chance,period=ft,home_draw,,1.2
2026-10-09T00:42:43.575142+02:00,36626420,"Primera A, Clausura",Colombia,Atletico Nacional Medellin,CD Tolima,2026-10-08T23:05:00+00:00,22.2737,soccer.match_odds,period=ft,home,,1.69
2026-10-09T00:42:43.575142+02:00,36626420,"Primera A, Clausura",Colombia,Atletico Nacional Medellin,CD Tolima,2026-10-08T23:05:00+00:00,22.2737,soccer.match_odds,period=ft,draw,,3.55
2026-10-09T00:42:43.575142+02:00,36626420,"Primera A, Clausura",Colombia,Atletico Nacional Medellin,CD Tolima,2026-10-08T23:05:00+00:00,22.2737,soccer.match_odds,period=ft,away,,5.25
2026-10-09T00:42:43.575142+02:00,36626420,"Primera A, Clausura",Colombia,Atletico Nacional Medellin,CD Tolima,2026-10-08T23:05:00+00:00,22.2737,soccer.total_goals,period=ft,over,total=2.5,1.86
2026-10-09T00:42:43.575142+02:00,36626420,"Primera A, Clausura",Colombia,Atletico Nacional Medellin,CD Tolima,2026-10-08T23:05:00+00:00,22.2737,soccer.total_goals,period=ft,under,total=2.5,1.94
2026-10-09T00:42:43.575142+02:00,36626420,"Primera A, Clausura",Colombia,Atletico Nacional Medellin,CD Tolima,2026-10-08T23:05:00+00:00,22.2737,soccer.total_goals,period=ft,over,total=1.5,1.26
2026-10-09T00:42:43.575142+02:00,36626420,"Primera A, Clausura",Colombia,Atletico Nacional Medellin,CD Tolima,2026-10-08T23:05:00+00:00,22.2737,soccer.total_goals,period=ft,under,total=1.5,3.7
2026-10-09T00:42:43.575142+02:00,36626420,"Primera A, Clausura",Colombia,Atletico Nacional Medellin,CD Tolima,2026-10-08T23:05:00+00:00,22.2737,soccer.total_goals,period=ft,over,total=2,1.4
2026-10-09T00:42:43.575142+02:00,36626420,"Primera A, Clausura",Colombia,Atletico Nacional Medellin,CD Tolima,2026-10-08T23:05:00+00:00,22.2737,soccer.total_goals,period=ft,under,total=2,2.85
2026-10-09T00:42:43.575142+02:00,36626420,"Primera A, Clausura",Colombia,Atletico Nacional Medellin,CD Tolima,2026-10-08T23:05:00+00:00,22.2737,soccer.total_goals,period=ft,over,total=2.25,1.63
2026-10-09T00:42:43.575142+02:00,36626420,"Primera A, Clausura",Colombia,Atletico Nacional Medellin,CD Tolima,2026-10-08T23:05:00+00:00,22.2737,soccer.total_goals,period=ft,under,total=2.25,2.25
2026-10-09T00:42:43.575142+02:00,36626420,"Primera A, Clausura",Colombia,Atletico Nacional Medellin,CD Tolima,2026-10-08T23:05:00+00:00,22.2737,soccer.total_goals,period=ft,over,total=2.75,2.09
2026-10-09T00:42:43.575142+02:00,36626420,"Primera A, Clausura",Colombia,Atletico Nacional Medellin,CD Tolima,2026-10-08T23:05:00+00:00,22.2737,soccer.total_goals,period=ft,under,total=2.75,1.73
2026-10-09T00:42:43.575142+02:00,36626420,"Primera A, Clausura",Colombia,Atletico Nacional Medellin,CD Tolima,2026-10-08T23:05:00+00:00,22.2737,soccer.total_goals,period=ft,over,total=3,2.5
2026-10-09T00:42:43.575142+02:00,36626420,"Primera A, Clausura",Colombia,Atletico Nacional Medellin,CD Tolima,2026-10-08T23:05:00+00:00,22.2737,soccer.total_goals,period=ft,under,total=3,1.52
2026-10-09T00:42:43.575142+02:00,36626420,"Primera A, Clausura",Colombia,Atletico Nacional Medellin,CD Tolima,2026-10-08T23:05:00+00:00,22.2737,soccer.total_goals,period=ft,over,total=3.5,3.1
2026-10-09T00:42:43.575142+02:00,36626420,"Primera A, Clausura",Colombia,Atletico Nacional Medellin,CD Tolima,2026-10-08T23:05:00+00:00,22.2737,soccer.total_goals,period=ft,under,total=3.5,1.34
2026-10-09T00:42:43.575142+02:00,36626420,"Primera A, Clausura",Colombia,Atletico Nacional Medellin,CD Tolima,2026-10-08T23:05:00+00:00,22.2737,soccer.total_goals,period=ft,over,total=4.5,6.25
2026-10-09T00:42:43.575142+02:00,36626420,"Primera A, Clausura",Colombia,Atletico Nacional Medellin,CD Tolima,2026-10-08T23:05:00+00:00,22.2737,soccer.total_goals,period=ft,under,total=4.5,1.11
2026-10-09T00:42:43.575142+02:00,36435235,Brasileiro Serie A,Brazil,CA Paranaense PR,Atletico Mineiro MG,2026-10-08T23:00:00+00:00,17.2737,soccer.asian_handicap,period=ft,home,handicap=-0.5,2.09
2026-10-09T00:42:43.575142+02:00,36435235,Brasileiro Serie A,Brazil,CA Paranaense PR,Atletico Mineiro MG,2026-10-08T23:00:00+00:00,17.2737,soccer.asian_handicap,period=ft,away,handicap=-0.5,1.8
2026-10-09T00:42:43.575142+02:00,36435235,Brasileiro Serie A,Brazil,CA Paranaense PR,Atletico Mineiro MG,2026-10-08T23:00:00+00:00,17.2737,soccer.asian_handicap,period=ft,home,handicap=-1.5,3.95
2026-10-09T00:42:43.575142+02:00,36435235,Brasileiro Serie A,Brazil,CA Paranaense PR,Atletico Mineiro MG,2026-10-08T23:00:00+00:00,17.2737,soccer.asian_handicap,period=ft,away,handicap=-1.5,1.26
2026-10-09T00:42:43.575142+02:00,36435235,Brasileiro Serie A,Brazil,CA Paranaense PR,Atletico Mineiro MG,2026-10-08T23:00:00+00:00,17.2737,soccer.asian_handicap,period=ft,home,handicap=-1.25,3.5
2026-10-09T00:42:43.575142+02:00,36435235,Brasileiro Serie A,Brazil,CA Paranaense PR,Atletico Mineiro MG,2026-10-08T23:00:00+00:00,17.2737,soccer.asian_handicap,period=ft,away,handicap=-1.25,1.31
2026-10-09T00:42:43.575142+02:00,36435235,Brasileiro Serie A,Brazil,CA Paranaense PR,Atletico Mineiro MG,2026-10-08T23:00:00+00:00,17.2737,soccer.asian_handicap,period=ft,home,handicap=-1,3.1
2026-10-09T00:42:43.575142+02:00,36435235,Brasileiro Serie A,Brazil,CA Paranaense PR,Atletico Mineiro MG,2026-10-08T23:00:00+00:00,17.2737,soccer.asian_handicap,period=ft,away,handicap=-1,1.39
2026-10-09T00:42:43.575142+02:00,36435235,Brasileiro Serie A,Brazil,CA Paranaense PR,Atletico Mineiro MG,2026-10-08T23:00:00+00:00,17.2737,soccer.asian_handicap,period=ft,home,handicap=-0.75,2.4
2026-10-09T00:42:43.575142+02:00,36435235,Brasileiro Serie A,Brazil,CA Paranaense PR,Atletico Mineiro MG,2026-10-08T23:00:00+00:00,17.2737,soccer.asian_handicap,period=ft,away,handicap=-0.75,1.59
2026-10-09T00:42:43.575142+02:00,36435235,Brasileiro Serie A,Brazil,CA Paranaense PR,Atletico Mineiro MG,2026-10-08T23:00:00+00:00,17.2737,soccer.asian_handicap,period=ft,home,handicap=-0.25,1.78
2026-10-09T00:42:43.575142+02:00,36435235,Brasileiro Serie A,Brazil,CA Paranaense PR,Atletico Mineiro MG,2026-10-08T23:00:00+00:00,17.2737,soccer.asian_handicap,period=ft,away,handicap=-0.25,2.08
2026-10-09T00:42:43.575142+02:00,36435235,Brasileiro Serie A,Brazil,CA Paranaense PR,Atletico Mineiro MG,2026-10-08T23:00:00+00:00,17.2737,soccer.asian_handicap,period=ft,home,handicap=0,1.49
2026-10-09T00:42:43.575142+02:00,36435235,Brasileiro Serie A,Brazil,CA Paranaense PR,Atletico Mineiro MG,2026-10-08T23:00:00+00:00,17.2737,soccer.asian_handicap,period=ft,away,handicap=0,2.7
2026-10-09T00:42:43.575142+02:00,36435235,Brasileiro Serie A,Brazil,CA Paranaense PR,Atletico Mineiro MG,2026-10-08T23:00:00+00:00,17.2737,soccer.asian_handicap,period=ft,home,handicap=0.25,1.36
2026-10-09T00:42:43.575142+02:00,36435235,Brasileiro Serie A,Brazil,CA Paranaense PR,Atletico Mineiro MG,2026-10-08T23:00:00+00:00,17.2737,soccer.asian_handicap,period=ft,away,handicap=0.25,3.15
2026-10-09T00:42:43.575142+02:00,36435235,Brasileiro Serie A,Brazil,CA Paranaense PR,Atletico Mineiro MG,2026-10-08T23:00:00+00:00,17.2737,soccer.asian_handicap,period=ft,home,handicap=0.5,1.29
2026-10-09T00:42:43.575142+02:00,36435235,Brasileiro Serie A,Brazil,CA Paranaense PR,Atletico Mineiro MG,2026-10-08T23:00:00+00:00,17.2737,soccer.asian_handicap,period=ft,away,handicap=0.5,3.7
2026-10-09T00:42:43.575142+02:00,36435235,Brasileiro Serie A,Brazil,CA Paranaense PR,Atletico Mineiro MG,2026-10-08T23:00:00+00:00,17.2737,soccer.double_chance,period=ft,draw_away,,1.77
2026-10-09T00:42:43.575142+02:00,36435235,Brasileiro Serie A,Brazil,CA Paranaense PR,Atletico Mineiro MG,2026-10-08T23:00:00+00:00,17.2737,soccer.double_chance,period=ft,home_away,,1.34
2026-10-09T00:42:43.575142+02:00,36435235,Brasileiro Serie A,Brazil,CA Paranaense PR,Atletico Mineiro MG,2026-10-08T23:00:00+00:00,17.2737,soccer.double_chance,period=ft,home_draw,,1.29
2026-10-09T00:42:43.575142+02:00,36435235,Brasileiro Serie A,Brazil,CA Paranaense PR,Atletico Mineiro MG,2026-10-08T23:00:00+00:00,17.2737,soccer.match_odds,period=ft,home,,2.08
2026-10-09T00:42:43.575142+02:00,36435235,Brasileiro Serie A,Brazil,CA Paranaense PR,Atletico Mineiro MG,2026-10-08T23:00:00+00:00,17.2737,soccer.match_odds,period=ft,draw,,3.4
2026-10-09T00:42:43.575142+02:00,36435235,Brasileiro Serie A,Brazil,CA Paranaense PR,Atletico Mineiro MG,2026-10-08T23:00:00+00:00,17.2737,soccer.match_odds,period=ft,away,,3.75
2026-10-09T00:42:43.575142+02:00,36435235,Brasileiro Serie A,Brazil,CA Paranaense PR,Atletico Mineiro MG,2026-10-08T23:00:00+00:00,17.2737,soccer.total_goals,period=ft,over,total=2.5,1.92
2026-10-09T00:42:43.575142+02:00,36435235,Brasileiro Serie A,Brazil,CA Paranaense PR,Atletico Mineiro MG,2026-10-08T23:00:00+00:00,17.2737,soccer.total_goals,period=ft,under,total=2.5,1.94
2026-10-09T00:42:43.575142+02:00,36435235,Brasileiro Serie A,Brazil,CA Paranaense PR,Atletico Mineiro MG,2026-10-08T23:00:00+00:00,17.2737,soccer.total_goals,period=ft,over,total=1.5,1.27
2026-10-09T00:42:43.575142+02:00,36435235,Brasileiro Serie A,Brazil,CA Paranaense PR,Atletico Mineiro MG,2026-10-08T23:00:00+00:00,17.2737,soccer.total_goals,period=ft,under,total=1.5,3.75
2026-10-09T00:42:43.575142+02:00,36435235,Brasileiro Serie A,Brazil,CA Paranaense PR,Atletico Mineiro MG,2026-10-08T23:00:00+00:00,17.2737,soccer.total_goals,period=ft,over,total=2,1.43
2026-10-09T00:42:43.575142+02:00,36435235,Brasileiro Serie A,Brazil,CA Paranaense PR,Atletico Mineiro MG,2026-10-08T23:00:00+00:00,17.2737,soccer.total_goals,period=ft,under,total=2,2.85
2026-10-09T00:42:43.575142+02:00,36435235,Brasileiro Serie A,Brazil,CA Paranaense PR,Atletico Mineiro MG,2026-10-08T23:00:00+00:00,17.2737,soccer.total_goals,period=ft,over,total=2.25,1.66
2026-10-09T00:42:43.575142+02:00,36435235,Brasileiro Serie A,Brazil,CA Paranaense PR,Atletico Mineiro MG,2026-10-08T23:00:00+00:00,17.2737,soccer.total_goals,period=ft,under,total=2.25,2.2
2026-10-09T00:42:43.575142+02:00,36435235,Brasileiro Serie A,Brazil,CA Paranaense PR,Atletico Mineiro MG,2026-10-08T23:00:00+00:00,17.2737,soccer.total_goals,period=ft,over,total=2.75,2.15
2026-10-09T00:42:43.575142+02:00,36435235,Brasileiro Serie A,Brazil,CA Paranaense PR,Atletico Mineiro MG,2026-10-08T23:00:00+00:00,17.2737,soccer.total_goals,period=ft,under,total=2.75,1.72
2026-10-09T00:42:43.575142+02:00,36435235,Brasileiro Serie A,Brazil,CA Paranaense PR,Atletico Mineiro MG,2026-10-08T23:00:00+00:00,17.2737,soccer.total_goals,period=ft,over,total=3,2.55
2026-10-09T00:42:43.575142+02:00,36435235,Brasileiro Serie A,Brazil,CA Paranaense PR,Atletico Mineiro MG,2026-10-08T23:00:00+00:00,17.2737,soccer.total_goals,period=ft,under,total=3,1.51
2026-10-09T00:42:43.575142+02:00,36435235,Brasileiro Serie A,Brazil,CA Paranaense PR,Atletico Mineiro MG,2026-10-08T23:00:00+00:00,17.2737,soccer.total_goals,period=ft,over,total=3.5,3.25
2026-10-09T00:42:43.575142+02:00,36435235,Brasileiro Serie A,Brazil,CA Paranaense PR,Atletico Mineiro MG,2026-10-08T23:00:00+00:00,17.2737,soccer.total_goals,period=ft,under,total=3.5,1.34
2026-10-09T00:42:43.575142+02:00,36435235,Brasileiro Serie A,Brazil,CA Paranaense PR,Atletico Mineiro MG,2026-10-08T23:00:00+00:00,17.2737,soccer.total_goals,period=ft,over,total=4.5,6.5
2026-10-09T00:42:43.575142+02:00,36435235,Brasileiro Serie A,Brazil,CA Paranaense PR,Atletico Mineiro MG,2026-10-08T23:00:00+00:00,17.2737,soccer.total_goals,period=ft,under,total=4.5,1.11
2026-10-09T00:44:43.637465+02:00,36626420,"Primera A, Clausura",Colombia,Atletico Nacional Medellin,CD Tolima,2026-10-08T23:05:00+00:00,20.2727,soccer.asian_handicap,period=ft,home,handicap=-0.75,1.9
2026-10-09T00:44:43.637465+02:00,36626420,"Primera A, Clausura",Colombia,Atletico Nacional Medellin,CD Tolima,2026-10-08T23:05:00+00:00,20.2727,soccer.asian_handicap,period=ft,away,handicap=-0.75,1.92
2026-10-09T00:44:43.637465+02:00,36626420,"Primera A, Clausura",Colombia,Atletico Nacional Medellin,CD Tolima,2026-10-08T23:05:00+00:00,20.2727,soccer.asian_handicap,period=ft,home,handicap=-1.75,3.6
2026-10-09T00:44:43.637465+02:00,36626420,"Primera A, Clausura",Colombia,Atletico Nacional Medellin,CD Tolima,2026-10-08T23:05:00+00:00,20.2727,soccer.asian_handicap,period=ft,away,handicap=-1.75,1.28
2026-10-09T00:44:43.637465+02:00,36626420,"Primera A, Clausura",Colombia,Atletico Nacional Medellin,CD Tolima,2026-10-08T23:05:00+00:00,20.2727,soccer.asian_handicap,period=ft,home,handicap=-1.5,2.9
2026-10-09T00:44:43.637465+02:00,36626420,"Primera A, Clausura",Colombia,Atletico Nacional Medellin,CD Tolima,2026-10-08T23:05:00+00:00,20.2727,soccer.asian_handicap,period=ft,away,handicap=-1.5,1.4
2026-10-09T00:44:43.637465+02:00,36626420,"Primera A, Clausura",Colombia,Atletico Nacional Medellin,CD Tolima,2026-10-08T23:05:00+00:00,20.2727,soccer.asian_handicap,period=ft,home,handicap=-1.25,2.55
2026-10-09T00:44:43.637465+02:00,36626420,"Primera A, Clausura",Colombia,Atletico Nacional Medellin,CD Tolima,2026-10-08T23:05:00+00:00,20.2727,soccer.asian_handicap,period=ft,away,handicap=-1.25,1.5
2026-10-09T00:44:43.637465+02:00,36626420,"Primera A, Clausura",Colombia,Atletico Nacional Medellin,CD Tolima,2026-10-08T23:05:00+00:00,20.2727,soccer.asian_handicap,period=ft,home,handicap=-1,2.2
2026-10-09T00:44:43.637465+02:00,36626420,"Primera A, Clausura",Colombia,Atletico Nacional Medellin,CD Tolima,2026-10-08T23:05:00+00:00,20.2727,soccer.asian_handicap,period=ft,away,handicap=-1,1.65
2026-10-09T00:44:43.637465+02:00,36626420,"Primera A, Clausura",Colombia,Atletico Nacional Medellin,CD Tolima,2026-10-08T23:05:00+00:00,20.2727,soccer.asian_handicap,period=ft,home,handicap=-0.5,1.69
2026-10-09T00:44:43.637465+02:00,36626420,"Primera A, Clausura",Colombia,Atletico Nacional Medellin,CD Tolima,2026-10-08T23:05:00+00:00,20.2727,soccer.asian_handicap,period=ft,away,handicap=-0.5,2.17
2026-10-09T00:44:43.637465+02:00,36626420,"Primera A, Clausura",Colombia,Atletico Nacional Medellin,CD Tolima,2026-10-08T23:05:00+00:00,20.2727,soccer.asian_handicap,period=ft,home,handicap=-0.25,1.47
2026-10-09T00:44:43.637465+02:00,36626420,"Primera A, Clausura",Colombia,Atletico Nacional Medellin,CD Tolima,2026-10-08T23:05:00+00:00,20.2727,soccer.asian_handicap,period=ft,away,handicap=-0.25,2.65
2026-10-09T00:44:43.637465+02:00,36626420,"Primera A, Clausura",Colombia,Atletico Nacional Medellin,CD Tolima,2026-10-08T23:05:00+00:00,20.2727,soccer.asian_handicap,period=ft,home,handicap=0,1.25
2026-10-09T00:44:43.637465+02:00,36626420,"Primera A, Clausura",Colombia,Atletico Nacional Medellin,CD Tolima,2026-10-08T23:05:00+00:00,20.2727,soccer.asian_handicap,period=ft,away,handicap=0,3.9
2026-10-09T00:44:43.637465+02:00,36626420,"Primera A, Clausura",Colombia,Atletico Nacional Medellin,CD Tolima,2026-10-08T23:05:00+00:00,20.2727,soccer.asian_handicap,period=ft,home,handicap=0.25,1.19
2026-10-09T00:44:43.637465+02:00,36626420,"Primera A, Clausura",Colombia,Atletico Nacional Medellin,CD Tolima,2026-10-08T23:05:00+00:00,20.2727,soccer.asian_handicap,period=ft,away,handicap=0.25,4.55
2026-10-09T00:44:43.637465+02:00,36626420,"Primera A, Clausura",Colombia,Atletico Nacional Medellin,CD Tolima,2026-10-08T23:05:00+00:00,20.2727,soccer.double_chance,period=ft,draw_away,,2.08
2026-10-09T00:44:43.637465+02:00,36626420,"Primera A, Clausura",Colombia,Atletico Nacional Medellin,CD Tolima,2026-10-08T23:05:00+00:00,20.2727,soccer.double_chance,period=ft,home_away,,1.27
2026-10-09T00:44:43.637465+02:00,36626420,"Primera A, Clausura",Colombia,Atletico Nacional Medellin,CD Tolima,2026-10-08T23:05:00+00:00,20.2727,soccer.double_chance,period=ft,home_draw,,1.2
2026-10-09T00:44:43.637465+02:00,36626420,"Primera A, Clausura",Colombia,Atletico Nacional Medellin,CD Tolima,2026-10-08T23:05:00+00:00,20.2727,soccer.match_odds,period=ft,home,,1.69
2026-10-09T00:44:43.637465+02:00,36626420,"Primera A, Clausura",Colombia,Atletico Nacional Medellin,CD Tolima,2026-10-08T23:05:00+00:00,20.2727,soccer.match_odds,period=ft,draw,,3.55
2026-10-09T00:44:43.637465+02:00,36626420,"Primera A, Clausura",Colombia,Atletico Nacional Medellin,CD Tolima,2026-10-08T23:05:00+00:00,20.2727,soccer.match_odds,period=ft,away,,5.25
2026-10-09T00:44:43.637465+02:00,36626420,"Primera A, Clausura",Colombia,Atletico Nacional Medellin,CD Tolima,2026-10-08T23:05:00+00:00,20.2727,soccer.total_goals,period=ft,over,total=2.5,1.86
2026-10-09T00:44:43.637465+02:00,36626420,"Primera A, Clausura",Colombia,Atletico Nacional Medellin,CD Tolima,2026-10-08T23:05:00+00:00,20.2727,soccer.total_goals,period=ft,under,total=2.5,1.94
2026-10-09T00:44:43.637465+02:00,36626420,"Primera A, Clausura",Colombia,Atletico Nacional Medellin,CD Tolima,2026-10-08T23:05:00+00:00,20.2727,soccer.total_goals,period=ft,over,total=1.5,1.26
2026-10-09T00:44:43.637465+02:00,36626420,"Primera A, Clausura",Colombia,Atletico Nacional Medellin,CD Tolima,2026-10-08T23:05:00+00:00,20.2727,soccer.total_goals,period=ft,under,total=1.5,3.7
2026-10-09T00:44:43.637465+02:00,36626420,"Primera A, Clausura",Colombia,Atletico Nacional Medellin,CD Tolima,2026-10-08T23:05:00+00:00,20.2727,soccer.total_goals,period=ft,over,total=2,1.4
2026-10-09T00:44:43.637465+02:00,36626420,"Primera A, Clausura",Colombia,Atletico Nacional Medellin,CD Tolima,2026-10-08T23:05:00+00:00,20.2727,soccer.total_goals,period=ft,under,total=2,2.85
2026-10-09T00:44:43.637465+02:00,36626420,"Primera A, Clausura",Colombia,Atletico Nacional Medellin,CD Tolima,2026-10-08T23:05:00+00:00,20.2727,soccer.total_goals,period=ft,over,total=2.25,1.63
2026-10-09T00:44:43.637465+02:00,36626420,"Primera A, Clausura",Colombia,Atletico Nacional Medellin,CD Tolima,2026-10-08T23:05:00+00:00,20.2727,soccer.total_goals,period=ft,under,total=2.25,2.25
2026-10-09T00:44:43.637465+02:00,36626420,"Primera A, Clausura",Colombia,Atletico Nacional Medellin,CD Tolima,2026-10-08T23:05:00+00:00,20.2727,soccer.total_goals,period=ft,over,total=2.75,2.09
2026-10-09T00:44:43.637465+02:00,36626420,"Primera A, Clausura",Colombia,Atletico Nacional Medellin,CD Tolima,2026-10-08T23:05:00+00:00,20.2727,soccer.total_goals,period=ft,under,total=2.75,1.73
2026-10-09T00:44:43.637465+02:00,36626420,"Primera A, Clausura",Colombia,Atletico Nacional Medellin,CD Tolima,2026-10-08T23:05:00+00:00,20.2727,soccer.total_goals,period=ft,over,total=3,2.5
2026-10-09T00:44:43.637465+02:00,36626420,"Primera A, Clausura",Colombia,Atletico Nacional Medellin,CD Tolima,2026-10-08T23:05:00+00:00,20.2727,soccer.total_goals,period=ft,under,total=3,1.52
2026-10-09T00:44:43.637465+02:00,36626420,"Primera A, Clausura",Colombia,Atletico Nacional Medellin,CD Tolima,2026-10-08T23:05:00+00:00,20.2727,soccer.total_goals,period=ft,over,total=3.5,3.1
2026-10-09T00:44:43.637465+02:00,36626420,"Primera A, Clausura",Colombia,Atletico Nacional Medellin,CD Tolima,2026-10-08T23:05:00+00:00,20.2727,soccer.total_goals,period=ft,under,total=3.5,1.34
2026-10-09T00:44:43.637465+02:00,36626420,"Primera A, Clausura",Colombia,Atletico Nacional Medellin,CD Tolima,2026-10-08T23:05:00+00:00,20.2727,soccer.total_goals,period=ft,over,total=4.5,6.25
2026-10-09T00:44:43.637465+02:00,36626420,"Primera A, Clausura",Colombia,Atletico Nacional Medellin,CD Tolima,2026-10-08T23:05:00+00:00,20.2727,soccer.total_goals,period=ft,under,total=4.5,1.11
2026-10-09T00:44:43.637465+02:00,36435235,Brasileiro Serie A,Brazil,CA Paranaense PR,Atletico Mineiro MG,2026-10-08T23:00:00+00:00,15.2727,soccer.asian_handicap,period=ft,home,handicap=-0.5,2.08
2026-10-09T00:44:43.637465+02:00,36435235,Brasileiro Serie A,Brazil,CA Paranaense PR,Atletico Mineiro MG,2026-10-08T23:00:00+00:00,15.2727,soccer.asian_handicap,period=ft,away,handicap=-0.5,1.81
2026-10-09T00:44:43.637465+02:00,36435235,Brasileiro Serie A,Brazil,CA Paranaense PR,Atletico Mineiro MG,2026-10-08T23:00:00+00:00,15.2727,soccer.asian_handicap,period=ft,home,handicap=-1.5,3.9
2026-10-09T00:44:43.637465+02:00,36435235,Brasileiro Serie A,Brazil,CA Paranaense PR,Atletico Mineiro MG,2026-10-08T23:00:00+00:00,15.2727,soccer.asian_handicap,period=ft,away,handicap=-1.5,1.26
2026-10-09T00:44:43.637465+02:00,36435235,Brasileiro Serie A,Brazil,CA Paranaense PR,Atletico Mineiro MG,2026-10-08T23:00:00+00:00,15.2727,soccer.asian_handicap,period=ft,home,handicap=-1.25,3.45
2026-10-09T00:44:43.637465+02:00,36435235,Brasileiro Serie A,Brazil,CA Paranaense PR,Atletico Mineiro MG,2026-10-08T23:00:00+00:00,15.2727,soccer.asian_handicap,period=ft,away,handicap=-1.25,1.32
2026-10-09T00:44:43.637465+02:00,36435235,Brasileiro Serie A,Brazil,CA Paranaense PR,Atletico Mineiro MG,2026-10-08T23:00:00+00:00,15.2727,soccer.asian_handicap,period=ft,home,handicap=-1,3.05
2026-10-09T00:44:43.637465+02:00,36435235,Brasileiro Serie A,Brazil,CA Paranaense PR,Atletico Mineiro MG,2026-10-08T23:00:00+00:00,15.2727,soccer.asian_handicap,period=ft,away,handicap=-1,1.39
2026-10-09T00:44:43.637465+02:00,36435235,Brasileiro Serie A,Brazil,CA Paranaense PR,Atletico Mineiro MG,2026-10-08T23:00:00+00:00,15.2727,soccer.asian_handicap,period=ft,home,handicap=-0.75,2.4
2026-10-09T00:44:43.637465+02:00,36435235,Brasileiro Serie A,Brazil,CA Paranaense PR,Atletico Mineiro MG,2026-10-08T23:00:00+00:00,15.2727,soccer.asian_handicap,period=ft,away,handicap=-0.75,1.59
2026-10-09T00:44:43.637465+02:00,36435235,Brasileiro Serie A,Brazil,CA Paranaense PR,Atletico Mineiro MG,2026-10-08T23:00:00+00:00,15.2727,soccer.asian_handicap,period=ft,home,handicap=-0.25,1.78
2026-10-09T00:44:43.637465+02:00,36435235,Brasileiro Serie A,Brazil,CA Paranaense PR,Atletico Mineiro MG,2026-10-08T23:00:00+00:00,15.2727,soccer.asian_handicap,period=ft,away,handicap=-0.25,2.08
2026-10-09T00:44:43.637465+02:00,36435235,Brasileiro Serie A,Brazil,CA Paranaense PR,Atletico Mineiro MG,2026-10-08T23:00:00+00:00,15.2727,soccer.asian_handicap,period=ft,home,handicap=0,1.49
2026-10-09T00:44:43.637465+02:00,36435235,Brasileiro Serie A,Brazil,CA Paranaense PR,Atletico Mineiro MG,2026-10-08T23:00:00+00:00,15.2727,soccer.asian_handicap,period=ft,away,handicap=0,2.7
2026-10-09T00:44:43.637465+02:00,36435235,Brasileiro Serie A,Brazil,CA Paranaense PR,Atletico Mineiro MG,2026-10-08T23:00:00+00:00,15.2727,soccer.asian_handicap,period=ft,home,handicap=0.25,1.36
2026-10-09T00:44:43.637465+02:00,36435235,Brasileiro Serie A,Brazil,CA Paranaense PR,Atletico Mineiro MG,2026-10-08T23:00:00+00:00,15.2727,soccer.asian_handicap,period=ft,away,handicap=0.25,3.15
2026-10-09T00:44:43.637465+02:00,36435235,Brasileiro Serie A,Brazil,CA Paranaense PR,Atletico Mineiro MG,2026-10-08T23:00:00+00:00,15.2727,soccer.asian_handicap,period=ft,home,handicap=0.5,1.29
2026-10-09T00:44:43.637465+02:00,36435235,Brasileiro Serie A,Brazil,CA Paranaense PR,Atletico Mineiro MG,2026-10-08T23:00:00+00:00,15.2727,soccer.asian_handicap,period=ft,away,handicap=0.5,3.7
2026-10-09T00:44:43.637465+02:00,36435235,Brasileiro Serie A,Brazil,CA Paranaense PR,Atletico Mineiro MG,2026-10-08T23:00:00+00:00,15.2727,soccer.double_chance,period=ft,draw_away,,1.78
2026-10-09T00:44:43.637465+02:00,36435235,Brasileiro Serie A,Brazil,CA Paranaense PR,Atletico Mineiro MG,2026-10-08T23:00:00+00:00,15.2727,soccer.double_chance,period=ft,home_away,,1.33
2026-10-09T00:44:43.637465+02:00,36435235,Brasileiro Serie A,Brazil,CA Paranaense PR,Atletico Mineiro MG,2026-10-08T23:00:00+00:00,15.2727,soccer.double_chance,period=ft,home_draw,,1.29
2026-10-09T00:44:43.637465+02:00,36435235,Brasileiro Serie A,Brazil,CA Paranaense PR,Atletico Mineiro MG,2026-10-08T23:00:00+00:00,15.2727,soccer.match_odds,period=ft,home,,2.07
2026-10-09T00:44:43.637465+02:00,36435235,Brasileiro Serie A,Brazil,CA Paranaense PR,Atletico Mineiro MG,2026-10-08T23:00:00+00:00,15.2727,soccer.match_odds,period=ft,draw,,3.4
2026-10-09T00:44:43.637465+02:00,36435235,Brasileiro Serie A,Brazil,CA Paranaense PR,Atletico Mineiro MG,2026-10-08T23:00:00+00:00,15.2727,soccer.match_odds,period=ft,away,,3.75
2026-10-09T00:44:43.637465+02:00,36435235,Brasileiro Serie A,Brazil,CA Paranaense PR,Atletico Mineiro MG,2026-10-08T23:00:00+00:00,15.2727,soccer.total_goals,period=ft,over,total=2.5,1.89
2026-10-09T00:44:43.637465+02:00,36435235,Brasileiro Serie A,Brazil,CA Paranaense PR,Atletico Mineiro MG,2026-10-08T23:00:00+00:00,15.2727,soccer.total_goals,period=ft,under,total=2.5,1.98
2026-10-09T00:44:43.637465+02:00,36435235,Brasileiro Serie A,Brazil,CA Paranaense PR,Atletico Mineiro MG,2026-10-08T23:00:00+00:00,15.2727,soccer.total_goals,period=ft,over,total=1.5,1.26
2026-10-09T00:44:43.637465+02:00,36435235,Brasileiro Serie A,Brazil,CA Paranaense PR,Atletico Mineiro MG,2026-10-08T23:00:00+00:00,15.2727,soccer.total_goals,period=ft,under,total=1.5,3.8
2026-10-09T00:44:43.637465+02:00,36435235,Brasileiro Serie A,Brazil,CA Paranaense PR,Atletico Mineiro MG,2026-10-08T23:00:00+00:00,15.2727,soccer.total_goals,period=ft,over,total=2,1.41
2026-10-09T00:44:43.637465+02:00,36435235,Brasileiro Serie A,Brazil,CA Paranaense PR,Atletico Mineiro MG,2026-10-08T23:00:00+00:00,15.2727,soccer.total_goals,period=ft,under,total=2,2.95
2026-10-09T00:44:43.637465+02:00,36435235,Brasileiro Serie A,Brazil,CA Paranaense PR,Atletico Mineiro MG,2026-10-08T23:00:00+00:00,15.2727,soccer.total_goals,period=ft,over,total=2.25,1.64
2026-10-09T00:44:43.637465+02:00,36435235,Brasileiro Serie A,Brazil,CA Paranaense PR,Atletico Mineiro MG,2026-10-08T23:00:00+00:00,15.2727,soccer.total_goals,period=ft,under,total=2.25,2.25
2026-10-09T00:44:43.637465+02:00,36435235,Brasileiro Serie A,Brazil,CA Paranaense PR,Atletico Mineiro MG,2026-10-08T23:00:00+00:00,15.2727,soccer.total_goals,period=ft,over,total=2.75,2.1
2026-10-09T00:44:43.637465+02:00,36435235,Brasileiro Serie A,Brazil,CA Paranaense PR,Atletico Mineiro MG,2026-10-08T23:00:00+00:00,15.2727,soccer.total_goals,period=ft,under,total=2.75,1.75
2026-10-09T00:44:43.637465+02:00,36435235,Brasileiro Serie A,Brazil,CA Paranaense PR,Atletico Mineiro MG,2026-10-08T23:00:00+00:00,15.2727,soccer.total_goals,period=ft,over,total=3,2.5
2026-10-09T00:44:43.637465+02:00,36435235,Brasileiro Serie A,Brazil,CA Paranaense PR,Atletico Mineiro MG,2026-10-08T23:00:00+00:00,15.2727,soccer.total_goals,period=ft,under,total=3,1.54
2026-10-09T00:44:43.637465+02:00,36435235,Brasileiro Serie A,Brazil,CA Paranaense PR,Atletico Mineiro MG,2026-10-08T23:00:00+00:00,15.2727,soccer.total_goals,period=ft,over,total=3.5,3.15
2026-10-09T00:44:43.637465+02:00,36435235,Brasileiro Serie A,Brazil,CA Paranaense PR,Atletico Mineiro MG,2026-10-08T23:00:00+00:00,15.2727,soccer.total_goals,period=ft,under,total=3.5,1.35
2026-10-09T00:44:43.637465+02:00,36435235,Brasileiro Serie A,Brazil,CA Paranaense PR,Atletico Mineiro MG,2026-10-08T23:00:00+00:00,15.2727,soccer.total_goals,period=ft,over,total=4.5,6.3
2026-10-09T00:44:43.637465+02:00,36435235,Brasileiro Serie A,Brazil,CA Paranaense PR,Atletico Mineiro MG,2026-10-08T23:00:00+00:00,15.2727,soccer.total_goals,period=ft,under,total=4.5,1.12
2026-10-09T00:46:43.155054+02:00,36435235,Brasileiro Serie A,Brazil,CA Paranaense PR,Atletico Mineiro MG,2026-10-08T23:00:00+00:00,13.2807,soccer.asian_handicap,period=ft,home,handicap=-0.5,2.08
2026-10-09T00:46:43.155054+02:00,36435235,Brasileiro Serie A,Brazil,CA Paranaense PR,Atletico Mineiro MG,2026-10-08T23:00:00+00:00,13.2807,soccer.asian_handicap,period=ft,away,handicap=-0.5,1.81
2026-10-09T00:46:43.155054+02:00,36435235,Brasileiro Serie A,Brazil,CA Paranaense PR,Atletico Mineiro MG,2026-10-08T23:00:00+00:00,13.2807,soccer.asian_handicap,period=ft,home,handicap=-1.5,3.9
2026-10-09T00:46:43.155054+02:00,36435235,Brasileiro Serie A,Brazil,CA Paranaense PR,Atletico Mineiro MG,2026-10-08T23:00:00+00:00,13.2807,soccer.asian_handicap,period=ft,away,handicap=-1.5,1.26
2026-10-09T00:46:43.155054+02:00,36435235,Brasileiro Serie A,Brazil,CA Paranaense PR,Atletico Mineiro MG,2026-10-08T23:00:00+00:00,13.2807,soccer.asian_handicap,period=ft,home,handicap=-1.25,3.45
2026-10-09T00:46:43.155054+02:00,36435235,Brasileiro Serie A,Brazil,CA Paranaense PR,Atletico Mineiro MG,2026-10-08T23:00:00+00:00,13.2807,soccer.asian_handicap,period=ft,away,handicap=-1.25,1.32
2026-10-09T00:46:43.155054+02:00,36435235,Brasileiro Serie A,Brazil,CA Paranaense PR,Atletico Mineiro MG,2026-10-08T23:00:00+00:00,13.2807,soccer.asian_handicap,period=ft,home,handicap=-1,3.05
2026-10-09T00:46:43.155054+02:00,36435235,Brasileiro Serie A,Brazil,CA Paranaense PR,Atletico Mineiro MG,2026-10-08T23:00:00+00:00,13.2807,soccer.asian_handicap,period=ft,away,handicap=-1,1.39
2026-10-09T00:46:43.155054+02:00,36435235,Brasileiro Serie A,Brazil,CA Paranaense PR,Atletico Mineiro MG,2026-10-08T23:00:00+00:00,13.2807,soccer.asian_handicap,period=ft,home,handicap=-0.75,2.4
2026-10-09T00:46:43.155054+02:00,36435235,Brasileiro Serie A,Brazil,CA Paranaense PR,Atletico Mineiro MG,2026-10-08T23:00:00+00:00,13.2807,soccer.asian_handicap,period=ft,away,handicap=-0.75,1.59
2026-10-09T00:46:43.155054+02:00,36435235,Brasileiro Serie A,Brazil,CA Paranaense PR,Atletico Mineiro MG,2026-10-08T23:00:00+00:00,13.2807,soccer.asian_handicap,period=ft,home,handicap=-0.25,1.78
2026-10-09T00:46:43.155054+02:00,36435235,Brasileiro Serie A,Brazil,CA Paranaense PR,Atletico Mineiro MG,2026-10-08T23:00:00+00:00,13.2807,soccer.asian_handicap,period=ft,away,handicap=-0.25,2.08
2026-10-09T00:46:43.155054+02:00,36435235,Brasileiro Serie A,Brazil,CA Paranaense PR,Atletico Mineiro MG,2026-10-08T23:00:00+00:00,13.2807,soccer.asian_handicap,period=ft,home,handicap=0,1.49
2026-10-09T00:46:43.155054+02:00,36435235,Brasileiro Serie A,Brazil,CA Paranaense PR,Atletico Mineiro MG,2026-10-08T23:00:00+00:00,13.2807,soccer.asian_handicap,period=ft,away,handicap=0,2.7
2026-10-09T00:46:43.155054+02:00,36435235,Brasileiro Serie A,Brazil,CA Paranaense PR,Atletico Mineiro MG,2026-10-08T23:00:00+00:00,13.2807,soccer.asian_handicap,period=ft,home,handicap=0.25,1.36
2026-10-09T00:46:43.155054+02:00,36435235,Brasileiro Serie A,Brazil,CA Paranaense PR,Atletico Mineiro MG,2026-10-08T23:00:00+00:00,13.2807,soccer.asian_handicap,period=ft,away,handicap=0.25,3.15
2026-10-09T00:46:43.155054+02:00,36435235,Brasileiro Serie A,Brazil,CA Paranaense PR,Atletico Mineiro MG,2026-10-08T23:00:00+00:00,13.2807,soccer.asian_handicap,period=ft,home,handicap=0.5,1.29
2026-10-09T00:46:43.155054+02:00,36435235,Brasileiro Serie A,Brazil,CA Paranaense PR,Atletico Mineiro MG,2026-10-08T23:00:00+00:00,13.2807,soccer.asian_handicap,period=ft,away,handicap=0.5,3.7
2026-10-09T00:46:43.155054+02:00,36435235,Brasileiro Serie A,Brazil,CA Paranaense PR,Atletico Mineiro MG,2026-10-08T23:00:00+00:00,13.2807,soccer.double_chance,period=ft,draw_away,,1.78
2026-10-09T00:46:43.155054+02:00,36435235,Brasileiro Serie A,Brazil,CA Paranaense PR,Atletico Mineiro MG,2026-10-08T23:00:00+00:00,13.2807,soccer.double_chance,period=ft,home_away,,1.33
2026-10-09T00:46:43.155054+02:00,36435235,Brasileiro Serie A,Brazil,CA Paranaense PR,Atletico Mineiro MG,2026-10-08T23:00:00+00:00,13.2807,soccer.double_chance,period=ft,home_draw,,1.29
2026-10-09T00:46:43.155054+02:00,36435235,Brasileiro Serie A,Brazil,CA Paranaense PR,Atletico Mineiro MG,2026-10-08T23:00:00+00:00,13.2807,soccer.match_odds,period=ft,home,,2.07
2026-10-09T00:46:43.155054+02:00,36435235,Brasileiro Serie A,Brazil,CA Paranaense PR,Atletico Mineiro MG,2026-10-08T23:00:00+00:00,13.2807,soccer.match_odds,period=ft,draw,,3.4
2026-10-09T00:46:43.155054+02:00,36435235,Brasileiro Serie A,Brazil,CA Paranaense PR,Atletico Mineiro MG,2026-10-08T23:00:00+00:00,13.2807,soccer.match_odds,period=ft,away,,3.75
2026-10-09T00:46:43.155054+02:00,36435235,Brasileiro Serie A,Brazil,CA Paranaense PR,Atletico Mineiro MG,2026-10-08T23:00:00+00:00,13.2807,soccer.total_goals,period=ft,over,total=2.5,1.89
2026-10-09T00:46:43.155054+02:00,36435235,Brasileiro Serie A,Brazil,CA Paranaense PR,Atletico Mineiro MG,2026-10-08T23:00:00+00:00,13.2807,soccer.total_goals,period=ft,under,total=2.5,1.98
2026-10-09T00:46:43.155054+02:00,36435235,Brasileiro Serie A,Brazil,CA Paranaense PR,Atletico Mineiro MG,2026-10-08T23:00:00+00:00,13.2807,soccer.total_goals,period=ft,over,total=1.5,1.26
2026-10-09T00:46:43.155054+02:00,36435235,Brasileiro Serie A,Brazil,CA Paranaense PR,Atletico Mineiro MG,2026-10-08T23:00:00+00:00,13.2807,soccer.total_goals,period=ft,under,total=1.5,3.8
2026-10-09T00:46:43.155054+02:00,36435235,Brasileiro Serie A,Brazil,CA Paranaense PR,Atletico Mineiro MG,2026-10-08T23:00:00+00:00,13.2807,soccer.total_goals,period=ft,over,total=2,1.41
2026-10-09T00:46:43.155054+02:00,36435235,Brasileiro Serie A,Brazil,CA Paranaense PR,Atletico Mineiro MG,2026-10-08T23:00:00+00:00,13.2807,soccer.total_goals,period=ft,under,total=2,2.95
2026-10-09T00:46:43.155054+02:00,36435235,Brasileiro Serie A,Brazil,CA Paranaense PR,Atletico Mineiro MG,2026-10-08T23:00:00+00:00,13.2807,soccer.total_goals,period=ft,over,total=2.25,1.64
2026-10-09T00:46:43.155054+02:00,36435235,Brasileiro Serie A,Brazil,CA Paranaense PR,Atletico Mineiro MG,2026-10-08T23:00:00+00:00,13.2807,soccer.total_goals,period=ft,under,total=2.25,2.25
2026-10-09T00:46:43.155054+02:00,36435235,Brasileiro Serie A,Brazil,CA Paranaense PR,Atletico Mineiro MG,2026-10-08T23:00:00+00:00,13.2807,soccer.total_goals,period=ft,over,total=2.75,2.1
2026-10-09T00:46:43.155054+02:00,36435235,Brasileiro Serie A,Brazil,CA Paranaense PR,Atletico Mineiro MG,2026-10-08T23:00:00+00:00,13.2807,soccer.total_goals,period=ft,under,total=2.75,1.75
2026-10-09T00:46:43.155054+02:00,36435235,Brasileiro Serie A,Brazil,CA Paranaense PR,Atletico Mineiro MG,2026-10-08T23:00:00+00:00,13.2807,soccer.total_goals,period=ft,over,total=3,2.5
2026-10-09T00:46:43.155054+02:00,36435235,Brasileiro Serie A,Brazil,CA Paranaense PR,Atletico Mineiro MG,2026-10-08T23:00:00+00:00,13.2807,soccer.total_goals,period=ft,under,total=3,1.54
2026-10-09T00:46:43.155054+02:00,36435235,Brasileiro Serie A,Brazil,CA Paranaense PR,Atletico Mineiro MG,2026-10-08T23:00:00+00:00,13.2807,soccer.total_goals,period=ft,over,total=3.5,3.15
2026-10-09T00:46:43.155054+02:00,36435235,Brasileiro Serie A,Brazil,CA Paranaense PR,Atletico Mineiro MG,2026-10-08T23:00:00+00:00,13.2807,soccer.total_goals,period=ft,under,total=3.5,1.35
2026-10-09T00:46:43.155054+02:00,36435235,Brasileiro Serie A,Brazil,CA Paranaense PR,Atletico Mineiro MG,2026-10-08T23:00:00+00:00,13.2807,soccer.total_goals,period=ft,over,total=4.5,6.3
2026-10-09T00:46:43.155054+02:00,36435235,Brasileiro Serie A,Brazil,CA Paranaense PR,Atletico Mineiro MG,2026-10-08T23:00:00+00:00,13.2807,soccer.total_goals,period=ft,under,total=4.5,1.12
2026-10-09T00:46:43.155054+02:00,36626420,"Primera A, Clausura",Colombia,Atletico Nacional Medellin,CD Tolima,2026-10-08T23:05:00+00:00,18.2807,soccer.asian_handicap,period=ft,home,handicap=-0.75,1.91
2026-10-09T00:46:43.155054+02:00,36626420,"Primera A, Clausura",Colombia,Atletico Nacional Medellin,CD Tolima,2026-10-08T23:05:00+00:00,18.2807,soccer.asian_handicap,period=ft,away,handicap=-0.75,1.91
2026-10-09T00:46:43.155054+02:00,36626420,"Primera A, Clausura",Colombia,Atletico Nacional Medellin,CD Tolima,2026-10-08T23:05:00+00:00,18.2807,soccer.asian_handicap,period=ft,home,handicap=-1.75,3.6
2026-10-09T00:46:43.155054+02:00,36626420,"Primera A, Clausura",Colombia,Atletico Nacional Medellin,CD Tolima,2026-10-08T23:05:00+00:00,18.2807,soccer.asian_handicap,period=ft,away,handicap=-1.75,1.28
2026-10-09T00:46:43.155054+02:00,36626420,"Primera A, Clausura",Colombia,Atletico Nacional Medellin,CD Tolima,2026-10-08T23:05:00+00:00,18.2807,soccer.asian_handicap,period=ft,home,handicap=-1.5,2.9
2026-10-09T00:46:43.155054+02:00,36626420,"Primera A, Clausura",Colombia,Atletico Nacional Medellin,CD Tolima,2026-10-08T23:05:00+00:00,18.2807,soccer.asian_handicap,period=ft,away,handicap=-1.5,1.39
2026-10-09T00:46:43.155054+02:00,36626420,"Primera A, Clausura",Colombia,Atletico Nacional Medellin,CD Tolima,2026-10-08T23:05:00+00:00,18.2807,soccer.asian_handicap,period=ft,home,handicap=-1.25,2.6
2026-10-09T00:46:43.155054+02:00,36626420,"Primera A, Clausura",Colombia,Atletico Nacional Medellin,CD Tolima,2026-10-08T23:05:00+00:00,18.2807,soccer.asian_handicap,period=ft,away,handicap=-1.25,1.49
2026-10-09T00:46:43.155054+02:00,36626420,"Primera A, Clausura",Colombia,Atletico Nacional Medellin,CD Tolima,2026-10-08T23:05:00+00:00,18.2807,soccer.asian_handicap,period=ft,home,handicap=-1,2.25
2026-10-09T00:46:43.155054+02:00,36626420,"Primera A, Clausura",Colombia,Atletico Nacional Medellin,CD Tolima,2026-10-08T23:05:00+00:00,18.2807,soccer.asian_handicap,period=ft,away,handicap=-1,1.65
2026-10-09T00:46:43.155054+02:00,36626420,"Primera A, Clausura",Colombia,Atletico Nacional Medellin,CD Tolima,2026-10-08T23:05:00+00:00,18.2807,soccer.asian_handicap,period=ft,home,handicap=-0.5,1.7
2026-10-09T00:46:43.155054+02:00,36626420,"Primera A, Clausura",Colombia,Atletico Nacional Medellin,CD Tolima,2026-10-08T23:05:00+00:00,18.2807,soccer.asian_handicap,period=ft,away,handicap=-0.5,2.16
2026-10-09T00:46:43.155054+02:00,36626420,"Primera A, Clausura",Colombia,Atletico Nacional Medellin,CD Tolima,2026-10-08T23:05:00+00:00,18.2807,soccer.asian_handicap,period=ft,home,handicap=-0.25,1.48
2026-10-09T00:46:43.155054+02:00,36626420,"Primera A, Clausura",Colombia,Atletico Nacional Medellin,CD Tolima,2026-10-08T23:05:00+00:00,18.2807,soccer.asian_handicap,period=ft,away,handicap=-0.25,2.65
2026-10-09T00:46:43.155054+02:00,36626420,"Primera A, Clausura",Colombia,Atletico Nacional Medellin,CD Tolima,2026-10-08T23:05:00+00:00,18.2807,soccer.asian_handicap,period=ft,home,handicap=0,1.25
2026-10-09T00:46:43.155054+02:00,36626420,"Primera A, Clausura",Colombia,Atletico Nacional Medellin,CD Tolima,2026-10-08T23:05:00+00:00,18.2807,soccer.asian_handicap,period=ft,away,handicap=0,3.8
2026-10-09T00:46:43.155054+02:00,36626420,"Primera A, Clausura",Colombia,Atletico Nacional Medellin,CD Tolima,2026-10-08T23:05:00+00:00,18.2807,soccer.asian_handicap,period=ft,home,handicap=0.25,1.2
2026-10-09T00:46:43.155054+02:00,36626420,"Primera A, Clausura",Colombia,Atletico Nacional Medellin,CD Tolima,2026-10-08T23:05:00+00:00,18.2807,soccer.asian_handicap,period=ft,away,handicap=0.25,4.45
2026-10-09T00:46:43.155054+02:00,36626420,"Primera A, Clausura",Colombia,Atletico Nacional Medellin,CD Tolima,2026-10-08T23:05:00+00:00,18.2807,soccer.double_chance,period=ft,draw_away,,2.08
2026-10-09T00:46:43.155054+02:00,36626420,"Primera A, Clausura",Colombia,Atletico Nacional Medellin,CD Tolima,2026-10-08T23:05:00+00:00,18.2807,soccer.double_chance,period=ft,home_away,,1.27
2026-10-09T00:46:43.155054+02:00,36626420,"Primera A, Clausura",Colombia,Atletico Nacional Medellin,CD Tolima,2026-10-08T23:05:00+00:00,18.2807,soccer.double_chance,period=ft,home_draw,,1.2
2026-10-09T00:46:43.155054+02:00,36626420,"Primera A, Clausura",Colombia,Atletico Nacional Medellin,CD Tolima,2026-10-08T23:05:00+00:00,18.2807,soccer.match_odds,period=ft,home,,1.7
2026-10-09T00:46:43.155054+02:00,36626420,"Primera A, Clausura",Colombia,Atletico Nacional Medellin,CD Tolima,2026-10-08T23:05:00+00:00,18.2807,soccer.match_odds,period=ft,draw,,3.55
2026-10-09T00:46:43.155054+02:00,36626420,"Primera A, Clausura",Colombia,Atletico Nacional Medellin,CD Tolima,2026-10-08T23:05:00+00:00,18.2807,soccer.match_odds,period=ft,away,,5.15
2026-10-09T00:46:43.155054+02:00,36626420,"Primera A, Clausura",Colombia,Atletico Nacional Medellin,CD Tolima,2026-10-08T23:05:00+00:00,18.2807,soccer.total_goals,period=ft,over,total=2.5,1.86
2026-10-09T00:46:43.155054+02:00,36626420,"Primera A, Clausura",Colombia,Atletico Nacional Medellin,CD Tolima,2026-10-08T23:05:00+00:00,18.2807,soccer.total_goals,period=ft,under,total=2.5,1.95
2026-10-09T00:46:43.155054+02:00,36626420,"Primera A, Clausura",Colombia,Atletico Nacional Medellin,CD Tolima,2026-10-08T23:05:00+00:00,18.2807,soccer.total_goals,period=ft,over,total=1.5,1.26
2026-10-09T00:46:43.155054+02:00,36626420,"Primera A, Clausura",Colombia,Atletico Nacional Medellin,CD Tolima,2026-10-08T23:05:00+00:00,18.2807,soccer.total_goals,period=ft,under,total=1.5,3.7
2026-10-09T00:46:43.155054+02:00,36626420,"Primera A, Clausura",Colombia,Atletico Nacional Medellin,CD Tolima,2026-10-08T23:05:00+00:00,18.2807,soccer.total_goals,period=ft,over,total=2,1.4
2026-10-09T00:46:43.155054+02:00,36626420,"Primera A, Clausura",Colombia,Atletico Nacional Medellin,CD Tolima,2026-10-08T23:05:00+00:00,18.2807,soccer.total_goals,period=ft,under,total=2,2.85
2026-10-09T00:46:43.155054+02:00,36626420,"Primera A, Clausura",Colombia,Atletico Nacional Medellin,CD Tolima,2026-10-08T23:05:00+00:00,18.2807,soccer.total_goals,period=ft,over,total=2.25,1.63
2026-10-09T00:46:43.155054+02:00,36626420,"Primera A, Clausura",Colombia,Atletico Nacional Medellin,CD Tolima,2026-10-08T23:05:00+00:00,18.2807,soccer.total_goals,period=ft,under,total=2.25,2.25
2026-10-09T00:46:43.155054+02:00,36626420,"Primera A, Clausura",Colombia,Atletico Nacional Medellin,CD Tolima,2026-10-08T23:05:00+00:00,18.2807,soccer.total_goals,period=ft,over,total=2.75,2.09
2026-10-09T00:46:43.155054+02:00,36626420,"Primera A, Clausura",Colombia,Atletico Nacional Medellin,CD Tolima,2026-10-08T23:05:00+00:00,18.2807,soccer.total_goals,period=ft,under,total=2.75,1.73
2026-10-09T00:46:43.155054+02:00,36626420,"Primera A, Clausura",Colombia,Atletico Nacional Medellin,CD Tolima,2026-10-08T23:05:00+00:00,18.2807,soccer.total_goals,period=ft,over,total=3,2.5
2026-10-09T00:46:43.155054+02:00,36626420,"Primera A, Clausura",Colombia,Atletico Nacional Medellin,CD Tolima,2026-10-08T23:05:00+00:00,18.2807,soccer.total_goals,period=ft,under,total=3,1.52
2026-10-09T00:46:43.155054+02:00,36626420,"Primera A, Clausura",Colombia,Atletico Nacional Medellin,CD Tolima,2026-10-08T23:05:00+00:00,18.2807,soccer.total_goals,period=ft,over,total=3.5,3.1
2026-10-09T00:46:43.155054+02:00,36626420,"Primera A, Clausura",Colombia,Atletico Nacional Medellin,CD Tolima,2026-10-08T23:05:00+00:00,18.2807,soccer.total_goals,period=ft,under,total=3.5,1.34
2026-10-09T00:46:43.155054+02:00,36626420,"Primera A, Clausura",Colombia,Atletico Nacional Medellin,CD Tolima,2026-10-08T23:05:00+00:00,18.2807,soccer.total_goals,period=ft,over,total=4.5,6.25
2026-10-09T00:46:43.155054+02:00,36626420,"Primera A, Clausura",Colombia,Atletico Nacional Medellin,CD Tolima,2026-10-08T23:05:00+00:00,18.2807,soccer.total_goals,period=ft,under,total=4.5,1.11
