captured_at_local,event_id,competition,category,home_team,away_team,kickoff_utc,minutes_to_kickoff,market,submarket,outcome,params,price
2026-10-10T00:01:32.526225+02:00,36626421,Primera Division,Uruguay,Deportivo Maldonado,Liverpool Montevideo,2026-10-09T23:00:00+00:00,58.4579,soccer.asian_handicap,period=ft,home,handicap=-0.25,2.09
2026-10-10T00:01:32.526225+02:00,36626421,Primera Division,Uruguay,Deportivo Maldonado,Liverpool Montevideo,2026-10-09T23:00:00+00:00,58.4579,soccer.asian_handicap,period=ft,away,handicap=-0.25,1.76
2026-10-10T00:01:32.526225+02:00,36626421,Primera Division,Uruguay,Deportivo Maldonado,Liverpool Montevideo,2026-10-09T23:00:00+00:00,58.4579,soccer.asian_handicap,period=ft,home,handicap=-1.25,4.6
2026-10-10T00:01:32.526225+02:00,36626421,Primera Division,Uruguay,Deportivo Maldonado,Liverpool Montevideo,2026-10-09T23:00:00+00:00,58.4579,soccer.asian_handicap,period=ft,away,handicap=-1.25,1.19
2026-10-10T00:01:32.526225+02:00,36626421,Primera Division,Uruguay,Deportivo Maldonado,Liverpool Montevideo,2026-10-09T23:00:00+00:00,58.4579,soccer.asian_handicap,period=ft,home,handicap=-1,4.1
2026-10-10T00:01:32.526225+02:00,36626421,Primera Division,Uruguay,Deportivo Maldonado,Liverpool Montevideo,2026-10-09T23:00:00+00:00,58.4579,soccer.asian_handicap,period=ft,away,handicap=-1,1.23
2026-10-10T00:01:32.526225+02:00,36626421,Primera Division,Uruguay,Deportivo Maldonado,Liverpool Montevideo,2026-10-09T23:00:00+00:00,58.4579,soccer.asian_handicap,period=ft,home,handicap=-0.75,2.95
2026-10-10T00:01:32.526225+02:00,36626421,Primera Division,Uruguay,Deportivo Maldonado,Liverpool Montevideo,2026-10-09T23:00:00+00:00,58.4579,soccer.asian_handicap,period=ft,away,handicap=-0.75,1.39
2026-10-10T00:01:32.526225+02:00,36626421,Primera Division,Uruguay,Deportivo Maldonado,Liverpool Montevideo,2026-10-09T23:00:00+00:00,58.4579,soccer.asian_handicap,period=ft,home,handicap=-0.5,2.4
2026-10-10T00:01:32.526225+02:00,36626421,Primera Division,Uruguay,Deportivo Maldonado,Liverpool Montevideo,2026-10-09T23:00:00+00:00,58.4579,soccer.asian_handicap,period=ft,away,handicap=-0.5,1.56
2026-10-10T00:01:32.526225+02:00,36626421,Primera Division,Uruguay,Deportivo Maldonado,Liverpool Montevideo,2026-10-09T23:00:00+00:00,58.4579,soccer.asian_handicap,period=ft,home,handicap=0,1.72
2026-10-10T00:01:32.526225+02:00,36626421,Primera Division,Uruguay,Deportivo Maldonado,Liverpool Montevideo,2026-10-09T23:00:00+00:00,58.4579,soccer.asian_handicap,period=ft,away,handicap=0,2.12
2026-10-10T00:01:32.526225+02:00,36626421,Primera Division,Uruguay,Deportivo Maldonado,Liverpool Montevideo,2026-10-09T23:00:00+00:00,58.4579,soccer.asian_handicap,period=ft,home,handicap=0.25,1.51
2026-10-10T00:01:32.526225+02:00,36626421,Primera Division,Uruguay,Deportivo Maldonado,Liverpool Montevideo,2026-10-09T23:00:00+00:00,58.4579,soccer.asian_handicap,period=ft,away,handicap=0.25,2.55
2026-10-10T00:01:32.526225+02:00,36626421,Primera Division,Uruguay,Deportivo Maldonado,Liverpool Montevideo,2026-10-09T23:00:00+00:00,58.4579,soccer.asian_handicap,period=ft,home,handicap=0.5,1.38
2026-10-10T00:01:32.526225+02:00,36626421,Primera Division,Uruguay,Deportivo Maldonado,Liverpool Montevideo,2026-10-09T23:00:00+00:00,58.4579,soccer.asian_handicap,period=ft,away,handicap=0.5,2.95
2026-10-10T00:01:32.526225+02:00,36626421,Primera Division,Uruguay,Deportivo Maldonado,Liverpool Montevideo,2026-10-09T23:00:00+00:00,58.4579,soccer.asian_handicap,period=ft,home,handicap=0.75,1.26
2026-10-10T00:01:32.526225+02:00,36626421,Primera Division,Uruguay,Deportivo Maldonado,Liverpool Montevideo,2026-10-09T23:00:00+00:00,58.4579,soccer.asian_handicap,period=ft,away,handicap=0.75,3.75
2026-10-10T00:01:32.526225+02:00,36626421,Primera Division,Uruguay,Deportivo Maldonado,Liverpool Montevideo,2026-10-09T23:00:00+00:00,58.4579,soccer.double_chance,period=ft,draw_away,,1.54
2026-10-10T00:01:32.526225+02:00,36626421,Primera Division,Uruguay,Deportivo Maldonado,Liverpool Montevideo,2026-10-09T23:00:00+00:00,58.4579,soccer.double_chance,period=ft,home_away,,1.34
2026-10-10T00:01:32.526225+02:00,36626421,Primera Division,Uruguay,Deportivo Maldonado,Liverpool Montevideo,2026-10-09T23:00:00+00:00,58.4579,soccer.double_chance,period=ft,home_draw,,1.38
2026-10-10T00:01:32.526225+02:00,36626421,Primera Division,Uruguay,Deportivo Maldonado,Liverpool Montevideo,2026-10-09T23:00:00+00:00,58.4579,soccer.match_odds,period=ft,home,,2.4
2026-10-10T00:01:32.526225+02:00,36626421,Primera Division,Uruguay,Deportivo Maldonado,Liverpool Montevideo,2026-10-09T23:00:00+00:00,58.4579,soccer.match_odds,period=ft,draw,,3.2
2026-10-10T00:01:32.526225+02:00,36626421,Primera Division,Uruguay,Deportivo Maldonado,Liverpool Montevideo,2026-10-09T23:00:00+00:00,58.4579,soccer.match_odds,period=ft,away,,3.0
2026-10-10T00:01:32.526225+02:00,36626421,Primera Division,Uruguay,Deportivo Maldonado,Liverpool Montevideo,2026-10-09T23:00:00+00:00,58.4579,soccer.total_goals,period=ft,over,total=2.25,1.82
2026-10-10T00:01:32.526225+02:00,36626421,Primera Division,Uruguay,Deportivo Maldonado,Liverpool Montevideo,2026-10-09T23:00:00+00:00,58.4579,soccer.total_goals,period=ft,under,total=2.25,1.99
2026-10-10T00:01:32.526225+02:00,36626421,Primera Division,Uruguay,Deportivo Maldonado,Liverpool Montevideo,2026-10-09T23:00:00+00:00,58.4579,soccer.total_goals,period=ft,over,total=1.5,1.32
2026-10-10T00:01:32.526225+02:00,36626421,Primera Division,Uruguay,Deportivo Maldonado,Liverpool Montevideo,2026-10-09T23:00:00+00:00,58.4579,soccer.total_goals,period=ft,under,total=1.5,3.25
2026-10-10T00:01:32.526225+02:00,36626421,Primera Division,Uruguay,Deportivo Maldonado,Liverpool Montevideo,2026-10-09T23:00:00+00:00,58.4579,soccer.total_goals,period=ft,over,total=1.75,1.41
2026-10-10T00:01:32.526225+02:00,36626421,Primera Division,Uruguay,Deportivo Maldonado,Liverpool Montevideo,2026-10-09T23:00:00+00:00,58.4579,soccer.total_goals,period=ft,under,total=1.75,2.85
2026-10-10T00:01:32.526225+02:00,36626421,Primera Division,Uruguay,Deportivo Maldonado,Liverpool Montevideo,2026-10-09T23:00:00+00:00,58.4579,soccer.total_goals,period=ft,over,total=2,1.54
2026-10-10T00:01:32.526225+02:00,36626421,Primera Division,Uruguay,Deportivo Maldonado,Liverpool Montevideo,2026-10-09T23:00:00+00:00,58.4579,soccer.total_goals,period=ft,under,total=2,2.45
2026-10-10T00:01:32.526225+02:00,36626421,Primera Division,Uruguay,Deportivo Maldonado,Liverpool Montevideo,2026-10-09T23:00:00+00:00,58.4579,soccer.total_goals,period=ft,over,total=2.5,2.08
2026-10-10T00:01:32.526225+02:00,36626421,Primera Division,Uruguay,Deportivo Maldonado,Liverpool Montevideo,2026-10-09T23:00:00+00:00,58.4579,soccer.total_goals,period=ft,under,total=2.5,1.74
2026-10-10T00:01:32.526225+02:00,36626421,Primera Division,Uruguay,Deportivo Maldonado,Liverpool Montevideo,2026-10-09T23:00:00+00:00,58.4579,soccer.total_goals,period=ft,over,total=2.75,2.4
2026-10-10T00:01:32.526225+02:00,36626421,Primera Division,Uruguay,Deportivo Maldonado,Liverpool Montevideo,2026-10-09T23:00:00+00:00,58.4579,soccer.total_goals,period=ft,under,total=2.75,1.55
2026-10-10T00:01:32.526225+02:00,36626421,Primera Division,Uruguay,Deportivo Maldonado,Liverpool Montevideo,2026-10-09T23:00:00+00:00,58.4579,soccer.total_goals,period=ft,over,total=3.5,3.7
2026-10-10T00:01:32.526225+02:00,36626421,Primera Division,Uruguay,Deportivo Maldonado,Liverpool Montevideo,2026-10-09T23:00:00+00:00,58.4579,soccer.total_goals,period=ft,under,total=3.5,1.26
2026-10-10T00:01:32.526225+02:00,36625214,"Primera A, Clausura",Colombia,Alianza FC Valledupar,Aguilas Doradas Rionegro,2026-10-09T23:00:00+00:00,58.4579,soccer.asian_handicap,period=ft,home,handicap=-0.25,2.07
2026-10-10T00:01:32.526225+02:00,36625214,"Primera A, Clausura",Colombia,Alianza FC Valledupar,Aguilas Doradas Rionegro,2026-10-09T23:00:00+00:00,58.4579,soccer.asian_handicap,period=ft,away,handicap=-0.25,1.77
2026-10-10T00:01:32.526225+02:00,36625214,"Primera A, Clausura",Colombia,Alianza FC Valledupar,Aguilas Doradas Rionegro,2026-10-09T23:00:00+00:00,58.4579,soccer.asian_handicap,period=ft,home,handicap=-1.25,4.75
2026-10-10T00:01:32.526225+02:00,36625214,"Primera A, Clausura",Colombia,Alianza FC Valledupar,Aguilas Doradas Rionegro,2026-10-09T23:00:00+00:00,58.4579,soccer.asian_handicap,period=ft,away,handicap=-1.25,1.18
2026-10-10T00:01:32.526225+02:00,36625214,"Primera A, Clausura",Colombia,Alianza FC Valledupar,Aguilas Doradas Rionegro,2026-10-09T23:00:00+00:00,58.4579,soccer.asian_handicap,period=ft,home,handicap=-1,4.2
2026-10-10T00:01:32.526225+02:00,36625214,"Primera A, Clausura",Colombia,Alianza FC Valledupar,Aguilas Doradas Rionegro,2026-10-09T23:00:00+00:00,58.4579,soccer.asian_handicap,period=ft,away,handicap=-1,1.22
2026-10-10T00:01:32.526225+02:00,36625214,"Primera A, Clausura",Colombia,Alianza FC Valledupar,Aguilas Doradas Rionegro,2026-10-09T23:00:00+00:00,58.4579,soccer.asian_handicap,period=ft,home,handicap=-0.75,2.95
2026-10-10T00:01:32.526225+02:00,36625214,"Primera A, Clausura",Colombia,Alianza FC Valledupar,Aguilas Doradas Rionegro,2026-10-09T23:00:00+00:00,58.4579,soccer.asian_handicap,period=ft,away,handicap=-0.75,1.39
2026-10-10T00:01:32.526225+02:00,36625214,"Primera A, Clausura",Colombia,Alianza FC Valledupar,Aguilas Doradas Rionegro,2026-10-09T23:00:00+00:00,58.4579,soccer.asian_handicap,period=ft,home,handicap=-0.5,2.4
2026-10-10T00:01:32.526225+02:00,36625214,"Primera A, Clausura",Colombia,Alianza FC Valledupar,Aguilas Doradas Rionegro,2026-10-09T23:00:00+00:00,58.4579,soccer.asian_handicap,period=ft,away,handicap=-0.5,1.57
2026-10-10T00:01:32.526225+02:00,36625214,"Primera A, Clausura",Colombia,Alianza FC Valledupar,Aguilas Doradas Rionegro,2026-10-09T23:00:00+00:00,58.4579,soccer.asian_handicap,period=ft,home,handicap=0,1.71
2026-10-10T00:01:32.526225+02:00,36625214,"Primera A, Clausura",Colombia,Alianza FC Valledupar,Aguilas Doradas Rionegro,2026-10-09T23:00:00+00:00,58.4579,soccer.asian_handicap,period=ft,away,handicap=0,2.14
2026-10-10T00:01:32.526225+02:00,36625214,"Primera A, Clausura",Colombia,Alianza FC Valledupar,Aguilas Doradas Rionegro,2026-10-09T23:00:00+00:00,58.4579,soccer.asian_handicap,period=ft,home,handicap=0.25,1.5
2026-10-10T00:01:32.526225+02:00,36625214,"Primera A, Clausura",Colombia,Alianza FC Valledupar,Aguilas Doradas Rionegro,2026-10-09T23:00:00+00:00,58.4579,soccer.asian_handicap,period=ft,away,handicap=0.25,2.55
2026-10-10T00:01:32.526225+02:00,36625214,"Primera A, Clausura",Colombia,Alianza FC Valledupar,Aguilas Doradas Rionegro,2026-10-09T23:00:00+00:00,58.4579,soccer.asian_handicap,period=ft,home,handicap=0.5,1.38
2026-10-10T00:01:32.526225+02:00,36625214,"Primera A, Clausura",Colombia,Alianza FC Valledupar,Aguilas Doradas Rionegro,2026-10-09T23:00:00+00:00,58.4579,soccer.asian_handicap,period=ft,away,handicap=0.5,2.95
2026-10-10T00:01:32.526225+02:00,36625214,"Primera A, Clausura",Colombia,Alianza FC Valledupar,Aguilas Doradas Rionegro,2026-10-09T23:00:00+00:00,58.4579,soccer.asian_handicap,period=ft,home,handicap=0.75,1.26
2026-10-10T00:01:32.526225+02:00,36625214,"Primera A, Clausura",Colombia,Alianza FC Valledupar,Aguilas Doradas Rionegro,2026-10-09T23:00:00+00:00,58.4579,soccer.asian_handicap,period=ft,away,handicap=0.75,3.75
2026-10-10T00:01:32.526225+02:00,36625214,"Primera A, Clausura",Colombia,Alianza FC Valledupar,Aguilas Doradas Rionegro,2026-10-09T23:00:00+00:00,58.4579,soccer.double_chance,period=ft,draw_away,,1.55
2026-10-10T00:01:32.526225+02:00,36625214,"Primera A, Clausura",Colombia,Alianza FC Valledupar,Aguilas Doradas Rionegro,2026-10-09T23:00:00+00:00,58.4579,soccer.double_chance,period=ft,home_away,,1.36
2026-10-10T00:01:32.526225+02:00,36625214,"Primera A, Clausura",Colombia,Alianza FC Valledupar,Aguilas Doradas Rionegro,2026-10-09T23:00:00+00:00,58.4579,soccer.double_chance,period=ft,home_draw,,1.39
2026-10-10T00:01:32.526225+02:00,36625214,"Primera A, Clausura",Colombia,Alianza FC Valledupar,Aguilas Doradas Rionegro,2026-10-09T23:00:00+00:00,58.4579,soccer.match_odds,period=ft,home,,2.4
2026-10-10T00:01:32.526225+02:00,36625214,"Primera A, Clausura",Colombia,Alianza FC Valledupar,Aguilas Doradas Rionegro,2026-10-09T23:00:00+00:00,58.4579,soccer.match_odds,period=ft,draw,,3.2
2026-10-10T00:01:32.526225+02:00,36625214,"Primera A, Clausura",Colombia,Alianza FC Valledupar,Aguilas Doradas Rionegro,2026-10-09T23:00:00+00:00,58.4579,soccer.match_odds,period=ft,away,,3.0
2026-10-10T00:01:32.526225+02:00,36625214,"Primera A, Clausura",Colombia,Alianza FC Valledupar,Aguilas Doradas Rionegro,2026-10-09T23:00:00+00:00,58.4579,soccer.total_goals,period=ft,over,total=2.25,1.9
2026-10-10T00:01:32.526225+02:00,36625214,"Primera A, Clausura",Colombia,Alianza FC Valledupar,Aguilas Doradas Rionegro,2026-10-09T23:00:00+00:00,58.4579,soccer.total_goals,period=ft,under,total=2.25,1.9
2026-10-10T00:01:32.526225+02:00,36625214,"Primera A, Clausura",Colombia,Alianza FC Valledupar,Aguilas Doradas Rionegro,2026-10-09T23:00:00+00:00,58.4579,soccer.total_goals,period=ft,over,total=1.5,1.36
2026-10-10T00:01:32.526225+02:00,36625214,"Primera A, Clausura",Colombia,Alianza FC Valledupar,Aguilas Doradas Rionegro,2026-10-09T23:00:00+00:00,58.4579,soccer.total_goals,period=ft,under,total=1.5,3.05
2026-10-10T00:01:32.526225+02:00,36625214,"Primera A, Clausura",Colombia,Alianza FC Valledupar,Aguilas Doradas Rionegro,2026-10-09T23:00:00+00:00,58.4579,soccer.total_goals,period=ft,over,total=1.75,1.46
2026-10-10T00:01:32.526225+02:00,36625214,"Primera A, Clausura",Colombia,Alianza FC Valledupar,Aguilas Doradas Rionegro,2026-10-09T23:00:00+00:00,58.4579,soccer.total_goals,period=ft,under,total=1.75,2.65
2026-10-10T00:01:32.526225+02:00,36625214,"Primera A, Clausura",Colombia,Alianza FC Valledupar,Aguilas Doradas Rionegro,2026-10-09T23:00:00+00:00,58.4579,soccer.total_goals,period=ft,over,total=2,1.61
2026-10-10T00:01:32.526225+02:00,36625214,"Primera A, Clausura",Colombia,Alianza FC Valledupar,Aguilas Doradas Rionegro,2026-10-09T23:00:00+00:00,58.4579,soccer.total_goals,period=ft,under,total=2,2.3
2026-10-10T00:01:32.526225+02:00,36625214,"Primera A, Clausura",Colombia,Alianza FC Valledupar,Aguilas Doradas Rionegro,2026-10-09T23:00:00+00:00,58.4579,soccer.total_goals,period=ft,over,total=2.5,2.18
2026-10-10T00:01:32.526225+02:00,36625214,"Primera A, Clausura",Colombia,Alianza FC Valledupar,Aguilas Doradas Rionegro,2026-10-09T23:00:00+00:00,58.4579,soccer.total_goals,period=ft,under,total=2.5,1.67
2026-10-10T00:01:32.526225+02:00,36625214,"Primera A, Clausura",Colombia,Alianza FC Valledupar,Aguilas Doradas Rionegro,2026-10-09T23:00:00+00:00,58.4579,soccer.total_goals,period=ft,over,total=2.75,2.5
2026-10-10T00:01:32.526225+02:00,36625214,"Primera A, Clausura",Colombia,Alianza FC Valledupar,Aguilas Doradas Rionegro,2026-10-09T23:00:00+00:00,58.4579,soccer.total_goals,period=ft,under,total=2.75,1.5
2026-10-10T00:01:32.526225+02:00,36625214,"Primera A, Clausura",Colombia,Alianza FC Valledupar,Aguilas Doradas Rionegro,2026-10-09T23:00:00+00:00,58.4579,soccer.total_goals,period=ft,over,total=3.5,3.95
2026-10-10T00:01:32.526225+02:00,36625214,"Primera A, Clausura",Colombia,Alianza FC Valledupar,Aguilas Doradas Rionegro,2026-10-09T23:00:00+00:00,58.4579,soccer.total_goals,period=ft,under,total=3.5,1.23
2026-10-10T00:01:32.526225+02:00,36628412,USL Championship,USA,Lexington SC,FC Tulsa,2026-10-09T23:30:00+00:00,88.4579,soccer.asian_handicap,period=ft,home,handicap=-0.75,1.82
2026-10-10T00:01:32.526225+02:00,36628412,USL Championship,USA,Lexington SC,FC Tulsa,2026-10-09T23:30:00+00:00,88.4579,soccer.asian_handicap,period=ft,away,handicap=-0.75,1.99
2026-10-10T00:01:32.526225+02:00,36628412,USL Championship,USA,Lexington SC,FC Tulsa,2026-10-09T23:30:00+00:00,88.4579,soccer.asian_handicap,period=ft,home,handicap=-1.75,3.55
2026-10-10T00:01:32.526225+02:00,36628412,USL Championship,USA,Lexington SC,FC Tulsa,2026-10-09T23:30:00+00:00,88.4579,soccer.asian_handicap,period=ft,away,handicap=-1.75,1.27
2026-10-10T00:01:32.526225+02:00,36628412,USL Championship,USA,Lexington SC,FC Tulsa,2026-10-09T23:30:00+00:00,88.4579,soccer.asian_handicap,period=ft,home,handicap=-1.5,2.85
2026-10-10T00:01:32.526225+02:00,36628412,USL Championship,USA,Lexington SC,FC Tulsa,2026-10-09T23:30:00+00:00,88.4579,soccer.asian_handicap,period=ft,away,handicap=-1.5,1.39
2026-10-10T00:01:32.526225+02:00,36628412,USL Championship,USA,Lexington SC,FC Tulsa,2026-10-09T23:30:00+00:00,88.4579,soccer.asian_handicap,period=ft,home,handicap=-1.25,2.5
2026-10-10T00:01:32.526225+02:00,36628412,USL Championship,USA,Lexington SC,FC Tulsa,2026-10-09T23:30:00+00:00,88.4579,soccer.asian_handicap,period=ft,away,handicap=-1.25,1.51
2026-10-10T00:01:32.526225+02:00,36628412,USL Championship,USA,Lexington SC,FC Tulsa,2026-10-09T23:30:00+00:00,88.4579,soccer.asian_handicap,period=ft,home,handicap=-1,2.16
2026-10-10T00:01:32.526225+02:00,36628412,USL Championship,USA,Lexington SC,FC Tulsa,2026-10-09T23:30:00+00:00,88.4579,soccer.asian_handicap,period=ft,away,handicap=-1,1.68
2026-10-10T00:01:32.526225+02:00,36628412,USL Championship,USA,Lexington SC,FC Tulsa,2026-10-09T23:30:00+00:00,88.4579,soccer.asian_handicap,period=ft,home,handicap=-0.5,1.62
2026-10-10T00:01:32.526225+02:00,36628412,USL Championship,USA,Lexington SC,FC Tulsa,2026-10-09T23:30:00+00:00,88.4579,soccer.asian_handicap,period=ft,away,handicap=-0.5,2.25
2026-10-10T00:01:32.526225+02:00,36628412,USL Championship,USA,Lexington SC,FC Tulsa,2026-10-09T23:30:00+00:00,88.4579,soccer.asian_handicap,period=ft,home,handicap=-0.25,1.43
2026-10-10T00:01:32.526225+02:00,36628412,USL Championship,USA,Lexington SC,FC Tulsa,2026-10-09T23:30:00+00:00,88.4579,soccer.asian_handicap,period=ft,away,handicap=-0.25,2.8
2026-10-10T00:01:32.526225+02:00,36628412,USL Championship,USA,Lexington SC,FC Tulsa,2026-10-09T23:30:00+00:00,88.4579,soccer.asian_handicap,period=ft,home,handicap=0,1.23
2026-10-10T00:01:32.526225+02:00,36628412,USL Championship,USA,Lexington SC,FC Tulsa,2026-10-09T23:30:00+00:00,88.4579,soccer.asian_handicap,period=ft,away,handicap=0,4.0
2026-10-10T00:01:32.526225+02:00,36628412,USL Championship,USA,Lexington SC,FC Tulsa,2026-10-09T23:30:00+00:00,88.4579,soccer.asian_handicap,period=ft,home,handicap=0.25,1.19
2026-10-10T00:01:32.526225+02:00,36628412,USL Championship,USA,Lexington SC,FC Tulsa,2026-10-09T23:30:00+00:00,88.4579,soccer.asian_handicap,period=ft,away,handicap=0.25,4.55
2026-10-10T00:01:32.526225+02:00,36628412,USL Championship,USA,Lexington SC,FC Tulsa,2026-10-09T23:30:00+00:00,88.4579,soccer.double_chance,period=ft,draw_away,,2.25
2026-10-10T00:01:32.526225+02:00,36628412,USL Championship,USA,Lexington SC,FC Tulsa,2026-10-09T23:30:00+00:00,88.4579,soccer.double_chance,period=ft,home_away,,1.25
2026-10-10T00:01:32.526225+02:00,36628412,USL Championship,USA,Lexington SC,FC Tulsa,2026-10-09T23:30:00+00:00,88.4579,soccer.double_chance,period=ft,home_draw,,1.15
2026-10-10T00:01:32.526225+02:00,36628412,USL Championship,USA,Lexington SC,FC Tulsa,2026-10-09T23:30:00+00:00,88.4579,soccer.match_odds,period=ft,home,,1.62
2026-10-10T00:01:32.526225+02:00,36628412,USL Championship,USA,Lexington SC,FC Tulsa,2026-10-09T23:30:00+00:00,88.4579,soccer.match_odds,period=ft,draw,,3.85
2026-10-10T00:01:32.526225+02:00,36628412,USL Championship,USA,Lexington SC,FC Tulsa,2026-10-09T23:30:00+00:00,88.4579,soccer.match_odds,period=ft,away,,5.2
2026-10-10T00:01:32.526225+02:00,36628412,USL Championship,USA,Lexington SC,FC Tulsa,2026-10-09T23:30:00+00:00,88.4579,soccer.total_goals,period=ft,over,total=2.5,1.81
2026-10-10T00:01:32.526225+02:00,36628412,USL Championship,USA,Lexington SC,FC Tulsa,2026-10-09T23:30:00+00:00,88.4579,soccer.total_goals,period=ft,under,total=2.5,1.99
2026-10-10T00:01:32.526225+02:00,36628412,USL Championship,USA,Lexington SC,FC Tulsa,2026-10-09T23:30:00+00:00,88.4579,soccer.total_goals,period=ft,over,total=1.5,1.25
2026-10-10T00:01:32.526225+02:00,36628412,USL Championship,USA,Lexington SC,FC Tulsa,2026-10-09T23:30:00+00:00,88.4579,soccer.total_goals,period=ft,under,total=1.5,3.75
2026-10-10T00:01:32.526225+02:00,36628412,USL Championship,USA,Lexington SC,FC Tulsa,2026-10-09T23:30:00+00:00,88.4579,soccer.total_goals,period=ft,over,total=2,1.38
2026-10-10T00:01:32.526225+02:00,36628412,USL Championship,USA,Lexington SC,FC Tulsa,2026-10-09T23:30:00+00:00,88.4579,soccer.total_goals,period=ft,under,total=2,2.95
2026-10-10T00:01:32.526225+02:00,36628412,USL Championship,USA,Lexington SC,FC Tulsa,2026-10-09T23:30:00+00:00,88.4579,soccer.total_goals,period=ft,over,total=2.25,1.59
2026-10-10T00:01:32.526225+02:00,36628412,USL Championship,USA,Lexington SC,FC Tulsa,2026-10-09T23:30:00+00:00,88.4579,soccer.total_goals,period=ft,under,total=2.25,2.3
2026-10-10T00:01:32.526225+02:00,36628412,USL Championship,USA,Lexington SC,FC Tulsa,2026-10-09T23:30:00+00:00,88.4579,soccer.total_goals,period=ft,over,total=2.75,2.02
2026-10-10T00:01:32.526225+02:00,36628412,USL Championship,USA,Lexington SC,FC Tulsa,2026-10-09T23:30:00+00:00,88.4579,soccer.total_goals,period=ft,under,total=2.75,1.76
2026-10-10T00:01:32.526225+02:00,36628412,USL Championship,USA,Lexington SC,FC Tulsa,2026-10-09T23:30:00+00:00,88.4579,soccer.total_goals,period=ft,over,total=3,2.4
2026-10-10T00:01:32.526225+02:00,36628412,USL Championship,USA,Lexington SC,FC Tulsa,2026-10-09T23:30:00+00:00,88.4579,soccer.total_goals,period=ft,under,total=3,1.55
2026-10-10T00:01:32.526225+02:00,36628412,USL Championship,USA,Lexington SC,FC Tulsa,2026-10-09T23:30:00+00:00,88.4579,soccer.total_goals,period=ft,over,total=3.5,3.0
2026-10-10T00:01:32.526225+02:00,36628412,USL Championship,USA,Lexington SC,FC Tulsa,2026-10-09T23:30:00+00:00,88.4579,soccer.total_goals,period=ft,under,total=3.5,1.36
2026-10-10T00:01:32.526225+02:00,36628412,USL Championship,USA,Lexington SC,FC Tulsa,2026-10-09T23:30:00+00:00,88.4579,soccer.total_goals,period=ft,over,total=4.5,5.7
2026-10-10T00:01:32.526225+02:00,36628412,USL Championship,USA,Lexington SC,FC Tulsa,2026-10-09T23:30:00+00:00,88.4579,soccer.total_goals,period=ft,under,total=4.5,1.12
2026-10-10T00:01:32.526225+02:00,36709915,Segunda Division,Paraguay,Sol de America Villa Elisa,Carapegua,2026-10-09T22:30:00+00:00,28.4579,soccer.asian_handicap,period=ft,home,handicap=-0.25,1.74
2026-10-10T00:01:32.526225+02:00,36709915,Segunda Division,Paraguay,Sol de America Villa Elisa,Carapegua,2026-10-09T22:30:00+00:00,28.4579,soccer.asian_handicap,period=ft,away,handicap=-0.25,1.97
2026-10-10T00:01:32.526225+02:00,36709915,Segunda Division,Paraguay,Sol de America Villa Elisa,Carapegua,2026-10-09T22:30:00+00:00,28.4579,soccer.asian_handicap,period=ft,home,handicap=-1,3.0
2026-10-10T00:01:32.526225+02:00,36709915,Segunda Division,Paraguay,Sol de America Villa Elisa,Carapegua,2026-10-09T22:30:00+00:00,28.4579,soccer.asian_handicap,period=ft,away,handicap=-1,1.3
2026-10-10T00:01:32.526225+02:00,36709915,Segunda Division,Paraguay,Sol de America Villa Elisa,Carapegua,2026-10-09T22:30:00+00:00,28.4579,soccer.asian_handicap,period=ft,home,handicap=-0.75,2.3
2026-10-10T00:01:32.526225+02:00,36709915,Segunda Division,Paraguay,Sol de America Villa Elisa,Carapegua,2026-10-09T22:30:00+00:00,28.4579,soccer.asian_handicap,period=ft,away,handicap=-0.75,1.49
2026-10-10T00:01:32.526225+02:00,36709915,Segunda Division,Paraguay,Sol de America Villa Elisa,Carapegua,2026-10-09T22:30:00+00:00,28.4579,soccer.asian_handicap,period=ft,home,handicap=-0.5,2.01
2026-10-10T00:01:32.526225+02:00,36709915,Segunda Division,Paraguay,Sol de America Villa Elisa,Carapegua,2026-10-09T22:30:00+00:00,28.4579,soccer.asian_handicap,period=ft,away,handicap=-0.5,1.69
2026-10-10T00:01:32.526225+02:00,36709915,Segunda Division,Paraguay,Sol de America Villa Elisa,Carapegua,2026-10-09T22:30:00+00:00,28.4579,soccer.asian_handicap,period=ft,home,handicap=0,1.44
2026-10-10T00:01:32.526225+02:00,36709915,Segunda Division,Paraguay,Sol de America Villa Elisa,Carapegua,2026-10-09T22:30:00+00:00,28.4579,soccer.asian_handicap,period=ft,away,handicap=0,2.5
2026-10-10T00:01:32.526225+02:00,36709915,Segunda Division,Paraguay,Sol de America Villa Elisa,Carapegua,2026-10-09T22:30:00+00:00,28.4579,soccer.asian_handicap,period=ft,home,handicap=0.25,1.31
2026-10-10T00:01:32.526225+02:00,36709915,Segunda Division,Paraguay,Sol de America Villa Elisa,Carapegua,2026-10-09T22:30:00+00:00,28.4579,soccer.asian_handicap,period=ft,away,handicap=0.25,2.9
2026-10-10T00:01:32.526225+02:00,36709915,Segunda Division,Paraguay,Sol de America Villa Elisa,Carapegua,2026-10-09T22:30:00+00:00,28.4579,soccer.asian_handicap,period=ft,home,handicap=0.5,1.24
2026-10-10T00:01:32.526225+02:00,36709915,Segunda Division,Paraguay,Sol de America Villa Elisa,Carapegua,2026-10-09T22:30:00+00:00,28.4579,soccer.asian_handicap,period=ft,away,handicap=0.5,3.35
2026-10-10T00:01:32.526225+02:00,36709915,Segunda Division,Paraguay,Sol de America Villa Elisa,Carapegua,2026-10-09T22:30:00+00:00,28.4579,soccer.double_chance,period=ft,draw_away,,1.61
2026-10-10T00:01:32.526225+02:00,36709915,Segunda Division,Paraguay,Sol de America Villa Elisa,Carapegua,2026-10-09T22:30:00+00:00,28.4579,soccer.double_chance,period=ft,home_away,,1.29
2026-10-10T00:01:32.526225+02:00,36709915,Segunda Division,Paraguay,Sol de America Villa Elisa,Carapegua,2026-10-09T22:30:00+00:00,28.4579,soccer.double_chance,period=ft,home_draw,,1.27
2026-10-10T00:01:32.526225+02:00,36709915,Segunda Division,Paraguay,Sol de America Villa Elisa,Carapegua,2026-10-09T22:30:00+00:00,28.4579,soccer.match_odds,period=ft,home,,2.01
2026-10-10T00:01:32.526225+02:00,36709915,Segunda Division,Paraguay,Sol de America Villa Elisa,Carapegua,2026-10-09T22:30:00+00:00,28.4579,soccer.match_odds,period=ft,draw,,2.95
2026-10-10T00:01:32.526225+02:00,36709915,Segunda Division,Paraguay,Sol de America Villa Elisa,Carapegua,2026-10-09T22:30:00+00:00,28.4579,soccer.match_odds,period=ft,away,,3.45
2026-10-10T00:01:32.526225+02:00,36709915,Segunda Division,Paraguay,Sol de America Villa Elisa,Carapegua,2026-10-09T22:30:00+00:00,28.4579,soccer.total_goals,period=ft,over,total=2.25,1.9
2026-10-10T00:01:32.526225+02:00,36709915,Segunda Division,Paraguay,Sol de America Villa Elisa,Carapegua,2026-10-09T22:30:00+00:00,28.4579,soccer.total_goals,period=ft,under,total=2.25,1.8
2026-10-10T00:01:32.526225+02:00,36709915,Segunda Division,Paraguay,Sol de America Villa Elisa,Carapegua,2026-10-09T22:30:00+00:00,28.4579,soccer.total_goals,period=ft,over,total=1.5,1.34
2026-10-10T00:01:32.526225+02:00,36709915,Segunda Division,Paraguay,Sol de America Villa Elisa,Carapegua,2026-10-09T22:30:00+00:00,28.4579,soccer.total_goals,period=ft,under,total=1.5,2.8
2026-10-10T00:01:32.526225+02:00,36709915,Segunda Division,Paraguay,Sol de America Villa Elisa,Carapegua,2026-10-09T22:30:00+00:00,28.4579,soccer.total_goals,period=ft,over,total=1.75,1.44
2026-10-10T00:01:32.526225+02:00,36709915,Segunda Division,Paraguay,Sol de America Villa Elisa,Carapegua,2026-10-09T22:30:00+00:00,28.4579,soccer.total_goals,period=ft,under,total=1.75,2.45
2026-10-10T00:01:32.526225+02:00,36709915,Segunda Division,Paraguay,Sol de America Villa Elisa,Carapegua,2026-10-09T22:30:00+00:00,28.4579,soccer.total_goals,period=ft,over,total=2,1.6
2026-10-10T00:01:32.526225+02:00,36709915,Segunda Division,Paraguay,Sol de America Villa Elisa,Carapegua,2026-10-09T22:30:00+00:00,28.4579,soccer.total_goals,period=ft,under,total=2,2.13
2026-10-10T00:01:32.526225+02:00,36709915,Segunda Division,Paraguay,Sol de America Villa Elisa,Carapegua,2026-10-09T22:30:00+00:00,28.4579,soccer.total_goals,period=ft,over,total=2.5,2.16
2026-10-10T00:01:32.526225+02:00,36709915,Segunda Division,Paraguay,Sol de America Villa Elisa,Carapegua,2026-10-09T22:30:00+00:00,28.4579,soccer.total_goals,period=ft,under,total=2.5,1.59
2026-10-10T00:01:32.526225+02:00,36709915,Segunda Division,Paraguay,Sol de America Villa Elisa,Carapegua,2026-10-09T22:30:00+00:00,28.4579,soccer.total_goals,period=ft,over,total=2.75,2.45
2026-10-10T00:01:32.526225+02:00,36709915,Segunda Division,Paraguay,Sol de America Villa Elisa,Carapegua,2026-10-09T22:30:00+00:00,28.4579,soccer.total_goals,period=ft,under,total=2.75,1.43
2026-10-10T00:01:32.526225+02:00,36709915,Segunda Division,Paraguay,Sol de America Villa Elisa,Carapegua,2026-10-09T22:30:00+00:00,28.4579,soccer.total_goals,period=ft,over,total=3,3.05
2026-10-10T00:01:32.526225+02:00,36709915,Segunda Division,Paraguay,Sol de America Villa Elisa,Carapegua,2026-10-09T22:30:00+00:00,28.4579,soccer.total_goals,period=ft,under,total=3,1.29
2026-10-10T00:01:32.526225+02:00,36628984,"Liga de Expansion MX, Apertura",Mexico,CD Tapatio,Club Atletico La Paz,2026-10-09T23:00:00+00:00,58.4579,soccer.asian_handicap,period=ft,home,handicap=0.25,1.81
2026-10-10T00:01:32.526225+02:00,36628984,"Liga de Expansion MX, Apertura",Mexico,CD Tapatio,Club Atletico La Paz,2026-10-09T23:00:00+00:00,58.4579,soccer.asian_handicap,period=ft,away,handicap=0.25,2.01
2026-10-10T00:01:32.526225+02:00,36628984,"Liga de Expansion MX, Apertura",Mexico,CD Tapatio,Club Atletico La Paz,2026-10-09T23:00:00+00:00,58.4579,soccer.asian_handicap,period=ft,home,handicap=-0.75,3.4
2026-10-10T00:01:32.526225+02:00,36628984,"Liga de Expansion MX, Apertura",Mexico,CD Tapatio,Club Atletico La Paz,2026-10-09T23:00:00+00:00,58.4579,soccer.asian_handicap,period=ft,away,handicap=-0.75,1.3
2026-10-10T00:01:32.526225+02:00,36628984,"Liga de Expansion MX, Apertura",Mexico,CD Tapatio,Club Atletico La Paz,2026-10-09T23:00:00+00:00,58.4579,soccer.asian_handicap,period=ft,home,handicap=-0.5,2.8
2026-10-10T00:01:32.526225+02:00,36628984,"Liga de Expansion MX, Apertura",Mexico,CD Tapatio,Club Atletico La Paz,2026-10-09T23:00:00+00:00,58.4579,soccer.asian_handicap,period=ft,away,handicap=-0.5,1.41
2026-10-10T00:01:32.526225+02:00,36628984,"Liga de Expansion MX, Apertura",Mexico,CD Tapatio,Club Atletico La Paz,2026-10-09T23:00:00+00:00,58.4579,soccer.asian_handicap,period=ft,home,handicap=-0.25,2.45
2026-10-10T00:01:32.526225+02:00,36628984,"Liga de Expansion MX, Apertura",Mexico,CD Tapatio,Club Atletico La Paz,2026-10-09T23:00:00+00:00,58.4579,soccer.asian_handicap,period=ft,away,handicap=-0.25,1.52
2026-10-10T00:01:32.526225+02:00,36628984,"Liga de Expansion MX, Apertura",Mexico,CD Tapatio,Club Atletico La Paz,2026-10-09T23:00:00+00:00,58.4579,soccer.asian_handicap,period=ft,home,handicap=0,2.13
2026-10-10T00:01:32.526225+02:00,36628984,"Liga de Expansion MX, Apertura",Mexico,CD Tapatio,Club Atletico La Paz,2026-10-09T23:00:00+00:00,58.4579,soccer.asian_handicap,period=ft,away,handicap=0,1.7
2026-10-10T00:01:32.526225+02:00,36628984,"Liga de Expansion MX, Apertura",Mexico,CD Tapatio,Club Atletico La Paz,2026-10-09T23:00:00+00:00,58.4579,soccer.asian_handicap,period=ft,home,handicap=0.5,1.62
2026-10-10T00:01:32.526225+02:00,36628984,"Liga de Expansion MX, Apertura",Mexico,CD Tapatio,Club Atletico La Paz,2026-10-09T23:00:00+00:00,58.4579,soccer.asian_handicap,period=ft,away,handicap=0.5,2.25
2026-10-10T00:01:32.526225+02:00,36628984,"Liga de Expansion MX, Apertura",Mexico,CD Tapatio,Club Atletico La Paz,2026-10-09T23:00:00+00:00,58.4579,soccer.asian_handicap,period=ft,home,handicap=0.75,1.45
2026-10-10T00:01:32.526225+02:00,36628984,"Liga de Expansion MX, Apertura",Mexico,CD Tapatio,Club Atletico La Paz,2026-10-09T23:00:00+00:00,58.4579,soccer.asian_handicap,period=ft,away,handicap=0.75,2.7
2026-10-10T00:01:32.526225+02:00,36628984,"Liga de Expansion MX, Apertura",Mexico,CD Tapatio,Club Atletico La Paz,2026-10-09T23:00:00+00:00,58.4579,soccer.asian_handicap,period=ft,home,handicap=1,1.29
2026-10-10T00:01:32.526225+02:00,36628984,"Liga de Expansion MX, Apertura",Mexico,CD Tapatio,Club Atletico La Paz,2026-10-09T23:00:00+00:00,58.4579,soccer.asian_handicap,period=ft,away,handicap=1,3.45
2026-10-10T00:01:32.526225+02:00,36628984,"Liga de Expansion MX, Apertura",Mexico,CD Tapatio,Club Atletico La Paz,2026-10-09T23:00:00+00:00,58.4579,soccer.asian_handicap,period=ft,home,handicap=1.25,1.24
2026-10-10T00:01:32.526225+02:00,36628984,"Liga de Expansion MX, Apertura",Mexico,CD Tapatio,Club Atletico La Paz,2026-10-09T23:00:00+00:00,58.4579,soccer.asian_handicap,period=ft,away,handicap=1.25,3.85
2026-10-10T00:01:32.526225+02:00,36628984,"Liga de Expansion MX, Apertura",Mexico,CD Tapatio,Club Atletico La Paz,2026-10-09T23:00:00+00:00,58.4579,soccer.double_chance,period=ft,draw_away,,1.43
2026-10-10T00:01:32.526225+02:00,36628984,"Liga de Expansion MX, Apertura",Mexico,CD Tapatio,Club Atletico La Paz,2026-10-09T23:00:00+00:00,58.4579,soccer.double_chance,period=ft,home_away,,1.29
2026-10-10T00:01:32.526225+02:00,36628984,"Liga de Expansion MX, Apertura",Mexico,CD Tapatio,Club Atletico La Paz,2026-10-09T23:00:00+00:00,58.4579,soccer.double_chance,period=ft,home_draw,,1.61
2026-10-10T00:01:32.526225+02:00,36628984,"Liga de Expansion MX, Apertura",Mexico,CD Tapatio,Club Atletico La Paz,2026-10-09T23:00:00+00:00,58.4579,soccer.match_odds,period=ft,home,,2.85
2026-10-10T00:01:32.526225+02:00,36628984,"Liga de Expansion MX, Apertura",Mexico,CD Tapatio,Club Atletico La Paz,2026-10-09T23:00:00+00:00,58.4579,soccer.match_odds,period=ft,draw,,3.65
2026-10-10T00:01:32.526225+02:00,36628984,"Liga de Expansion MX, Apertura",Mexico,CD Tapatio,Club Atletico La Paz,2026-10-09T23:00:00+00:00,58.4579,soccer.match_odds,period=ft,away,,2.25
2026-10-10T00:01:32.526225+02:00,36628984,"Liga de Expansion MX, Apertura",Mexico,CD Tapatio,Club Atletico La Paz,2026-10-09T23:00:00+00:00,58.4579,soccer.total_goals,period=ft,over,total=3.25,1.9
2026-10-10T00:01:32.526225+02:00,36628984,"Liga de Expansion MX, Apertura",Mexico,CD Tapatio,Club Atletico La Paz,2026-10-09T23:00:00+00:00,58.4579,soccer.total_goals,period=ft,under,total=3.25,1.89
2026-10-10T00:01:32.526225+02:00,36628984,"Liga de Expansion MX, Apertura",Mexico,CD Tapatio,Club Atletico La Paz,2026-10-09T23:00:00+00:00,58.4579,soccer.total_goals,period=ft,over,total=1.5,1.12
2026-10-10T00:01:32.526225+02:00,36628984,"Liga de Expansion MX, Apertura",Mexico,CD Tapatio,Club Atletico La Paz,2026-10-09T23:00:00+00:00,58.4579,soccer.total_goals,period=ft,under,total=1.5,5.75
2026-10-10T00:01:32.526225+02:00,36628984,"Liga de Expansion MX, Apertura",Mexico,CD Tapatio,Club Atletico La Paz,2026-10-09T23:00:00+00:00,58.4579,soccer.total_goals,period=ft,over,total=2.5,1.44
2026-10-10T00:01:32.526225+02:00,36628984,"Liga de Expansion MX, Apertura",Mexico,CD Tapatio,Club Atletico La Paz,2026-10-09T23:00:00+00:00,58.4579,soccer.total_goals,period=ft,under,total=2.5,2.65
2026-10-10T00:01:32.526225+02:00,36628984,"Liga de Expansion MX, Apertura",Mexico,CD Tapatio,Club Atletico La Paz,2026-10-09T23:00:00+00:00,58.4579,soccer.total_goals,period=ft,over,total=2.75,1.54
2026-10-10T00:01:32.526225+02:00,36628984,"Liga de Expansion MX, Apertura",Mexico,CD Tapatio,Club Atletico La Paz,2026-10-09T23:00:00+00:00,58.4579,soccer.total_goals,period=ft,under,total=2.75,2.4
2026-10-10T00:01:32.526225+02:00,36628984,"Liga de Expansion MX, Apertura",Mexico,CD Tapatio,Club Atletico La Paz,2026-10-09T23:00:00+00:00,58.4579,soccer.total_goals,period=ft,over,total=3,1.68
2026-10-10T00:01:32.526225+02:00,36628984,"Liga de Expansion MX, Apertura",Mexico,CD Tapatio,Club Atletico La Paz,2026-10-09T23:00:00+00:00,58.4579,soccer.total_goals,period=ft,under,total=3,2.15
2026-10-10T00:01:32.526225+02:00,36628984,"Liga de Expansion MX, Apertura",Mexico,CD Tapatio,Club Atletico La Paz,2026-10-09T23:00:00+00:00,58.4579,soccer.total_goals,period=ft,over,total=3.5,2.1
2026-10-10T00:01:32.526225+02:00,36628984,"Liga de Expansion MX, Apertura",Mexico,CD Tapatio,Club Atletico La Paz,2026-10-09T23:00:00+00:00,58.4579,soccer.total_goals,period=ft,under,total=3.5,1.71
2026-10-10T00:01:32.526225+02:00,36628984,"Liga de Expansion MX, Apertura",Mexico,CD Tapatio,Club Atletico La Paz,2026-10-09T23:00:00+00:00,58.4579,soccer.total_goals,period=ft,over,total=3.75,2.35
2026-10-10T00:01:32.526225+02:00,36628984,"Liga de Expansion MX, Apertura",Mexico,CD Tapatio,Club Atletico La Paz,2026-10-09T23:00:00+00:00,58.4579,soccer.total_goals,period=ft,under,total=3.75,1.55
2026-10-10T00:01:32.526225+02:00,36628984,"Liga de Expansion MX, Apertura",Mexico,CD Tapatio,Club Atletico La Paz,2026-10-09T23:00:00+00:00,58.4579,soccer.total_goals,period=ft,over,total=4.5,3.4
2026-10-10T00:01:32.526225+02:00,36628984,"Liga de Expansion MX, Apertura",Mexico,CD Tapatio,Club Atletico La Paz,2026-10-09T23:00:00+00:00,58.4579,soccer.total_goals,period=ft,under,total=4.5,1.29
2026-10-10T00:01:32.526225+02:00,36628984,"Liga de Expansion MX, Apertura",Mexico,CD Tapatio,Club Atletico La Paz,2026-10-09T23:00:00+00:00,58.4579,soccer.total_goals,period=ft,over,total=5.5,6.2
2026-10-10T00:01:32.526225+02:00,36628984,"Liga de Expansion MX, Apertura",Mexico,CD Tapatio,Club Atletico La Paz,2026-10-09T23:00:00+00:00,58.4579,soccer.total_goals,period=ft,under,total=5.5,1.1
2026-10-10T00:01:32.526225+02:00,36682209,Primera B,Argentina,CA Talleres de Remedios,Deportivo Camioneros,2026-10-09T23:00:00+00:00,58.4579,soccer.asian_handicap,period=ft,home,handicap=-0.5,1.81
2026-10-10T00:01:32.526225+02:00,36682209,Primera B,Argentina,CA Talleres de Remedios,Deportivo Camioneros,2026-10-09T23:00:00+00:00,58.4579,soccer.asian_handicap,period=ft,away,handicap=-0.5,1.93
2026-10-10T00:01:32.526225+02:00,36682209,Primera B,Argentina,CA Talleres de Remedios,Deportivo Camioneros,2026-10-09T23:00:00+00:00,58.4579,soccer.asian_handicap,period=ft,home,handicap=-1.25,2.9
2026-10-10T00:01:32.526225+02:00,36682209,Primera B,Argentina,CA Talleres de Remedios,Deportivo Camioneros,2026-10-09T23:00:00+00:00,58.4579,soccer.asian_handicap,period=ft,away,handicap=-1.25,1.34
2026-10-10T00:01:32.526225+02:00,36682209,Primera B,Argentina,CA Talleres de Remedios,Deportivo Camioneros,2026-10-09T23:00:00+00:00,58.4579,soccer.asian_handicap,period=ft,home,handicap=-1,2.5
2026-10-10T00:01:32.526225+02:00,36682209,Primera B,Argentina,CA Talleres de Remedios,Deportivo Camioneros,2026-10-09T23:00:00+00:00,58.4579,soccer.asian_handicap,period=ft,away,handicap=-1,1.44
2026-10-10T00:01:32.526225+02:00,36682209,Primera B,Argentina,CA Talleres de Remedios,Deportivo Camioneros,2026-10-09T23:00:00+00:00,58.4579,soccer.asian_handicap,period=ft,home,handicap=-0.75,2.06
2026-10-10T00:01:32.526225+02:00,36682209,Primera B,Argentina,CA Talleres de Remedios,Deportivo Camioneros,2026-10-09T23:00:00+00:00,58.4579,soccer.asian_handicap,period=ft,away,handicap=-0.75,1.69
2026-10-10T00:01:32.526225+02:00,36682209,Primera B,Argentina,CA Talleres de Remedios,Deportivo Camioneros,2026-10-09T23:00:00+00:00,58.4579,soccer.asian_handicap,period=ft,home,handicap=-0.25,1.55
2026-10-10T00:01:32.526225+02:00,36682209,Primera B,Argentina,CA Talleres de Remedios,Deportivo Camioneros,2026-10-09T23:00:00+00:00,58.4579,soccer.asian_handicap,period=ft,away,handicap=-0.25,2.3
2026-10-10T00:01:32.526225+02:00,36682209,Primera B,Argentina,CA Talleres de Remedios,Deportivo Camioneros,2026-10-09T23:00:00+00:00,58.4579,soccer.asian_handicap,period=ft,home,handicap=0,1.3
2026-10-10T00:01:32.526225+02:00,36682209,Primera B,Argentina,CA Talleres de Remedios,Deportivo Camioneros,2026-10-09T23:00:00+00:00,58.4579,soccer.asian_handicap,period=ft,away,handicap=0,3.1
2026-10-10T00:01:32.526225+02:00,36682209,Primera B,Argentina,CA Talleres de Remedios,Deportivo Camioneros,2026-10-09T23:00:00+00:00,58.4579,soccer.asian_handicap,period=ft,home,handicap=0.25,1.22
2026-10-10T00:01:32.526225+02:00,36682209,Primera B,Argentina,CA Talleres de Remedios,Deportivo Camioneros,2026-10-09T23:00:00+00:00,58.4579,soccer.asian_handicap,period=ft,away,handicap=0.25,3.65
2026-10-10T00:01:32.526225+02:00,36682209,Primera B,Argentina,CA Talleres de Remedios,Deportivo Camioneros,2026-10-09T23:00:00+00:00,58.4579,soccer.double_chance,period=ft,draw_away,,1.84
2026-10-10T00:01:32.526225+02:00,36682209,Primera B,Argentina,CA Talleres de Remedios,Deportivo Camioneros,2026-10-09T23:00:00+00:00,58.4579,soccer.double_chance,period=ft,home_away,,1.34
2026-10-10T00:01:32.526225+02:00,36682209,Primera B,Argentina,CA Talleres de Remedios,Deportivo Camioneros,2026-10-09T23:00:00+00:00,58.4579,soccer.double_chance,period=ft,home_draw,,1.23
2026-10-10T00:01:32.526225+02:00,36682209,Primera B,Argentina,CA Talleres de Remedios,Deportivo Camioneros,2026-10-09T23:00:00+00:00,58.4579,soccer.match_odds,period=ft,home,,1.8
2026-10-10T00:01:32.526225+02:00,36682209,Primera B,Argentina,CA Talleres de Remedios,Deportivo Camioneros,2026-10-09T23:00:00+00:00,58.4579,soccer.match_odds,period=ft,draw,,3.1
2026-10-10T00:01:32.526225+02:00,36682209,Primera B,Argentina,CA Talleres de Remedios,Deportivo Camioneros,2026-10-09T23:00:00+00:00,58.4579,soccer.match_odds,period=ft,away,,4.25
2026-10-10T00:01:32.526225+02:00,36682209,Primera B,Argentina,CA Talleres de Remedios,Deportivo Camioneros,2026-10-09T23:00:00+00:00,58.4579,soccer.total_goals,period=ft,over,total=2.25,2.03
2026-10-10T00:01:32.526225+02:00,36682209,Primera B,Argentina,CA Talleres de Remedios,Deportivo Camioneros,2026-10-09T23:00:00+00:00,58.4579,soccer.total_goals,period=ft,under,total=2.25,1.73
2026-10-10T00:01:32.526225+02:00,36682209,Primera B,Argentina,CA Talleres de Remedios,Deportivo Camioneros,2026-10-09T23:00:00+00:00,58.4579,soccer.total_goals,period=ft,over,total=1.5,1.38
2026-10-10T00:01:32.526225+02:00,36682209,Primera B,Argentina,CA Talleres de Remedios,Deportivo Camioneros,2026-10-09T23:00:00+00:00,58.4579,soccer.total_goals,period=ft,under,total=1.5,2.7
2026-10-10T00:01:32.526225+02:00,36682209,Primera B,Argentina,CA Talleres de Remedios,Deportivo Camioneros,2026-10-09T23:00:00+00:00,58.4579,soccer.total_goals,period=ft,over,total=1.75,1.5
2026-10-10T00:01:32.526225+02:00,36682209,Primera B,Argentina,CA Talleres de Remedios,Deportivo Camioneros,2026-10-09T23:00:00+00:00,58.4579,soccer.total_goals,period=ft,under,total=1.75,2.35
2026-10-10T00:01:32.526225+02:00,36682209,Primera B,Argentina,CA Talleres de Remedios,Deportivo Camioneros,2026-10-09T23:00:00+00:00,58.4579,soccer.total_goals,period=ft,over,total=2,1.7
2026-10-10T00:01:32.526225+02:00,36682209,Primera B,Argentina,CA Talleres de Remedios,Deportivo Camioneros,2026-10-09T23:00:00+00:00,58.4579,soccer.total_goals,period=ft,under,total=2,2.03
2026-10-10T00:01:32.526225+02:00,36682209,Primera B,Argentina,CA Talleres de Remedios,Deportivo Camioneros,2026-10-09T23:00:00+00:00,58.4579,soccer.total_goals,period=ft,over,total=2.5,2.3
2026-10-10T00:01:32.526225+02:00,36682209,Primera B,Argentina,CA Talleres de Remedios,Deportivo Camioneros,2026-10-09T23:00:00+00:00,58.4579,soccer.total_goals,period=ft,under,total=2.5,1.54
2026-10-10T00:01:32.526225+02:00,36682209,Primera B,Argentina,CA Talleres de Remedios,Deportivo Camioneros,2026-10-09T23:00:00+00:00,58.4579,soccer.total_goals,period=ft,over,total=2.75,2.7
2026-10-10T00:01:32.526225+02:00,36682209,Primera B,Argentina,CA Talleres de Remedios,Deportivo Camioneros,2026-10-09T23:00:00+00:00,58.4579,soccer.total_goals,period=ft,under,total=2.75,1.38
2026-10-10T00:01:32.526225+02:00,36682209,Primera B,Argentina,CA Talleres de Remedios,Deportivo Camioneros,2026-10-09T23:00:00+00:00,58.4579,soccer.total_goals,period=ft,over,total=3,3.55
2026-10-10T00:01:32.526225+02:00,36682209,Primera B,Argentina,CA Talleres de Remedios,Deportivo Camioneros,2026-10-09T23:00:00+00:00,58.4579,soccer.total_goals,period=ft,under,total=3,1.23
2026-10-10T00:01:32.526225+02:00,36682208,Primera B,Argentina,Excursionistas,CA Villa San Carlos,2026-10-09T23:00:00+00:00,58.4579,soccer.asian_handicap,period=ft,home,handicap=-0.75,1.8
2026-10-10T00:01:32.526225+02:00,36682208,Primera B,Argentina,Excursionistas,CA Villa San Carlos,2026-10-09T23:00:00+00:00,58.4579,soccer.asian_handicap,period=ft,away,handicap=-0.75,1.94
2026-10-10T00:01:32.526225+02:00,36682208,Primera B,Argentina,Excursionistas,CA Villa San Carlos,2026-10-09T23:00:00+00:00,58.4579,soccer.asian_handicap,period=ft,home,handicap=-1.5,2.75
2026-10-10T00:01:32.526225+02:00,36682208,Primera B,Argentina,Excursionistas,CA Villa San Carlos,2026-10-09T23:00:00+00:00,58.4579,soccer.asian_handicap,period=ft,away,handicap=-1.5,1.38
2026-10-10T00:01:32.526225+02:00,36682208,Primera B,Argentina,Excursionistas,CA Villa San Carlos,2026-10-09T23:00:00+00:00,58.4579,soccer.asian_handicap,period=ft,home,handicap=-1.25,2.4
2026-10-10T00:01:32.526225+02:00,36682208,Primera B,Argentina,Excursionistas,CA Villa San Carlos,2026-10-09T23:00:00+00:00,58.4579,soccer.asian_handicap,period=ft,away,handicap=-1.25,1.48
2026-10-10T00:01:32.526225+02:00,36682208,Primera B,Argentina,Excursionistas,CA Villa San Carlos,2026-10-09T23:00:00+00:00,58.4579,soccer.asian_handicap,period=ft,home,handicap=-1,2.11
2026-10-10T00:01:32.526225+02:00,36682208,Primera B,Argentina,Excursionistas,CA Villa San Carlos,2026-10-09T23:00:00+00:00,58.4579,soccer.asian_handicap,period=ft,away,handicap=-1,1.65
2026-10-10T00:01:32.526225+02:00,36682208,Primera B,Argentina,Excursionistas,CA Villa San Carlos,2026-10-09T23:00:00+00:00,58.4579,soccer.asian_handicap,period=ft,home,handicap=-0.5,1.61
2026-10-10T00:01:32.526225+02:00,36682208,Primera B,Argentina,Excursionistas,CA Villa San Carlos,2026-10-09T23:00:00+00:00,58.4579,soccer.asian_handicap,period=ft,away,handicap=-0.5,2.19
2026-10-10T00:01:32.526225+02:00,36682208,Primera B,Argentina,Excursionistas,CA Villa San Carlos,2026-10-09T23:00:00+00:00,58.4579,soccer.asian_handicap,period=ft,home,handicap=-0.25,1.4
2026-10-10T00:01:32.526225+02:00,36682208,Primera B,Argentina,Excursionistas,CA Villa San Carlos,2026-10-09T23:00:00+00:00,58.4579,soccer.asian_handicap,period=ft,away,handicap=-0.25,2.65
2026-10-10T00:01:32.526225+02:00,36682208,Primera B,Argentina,Excursionistas,CA Villa San Carlos,2026-10-09T23:00:00+00:00,58.4579,soccer.asian_handicap,period=ft,home,handicap=0,1.21
2026-10-10T00:01:32.526225+02:00,36682208,Primera B,Argentina,Excursionistas,CA Villa San Carlos,2026-10-09T23:00:00+00:00,58.4579,soccer.asian_handicap,period=ft,away,handicap=0,3.8
2026-10-10T00:01:32.526225+02:00,36682208,Primera B,Argentina,Excursionistas,CA Villa San Carlos,2026-10-09T23:00:00+00:00,58.4579,soccer.double_chance,period=ft,draw_away,,2.12
2026-10-10T00:01:32.526225+02:00,36682208,Primera B,Argentina,Excursionistas,CA Villa San Carlos,2026-10-09T23:00:00+00:00,58.4579,soccer.double_chance,period=ft,home_away,,1.27
2026-10-10T00:01:32.526225+02:00,36682208,Primera B,Argentina,Excursionistas,CA Villa San Carlos,2026-10-09T23:00:00+00:00,58.4579,soccer.double_chance,period=ft,home_draw,,1.19
2026-10-10T00:01:32.526225+02:00,36682208,Primera B,Argentina,Excursionistas,CA Villa San Carlos,2026-10-09T23:00:00+00:00,58.4579,soccer.match_odds,period=ft,home,,1.61
2026-10-10T00:01:32.526225+02:00,36682208,Primera B,Argentina,Excursionistas,CA Villa San Carlos,2026-10-09T23:00:00+00:00,58.4579,soccer.match_odds,period=ft,draw,,3.45
2026-10-10T00:01:32.526225+02:00,36682208,Primera B,Argentina,Excursionistas,CA Villa San Carlos,2026-10-09T23:00:00+00:00,58.4579,soccer.match_odds,period=ft,away,,5.05
2026-10-10T00:01:32.526225+02:00,36682208,Primera B,Argentina,Excursionistas,CA Villa San Carlos,2026-10-09T23:00:00+00:00,58.4579,soccer.total_goals,period=ft,over,total=2.25,1.78
2026-10-10T00:01:32.526225+02:00,36682208,Primera B,Argentina,Excursionistas,CA Villa San Carlos,2026-10-09T23:00:00+00:00,58.4579,soccer.total_goals,period=ft,under,total=2.25,1.97
2026-10-10T00:01:32.526225+02:00,36682208,Primera B,Argentina,Excursionistas,CA Villa San Carlos,2026-10-09T23:00:00+00:00,58.4579,soccer.total_goals,period=ft,over,total=1.5,1.3
2026-10-10T00:01:32.526225+02:00,36682208,Primera B,Argentina,Excursionistas,CA Villa San Carlos,2026-10-09T23:00:00+00:00,58.4579,soccer.total_goals,period=ft,under,total=1.5,3.1
2026-10-10T00:01:32.526225+02:00,36682208,Primera B,Argentina,Excursionistas,CA Villa San Carlos,2026-10-09T23:00:00+00:00,58.4579,soccer.total_goals,period=ft,over,total=1.75,1.38
2026-10-10T00:01:32.526225+02:00,36682208,Primera B,Argentina,Excursionistas,CA Villa San Carlos,2026-10-09T23:00:00+00:00,58.4579,soccer.total_goals,period=ft,under,total=1.75,2.7
2026-10-10T00:01:32.526225+02:00,36682208,Primera B,Argentina,Excursionistas,CA Villa San Carlos,2026-10-09T23:00:00+00:00,58.4579,soccer.total_goals,period=ft,over,total=2,1.51
2026-10-10T00:01:32.526225+02:00,36682208,Primera B,Argentina,Excursionistas,CA Villa San Carlos,2026-10-09T23:00:00+00:00,58.4579,soccer.total_goals,period=ft,under,total=2,2.35
2026-10-10T00:01:32.526225+02:00,36682208,Primera B,Argentina,Excursionistas,CA Villa San Carlos,2026-10-09T23:00:00+00:00,58.4579,soccer.total_goals,period=ft,over,total=2.5,2.01
2026-10-10T00:01:32.526225+02:00,36682208,Primera B,Argentina,Excursionistas,CA Villa San Carlos,2026-10-09T23:00:00+00:00,58.4579,soccer.total_goals,period=ft,under,total=2.5,1.71
2026-10-10T00:01:32.526225+02:00,36682208,Primera B,Argentina,Excursionistas,CA Villa San Carlos,2026-10-09T23:00:00+00:00,58.4579,soccer.total_goals,period=ft,over,total=2.75,2.3
2026-10-10T00:01:32.526225+02:00,36682208,Primera B,Argentina,Excursionistas,CA Villa San Carlos,2026-10-09T23:00:00+00:00,58.4579,soccer.total_goals,period=ft,under,total=2.75,1.53
2026-10-10T00:01:32.526225+02:00,36682208,Primera B,Argentina,Excursionistas,CA Villa San Carlos,2026-10-09T23:00:00+00:00,58.4579,soccer.total_goals,period=ft,over,total=3,2.9
2026-10-10T00:01:32.526225+02:00,36682208,Primera B,Argentina,Excursionistas,CA Villa San Carlos,2026-10-09T23:00:00+00:00,58.4579,soccer.total_goals,period=ft,under,total=3,1.35
2026-10-10T00:02:43.029509+02:00,36628984,"Liga de Expansion MX, Apertura",Mexico,CD Tapatio,Club Atletico La Paz,2026-10-09T23:00:00+00:00,57.2828,soccer.asian_handicap,period=ft,home,handicap=0.25,1.81
2026-10-10T00:02:43.029509+02:00,36628984,"Liga de Expansion MX, Apertura",Mexico,CD Tapatio,Club Atletico La Paz,2026-10-09T23:00:00+00:00,57.2828,soccer.asian_handicap,period=ft,away,handicap=0.25,2.01
2026-10-10T00:02:43.029509+02:00,36628984,"Liga de Expansion MX, Apertura",Mexico,CD Tapatio,Club Atletico La Paz,2026-10-09T23:00:00+00:00,57.2828,soccer.asian_handicap,period=ft,home,handicap=-0.75,3.4
2026-10-10T00:02:43.029509+02:00,36628984,"Liga de Expansion MX, Apertura",Mexico,CD Tapatio,Club Atletico La Paz,2026-10-09T23:00:00+00:00,57.2828,soccer.asian_handicap,period=ft,away,handicap=-0.75,1.3
2026-10-10T00:02:43.029509+02:00,36628984,"Liga de Expansion MX, Apertura",Mexico,CD Tapatio,Club Atletico La Paz,2026-10-09T23:00:00+00:00,57.2828,soccer.asian_handicap,period=ft,home,handicap=-0.5,2.8
2026-10-10T00:02:43.029509+02:00,36628984,"Liga de Expansion MX, Apertura",Mexico,CD Tapatio,Club Atletico La Paz,2026-10-09T23:00:00+00:00,57.2828,soccer.asian_handicap,period=ft,away,handicap=-0.5,1.41
2026-10-10T00:02:43.029509+02:00,36628984,"Liga de Expansion MX, Apertura",Mexico,CD Tapatio,Club Atletico La Paz,2026-10-09T23:00:00+00:00,57.2828,soccer.asian_handicap,period=ft,home,handicap=-0.25,2.45
2026-10-10T00:02:43.029509+02:00,36628984,"Liga de Expansion MX, Apertura",Mexico,CD Tapatio,Club Atletico La Paz,2026-10-09T23:00:00+00:00,57.2828,soccer.asian_handicap,period=ft,away,handicap=-0.25,1.52
2026-10-10T00:02:43.029509+02:00,36628984,"Liga de Expansion MX, Apertura",Mexico,CD Tapatio,Club Atletico La Paz,2026-10-09T23:00:00+00:00,57.2828,soccer.asian_handicap,period=ft,home,handicap=0,2.13
2026-10-10T00:02:43.029509+02:00,36628984,"Liga de Expansion MX, Apertura",Mexico,CD Tapatio,Club Atletico La Paz,2026-10-09T23:00:00+00:00,57.2828,soccer.asian_handicap,period=ft,away,handicap=0,1.7
2026-10-10T00:02:43.029509+02:00,36628984,"Liga de Expansion MX, Apertura",Mexico,CD Tapatio,Club Atletico La Paz,2026-10-09T23:00:00+00:00,57.2828,soccer.asian_handicap,period=ft,home,handicap=0.5,1.62
2026-10-10T00:02:43.029509+02:00,36628984,"Liga de Expansion MX, Apertura",Mexico,CD Tapatio,Club Atletico La Paz,2026-10-09T23:00:00+00:00,57.2828,soccer.asian_handicap,period=ft,away,handicap=0.5,2.25
2026-10-10T00:02:43.029509+02:00,36628984,"Liga de Expansion MX, Apertura",Mexico,CD Tapatio,Club Atletico La Paz,2026-10-09T23:00:00+00:00,57.2828,soccer.asian_handicap,period=ft,home,handicap=0.75,1.45
2026-10-10T00:02:43.029509+02:00,36628984,"Liga de Expansion MX, Apertura",Mexico,CD Tapatio,Club Atletico La Paz,2026-10-09T23:00:00+00:00,57.2828,soccer.asian_handicap,period=ft,away,handicap=0.75,2.7
2026-10-10T00:02:43.029509+02:00,36628984,"Liga de Expansion MX, Apertura",Mexico,CD Tapatio,Club Atletico La Paz,2026-10-09T23:00:00+00:00,57.2828,soccer.asian_handicap,period=ft,home,handicap=1,1.29
2026-10-10T00:02:43.029509+02:00,36628984,"Liga de Expansion MX, Apertura",Mexico,CD Tapatio,Club Atletico La Paz,2026-10-09T23:00:00+00:00,57.2828,soccer.asian_handicap,period=ft,away,handicap=1,3.45
2026-10-10T00:02:43.029509+02:00,36628984,"Liga de Expansion MX, Apertura",Mexico,CD Tapatio,Club Atletico La Paz,2026-10-09T23:00:00+00:00,57.2828,soccer.asian_handicap,period=ft,home,handicap=1.25,1.24
2026-10-10T00:02:43.029509+02:00,36628984,"Liga de Expansion MX, Apertura",Mexico,CD Tapatio,Club Atletico La Paz,2026-10-09T23:00:00+00:00,57.2828,soccer.asian_handicap,period=ft,away,handicap=1.25,3.85
2026-10-10T00:02:43.029509+02:00,36628984,"Liga de Expansion MX, Apertura",Mexico,CD Tapatio,Club Atletico La Paz,2026-10-09T23:00:00+00:00,57.2828,soccer.double_chance,period=ft,draw_away,,1.43
2026-10-10T00:02:43.029509+02:00,36628984,"Liga de Expansion MX, Apertura",Mexico,CD Tapatio,Club Atletico La Paz,2026-10-09T23:00:00+00:00,57.2828,soccer.double_chance,period=ft,home_away,,1.29
2026-10-10T00:02:43.029509+02:00,36628984,"Liga de Expansion MX, Apertura",Mexico,CD Tapatio,Club Atletico La Paz,2026-10-09T23:00:00+00:00,57.2828,soccer.double_chance,period=ft,home_draw,,1.61
2026-10-10T00:02:43.029509+02:00,36628984,"Liga de Expansion MX, Apertura",Mexico,CD Tapatio,Club Atletico La Paz,2026-10-09T23:00:00+00:00,57.2828,soccer.match_odds,period=ft,home,,2.85
2026-10-10T00:02:43.029509+02:00,36628984,"Liga de Expansion MX, Apertura",Mexico,CD Tapatio,Club Atletico La Paz,2026-10-09T23:00:00+00:00,57.2828,soccer.match_odds,period=ft,draw,,3.65
2026-10-10T00:02:43.029509+02:00,36628984,"Liga de Expansion MX, Apertura",Mexico,CD Tapatio,Club Atletico La Paz,2026-10-09T23:00:00+00:00,57.2828,soccer.match_odds,period=ft,away,,2.25
2026-10-10T00:02:43.029509+02:00,36628984,"Liga de Expansion MX, Apertura",Mexico,CD Tapatio,Club Atletico La Paz,2026-10-09T23:00:00+00:00,57.2828,soccer.total_goals,period=ft,over,total=3.25,1.9
2026-10-10T00:02:43.029509+02:00,36628984,"Liga de Expansion MX, Apertura",Mexico,CD Tapatio,Club Atletico La Paz,2026-10-09T23:00:00+00:00,57.2828,soccer.total_goals,period=ft,under,total=3.25,1.89
2026-10-10T00:02:43.029509+02:00,36628984,"Liga de Expansion MX, Apertura",Mexico,CD Tapatio,Club Atletico La Paz,2026-10-09T23:00:00+00:00,57.2828,soccer.total_goals,period=ft,over,total=1.5,1.12
2026-10-10T00:02:43.029509+02:00,36628984,"Liga de Expansion MX, Apertura",Mexico,CD Tapatio,Club Atletico La Paz,2026-10-09T23:00:00+00:00,57.2828,soccer.total_goals,period=ft,under,total=1.5,5.75
2026-10-10T00:02:43.029509+02:00,36628984,"Liga de Expansion MX, Apertura",Mexico,CD Tapatio,Club Atletico La Paz,2026-10-09T23:00:00+00:00,57.2828,soccer.total_goals,period=ft,over,total=2.5,1.44
2026-10-10T00:02:43.029509+02:00,36628984,"Liga de Expansion MX, Apertura",Mexico,CD Tapatio,Club Atletico La Paz,2026-10-09T23:00:00+00:00,57.2828,soccer.total_goals,period=ft,under,total=2.5,2.65
2026-10-10T00:02:43.029509+02:00,36628984,"Liga de Expansion MX, Apertura",Mexico,CD Tapatio,Club Atletico La Paz,2026-10-09T23:00:00+00:00,57.2828,soccer.total_goals,period=ft,over,total=2.75,1.54
2026-10-10T00:02:43.029509+02:00,36628984,"Liga de Expansion MX, Apertura",Mexico,CD Tapatio,Club Atletico La Paz,2026-10-09T23:00:00+00:00,57.2828,soccer.total_goals,period=ft,under,total=2.75,2.4
2026-10-10T00:02:43.029509+02:00,36628984,"Liga de Expansion MX, Apertura",Mexico,CD Tapatio,Club Atletico La Paz,2026-10-09T23:00:00+00:00,57.2828,soccer.total_goals,period=ft,over,total=3,1.68
2026-10-10T00:02:43.029509+02:00,36628984,"Liga de Expansion MX, Apertura",Mexico,CD Tapatio,Club Atletico La Paz,2026-10-09T23:00:00+00:00,57.2828,soccer.total_goals,period=ft,under,total=3,2.15
2026-10-10T00:02:43.029509+02:00,36628984,"Liga de Expansion MX, Apertura",Mexico,CD Tapatio,Club Atletico La Paz,2026-10-09T23:00:00+00:00,57.2828,soccer.total_goals,period=ft,over,total=3.5,2.1
2026-10-10T00:02:43.029509+02:00,36628984,"Liga de Expansion MX, Apertura",Mexico,CD Tapatio,Club Atletico La Paz,2026-10-09T23:00:00+00:00,57.2828,soccer.total_goals,period=ft,under,total=3.5,1.71
2026-10-10T00:02:43.029509+02:00,36628984,"Liga de Expansion MX, Apertura",Mexico,CD Tapatio,Club Atletico La Paz,2026-10-09T23:00:00+00:00,57.2828,soccer.total_goals,period=ft,over,total=3.75,2.35
2026-10-10T00:02:43.029509+02:00,36628984,"Liga de Expansion MX, Apertura",Mexico,CD Tapatio,Club Atletico La Paz,2026-10-09T23:00:00+00:00,57.2828,soccer.total_goals,period=ft,under,total=3.75,1.55
2026-10-10T00:02:43.029509+02:00,36628984,"Liga de Expansion MX, Apertura",Mexico,CD Tapatio,Club Atletico La Paz,2026-10-09T23:00:00+00:00,57.2828,soccer.total_goals,period=ft,over,total=4.5,3.4
2026-10-10T00:02:43.029509+02:00,36628984,"Liga de Expansion MX, Apertura",Mexico,CD Tapatio,Club Atletico La Paz,2026-10-09T23:00:00+00:00,57.2828,soccer.total_goals,period=ft,under,total=4.5,1.29
2026-10-10T00:02:43.029509+02:00,36628984,"Liga de Expansion MX, Apertura",Mexico,CD Tapatio,Club Atletico La Paz,2026-10-09T23:00:00+00:00,57.2828,soccer.total_goals,period=ft,over,total=5.5,6.2
2026-10-10T00:02:43.029509+02:00,36628984,"Liga de Expansion MX, Apertura",Mexico,CD Tapatio,Club Atletico La Paz,2026-10-09T23:00:00+00:00,57.2828,soccer.total_goals,period=ft,under,total=5.5,1.1
2026-10-10T00:02:43.029509+02:00,36682209,Primera B,Argentina,CA Talleres de Remedios,Deportivo Camioneros,2026-10-09T23:00:00+00:00,57.2828,soccer.asian_handicap,period=ft,home,handicap=-0.5,1.81
2026-10-10T00:02:43.029509+02:00,36682209,Primera B,Argentina,CA Talleres de Remedios,Deportivo Camioneros,2026-10-09T23:00:00+00:00,57.2828,soccer.asian_handicap,period=ft,away,handicap=-0.5,1.93
2026-10-10T00:02:43.029509+02:00,36682209,Primera B,Argentina,CA Talleres de Remedios,Deportivo Camioneros,2026-10-09T23:00:00+00:00,57.2828,soccer.asian_handicap,period=ft,home,handicap=-1.25,2.9
2026-10-10T00:02:43.029509+02:00,36682209,Primera B,Argentina,CA Talleres de Remedios,Deportivo Camioneros,2026-10-09T23:00:00+00:00,57.2828,soccer.asian_handicap,period=ft,away,handicap=-1.25,1.34
2026-10-10T00:02:43.029509+02:00,36682209,Primera B,Argentina,CA Talleres de Remedios,Deportivo Camioneros,2026-10-09T23:00:00+00:00,57.2828,soccer.asian_handicap,period=ft,home,handicap=-1,2.5
2026-10-10T00:02:43.029509+02:00,36682209,Primera B,Argentina,CA Talleres de Remedios,Deportivo Camioneros,2026-10-09T23:00:00+00:00,57.2828,soccer.asian_handicap,period=ft,away,handicap=-1,1.44
2026-10-10T00:02:43.029509+02:00,36682209,Primera B,Argentina,CA Talleres de Remedios,Deportivo Camioneros,2026-10-09T23:00:00+00:00,57.2828,soccer.asian_handicap,period=ft,home,handicap=-0.75,2.06
2026-10-10T00:02:43.029509+02:00,36682209,Primera B,Argentina,CA Talleres de Remedios,Deportivo Camioneros,2026-10-09T23:00:00+00:00,57.2828,soccer.asian_handicap,period=ft,away,handicap=-0.75,1.69
2026-10-10T00:02:43.029509+02:00,36682209,Primera B,Argentina,CA Talleres de Remedios,Deportivo Camioneros,2026-10-09T23:00:00+00:00,57.2828,soccer.asian_handicap,period=ft,home,handicap=-0.25,1.55
2026-10-10T00:02:43.029509+02:00,36682209,Primera B,Argentina,CA Talleres de Remedios,Deportivo Camioneros,2026-10-09T23:00:00+00:00,57.2828,soccer.asian_handicap,period=ft,away,handicap=-0.25,2.3
2026-10-10T00:02:43.029509+02:00,36682209,Primera B,Argentina,CA Talleres de Remedios,Deportivo Camioneros,2026-10-09T23:00:00+00:00,57.2828,soccer.asian_handicap,period=ft,home,handicap=0,1.3
2026-10-10T00:02:43.029509+02:00,36682209,Primera B,Argentina,CA Talleres de Remedios,Deportivo Camioneros,2026-10-09T23:00:00+00:00,57.2828,soccer.asian_handicap,period=ft,away,handicap=0,3.1
2026-10-10T00:02:43.029509+02:00,36682209,Primera B,Argentina,CA Talleres de Remedios,Deportivo Camioneros,2026-10-09T23:00:00+00:00,57.2828,soccer.asian_handicap,period=ft,home,handicap=0.25,1.22
2026-10-10T00:02:43.029509+02:00,36682209,Primera B,Argentina,CA Talleres de Remedios,Deportivo Camioneros,2026-10-09T23:00:00+00:00,57.2828,soccer.asian_handicap,period=ft,away,handicap=0.25,3.65
2026-10-10T00:02:43.029509+02:00,36682209,Primera B,Argentina,CA Talleres de Remedios,Deportivo Camioneros,2026-10-09T23:00:00+00:00,57.2828,soccer.double_chance,period=ft,draw_away,,1.84
2026-10-10T00:02:43.029509+02:00,36682209,Primera B,Argentina,CA Talleres de Remedios,Deportivo Camioneros,2026-10-09T23:00:00+00:00,57.2828,soccer.double_chance,period=ft,home_away,,1.34
2026-10-10T00:02:43.029509+02:00,36682209,Primera B,Argentina,CA Talleres de Remedios,Deportivo Camioneros,2026-10-09T23:00:00+00:00,57.2828,soccer.double_chance,period=ft,home_draw,,1.23
2026-10-10T00:02:43.029509+02:00,36682209,Primera B,Argentina,CA Talleres de Remedios,Deportivo Camioneros,2026-10-09T23:00:00+00:00,57.2828,soccer.match_odds,period=ft,home,,1.8
2026-10-10T00:02:43.029509+02:00,36682209,Primera B,Argentina,CA Talleres de Remedios,Deportivo Camioneros,2026-10-09T23:00:00+00:00,57.2828,soccer.match_odds,period=ft,draw,,3.1
2026-10-10T00:02:43.029509+02:00,36682209,Primera B,Argentina,CA Talleres de Remedios,Deportivo Camioneros,2026-10-09T23:00:00+00:00,57.2828,soccer.match_odds,period=ft,away,,4.25
2026-10-10T00:02:43.029509+02:00,36682209,Primera B,Argentina,CA Talleres de Remedios,Deportivo Camioneros,2026-10-09T23:00:00+00:00,57.2828,soccer.total_goals,period=ft,over,total=2.25,2.03
2026-10-10T00:02:43.029509+02:00,36682209,Primera B,Argentina,CA Talleres de Remedios,Deportivo Camioneros,2026-10-09T23:00:00+00:00,57.2828,soccer.total_goals,period=ft,under,total=2.25,1.73
2026-10-10T00:02:43.029509+02:00,36682209,Primera B,Argentina,CA Talleres de Remedios,Deportivo Camioneros,2026-10-09T23:00:00+00:00,57.2828,soccer.total_goals,period=ft,over,total=1.5,1.38
2026-10-10T00:02:43.029509+02:00,36682209,Primera B,Argentina,CA Talleres de Remedios,Deportivo Camioneros,2026-10-09T23:00:00+00:00,57.2828,soccer.total_goals,period=ft,under,total=1.5,2.7
2026-10-10T00:02:43.029509+02:00,36682209,Primera B,Argentina,CA Talleres de Remedios,Deportivo Camioneros,2026-10-09T23:00:00+00:00,57.2828,soccer.total_goals,period=ft,over,total=1.75,1.5
2026-10-10T00:02:43.029509+02:00,36682209,Primera B,Argentina,CA Talleres de Remedios,Deportivo Camioneros,2026-10-09T23:00:00+00:00,57.2828,soccer.total_goals,period=ft,under,total=1.75,2.35
2026-10-10T00:02:43.029509+02:00,36682209,Primera B,Argentina,CA Talleres de Remedios,Deportivo Camioneros,2026-10-09T23:00:00+00:00,57.2828,soccer.total_goals,period=ft,over,total=2,1.7
2026-10-10T00:02:43.029509+02:00,36682209,Primera B,Argentina,CA Talleres de Remedios,Deportivo Camioneros,2026-10-09T23:00:00+00:00,57.2828,soccer.total_goals,period=ft,under,total=2,2.03
2026-10-10T00:02:43.029509+02:00,36682209,Primera B,Argentina,CA Talleres de Remedios,Deportivo Camioneros,2026-10-09T23:00:00+00:00,57.2828,soccer.total_goals,period=ft,over,total=2.5,2.3
2026-10-10T00:02:43.029509+02:00,36682209,Primera B,Argentina,CA Talleres de Remedios,Deportivo Camioneros,2026-10-09T23:00:00+00:00,57.2828,soccer.total_goals,period=ft,under,total=2.5,1.54
2026-10-10T00:02:43.029509+02:00,36682209,Primera B,Argentina,CA Talleres de Remedios,Deportivo Camioneros,2026-10-09T23:00:00+00:00,57.2828,soccer.total_goals,period=ft,over,total=2.75,2.7
2026-10-10T00:02:43.029509+02:00,36682209,Primera B,Argentina,CA Talleres de Remedios,Deportivo Camioneros,2026-10-09T23:00:00+00:00,57.2828,soccer.total_goals,period=ft,under,total=2.75,1.38
2026-10-10T00:02:43.029509+02:00,36682209,Primera B,Argentina,CA Talleres de Remedios,Deportivo Camioneros,2026-10-09T23:00:00+00:00,57.2828,soccer.total_goals,period=ft,over,total=3,3.55
2026-10-10T00:02:43.029509+02:00,36682209,Primera B,Argentina,CA Talleres de Remedios,Deportivo Camioneros,2026-10-09T23:00:00+00:00,57.2828,soccer.total_goals,period=ft,under,total=3,1.23
2026-10-10T00:02:43.029509+02:00,36682208,Primera B,Argentina,Excursionistas,CA Villa San Carlos,2026-10-09T23:00:00+00:00,57.2828,soccer.asian_handicap,period=ft,home,handicap=-0.75,1.8
2026-10-10T00:02:43.029509+02:00,36682208,Primera B,Argentina,Excursionistas,CA Villa San Carlos,2026-10-09T23:00:00+00:00,57.2828,soccer.asian_handicap,period=ft,away,handicap=-0.75,1.94
2026-10-10T00:02:43.029509+02:00,36682208,Primera B,Argentina,Excursionistas,CA Villa San Carlos,2026-10-09T23:00:00+00:00,57.2828,soccer.asian_handicap,period=ft,home,handicap=-1.5,2.75
2026-10-10T00:02:43.029509+02:00,36682208,Primera B,Argentina,Excursionistas,CA Villa San Carlos,2026-10-09T23:00:00+00:00,57.2828,soccer.asian_handicap,period=ft,away,handicap=-1.5,1.38
2026-10-10T00:02:43.029509+02:00,36682208,Primera B,Argentina,Excursionistas,CA Villa San Carlos,2026-10-09T23:00:00+00:00,57.2828,soccer.asian_handicap,period=ft,home,handicap=-1.25,2.4
2026-10-10T00:02:43.029509+02:00,36682208,Primera B,Argentina,Excursionistas,CA Villa San Carlos,2026-10-09T23:00:00+00:00,57.2828,soccer.asian_handicap,period=ft,away,handicap=-1.25,1.48
2026-10-10T00:02:43.029509+02:00,36682208,Primera B,Argentina,Excursionistas,CA Villa San Carlos,2026-10-09T23:00:00+00:00,57.2828,soccer.asian_handicap,period=ft,home,handicap=-1,2.11
2026-10-10T00:02:43.029509+02:00,36682208,Primera B,Argentina,Excursionistas,CA Villa San Carlos,2026-10-09T23:00:00+00:00,57.2828,soccer.asian_handicap,period=ft,away,handicap=-1,1.65
2026-10-10T00:02:43.029509+02:00,36682208,Primera B,Argentina,Excursionistas,CA Villa San Carlos,2026-10-09T23:00:00+00:00,57.2828,soccer.asian_handicap,period=ft,home,handicap=-0.5,1.61
2026-10-10T00:02:43.029509+02:00,36682208,Primera B,Argentina,Excursionistas,CA Villa San Carlos,2026-10-09T23:00:00+00:00,57.2828,soccer.asian_handicap,period=ft,away,handicap=-0.5,2.19
2026-10-10T00:02:43.029509+02:00,36682208,Primera B,Argentina,Excursionistas,CA Villa San Carlos,2026-10-09T23:00:00+00:00,57.2828,soccer.asian_handicap,period=ft,home,handicap=-0.25,1.4
2026-10-10T00:02:43.029509+02:00,36682208,Primera B,Argentina,Excursionistas,CA Villa San Carlos,2026-10-09T23:00:00+00:00,57.2828,soccer.asian_handicap,period=ft,away,handicap=-0.25,2.65
2026-10-10T00:02:43.029509+02:00,36682208,Primera B,Argentina,Excursionistas,CA Villa San Carlos,2026-10-09T23:00:00+00:00,57.2828,soccer.asian_handicap,period=ft,home,handicap=0,1.21
2026-10-10T00:02:43.029509+02:00,36682208,Primera B,Argentina,Excursionistas,CA Villa San Carlos,2026-10-09T23:00:00+00:00,57.2828,soccer.asian_handicap,period=ft,away,handicap=0,3.8
2026-10-10T00:02:43.029509+02:00,36682208,Primera B,Argentina,Excursionistas,CA Villa San Carlos,2026-10-09T23:00:00+00:00,57.2828,soccer.double_chance,period=ft,draw_away,,2.12
2026-10-10T00:02:43.029509+02:00,36682208,Primera B,Argentina,Excursionistas,CA Villa San Carlos,2026-10-09T23:00:00+00:00,57.2828,soccer.double_chance,period=ft,home_away,,1.27
2026-10-10T00:02:43.029509+02:00,36682208,Primera B,Argentina,Excursionistas,CA Villa San Carlos,2026-10-09T23:00:00+00:00,57.2828,soccer.double_chance,period=ft,home_draw,,1.19
2026-10-10T00:02:43.029509+02:00,36682208,Primera B,Argentina,Excursionistas,CA Villa San Carlos,2026-10-09T23:00:00+00:00,57.2828,soccer.match_odds,period=ft,home,,1.61
2026-10-10T00:02:43.029509+02:00,36682208,Primera B,Argentina,Excursionistas,CA Villa San Carlos,2026-10-09T23:00:00+00:00,57.2828,soccer.match_odds,period=ft,draw,,3.45
2026-10-10T00:02:43.029509+02:00,36682208,Primera B,Argentina,Excursionistas,CA Villa San Carlos,2026-10-09T23:00:00+00:00,57.2828,soccer.match_odds,period=ft,away,,5.05
2026-10-10T00:02:43.029509+02:00,36682208,Primera B,Argentina,Excursionistas,CA Villa San Carlos,2026-10-09T23:00:00+00:00,57.2828,soccer.total_goals,period=ft,over,total=2.25,1.78
2026-10-10T00:02:43.029509+02:00,36682208,Primera B,Argentina,Excursionistas,CA Villa San Carlos,2026-10-09T23:00:00+00:00,57.2828,soccer.total_goals,period=ft,under,total=2.25,1.97
2026-10-10T00:02:43.029509+02:00,36682208,Primera B,Argentina,Excursionistas,CA Villa San Carlos,2026-10-09T23:00:00+00:00,57.2828,soccer.total_goals,period=ft,over,total=1.5,1.3
2026-10-10T00:02:43.029509+02:00,36682208,Primera B,Argentina,Excursionistas,CA Villa San Carlos,2026-10-09T23:00:00+00:00,57.2828,soccer.total_goals,period=ft,under,total=1.5,3.1
2026-10-10T00:02:43.029509+02:00,36682208,Primera B,Argentina,Excursionistas,CA Villa San Carlos,2026-10-09T23:00:00+00:00,57.2828,soccer.total_goals,period=ft,over,total=1.75,1.38
2026-10-10T00:02:43.029509+02:00,36682208,Primera B,Argentina,Excursionistas,CA Villa San Carlos,2026-10-09T23:00:00+00:00,57.2828,soccer.total_goals,period=ft,under,total=1.75,2.7
2026-10-10T00:02:43.029509+02:00,36682208,Primera B,Argentina,Excursionistas,CA Villa San Carlos,2026-10-09T23:00:00+00:00,57.2828,soccer.total_goals,period=ft,over,total=2,1.51
2026-10-10T00:02:43.029509+02:00,36682208,Primera B,Argentina,Excursionistas,CA Villa San Carlos,2026-10-09T23:00:00+00:00,57.2828,soccer.total_goals,period=ft,under,total=2,2.35
2026-10-10T00:02:43.029509+02:00,36682208,Primera B,Argentina,Excursionistas,CA Villa San Carlos,2026-10-09T23:00:00+00:00,57.2828,soccer.total_goals,period=ft,over,total=2.5,2.01
2026-10-10T00:02:43.029509+02:00,36682208,Primera B,Argentina,Excursionistas,CA Villa San Carlos,2026-10-09T23:00:00+00:00,57.2828,soccer.total_goals,period=ft,under,total=2.5,1.71
2026-10-10T00:02:43.029509+02:00,36682208,Primera B,Argentina,Excursionistas,CA Villa San Carlos,2026-10-09T23:00:00+00:00,57.2828,soccer.total_goals,period=ft,over,total=2.75,2.3
2026-10-10T00:02:43.029509+02:00,36682208,Primera B,Argentina,Excursionistas,CA Villa San Carlos,2026-10-09T23:00:00+00:00,57.2828,soccer.total_goals,period=ft,under,total=2.75,1.53
2026-10-10T00:02:43.029509+02:00,36682208,Primera B,Argentina,Excursionistas,CA Villa San Carlos,2026-10-09T23:00:00+00:00,57.2828,soccer.total_goals,period=ft,over,total=3,2.9
2026-10-10T00:02:43.029509+02:00,36682208,Primera B,Argentina,Excursionistas,CA Villa San Carlos,2026-10-09T23:00:00+00:00,57.2828,soccer.total_goals,period=ft,under,total=3,1.35
2026-10-10T00:02:43.029509+02:00,36625214,"Primera A, Clausura",Colombia,Alianza FC Valledupar,Aguilas Doradas Rionegro,2026-10-09T23:00:00+00:00,57.2828,soccer.asian_handicap,period=ft,home,handicap=-0.25,2.07
2026-10-10T00:02:43.029509+02:00,36625214,"Primera A, Clausura",Colombia,Alianza FC Valledupar,Aguilas Doradas Rionegro,2026-10-09T23:00:00+00:00,57.2828,soccer.asian_handicap,period=ft,away,handicap=-0.25,1.77
2026-10-10T00:02:43.029509+02:00,36625214,"Primera A, Clausura",Colombia,Alianza FC Valledupar,Aguilas Doradas Rionegro,2026-10-09T23:00:00+00:00,57.2828,soccer.asian_handicap,period=ft,home,handicap=-1.25,4.75
2026-10-10T00:02:43.029509+02:00,36625214,"Primera A, Clausura",Colombia,Alianza FC Valledupar,Aguilas Doradas Rionegro,2026-10-09T23:00:00+00:00,57.2828,soccer.asian_handicap,period=ft,away,handicap=-1.25,1.18
2026-10-10T00:02:43.029509+02:00,36625214,"Primera A, Clausura",Colombia,Alianza FC Valledupar,Aguilas Doradas Rionegro,2026-10-09T23:00:00+00:00,57.2828,soccer.asian_handicap,period=ft,home,handicap=-1,4.2
2026-10-10T00:02:43.029509+02:00,36625214,"Primera A, Clausura",Colombia,Alianza FC Valledupar,Aguilas Doradas Rionegro,2026-10-09T23:00:00+00:00,57.2828,soccer.asian_handicap,period=ft,away,handicap=-1,1.22
2026-10-10T00:02:43.029509+02:00,36625214,"Primera A, Clausura",Colombia,Alianza FC Valledupar,Aguilas Doradas Rionegro,2026-10-09T23:00:00+00:00,57.2828,soccer.asian_handicap,period=ft,home,handicap=-0.75,2.95
2026-10-10T00:02:43.029509+02:00,36625214,"Primera A, Clausura",Colombia,Alianza FC Valledupar,Aguilas Doradas Rionegro,2026-10-09T23:00:00+00:00,57.2828,soccer.asian_handicap,period=ft,away,handicap=-0.75,1.39
2026-10-10T00:02:43.029509+02:00,36625214,"Primera A, Clausura",Colombia,Alianza FC Valledupar,Aguilas Doradas Rionegro,2026-10-09T23:00:00+00:00,57.2828,soccer.asian_handicap,period=ft,home,handicap=-0.5,2.4
2026-10-10T00:02:43.029509+02:00,36625214,"Primera A, Clausura",Colombia,Alianza FC Valledupar,Aguilas Doradas Rionegro,2026-10-09T23:00:00+00:00,57.2828,soccer.asian_handicap,period=ft,away,handicap=-0.5,1.57
2026-10-10T00:02:43.029509+02:00,36625214,"Primera A, Clausura",Colombia,Alianza FC Valledupar,Aguilas Doradas Rionegro,2026-10-09T23:00:00+00:00,57.2828,soccer.asian_handicap,period=ft,home,handicap=0,1.71
2026-10-10T00:02:43.029509+02:00,36625214,"Primera A, Clausura",Colombia,Alianza FC Valledupar,Aguilas Doradas Rionegro,2026-10-09T23:00:00+00:00,57.2828,soccer.asian_handicap,period=ft,away,handicap=0,2.14
2026-10-10T00:02:43.029509+02:00,36625214,"Primera A, Clausura",Colombia,Alianza FC Valledupar,Aguilas Doradas Rionegro,2026-10-09T23:00:00+00:00,57.2828,soccer.asian_handicap,period=ft,home,handicap=0.25,1.5
2026-10-10T00:02:43.029509+02:00,36625214,"Primera A, Clausura",Colombia,Alianza FC Valledupar,Aguilas Doradas Rionegro,2026-10-09T23:00:00+00:00,57.2828,soccer.asian_handicap,period=ft,away,handicap=0.25,2.55
2026-10-10T00:02:43.029509+02:00,36625214,"Primera A, Clausura",Colombia,Alianza FC Valledupar,Aguilas Doradas Rionegro,2026-10-09T23:00:00+00:00,57.2828,soccer.asian_handicap,period=ft,home,handicap=0.5,1.38
2026-10-10T00:02:43.029509+02:00,36625214,"Primera A, Clausura",Colombia,Alianza FC Valledupar,Aguilas Doradas Rionegro,2026-10-09T23:00:00+00:00,57.2828,soccer.asian_handicap,period=ft,away,handicap=0.5,2.95
2026-10-10T00:02:43.029509+02:00,36625214,"Primera A, Clausura",Colombia,Alianza FC Valledupar,Aguilas Doradas Rionegro,2026-10-09T23:00:00+00:00,57.2828,soccer.asian_handicap,period=ft,home,handicap=0.75,1.26
2026-10-10T00:02:43.029509+02:00,36625214,"Primera A, Clausura",Colombia,Alianza FC Valledupar,Aguilas Doradas Rionegro,2026-10-09T23:00:00+00:00,57.2828,soccer.asian_handicap,period=ft,away,handicap=0.75,3.75
2026-10-10T00:02:43.029509+02:00,36625214,"Primera A, Clausura",Colombia,Alianza FC Valledupar,Aguilas Doradas Rionegro,2026-10-09T23:00:00+00:00,57.2828,soccer.double_chance,period=ft,draw_away,,1.55
2026-10-10T00:02:43.029509+02:00,36625214,"Primera A, Clausura",Colombia,Alianza FC Valledupar,Aguilas Doradas Rionegro,2026-10-09T23:00:00+00:00,57.2828,soccer.double_chance,period=ft,home_away,,1.36
2026-10-10T00:02:43.029509+02:00,36625214,"Primera A, Clausura",Colombia,Alianza FC Valledupar,Aguilas Doradas Rionegro,2026-10-09T23:00:00+00:00,57.2828,soccer.double_chance,period=ft,home_draw,,1.39
2026-10-10T00:02:43.029509+02:00,36625214,"Primera A, Clausura",Colombia,Alianza FC Valledupar,Aguilas Doradas Rionegro,2026-10-09T23:00:00+00:00,57.2828,soccer.match_odds,period=ft,home,,2.4
2026-10-10T00:02:43.029509+02:00,36625214,"Primera A, Clausura",Colombia,Alianza FC Valledupar,Aguilas Doradas Rionegro,2026-10-09T23:00:00+00:00,57.2828,soccer.match_odds,period=ft,draw,,3.2
2026-10-10T00:02:43.029509+02:00,36625214,"Primera A, Clausura",Colombia,Alianza FC Valledupar,Aguilas Doradas Rionegro,2026-10-09T23:00:00+00:00,57.2828,soccer.match_odds,period=ft,away,,3.0
2026-10-10T00:02:43.029509+02:00,36625214,"Primera A, Clausura",Colombia,Alianza FC Valledupar,Aguilas Doradas Rionegro,2026-10-09T23:00:00+00:00,57.2828,soccer.total_goals,period=ft,over,total=2.25,1.9
2026-10-10T00:02:43.029509+02:00,36625214,"Primera A, Clausura",Colombia,Alianza FC Valledupar,Aguilas Doradas Rionegro,2026-10-09T23:00:00+00:00,57.2828,soccer.total_goals,period=ft,under,total=2.25,1.9
2026-10-10T00:02:43.029509+02:00,36625214,"Primera A, Clausura",Colombia,Alianza FC Valledupar,Aguilas Doradas Rionegro,2026-10-09T23:00:00+00:00,57.2828,soccer.total_goals,period=ft,over,total=1.5,1.36
2026-10-10T00:02:43.029509+02:00,36625214,"Primera A, Clausura",Colombia,Alianza FC Valledupar,Aguilas Doradas Rionegro,2026-10-09T23:00:00+00:00,57.2828,soccer.total_goals,period=ft,under,total=1.5,3.05
2026-10-10T00:02:43.029509+02:00,36625214,"Primera A, Clausura",Colombia,Alianza FC Valledupar,Aguilas Doradas Rionegro,2026-10-09T23:00:00+00:00,57.2828,soccer.total_goals,period=ft,over,total=1.75,1.46
2026-10-10T00:02:43.029509+02:00,36625214,"Primera A, Clausura",Colombia,Alianza FC Valledupar,Aguilas Doradas Rionegro,2026-10-09T23:00:00+00:00,57.2828,soccer.total_goals,period=ft,under,total=1.75,2.65
2026-10-10T00:02:43.029509+02:00,36625214,"Primera A, Clausura",Colombia,Alianza FC Valledupar,Aguilas Doradas Rionegro,2026-10-09T23:00:00+00:00,57.2828,soccer.total_goals,period=ft,over,total=2,1.61
2026-10-10T00:02:43.029509+02:00,36625214,"Primera A, Clausura",Colombia,Alianza FC Valledupar,Aguilas Doradas Rionegro,2026-10-09T23:00:00+00:00,57.2828,soccer.total_goals,period=ft,under,total=2,2.3
2026-10-10T00:02:43.029509+02:00,36625214,"Primera A, Clausura",Colombia,Alianza FC Valledupar,Aguilas Doradas Rionegro,2026-10-09T23:00:00+00:00,57.2828,soccer.total_goals,period=ft,over,total=2.5,2.18
2026-10-10T00:02:43.029509+02:00,36625214,"Primera A, Clausura",Colombia,Alianza FC Valledupar,Aguilas Doradas Rionegro,2026-10-09T23:00:00+00:00,57.2828,soccer.total_goals,period=ft,under,total=2.5,1.67
2026-10-10T00:02:43.029509+02:00,36625214,"Primera A, Clausura",Colombia,Alianza FC Valledupar,Aguilas Doradas Rionegro,2026-10-09T23:00:00+00:00,57.2828,soccer.total_goals,period=ft,over,total=2.75,2.5
2026-10-10T00:02:43.029509+02:00,36625214,"Primera A, Clausura",Colombia,Alianza FC Valledupar,Aguilas Doradas Rionegro,2026-10-09T23:00:00+00:00,57.2828,soccer.total_goals,period=ft,under,total=2.75,1.5
2026-10-10T00:02:43.029509+02:00,36625214,"Primera A, Clausura",Colombia,Alianza FC Valledupar,Aguilas Doradas Rionegro,2026-10-09T23:00:00+00:00,57.2828,soccer.total_goals,period=ft,over,total=3.5,3.95
2026-10-10T00:02:43.029509+02:00,36625214,"Primera A, Clausura",Colombia,Alianza FC Valledupar,Aguilas Doradas Rionegro,2026-10-09T23:00:00+00:00,57.2828,soccer.total_goals,period=ft,under,total=3.5,1.23
2026-10-10T00:02:43.029509+02:00,36626421,Primera Division,Uruguay,Deportivo Maldonado,Liverpool Montevideo,2026-10-09T23:00:00+00:00,57.2828,soccer.asian_handicap,period=ft,home,handicap=-0.25,2.09
2026-10-10T00:02:43.029509+02:00,36626421,Primera Division,Uruguay,Deportivo Maldonado,Liverpool Montevideo,2026-10-09T23:00:00+00:00,57.2828,soccer.asian_handicap,period=ft,away,handicap=-0.25,1.76
2026-10-10T00:02:43.029509+02:00,36626421,Primera Division,Uruguay,Deportivo Maldonado,Liverpool Montevideo,2026-10-09T23:00:00+00:00,57.2828,soccer.asian_handicap,period=ft,home,handicap=-1.25,4.6
2026-10-10T00:02:43.029509+02:00,36626421,Primera Division,Uruguay,Deportivo Maldonado,Liverpool Montevideo,2026-10-09T23:00:00+00:00,57.2828,soccer.asian_handicap,period=ft,away,handicap=-1.25,1.19
2026-10-10T00:02:43.029509+02:00,36626421,Primera Division,Uruguay,Deportivo Maldonado,Liverpool Montevideo,2026-10-09T23:00:00+00:00,57.2828,soccer.asian_handicap,period=ft,home,handicap=-1,4.1
2026-10-10T00:02:43.029509+02:00,36626421,Primera Division,Uruguay,Deportivo Maldonado,Liverpool Montevideo,2026-10-09T23:00:00+00:00,57.2828,soccer.asian_handicap,period=ft,away,handicap=-1,1.23
2026-10-10T00:02:43.029509+02:00,36626421,Primera Division,Uruguay,Deportivo Maldonado,Liverpool Montevideo,2026-10-09T23:00:00+00:00,57.2828,soccer.asian_handicap,period=ft,home,handicap=-0.75,2.95
2026-10-10T00:02:43.029509+02:00,36626421,Primera Division,Uruguay,Deportivo Maldonado,Liverpool Montevideo,2026-10-09T23:00:00+00:00,57.2828,soccer.asian_handicap,period=ft,away,handicap=-0.75,1.39
2026-10-10T00:02:43.029509+02:00,36626421,Primera Division,Uruguay,Deportivo Maldonado,Liverpool Montevideo,2026-10-09T23:00:00+00:00,57.2828,soccer.asian_handicap,period=ft,home,handicap=-0.5,2.4
2026-10-10T00:02:43.029509+02:00,36626421,Primera Division,Uruguay,Deportivo Maldonado,Liverpool Montevideo,2026-10-09T23:00:00+00:00,57.2828,soccer.asian_handicap,period=ft,away,handicap=-0.5,1.56
2026-10-10T00:02:43.029509+02:00,36626421,Primera Division,Uruguay,Deportivo Maldonado,Liverpool Montevideo,2026-10-09T23:00:00+00:00,57.2828,soccer.asian_handicap,period=ft,home,handicap=0,1.72
2026-10-10T00:02:43.029509+02:00,36626421,Primera Division,Uruguay,Deportivo Maldonado,Liverpool Montevideo,2026-10-09T23:00:00+00:00,57.2828,soccer.asian_handicap,period=ft,away,handicap=0,2.12
2026-10-10T00:02:43.029509+02:00,36626421,Primera Division,Uruguay,Deportivo Maldonado,Liverpool Montevideo,2026-10-09T23:00:00+00:00,57.2828,soccer.asian_handicap,period=ft,home,handicap=0.25,1.51
2026-10-10T00:02:43.029509+02:00,36626421,Primera Division,Uruguay,Deportivo Maldonado,Liverpool Montevideo,2026-10-09T23:00:00+00:00,57.2828,soccer.asian_handicap,period=ft,away,handicap=0.25,2.55
2026-10-10T00:02:43.029509+02:00,36626421,Primera Division,Uruguay,Deportivo Maldonado,Liverpool Montevideo,2026-10-09T23:00:00+00:00,57.2828,soccer.asian_handicap,period=ft,home,handicap=0.5,1.38
2026-10-10T00:02:43.029509+02:00,36626421,Primera Division,Uruguay,Deportivo Maldonado,Liverpool Montevideo,2026-10-09T23:00:00+00:00,57.2828,soccer.asian_handicap,period=ft,away,handicap=0.5,2.95
2026-10-10T00:02:43.029509+02:00,36626421,Primera Division,Uruguay,Deportivo Maldonado,Liverpool Montevideo,2026-10-09T23:00:00+00:00,57.2828,soccer.asian_handicap,period=ft,home,handicap=0.75,1.26
2026-10-10T00:02:43.029509+02:00,36626421,Primera Division,Uruguay,Deportivo Maldonado,Liverpool Montevideo,2026-10-09T23:00:00+00:00,57.2828,soccer.asian_handicap,period=ft,away,handicap=0.75,3.75
2026-10-10T00:02:43.029509+02:00,36626421,Primera Division,Uruguay,Deportivo Maldonado,Liverpool Montevideo,2026-10-09T23:00:00+00:00,57.2828,soccer.double_chance,period=ft,draw_away,,1.54
2026-10-10T00:02:43.029509+02:00,36626421,Primera Division,Uruguay,Deportivo Maldonado,Liverpool Montevideo,2026-10-09T23:00:00+00:00,57.2828,soccer.double_chance,period=ft,home_away,,1.34
2026-10-10T00:02:43.029509+02:00,36626421,Primera Division,Uruguay,Deportivo Maldonado,Liverpool Montevideo,2026-10-09T23:00:00+00:00,57.2828,soccer.double_chance,period=ft,home_draw,,1.38
2026-10-10T00:02:43.029509+02:00,36626421,Primera Division,Uruguay,Deportivo Maldonado,Liverpool Montevideo,2026-10-09T23:00:00+00:00,57.2828,soccer.match_odds,period=ft,home,,2.4
2026-10-10T00:02:43.029509+02:00,36626421,Primera Division,Uruguay,Deportivo Maldonado,Liverpool Montevideo,2026-10-09T23:00:00+00:00,57.2828,soccer.match_odds,period=ft,draw,,3.2
2026-10-10T00:02:43.029509+02:00,36626421,Primera Division,Uruguay,Deportivo Maldonado,Liverpool Montevideo,2026-10-09T23:00:00+00:00,57.2828,soccer.match_odds,period=ft,away,,3.0
2026-10-10T00:02:43.029509+02:00,36626421,Primera Division,Uruguay,Deportivo Maldonado,Liverpool Montevideo,2026-10-09T23:00:00+00:00,57.2828,soccer.total_goals,period=ft,over,total=2.25,1.82
2026-10-10T00:02:43.029509+02:00,36626421,Primera Division,Uruguay,Deportivo Maldonado,Liverpool Montevideo,2026-10-09T23:00:00+00:00,57.2828,soccer.total_goals,period=ft,under,total=2.25,1.99
2026-10-10T00:02:43.029509+02:00,36626421,Primera Division,Uruguay,Deportivo Maldonado,Liverpool Montevideo,2026-10-09T23:00:00+00:00,57.2828,soccer.total_goals,period=ft,over,total=1.5,1.32
2026-10-10T00:02:43.029509+02:00,36626421,Primera Division,Uruguay,Deportivo Maldonado,Liverpool Montevideo,2026-10-09T23:00:00+00:00,57.2828,soccer.total_goals,period=ft,under,total=1.5,3.25
2026-10-10T00:02:43.029509+02:00,36626421,Primera Division,Uruguay,Deportivo Maldonado,Liverpool Montevideo,2026-10-09T23:00:00+00:00,57.2828,soccer.total_goals,period=ft,over,total=1.75,1.41
2026-10-10T00:02:43.029509+02:00,36626421,Primera Division,Uruguay,Deportivo Maldonado,Liverpool Montevideo,2026-10-09T23:00:00+00:00,57.2828,soccer.total_goals,period=ft,under,total=1.75,2.85
2026-10-10T00:02:43.029509+02:00,36626421,Primera Division,Uruguay,Deportivo Maldonado,Liverpool Montevideo,2026-10-09T23:00:00+00:00,57.2828,soccer.total_goals,period=ft,over,total=2,1.54
2026-10-10T00:02:43.029509+02:00,36626421,Primera Division,Uruguay,Deportivo Maldonado,Liverpool Montevideo,2026-10-09T23:00:00+00:00,57.2828,soccer.total_goals,period=ft,under,total=2,2.45
2026-10-10T00:02:43.029509+02:00,36626421,Primera Division,Uruguay,Deportivo Maldonado,Liverpool Montevideo,2026-10-09T23:00:00+00:00,57.2828,soccer.total_goals,period=ft,over,total=2.5,2.08
2026-10-10T00:02:43.029509+02:00,36626421,Primera Division,Uruguay,Deportivo Maldonado,Liverpool Montevideo,2026-10-09T23:00:00+00:00,57.2828,soccer.total_goals,period=ft,under,total=2.5,1.74
2026-10-10T00:02:43.029509+02:00,36626421,Primera Division,Uruguay,Deportivo Maldonado,Liverpool Montevideo,2026-10-09T23:00:00+00:00,57.2828,soccer.total_goals,period=ft,over,total=2.75,2.4
2026-10-10T00:02:43.029509+02:00,36626421,Primera Division,Uruguay,Deportivo Maldonado,Liverpool Montevideo,2026-10-09T23:00:00+00:00,57.2828,soccer.total_goals,period=ft,under,total=2.75,1.55
2026-10-10T00:02:43.029509+02:00,36626421,Primera Division,Uruguay,Deportivo Maldonado,Liverpool Montevideo,2026-10-09T23:00:00+00:00,57.2828,soccer.total_goals,period=ft,over,total=3.5,3.7
2026-10-10T00:02:43.029509+02:00,36626421,Primera Division,Uruguay,Deportivo Maldonado,Liverpool Montevideo,2026-10-09T23:00:00+00:00,57.2828,soccer.total_goals,period=ft,under,total=3.5,1.26
2026-10-10T00:02:43.029509+02:00,36628412,USL Championship,USA,Lexington SC,FC Tulsa,2026-10-09T23:30:00+00:00,87.2828,soccer.asian_handicap,period=ft,home,handicap=-0.75,1.82
2026-10-10T00:02:43.029509+02:00,36628412,USL Championship,USA,Lexington SC,FC Tulsa,2026-10-09T23:30:00+00:00,87.2828,soccer.asian_handicap,period=ft,away,handicap=-0.75,1.99
2026-10-10T00:02:43.029509+02:00,36628412,USL Championship,USA,Lexington SC,FC Tulsa,2026-10-09T23:30:00+00:00,87.2828,soccer.asian_handicap,period=ft,home,handicap=-1.75,3.55
2026-10-10T00:02:43.029509+02:00,36628412,USL Championship,USA,Lexington SC,FC Tulsa,2026-10-09T23:30:00+00:00,87.2828,soccer.asian_handicap,period=ft,away,handicap=-1.75,1.27
2026-10-10T00:02:43.029509+02:00,36628412,USL Championship,USA,Lexington SC,FC Tulsa,2026-10-09T23:30:00+00:00,87.2828,soccer.asian_handicap,period=ft,home,handicap=-1.5,2.85
2026-10-10T00:02:43.029509+02:00,36628412,USL Championship,USA,Lexington SC,FC Tulsa,2026-10-09T23:30:00+00:00,87.2828,soccer.asian_handicap,period=ft,away,handicap=-1.5,1.39
2026-10-10T00:02:43.029509+02:00,36628412,USL Championship,USA,Lexington SC,FC Tulsa,2026-10-09T23:30:00+00:00,87.2828,soccer.asian_handicap,period=ft,home,handicap=-1.25,2.5
2026-10-10T00:02:43.029509+02:00,36628412,USL Championship,USA,Lexington SC,FC Tulsa,2026-10-09T23:30:00+00:00,87.2828,soccer.asian_handicap,period=ft,away,handicap=-1.25,1.51
2026-10-10T00:02:43.029509+02:00,36628412,USL Championship,USA,Lexington SC,FC Tulsa,2026-10-09T23:30:00+00:00,87.2828,soccer.asian_handicap,period=ft,home,handicap=-1,2.16
2026-10-10T00:02:43.029509+02:00,36628412,USL Championship,USA,Lexington SC,FC Tulsa,2026-10-09T23:30:00+00:00,87.2828,soccer.asian_handicap,period=ft,away,handicap=-1,1.68
2026-10-10T00:02:43.029509+02:00,36628412,USL Championship,USA,Lexington SC,FC Tulsa,2026-10-09T23:30:00+00:00,87.2828,soccer.asian_handicap,period=ft,home,handicap=-0.5,1.62
2026-10-10T00:02:43.029509+02:00,36628412,USL Championship,USA,Lexington SC,FC Tulsa,2026-10-09T23:30:00+00:00,87.2828,soccer.asian_handicap,period=ft,away,handicap=-0.5,2.25
2026-10-10T00:02:43.029509+02:00,36628412,USL Championship,USA,Lexington SC,FC Tulsa,2026-10-09T23:30:00+00:00,87.2828,soccer.asian_handicap,period=ft,home,handicap=-0.25,1.43
2026-10-10T00:02:43.029509+02:00,36628412,USL Championship,USA,Lexington SC,FC Tulsa,2026-10-09T23:30:00+00:00,87.2828,soccer.asian_handicap,period=ft,away,handicap=-0.25,2.8
2026-10-10T00:02:43.029509+02:00,36628412,USL Championship,USA,Lexington SC,FC Tulsa,2026-10-09T23:30:00+00:00,87.2828,soccer.asian_handicap,period=ft,home,handicap=0,1.23
2026-10-10T00:02:43.029509+02:00,36628412,USL Championship,USA,Lexington SC,FC Tulsa,2026-10-09T23:30:00+00:00,87.2828,soccer.asian_handicap,period=ft,away,handicap=0,4.0
2026-10-10T00:02:43.029509+02:00,36628412,USL Championship,USA,Lexington SC,FC Tulsa,2026-10-09T23:30:00+00:00,87.2828,soccer.asian_handicap,period=ft,home,handicap=0.25,1.19
2026-10-10T00:02:43.029509+02:00,36628412,USL Championship,USA,Lexington SC,FC Tulsa,2026-10-09T23:30:00+00:00,87.2828,soccer.asian_handicap,period=ft,away,handicap=0.25,4.55
2026-10-10T00:02:43.029509+02:00,36628412,USL Championship,USA,Lexington SC,FC Tulsa,2026-10-09T23:30:00+00:00,87.2828,soccer.double_chance,period=ft,draw_away,,2.25
2026-10-10T00:02:43.029509+02:00,36628412,USL Championship,USA,Lexington SC,FC Tulsa,2026-10-09T23:30:00+00:00,87.2828,soccer.double_chance,period=ft,home_away,,1.25
2026-10-10T00:02:43.029509+02:00,36628412,USL Championship,USA,Lexington SC,FC Tulsa,2026-10-09T23:30:00+00:00,87.2828,soccer.double_chance,period=ft,home_draw,,1.15
2026-10-10T00:02:43.029509+02:00,36628412,USL Championship,USA,Lexington SC,FC Tulsa,2026-10-09T23:30:00+00:00,87.2828,soccer.match_odds,period=ft,home,,1.62
2026-10-10T00:02:43.029509+02:00,36628412,USL Championship,USA,Lexington SC,FC Tulsa,2026-10-09T23:30:00+00:00,87.2828,soccer.match_odds,period=ft,draw,,3.85
2026-10-10T00:02:43.029509+02:00,36628412,USL Championship,USA,Lexington SC,FC Tulsa,2026-10-09T23:30:00+00:00,87.2828,soccer.match_odds,period=ft,away,,5.2
2026-10-10T00:02:43.029509+02:00,36628412,USL Championship,USA,Lexington SC,FC Tulsa,2026-10-09T23:30:00+00:00,87.2828,soccer.total_goals,period=ft,over,total=2.5,1.81
2026-10-10T00:02:43.029509+02:00,36628412,USL Championship,USA,Lexington SC,FC Tulsa,2026-10-09T23:30:00+00:00,87.2828,soccer.total_goals,period=ft,under,total=2.5,1.99
2026-10-10T00:02:43.029509+02:00,36628412,USL Championship,USA,Lexington SC,FC Tulsa,2026-10-09T23:30:00+00:00,87.2828,soccer.total_goals,period=ft,over,total=1.5,1.25
2026-10-10T00:02:43.029509+02:00,36628412,USL Championship,USA,Lexington SC,FC Tulsa,2026-10-09T23:30:00+00:00,87.2828,soccer.total_goals,period=ft,under,total=1.5,3.75
2026-10-10T00:02:43.029509+02:00,36628412,USL Championship,USA,Lexington SC,FC Tulsa,2026-10-09T23:30:00+00:00,87.2828,soccer.total_goals,period=ft,over,total=2,1.38
2026-10-10T00:02:43.029509+02:00,36628412,USL Championship,USA,Lexington SC,FC Tulsa,2026-10-09T23:30:00+00:00,87.2828,soccer.total_goals,period=ft,under,total=2,2.95
2026-10-10T00:02:43.029509+02:00,36628412,USL Championship,USA,Lexington SC,FC Tulsa,2026-10-09T23:30:00+00:00,87.2828,soccer.total_goals,period=ft,over,total=2.25,1.59
2026-10-10T00:02:43.029509+02:00,36628412,USL Championship,USA,Lexington SC,FC Tulsa,2026-10-09T23:30:00+00:00,87.2828,soccer.total_goals,period=ft,under,total=2.25,2.3
2026-10-10T00:02:43.029509+02:00,36628412,USL Championship,USA,Lexington SC,FC Tulsa,2026-10-09T23:30:00+00:00,87.2828,soccer.total_goals,period=ft,over,total=2.75,2.02
2026-10-10T00:02:43.029509+02:00,36628412,USL Championship,USA,Lexington SC,FC Tulsa,2026-10-09T23:30:00+00:00,87.2828,soccer.total_goals,period=ft,under,total=2.75,1.76
2026-10-10T00:02:43.029509+02:00,36628412,USL Championship,USA,Lexington SC,FC Tulsa,2026-10-09T23:30:00+00:00,87.2828,soccer.total_goals,period=ft,over,total=3,2.4
2026-10-10T00:02:43.029509+02:00,36628412,USL Championship,USA,Lexington SC,FC Tulsa,2026-10-09T23:30:00+00:00,87.2828,soccer.total_goals,period=ft,under,total=3,1.55
2026-10-10T00:02:43.029509+02:00,36628412,USL Championship,USA,Lexington SC,FC Tulsa,2026-10-09T23:30:00+00:00,87.2828,soccer.total_goals,period=ft,over,total=3.5,3.0
2026-10-10T00:02:43.029509+02:00,36628412,USL Championship,USA,Lexington SC,FC Tulsa,2026-10-09T23:30:00+00:00,87.2828,soccer.total_goals,period=ft,under,total=3.5,1.36
2026-10-10T00:02:43.029509+02:00,36628412,USL Championship,USA,Lexington SC,FC Tulsa,2026-10-09T23:30:00+00:00,87.2828,soccer.total_goals,period=ft,over,total=4.5,5.7
2026-10-10T00:02:43.029509+02:00,36628412,USL Championship,USA,Lexington SC,FC Tulsa,2026-10-09T23:30:00+00:00,87.2828,soccer.total_goals,period=ft,under,total=4.5,1.12
2026-10-10T00:02:43.029509+02:00,36709915,Segunda Division,Paraguay,Sol de America Villa Elisa,Carapegua,2026-10-09T22:30:00+00:00,27.2828,soccer.asian_handicap,period=ft,home,handicap=-0.25,1.74
2026-10-10T00:02:43.029509+02:00,36709915,Segunda Division,Paraguay,Sol de America Villa Elisa,Carapegua,2026-10-09T22:30:00+00:00,27.2828,soccer.asian_handicap,period=ft,away,handicap=-0.25,1.97
2026-10-10T00:02:43.029509+02:00,36709915,Segunda Division,Paraguay,Sol de America Villa Elisa,Carapegua,2026-10-09T22:30:00+00:00,27.2828,soccer.asian_handicap,period=ft,home,handicap=-1,3.0
2026-10-10T00:02:43.029509+02:00,36709915,Segunda Division,Paraguay,Sol de America Villa Elisa,Carapegua,2026-10-09T22:30:00+00:00,27.2828,soccer.asian_handicap,period=ft,away,handicap=-1,1.3
2026-10-10T00:02:43.029509+02:00,36709915,Segunda Division,Paraguay,Sol de America Villa Elisa,Carapegua,2026-10-09T22:30:00+00:00,27.2828,soccer.asian_handicap,period=ft,home,handicap=-0.75,2.3
2026-10-10T00:02:43.029509+02:00,36709915,Segunda Division,Paraguay,Sol de America Villa Elisa,Carapegua,2026-10-09T22:30:00+00:00,27.2828,soccer.asian_handicap,period=ft,away,handicap=-0.75,1.49
2026-10-10T00:02:43.029509+02:00,36709915,Segunda Division,Paraguay,Sol de America Villa Elisa,Carapegua,2026-10-09T22:30:00+00:00,27.2828,soccer.asian_handicap,period=ft,home,handicap=-0.5,2.01
2026-10-10T00:02:43.029509+02:00,36709915,Segunda Division,Paraguay,Sol de America Villa Elisa,Carapegua,2026-10-09T22:30:00+00:00,27.2828,soccer.asian_handicap,period=ft,away,handicap=-0.5,1.69
2026-10-10T00:02:43.029509+02:00,36709915,Segunda Division,Paraguay,Sol de America Villa Elisa,Carapegua,2026-10-09T22:30:00+00:00,27.2828,soccer.asian_handicap,period=ft,home,handicap=0,1.44
2026-10-10T00:02:43.029509+02:00,36709915,Segunda Division,Paraguay,Sol de America Villa Elisa,Carapegua,2026-10-09T22:30:00+00:00,27.2828,soccer.asian_handicap,period=ft,away,handicap=0,2.5
2026-10-10T00:02:43.029509+02:00,36709915,Segunda Division,Paraguay,Sol de America Villa Elisa,Carapegua,2026-10-09T22:30:00+00:00,27.2828,soccer.asian_handicap,period=ft,home,handicap=0.25,1.31
2026-10-10T00:02:43.029509+02:00,36709915,Segunda Division,Paraguay,Sol de America Villa Elisa,Carapegua,2026-10-09T22:30:00+00:00,27.2828,soccer.asian_handicap,period=ft,away,handicap=0.25,2.9
2026-10-10T00:02:43.029509+02:00,36709915,Segunda Division,Paraguay,Sol de America Villa Elisa,Carapegua,2026-10-09T22:30:00+00:00,27.2828,soccer.asian_handicap,period=ft,home,handicap=0.5,1.24
2026-10-10T00:02:43.029509+02:00,36709915,Segunda Division,Paraguay,Sol de America Villa Elisa,Carapegua,2026-10-09T22:30:00+00:00,27.2828,soccer.asian_handicap,period=ft,away,handicap=0.5,3.35
2026-10-10T00:02:43.029509+02:00,36709915,Segunda Division,Paraguay,Sol de America Villa Elisa,Carapegua,2026-10-09T22:30:00+00:00,27.2828,soccer.double_chance,period=ft,draw_away,,1.61
2026-10-10T00:02:43.029509+02:00,36709915,Segunda Division,Paraguay,Sol de America Villa Elisa,Carapegua,2026-10-09T22:30:00+00:00,27.2828,soccer.double_chance,period=ft,home_away,,1.29
2026-10-10T00:02:43.029509+02:00,36709915,Segunda Division,Paraguay,Sol de America Villa Elisa,Carapegua,2026-10-09T22:30:00+00:00,27.2828,soccer.double_chance,period=ft,home_draw,,1.27
2026-10-10T00:02:43.029509+02:00,36709915,Segunda Division,Paraguay,Sol de America Villa Elisa,Carapegua,2026-10-09T22:30:00+00:00,27.2828,soccer.match_odds,period=ft,home,,2.01
2026-10-10T00:02:43.029509+02:00,36709915,Segunda Division,Paraguay,Sol de America Villa Elisa,Carapegua,2026-10-09T22:30:00+00:00,27.2828,soccer.match_odds,period=ft,draw,,2.95
2026-10-10T00:02:43.029509+02:00,36709915,Segunda Division,Paraguay,Sol de America Villa Elisa,Carapegua,2026-10-09T22:30:00+00:00,27.2828,soccer.match_odds,period=ft,away,,3.45
2026-10-10T00:02:43.029509+02:00,36709915,Segunda Division,Paraguay,Sol de America Villa Elisa,Carapegua,2026-10-09T22:30:00+00:00,27.2828,soccer.total_goals,period=ft,over,total=2.25,1.9
2026-10-10T00:02:43.029509+02:00,36709915,Segunda Division,Paraguay,Sol de America Villa Elisa,Carapegua,2026-10-09T22:30:00+00:00,27.2828,soccer.total_goals,period=ft,under,total=2.25,1.8
2026-10-10T00:02:43.029509+02:00,36709915,Segunda Division,Paraguay,Sol de America Villa Elisa,Carapegua,2026-10-09T22:30:00+00:00,27.2828,soccer.total_goals,period=ft,over,total=1.5,1.34
2026-10-10T00:02:43.029509+02:00,36709915,Segunda Division,Paraguay,Sol de America Villa Elisa,Carapegua,2026-10-09T22:30:00+00:00,27.2828,soccer.total_goals,period=ft,under,total=1.5,2.8
2026-10-10T00:02:43.029509+02:00,36709915,Segunda Division,Paraguay,Sol de America Villa Elisa,Carapegua,2026-10-09T22:30:00+00:00,27.2828,soccer.total_goals,period=ft,over,total=1.75,1.44
2026-10-10T00:02:43.029509+02:00,36709915,Segunda Division,Paraguay,Sol de America Villa Elisa,Carapegua,2026-10-09T22:30:00+00:00,27.2828,soccer.total_goals,period=ft,under,total=1.75,2.45
2026-10-10T00:02:43.029509+02:00,36709915,Segunda Division,Paraguay,Sol de America Villa Elisa,Carapegua,2026-10-09T22:30:00+00:00,27.2828,soccer.total_goals,period=ft,over,total=2,1.6
2026-10-10T00:02:43.029509+02:00,36709915,Segunda Division,Paraguay,Sol de America Villa Elisa,Carapegua,2026-10-09T22:30:00+00:00,27.2828,soccer.total_goals,period=ft,under,total=2,2.13
2026-10-10T00:02:43.029509+02:00,36709915,Segunda Division,Paraguay,Sol de America Villa Elisa,Carapegua,2026-10-09T22:30:00+00:00,27.2828,soccer.total_goals,period=ft,over,total=2.5,2.16
2026-10-10T00:02:43.029509+02:00,36709915,Segunda Division,Paraguay,Sol de America Villa Elisa,Carapegua,2026-10-09T22:30:00+00:00,27.2828,soccer.total_goals,period=ft,under,total=2.5,1.59
2026-10-10T00:02:43.029509+02:00,36709915,Segunda Division,Paraguay,Sol de America Villa Elisa,Carapegua,2026-10-09T22:30:00+00:00,27.2828,soccer.total_goals,period=ft,over,total=2.75,2.45
2026-10-10T00:02:43.029509+02:00,36709915,Segunda Division,Paraguay,Sol de America Villa Elisa,Carapegua,2026-10-09T22:30:00+00:00,27.2828,soccer.total_goals,period=ft,under,total=2.75,1.43
2026-10-10T00:02:43.029509+02:00,36709915,Segunda Division,Paraguay,Sol de America Villa Elisa,Carapegua,2026-10-09T22:30:00+00:00,27.2828,soccer.total_goals,period=ft,over,total=3,3.05
2026-10-10T00:02:43.029509+02:00,36709915,Segunda Division,Paraguay,Sol de America Villa Elisa,Carapegua,2026-10-09T22:30:00+00:00,27.2828,soccer.total_goals,period=ft,under,total=3,1.29
2026-10-10T00:04:44.777205+02:00,36709915,Segunda Division,Paraguay,Sol de America Villa Elisa,Carapegua,2026-10-09T22:30:00+00:00,25.2537,soccer.asian_handicap,period=ft,home,handicap=-0.25,1.74
2026-10-10T00:04:44.777205+02:00,36709915,Segunda Division,Paraguay,Sol de America Villa Elisa,Carapegua,2026-10-09T22:30:00+00:00,25.2537,soccer.asian_handicap,period=ft,away,handicap=-0.25,1.97
2026-10-10T00:04:44.777205+02:00,36709915,Segunda Division,Paraguay,Sol de America Villa Elisa,Carapegua,2026-10-09T22:30:00+00:00,25.2537,soccer.asian_handicap,period=ft,home,handicap=-1,3.0
2026-10-10T00:04:44.777205+02:00,36709915,Segunda Division,Paraguay,Sol de America Villa Elisa,Carapegua,2026-10-09T22:30:00+00:00,25.2537,soccer.asian_handicap,period=ft,away,handicap=-1,1.3
2026-10-10T00:04:44.777205+02:00,36709915,Segunda Division,Paraguay,Sol de America Villa Elisa,Carapegua,2026-10-09T22:30:00+00:00,25.2537,soccer.asian_handicap,period=ft,home,handicap=-0.75,2.3
2026-10-10T00:04:44.777205+02:00,36709915,Segunda Division,Paraguay,Sol de America Villa Elisa,Carapegua,2026-10-09T22:30:00+00:00,25.2537,soccer.asian_handicap,period=ft,away,handicap=-0.75,1.49
2026-10-10T00:04:44.777205+02:00,36709915,Segunda Division,Paraguay,Sol de America Villa Elisa,Carapegua,2026-10-09T22:30:00+00:00,25.2537,soccer.asian_handicap,period=ft,home,handicap=-0.5,2.01
2026-10-10T00:04:44.777205+02:00,36709915,Segunda Division,Paraguay,Sol de America Villa Elisa,Carapegua,2026-10-09T22:30:00+00:00,25.2537,soccer.asian_handicap,period=ft,away,handicap=-0.5,1.69
2026-10-10T00:04:44.777205+02:00,36709915,Segunda Division,Paraguay,Sol de America Villa Elisa,Carapegua,2026-10-09T22:30:00+00:00,25.2537,soccer.asian_handicap,period=ft,home,handicap=0,1.44
2026-10-10T00:04:44.777205+02:00,36709915,Segunda Division,Paraguay,Sol de America Villa Elisa,Carapegua,2026-10-09T22:30:00+00:00,25.2537,soccer.asian_handicap,period=ft,away,handicap=0,2.5
2026-10-10T00:04:44.777205+02:00,36709915,Segunda Division,Paraguay,Sol de America Villa Elisa,Carapegua,2026-10-09T22:30:00+00:00,25.2537,soccer.asian_handicap,period=ft,home,handicap=0.25,1.31
2026-10-10T00:04:44.777205+02:00,36709915,Segunda Division,Paraguay,Sol de America Villa Elisa,Carapegua,2026-10-09T22:30:00+00:00,25.2537,soccer.asian_handicap,period=ft,away,handicap=0.25,2.9
2026-10-10T00:04:44.777205+02:00,36709915,Segunda Division,Paraguay,Sol de America Villa Elisa,Carapegua,2026-10-09T22:30:00+00:00,25.2537,soccer.asian_handicap,period=ft,home,handicap=0.5,1.24
2026-10-10T00:04:44.777205+02:00,36709915,Segunda Division,Paraguay,Sol de America Villa Elisa,Carapegua,2026-10-09T22:30:00+00:00,25.2537,soccer.asian_handicap,period=ft,away,handicap=0.5,3.35
2026-10-10T00:04:44.777205+02:00,36709915,Segunda Division,Paraguay,Sol de America Villa Elisa,Carapegua,2026-10-09T22:30:00+00:00,25.2537,soccer.double_chance,period=ft,draw_away,,1.61
2026-10-10T00:04:44.777205+02:00,36709915,Segunda Division,Paraguay,Sol de America Villa Elisa,Carapegua,2026-10-09T22:30:00+00:00,25.2537,soccer.double_chance,period=ft,home_away,,1.29
2026-10-10T00:04:44.777205+02:00,36709915,Segunda Division,Paraguay,Sol de America Villa Elisa,Carapegua,2026-10-09T22:30:00+00:00,25.2537,soccer.double_chance,period=ft,home_draw,,1.27
2026-10-10T00:04:44.777205+02:00,36709915,Segunda Division,Paraguay,Sol de America Villa Elisa,Carapegua,2026-10-09T22:30:00+00:00,25.2537,soccer.match_odds,period=ft,home,,2.01
2026-10-10T00:04:44.777205+02:00,36709915,Segunda Division,Paraguay,Sol de America Villa Elisa,Carapegua,2026-10-09T22:30:00+00:00,25.2537,soccer.match_odds,period=ft,draw,,2.95
2026-10-10T00:04:44.777205+02:00,36709915,Segunda Division,Paraguay,Sol de America Villa Elisa,Carapegua,2026-10-09T22:30:00+00:00,25.2537,soccer.match_odds,period=ft,away,,3.45
2026-10-10T00:04:44.777205+02:00,36709915,Segunda Division,Paraguay,Sol de America Villa Elisa,Carapegua,2026-10-09T22:30:00+00:00,25.2537,soccer.total_goals,period=ft,over,total=2.25,1.9
2026-10-10T00:04:44.777205+02:00,36709915,Segunda Division,Paraguay,Sol de America Villa Elisa,Carapegua,2026-10-09T22:30:00+00:00,25.2537,soccer.total_goals,period=ft,under,total=2.25,1.8
2026-10-10T00:04:44.777205+02:00,36709915,Segunda Division,Paraguay,Sol de America Villa Elisa,Carapegua,2026-10-09T22:30:00+00:00,25.2537,soccer.total_goals,period=ft,over,total=1.5,1.34
2026-10-10T00:04:44.777205+02:00,36709915,Segunda Division,Paraguay,Sol de America Villa Elisa,Carapegua,2026-10-09T22:30:00+00:00,25.2537,soccer.total_goals,period=ft,under,total=1.5,2.8
2026-10-10T00:04:44.777205+02:00,36709915,Segunda Division,Paraguay,Sol de America Villa Elisa,Carapegua,2026-10-09T22:30:00+00:00,25.2537,soccer.total_goals,period=ft,over,total=1.75,1.44
2026-10-10T00:04:44.777205+02:00,36709915,Segunda Division,Paraguay,Sol de America Villa Elisa,Carapegua,2026-10-09T22:30:00+00:00,25.2537,soccer.total_goals,period=ft,under,total=1.75,2.45
2026-10-10T00:04:44.777205+02:00,36709915,Segunda Division,Paraguay,Sol de America Villa Elisa,Carapegua,2026-10-09T22:30:00+00:00,25.2537,soccer.total_goals,period=ft,over,total=2,1.6
2026-10-10T00:04:44.777205+02:00,36709915,Segunda Division,Paraguay,Sol de America Villa Elisa,Carapegua,2026-10-09T22:30:00+00:00,25.2537,soccer.total_goals,period=ft,under,total=2,2.13
2026-10-10T00:04:44.777205+02:00,36709915,Segunda Division,Paraguay,Sol de America Villa Elisa,Carapegua,2026-10-09T22:30:00+00:00,25.2537,soccer.total_goals,period=ft,over,total=2.5,2.16
2026-10-10T00:04:44.777205+02:00,36709915,Segunda Division,Paraguay,Sol de America Villa Elisa,Carapegua,2026-10-09T22:30:00+00:00,25.2537,soccer.total_goals,period=ft,under,total=2.5,1.59
2026-10-10T00:04:44.777205+02:00,36709915,Segunda Division,Paraguay,Sol de America Villa Elisa,Carapegua,2026-10-09T22:30:00+00:00,25.2537,soccer.total_goals,period=ft,over,total=2.75,2.45
2026-10-10T00:04:44.777205+02:00,36709915,Segunda Division,Paraguay,Sol de America Villa Elisa,Carapegua,2026-10-09T22:30:00+00:00,25.2537,soccer.total_goals,period=ft,under,total=2.75,1.43
2026-10-10T00:04:44.777205+02:00,36709915,Segunda Division,Paraguay,Sol de America Villa Elisa,Carapegua,2026-10-09T22:30:00+00:00,25.2537,soccer.total_goals,period=ft,over,total=3,3.05
2026-10-10T00:04:44.777205+02:00,36709915,Segunda Division,Paraguay,Sol de America Villa Elisa,Carapegua,2026-10-09T22:30:00+00:00,25.2537,soccer.total_goals,period=ft,under,total=3,1.29
2026-10-10T00:04:44.777205+02:00,36628984,"Liga de Expansion MX, Apertura",Mexico,CD Tapatio,Club Atletico La Paz,2026-10-09T23:00:00+00:00,55.2537,soccer.asian_handicap,period=ft,home,handicap=0.25,1.81
2026-10-10T00:04:44.777205+02:00,36628984,"Liga de Expansion MX, Apertura",Mexico,CD Tapatio,Club Atletico La Paz,2026-10-09T23:00:00+00:00,55.2537,soccer.asian_handicap,period=ft,away,handicap=0.25,2.01
2026-10-10T00:04:44.777205+02:00,36628984,"Liga de Expansion MX, Apertura",Mexico,CD Tapatio,Club Atletico La Paz,2026-10-09T23:00:00+00:00,55.2537,soccer.asian_handicap,period=ft,home,handicap=-0.75,3.4
2026-10-10T00:04:44.777205+02:00,36628984,"Liga de Expansion MX, Apertura",Mexico,CD Tapatio,Club Atletico La Paz,2026-10-09T23:00:00+00:00,55.2537,soccer.asian_handicap,period=ft,away,handicap=-0.75,1.3
2026-10-10T00:04:44.777205+02:00,36628984,"Liga de Expansion MX, Apertura",Mexico,CD Tapatio,Club Atletico La Paz,2026-10-09T23:00:00+00:00,55.2537,soccer.asian_handicap,period=ft,home,handicap=-0.5,2.8
2026-10-10T00:04:44.777205+02:00,36628984,"Liga de Expansion MX, Apertura",Mexico,CD Tapatio,Club Atletico La Paz,2026-10-09T23:00:00+00:00,55.2537,soccer.asian_handicap,period=ft,away,handicap=-0.5,1.41
2026-10-10T00:04:44.777205+02:00,36628984,"Liga de Expansion MX, Apertura",Mexico,CD Tapatio,Club Atletico La Paz,2026-10-09T23:00:00+00:00,55.2537,soccer.asian_handicap,period=ft,home,handicap=-0.25,2.45
2026-10-10T00:04:44.777205+02:00,36628984,"Liga de Expansion MX, Apertura",Mexico,CD Tapatio,Club Atletico La Paz,2026-10-09T23:00:00+00:00,55.2537,soccer.asian_handicap,period=ft,away,handicap=-0.25,1.52
2026-10-10T00:04:44.777205+02:00,36628984,"Liga de Expansion MX, Apertura",Mexico,CD Tapatio,Club Atletico La Paz,2026-10-09T23:00:00+00:00,55.2537,soccer.asian_handicap,period=ft,home,handicap=0,2.13
2026-10-10T00:04:44.777205+02:00,36628984,"Liga de Expansion MX, Apertura",Mexico,CD Tapatio,Club Atletico La Paz,2026-10-09T23:00:00+00:00,55.2537,soccer.asian_handicap,period=ft,away,handicap=0,1.7
2026-10-10T00:04:44.777205+02:00,36628984,"Liga de Expansion MX, Apertura",Mexico,CD Tapatio,Club Atletico La Paz,2026-10-09T23:00:00+00:00,55.2537,soccer.asian_handicap,period=ft,home,handicap=0.5,1.62
2026-10-10T00:04:44.777205+02:00,36628984,"Liga de Expansion MX, Apertura",Mexico,CD Tapatio,Club Atletico La Paz,2026-10-09T23:00:00+00:00,55.2537,soccer.asian_handicap,period=ft,away,handicap=0.5,2.25
2026-10-10T00:04:44.777205+02:00,36628984,"Liga de Expansion MX, Apertura",Mexico,CD Tapatio,Club Atletico La Paz,2026-10-09T23:00:00+00:00,55.2537,soccer.asian_handicap,period=ft,home,handicap=0.75,1.45
2026-10-10T00:04:44.777205+02:00,36628984,"Liga de Expansion MX, Apertura",Mexico,CD Tapatio,Club Atletico La Paz,2026-10-09T23:00:00+00:00,55.2537,soccer.asian_handicap,period=ft,away,handicap=0.75,2.7
2026-10-10T00:04:44.777205+02:00,36628984,"Liga de Expansion MX, Apertura",Mexico,CD Tapatio,Club Atletico La Paz,2026-10-09T23:00:00+00:00,55.2537,soccer.asian_handicap,period=ft,home,handicap=1,1.29
2026-10-10T00:04:44.777205+02:00,36628984,"Liga de Expansion MX, Apertura",Mexico,CD Tapatio,Club Atletico La Paz,2026-10-09T23:00:00+00:00,55.2537,soccer.asian_handicap,period=ft,away,handicap=1,3.45
2026-10-10T00:04:44.777205+02:00,36628984,"Liga de Expansion MX, Apertura",Mexico,CD Tapatio,Club Atletico La Paz,2026-10-09T23:00:00+00:00,55.2537,soccer.asian_handicap,period=ft,home,handicap=1.25,1.24
2026-10-10T00:04:44.777205+02:00,36628984,"Liga de Expansion MX, Apertura",Mexico,CD Tapatio,Club Atletico La Paz,2026-10-09T23:00:00+00:00,55.2537,soccer.asian_handicap,period=ft,away,handicap=1.25,3.85
2026-10-10T00:04:44.777205+02:00,36628984,"Liga de Expansion MX, Apertura",Mexico,CD Tapatio,Club Atletico La Paz,2026-10-09T23:00:00+00:00,55.2537,soccer.double_chance,period=ft,draw_away,,1.43
2026-10-10T00:04:44.777205+02:00,36628984,"Liga de Expansion MX, Apertura",Mexico,CD Tapatio,Club Atletico La Paz,2026-10-09T23:00:00+00:00,55.2537,soccer.double_chance,period=ft,home_away,,1.29
2026-10-10T00:04:44.777205+02:00,36628984,"Liga de Expansion MX, Apertura",Mexico,CD Tapatio,Club Atletico La Paz,2026-10-09T23:00:00+00:00,55.2537,soccer.double_chance,period=ft,home_draw,,1.61
2026-10-10T00:04:44.777205+02:00,36628984,"Liga de Expansion MX, Apertura",Mexico,CD Tapatio,Club Atletico La Paz,2026-10-09T23:00:00+00:00,55.2537,soccer.match_odds,period=ft,home,,2.85
2026-10-10T00:04:44.777205+02:00,36628984,"Liga de Expansion MX, Apertura",Mexico,CD Tapatio,Club Atletico La Paz,2026-10-09T23:00:00+00:00,55.2537,soccer.match_odds,period=ft,draw,,3.65
2026-10-10T00:04:44.777205+02:00,36628984,"Liga de Expansion MX, Apertura",Mexico,CD Tapatio,Club Atletico La Paz,2026-10-09T23:00:00+00:00,55.2537,soccer.match_odds,period=ft,away,,2.25
2026-10-10T00:04:44.777205+02:00,36628984,"Liga de Expansion MX, Apertura",Mexico,CD Tapatio,Club Atletico La Paz,2026-10-09T23:00:00+00:00,55.2537,soccer.total_goals,period=ft,over,total=3.25,1.9
2026-10-10T00:04:44.777205+02:00,36628984,"Liga de Expansion MX, Apertura",Mexico,CD Tapatio,Club Atletico La Paz,2026-10-09T23:00:00+00:00,55.2537,soccer.total_goals,period=ft,under,total=3.25,1.89
2026-10-10T00:04:44.777205+02:00,36628984,"Liga de Expansion MX, Apertura",Mexico,CD Tapatio,Club Atletico La Paz,2026-10-09T23:00:00+00:00,55.2537,soccer.total_goals,period=ft,over,total=1.5,1.12
2026-10-10T00:04:44.777205+02:00,36628984,"Liga de Expansion MX, Apertura",Mexico,CD Tapatio,Club Atletico La Paz,2026-10-09T23:00:00+00:00,55.2537,soccer.total_goals,period=ft,under,total=1.5,5.75
2026-10-10T00:04:44.777205+02:00,36628984,"Liga de Expansion MX, Apertura",Mexico,CD Tapatio,Club Atletico La Paz,2026-10-09T23:00:00+00:00,55.2537,soccer.total_goals,period=ft,over,total=2.5,1.44
2026-10-10T00:04:44.777205+02:00,36628984,"Liga de Expansion MX, Apertura",Mexico,CD Tapatio,Club Atletico La Paz,2026-10-09T23:00:00+00:00,55.2537,soccer.total_goals,period=ft,under,total=2.5,2.65
2026-10-10T00:04:44.777205+02:00,36628984,"Liga de Expansion MX, Apertura",Mexico,CD Tapatio,Club Atletico La Paz,2026-10-09T23:00:00+00:00,55.2537,soccer.total_goals,period=ft,over,total=2.75,1.54
2026-10-10T00:04:44.777205+02:00,36628984,"Liga de Expansion MX, Apertura",Mexico,CD Tapatio,Club Atletico La Paz,2026-10-09T23:00:00+00:00,55.2537,soccer.total_goals,period=ft,under,total=2.75,2.4
2026-10-10T00:04:44.777205+02:00,36628984,"Liga de Expansion MX, Apertura",Mexico,CD Tapatio,Club Atletico La Paz,2026-10-09T23:00:00+00:00,55.2537,soccer.total_goals,period=ft,over,total=3,1.68
2026-10-10T00:04:44.777205+02:00,36628984,"Liga de Expansion MX, Apertura",Mexico,CD Tapatio,Club Atletico La Paz,2026-10-09T23:00:00+00:00,55.2537,soccer.total_goals,period=ft,under,total=3,2.15
2026-10-10T00:04:44.777205+02:00,36628984,"Liga de Expansion MX, Apertura",Mexico,CD Tapatio,Club Atletico La Paz,2026-10-09T23:00:00+00:00,55.2537,soccer.total_goals,period=ft,over,total=3.5,2.1
2026-10-10T00:04:44.777205+02:00,36628984,"Liga de Expansion MX, Apertura",Mexico,CD Tapatio,Club Atletico La Paz,2026-10-09T23:00:00+00:00,55.2537,soccer.total_goals,period=ft,under,total=3.5,1.71
2026-10-10T00:04:44.777205+02:00,36628984,"Liga de Expansion MX, Apertura",Mexico,CD Tapatio,Club Atletico La Paz,2026-10-09T23:00:00+00:00,55.2537,soccer.total_goals,period=ft,over,total=3.75,2.35
2026-10-10T00:04:44.777205+02:00,36628984,"Liga de Expansion MX, Apertura",Mexico,CD Tapatio,Club Atletico La Paz,2026-10-09T23:00:00+00:00,55.2537,soccer.total_goals,period=ft,under,total=3.75,1.55
2026-10-10T00:04:44.777205+02:00,36628984,"Liga de Expansion MX, Apertura",Mexico,CD Tapatio,Club Atletico La Paz,2026-10-09T23:00:00+00:00,55.2537,soccer.total_goals,period=ft,over,total=4.5,3.4
2026-10-10T00:04:44.777205+02:00,36628984,"Liga de Expansion MX, Apertura",Mexico,CD Tapatio,Club Atletico La Paz,2026-10-09T23:00:00+00:00,55.2537,soccer.total_goals,period=ft,under,total=4.5,1.29
2026-10-10T00:04:44.777205+02:00,36628984,"Liga de Expansion MX, Apertura",Mexico,CD Tapatio,Club Atletico La Paz,2026-10-09T23:00:00+00:00,55.2537,soccer.total_goals,period=ft,over,total=5.5,6.2
2026-10-10T00:04:44.777205+02:00,36628984,"Liga de Expansion MX, Apertura",Mexico,CD Tapatio,Club Atletico La Paz,2026-10-09T23:00:00+00:00,55.2537,soccer.total_goals,period=ft,under,total=5.5,1.1
2026-10-10T00:04:44.777205+02:00,36625214,"Primera A, Clausura",Colombia,Alianza FC Valledupar,Aguilas Doradas Rionegro,2026-10-09T23:00:00+00:00,55.2537,soccer.asian_handicap,period=ft,home,handicap=-0.25,2.07
2026-10-10T00:04:44.777205+02:00,36625214,"Primera A, Clausura",Colombia,Alianza FC Valledupar,Aguilas Doradas Rionegro,2026-10-09T23:00:00+00:00,55.2537,soccer.asian_handicap,period=ft,away,handicap=-0.25,1.77
2026-10-10T00:04:44.777205+02:00,36625214,"Primera A, Clausura",Colombia,Alianza FC Valledupar,Aguilas Doradas Rionegro,2026-10-09T23:00:00+00:00,55.2537,soccer.asian_handicap,period=ft,home,handicap=-1.25,4.75
2026-10-10T00:04:44.777205+02:00,36625214,"Primera A, Clausura",Colombia,Alianza FC Valledupar,Aguilas Doradas Rionegro,2026-10-09T23:00:00+00:00,55.2537,soccer.asian_handicap,period=ft,away,handicap=-1.25,1.18
2026-10-10T00:04:44.777205+02:00,36625214,"Primera A, Clausura",Colombia,Alianza FC Valledupar,Aguilas Doradas Rionegro,2026-10-09T23:00:00+00:00,55.2537,soccer.asian_handicap,period=ft,home,handicap=-1,4.2
2026-10-10T00:04:44.777205+02:00,36625214,"Primera A, Clausura",Colombia,Alianza FC Valledupar,Aguilas Doradas Rionegro,2026-10-09T23:00:00+00:00,55.2537,soccer.asian_handicap,period=ft,away,handicap=-1,1.22
2026-10-10T00:04:44.777205+02:00,36625214,"Primera A, Clausura",Colombia,Alianza FC Valledupar,Aguilas Doradas Rionegro,2026-10-09T23:00:00+00:00,55.2537,soccer.asian_handicap,period=ft,home,handicap=-0.75,2.95
2026-10-10T00:04:44.777205+02:00,36625214,"Primera A, Clausura",Colombia,Alianza FC Valledupar,Aguilas Doradas Rionegro,2026-10-09T23:00:00+00:00,55.2537,soccer.asian_handicap,period=ft,away,handicap=-0.75,1.39
2026-10-10T00:04:44.777205+02:00,36625214,"Primera A, Clausura",Colombia,Alianza FC Valledupar,Aguilas Doradas Rionegro,2026-10-09T23:00:00+00:00,55.2537,soccer.asian_handicap,period=ft,home,handicap=-0.5,2.4
2026-10-10T00:04:44.777205+02:00,36625214,"Primera A, Clausura",Colombia,Alianza FC Valledupar,Aguilas Doradas Rionegro,2026-10-09T23:00:00+00:00,55.2537,soccer.asian_handicap,period=ft,away,handicap=-0.5,1.57
2026-10-10T00:04:44.777205+02:00,36625214,"Primera A, Clausura",Colombia,Alianza FC Valledupar,Aguilas Doradas Rionegro,2026-10-09T23:00:00+00:00,55.2537,soccer.asian_handicap,period=ft,home,handicap=0,1.71
2026-10-10T00:04:44.777205+02:00,36625214,"Primera A, Clausura",Colombia,Alianza FC Valledupar,Aguilas Doradas Rionegro,2026-10-09T23:00:00+00:00,55.2537,soccer.asian_handicap,period=ft,away,handicap=0,2.14
2026-10-10T00:04:44.777205+02:00,36625214,"Primera A, Clausura",Colombia,Alianza FC Valledupar,Aguilas Doradas Rionegro,2026-10-09T23:00:00+00:00,55.2537,soccer.asian_handicap,period=ft,home,handicap=0.25,1.5
2026-10-10T00:04:44.777205+02:00,36625214,"Primera A, Clausura",Colombia,Alianza FC Valledupar,Aguilas Doradas Rionegro,2026-10-09T23:00:00+00:00,55.2537,soccer.asian_handicap,period=ft,away,handicap=0.25,2.55
2026-10-10T00:04:44.777205+02:00,36625214,"Primera A, Clausura",Colombia,Alianza FC Valledupar,Aguilas Doradas Rionegro,2026-10-09T23:00:00+00:00,55.2537,soccer.asian_handicap,period=ft,home,handicap=0.5,1.38
2026-10-10T00:04:44.777205+02:00,36625214,"Primera A, Clausura",Colombia,Alianza FC Valledupar,Aguilas Doradas Rionegro,2026-10-09T23:00:00+00:00,55.2537,soccer.asian_handicap,period=ft,away,handicap=0.5,2.95
2026-10-10T00:04:44.777205+02:00,36625214,"Primera A, Clausura",Colombia,Alianza FC Valledupar,Aguilas Doradas Rionegro,2026-10-09T23:00:00+00:00,55.2537,soccer.asian_handicap,period=ft,home,handicap=0.75,1.26
2026-10-10T00:04:44.777205+02:00,36625214,"Primera A, Clausura",Colombia,Alianza FC Valledupar,Aguilas Doradas Rionegro,2026-10-09T23:00:00+00:00,55.2537,soccer.asian_handicap,period=ft,away,handicap=0.75,3.75
2026-10-10T00:04:44.777205+02:00,36625214,"Primera A, Clausura",Colombia,Alianza FC Valledupar,Aguilas Doradas Rionegro,2026-10-09T23:00:00+00:00,55.2537,soccer.double_chance,period=ft,draw_away,,1.55
2026-10-10T00:04:44.777205+02:00,36625214,"Primera A, Clausura",Colombia,Alianza FC Valledupar,Aguilas Doradas Rionegro,2026-10-09T23:00:00+00:00,55.2537,soccer.double_chance,period=ft,home_away,,1.36
2026-10-10T00:04:44.777205+02:00,36625214,"Primera A, Clausura",Colombia,Alianza FC Valledupar,Aguilas Doradas Rionegro,2026-10-09T23:00:00+00:00,55.2537,soccer.double_chance,period=ft,home_draw,,1.39
2026-10-10T00:04:44.777205+02:00,36625214,"Primera A, Clausura",Colombia,Alianza FC Valledupar,Aguilas Doradas Rionegro,2026-10-09T23:00:00+00:00,55.2537,soccer.match_odds,period=ft,home,,2.4
2026-10-10T00:04:44.777205+02:00,36625214,"Primera A, Clausura",Colombia,Alianza FC Valledupar,Aguilas Doradas Rionegro,2026-10-09T23:00:00+00:00,55.2537,soccer.match_odds,period=ft,draw,,3.2
2026-10-10T00:04:44.777205+02:00,36625214,"Primera A, Clausura",Colombia,Alianza FC Valledupar,Aguilas Doradas Rionegro,2026-10-09T23:00:00+00:00,55.2537,soccer.match_odds,period=ft,away,,3.0
2026-10-10T00:04:44.777205+02:00,36625214,"Primera A, Clausura",Colombia,Alianza FC Valledupar,Aguilas Doradas Rionegro,2026-10-09T23:00:00+00:00,55.2537,soccer.total_goals,period=ft,over,total=2.25,1.9
2026-10-10T00:04:44.777205+02:00,36625214,"Primera A, Clausura",Colombia,Alianza FC Valledupar,Aguilas Doradas Rionegro,2026-10-09T23:00:00+00:00,55.2537,soccer.total_goals,period=ft,under,total=2.25,1.9
2026-10-10T00:04:44.777205+02:00,36625214,"Primera A, Clausura",Colombia,Alianza FC Valledupar,Aguilas Doradas Rionegro,2026-10-09T23:00:00+00:00,55.2537,soccer.total_goals,period=ft,over,total=1.5,1.36
2026-10-10T00:04:44.777205+02:00,36625214,"Primera A, Clausura",Colombia,Alianza FC Valledupar,Aguilas Doradas Rionegro,2026-10-09T23:00:00+00:00,55.2537,soccer.total_goals,period=ft,under,total=1.5,3.05
2026-10-10T00:04:44.777205+02:00,36625214,"Primera A, Clausura",Colombia,Alianza FC Valledupar,Aguilas Doradas Rionegro,2026-10-09T23:00:00+00:00,55.2537,soccer.total_goals,period=ft,over,total=1.75,1.46
2026-10-10T00:04:44.777205+02:00,36625214,"Primera A, Clausura",Colombia,Alianza FC Valledupar,Aguilas Doradas Rionegro,2026-10-09T23:00:00+00:00,55.2537,soccer.total_goals,period=ft,under,total=1.75,2.65
2026-10-10T00:04:44.777205+02:00,36625214,"Primera A, Clausura",Colombia,Alianza FC Valledupar,Aguilas Doradas Rionegro,2026-10-09T23:00:00+00:00,55.2537,soccer.total_goals,period=ft,over,total=2,1.61
2026-10-10T00:04:44.777205+02:00,36625214,"Primera A, Clausura",Colombia,Alianza FC Valledupar,Aguilas Doradas Rionegro,2026-10-09T23:00:00+00:00,55.2537,soccer.total_goals,period=ft,under,total=2,2.3
2026-10-10T00:04:44.777205+02:00,36625214,"Primera A, Clausura",Colombia,Alianza FC Valledupar,Aguilas Doradas Rionegro,2026-10-09T23:00:00+00:00,55.2537,soccer.total_goals,period=ft,over,total=2.5,2.18
2026-10-10T00:04:44.777205+02:00,36625214,"Primera A, Clausura",Colombia,Alianza FC Valledupar,Aguilas Doradas Rionegro,2026-10-09T23:00:00+00:00,55.2537,soccer.total_goals,period=ft,under,total=2.5,1.67
2026-10-10T00:04:44.777205+02:00,36625214,"Primera A, Clausura",Colombia,Alianza FC Valledupar,Aguilas Doradas Rionegro,2026-10-09T23:00:00+00:00,55.2537,soccer.total_goals,period=ft,over,total=2.75,2.5
2026-10-10T00:04:44.777205+02:00,36625214,"Primera A, Clausura",Colombia,Alianza FC Valledupar,Aguilas Doradas Rionegro,2026-10-09T23:00:00+00:00,55.2537,soccer.total_goals,period=ft,under,total=2.75,1.5
2026-10-10T00:04:44.777205+02:00,36625214,"Primera A, Clausura",Colombia,Alianza FC Valledupar,Aguilas Doradas Rionegro,2026-10-09T23:00:00+00:00,55.2537,soccer.total_goals,period=ft,over,total=3.5,3.95
2026-10-10T00:04:44.777205+02:00,36625214,"Primera A, Clausura",Colombia,Alianza FC Valledupar,Aguilas Doradas Rionegro,2026-10-09T23:00:00+00:00,55.2537,soccer.total_goals,period=ft,under,total=3.5,1.23
2026-10-10T00:04:44.777205+02:00,36626421,Primera Division,Uruguay,Deportivo Maldonado,Liverpool Montevideo,2026-10-09T23:00:00+00:00,55.2537,soccer.asian_handicap,period=ft,home,handicap=-0.25,2.09
2026-10-10T00:04:44.777205+02:00,36626421,Primera Division,Uruguay,Deportivo Maldonado,Liverpool Montevideo,2026-10-09T23:00:00+00:00,55.2537,soccer.asian_handicap,period=ft,away,handicap=-0.25,1.76
2026-10-10T00:04:44.777205+02:00,36626421,Primera Division,Uruguay,Deportivo Maldonado,Liverpool Montevideo,2026-10-09T23:00:00+00:00,55.2537,soccer.asian_handicap,period=ft,home,handicap=-1.25,4.6
2026-10-10T00:04:44.777205+02:00,36626421,Primera Division,Uruguay,Deportivo Maldonado,Liverpool Montevideo,2026-10-09T23:00:00+00:00,55.2537,soccer.asian_handicap,period=ft,away,handicap=-1.25,1.19
2026-10-10T00:04:44.777205+02:00,36626421,Primera Division,Uruguay,Deportivo Maldonado,Liverpool Montevideo,2026-10-09T23:00:00+00:00,55.2537,soccer.asian_handicap,period=ft,home,handicap=-1,4.1
2026-10-10T00:04:44.777205+02:00,36626421,Primera Division,Uruguay,Deportivo Maldonado,Liverpool Montevideo,2026-10-09T23:00:00+00:00,55.2537,soccer.asian_handicap,period=ft,away,handicap=-1,1.23
2026-10-10T00:04:44.777205+02:00,36626421,Primera Division,Uruguay,Deportivo Maldonado,Liverpool Montevideo,2026-10-09T23:00:00+00:00,55.2537,soccer.asian_handicap,period=ft,home,handicap=-0.75,2.95
2026-10-10T00:04:44.777205+02:00,36626421,Primera Division,Uruguay,Deportivo Maldonado,Liverpool Montevideo,2026-10-09T23:00:00+00:00,55.2537,soccer.asian_handicap,period=ft,away,handicap=-0.75,1.39
2026-10-10T00:04:44.777205+02:00,36626421,Primera Division,Uruguay,Deportivo Maldonado,Liverpool Montevideo,2026-10-09T23:00:00+00:00,55.2537,soccer.asian_handicap,period=ft,home,handicap=-0.5,2.4
2026-10-10T00:04:44.777205+02:00,36626421,Primera Division,Uruguay,Deportivo Maldonado,Liverpool Montevideo,2026-10-09T23:00:00+00:00,55.2537,soccer.asian_handicap,period=ft,away,handicap=-0.5,1.56
2026-10-10T00:04:44.777205+02:00,36626421,Primera Division,Uruguay,Deportivo Maldonado,Liverpool Montevideo,2026-10-09T23:00:00+00:00,55.2537,soccer.asian_handicap,period=ft,home,handicap=0,1.72
2026-10-10T00:04:44.777205+02:00,36626421,Primera Division,Uruguay,Deportivo Maldonado,Liverpool Montevideo,2026-10-09T23:00:00+00:00,55.2537,soccer.asian_handicap,period=ft,away,handicap=0,2.12
2026-10-10T00:04:44.777205+02:00,36626421,Primera Division,Uruguay,Deportivo Maldonado,Liverpool Montevideo,2026-10-09T23:00:00+00:00,55.2537,soccer.asian_handicap,period=ft,home,handicap=0.25,1.51
2026-10-10T00:04:44.777205+02:00,36626421,Primera Division,Uruguay,Deportivo Maldonado,Liverpool Montevideo,2026-10-09T23:00:00+00:00,55.2537,soccer.asian_handicap,period=ft,away,handicap=0.25,2.55
2026-10-10T00:04:44.777205+02:00,36626421,Primera Division,Uruguay,Deportivo Maldonado,Liverpool Montevideo,2026-10-09T23:00:00+00:00,55.2537,soccer.asian_handicap,period=ft,home,handicap=0.5,1.38
2026-10-10T00:04:44.777205+02:00,36626421,Primera Division,Uruguay,Deportivo Maldonado,Liverpool Montevideo,2026-10-09T23:00:00+00:00,55.2537,soccer.asian_handicap,period=ft,away,handicap=0.5,2.95
2026-10-10T00:04:44.777205+02:00,36626421,Primera Division,Uruguay,Deportivo Maldonado,Liverpool Montevideo,2026-10-09T23:00:00+00:00,55.2537,soccer.asian_handicap,period=ft,home,handicap=0.75,1.26
2026-10-10T00:04:44.777205+02:00,36626421,Primera Division,Uruguay,Deportivo Maldonado,Liverpool Montevideo,2026-10-09T23:00:00+00:00,55.2537,soccer.asian_handicap,period=ft,away,handicap=0.75,3.75
2026-10-10T00:04:44.777205+02:00,36626421,Primera Division,Uruguay,Deportivo Maldonado,Liverpool Montevideo,2026-10-09T23:00:00+00:00,55.2537,soccer.double_chance,period=ft,draw_away,,1.54
2026-10-10T00:04:44.777205+02:00,36626421,Primera Division,Uruguay,Deportivo Maldonado,Liverpool Montevideo,2026-10-09T23:00:00+00:00,55.2537,soccer.double_chance,period=ft,home_away,,1.34
2026-10-10T00:04:44.777205+02:00,36626421,Primera Division,Uruguay,Deportivo Maldonado,Liverpool Montevideo,2026-10-09T23:00:00+00:00,55.2537,soccer.double_chance,period=ft,home_draw,,1.38
2026-10-10T00:04:44.777205+02:00,36626421,Primera Division,Uruguay,Deportivo Maldonado,Liverpool Montevideo,2026-10-09T23:00:00+00:00,55.2537,soccer.match_odds,period=ft,home,,2.4
2026-10-10T00:04:44.777205+02:00,36626421,Primera Division,Uruguay,Deportivo Maldonado,Liverpool Montevideo,2026-10-09T23:00:00+00:00,55.2537,soccer.match_odds,period=ft,draw,,3.2
2026-10-10T00:04:44.777205+02:00,36626421,Primera Division,Uruguay,Deportivo Maldonado,Liverpool Montevideo,2026-10-09T23:00:00+00:00,55.2537,soccer.match_odds,period=ft,away,,3.0
2026-10-10T00:04:44.777205+02:00,36626421,Primera Division,Uruguay,Deportivo Maldonado,Liverpool Montevideo,2026-10-09T23:00:00+00:00,55.2537,soccer.total_goals,period=ft,over,total=2.25,1.82
2026-10-10T00:04:44.777205+02:00,36626421,Primera Division,Uruguay,Deportivo Maldonado,Liverpool Montevideo,2026-10-09T23:00:00+00:00,55.2537,soccer.total_goals,period=ft,under,total=2.25,1.99
2026-10-10T00:04:44.777205+02:00,36626421,Primera Division,Uruguay,Deportivo Maldonado,Liverpool Montevideo,2026-10-09T23:00:00+00:00,55.2537,soccer.total_goals,period=ft,over,total=1.5,1.32
2026-10-10T00:04:44.777205+02:00,36626421,Primera Division,Uruguay,Deportivo Maldonado,Liverpool Montevideo,2026-10-09T23:00:00+00:00,55.2537,soccer.total_goals,period=ft,under,total=1.5,3.25
2026-10-10T00:04:44.777205+02:00,36626421,Primera Division,Uruguay,Deportivo Maldonado,Liverpool Montevideo,2026-10-09T23:00:00+00:00,55.2537,soccer.total_goals,period=ft,over,total=1.75,1.41
2026-10-10T00:04:44.777205+02:00,36626421,Primera Division,Uruguay,Deportivo Maldonado,Liverpool Montevideo,2026-10-09T23:00:00+00:00,55.2537,soccer.total_goals,period=ft,under,total=1.75,2.85
2026-10-10T00:04:44.777205+02:00,36626421,Primera Division,Uruguay,Deportivo Maldonado,Liverpool Montevideo,2026-10-09T23:00:00+00:00,55.2537,soccer.total_goals,period=ft,over,total=2,1.54
2026-10-10T00:04:44.777205+02:00,36626421,Primera Division,Uruguay,Deportivo Maldonado,Liverpool Montevideo,2026-10-09T23:00:00+00:00,55.2537,soccer.total_goals,period=ft,under,total=2,2.45
2026-10-10T00:04:44.777205+02:00,36626421,Primera Division,Uruguay,Deportivo Maldonado,Liverpool Montevideo,2026-10-09T23:00:00+00:00,55.2537,soccer.total_goals,period=ft,over,total=2.5,2.08
2026-10-10T00:04:44.777205+02:00,36626421,Primera Division,Uruguay,Deportivo Maldonado,Liverpool Montevideo,2026-10-09T23:00:00+00:00,55.2537,soccer.total_goals,period=ft,under,total=2.5,1.74
2026-10-10T00:04:44.777205+02:00,36626421,Primera Division,Uruguay,Deportivo Maldonado,Liverpool Montevideo,2026-10-09T23:00:00+00:00,55.2537,soccer.total_goals,period=ft,over,total=2.75,2.4
2026-10-10T00:04:44.777205+02:00,36626421,Primera Division,Uruguay,Deportivo Maldonado,Liverpool Montevideo,2026-10-09T23:00:00+00:00,55.2537,soccer.total_goals,period=ft,under,total=2.75,1.55
2026-10-10T00:04:44.777205+02:00,36626421,Primera Division,Uruguay,Deportivo Maldonado,Liverpool Montevideo,2026-10-09T23:00:00+00:00,55.2537,soccer.total_goals,period=ft,over,total=3.5,3.7
2026-10-10T00:04:44.777205+02:00,36626421,Primera Division,Uruguay,Deportivo Maldonado,Liverpool Montevideo,2026-10-09T23:00:00+00:00,55.2537,soccer.total_goals,period=ft,under,total=3.5,1.26
2026-10-10T00:04:44.777205+02:00,36682209,Primera B,Argentina,CA Talleres de Remedios,Deportivo Camioneros,2026-10-09T23:00:00+00:00,55.2537,soccer.asian_handicap,period=ft,home,handicap=-0.5,1.81
2026-10-10T00:04:44.777205+02:00,36682209,Primera B,Argentina,CA Talleres de Remedios,Deportivo Camioneros,2026-10-09T23:00:00+00:00,55.2537,soccer.asian_handicap,period=ft,away,handicap=-0.5,1.93
2026-10-10T00:04:44.777205+02:00,36682209,Primera B,Argentina,CA Talleres de Remedios,Deportivo Camioneros,2026-10-09T23:00:00+00:00,55.2537,soccer.asian_handicap,period=ft,home,handicap=-1.25,2.9
2026-10-10T00:04:44.777205+02:00,36682209,Primera B,Argentina,CA Talleres de Remedios,Deportivo Camioneros,2026-10-09T23:00:00+00:00,55.2537,soccer.asian_handicap,period=ft,away,handicap=-1.25,1.34
2026-10-10T00:04:44.777205+02:00,36682209,Primera B,Argentina,CA Talleres de Remedios,Deportivo Camioneros,2026-10-09T23:00:00+00:00,55.2537,soccer.asian_handicap,period=ft,home,handicap=-1,2.5
2026-10-10T00:04:44.777205+02:00,36682209,Primera B,Argentina,CA Talleres de Remedios,Deportivo Camioneros,2026-10-09T23:00:00+00:00,55.2537,soccer.asian_handicap,period=ft,away,handicap=-1,1.44
2026-10-10T00:04:44.777205+02:00,36682209,Primera B,Argentina,CA Talleres de Remedios,Deportivo Camioneros,2026-10-09T23:00:00+00:00,55.2537,soccer.asian_handicap,period=ft,home,handicap=-0.75,2.06
2026-10-10T00:04:44.777205+02:00,36682209,Primera B,Argentina,CA Talleres de Remedios,Deportivo Camioneros,2026-10-09T23:00:00+00:00,55.2537,soccer.asian_handicap,period=ft,away,handicap=-0.75,1.69
2026-10-10T00:04:44.777205+02:00,36682209,Primera B,Argentina,CA Talleres de Remedios,Deportivo Camioneros,2026-10-09T23:00:00+00:00,55.2537,soccer.asian_handicap,period=ft,home,handicap=-0.25,1.55
2026-10-10T00:04:44.777205+02:00,36682209,Primera B,Argentina,CA Talleres de Remedios,Deportivo Camioneros,2026-10-09T23:00:00+00:00,55.2537,soccer.asian_handicap,period=ft,away,handicap=-0.25,2.3
2026-10-10T00:04:44.777205+02:00,36682209,Primera B,Argentina,CA Talleres de Remedios,Deportivo Camioneros,2026-10-09T23:00:00+00:00,55.2537,soccer.asian_handicap,period=ft,home,handicap=0,1.3
2026-10-10T00:04:44.777205+02:00,36682209,Primera B,Argentina,CA Talleres de Remedios,Deportivo Camioneros,2026-10-09T23:00:00+00:00,55.2537,soccer.asian_handicap,period=ft,away,handicap=0,3.1
2026-10-10T00:04:44.777205+02:00,36682209,Primera B,Argentina,CA Talleres de Remedios,Deportivo Camioneros,2026-10-09T23:00:00+00:00,55.2537,soccer.asian_handicap,period=ft,home,handicap=0.25,1.22
2026-10-10T00:04:44.777205+02:00,36682209,Primera B,Argentina,CA Talleres de Remedios,Deportivo Camioneros,2026-10-09T23:00:00+00:00,55.2537,soccer.asian_handicap,period=ft,away,handicap=0.25,3.65
2026-10-10T00:04:44.777205+02:00,36682209,Primera B,Argentina,CA Talleres de Remedios,Deportivo Camioneros,2026-10-09T23:00:00+00:00,55.2537,soccer.double_chance,period=ft,draw_away,,1.84
2026-10-10T00:04:44.777205+02:00,36682209,Primera B,Argentina,CA Talleres de Remedios,Deportivo Camioneros,2026-10-09T23:00:00+00:00,55.2537,soccer.double_chance,period=ft,home_away,,1.34
2026-10-10T00:04:44.777205+02:00,36682209,Primera B,Argentina,CA Talleres de Remedios,Deportivo Camioneros,2026-10-09T23:00:00+00:00,55.2537,soccer.double_chance,period=ft,home_draw,,1.23
2026-10-10T00:04:44.777205+02:00,36682209,Primera B,Argentina,CA Talleres de Remedios,Deportivo Camioneros,2026-10-09T23:00:00+00:00,55.2537,soccer.match_odds,period=ft,home,,1.8
2026-10-10T00:04:44.777205+02:00,36682209,Primera B,Argentina,CA Talleres de Remedios,Deportivo Camioneros,2026-10-09T23:00:00+00:00,55.2537,soccer.match_odds,period=ft,draw,,3.1
2026-10-10T00:04:44.777205+02:00,36682209,Primera B,Argentina,CA Talleres de Remedios,Deportivo Camioneros,2026-10-09T23:00:00+00:00,55.2537,soccer.match_odds,period=ft,away,,4.25
2026-10-10T00:04:44.777205+02:00,36682209,Primera B,Argentina,CA Talleres de Remedios,Deportivo Camioneros,2026-10-09T23:00:00+00:00,55.2537,soccer.total_goals,period=ft,over,total=2.25,2.03
2026-10-10T00:04:44.777205+02:00,36682209,Primera B,Argentina,CA Talleres de Remedios,Deportivo Camioneros,2026-10-09T23:00:00+00:00,55.2537,soccer.total_goals,period=ft,under,total=2.25,1.73
2026-10-10T00:04:44.777205+02:00,36682209,Primera B,Argentina,CA Talleres de Remedios,Deportivo Camioneros,2026-10-09T23:00:00+00:00,55.2537,soccer.total_goals,period=ft,over,total=1.5,1.38
2026-10-10T00:04:44.777205+02:00,36682209,Primera B,Argentina,CA Talleres de Remedios,Deportivo Camioneros,2026-10-09T23:00:00+00:00,55.2537,soccer.total_goals,period=ft,under,total=1.5,2.7
2026-10-10T00:04:44.777205+02:00,36682209,Primera B,Argentina,CA Talleres de Remedios,Deportivo Camioneros,2026-10-09T23:00:00+00:00,55.2537,soccer.total_goals,period=ft,over,total=1.75,1.5
2026-10-10T00:04:44.777205+02:00,36682209,Primera B,Argentina,CA Talleres de Remedios,Deportivo Camioneros,2026-10-09T23:00:00+00:00,55.2537,soccer.total_goals,period=ft,under,total=1.75,2.35
2026-10-10T00:04:44.777205+02:00,36682209,Primera B,Argentina,CA Talleres de Remedios,Deportivo Camioneros,2026-10-09T23:00:00+00:00,55.2537,soccer.total_goals,period=ft,over,total=2,1.7
2026-10-10T00:04:44.777205+02:00,36682209,Primera B,Argentina,CA Talleres de Remedios,Deportivo Camioneros,2026-10-09T23:00:00+00:00,55.2537,soccer.total_goals,period=ft,under,total=2,2.03
2026-10-10T00:04:44.777205+02:00,36682209,Primera B,Argentina,CA Talleres de Remedios,Deportivo Camioneros,2026-10-09T23:00:00+00:00,55.2537,soccer.total_goals,period=ft,over,total=2.5,2.3
2026-10-10T00:04:44.777205+02:00,36682209,Primera B,Argentina,CA Talleres de Remedios,Deportivo Camioneros,2026-10-09T23:00:00+00:00,55.2537,soccer.total_goals,period=ft,under,total=2.5,1.54
2026-10-10T00:04:44.777205+02:00,36682209,Primera B,Argentina,CA Talleres de Remedios,Deportivo Camioneros,2026-10-09T23:00:00+00:00,55.2537,soccer.total_goals,period=ft,over,total=2.75,2.7
2026-10-10T00:04:44.777205+02:00,36682209,Primera B,Argentina,CA Talleres de Remedios,Deportivo Camioneros,2026-10-09T23:00:00+00:00,55.2537,soccer.total_goals,period=ft,under,total=2.75,1.38
2026-10-10T00:04:44.777205+02:00,36682209,Primera B,Argentina,CA Talleres de Remedios,Deportivo Camioneros,2026-10-09T23:00:00+00:00,55.2537,soccer.total_goals,period=ft,over,total=3,3.55
2026-10-10T00:04:44.777205+02:00,36682209,Primera B,Argentina,CA Talleres de Remedios,Deportivo Camioneros,2026-10-09T23:00:00+00:00,55.2537,soccer.total_goals,period=ft,under,total=3,1.23
2026-10-10T00:04:44.777205+02:00,36682208,Primera B,Argentina,Excursionistas,CA Villa San Carlos,2026-10-09T23:00:00+00:00,55.2537,soccer.asian_handicap,period=ft,home,handicap=-0.75,1.8
2026-10-10T00:04:44.777205+02:00,36682208,Primera B,Argentina,Excursionistas,CA Villa San Carlos,2026-10-09T23:00:00+00:00,55.2537,soccer.asian_handicap,period=ft,away,handicap=-0.75,1.94
2026-10-10T00:04:44.777205+02:00,36682208,Primera B,Argentina,Excursionistas,CA Villa San Carlos,2026-10-09T23:00:00+00:00,55.2537,soccer.asian_handicap,period=ft,home,handicap=-1.5,2.75
2026-10-10T00:04:44.777205+02:00,36682208,Primera B,Argentina,Excursionistas,CA Villa San Carlos,2026-10-09T23:00:00+00:00,55.2537,soccer.asian_handicap,period=ft,away,handicap=-1.5,1.38
2026-10-10T00:04:44.777205+02:00,36682208,Primera B,Argentina,Excursionistas,CA Villa San Carlos,2026-10-09T23:00:00+00:00,55.2537,soccer.asian_handicap,period=ft,home,handicap=-1.25,2.4
2026-10-10T00:04:44.777205+02:00,36682208,Primera B,Argentina,Excursionistas,CA Villa San Carlos,2026-10-09T23:00:00+00:00,55.2537,soccer.asian_handicap,period=ft,away,handicap=-1.25,1.48
2026-10-10T00:04:44.777205+02:00,36682208,Primera B,Argentina,Excursionistas,CA Villa San Carlos,2026-10-09T23:00:00+00:00,55.2537,soccer.asian_handicap,period=ft,home,handicap=-1,2.11
2026-10-10T00:04:44.777205+02:00,36682208,Primera B,Argentina,Excursionistas,CA Villa San Carlos,2026-10-09T23:00:00+00:00,55.2537,soccer.asian_handicap,period=ft,away,handicap=-1,1.65
2026-10-10T00:04:44.777205+02:00,36682208,Primera B,Argentina,Excursionistas,CA Villa San Carlos,2026-10-09T23:00:00+00:00,55.2537,soccer.asian_handicap,period=ft,home,handicap=-0.5,1.61
2026-10-10T00:04:44.777205+02:00,36682208,Primera B,Argentina,Excursionistas,CA Villa San Carlos,2026-10-09T23:00:00+00:00,55.2537,soccer.asian_handicap,period=ft,away,handicap=-0.5,2.19
2026-10-10T00:04:44.777205+02:00,36682208,Primera B,Argentina,Excursionistas,CA Villa San Carlos,2026-10-09T23:00:00+00:00,55.2537,soccer.asian_handicap,period=ft,home,handicap=-0.25,1.4
2026-10-10T00:04:44.777205+02:00,36682208,Primera B,Argentina,Excursionistas,CA Villa San Carlos,2026-10-09T23:00:00+00:00,55.2537,soccer.asian_handicap,period=ft,away,handicap=-0.25,2.65
2026-10-10T00:04:44.777205+02:00,36682208,Primera B,Argentina,Excursionistas,CA Villa San Carlos,2026-10-09T23:00:00+00:00,55.2537,soccer.asian_handicap,period=ft,home,handicap=0,1.21
2026-10-10T00:04:44.777205+02:00,36682208,Primera B,Argentina,Excursionistas,CA Villa San Carlos,2026-10-09T23:00:00+00:00,55.2537,soccer.asian_handicap,period=ft,away,handicap=0,3.8
2026-10-10T00:04:44.777205+02:00,36682208,Primera B,Argentina,Excursionistas,CA Villa San Carlos,2026-10-09T23:00:00+00:00,55.2537,soccer.double_chance,period=ft,draw_away,,2.12
2026-10-10T00:04:44.777205+02:00,36682208,Primera B,Argentina,Excursionistas,CA Villa San Carlos,2026-10-09T23:00:00+00:00,55.2537,soccer.double_chance,period=ft,home_away,,1.27
2026-10-10T00:04:44.777205+02:00,36682208,Primera B,Argentina,Excursionistas,CA Villa San Carlos,2026-10-09T23:00:00+00:00,55.2537,soccer.double_chance,period=ft,home_draw,,1.19
2026-10-10T00:04:44.777205+02:00,36682208,Primera B,Argentina,Excursionistas,CA Villa San Carlos,2026-10-09T23:00:00+00:00,55.2537,soccer.match_odds,period=ft,home,,1.61
2026-10-10T00:04:44.777205+02:00,36682208,Primera B,Argentina,Excursionistas,CA Villa San Carlos,2026-10-09T23:00:00+00:00,55.2537,soccer.match_odds,period=ft,draw,,3.45
2026-10-10T00:04:44.777205+02:00,36682208,Primera B,Argentina,Excursionistas,CA Villa San Carlos,2026-10-09T23:00:00+00:00,55.2537,soccer.match_odds,period=ft,away,,5.05
2026-10-10T00:04:44.777205+02:00,36682208,Primera B,Argentina,Excursionistas,CA Villa San Carlos,2026-10-09T23:00:00+00:00,55.2537,soccer.total_goals,period=ft,over,total=2.25,1.78
2026-10-10T00:04:44.777205+02:00,36682208,Primera B,Argentina,Excursionistas,CA Villa San Carlos,2026-10-09T23:00:00+00:00,55.2537,soccer.total_goals,period=ft,under,total=2.25,1.97
2026-10-10T00:04:44.777205+02:00,36682208,Primera B,Argentina,Excursionistas,CA Villa San Carlos,2026-10-09T23:00:00+00:00,55.2537,soccer.total_goals,period=ft,over,total=1.5,1.3
2026-10-10T00:04:44.777205+02:00,36682208,Primera B,Argentina,Excursionistas,CA Villa San Carlos,2026-10-09T23:00:00+00:00,55.2537,soccer.total_goals,period=ft,under,total=1.5,3.1
2026-10-10T00:04:44.777205+02:00,36682208,Primera B,Argentina,Excursionistas,CA Villa San Carlos,2026-10-09T23:00:00+00:00,55.2537,soccer.total_goals,period=ft,over,total=1.75,1.38
2026-10-10T00:04:44.777205+02:00,36682208,Primera B,Argentina,Excursionistas,CA Villa San Carlos,2026-10-09T23:00:00+00:00,55.2537,soccer.total_goals,period=ft,under,total=1.75,2.7
2026-10-10T00:04:44.777205+02:00,36682208,Primera B,Argentina,Excursionistas,CA Villa San Carlos,2026-10-09T23:00:00+00:00,55.2537,soccer.total_goals,period=ft,over,total=2,1.51
2026-10-10T00:04:44.777205+02:00,36682208,Primera B,Argentina,Excursionistas,CA Villa San Carlos,2026-10-09T23:00:00+00:00,55.2537,soccer.total_goals,period=ft,under,total=2,2.35
2026-10-10T00:04:44.777205+02:00,36682208,Primera B,Argentina,Excursionistas,CA Villa San Carlos,2026-10-09T23:00:00+00:00,55.2537,soccer.total_goals,period=ft,over,total=2.5,2.01
2026-10-10T00:04:44.777205+02:00,36682208,Primera B,Argentina,Excursionistas,CA Villa San Carlos,2026-10-09T23:00:00+00:00,55.2537,soccer.total_goals,period=ft,under,total=2.5,1.71
2026-10-10T00:04:44.777205+02:00,36682208,Primera B,Argentina,Excursionistas,CA Villa San Carlos,2026-10-09T23:00:00+00:00,55.2537,soccer.total_goals,period=ft,over,total=2.75,2.3
2026-10-10T00:04:44.777205+02:00,36682208,Primera B,Argentina,Excursionistas,CA Villa San Carlos,2026-10-09T23:00:00+00:00,55.2537,soccer.total_goals,period=ft,under,total=2.75,1.53
2026-10-10T00:04:44.777205+02:00,36682208,Primera B,Argentina,Excursionistas,CA Villa San Carlos,2026-10-09T23:00:00+00:00,55.2537,soccer.total_goals,period=ft,over,total=3,2.9
2026-10-10T00:04:44.777205+02:00,36682208,Primera B,Argentina,Excursionistas,CA Villa San Carlos,2026-10-09T23:00:00+00:00,55.2537,soccer.total_goals,period=ft,under,total=3,1.35
2026-10-10T00:04:44.777205+02:00,36628412,USL Championship,USA,Lexington SC,FC Tulsa,2026-10-09T23:30:00+00:00,85.2537,soccer.asian_handicap,period=ft,home,handicap=-0.75,1.82
2026-10-10T00:04:44.777205+02:00,36628412,USL Championship,USA,Lexington SC,FC Tulsa,2026-10-09T23:30:00+00:00,85.2537,soccer.asian_handicap,period=ft,away,handicap=-0.75,1.99
2026-10-10T00:04:44.777205+02:00,36628412,USL Championship,USA,Lexington SC,FC Tulsa,2026-10-09T23:30:00+00:00,85.2537,soccer.asian_handicap,period=ft,home,handicap=-1.75,3.55
2026-10-10T00:04:44.777205+02:00,36628412,USL Championship,USA,Lexington SC,FC Tulsa,2026-10-09T23:30:00+00:00,85.2537,soccer.asian_handicap,period=ft,away,handicap=-1.75,1.27
2026-10-10T00:04:44.777205+02:00,36628412,USL Championship,USA,Lexington SC,FC Tulsa,2026-10-09T23:30:00+00:00,85.2537,soccer.asian_handicap,period=ft,home,handicap=-1.5,2.85
2026-10-10T00:04:44.777205+02:00,36628412,USL Championship,USA,Lexington SC,FC Tulsa,2026-10-09T23:30:00+00:00,85.2537,soccer.asian_handicap,period=ft,away,handicap=-1.5,1.39
2026-10-10T00:04:44.777205+02:00,36628412,USL Championship,USA,Lexington SC,FC Tulsa,2026-10-09T23:30:00+00:00,85.2537,soccer.asian_handicap,period=ft,home,handicap=-1.25,2.5
2026-10-10T00:04:44.777205+02:00,36628412,USL Championship,USA,Lexington SC,FC Tulsa,2026-10-09T23:30:00+00:00,85.2537,soccer.asian_handicap,period=ft,away,handicap=-1.25,1.51
2026-10-10T00:04:44.777205+02:00,36628412,USL Championship,USA,Lexington SC,FC Tulsa,2026-10-09T23:30:00+00:00,85.2537,soccer.asian_handicap,period=ft,home,handicap=-1,2.16
2026-10-10T00:04:44.777205+02:00,36628412,USL Championship,USA,Lexington SC,FC Tulsa,2026-10-09T23:30:00+00:00,85.2537,soccer.asian_handicap,period=ft,away,handicap=-1,1.68
2026-10-10T00:04:44.777205+02:00,36628412,USL Championship,USA,Lexington SC,FC Tulsa,2026-10-09T23:30:00+00:00,85.2537,soccer.asian_handicap,period=ft,home,handicap=-0.5,1.62
2026-10-10T00:04:44.777205+02:00,36628412,USL Championship,USA,Lexington SC,FC Tulsa,2026-10-09T23:30:00+00:00,85.2537,soccer.asian_handicap,period=ft,away,handicap=-0.5,2.25
2026-10-10T00:04:44.777205+02:00,36628412,USL Championship,USA,Lexington SC,FC Tulsa,2026-10-09T23:30:00+00:00,85.2537,soccer.asian_handicap,period=ft,home,handicap=-0.25,1.43
2026-10-10T00:04:44.777205+02:00,36628412,USL Championship,USA,Lexington SC,FC Tulsa,2026-10-09T23:30:00+00:00,85.2537,soccer.asian_handicap,period=ft,away,handicap=-0.25,2.8
2026-10-10T00:04:44.777205+02:00,36628412,USL Championship,USA,Lexington SC,FC Tulsa,2026-10-09T23:30:00+00:00,85.2537,soccer.asian_handicap,period=ft,home,handicap=0,1.23
2026-10-10T00:04:44.777205+02:00,36628412,USL Championship,USA,Lexington SC,FC Tulsa,2026-10-09T23:30:00+00:00,85.2537,soccer.asian_handicap,period=ft,away,handicap=0,4.0
2026-10-10T00:04:44.777205+02:00,36628412,USL Championship,USA,Lexington SC,FC Tulsa,2026-10-09T23:30:00+00:00,85.2537,soccer.asian_handicap,period=ft,home,handicap=0.25,1.19
2026-10-10T00:04:44.777205+02:00,36628412,USL Championship,USA,Lexington SC,FC Tulsa,2026-10-09T23:30:00+00:00,85.2537,soccer.asian_handicap,period=ft,away,handicap=0.25,4.55
2026-10-10T00:04:44.777205+02:00,36628412,USL Championship,USA,Lexington SC,FC Tulsa,2026-10-09T23:30:00+00:00,85.2537,soccer.double_chance,period=ft,draw_away,,2.25
2026-10-10T00:04:44.777205+02:00,36628412,USL Championship,USA,Lexington SC,FC Tulsa,2026-10-09T23:30:00+00:00,85.2537,soccer.double_chance,period=ft,home_away,,1.25
2026-10-10T00:04:44.777205+02:00,36628412,USL Championship,USA,Lexington SC,FC Tulsa,2026-10-09T23:30:00+00:00,85.2537,soccer.double_chance,period=ft,home_draw,,1.15
2026-10-10T00:04:44.777205+02:00,36628412,USL Championship,USA,Lexington SC,FC Tulsa,2026-10-09T23:30:00+00:00,85.2537,soccer.match_odds,period=ft,home,,1.62
2026-10-10T00:04:44.777205+02:00,36628412,USL Championship,USA,Lexington SC,FC Tulsa,2026-10-09T23:30:00+00:00,85.2537,soccer.match_odds,period=ft,draw,,3.85
2026-10-10T00:04:44.777205+02:00,36628412,USL Championship,USA,Lexington SC,FC Tulsa,2026-10-09T23:30:00+00:00,85.2537,soccer.match_odds,period=ft,away,,5.2
2026-10-10T00:04:44.777205+02:00,36628412,USL Championship,USA,Lexington SC,FC Tulsa,2026-10-09T23:30:00+00:00,85.2537,soccer.total_goals,period=ft,over,total=2.5,1.81
2026-10-10T00:04:44.777205+02:00,36628412,USL Championship,USA,Lexington SC,FC Tulsa,2026-10-09T23:30:00+00:00,85.2537,soccer.total_goals,period=ft,under,total=2.5,1.99
2026-10-10T00:04:44.777205+02:00,36628412,USL Championship,USA,Lexington SC,FC Tulsa,2026-10-09T23:30:00+00:00,85.2537,soccer.total_goals,period=ft,over,total=1.5,1.25
2026-10-10T00:04:44.777205+02:00,36628412,USL Championship,USA,Lexington SC,FC Tulsa,2026-10-09T23:30:00+00:00,85.2537,soccer.total_goals,period=ft,under,total=1.5,3.75
2026-10-10T00:04:44.777205+02:00,36628412,USL Championship,USA,Lexington SC,FC Tulsa,2026-10-09T23:30:00+00:00,85.2537,soccer.total_goals,period=ft,over,total=2,1.38
2026-10-10T00:04:44.777205+02:00,36628412,USL Championship,USA,Lexington SC,FC Tulsa,2026-10-09T23:30:00+00:00,85.2537,soccer.total_goals,period=ft,under,total=2,2.95
2026-10-10T00:04:44.777205+02:00,36628412,USL Championship,USA,Lexington SC,FC Tulsa,2026-10-09T23:30:00+00:00,85.2537,soccer.total_goals,period=ft,over,total=2.25,1.59
2026-10-10T00:04:44.777205+02:00,36628412,USL Championship,USA,Lexington SC,FC Tulsa,2026-10-09T23:30:00+00:00,85.2537,soccer.total_goals,period=ft,under,total=2.25,2.3
2026-10-10T00:04:44.777205+02:00,36628412,USL Championship,USA,Lexington SC,FC Tulsa,2026-10-09T23:30:00+00:00,85.2537,soccer.total_goals,period=ft,over,total=2.75,2.02
2026-10-10T00:04:44.777205+02:00,36628412,USL Championship,USA,Lexington SC,FC Tulsa,2026-10-09T23:30:00+00:00,85.2537,soccer.total_goals,period=ft,under,total=2.75,1.76
2026-10-10T00:04:44.777205+02:00,36628412,USL Championship,USA,Lexington SC,FC Tulsa,2026-10-09T23:30:00+00:00,85.2537,soccer.total_goals,period=ft,over,total=3,2.4
2026-10-10T00:04:44.777205+02:00,36628412,USL Championship,USA,Lexington SC,FC Tulsa,2026-10-09T23:30:00+00:00,85.2537,soccer.total_goals,period=ft,under,total=3,1.55
2026-10-10T00:04:44.777205+02:00,36628412,USL Championship,USA,Lexington SC,FC Tulsa,2026-10-09T23:30:00+00:00,85.2537,soccer.total_goals,period=ft,over,total=3.5,3.0
2026-10-10T00:04:44.777205+02:00,36628412,USL Championship,USA,Lexington SC,FC Tulsa,2026-10-09T23:30:00+00:00,85.2537,soccer.total_goals,period=ft,under,total=3.5,1.36
2026-10-10T00:04:44.777205+02:00,36628412,USL Championship,USA,Lexington SC,FC Tulsa,2026-10-09T23:30:00+00:00,85.2537,soccer.total_goals,period=ft,over,total=4.5,5.7
2026-10-10T00:04:44.777205+02:00,36628412,USL Championship,USA,Lexington SC,FC Tulsa,2026-10-09T23:30:00+00:00,85.2537,soccer.total_goals,period=ft,under,total=4.5,1.12
2026-10-10T00:06:46.251708+02:00,36709915,Segunda Division,Paraguay,Sol de America Villa Elisa,Carapegua,2026-10-09T22:30:00+00:00,23.2291,soccer.asian_handicap,period=ft,home,handicap=-0.25,1.74
2026-10-10T00:06:46.251708+02:00,36709915,Segunda Division,Paraguay,Sol de America Villa Elisa,Carapegua,2026-10-09T22:30:00+00:00,23.2291,soccer.asian_handicap,period=ft,away,handicap=-0.25,1.97
2026-10-10T00:06:46.251708+02:00,36709915,Segunda Division,Paraguay,Sol de America Villa Elisa,Carapegua,2026-10-09T22:30:00+00:00,23.2291,soccer.asian_handicap,period=ft,home,handicap=-1,3.0
2026-10-10T00:06:46.251708+02:00,36709915,Segunda Division,Paraguay,Sol de America Villa Elisa,Carapegua,2026-10-09T22:30:00+00:00,23.2291,soccer.asian_handicap,period=ft,away,handicap=-1,1.3
2026-10-10T00:06:46.251708+02:00,36709915,Segunda Division,Paraguay,Sol de America Villa Elisa,Carapegua,2026-10-09T22:30:00+00:00,23.2291,soccer.asian_handicap,period=ft,home,handicap=-0.75,2.3
2026-10-10T00:06:46.251708+02:00,36709915,Segunda Division,Paraguay,Sol de America Villa Elisa,Carapegua,2026-10-09T22:30:00+00:00,23.2291,soccer.asian_handicap,period=ft,away,handicap=-0.75,1.49
2026-10-10T00:06:46.251708+02:00,36709915,Segunda Division,Paraguay,Sol de America Villa Elisa,Carapegua,2026-10-09T22:30:00+00:00,23.2291,soccer.asian_handicap,period=ft,home,handicap=-0.5,2.01
2026-10-10T00:06:46.251708+02:00,36709915,Segunda Division,Paraguay,Sol de America Villa Elisa,Carapegua,2026-10-09T22:30:00+00:00,23.2291,soccer.asian_handicap,period=ft,away,handicap=-0.5,1.69
2026-10-10T00:06:46.251708+02:00,36709915,Segunda Division,Paraguay,Sol de America Villa Elisa,Carapegua,2026-10-09T22:30:00+00:00,23.2291,soccer.asian_handicap,period=ft,home,handicap=0,1.44
2026-10-10T00:06:46.251708+02:00,36709915,Segunda Division,Paraguay,Sol de America Villa Elisa,Carapegua,2026-10-09T22:30:00+00:00,23.2291,soccer.asian_handicap,period=ft,away,handicap=0,2.5
2026-10-10T00:06:46.251708+02:00,36709915,Segunda Division,Paraguay,Sol de America Villa Elisa,Carapegua,2026-10-09T22:30:00+00:00,23.2291,soccer.asian_handicap,period=ft,home,handicap=0.25,1.31
2026-10-10T00:06:46.251708+02:00,36709915,Segunda Division,Paraguay,Sol de America Villa Elisa,Carapegua,2026-10-09T22:30:00+00:00,23.2291,soccer.asian_handicap,period=ft,away,handicap=0.25,2.9
2026-10-10T00:06:46.251708+02:00,36709915,Segunda Division,Paraguay,Sol de America Villa Elisa,Carapegua,2026-10-09T22:30:00+00:00,23.2291,soccer.asian_handicap,period=ft,home,handicap=0.5,1.24
2026-10-10T00:06:46.251708+02:00,36709915,Segunda Division,Paraguay,Sol de America Villa Elisa,Carapegua,2026-10-09T22:30:00+00:00,23.2291,soccer.asian_handicap,period=ft,away,handicap=0.5,3.35
2026-10-10T00:06:46.251708+02:00,36709915,Segunda Division,Paraguay,Sol de America Villa Elisa,Carapegua,2026-10-09T22:30:00+00:00,23.2291,soccer.double_chance,period=ft,draw_away,,1.61
2026-10-10T00:06:46.251708+02:00,36709915,Segunda Division,Paraguay,Sol de America Villa Elisa,Carapegua,2026-10-09T22:30:00+00:00,23.2291,soccer.double_chance,period=ft,home_away,,1.29
2026-10-10T00:06:46.251708+02:00,36709915,Segunda Division,Paraguay,Sol de America Villa Elisa,Carapegua,2026-10-09T22:30:00+00:00,23.2291,soccer.double_chance,period=ft,home_draw,,1.27
2026-10-10T00:06:46.251708+02:00,36709915,Segunda Division,Paraguay,Sol de America Villa Elisa,Carapegua,2026-10-09T22:30:00+00:00,23.2291,soccer.match_odds,period=ft,home,,2.01
2026-10-10T00:06:46.251708+02:00,36709915,Segunda Division,Paraguay,Sol de America Villa Elisa,Carapegua,2026-10-09T22:30:00+00:00,23.2291,soccer.match_odds,period=ft,draw,,2.95
2026-10-10T00:06:46.251708+02:00,36709915,Segunda Division,Paraguay,Sol de America Villa Elisa,Carapegua,2026-10-09T22:30:00+00:00,23.2291,soccer.match_odds,period=ft,away,,3.45
2026-10-10T00:06:46.251708+02:00,36709915,Segunda Division,Paraguay,Sol de America Villa Elisa,Carapegua,2026-10-09T22:30:00+00:00,23.2291,soccer.total_goals,period=ft,over,total=2.25,1.9
2026-10-10T00:06:46.251708+02:00,36709915,Segunda Division,Paraguay,Sol de America Villa Elisa,Carapegua,2026-10-09T22:30:00+00:00,23.2291,soccer.total_goals,period=ft,under,total=2.25,1.8
2026-10-10T00:06:46.251708+02:00,36709915,Segunda Division,Paraguay,Sol de America Villa Elisa,Carapegua,2026-10-09T22:30:00+00:00,23.2291,soccer.total_goals,period=ft,over,total=1.5,1.34
2026-10-10T00:06:46.251708+02:00,36709915,Segunda Division,Paraguay,Sol de America Villa Elisa,Carapegua,2026-10-09T22:30:00+00:00,23.2291,soccer.total_goals,period=ft,under,total=1.5,2.8
2026-10-10T00:06:46.251708+02:00,36709915,Segunda Division,Paraguay,Sol de America Villa Elisa,Carapegua,2026-10-09T22:30:00+00:00,23.2291,soccer.total_goals,period=ft,over,total=1.75,1.44
2026-10-10T00:06:46.251708+02:00,36709915,Segunda Division,Paraguay,Sol de America Villa Elisa,Carapegua,2026-10-09T22:30:00+00:00,23.2291,soccer.total_goals,period=ft,under,total=1.75,2.45
2026-10-10T00:06:46.251708+02:00,36709915,Segunda Division,Paraguay,Sol de America Villa Elisa,Carapegua,2026-10-09T22:30:00+00:00,23.2291,soccer.total_goals,period=ft,over,total=2,1.6
2026-10-10T00:06:46.251708+02:00,36709915,Segunda Division,Paraguay,Sol de America Villa Elisa,Carapegua,2026-10-09T22:30:00+00:00,23.2291,soccer.total_goals,period=ft,under,total=2,2.13
2026-10-10T00:06:46.251708+02:00,36709915,Segunda Division,Paraguay,Sol de America Villa Elisa,Carapegua,2026-10-09T22:30:00+00:00,23.2291,soccer.total_goals,period=ft,over,total=2.5,2.16
2026-10-10T00:06:46.251708+02:00,36709915,Segunda Division,Paraguay,Sol de America Villa Elisa,Carapegua,2026-10-09T22:30:00+00:00,23.2291,soccer.total_goals,period=ft,under,total=2.5,1.59
2026-10-10T00:06:46.251708+02:00,36709915,Segunda Division,Paraguay,Sol de America Villa Elisa,Carapegua,2026-10-09T22:30:00+00:00,23.2291,soccer.total_goals,period=ft,over,total=2.75,2.45
2026-10-10T00:06:46.251708+02:00,36709915,Segunda Division,Paraguay,Sol de America Villa Elisa,Carapegua,2026-10-09T22:30:00+00:00,23.2291,soccer.total_goals,period=ft,under,total=2.75,1.43
2026-10-10T00:06:46.251708+02:00,36709915,Segunda Division,Paraguay,Sol de America Villa Elisa,Carapegua,2026-10-09T22:30:00+00:00,23.2291,soccer.total_goals,period=ft,over,total=3,3.05
2026-10-10T00:06:46.251708+02:00,36709915,Segunda Division,Paraguay,Sol de America Villa Elisa,Carapegua,2026-10-09T22:30:00+00:00,23.2291,soccer.total_goals,period=ft,under,total=3,1.29
2026-10-10T00:06:46.251708+02:00,36626421,Primera Division,Uruguay,Deportivo Maldonado,Liverpool Montevideo,2026-10-09T23:00:00+00:00,53.2291,soccer.asian_handicap,period=ft,home,handicap=-0.25,2.09
2026-10-10T00:06:46.251708+02:00,36626421,Primera Division,Uruguay,Deportivo Maldonado,Liverpool Montevideo,2026-10-09T23:00:00+00:00,53.2291,soccer.asian_handicap,period=ft,away,handicap=-0.25,1.76
2026-10-10T00:06:46.251708+02:00,36626421,Primera Division,Uruguay,Deportivo Maldonado,Liverpool Montevideo,2026-10-09T23:00:00+00:00,53.2291,soccer.asian_handicap,period=ft,home,handicap=-1.25,4.6
2026-10-10T00:06:46.251708+02:00,36626421,Primera Division,Uruguay,Deportivo Maldonado,Liverpool Montevideo,2026-10-09T23:00:00+00:00,53.2291,soccer.asian_handicap,period=ft,away,handicap=-1.25,1.19
2026-10-10T00:06:46.251708+02:00,36626421,Primera Division,Uruguay,Deportivo Maldonado,Liverpool Montevideo,2026-10-09T23:00:00+00:00,53.2291,soccer.asian_handicap,period=ft,home,handicap=-1,4.1
2026-10-10T00:06:46.251708+02:00,36626421,Primera Division,Uruguay,Deportivo Maldonado,Liverpool Montevideo,2026-10-09T23:00:00+00:00,53.2291,soccer.asian_handicap,period=ft,away,handicap=-1,1.23
2026-10-10T00:06:46.251708+02:00,36626421,Primera Division,Uruguay,Deportivo Maldonado,Liverpool Montevideo,2026-10-09T23:00:00+00:00,53.2291,soccer.asian_handicap,period=ft,home,handicap=-0.75,2.95
2026-10-10T00:06:46.251708+02:00,36626421,Primera Division,Uruguay,Deportivo Maldonado,Liverpool Montevideo,2026-10-09T23:00:00+00:00,53.2291,soccer.asian_handicap,period=ft,away,handicap=-0.75,1.39
2026-10-10T00:06:46.251708+02:00,36626421,Primera Division,Uruguay,Deportivo Maldonado,Liverpool Montevideo,2026-10-09T23:00:00+00:00,53.2291,soccer.asian_handicap,period=ft,home,handicap=-0.5,2.4
2026-10-10T00:06:46.251708+02:00,36626421,Primera Division,Uruguay,Deportivo Maldonado,Liverpool Montevideo,2026-10-09T23:00:00+00:00,53.2291,soccer.asian_handicap,period=ft,away,handicap=-0.5,1.56
2026-10-10T00:06:46.251708+02:00,36626421,Primera Division,Uruguay,Deportivo Maldonado,Liverpool Montevideo,2026-10-09T23:00:00+00:00,53.2291,soccer.asian_handicap,period=ft,home,handicap=0,1.72
2026-10-10T00:06:46.251708+02:00,36626421,Primera Division,Uruguay,Deportivo Maldonado,Liverpool Montevideo,2026-10-09T23:00:00+00:00,53.2291,soccer.asian_handicap,period=ft,away,handicap=0,2.12
2026-10-10T00:06:46.251708+02:00,36626421,Primera Division,Uruguay,Deportivo Maldonado,Liverpool Montevideo,2026-10-09T23:00:00+00:00,53.2291,soccer.asian_handicap,period=ft,home,handicap=0.25,1.51
2026-10-10T00:06:46.251708+02:00,36626421,Primera Division,Uruguay,Deportivo Maldonado,Liverpool Montevideo,2026-10-09T23:00:00+00:00,53.2291,soccer.asian_handicap,period=ft,away,handicap=0.25,2.55
2026-10-10T00:06:46.251708+02:00,36626421,Primera Division,Uruguay,Deportivo Maldonado,Liverpool Montevideo,2026-10-09T23:00:00+00:00,53.2291,soccer.asian_handicap,period=ft,home,handicap=0.5,1.38
2026-10-10T00:06:46.251708+02:00,36626421,Primera Division,Uruguay,Deportivo Maldonado,Liverpool Montevideo,2026-10-09T23:00:00+00:00,53.2291,soccer.asian_handicap,period=ft,away,handicap=0.5,2.95
2026-10-10T00:06:46.251708+02:00,36626421,Primera Division,Uruguay,Deportivo Maldonado,Liverpool Montevideo,2026-10-09T23:00:00+00:00,53.2291,soccer.asian_handicap,period=ft,home,handicap=0.75,1.26
2026-10-10T00:06:46.251708+02:00,36626421,Primera Division,Uruguay,Deportivo Maldonado,Liverpool Montevideo,2026-10-09T23:00:00+00:00,53.2291,soccer.asian_handicap,period=ft,away,handicap=0.75,3.75
2026-10-10T00:06:46.251708+02:00,36626421,Primera Division,Uruguay,Deportivo Maldonado,Liverpool Montevideo,2026-10-09T23:00:00+00:00,53.2291,soccer.double_chance,period=ft,draw_away,,1.54
2026-10-10T00:06:46.251708+02:00,36626421,Primera Division,Uruguay,Deportivo Maldonado,Liverpool Montevideo,2026-10-09T23:00:00+00:00,53.2291,soccer.double_chance,period=ft,home_away,,1.34
2026-10-10T00:06:46.251708+02:00,36626421,Primera Division,Uruguay,Deportivo Maldonado,Liverpool Montevideo,2026-10-09T23:00:00+00:00,53.2291,soccer.double_chance,period=ft,home_draw,,1.38
2026-10-10T00:06:46.251708+02:00,36626421,Primera Division,Uruguay,Deportivo Maldonado,Liverpool Montevideo,2026-10-09T23:00:00+00:00,53.2291,soccer.match_odds,period=ft,home,,2.4
2026-10-10T00:06:46.251708+02:00,36626421,Primera Division,Uruguay,Deportivo Maldonado,Liverpool Montevideo,2026-10-09T23:00:00+00:00,53.2291,soccer.match_odds,period=ft,draw,,3.2
2026-10-10T00:06:46.251708+02:00,36626421,Primera Division,Uruguay,Deportivo Maldonado,Liverpool Montevideo,2026-10-09T23:00:00+00:00,53.2291,soccer.match_odds,period=ft,away,,3.0
2026-10-10T00:06:46.251708+02:00,36626421,Primera Division,Uruguay,Deportivo Maldonado,Liverpool Montevideo,2026-10-09T23:00:00+00:00,53.2291,soccer.total_goals,period=ft,over,total=2.25,1.82
2026-10-10T00:06:46.251708+02:00,36626421,Primera Division,Uruguay,Deportivo Maldonado,Liverpool Montevideo,2026-10-09T23:00:00+00:00,53.2291,soccer.total_goals,period=ft,under,total=2.25,1.99
2026-10-10T00:06:46.251708+02:00,36626421,Primera Division,Uruguay,Deportivo Maldonado,Liverpool Montevideo,2026-10-09T23:00:00+00:00,53.2291,soccer.total_goals,period=ft,over,total=1.5,1.32
2026-10-10T00:06:46.251708+02:00,36626421,Primera Division,Uruguay,Deportivo Maldonado,Liverpool Montevideo,2026-10-09T23:00:00+00:00,53.2291,soccer.total_goals,period=ft,under,total=1.5,3.25
2026-10-10T00:06:46.251708+02:00,36626421,Primera Division,Uruguay,Deportivo Maldonado,Liverpool Montevideo,2026-10-09T23:00:00+00:00,53.2291,soccer.total_goals,period=ft,over,total=1.75,1.41
2026-10-10T00:06:46.251708+02:00,36626421,Primera Division,Uruguay,Deportivo Maldonado,Liverpool Montevideo,2026-10-09T23:00:00+00:00,53.2291,soccer.total_goals,period=ft,under,total=1.75,2.85
2026-10-10T00:06:46.251708+02:00,36626421,Primera Division,Uruguay,Deportivo Maldonado,Liverpool Montevideo,2026-10-09T23:00:00+00:00,53.2291,soccer.total_goals,period=ft,over,total=2,1.54
2026-10-10T00:06:46.251708+02:00,36626421,Primera Division,Uruguay,Deportivo Maldonado,Liverpool Montevideo,2026-10-09T23:00:00+00:00,53.2291,soccer.total_goals,period=ft,under,total=2,2.45
2026-10-10T00:06:46.251708+02:00,36626421,Primera Division,Uruguay,Deportivo Maldonado,Liverpool Montevideo,2026-10-09T23:00:00+00:00,53.2291,soccer.total_goals,period=ft,over,total=2.5,2.08
2026-10-10T00:06:46.251708+02:00,36626421,Primera Division,Uruguay,Deportivo Maldonado,Liverpool Montevideo,2026-10-09T23:00:00+00:00,53.2291,soccer.total_goals,period=ft,under,total=2.5,1.74
2026-10-10T00:06:46.251708+02:00,36626421,Primera Division,Uruguay,Deportivo Maldonado,Liverpool Montevideo,2026-10-09T23:00:00+00:00,53.2291,soccer.total_goals,period=ft,over,total=2.75,2.4
2026-10-10T00:06:46.251708+02:00,36626421,Primera Division,Uruguay,Deportivo Maldonado,Liverpool Montevideo,2026-10-09T23:00:00+00:00,53.2291,soccer.total_goals,period=ft,under,total=2.75,1.55
2026-10-10T00:06:46.251708+02:00,36626421,Primera Division,Uruguay,Deportivo Maldonado,Liverpool Montevideo,2026-10-09T23:00:00+00:00,53.2291,soccer.total_goals,period=ft,over,total=3.5,3.7
2026-10-10T00:06:46.251708+02:00,36626421,Primera Division,Uruguay,Deportivo Maldonado,Liverpool Montevideo,2026-10-09T23:00:00+00:00,53.2291,soccer.total_goals,period=ft,under,total=3.5,1.26
2026-10-10T00:06:46.251708+02:00,36682209,Primera B,Argentina,CA Talleres de Remedios,Deportivo Camioneros,2026-10-09T23:00:00+00:00,53.2291,soccer.asian_handicap,period=ft,home,handicap=-0.5,1.82
2026-10-10T00:06:46.251708+02:00,36682209,Primera B,Argentina,CA Talleres de Remedios,Deportivo Camioneros,2026-10-09T23:00:00+00:00,53.2291,soccer.asian_handicap,period=ft,away,handicap=-0.5,1.93
2026-10-10T00:06:46.251708+02:00,36682209,Primera B,Argentina,CA Talleres de Remedios,Deportivo Camioneros,2026-10-09T23:00:00+00:00,53.2291,soccer.asian_handicap,period=ft,home,handicap=-1.25,2.9
2026-10-10T00:06:46.251708+02:00,36682209,Primera B,Argentina,CA Talleres de Remedios,Deportivo Camioneros,2026-10-09T23:00:00+00:00,53.2291,soccer.asian_handicap,period=ft,away,handicap=-1.25,1.34
2026-10-10T00:06:46.251708+02:00,36682209,Primera B,Argentina,CA Talleres de Remedios,Deportivo Camioneros,2026-10-09T23:00:00+00:00,53.2291,soccer.asian_handicap,period=ft,home,handicap=-1,2.55
2026-10-10T00:06:46.251708+02:00,36682209,Primera B,Argentina,CA Talleres de Remedios,Deportivo Camioneros,2026-10-09T23:00:00+00:00,53.2291,soccer.asian_handicap,period=ft,away,handicap=-1,1.44
2026-10-10T00:06:46.251708+02:00,36682209,Primera B,Argentina,CA Talleres de Remedios,Deportivo Camioneros,2026-10-09T23:00:00+00:00,53.2291,soccer.asian_handicap,period=ft,home,handicap=-0.75,2.06
2026-10-10T00:06:46.251708+02:00,36682209,Primera B,Argentina,CA Talleres de Remedios,Deportivo Camioneros,2026-10-09T23:00:00+00:00,53.2291,soccer.asian_handicap,period=ft,away,handicap=-0.75,1.68
2026-10-10T00:06:46.251708+02:00,36682209,Primera B,Argentina,CA Talleres de Remedios,Deportivo Camioneros,2026-10-09T23:00:00+00:00,53.2291,soccer.asian_handicap,period=ft,home,handicap=-0.25,1.56
2026-10-10T00:06:46.251708+02:00,36682209,Primera B,Argentina,CA Talleres de Remedios,Deportivo Camioneros,2026-10-09T23:00:00+00:00,53.2291,soccer.asian_handicap,period=ft,away,handicap=-0.25,2.25
2026-10-10T00:06:46.251708+02:00,36682209,Primera B,Argentina,CA Talleres de Remedios,Deportivo Camioneros,2026-10-09T23:00:00+00:00,53.2291,soccer.asian_handicap,period=ft,home,handicap=0,1.3
2026-10-10T00:06:46.251708+02:00,36682209,Primera B,Argentina,CA Talleres de Remedios,Deportivo Camioneros,2026-10-09T23:00:00+00:00,53.2291,soccer.asian_handicap,period=ft,away,handicap=0,3.1
2026-10-10T00:06:46.251708+02:00,36682209,Primera B,Argentina,CA Talleres de Remedios,Deportivo Camioneros,2026-10-09T23:00:00+00:00,53.2291,soccer.asian_handicap,period=ft,home,handicap=0.25,1.22
2026-10-10T00:06:46.251708+02:00,36682209,Primera B,Argentina,CA Talleres de Remedios,Deportivo Camioneros,2026-10-09T23:00:00+00:00,53.2291,soccer.asian_handicap,period=ft,away,handicap=0.25,3.65
2026-10-10T00:06:46.251708+02:00,36682209,Primera B,Argentina,CA Talleres de Remedios,Deportivo Camioneros,2026-10-09T23:00:00+00:00,53.2291,soccer.double_chance,period=ft,draw_away,,1.84
2026-10-10T00:06:46.251708+02:00,36682209,Primera B,Argentina,CA Talleres de Remedios,Deportivo Camioneros,2026-10-09T23:00:00+00:00,53.2291,soccer.double_chance,period=ft,home_away,,1.34
2026-10-10T00:06:46.251708+02:00,36682209,Primera B,Argentina,CA Talleres de Remedios,Deportivo Camioneros,2026-10-09T23:00:00+00:00,53.2291,soccer.double_chance,period=ft,home_draw,,1.23
2026-10-10T00:06:46.251708+02:00,36682209,Primera B,Argentina,CA Talleres de Remedios,Deportivo Camioneros,2026-10-09T23:00:00+00:00,53.2291,soccer.match_odds,period=ft,home,,1.81
2026-10-10T00:06:46.251708+02:00,36682209,Primera B,Argentina,CA Talleres de Remedios,Deportivo Camioneros,2026-10-09T23:00:00+00:00,53.2291,soccer.match_odds,period=ft,draw,,3.1
2026-10-10T00:06:46.251708+02:00,36682209,Primera B,Argentina,CA Talleres de Remedios,Deportivo Camioneros,2026-10-09T23:00:00+00:00,53.2291,soccer.match_odds,period=ft,away,,4.3
2026-10-10T00:06:46.251708+02:00,36682209,Primera B,Argentina,CA Talleres de Remedios,Deportivo Camioneros,2026-10-09T23:00:00+00:00,53.2291,soccer.total_goals,period=ft,over,total=3,0.0
2026-10-10T00:06:46.251708+02:00,36682209,Primera B,Argentina,CA Talleres de Remedios,Deportivo Camioneros,2026-10-09T23:00:00+00:00,53.2291,soccer.total_goals,period=ft,under,total=3,0.0
2026-10-10T00:06:46.251708+02:00,36682209,Primera B,Argentina,CA Talleres de Remedios,Deportivo Camioneros,2026-10-09T23:00:00+00:00,53.2291,soccer.total_goals,period=ft,over,total=1.25,1.24
2026-10-10T00:06:46.251708+02:00,36682209,Primera B,Argentina,CA Talleres de Remedios,Deportivo Camioneros,2026-10-09T23:00:00+00:00,53.2291,soccer.total_goals,period=ft,under,total=1.25,3.5
2026-10-10T00:06:46.251708+02:00,36682209,Primera B,Argentina,CA Talleres de Remedios,Deportivo Camioneros,2026-10-09T23:00:00+00:00,53.2291,soccer.total_goals,period=ft,over,total=1.5,1.39
2026-10-10T00:06:46.251708+02:00,36682209,Primera B,Argentina,CA Talleres de Remedios,Deportivo Camioneros,2026-10-09T23:00:00+00:00,53.2291,soccer.total_goals,period=ft,under,total=1.5,2.7
2026-10-10T00:06:46.251708+02:00,36682209,Primera B,Argentina,CA Talleres de Remedios,Deportivo Camioneros,2026-10-09T23:00:00+00:00,53.2291,soccer.total_goals,period=ft,over,total=1.75,1.52
2026-10-10T00:06:46.251708+02:00,36682209,Primera B,Argentina,CA Talleres de Remedios,Deportivo Camioneros,2026-10-09T23:00:00+00:00,53.2291,soccer.total_goals,period=ft,under,total=1.75,2.35
2026-10-10T00:06:46.251708+02:00,36682209,Primera B,Argentina,CA Talleres de Remedios,Deportivo Camioneros,2026-10-09T23:00:00+00:00,53.2291,soccer.total_goals,period=ft,over,total=2,1.73
2026-10-10T00:06:46.251708+02:00,36682209,Primera B,Argentina,CA Talleres de Remedios,Deportivo Camioneros,2026-10-09T23:00:00+00:00,53.2291,soccer.total_goals,period=ft,under,total=2,2.03
2026-10-10T00:06:46.251708+02:00,36682209,Primera B,Argentina,CA Talleres de Remedios,Deportivo Camioneros,2026-10-09T23:00:00+00:00,53.2291,soccer.total_goals,period=ft,over,total=2.25,2.03
2026-10-10T00:06:46.251708+02:00,36682209,Primera B,Argentina,CA Talleres de Remedios,Deportivo Camioneros,2026-10-09T23:00:00+00:00,53.2291,soccer.total_goals,period=ft,under,total=2.25,1.7
2026-10-10T00:06:46.251708+02:00,36682209,Primera B,Argentina,CA Talleres de Remedios,Deportivo Camioneros,2026-10-09T23:00:00+00:00,53.2291,soccer.total_goals,period=ft,over,total=2.5,2.3
2026-10-10T00:06:46.251708+02:00,36682209,Primera B,Argentina,CA Talleres de Remedios,Deportivo Camioneros,2026-10-09T23:00:00+00:00,53.2291,soccer.total_goals,period=ft,under,total=2.5,1.52
2026-10-10T00:06:46.251708+02:00,36682209,Primera B,Argentina,CA Talleres de Remedios,Deportivo Camioneros,2026-10-09T23:00:00+00:00,53.2291,soccer.total_goals,period=ft,over,total=2.75,2.75
2026-10-10T00:06:46.251708+02:00,36682209,Primera B,Argentina,CA Talleres de Remedios,Deportivo Camioneros,2026-10-09T23:00:00+00:00,53.2291,soccer.total_goals,period=ft,under,total=2.75,1.38
2026-10-10T00:06:46.251708+02:00,36682208,Primera B,Argentina,Excursionistas,CA Villa San Carlos,2026-10-09T23:00:00+00:00,53.2291,soccer.asian_handicap,period=ft,home,handicap=-0.75,1.8
2026-10-10T00:06:46.251708+02:00,36682208,Primera B,Argentina,Excursionistas,CA Villa San Carlos,2026-10-09T23:00:00+00:00,53.2291,soccer.asian_handicap,period=ft,away,handicap=-0.75,1.94
2026-10-10T00:06:46.251708+02:00,36682208,Primera B,Argentina,Excursionistas,CA Villa San Carlos,2026-10-09T23:00:00+00:00,53.2291,soccer.asian_handicap,period=ft,home,handicap=-1.5,2.75
2026-10-10T00:06:46.251708+02:00,36682208,Primera B,Argentina,Excursionistas,CA Villa San Carlos,2026-10-09T23:00:00+00:00,53.2291,soccer.asian_handicap,period=ft,away,handicap=-1.5,1.38
2026-10-10T00:06:46.251708+02:00,36682208,Primera B,Argentina,Excursionistas,CA Villa San Carlos,2026-10-09T23:00:00+00:00,53.2291,soccer.asian_handicap,period=ft,home,handicap=-1.25,2.4
2026-10-10T00:06:46.251708+02:00,36682208,Primera B,Argentina,Excursionistas,CA Villa San Carlos,2026-10-09T23:00:00+00:00,53.2291,soccer.asian_handicap,period=ft,away,handicap=-1.25,1.48
2026-10-10T00:06:46.251708+02:00,36682208,Primera B,Argentina,Excursionistas,CA Villa San Carlos,2026-10-09T23:00:00+00:00,53.2291,soccer.asian_handicap,period=ft,home,handicap=-1,2.11
2026-10-10T00:06:46.251708+02:00,36682208,Primera B,Argentina,Excursionistas,CA Villa San Carlos,2026-10-09T23:00:00+00:00,53.2291,soccer.asian_handicap,period=ft,away,handicap=-1,1.65
2026-10-10T00:06:46.251708+02:00,36682208,Primera B,Argentina,Excursionistas,CA Villa San Carlos,2026-10-09T23:00:00+00:00,53.2291,soccer.asian_handicap,period=ft,home,handicap=-0.5,1.61
2026-10-10T00:06:46.251708+02:00,36682208,Primera B,Argentina,Excursionistas,CA Villa San Carlos,2026-10-09T23:00:00+00:00,53.2291,soccer.asian_handicap,period=ft,away,handicap=-0.5,2.19
2026-10-10T00:06:46.251708+02:00,36682208,Primera B,Argentina,Excursionistas,CA Villa San Carlos,2026-10-09T23:00:00+00:00,53.2291,soccer.asian_handicap,period=ft,home,handicap=-0.25,1.4
2026-10-10T00:06:46.251708+02:00,36682208,Primera B,Argentina,Excursionistas,CA Villa San Carlos,2026-10-09T23:00:00+00:00,53.2291,soccer.asian_handicap,period=ft,away,handicap=-0.25,2.65
2026-10-10T00:06:46.251708+02:00,36682208,Primera B,Argentina,Excursionistas,CA Villa San Carlos,2026-10-09T23:00:00+00:00,53.2291,soccer.asian_handicap,period=ft,home,handicap=0,1.21
2026-10-10T00:06:46.251708+02:00,36682208,Primera B,Argentina,Excursionistas,CA Villa San Carlos,2026-10-09T23:00:00+00:00,53.2291,soccer.asian_handicap,period=ft,away,handicap=0,3.8
2026-10-10T00:06:46.251708+02:00,36682208,Primera B,Argentina,Excursionistas,CA Villa San Carlos,2026-10-09T23:00:00+00:00,53.2291,soccer.double_chance,period=ft,draw_away,,2.12
2026-10-10T00:06:46.251708+02:00,36682208,Primera B,Argentina,Excursionistas,CA Villa San Carlos,2026-10-09T23:00:00+00:00,53.2291,soccer.double_chance,period=ft,home_away,,1.27
2026-10-10T00:06:46.251708+02:00,36682208,Primera B,Argentina,Excursionistas,CA Villa San Carlos,2026-10-09T23:00:00+00:00,53.2291,soccer.double_chance,period=ft,home_draw,,1.19
2026-10-10T00:06:46.251708+02:00,36682208,Primera B,Argentina,Excursionistas,CA Villa San Carlos,2026-10-09T23:00:00+00:00,53.2291,soccer.match_odds,period=ft,home,,1.61
2026-10-10T00:06:46.251708+02:00,36682208,Primera B,Argentina,Excursionistas,CA Villa San Carlos,2026-10-09T23:00:00+00:00,53.2291,soccer.match_odds,period=ft,draw,,3.45
2026-10-10T00:06:46.251708+02:00,36682208,Primera B,Argentina,Excursionistas,CA Villa San Carlos,2026-10-09T23:00:00+00:00,53.2291,soccer.match_odds,period=ft,away,,5.05
2026-10-10T00:06:46.251708+02:00,36682208,Primera B,Argentina,Excursionistas,CA Villa San Carlos,2026-10-09T23:00:00+00:00,53.2291,soccer.total_goals,period=ft,over,total=2.25,1.78
2026-10-10T00:06:46.251708+02:00,36682208,Primera B,Argentina,Excursionistas,CA Villa San Carlos,2026-10-09T23:00:00+00:00,53.2291,soccer.total_goals,period=ft,under,total=2.25,1.97
2026-10-10T00:06:46.251708+02:00,36682208,Primera B,Argentina,Excursionistas,CA Villa San Carlos,2026-10-09T23:00:00+00:00,53.2291,soccer.total_goals,period=ft,over,total=1.5,1.3
2026-10-10T00:06:46.251708+02:00,36682208,Primera B,Argentina,Excursionistas,CA Villa San Carlos,2026-10-09T23:00:00+00:00,53.2291,soccer.total_goals,period=ft,under,total=1.5,3.1
2026-10-10T00:06:46.251708+02:00,36682208,Primera B,Argentina,Excursionistas,CA Villa San Carlos,2026-10-09T23:00:00+00:00,53.2291,soccer.total_goals,period=ft,over,total=1.75,1.38
2026-10-10T00:06:46.251708+02:00,36682208,Primera B,Argentina,Excursionistas,CA Villa San Carlos,2026-10-09T23:00:00+00:00,53.2291,soccer.total_goals,period=ft,under,total=1.75,2.7
2026-10-10T00:06:46.251708+02:00,36682208,Primera B,Argentina,Excursionistas,CA Villa San Carlos,2026-10-09T23:00:00+00:00,53.2291,soccer.total_goals,period=ft,over,total=2,1.51
2026-10-10T00:06:46.251708+02:00,36682208,Primera B,Argentina,Excursionistas,CA Villa San Carlos,2026-10-09T23:00:00+00:00,53.2291,soccer.total_goals,period=ft,under,total=2,2.35
2026-10-10T00:06:46.251708+02:00,36682208,Primera B,Argentina,Excursionistas,CA Villa San Carlos,2026-10-09T23:00:00+00:00,53.2291,soccer.total_goals,period=ft,over,total=2.5,2.01
2026-10-10T00:06:46.251708+02:00,36682208,Primera B,Argentina,Excursionistas,CA Villa San Carlos,2026-10-09T23:00:00+00:00,53.2291,soccer.total_goals,period=ft,under,total=2.5,1.71
2026-10-10T00:06:46.251708+02:00,36682208,Primera B,Argentina,Excursionistas,CA Villa San Carlos,2026-10-09T23:00:00+00:00,53.2291,soccer.total_goals,period=ft,over,total=2.75,2.3
2026-10-10T00:06:46.251708+02:00,36682208,Primera B,Argentina,Excursionistas,CA Villa San Carlos,2026-10-09T23:00:00+00:00,53.2291,soccer.total_goals,period=ft,under,total=2.75,1.53
2026-10-10T00:06:46.251708+02:00,36682208,Primera B,Argentina,Excursionistas,CA Villa San Carlos,2026-10-09T23:00:00+00:00,53.2291,soccer.total_goals,period=ft,over,total=3,2.9
2026-10-10T00:06:46.251708+02:00,36682208,Primera B,Argentina,Excursionistas,CA Villa San Carlos,2026-10-09T23:00:00+00:00,53.2291,soccer.total_goals,period=ft,under,total=3,1.35
2026-10-10T00:06:46.251708+02:00,36628412,USL Championship,USA,Lexington SC,FC Tulsa,2026-10-09T23:30:00+00:00,83.2291,soccer.asian_handicap,period=ft,home,handicap=-0.75,1.82
2026-10-10T00:06:46.251708+02:00,36628412,USL Championship,USA,Lexington SC,FC Tulsa,2026-10-09T23:30:00+00:00,83.2291,soccer.asian_handicap,period=ft,away,handicap=-0.75,1.99
2026-10-10T00:06:46.251708+02:00,36628412,USL Championship,USA,Lexington SC,FC Tulsa,2026-10-09T23:30:00+00:00,83.2291,soccer.asian_handicap,period=ft,home,handicap=-1.75,3.55
2026-10-10T00:06:46.251708+02:00,36628412,USL Championship,USA,Lexington SC,FC Tulsa,2026-10-09T23:30:00+00:00,83.2291,soccer.asian_handicap,period=ft,away,handicap=-1.75,1.27
2026-10-10T00:06:46.251708+02:00,36628412,USL Championship,USA,Lexington SC,FC Tulsa,2026-10-09T23:30:00+00:00,83.2291,soccer.asian_handicap,period=ft,home,handicap=-1.5,2.85
2026-10-10T00:06:46.251708+02:00,36628412,USL Championship,USA,Lexington SC,FC Tulsa,2026-10-09T23:30:00+00:00,83.2291,soccer.asian_handicap,period=ft,away,handicap=-1.5,1.39
2026-10-10T00:06:46.251708+02:00,36628412,USL Championship,USA,Lexington SC,FC Tulsa,2026-10-09T23:30:00+00:00,83.2291,soccer.asian_handicap,period=ft,home,handicap=-1.25,2.5
2026-10-10T00:06:46.251708+02:00,36628412,USL Championship,USA,Lexington SC,FC Tulsa,2026-10-09T23:30:00+00:00,83.2291,soccer.asian_handicap,period=ft,away,handicap=-1.25,1.51
2026-10-10T00:06:46.251708+02:00,36628412,USL Championship,USA,Lexington SC,FC Tulsa,2026-10-09T23:30:00+00:00,83.2291,soccer.asian_handicap,period=ft,home,handicap=-1,2.16
2026-10-10T00:06:46.251708+02:00,36628412,USL Championship,USA,Lexington SC,FC Tulsa,2026-10-09T23:30:00+00:00,83.2291,soccer.asian_handicap,period=ft,away,handicap=-1,1.68
2026-10-10T00:06:46.251708+02:00,36628412,USL Championship,USA,Lexington SC,FC Tulsa,2026-10-09T23:30:00+00:00,83.2291,soccer.asian_handicap,period=ft,home,handicap=-0.5,1.62
2026-10-10T00:06:46.251708+02:00,36628412,USL Championship,USA,Lexington SC,FC Tulsa,2026-10-09T23:30:00+00:00,83.2291,soccer.asian_handicap,period=ft,away,handicap=-0.5,2.25
2026-10-10T00:06:46.251708+02:00,36628412,USL Championship,USA,Lexington SC,FC Tulsa,2026-10-09T23:30:00+00:00,83.2291,soccer.asian_handicap,period=ft,home,handicap=-0.25,1.43
2026-10-10T00:06:46.251708+02:00,36628412,USL Championship,USA,Lexington SC,FC Tulsa,2026-10-09T23:30:00+00:00,83.2291,soccer.asian_handicap,period=ft,away,handicap=-0.25,2.8
2026-10-10T00:06:46.251708+02:00,36628412,USL Championship,USA,Lexington SC,FC Tulsa,2026-10-09T23:30:00+00:00,83.2291,soccer.asian_handicap,period=ft,home,handicap=0,1.23
2026-10-10T00:06:46.251708+02:00,36628412,USL Championship,USA,Lexington SC,FC Tulsa,2026-10-09T23:30:00+00:00,83.2291,soccer.asian_handicap,period=ft,away,handicap=0,4.0
2026-10-10T00:06:46.251708+02:00,36628412,USL Championship,USA,Lexington SC,FC Tulsa,2026-10-09T23:30:00+00:00,83.2291,soccer.asian_handicap,period=ft,home,handicap=0.25,1.19
2026-10-10T00:06:46.251708+02:00,36628412,USL Championship,USA,Lexington SC,FC Tulsa,2026-10-09T23:30:00+00:00,83.2291,soccer.asian_handicap,period=ft,away,handicap=0.25,4.55
2026-10-10T00:06:46.251708+02:00,36628412,USL Championship,USA,Lexington SC,FC Tulsa,2026-10-09T23:30:00+00:00,83.2291,soccer.double_chance,period=ft,draw_away,,2.25
2026-10-10T00:06:46.251708+02:00,36628412,USL Championship,USA,Lexington SC,FC Tulsa,2026-10-09T23:30:00+00:00,83.2291,soccer.double_chance,period=ft,home_away,,1.25
2026-10-10T00:06:46.251708+02:00,36628412,USL Championship,USA,Lexington SC,FC Tulsa,2026-10-09T23:30:00+00:00,83.2291,soccer.double_chance,period=ft,home_draw,,1.15
2026-10-10T00:06:46.251708+02:00,36628412,USL Championship,USA,Lexington SC,FC Tulsa,2026-10-09T23:30:00+00:00,83.2291,soccer.match_odds,period=ft,home,,1.62
2026-10-10T00:06:46.251708+02:00,36628412,USL Championship,USA,Lexington SC,FC Tulsa,2026-10-09T23:30:00+00:00,83.2291,soccer.match_odds,period=ft,draw,,3.85
2026-10-10T00:06:46.251708+02:00,36628412,USL Championship,USA,Lexington SC,FC Tulsa,2026-10-09T23:30:00+00:00,83.2291,soccer.match_odds,period=ft,away,,5.2
2026-10-10T00:06:46.251708+02:00,36628412,USL Championship,USA,Lexington SC,FC Tulsa,2026-10-09T23:30:00+00:00,83.2291,soccer.total_goals,period=ft,over,total=2.5,1.81
2026-10-10T00:06:46.251708+02:00,36628412,USL Championship,USA,Lexington SC,FC Tulsa,2026-10-09T23:30:00+00:00,83.2291,soccer.total_goals,period=ft,under,total=2.5,1.99
2026-10-10T00:06:46.251708+02:00,36628412,USL Championship,USA,Lexington SC,FC Tulsa,2026-10-09T23:30:00+00:00,83.2291,soccer.total_goals,period=ft,over,total=1.5,1.25
2026-10-10T00:06:46.251708+02:00,36628412,USL Championship,USA,Lexington SC,FC Tulsa,2026-10-09T23:30:00+00:00,83.2291,soccer.total_goals,period=ft,under,total=1.5,3.75
2026-10-10T00:06:46.251708+02:00,36628412,USL Championship,USA,Lexington SC,FC Tulsa,2026-10-09T23:30:00+00:00,83.2291,soccer.total_goals,period=ft,over,total=2,1.38
2026-10-10T00:06:46.251708+02:00,36628412,USL Championship,USA,Lexington SC,FC Tulsa,2026-10-09T23:30:00+00:00,83.2291,soccer.total_goals,period=ft,under,total=2,2.95
2026-10-10T00:06:46.251708+02:00,36628412,USL Championship,USA,Lexington SC,FC Tulsa,2026-10-09T23:30:00+00:00,83.2291,soccer.total_goals,period=ft,over,total=2.25,1.59
2026-10-10T00:06:46.251708+02:00,36628412,USL Championship,USA,Lexington SC,FC Tulsa,2026-10-09T23:30:00+00:00,83.2291,soccer.total_goals,period=ft,under,total=2.25,2.3
2026-10-10T00:06:46.251708+02:00,36628412,USL Championship,USA,Lexington SC,FC Tulsa,2026-10-09T23:30:00+00:00,83.2291,soccer.total_goals,period=ft,over,total=2.75,2.02
2026-10-10T00:06:46.251708+02:00,36628412,USL Championship,USA,Lexington SC,FC Tulsa,2026-10-09T23:30:00+00:00,83.2291,soccer.total_goals,period=ft,under,total=2.75,1.76
2026-10-10T00:06:46.251708+02:00,36628412,USL Championship,USA,Lexington SC,FC Tulsa,2026-10-09T23:30:00+00:00,83.2291,soccer.total_goals,period=ft,over,total=3,2.4
2026-10-10T00:06:46.251708+02:00,36628412,USL Championship,USA,Lexington SC,FC Tulsa,2026-10-09T23:30:00+00:00,83.2291,soccer.total_goals,period=ft,under,total=3,1.55
2026-10-10T00:06:46.251708+02:00,36628412,USL Championship,USA,Lexington SC,FC Tulsa,2026-10-09T23:30:00+00:00,83.2291,soccer.total_goals,period=ft,over,total=3.5,3.0
2026-10-10T00:06:46.251708+02:00,36628412,USL Championship,USA,Lexington SC,FC Tulsa,2026-10-09T23:30:00+00:00,83.2291,soccer.total_goals,period=ft,under,total=3.5,1.36
2026-10-10T00:06:46.251708+02:00,36628412,USL Championship,USA,Lexington SC,FC Tulsa,2026-10-09T23:30:00+00:00,83.2291,soccer.total_goals,period=ft,over,total=4.5,5.7
2026-10-10T00:06:46.251708+02:00,36628412,USL Championship,USA,Lexington SC,FC Tulsa,2026-10-09T23:30:00+00:00,83.2291,soccer.total_goals,period=ft,under,total=4.5,1.12
2026-10-10T00:06:46.251708+02:00,36625214,"Primera A, Clausura",Colombia,Alianza FC Valledupar,Aguilas Doradas Rionegro,2026-10-09T23:00:00+00:00,53.2291,soccer.asian_handicap,period=ft,home,handicap=0,1.76
2026-10-10T00:06:46.251708+02:00,36625214,"Primera A, Clausura",Colombia,Alianza FC Valledupar,Aguilas Doradas Rionegro,2026-10-09T23:00:00+00:00,53.2291,soccer.asian_handicap,period=ft,away,handicap=0,2.08
2026-10-10T00:06:46.251708+02:00,36625214,"Primera A, Clausura",Colombia,Alianza FC Valledupar,Aguilas Doradas Rionegro,2026-10-09T23:00:00+00:00,53.2291,soccer.asian_handicap,period=ft,home,handicap=-1,4.35
2026-10-10T00:06:46.251708+02:00,36625214,"Primera A, Clausura",Colombia,Alianza FC Valledupar,Aguilas Doradas Rionegro,2026-10-09T23:00:00+00:00,53.2291,soccer.asian_handicap,period=ft,away,handicap=-1,1.21
2026-10-10T00:06:46.251708+02:00,36625214,"Primera A, Clausura",Colombia,Alianza FC Valledupar,Aguilas Doradas Rionegro,2026-10-09T23:00:00+00:00,53.2291,soccer.asian_handicap,period=ft,home,handicap=-0.75,3.05
2026-10-10T00:06:46.251708+02:00,36625214,"Primera A, Clausura",Colombia,Alianza FC Valledupar,Aguilas Doradas Rionegro,2026-10-09T23:00:00+00:00,53.2291,soccer.asian_handicap,period=ft,away,handicap=-0.75,1.37
2026-10-10T00:06:46.251708+02:00,36625214,"Primera A, Clausura",Colombia,Alianza FC Valledupar,Aguilas Doradas Rionegro,2026-10-09T23:00:00+00:00,53.2291,soccer.asian_handicap,period=ft,home,handicap=-0.5,2.45
2026-10-10T00:06:46.251708+02:00,36625214,"Primera A, Clausura",Colombia,Alianza FC Valledupar,Aguilas Doradas Rionegro,2026-10-09T23:00:00+00:00,53.2291,soccer.asian_handicap,period=ft,away,handicap=-0.5,1.54
2026-10-10T00:06:46.251708+02:00,36625214,"Primera A, Clausura",Colombia,Alianza FC Valledupar,Aguilas Doradas Rionegro,2026-10-09T23:00:00+00:00,53.2291,soccer.asian_handicap,period=ft,home,handicap=-0.25,2.11
2026-10-10T00:06:46.251708+02:00,36625214,"Primera A, Clausura",Colombia,Alianza FC Valledupar,Aguilas Doradas Rionegro,2026-10-09T23:00:00+00:00,53.2291,soccer.asian_handicap,period=ft,away,handicap=-0.25,1.72
2026-10-10T00:06:46.251708+02:00,36625214,"Primera A, Clausura",Colombia,Alianza FC Valledupar,Aguilas Doradas Rionegro,2026-10-09T23:00:00+00:00,53.2291,soccer.asian_handicap,period=ft,home,handicap=0.25,1.53
2026-10-10T00:06:46.251708+02:00,36625214,"Primera A, Clausura",Colombia,Alianza FC Valledupar,Aguilas Doradas Rionegro,2026-10-09T23:00:00+00:00,53.2291,soccer.asian_handicap,period=ft,away,handicap=0.25,2.5
2026-10-10T00:06:46.251708+02:00,36625214,"Primera A, Clausura",Colombia,Alianza FC Valledupar,Aguilas Doradas Rionegro,2026-10-09T23:00:00+00:00,53.2291,soccer.asian_handicap,period=ft,home,handicap=0.5,1.41
2026-10-10T00:06:46.251708+02:00,36625214,"Primera A, Clausura",Colombia,Alianza FC Valledupar,Aguilas Doradas Rionegro,2026-10-09T23:00:00+00:00,53.2291,soccer.asian_handicap,period=ft,away,handicap=0.5,2.9
2026-10-10T00:06:46.251708+02:00,36625214,"Primera A, Clausura",Colombia,Alianza FC Valledupar,Aguilas Doradas Rionegro,2026-10-09T23:00:00+00:00,53.2291,soccer.asian_handicap,period=ft,home,handicap=0.75,1.28
2026-10-10T00:06:46.251708+02:00,36625214,"Primera A, Clausura",Colombia,Alianza FC Valledupar,Aguilas Doradas Rionegro,2026-10-09T23:00:00+00:00,53.2291,soccer.asian_handicap,period=ft,away,handicap=0.75,3.6
2026-10-10T00:06:46.251708+02:00,36625214,"Primera A, Clausura",Colombia,Alianza FC Valledupar,Aguilas Doradas Rionegro,2026-10-09T23:00:00+00:00,53.2291,soccer.asian_handicap,period=ft,home,handicap=1,1.15
2026-10-10T00:06:46.251708+02:00,36625214,"Primera A, Clausura",Colombia,Alianza FC Valledupar,Aguilas Doradas Rionegro,2026-10-09T23:00:00+00:00,53.2291,soccer.asian_handicap,period=ft,away,handicap=1,5.25
2026-10-10T00:06:46.251708+02:00,36625214,"Primera A, Clausura",Colombia,Alianza FC Valledupar,Aguilas Doradas Rionegro,2026-10-09T23:00:00+00:00,53.2291,soccer.double_chance,period=ft,draw_away,,1.55
2026-10-10T00:06:46.251708+02:00,36625214,"Primera A, Clausura",Colombia,Alianza FC Valledupar,Aguilas Doradas Rionegro,2026-10-09T23:00:00+00:00,53.2291,soccer.double_chance,period=ft,home_away,,1.36
2026-10-10T00:06:46.251708+02:00,36625214,"Primera A, Clausura",Colombia,Alianza FC Valledupar,Aguilas Doradas Rionegro,2026-10-09T23:00:00+00:00,53.2291,soccer.double_chance,period=ft,home_draw,,1.39
2026-10-10T00:06:46.251708+02:00,36625214,"Primera A, Clausura",Colombia,Alianza FC Valledupar,Aguilas Doradas Rionegro,2026-10-09T23:00:00+00:00,53.2291,soccer.match_odds,period=ft,home,,2.45
2026-10-10T00:06:46.251708+02:00,36625214,"Primera A, Clausura",Colombia,Alianza FC Valledupar,Aguilas Doradas Rionegro,2026-10-09T23:00:00+00:00,53.2291,soccer.match_odds,period=ft,draw,,3.2
2026-10-10T00:06:46.251708+02:00,36625214,"Primera A, Clausura",Colombia,Alianza FC Valledupar,Aguilas Doradas Rionegro,2026-10-09T23:00:00+00:00,53.2291,soccer.match_odds,period=ft,away,,2.9
2026-10-10T00:06:46.251708+02:00,36625214,"Primera A, Clausura",Colombia,Alianza FC Valledupar,Aguilas Doradas Rionegro,2026-10-09T23:00:00+00:00,53.2291,soccer.total_goals,period=ft,over,total=2.25,1.91
2026-10-10T00:06:46.251708+02:00,36625214,"Primera A, Clausura",Colombia,Alianza FC Valledupar,Aguilas Doradas Rionegro,2026-10-09T23:00:00+00:00,53.2291,soccer.total_goals,period=ft,under,total=2.25,1.89
2026-10-10T00:06:46.251708+02:00,36625214,"Primera A, Clausura",Colombia,Alianza FC Valledupar,Aguilas Doradas Rionegro,2026-10-09T23:00:00+00:00,53.2291,soccer.total_goals,period=ft,over,total=1.5,1.36
2026-10-10T00:06:46.251708+02:00,36625214,"Primera A, Clausura",Colombia,Alianza FC Valledupar,Aguilas Doradas Rionegro,2026-10-09T23:00:00+00:00,53.2291,soccer.total_goals,period=ft,under,total=1.5,3.0
2026-10-10T00:06:46.251708+02:00,36625214,"Primera A, Clausura",Colombia,Alianza FC Valledupar,Aguilas Doradas Rionegro,2026-10-09T23:00:00+00:00,53.2291,soccer.total_goals,period=ft,over,total=1.75,1.46
2026-10-10T00:06:46.251708+02:00,36625214,"Primera A, Clausura",Colombia,Alianza FC Valledupar,Aguilas Doradas Rionegro,2026-10-09T23:00:00+00:00,53.2291,soccer.total_goals,period=ft,under,total=1.75,2.65
2026-10-10T00:06:46.251708+02:00,36625214,"Primera A, Clausura",Colombia,Alianza FC Valledupar,Aguilas Doradas Rionegro,2026-10-09T23:00:00+00:00,53.2291,soccer.total_goals,period=ft,over,total=2,1.62
2026-10-10T00:06:46.251708+02:00,36625214,"Primera A, Clausura",Colombia,Alianza FC Valledupar,Aguilas Doradas Rionegro,2026-10-09T23:00:00+00:00,53.2291,soccer.total_goals,period=ft,under,total=2,2.25
2026-10-10T00:06:46.251708+02:00,36625214,"Primera A, Clausura",Colombia,Alianza FC Valledupar,Aguilas Doradas Rionegro,2026-10-09T23:00:00+00:00,53.2291,soccer.total_goals,period=ft,over,total=2.5,2.18
2026-10-10T00:06:46.251708+02:00,36625214,"Primera A, Clausura",Colombia,Alianza FC Valledupar,Aguilas Doradas Rionegro,2026-10-09T23:00:00+00:00,53.2291,soccer.total_goals,period=ft,under,total=2.5,1.67
2026-10-10T00:06:46.251708+02:00,36625214,"Primera A, Clausura",Colombia,Alianza FC Valledupar,Aguilas Doradas Rionegro,2026-10-09T23:00:00+00:00,53.2291,soccer.total_goals,period=ft,over,total=2.75,2.55
2026-10-10T00:06:46.251708+02:00,36625214,"Primera A, Clausura",Colombia,Alianza FC Valledupar,Aguilas Doradas Rionegro,2026-10-09T23:00:00+00:00,53.2291,soccer.total_goals,period=ft,under,total=2.75,1.5
2026-10-10T00:06:46.251708+02:00,36625214,"Primera A, Clausura",Colombia,Alianza FC Valledupar,Aguilas Doradas Rionegro,2026-10-09T23:00:00+00:00,53.2291,soccer.total_goals,period=ft,over,total=3.5,3.95
2026-10-10T00:06:46.251708+02:00,36625214,"Primera A, Clausura",Colombia,Alianza FC Valledupar,Aguilas Doradas Rionegro,2026-10-09T23:00:00+00:00,53.2291,soccer.total_goals,period=ft,under,total=3.5,1.23
2026-10-10T00:06:46.251708+02:00,36628984,"Liga de Expansion MX, Apertura",Mexico,CD Tapatio,Club Atletico La Paz,2026-10-09T23:00:00+00:00,53.2291,soccer.asian_handicap,period=ft,home,handicap=0.25,1.81
2026-10-10T00:06:46.251708+02:00,36628984,"Liga de Expansion MX, Apertura",Mexico,CD Tapatio,Club Atletico La Paz,2026-10-09T23:00:00+00:00,53.2291,soccer.asian_handicap,period=ft,away,handicap=0.25,2.01
2026-10-10T00:06:46.251708+02:00,36628984,"Liga de Expansion MX, Apertura",Mexico,CD Tapatio,Club Atletico La Paz,2026-10-09T23:00:00+00:00,53.2291,soccer.asian_handicap,period=ft,home,handicap=-0.75,3.4
2026-10-10T00:06:46.251708+02:00,36628984,"Liga de Expansion MX, Apertura",Mexico,CD Tapatio,Club Atletico La Paz,2026-10-09T23:00:00+00:00,53.2291,soccer.asian_handicap,period=ft,away,handicap=-0.75,1.3
2026-10-10T00:06:46.251708+02:00,36628984,"Liga de Expansion MX, Apertura",Mexico,CD Tapatio,Club Atletico La Paz,2026-10-09T23:00:00+00:00,53.2291,soccer.asian_handicap,period=ft,home,handicap=-0.5,2.8
2026-10-10T00:06:46.251708+02:00,36628984,"Liga de Expansion MX, Apertura",Mexico,CD Tapatio,Club Atletico La Paz,2026-10-09T23:00:00+00:00,53.2291,soccer.asian_handicap,period=ft,away,handicap=-0.5,1.41
2026-10-10T00:06:46.251708+02:00,36628984,"Liga de Expansion MX, Apertura",Mexico,CD Tapatio,Club Atletico La Paz,2026-10-09T23:00:00+00:00,53.2291,soccer.asian_handicap,period=ft,home,handicap=-0.25,2.45
2026-10-10T00:06:46.251708+02:00,36628984,"Liga de Expansion MX, Apertura",Mexico,CD Tapatio,Club Atletico La Paz,2026-10-09T23:00:00+00:00,53.2291,soccer.asian_handicap,period=ft,away,handicap=-0.25,1.52
2026-10-10T00:06:46.251708+02:00,36628984,"Liga de Expansion MX, Apertura",Mexico,CD Tapatio,Club Atletico La Paz,2026-10-09T23:00:00+00:00,53.2291,soccer.asian_handicap,period=ft,home,handicap=0,2.13
2026-10-10T00:06:46.251708+02:00,36628984,"Liga de Expansion MX, Apertura",Mexico,CD Tapatio,Club Atletico La Paz,2026-10-09T23:00:00+00:00,53.2291,soccer.asian_handicap,period=ft,away,handicap=0,1.7
2026-10-10T00:06:46.251708+02:00,36628984,"Liga de Expansion MX, Apertura",Mexico,CD Tapatio,Club Atletico La Paz,2026-10-09T23:00:00+00:00,53.2291,soccer.asian_handicap,period=ft,home,handicap=0.5,1.62
2026-10-10T00:06:46.251708+02:00,36628984,"Liga de Expansion MX, Apertura",Mexico,CD Tapatio,Club Atletico La Paz,2026-10-09T23:00:00+00:00,53.2291,soccer.asian_handicap,period=ft,away,handicap=0.5,2.25
2026-10-10T00:06:46.251708+02:00,36628984,"Liga de Expansion MX, Apertura",Mexico,CD Tapatio,Club Atletico La Paz,2026-10-09T23:00:00+00:00,53.2291,soccer.asian_handicap,period=ft,home,handicap=0.75,1.45
2026-10-10T00:06:46.251708+02:00,36628984,"Liga de Expansion MX, Apertura",Mexico,CD Tapatio,Club Atletico La Paz,2026-10-09T23:00:00+00:00,53.2291,soccer.asian_handicap,period=ft,away,handicap=0.75,2.7
2026-10-10T00:06:46.251708+02:00,36628984,"Liga de Expansion MX, Apertura",Mexico,CD Tapatio,Club Atletico La Paz,2026-10-09T23:00:00+00:00,53.2291,soccer.asian_handicap,period=ft,home,handicap=1,1.29
2026-10-10T00:06:46.251708+02:00,36628984,"Liga de Expansion MX, Apertura",Mexico,CD Tapatio,Club Atletico La Paz,2026-10-09T23:00:00+00:00,53.2291,soccer.asian_handicap,period=ft,away,handicap=1,3.45
2026-10-10T00:06:46.251708+02:00,36628984,"Liga de Expansion MX, Apertura",Mexico,CD Tapatio,Club Atletico La Paz,2026-10-09T23:00:00+00:00,53.2291,soccer.asian_handicap,period=ft,home,handicap=1.25,1.24
2026-10-10T00:06:46.251708+02:00,36628984,"Liga de Expansion MX, Apertura",Mexico,CD Tapatio,Club Atletico La Paz,2026-10-09T23:00:00+00:00,53.2291,soccer.asian_handicap,period=ft,away,handicap=1.25,3.85
2026-10-10T00:06:46.251708+02:00,36628984,"Liga de Expansion MX, Apertura",Mexico,CD Tapatio,Club Atletico La Paz,2026-10-09T23:00:00+00:00,53.2291,soccer.double_chance,period=ft,draw_away,,1.43
2026-10-10T00:06:46.251708+02:00,36628984,"Liga de Expansion MX, Apertura",Mexico,CD Tapatio,Club Atletico La Paz,2026-10-09T23:00:00+00:00,53.2291,soccer.double_chance,period=ft,home_away,,1.29
2026-10-10T00:06:46.251708+02:00,36628984,"Liga de Expansion MX, Apertura",Mexico,CD Tapatio,Club Atletico La Paz,2026-10-09T23:00:00+00:00,53.2291,soccer.double_chance,period=ft,home_draw,,1.61
2026-10-10T00:06:46.251708+02:00,36628984,"Liga de Expansion MX, Apertura",Mexico,CD Tapatio,Club Atletico La Paz,2026-10-09T23:00:00+00:00,53.2291,soccer.match_odds,period=ft,home,,2.85
2026-10-10T00:06:46.251708+02:00,36628984,"Liga de Expansion MX, Apertura",Mexico,CD Tapatio,Club Atletico La Paz,2026-10-09T23:00:00+00:00,53.2291,soccer.match_odds,period=ft,draw,,3.65
2026-10-10T00:06:46.251708+02:00,36628984,"Liga de Expansion MX, Apertura",Mexico,CD Tapatio,Club Atletico La Paz,2026-10-09T23:00:00+00:00,53.2291,soccer.match_odds,period=ft,away,,2.25
2026-10-10T00:06:46.251708+02:00,36628984,"Liga de Expansion MX, Apertura",Mexico,CD Tapatio,Club Atletico La Paz,2026-10-09T23:00:00+00:00,53.2291,soccer.total_goals,period=ft,over,total=3.25,1.9
2026-10-10T00:06:46.251708+02:00,36628984,"Liga de Expansion MX, Apertura",Mexico,CD Tapatio,Club Atletico La Paz,2026-10-09T23:00:00+00:00,53.2291,soccer.total_goals,period=ft,under,total=3.25,1.89
2026-10-10T00:06:46.251708+02:00,36628984,"Liga de Expansion MX, Apertura",Mexico,CD Tapatio,Club Atletico La Paz,2026-10-09T23:00:00+00:00,53.2291,soccer.total_goals,period=ft,over,total=1.5,1.12
2026-10-10T00:06:46.251708+02:00,36628984,"Liga de Expansion MX, Apertura",Mexico,CD Tapatio,Club Atletico La Paz,2026-10-09T23:00:00+00:00,53.2291,soccer.total_goals,period=ft,under,total=1.5,5.75
2026-10-10T00:06:46.251708+02:00,36628984,"Liga de Expansion MX, Apertura",Mexico,CD Tapatio,Club Atletico La Paz,2026-10-09T23:00:00+00:00,53.2291,soccer.total_goals,period=ft,over,total=2.5,1.44
2026-10-10T00:06:46.251708+02:00,36628984,"Liga de Expansion MX, Apertura",Mexico,CD Tapatio,Club Atletico La Paz,2026-10-09T23:00:00+00:00,53.2291,soccer.total_goals,period=ft,under,total=2.5,2.65
2026-10-10T00:06:46.251708+02:00,36628984,"Liga de Expansion MX, Apertura",Mexico,CD Tapatio,Club Atletico La Paz,2026-10-09T23:00:00+00:00,53.2291,soccer.total_goals,period=ft,over,total=2.75,1.54
2026-10-10T00:06:46.251708+02:00,36628984,"Liga de Expansion MX, Apertura",Mexico,CD Tapatio,Club Atletico La Paz,2026-10-09T23:00:00+00:00,53.2291,soccer.total_goals,period=ft,under,total=2.75,2.4
2026-10-10T00:06:46.251708+02:00,36628984,"Liga de Expansion MX, Apertura",Mexico,CD Tapatio,Club Atletico La Paz,2026-10-09T23:00:00+00:00,53.2291,soccer.total_goals,period=ft,over,total=3,1.68
2026-10-10T00:06:46.251708+02:00,36628984,"Liga de Expansion MX, Apertura",Mexico,CD Tapatio,Club Atletico La Paz,2026-10-09T23:00:00+00:00,53.2291,soccer.total_goals,period=ft,under,total=3,2.15
2026-10-10T00:06:46.251708+02:00,36628984,"Liga de Expansion MX, Apertura",Mexico,CD Tapatio,Club Atletico La Paz,2026-10-09T23:00:00+00:00,53.2291,soccer.total_goals,period=ft,over,total=3.5,2.1
2026-10-10T00:06:46.251708+02:00,36628984,"Liga de Expansion MX, Apertura",Mexico,CD Tapatio,Club Atletico La Paz,2026-10-09T23:00:00+00:00,53.2291,soccer.total_goals,period=ft,under,total=3.5,1.71
2026-10-10T00:06:46.251708+02:00,36628984,"Liga de Expansion MX, Apertura",Mexico,CD Tapatio,Club Atletico La Paz,2026-10-09T23:00:00+00:00,53.2291,soccer.total_goals,period=ft,over,total=3.75,2.35
2026-10-10T00:06:46.251708+02:00,36628984,"Liga de Expansion MX, Apertura",Mexico,CD Tapatio,Club Atletico La Paz,2026-10-09T23:00:00+00:00,53.2291,soccer.total_goals,period=ft,under,total=3.75,1.55
2026-10-10T00:06:46.251708+02:00,36628984,"Liga de Expansion MX, Apertura",Mexico,CD Tapatio,Club Atletico La Paz,2026-10-09T23:00:00+00:00,53.2291,soccer.total_goals,period=ft,over,total=4.5,3.4
2026-10-10T00:06:46.251708+02:00,36628984,"Liga de Expansion MX, Apertura",Mexico,CD Tapatio,Club Atletico La Paz,2026-10-09T23:00:00+00:00,53.2291,soccer.total_goals,period=ft,under,total=4.5,1.29
2026-10-10T00:06:46.251708+02:00,36628984,"Liga de Expansion MX, Apertura",Mexico,CD Tapatio,Club Atletico La Paz,2026-10-09T23:00:00+00:00,53.2291,soccer.total_goals,period=ft,over,total=5.5,6.2
2026-10-10T00:06:46.251708+02:00,36628984,"Liga de Expansion MX, Apertura",Mexico,CD Tapatio,Club Atletico La Paz,2026-10-09T23:00:00+00:00,53.2291,soccer.total_goals,period=ft,under,total=5.5,1.1
